id,code,master_code,name,category
nhsa_jbzd_00_0100,"00.0100",True,"头和颈部血管治疗性超声","治疗性操作"
nhsa_jbzd_00_0101,"00.0101",True,"头部血管治疗性超声","治疗性操作"
nhsa_jbzd_00_0102,"00.0102",True,"颈部血管治疗性超声","治疗性操作"
nhsa_jbzd_00_0200,"00.0200",True,"心脏治疗性超声","治疗性操作"
nhsa_jbzd_00_0200x001,"00.0200x001",True,"心脏血管治疗性超声","治疗性操作"
nhsa_jbzd_00_0300,"00.0300",True,"周围血管治疗性超声","治疗性操作"
nhsa_jbzd_00_0900,"00.0900",True,"其他治疗性超声","治疗性操作"
nhsa_jbzd_00_0900x001,"00.0900x001",True,"治疗性超声","治疗性操作"
nhsa_jbzd_00_0901,"00.0901",True,"高强度聚焦超声治疗","治疗性操作"
nhsa_jbzd_00_1000,"00.1000",True,"化学治疗物质植入","治疗性操作"
nhsa_jbzd_00_1100,"00.1100",True,"重组人类活化C蛋白输注","治疗性操作"
nhsa_jbzd_00_1101,"00.1101",True,"重组蛋白输注","治疗性操作"
nhsa_jbzd_00_1200,"00.1200",True,"吸入一氧化氮管理","治疗性操作"
nhsa_jbzd_00_1201,"00.1201",True,"一氧化氮疗法","治疗性操作"
nhsa_jbzd_00_1300,"00.1300",True,"奈西立肽注射或输注","治疗性操作"
nhsa_jbzd_00_1301,"00.1301",True,"人类B型钠尿肽（hBNP）输注","治疗性操作"
nhsa_jbzd_00_1400,"00.1400",True,"噁唑烷酮类抗生素注射或输注","治疗性操作"
nhsa_jbzd_00_1400x001,"00.1400x001",True,"注射噁唑烷酮类抗生素","治疗性操作"
nhsa_jbzd_00_1400x002,"00.1400x002",True,"输注噁唑烷酮类抗生素","治疗性操作"
nhsa_jbzd_00_1500,"00.1500",True,"大剂量白细胞介素-2[IL-2]输注","治疗性操作"
nhsa_jbzd_00_1500x001,"00.1500x001",True,"输注白细胞介素","治疗性操作"
nhsa_jbzd_00_1500x002,"00.1500x002",True,"注射阿地白细胞介素","治疗性操作"
nhsa_jbzd_00_1600,"00.1600",True,"药物的静脉旁路移植[引导]加压疗法","治疗性操作"
nhsa_jbzd_00_1601,"00.1601",True,"经活体外血管治疗","治疗性操作"
nhsa_jbzd_00_1602,"00.1602",True,"高压移植[引导]","治疗性操作"
nhsa_jbzd_00_1700,"00.1700",True,"血管加压剂灌注","治疗性操作"
nhsa_jbzd_00_1800,"00.1800",True,"输注免疫抑制抗体疗法","治疗性操作"
nhsa_jbzd_00_1801,"00.1801",True,"单克隆抗体治疗","治疗性操作"
nhsa_jbzd_00_1802,"00.1802",True,"多克隆抗体治疗","治疗性操作"
nhsa_jbzd_00_1900,"00.1900",True,"经输注的血脑屏障破坏术[BBBD]","治疗性操作"
nhsa_jbzd_00_2100,"00.2100",True,"颅外脑血管的血管内显像","诊断性操作"
nhsa_jbzd_00_2101,"00.2101",True,"颈动脉血管内超声(IVUS)","诊断性操作"
nhsa_jbzd_00_2102,"00.2102",True,"颅外脑血管血管内超声(IVUS)","诊断性操作"
nhsa_jbzd_00_2200,"00.2200",True,"胸内血管的血管内显像","诊断性操作"
nhsa_jbzd_00_2201,"00.2201",True,"胸内血管血管内超声(IVUS)","诊断性操作"
nhsa_jbzd_00_2202,"00.2202",True,"胸主动脉血管内超声(IVUS)","诊断性操作"
nhsa_jbzd_00_2300,"00.2300",True,"周围血管的血管内显像","诊断性操作"
nhsa_jbzd_00_2300x002,"00.2300x002",True,"周围血管血管内超声(IVUS)","诊断性操作"
nhsa_jbzd_00_2300x003,"00.2300x003",True,"上肢血管血管内超声(IVUS)","诊断性操作"
nhsa_jbzd_00_2300x004,"00.2300x004",True,"下肢血管血管内超声(IVUS)","诊断性操作"
nhsa_jbzd_00_2400,"00.2400",True,"冠状血管的血管内显像","诊断性操作"
nhsa_jbzd_00_2400x001,"00.2400x001",True,"冠状动脉血管内超声(IVUS)","诊断性操作"
nhsa_jbzd_00_2500,"00.2500",True,"肾血管的血管内显像","诊断性操作"
nhsa_jbzd_00_2500x002,"00.2500x002",True,"肾血管血管内超声(IVUS)","诊断性操作"
nhsa_jbzd_00_2800,"00.2800",True,"血管内显像，其他特指的血管","诊断性操作"
nhsa_jbzd_00_2900,"00.2900",True,"血管内显像","诊断性操作"
nhsa_jbzd_00_2900x001,"00.2900x001",True,"血管内超声","诊断性操作"
nhsa_jbzd_00_3100,"00.3100",False,"CT/CTA的计算机辅助外科手术","治疗性操作"
nhsa_jbzd_00_3101,"00.3101",False,"CT导航计算机辅助外科手术","治疗性操作"
nhsa_jbzd_00_3200,"00.3200",False,"MR/MRA的计算机辅助外科手术","治疗性操作"
nhsa_jbzd_00_3200x001,"00.3200x001",False,"MRA神经导航辅助外科","治疗性操作"
nhsa_jbzd_00_3201,"00.3201",False,"MR神经导航计算机辅助外科手术","治疗性操作"
nhsa_jbzd_00_3300,"00.3300",False,"荧光透视的计算机辅助外科手术","治疗性操作"
nhsa_jbzd_00_3400,"00.3400",False,"非显像导航计算机辅助外科手术","治疗性操作"
nhsa_jbzd_00_3400x002,"00.3400x002",False,"磁导航计算机辅助外科","治疗性操作"
nhsa_jbzd_00_3500,"00.3500",False,"多数据的计算机辅助外科手术","治疗性操作"
nhsa_jbzd_00_3500x001,"00.3500x001",False,"显像导航计算机辅助外科","治疗性操作"
nhsa_jbzd_00_3900,"00.3900",False,"其他计算机辅助外科手术","治疗性操作"
nhsa_jbzd_00_3900x001,"00.3900x001",False,"计算机辅助外科","治疗性操作"
nhsa_jbzd_00_4000,"00.4000",False,"单根血管操作","治疗性操作"
nhsa_jbzd_00_4100,"00.4100",False,"两根血管操作","治疗性操作"
nhsa_jbzd_00_4200,"00.4200",False,"三根血管操作","治疗性操作"
nhsa_jbzd_00_4300,"00.4300",False,"四根或更多根血管操作","治疗性操作"
nhsa_jbzd_00_4301,"00.4301",False,"四根血管操作","治疗性操作"
nhsa_jbzd_00_4302,"00.4302",False,"四根以上血管操作","治疗性操作"
nhsa_jbzd_00_4400,"00.4400",False,"分支血管操作","治疗性操作"
nhsa_jbzd_00_4400x001,"00.4400x001",False,"血管分叉部位的操作","治疗性操作"
nhsa_jbzd_00_4500,"00.4500",False,"置入一根血管的支架","治疗性操作"
nhsa_jbzd_00_4600,"00.4600",False,"置入两根血管的支架","治疗性操作"
nhsa_jbzd_00_4700,"00.4700",False,"置入三根血管的支架","治疗性操作"
nhsa_jbzd_00_4800,"00.4800",False,"置入四根或更多根血管的支架","治疗性操作"
nhsa_jbzd_00_4801,"00.4801",False,"四根血管支架置入","治疗性操作"
nhsa_jbzd_00_4802,"00.4802",False,"四根以上血管支架置入","治疗性操作"
nhsa_jbzd_00_4900,"00.4900",True,"过饱和氧化治疗","治疗性操作"
nhsa_jbzd_00_5000,"00.5000",True,"心脏再同步起搏器置入未提及去除心脏纤颤，全系统[CRT-P]","治疗性操作"
nhsa_jbzd_00_5000x001,"00.5000x001",True,"双心室起搏器置入术","治疗性操作"
nhsa_jbzd_00_5001,"00.5001",True,"心脏再同步起搏器置入术","治疗性操作"
nhsa_jbzd_00_5002,"00.5002",True,"心脏再同步起搏器置换术","治疗性操作"
nhsa_jbzd_00_5100,"00.5100",True,"心脏再同步除颤器置入，全系统[CRT-D]","治疗性操作"
nhsa_jbzd_00_5100x001,"00.5100x001",True,"双心室起搏伴心内除颤器置入术","治疗性操作"
nhsa_jbzd_00_5101,"00.5101",True,"心脏再同步除颤器置入术","治疗性操作"
nhsa_jbzd_00_5102,"00.5102",True,"心脏再同步除颤器置换术","治疗性操作"
nhsa_jbzd_00_5200,"00.5200",True,"置入或置换经静脉入左心室冠状静脉系统的导线[电极]","治疗性操作"
nhsa_jbzd_00_5201,"00.5201",True,"左心室冠状静脉导线[电极]置入术","治疗性操作"
nhsa_jbzd_00_5202,"00.5202",True,"左心室冠状静脉导线[电极]置换术","治疗性操作"
nhsa_jbzd_00_5300,"00.5300",True,"仅置入或置换心脏再同步起搏器脉冲发生器[CRT-P]","治疗性操作"
nhsa_jbzd_00_5301,"00.5301",True,"心脏再同步起搏器脉冲发生器置入术","治疗性操作"
nhsa_jbzd_00_5302,"00.5302",True,"心脏再同步起搏器脉冲发生器置换术","治疗性操作"
nhsa_jbzd_00_5400,"00.5400",True,"仅置入或置换心脏再同步除颤器脉冲发生器装置[CRT-D]","治疗性操作"
nhsa_jbzd_00_5401,"00.5401",True,"心脏再同步除颤器脉冲发生器置入术","治疗性操作"
nhsa_jbzd_00_5402,"00.5402",True,"心脏再同步除颤器脉冲发生器置换术","治疗性操作"
nhsa_jbzd_00_5500,"00.5500",True,"其他周围血管药物洗脱支架置入","介入治疗"
nhsa_jbzd_00_5500x008,"00.5500x008",True,"经皮降主动脉药物洗脱支架置入术","介入治疗"
nhsa_jbzd_00_5500x009,"00.5500x009",True,"经皮周围动脉药物洗脱支架置入术","介入治疗"
nhsa_jbzd_00_5500x010,"00.5500x010",True,"经皮周围静脉药物洗脱支架置入术","介入治疗"
nhsa_jbzd_00_5500x011,"00.5500x011",True,"经皮尺动脉药物洗脱支架置入术","介入治疗"
nhsa_jbzd_00_5500x012,"00.5500x012",True,"经皮腓动脉药物洗脱支架置入术","介入治疗"
nhsa_jbzd_00_5500x013,"00.5500x013",True,"经皮肱动脉药物洗脱支架置入术","介入治疗"
nhsa_jbzd_00_5500x014,"00.5500x014",True,"经皮桡动脉药物洗脱支架置入术","介入治疗"
nhsa_jbzd_00_5500x015,"00.5500x015",True,"经皮上肢静脉药物洗脱支架置入术","介入治疗"
nhsa_jbzd_00_5500x016,"00.5500x016",True,"经皮头臂静脉药物洗脱支架置入术","介入治疗"
nhsa_jbzd_00_5500x017,"00.5500x017",True,"经皮外周动脉可降解支架置入术","介入治疗"
nhsa_jbzd_00_5501,"00.5501",True,"锁骨下动脉药物洗脱支架置入术","介入治疗"
nhsa_jbzd_00_5502,"00.5502",True,"股总动脉药物洗脱支架置入术","介入治疗"
nhsa_jbzd_00_5600,"00.5600",True,"置入或置换植入型压力传感器与导线，用于心内或大血管血液动力学监测","治疗性操作"
nhsa_jbzd_00_5601,"00.5601",True,"植入型压力传感器与导线的置入，用于心内或大血管血液动力学监测","治疗性操作"
nhsa_jbzd_00_5602,"00.5602",True,"植入型压力传感器与导线的置换，用于心内或大血管血液动力学监测","治疗性操作"
nhsa_jbzd_00_5700,"00.5700",True,"心内或大血管的血流动力学监测皮下装置置入或置换","治疗性操作"
nhsa_jbzd_00_5800,"00.5800",True,"置入动脉瘤囊内压力监测装置（手术中）","治疗性操作"
nhsa_jbzd_00_5900,"00.5900",True,"冠状动脉血管内压力测量","诊断性操作"
nhsa_jbzd_00_5900x003,"00.5900x003",True,"冠脉微循环阻力指数检查[IMR检查]","诊断性操作"
nhsa_jbzd_00_5901,"00.5901",True,"冠脉瞬时无波形比值检查[iFR检查]","诊断性操作"
nhsa_jbzd_00_5902,"00.5902",True,"冠状动脉血流储备分数检查","诊断性操作"
nhsa_jbzd_00_6000,"00.6000",True,"表浅股动脉药物洗脱支架置入","介入治疗"
nhsa_jbzd_00_6000x001,"00.6000x001",True,"经皮股动脉药物洗脱支架置入术","介入治疗"
nhsa_jbzd_00_6100,"00.6100",True,"颅外血管经皮血管成形术","介入治疗"
nhsa_jbzd_00_6100x008,"00.6100x008",True,"经皮颈总动脉球囊扩张成形术","介入治疗"
nhsa_jbzd_00_6100x012,"00.6100x012",True,"经皮颈静脉球囊扩张成形术","介入治疗"
nhsa_jbzd_00_6101,"00.6101",True,"经皮颈动脉球囊扩张成形术","介入治疗"
nhsa_jbzd_00_6102,"00.6102",True,"经皮椎动脉球囊扩张成形术","介入治疗"
nhsa_jbzd_00_6200,"00.6200",True,"颅内血管经皮血管成形术","介入治疗"
nhsa_jbzd_00_6200x005,"00.6200x005",True,"经皮大脑中动脉球囊扩张成形术","介入治疗"
nhsa_jbzd_00_6200x006,"00.6200x006",True,"经皮大脑前动脉球囊扩张成形术","介入治疗"
nhsa_jbzd_00_6200x007,"00.6200x007",True,"经皮大脑后动脉球囊扩张成形术","介入治疗"
nhsa_jbzd_00_6200x008,"00.6200x008",True,"经皮椎动脉颅内段球囊扩张成形术","介入治疗"
nhsa_jbzd_00_6200x009,"00.6200x009",True,"经皮颈内动脉颅内段球囊扩张成形术","介入治疗"
nhsa_jbzd_00_6201,"00.6201",True,"经皮基底动脉球囊扩张成形术","介入治疗"
nhsa_jbzd_00_6202,"00.6202",True,"经皮交通动脉血管球囊扩张成形术","介入治疗"
nhsa_jbzd_00_6300,"00.6300",True,"颈动脉支架经皮置入术","介入治疗"
nhsa_jbzd_00_6300x005,"00.6300x005",True,"经皮颈动脉远端保护装置置入术","介入治疗"
nhsa_jbzd_00_6300x006,"00.6300x006",True,"经皮颈动脉覆膜支架置入术","介入治疗"
nhsa_jbzd_00_6300x007,"00.6300x007",True,"经皮颈动脉药物洗脱支架置入术","介入治疗"
nhsa_jbzd_00_6301,"00.6301",True,"脑保护伞下颈动脉支架置入术","介入治疗"
nhsa_jbzd_00_6400,"00.6400",True,"其他颅外动脉支架经皮置入","介入治疗"
nhsa_jbzd_00_6400x007,"00.6400x007",True,"经皮基底动脉支架置入术","介入治疗"
nhsa_jbzd_00_6400x009,"00.6400x009",True,"经皮椎动脉支架置入术","介入治疗"
nhsa_jbzd_00_6400x012,"00.6400x012",True,"经皮颅外动脉远端保护装置置入术","介入治疗"
nhsa_jbzd_00_6400x013,"00.6400x013",True,"经皮椎动脉药物洗脱支架置入术","介入治疗"
nhsa_jbzd_00_6400x014,"00.6400x014",True,"经皮椎动脉覆膜支架置入术","介入治疗"
nhsa_jbzd_00_6401,"00.6401",True,"经皮椎动脉非药物洗脱支架置入术","介入治疗"
nhsa_jbzd_00_6500,"00.6500",True,"颅内血管支架经皮置入","介入治疗"
nhsa_jbzd_00_6500x008,"00.6500x008",True,"经皮颅内动脉支架置入术","介入治疗"
nhsa_jbzd_00_6500x010,"00.6500x010",True,"经皮颅内动脉远端保护装置置入术","介入治疗"
nhsa_jbzd_00_6500x011,"00.6500x011",True,"经皮颅内静脉窦支架置入术","介入治疗"
nhsa_jbzd_00_6500x012,"00.6500x012",True,"经皮大脑前动脉支架置入术","介入治疗"
nhsa_jbzd_00_6500x013,"00.6500x013",True,"经皮大脑后动脉支架置入术","介入治疗"
nhsa_jbzd_00_6500x014,"00.6500x014",True,"经皮大脑中动脉支架置入术","介入治疗"
nhsa_jbzd_00_6600,"00.6600",True,"经皮冠状动脉腔内血管成形术[PTCA]","介入治疗"
nhsa_jbzd_00_6600x004,"00.6600x004",True,"经皮冠状动脉球囊扩张成形术","介入治疗"
nhsa_jbzd_00_6600x008,"00.6600x008",True,"经皮冠状动脉药物球囊扩张成形术","介入治疗"
nhsa_jbzd_00_6700,"00.6700",True,"胸内动脉的血管内压力测量","诊断性操作"
nhsa_jbzd_00_6700x001,"00.6700x001",True,"肺动脉血流储备分数检查","诊断性操作"
nhsa_jbzd_00_6701,"00.6701",True,"主动脉血管内压测定","诊断性操作"
nhsa_jbzd_00_6800,"00.6800",True,"周围动脉的血管内压力测量","诊断性操作"
nhsa_jbzd_00_6800x001,"00.6800x001",True,"肢体动脉血管内压力测量","诊断性操作"
nhsa_jbzd_00_6900,"00.6900",True,"血管内压力测量，其他特指的和未特指的血管","诊断性操作"
nhsa_jbzd_00_6900x001,"00.6900x001",True,"血管内压力测量","诊断性操作"
nhsa_jbzd_00_6900x002,"00.6900x002",True,"髂部血管血管内压力测量","诊断性操作"
nhsa_jbzd_00_6900x003,"00.6900x003",True,"腹内血管血管内压力测量","诊断性操作"
nhsa_jbzd_00_6900x004,"00.6900x004",True,"肠系膜血管血管内压力测量","诊断性操作"
nhsa_jbzd_00_6900x005,"00.6900x005",True,"肾血管内压力测量","诊断性操作"
nhsa_jbzd_00_6901,"00.6901",True,"外周静脉内压力测量","诊断性操作"
nhsa_jbzd_00_7000,"00.7000",True,"髋关节置换修复术，双髋臼和股骨成分","手术"
nhsa_jbzd_00_7000x001,"00.7000x001",True,"全髋关节假体翻修术","手术"
nhsa_jbzd_00_7100,"00.7100",True,"髋关节置换修复术，髋臼成分","手术"
nhsa_jbzd_00_7100x001,"00.7100x001",True,"髋关节髋臼假体翻修术","手术"
nhsa_jbzd_00_7200,"00.7200",True,"髋关节置换修复术，股骨成分","手术"
nhsa_jbzd_00_7200x001,"00.7200x001",True,"髋关节股骨假体翻修术","手术"
nhsa_jbzd_00_7201,"00.7201",True,"人工股骨干和股骨头修复术","手术"
nhsa_jbzd_00_7300,"00.7300",True,"髋关节修复术伴仅髋臼衬垫置换和（或）股骨头","手术"
nhsa_jbzd_00_7300x001,"00.7300x001",True,"髋关节髋臼衬垫和股骨头翻修术","手术"
nhsa_jbzd_00_7300x002,"00.7300x002",True,"髋关节髋臼衬垫翻修术","手术"
nhsa_jbzd_00_7300x003,"00.7300x003",True,"髋关节股骨头翻修术","手术"
nhsa_jbzd_00_7301,"00.7301",True,"人工股骨头修复术","手术"
nhsa_jbzd_00_7400,"00.7400",False,"髋轴面，金属与聚乙烯","手术"
nhsa_jbzd_00_7500,"00.7500",False,"髋轴面，金属与金属","手术"
nhsa_jbzd_00_7600,"00.7600",False,"髋轴面，陶瓷与陶瓷","手术"
nhsa_jbzd_00_7601,"00.7601",False,"黑金股骨头","手术"
nhsa_jbzd_00_7700,"00.7700",False,"髋轴面，陶瓷与聚乙烯","手术"
nhsa_jbzd_00_7800,"00.7800",False,"髋轴面，陶瓷与金属","手术"
nhsa_jbzd_00_8000,"00.8000",True,"膝关节置换修复术，全部（所有成分）","手术"
nhsa_jbzd_00_8000x001,"00.8000x001",True,"全膝关节假体翻修术","手术"
nhsa_jbzd_00_8100,"00.8100",True,"膝关节置换修复术，胫骨成分","手术"
nhsa_jbzd_00_8100x001,"00.8100x001",True,"膝关节胫骨假体翻修术","手术"
nhsa_jbzd_00_8200,"00.8200",True,"膝关节置换修复术，股骨成分","手术"
nhsa_jbzd_00_8200x001,"00.8200x001",True,"膝关节股骨假体翻修术","手术"
nhsa_jbzd_00_8201,"00.8201",True,"膝关节置换修复术，股骨成分伴胫骨（衬垫）置入","手术"
nhsa_jbzd_00_8300,"00.8300",True,"膝关节置换修复术，髌骨成分","手术"
nhsa_jbzd_00_8300x001,"00.8300x001",True,"膝关节髌骨假体翻修术","手术"
nhsa_jbzd_00_8400,"00.8400",True,"全膝关节置换修复术，胫骨置入（衬垫）","手术"
nhsa_jbzd_00_8400x001,"00.8400x001",True,"膝关节胫骨衬垫翻修术","手术"
nhsa_jbzd_00_8500,"00.8500",True,"髋关节表面置换，全部，髋臼和股骨头","手术"
nhsa_jbzd_00_8500x001,"00.8500x001",True,"全髋关节表面置换术","手术"
nhsa_jbzd_00_8600,"00.8600",True,"髋关节表面置换，部分的，股骨头","手术"
nhsa_jbzd_00_8600x001,"00.8600x001",True,"股骨头表面置换术","手术"
nhsa_jbzd_00_8700,"00.8700",True,"髋关节表面置换，部分的，髋臼","手术"
nhsa_jbzd_00_8700x001,"00.8700x001",True,"髋臼表面置换术","手术"
nhsa_jbzd_00_9100,"00.9100",False,"与供者有血缘关系的活体移植","手术"
nhsa_jbzd_00_9200,"00.9200",False,"与供者无血缘关系的活体移植","手术"
nhsa_jbzd_00_9300,"00.9300",False,"从尸体上移植","手术"
nhsa_jbzd_00_9400,"00.9400",True,"手术中神经生理监测","手术"
nhsa_jbzd_01_0100,"01.0100",True,"脑池穿刺","治疗性操作"
nhsa_jbzd_01_0100x002,"01.0100x002",True,"小脑延髓池穿刺术","治疗性操作"
nhsa_jbzd_01_0200,"01.0200",True,"经以前植入导管的脑室穿刺","治疗性操作"
nhsa_jbzd_01_0200x001,"01.0200x001",True,"经脑室分流导管脑室穿刺术","治疗性操作"
nhsa_jbzd_01_0900,"01.0900",True,"其他颅的穿刺","治疗性操作"
nhsa_jbzd_01_0900x002,"01.0900x002",True,"脑室穿刺术","治疗性操作"
nhsa_jbzd_01_0900x003,"01.0900x003",True,"前囟门穿刺术","治疗性操作"
nhsa_jbzd_01_0900x004,"01.0900x004",True,"硬脑膜下腔穿刺抽吸术","治疗性操作"
nhsa_jbzd_01_0900x005,"01.0900x005",True,"小脑穿刺术","治疗性操作"
nhsa_jbzd_01_0901,"01.0901",True,"颅内穿刺引流术","治疗性操作"
nhsa_jbzd_01_1000,"01.1000",True,"颅内压监测","诊断性操作"
nhsa_jbzd_01_1000x001,"01.1000x001",True,"颅压监护探极置入术","诊断性操作"
nhsa_jbzd_01_1100,"01.1100",True,"闭合性[经皮][针吸]脑膜活组织检查","诊断性操作"
nhsa_jbzd_01_1100x001,"01.1100x001",True,"经皮脑膜活检","诊断性操作"
nhsa_jbzd_01_1200,"01.1200",True,"开放性脑膜活组织检查","手术"
nhsa_jbzd_01_1200x001,"01.1200x001",True,"鼻内镜下脑膜活组织检查","手术"
nhsa_jbzd_01_1300,"01.1300",True,"闭合性[经皮][针吸]大脑活组织检查","诊断性操作"
nhsa_jbzd_01_1300x001,"01.1300x001",True,"经皮脑活检","诊断性操作"
nhsa_jbzd_01_1300x002,"01.1300x002",True,"立体定向脑活检","诊断性操作"
nhsa_jbzd_01_1301,"01.1301",True,"神经导航下颅内病变活组织检查","诊断性操作"
nhsa_jbzd_01_1400,"01.1400",True,"开放性大脑活组织检查","手术"
nhsa_jbzd_01_1400x001,"01.1400x001",True,"脑室镜下脑活组织检查","手术"
nhsa_jbzd_01_1500,"01.1500",True,"颅骨活组织检查","手术"
nhsa_jbzd_01_1600,"01.1600",True,"颅内氧监测","诊断性操作"
nhsa_jbzd_01_1600x001,"01.1600x001",True,"脑氧分压监护探头置入术","治疗性操作"
nhsa_jbzd_01_1700,"01.1700",True,"脑温度监测","诊断性操作"
nhsa_jbzd_01_1700x001,"01.1700x001",True,"脑温探头置入术","治疗性操作"
nhsa_jbzd_01_1800,"01.1800",True,"大脑和脑膜其他诊断性操作","诊断性操作"
nhsa_jbzd_01_1800x002,"01.1800x002",True,"神经内镜检查术","手术"
nhsa_jbzd_01_1900,"01.1900",True,"颅骨其他诊断性操作","诊断性操作"
nhsa_jbzd_01_2000,"01.2000",True,"颅神经刺激脉冲发生器植入或置换","手术"
nhsa_jbzd_01_2001,"01.2001",True,"颅神经刺激脉冲发生器植入","手术"
nhsa_jbzd_01_2002,"01.2002",True,"颅神经刺激脉冲发生器置换","手术"
nhsa_jbzd_01_2100,"01.2100",True,"脑静脉窦切开引流术","手术"
nhsa_jbzd_01_2100x001,"01.2100x001",True,"颅静脉窦切开修补术","手术"
nhsa_jbzd_01_2200,"01.2200",True,"去除颅内神经刺激器导线","手术"
nhsa_jbzd_01_2300,"01.2300",True,"颅骨切开术部位的再切开","手术"
nhsa_jbzd_01_2400,"01.2400",True,"其他颅骨切开术","手术"
nhsa_jbzd_01_2400x005,"01.2400x005",True,"开颅探查术","手术"
nhsa_jbzd_01_2400x009,"01.2400x009",True,"颅内脓肿引流术","手术"
nhsa_jbzd_01_2400x013,"01.2400x013",True,"硬脑膜外血肿清除术","手术"
nhsa_jbzd_01_2400x018,"01.2400x018",True,"硬脑膜切开术","手术"
nhsa_jbzd_01_2401,"01.2401",True,"颅后窝血肿清除术","手术"
nhsa_jbzd_01_2402,"01.2402",True,"颅骨切开引流术","手术"
nhsa_jbzd_01_2403,"01.2403",True,"延髓前方减压术","手术"
nhsa_jbzd_01_2404,"01.2404",True,"环枕减压术","手术"
nhsa_jbzd_01_2405,"01.2405",True,"硬膜外脓肿清除术","手术"
nhsa_jbzd_01_2406,"01.2406",True,"神经内镜下环枕减压术","手术"
nhsa_jbzd_01_2407,"01.2407",True,"颅骨钻孔探查术","手术"
nhsa_jbzd_01_2408,"01.2408",True,"颅内血肿清除术","手术"
nhsa_jbzd_01_2409,"01.2409",True,"颅骨钻孔引流术","手术"
nhsa_jbzd_01_2410,"01.2410",True,"颞肌下减压术","手术"
nhsa_jbzd_01_2411,"01.2411",True,"颅骨切开减压术","手术"
nhsa_jbzd_01_2412,"01.2412",True,"硬脑膜外切开引流术","手术"
nhsa_jbzd_01_2413,"01.2413",True,"颅骨去骨瓣减压术","手术"
nhsa_jbzd_01_2414,"01.2414",True,"颅骨钻孔减压术","手术"
nhsa_jbzd_01_2415,"01.2415",True,"颅骨切开异物取出术","手术"
nhsa_jbzd_01_2500,"01.2500",True,"其他颅骨切除术","手术"
nhsa_jbzd_01_2500x003,"01.2500x003",True,"颅骨清创术","手术"
nhsa_jbzd_01_2501,"01.2501",True,"颞骨全切除术","手术"
nhsa_jbzd_01_2502,"01.2502",True,"颞骨部分切除术","手术"
nhsa_jbzd_01_2503,"01.2503",True,"颅骨部分切除术","手术"
nhsa_jbzd_01_2504,"01.2504",True,"颅骨死骨切除术","手术"
nhsa_jbzd_01_2505,"01.2505",True,"眶板眶顶切除术","手术"
nhsa_jbzd_01_2506,"01.2506",True,"颅骨骨碎片取除术","手术"
nhsa_jbzd_01_2507,"01.2507",True,"茎突截短术","手术"
nhsa_jbzd_01_2600,"01.2600",True,"颅腔或组织的导管置入术","手术"
nhsa_jbzd_01_2700,"01.2700",True,"颅腔或组织的导管去除术","手术"
nhsa_jbzd_01_2800,"01.2800",True,"经伯尔孔的脑内导管放置术","手术"
nhsa_jbzd_01_2900,"01.2900",True,"颅神经刺激脉冲发生器去除术","手术"
nhsa_jbzd_01_3100,"01.3100",True,"脑膜切开术","手术"
nhsa_jbzd_01_3101,"01.3101",True,"脑膜切开伴蛛网膜下腔血肿引流术","手术"
nhsa_jbzd_01_3102,"01.3102",True,"脑膜切开伴蛛网膜下腔脓肿引流术","手术"
nhsa_jbzd_01_3103,"01.3103",True,"脑膜切开伴硬脑膜下脓肿引流术","手术"
nhsa_jbzd_01_3104,"01.3104",True,"脑膜切开伴硬脑膜下腔血肿清除术","手术"
nhsa_jbzd_01_3105,"01.3105",True,"硬脑膜下切开引流术","手术"
nhsa_jbzd_01_3106,"01.3106",True,"脑蛛网膜下腔切开引流术","手术"
nhsa_jbzd_01_3107,"01.3107",True,"脑膜切开引流术","手术"
nhsa_jbzd_01_3108,"01.3108",True,"硬脑膜下钻孔引流术","手术"
nhsa_jbzd_01_3200,"01.3200",True,"脑叶切开术和(神经)束切断术","手术"
nhsa_jbzd_01_3201,"01.3201",True,"脑叶切开术","手术"
nhsa_jbzd_01_3202,"01.3202",True,"脑神经束切断术","手术"
nhsa_jbzd_01_3203,"01.3203",True,"经皮扣带回切断术","手术"
nhsa_jbzd_01_3204,"01.3204",True,"延髓束切断术","手术"
nhsa_jbzd_01_3205,"01.3205",True,"胼胝体切开术","手术"
nhsa_jbzd_01_3206,"01.3206",True,"颅内立体定向双侧扣带回毁损术","手术"
nhsa_jbzd_01_3900,"01.3900",True,"脑的其他切开术","手术"
nhsa_jbzd_01_3900x002,"01.3900x002",True,"脑白质切开术","手术"
nhsa_jbzd_01_3900x003,"01.3900x003",True,"颅内血肿硬通道穿刺引流术","手术"
nhsa_jbzd_01_3900x007,"01.3900x007",True,"脑切开术","手术"
nhsa_jbzd_01_3900x009,"01.3900x009",True,"脑内血肿清除术","手术"
nhsa_jbzd_01_3900x012,"01.3900x012",True,"经外侧裂脑内血肿清除术","手术"
nhsa_jbzd_01_3900x013,"01.3900x013",True,"立体定向颅内血肿穿刺引流术","手术"
nhsa_jbzd_01_3900x016,"01.3900x016",True,"脑脓肿穿刺引流术","手术"
nhsa_jbzd_01_3900x017,"01.3900x017",True,"立体定向脑切开引流术","手术"
nhsa_jbzd_01_3901,"01.3901",True,"脑室钻孔引流术","手术"
nhsa_jbzd_01_3902,"01.3902",True,"脑室切开引流术","手术"
nhsa_jbzd_01_3903,"01.3903",True,"杏仁核海马切开术","手术"
nhsa_jbzd_01_3904,"01.3904",True,"经颞叶脑血肿清除术","手术"
nhsa_jbzd_01_3905,"01.3905",True,"脑立体定向血肿碎吸术","手术"
nhsa_jbzd_01_3906,"01.3906",True,"内镜下脑血肿引流术","手术"
nhsa_jbzd_01_3907,"01.3907",True,"脑切开异物取出术","手术"
nhsa_jbzd_01_3908,"01.3908",True,"大脑半球切开术","手术"
nhsa_jbzd_01_3909,"01.3909",True,"脑囊肿切开引流术","手术"
nhsa_jbzd_01_3910,"01.3910",True,"脑血肿切开引流术","手术"
nhsa_jbzd_01_3911,"01.3911",True,"脑脓肿切开引流术","手术"
nhsa_jbzd_01_4100,"01.4100",True,"丘脑手术","手术"
nhsa_jbzd_01_4101,"01.4101",True,"丘脑切开术","手术"
nhsa_jbzd_01_4102,"01.4102",True,"丘脑射频毁损术","手术"
nhsa_jbzd_01_4103,"01.4103",True,"丘脑化学破坏术","手术"
nhsa_jbzd_01_4104,"01.4104",True,"丘脑核破坏术","手术"
nhsa_jbzd_01_4105,"01.4105",True,"丘脑病损切除术","手术"
nhsa_jbzd_01_4200,"01.4200",True,"苍白球手术","手术"
nhsa_jbzd_01_4201,"01.4201",True,"立体定向苍白球切开术","手术"
nhsa_jbzd_01_4202,"01.4202",True,"苍白球切开术","手术"
nhsa_jbzd_01_4203,"01.4203",True,"苍白球射频毁损术","手术"
nhsa_jbzd_01_4204,"01.4204",True,"苍白球丘脑化学破坏术","手术"
nhsa_jbzd_01_5100,"01.5100",True,"脑膜病损或组织的切除术","手术"
nhsa_jbzd_01_5100x001,"01.5100x001",True,"开颅蛛网膜剥离术","手术"
nhsa_jbzd_01_5100x006,"01.5100x006",True,"大脑镰脑膜病损切除术","手术"
nhsa_jbzd_01_5100x007,"01.5100x007",True,"小脑幕脑膜病损切除术","手术"
nhsa_jbzd_01_5101,"01.5101",True,"脑膜部分切除术","手术"
nhsa_jbzd_01_5102,"01.5102",True,"经鼻脑膜病损切除术","手术"
nhsa_jbzd_01_5103,"01.5103",True,"经枕脑膜病损切除术","手术"
nhsa_jbzd_01_5104,"01.5104",True,"经额脑膜病损切除术","手术"
nhsa_jbzd_01_5105,"01.5105",True,"脑蛛网膜病损切除术","手术"
nhsa_jbzd_01_5106,"01.5106",True,"脑膜病损切除术","手术"
nhsa_jbzd_01_5107,"01.5107",True,"内镜下脑蛛网膜病损切除术","手术"
nhsa_jbzd_01_5108,"01.5108",True,"软脑膜切除术","手术"
nhsa_jbzd_01_5200,"01.5200",True,"大脑半球切除术","手术"
nhsa_jbzd_01_5300,"01.5300",True,"脑叶切除术","手术"
nhsa_jbzd_01_5301,"01.5301",True,"脑叶次全切除术","手术"
nhsa_jbzd_01_5302,"01.5302",True,"额叶切除术","手术"
nhsa_jbzd_01_5303,"01.5303",True,"颞叶切除术","手术"
nhsa_jbzd_01_5304,"01.5304",True,"标准前颞叶切除术","手术"
nhsa_jbzd_01_5900,"01.5900",True,"大脑病损或组织的其他切除术或破坏术","手术"
nhsa_jbzd_01_5900x022,"01.5900x022",True,"多个脑室病损切除术","手术"
nhsa_jbzd_01_5900x030,"01.5900x030",True,"中颅窝病损切除术","手术"
nhsa_jbzd_01_5900x032,"01.5900x032",True,"颈静脉孔病损切除术","手术"
nhsa_jbzd_01_5900x036,"01.5900x036",True,"海马杏仁核切除术","手术"
nhsa_jbzd_01_5900x037,"01.5900x037",True,"大脑半球病损切除术","手术"
nhsa_jbzd_01_5900x038,"01.5900x038",True,"大脑深部病损切除术","手术"
nhsa_jbzd_01_5900x040,"01.5900x040",True,"蝶鞍旁病损切除术","手术"
nhsa_jbzd_01_5900x041,"01.5900x041",True,"额颞岛叶病损切除术","手术"
nhsa_jbzd_01_5900x043,"01.5900x043",True,"小脑病损切除术","手术"
nhsa_jbzd_01_5900x044,"01.5900x044",True,"小脑桥脑角病损切除术","手术"
nhsa_jbzd_01_5900x048,"01.5900x048",True,"岩斜区病损切除术","手术"
nhsa_jbzd_01_5900x049,"01.5900x049",True,"枕骨大孔区病损切除术","手术"
nhsa_jbzd_01_5900x050,"01.5900x050",True,"神经内镜下脑室病损切除术","手术"
nhsa_jbzd_01_5900x051,"01.5900x051",True,"神经内镜下脑病损切除术","手术"
nhsa_jbzd_01_5900x052,"01.5900x052",True,"脑血管瘤切除术","手术"
nhsa_jbzd_01_5901,"01.5901",True,"脑病损切除术","手术"
nhsa_jbzd_01_5902,"01.5902",True,"鞍区病损切除术","手术"
nhsa_jbzd_01_5903,"01.5903",True,"侧脑室病损切除术","手术"
nhsa_jbzd_01_5904,"01.5904",True,"第三脑室病损切除术","手术"
nhsa_jbzd_01_5905,"01.5905",True,"后颅窝病损切除术","手术"
nhsa_jbzd_01_5906,"01.5906",True,"岛叶病损切除术","手术"
nhsa_jbzd_01_5907,"01.5907",True,"第四脑室病损切除术","手术"
nhsa_jbzd_01_5908,"01.5908",True,"顶叶病损切除术","手术"
nhsa_jbzd_01_5909,"01.5909",True,"额叶病损切除术","手术"
nhsa_jbzd_01_5910,"01.5910",True,"海绵窦病损切除术","手术"
nhsa_jbzd_01_5911,"01.5911",True,"经额脑病损切除术","手术"
nhsa_jbzd_01_5912,"01.5912",True,"经蝶窦脑病损切除术","手术"
nhsa_jbzd_01_5913,"01.5913",True,"颞叶病损切除术","手术"
nhsa_jbzd_01_5914,"01.5914",True,"经顶脑病损切除术","手术"
nhsa_jbzd_01_5915,"01.5915",True,"经颞脑病损切除术","手术"
nhsa_jbzd_01_5916,"01.5916",True,"经翼点脑病损切除术","手术"
nhsa_jbzd_01_5917,"01.5917",True,"经枕脑病损切除术","手术"
nhsa_jbzd_01_5918,"01.5918",True,"颅底病损切除术","手术"
nhsa_jbzd_01_5919,"01.5919",True,"经蝶脑病损切除术","手术"
nhsa_jbzd_01_5920,"01.5920",True,"脑干病损切除术","手术"
nhsa_jbzd_01_5921,"01.5921",True,"脑囊肿造袋术","手术"
nhsa_jbzd_01_5922,"01.5922",True,"胼胝体病损切除术","手术"
nhsa_jbzd_01_5923,"01.5923",True,"小脑半球病损切除术","手术"
nhsa_jbzd_01_5924,"01.5924",True,"小脑蚓部病损切除术","手术"
nhsa_jbzd_01_5925,"01.5925",True,"脑清创术","手术"
nhsa_jbzd_01_5926,"01.5926",True,"内镜下前颅窝病损切除术","手术"
nhsa_jbzd_01_5927,"01.5927",True,"立体定向脑病损切除术","手术"
nhsa_jbzd_01_5928,"01.5928",True,"脑斜坡病损切除术","手术"
nhsa_jbzd_01_5929,"01.5929",True,"脑部分切除术","手术"
nhsa_jbzd_01_5930,"01.5930",True,"大脑病损切除术","手术"
nhsa_jbzd_01_5931,"01.5931",True,"内镜下颅底病损切除术","手术"
nhsa_jbzd_01_5932,"01.5932",True,"颞下窝病损切除术","手术"
nhsa_jbzd_01_5933,"01.5933",True,"选择性杏仁核海马切除术","手术"
nhsa_jbzd_01_5934,"01.5934",True,"颅内血管瘤切除术","手术"
nhsa_jbzd_01_5935,"01.5935",True,"小脑扁桃体部分切除术","手术"
nhsa_jbzd_01_5936,"01.5936",True,"神经导航下颅内病灶切除术","手术"
nhsa_jbzd_01_5937,"01.5937",True,"内镜下鞍旁病损切除术","手术"
nhsa_jbzd_01_5938,"01.5938",True,"脑室镜下颅底病损切除术","手术"
nhsa_jbzd_01_5939,"01.5939",True,"内镜下斜坡病损切除术","手术"
nhsa_jbzd_01_5940,"01.5940",True,"枕叶病损切除术","手术"
nhsa_jbzd_01_5941,"01.5941",True,"前胼胝体切除术","手术"
nhsa_jbzd_01_6x00,"01.6x00",True,"颅骨病损的切除术","手术"
nhsa_jbzd_01_6x01,"01.6x01",True,"颅肉芽肿切除术","手术"
nhsa_jbzd_02_0100,"02.0100",True,"颅缝切开术","手术"
nhsa_jbzd_02_0101,"02.0101",True,"线形颅骨切除术","手术"
nhsa_jbzd_02_0102,"02.0102",True,"条带状颅骨切除术","手术"
nhsa_jbzd_02_0200,"02.0200",True,"颅骨骨折碎片提升术","手术"
nhsa_jbzd_02_0201,"02.0201",True,"颅骨骨折减压术","手术"
nhsa_jbzd_02_0202,"02.0202",True,"颅骨骨折清创术","手术"
nhsa_jbzd_02_0203,"02.0203",True,"颅骨骨折复位术","手术"
nhsa_jbzd_02_0300,"02.0300",True,"颅骨瓣形成","手术"
nhsa_jbzd_02_0300x001,"02.0300x001",True,"颅骨骨瓣修补术","手术"
nhsa_jbzd_02_0400,"02.0400",True,"颅骨骨移植术","手术"
nhsa_jbzd_02_0400x003,"02.0400x003",True,"颅骨骨膜移植术","手术"
nhsa_jbzd_02_0401,"02.0401",True,"颅骨骨膜自体移植术","手术"
nhsa_jbzd_02_0402,"02.0402",True,"颅骨骨膜异体移植术","手术"
nhsa_jbzd_02_0500,"02.0500",True,"颅骨(金属)板置入术","手术"
nhsa_jbzd_02_0500x004,"02.0500x004",True,"颅骨硅橡胶板置入术","手术"
nhsa_jbzd_02_0500x005,"02.0500x005",True,"颅骨有机玻璃板置入术","手术"
nhsa_jbzd_02_0501,"02.0501",True,"颅骨钛板置换术","手术"
nhsa_jbzd_02_0502,"02.0502",True,"颅骨钛板置入术","手术"
nhsa_jbzd_02_0503,"02.0503",True,"颅骨钛网置入术","手术"
nhsa_jbzd_02_0504,"02.0504",True,"颅骨金属板置入术","手术"
nhsa_jbzd_02_0505,"02.0505",True,"颅骨金属板置换术","手术"
nhsa_jbzd_02_0600,"02.0600",True,"其他颅骨成形术","手术"
nhsa_jbzd_02_0600x003,"02.0600x003",True,"颅骨修补术","手术"
nhsa_jbzd_02_0601,"02.0601",True,"额瓣修复术","手术"
nhsa_jbzd_02_0602,"02.0602",True,"颅缝再造术","手术"
nhsa_jbzd_02_0603,"02.0603",True,"颅骨有机玻璃修补术","手术"
nhsa_jbzd_02_0700,"02.0700",True,"颅骨(金属)板去除","手术"
nhsa_jbzd_02_1100,"02.1100",True,"硬脑膜单纯缝合术","手术"
nhsa_jbzd_02_1100x001,"02.1100x001",True,"硬脑膜缝合术","手术"
nhsa_jbzd_02_1200,"02.1200",True,"脑膜其他修补术","手术"
nhsa_jbzd_02_1200x001,"02.1200x001",True,"耳镜下脑脊液耳漏修补术","手术"
nhsa_jbzd_02_1200x002,"02.1200x002",True,"鼻内镜下脑膜膨出修补术","手术"
nhsa_jbzd_02_1200x003,"02.1200x003",True,"脑室镜下脑脊液漏修补术","手术"
nhsa_jbzd_02_1201,"02.1201",True,"硬脑膜缺损修补术","手术"
nhsa_jbzd_02_1202,"02.1202",True,"脑膜膨出修补术","手术"
nhsa_jbzd_02_1203,"02.1203",True,"脑脊液漏修补术","手术"
nhsa_jbzd_02_1204,"02.1204",True,"脑脊液鼻漏修补术","手术"
nhsa_jbzd_02_1205,"02.1205",True,"脑脊液耳漏修补术","手术"
nhsa_jbzd_02_1206,"02.1206",True,"脑脊液切口漏修补术","手术"
nhsa_jbzd_02_1207,"02.1207",True,"脑膨出修补术伴颅成形术","手术"
nhsa_jbzd_02_1208,"02.1208",True,"内镜下脑脊液鼻漏修补术","手术"
nhsa_jbzd_02_1209,"02.1209",True,"硬脑膜补片修补术","手术"
nhsa_jbzd_02_1210,"02.1210",True,"硬脑膜敷贴术","手术"
nhsa_jbzd_02_1211,"02.1211",True,"内镜下经翼突入路蝶窦外侧隐窝脑膜脑膨出切除伴颅底修补术","手术"
nhsa_jbzd_02_1212,"02.1212",True,"内镜下额隐窝及额窦脑膜脑膨出切除伴颅底修补术","手术"
nhsa_jbzd_02_1300,"02.1300",True,"脑膜血管结扎术","手术"
nhsa_jbzd_02_1300x001,"02.1300x001",True,"鼻内镜下脑膜中动脉电凝术","手术"
nhsa_jbzd_02_1300x002,"02.1300x002",True,"脑膜中动脉结扎术","手术"
nhsa_jbzd_02_1302,"02.1302",True,"矢状窦结扎术","手术"
nhsa_jbzd_02_1400,"02.1400",True,"脉络丛切除术","手术"
nhsa_jbzd_02_1400x001,"02.1400x001",True,"脑室镜下脉络丛烧灼术","手术"
nhsa_jbzd_02_1401,"02.1401",True,"脉络丛烧灼术","手术"
nhsa_jbzd_02_1402,"02.1402",True,"侧脑室脉络丛切除灼烧术","手术"
nhsa_jbzd_02_1403,"02.1403",True,"第三脑室脉络丛切除灼烧术","手术"
nhsa_jbzd_02_1404,"02.1404",True,"第四脑室脉络丛切除灼烧术","手术"
nhsa_jbzd_02_2100,"02.2100",True,"脑室外引流[EVD]装置置入或置换","手术"
nhsa_jbzd_02_2100x002,"02.2100x002",True,"脑室导管置换术","手术"
nhsa_jbzd_02_2101,"02.2101",True,"脑室外引流[EVD]装置置入术","手术"
nhsa_jbzd_02_2102,"02.2102",True,"脑室外引流[EVD]装置置换术","手术"
nhsa_jbzd_02_2200,"02.2200",True,"颅内脑室分流或吻合术","手术"
nhsa_jbzd_02_2200x001,"02.2200x001",True,"神经内镜下第三脑室底造瘘术","手术"
nhsa_jbzd_02_2200x005,"02.2200x005",True,"脑室-静脉窦分流术","手术"
nhsa_jbzd_02_2200x006,"02.2200x006",True,"神经内镜下透明隔造瘘术","手术"
nhsa_jbzd_02_2200x007,"02.2200x007",True,"脑室镜下蛛网膜囊肿开窗术","手术"
nhsa_jbzd_02_2201,"02.2201",True,"经胼胝体第三脑室造口引流术","手术"
nhsa_jbzd_02_2202,"02.2202",True,"神经内镜第三脑室造口术","手术"
nhsa_jbzd_02_2203,"02.2203",True,"第三脑室造口术","手术"
nhsa_jbzd_02_2204,"02.2204",True,"脑室Ommaya泵置入术","手术"
nhsa_jbzd_02_2205,"02.2205",True,"侧脑室脑池造口引流术","手术"
nhsa_jbzd_02_2206,"02.2206",True,"脑室脑池分流术","手术"
nhsa_jbzd_02_2207,"02.2207",True,"脑室蛛网膜下腔分流术","手术"
nhsa_jbzd_02_2208,"02.2208",True,"脑室造口术","手术"
nhsa_jbzd_02_2209,"02.2209",True,"脑室分流术","手术"
nhsa_jbzd_02_2210,"02.2210",True,"脑室小脑延髓池分流术","手术"
nhsa_jbzd_02_2211,"02.2211",True,"脑室胼胝体周围池分流术","手术"
nhsa_jbzd_02_2212,"02.2212",True,"脑室颈蛛网膜下腔分流术","手术"
nhsa_jbzd_02_2213,"02.2213",True,"脑室矢状窦分流术","手术"
nhsa_jbzd_02_2214,"02.2214",True,"内镜下脑室造口术","手术"
nhsa_jbzd_02_2215,"02.2215",True,"侧脑室枕大池分流术","手术"
nhsa_jbzd_02_2216,"02.2216",True,"透明隔造瘘术","手术"
nhsa_jbzd_02_3100,"02.3100",True,"脑室分流术至头和颈部结构","手术"
nhsa_jbzd_02_3101,"02.3101",True,"侧脑室乳突造口引流术","手术"
nhsa_jbzd_02_3102,"02.3102",True,"脑室乳突分流术","手术"
nhsa_jbzd_02_3103,"02.3103",True,"脑室鼻咽分流术","手术"
nhsa_jbzd_02_3200,"02.3200",True,"脑室分流至循环系统","手术"
nhsa_jbzd_02_3200x001,"02.3200x001",True,"脑室-颈外静脉分流术","手术"
nhsa_jbzd_02_3201,"02.3201",True,"脑室心房分流术","手术"
nhsa_jbzd_02_3202,"02.3202",True,"脑室腔静脉分流术","手术"
nhsa_jbzd_02_3203,"02.3203",True,"脑室颈静脉分流术","手术"
nhsa_jbzd_02_3204,"02.3204",True,"脑室颈外动脉分流术","手术"
nhsa_jbzd_02_3300,"02.3300",True,"脑室分流至胸腔","手术"
nhsa_jbzd_02_3300x001,"02.3300x001",True,"脑室-胸腔分流术","手术"
nhsa_jbzd_02_3301,"02.3301",True,"侧脑室胸腔造口引流术","手术"
nhsa_jbzd_02_3400,"02.3400",True,"脑室分流术至腹腔和腹部器官","手术"
nhsa_jbzd_02_3400x002,"02.3400x002",True,"脑室-腹腔分流术","手术"
nhsa_jbzd_02_3401,"02.3401",True,"侧脑室腹腔内分流术","手术"
nhsa_jbzd_02_3402,"02.3402",True,"脑室胆囊分流术","手术"
nhsa_jbzd_02_3403,"02.3403",True,"硬膜下腹腔分流术","手术"
nhsa_jbzd_02_3404,"02.3404",True,"脑室镜下脑室腹腔分流术","手术"
nhsa_jbzd_02_3405,"02.3405",True,"腹腔镜下脑室腹腔分流术","手术"
nhsa_jbzd_02_3500,"02.3500",True,"脑室分流至泌尿系统","手术"
nhsa_jbzd_02_3501,"02.3501",True,"脑室膀胱分流术","手术"
nhsa_jbzd_02_3502,"02.3502",True,"脑室输尿管分流术","手术"
nhsa_jbzd_02_3900,"02.3900",True,"脑室颅外分流术","手术"
nhsa_jbzd_02_3901,"02.3901",True,"脑室骨髓分流术","手术"
nhsa_jbzd_02_4100,"02.4100",True,"脑室分流管的冲洗术和探查术","手术"
nhsa_jbzd_02_4101,"02.4101",True,"脑室分流管冲洗术","手术"
nhsa_jbzd_02_4102,"02.4102",True,"脑室分流管探查术","手术"
nhsa_jbzd_02_4200,"02.4200",True,"脑室分流管置换术","手术"
nhsa_jbzd_02_4200x005,"02.4200x005",True,"Ommaya泵引流管修正术","手术"
nhsa_jbzd_02_4201,"02.4201",True,"脑室-腹膜分流管脑室端修正术","手术"
nhsa_jbzd_02_4202,"02.4202",True,"脑室分流管修正术","手术"
nhsa_jbzd_02_4203,"02.4203",True,"脑室腹腔分流管调整术","手术"
nhsa_jbzd_02_4204,"02.4204",True,"脑室腹腔分流管重置术","手术"
nhsa_jbzd_02_4300,"02.4300",True,"脑室分流管去除术","手术"
nhsa_jbzd_02_4301,"02.4301",True,"脑室腹腔引流管夹闭术","治疗性操作"
nhsa_jbzd_02_4302,"02.4302",True,"脑室Ommaya泵去除术","手术"
nhsa_jbzd_02_9100,"02.9100",True,"大脑皮层粘连松解术","手术"
nhsa_jbzd_02_9200,"02.9200",True,"脑修补术","手术"
nhsa_jbzd_02_9300,"02.9300",True,"颅内神经刺激器导线植入或置换术","手术"
nhsa_jbzd_02_9300x001,"02.9300x001",True,"颅内神经刺激器调整术","手术"
nhsa_jbzd_02_9301,"02.9301",True,"颅内神经刺激器植入术","手术"
nhsa_jbzd_02_9302,"02.9302",True,"颅内神经刺激器置换术","手术"
nhsa_jbzd_02_9303,"02.9303",True,"脑深部电极置入术","手术"
nhsa_jbzd_02_9304,"02.9304",True,"丘脑底核电极刺激器置入术","手术"
nhsa_jbzd_02_9400,"02.9400",True,"颅钳或环状钳牵引装置的置入或置换","手术"
nhsa_jbzd_02_9401,"02.9401",True,"颅钳插入术","手术"
nhsa_jbzd_02_9402,"02.9402",True,"环状钳插入术","手术"
nhsa_jbzd_02_9403,"02.9403",True,"颅钳置换术","手术"
nhsa_jbzd_02_9404,"02.9404",True,"环状钳置换术","手术"
nhsa_jbzd_02_9405,"02.9405",True,"头颅骨盆牵引装置置入术","手术"
nhsa_jbzd_02_9500,"02.9500",True,"颅钳或环状钳牵引装置去除","手术"
nhsa_jbzd_02_9501,"02.9501",True,"颅钳牵引装置去除术","手术"
nhsa_jbzd_02_9502,"02.9502",True,"环状钳牵引装置去除术","手术"
nhsa_jbzd_02_9503,"02.9503",True,"头颅骨盆牵引装置去除术","手术"
nhsa_jbzd_02_9600,"02.9600",True,"蝶骨电极置入","手术"
nhsa_jbzd_02_9900,"02.9900",True,"颅、脑和脑膜的其他手术","手术"
nhsa_jbzd_02_9901,"02.9901",True,"中脑导水管粘连松解术","手术"
nhsa_jbzd_03_0100,"03.0100",True,"去除椎管异物","手术"
nhsa_jbzd_03_0100x001,"03.0100x001",True,"椎管内异物去除术","手术"
nhsa_jbzd_03_0100x002,"03.0100x002",True,"椎管内病损切除术","手术"
nhsa_jbzd_03_0100x003,"03.0100x003",True,"神经内镜下椎管内病损切除术","手术"
nhsa_jbzd_03_0100x004,"03.0100x004",True,"椎管内外病损切除术","手术"
nhsa_jbzd_03_0100x005,"03.0100x005",True,"椎管外神经根病损切除术","手术"
nhsa_jbzd_03_0200,"03.0200",True,"椎板切除术部位再切开","手术"
nhsa_jbzd_03_0900,"03.0900",True,"椎管其他探查术和减压术","手术"
nhsa_jbzd_03_0900x003,"03.0900x003",True,"颈椎后路单开门椎管减压术","手术"
nhsa_jbzd_03_0900x004,"03.0900x004",True,"颈椎后路双开门椎管减压术","手术"
nhsa_jbzd_03_0900x005,"03.0900x005",True,"颈椎前路椎管减压术","手术"
nhsa_jbzd_03_0900x006,"03.0900x006",True,"腰椎椎板切除减压术","手术"
nhsa_jbzd_03_0900x007,"03.0900x007",True,"胸椎椎板切除减压术","手术"
nhsa_jbzd_03_0900x009,"03.0900x009",True,"椎管成形术","手术"
nhsa_jbzd_03_0900x010,"03.0900x010",True,"椎管减压术","手术"
nhsa_jbzd_03_0900x014,"03.0900x014",True,"椎管钻孔减压术","手术"
nhsa_jbzd_03_0900x016,"03.0900x016",True,"椎间孔切开术","手术"
nhsa_jbzd_03_0900x019,"03.0900x019",True,"脊髓后正中点状切开术","手术"
nhsa_jbzd_03_0900x021,"03.0900x021",True,"颈椎椎间孔钻孔减压术","手术"
nhsa_jbzd_03_0900x022,"03.0900x022",True,"经皮内镜颈椎椎板切除减压术","手术"
nhsa_jbzd_03_0900x023,"03.0900x023",True,"胸椎后路椎板切除减压术","手术"
nhsa_jbzd_03_0900x024,"03.0900x024",True,"胸椎前路椎板切除减压术","手术"
nhsa_jbzd_03_0900x025,"03.0900x025",True,"腰椎前路椎板切除减压术","手术"
nhsa_jbzd_03_0900x026,"03.0900x026",True,"腰椎后路椎板切除减压术","手术"
nhsa_jbzd_03_0900x027,"03.0900x027",True,"腰椎后路椎板成形术","手术"
nhsa_jbzd_03_0900x028,"03.0900x028",True,"骶椎后路椎管减压术","手术"
nhsa_jbzd_03_0900x029,"03.0900x029",True,"椎管内血肿清除术","手术"
nhsa_jbzd_03_0901,"03.0901",True,"椎管探查术","手术"
nhsa_jbzd_03_0902,"03.0902",True,"脊髓探查术","手术"
nhsa_jbzd_03_0903,"03.0903",True,"脊神经根探查术","手术"
nhsa_jbzd_03_0904,"03.0904",True,"椎间孔减压术","手术"
nhsa_jbzd_03_0905,"03.0905",True,"脊神经根减压术","手术"
nhsa_jbzd_03_0906,"03.0906",True,"椎管切开引流术","手术"
nhsa_jbzd_03_0907,"03.0907",True,"脊髓内引流术","手术"
nhsa_jbzd_03_0908,"03.0908",True,"椎间盘粘连松解术","手术"
nhsa_jbzd_03_0909,"03.0909",True,"椎管扩大成形术，单开门","手术"
nhsa_jbzd_03_0910,"03.0910",True,"椎管扩大成形术，双开门","手术"
nhsa_jbzd_03_0911,"03.0911",True,"椎板切开减压术","手术"
nhsa_jbzd_03_0912,"03.0912",True,"椎板切除减压术","手术"
nhsa_jbzd_03_0913,"03.0913",True,"椎间盘镜下椎管成形术","手术"
nhsa_jbzd_03_0914,"03.0914",True,"椎间盘镜下椎管减压术","手术"
nhsa_jbzd_03_0915,"03.0915",True,"椎间盘镜下椎间孔切开术","手术"
nhsa_jbzd_03_1x00,"03.1x00",True,"脊髓内神经根切断","手术"
nhsa_jbzd_03_1x00x001,"03.1x00x001",True,"椎管内神经根切断术","手术"
nhsa_jbzd_03_1x00x003,"03.1x00x003",True,"马尾神经切断术","手术"
nhsa_jbzd_03_1x01,"03.1x01",True,"脊髓后根神经切断术","手术"
nhsa_jbzd_03_1x02,"03.1x02",True,"脊髓前根神经切断术","手术"
nhsa_jbzd_03_2100,"03.2100",True,"经皮的脊髓(前侧柱)切断术","手术"
nhsa_jbzd_03_2100x001,"03.2100x001",True,"经皮脊髓切断术","手术"
nhsa_jbzd_03_2101,"03.2101",True,"立体定向脊髓切断术","手术"
nhsa_jbzd_03_2102,"03.2102",True,"脊髓背根入髓区切开术","手术"
nhsa_jbzd_03_2900,"03.2900",True,"其他脊髓(前侧柱)切断术","手术"
nhsa_jbzd_03_2900x003,"03.2900x003",True,"脊髓前连合切断术","手术"
nhsa_jbzd_03_2900x004,"03.2900x004",True,"脊髓前连合切开术","手术"
nhsa_jbzd_03_2901,"03.2901",True,"脊髓前外侧束切断术","手术"
nhsa_jbzd_03_2902,"03.2902",True,"脊髓神经束切断术","手术"
nhsa_jbzd_03_2903,"03.2903",True,"脊髓丘脑侧索切断术","手术"
nhsa_jbzd_03_3100,"03.3100",True,"脊髓放液","诊断性操作"
nhsa_jbzd_03_3100x001,"03.3100x001",True,"腰大池引流术","治疗性操作"
nhsa_jbzd_03_3101,"03.3101",True,"腰椎穿刺术","诊断性操作"
nhsa_jbzd_03_3200,"03.3200",True,"脊髓或脊膜活组织检查","手术"
nhsa_jbzd_03_3201,"03.3201",True,"硬脊膜活组织检查","手术"
nhsa_jbzd_03_3202,"03.3202",True,"脊髓活组织检查术","手术"
nhsa_jbzd_03_3900,"03.3900",True,"脊髓和椎管结构的其他诊断性操作","诊断性操作"
nhsa_jbzd_03_4x00,"03.4x00",True,"脊髓或脊膜病损的切除术或破坏术","手术"
nhsa_jbzd_03_4x00x001,"03.4x00x001",True,"脊髓髓内病损切除术","手术"
nhsa_jbzd_03_4x00x002,"03.4x00x002",True,"脊髓病损栓塞术","手术"
nhsa_jbzd_03_4x00x004,"03.4x00x004",True,"硬脊膜切除术","手术"
nhsa_jbzd_03_4x00x007,"03.4x00x007",True,"脊髓脊膜病损电凝破坏术","手术"
nhsa_jbzd_03_4x01,"03.4x01",True,"颈髓病损切除术","手术"
nhsa_jbzd_03_4x02,"03.4x02",True,"硬脊膜囊肿造袋术","手术"
nhsa_jbzd_03_4x03,"03.4x03",True,"脊髓病损切除术","手术"
nhsa_jbzd_03_4x04,"03.4x04",True,"硬脊膜病损切除术","手术"
nhsa_jbzd_03_4x05,"03.4x05",True,"硬脊膜外病损切除术","手术"
nhsa_jbzd_03_4x06,"03.4x06",True,"硬脊膜下病损切除术","手术"
nhsa_jbzd_03_4x07,"03.4x07",True,"内镜下椎管内病损切除术","手术"
nhsa_jbzd_03_5100,"03.5100",True,"脊膜膨出修补术","手术"
nhsa_jbzd_03_5100x003,"03.5100x003",True,"脑脊膜膨出修补术","手术"
nhsa_jbzd_03_5200,"03.5200",True,"脊髓脊膜膨出修补术","手术"
nhsa_jbzd_03_5200x003,"03.5200x003",True,"脊髓外露修补术","手术"
nhsa_jbzd_03_5300,"03.5300",True,"脊椎骨折修补术","手术"
nhsa_jbzd_03_5300x001,"03.5300x001",True,"脊椎骨折复位术","手术"
nhsa_jbzd_03_5301,"03.5301",True,"脊椎骨折切开复位内固定术","手术"
nhsa_jbzd_03_5302,"03.5302",True,"颈椎骨折切开复位内固定术","手术"
nhsa_jbzd_03_5303,"03.5303",True,"齿状突骨折切开复位内固定术","手术"
nhsa_jbzd_03_5304,"03.5304",True,"胸椎骨折切开复位内固定术","手术"
nhsa_jbzd_03_5305,"03.5305",True,"腰椎骨折切开复位内固定术","手术"
nhsa_jbzd_03_5900,"03.5900",True,"脊髓结构的其他修补术和成形术","手术"
nhsa_jbzd_03_5900x005,"03.5900x005",True,"硬脊膜修补术","手术"
nhsa_jbzd_03_5901,"03.5901",True,"脊柱裂修补术","手术"
nhsa_jbzd_03_5902,"03.5902",True,"脊髓纵裂修补术","手术"
nhsa_jbzd_03_5903,"03.5903",True,"脊膜修补术","手术"
nhsa_jbzd_03_5904,"03.5904",True,"椎弓缺损修补术","手术"
nhsa_jbzd_03_5905,"03.5905",True,"脊髓空洞填塞术","手术"
nhsa_jbzd_03_6x00,"03.6x00",True,"脊髓和神经根粘连的松解术","手术"
nhsa_jbzd_03_6x00x008,"03.6x00x008",True,"脊髓终丝切断术","手术"
nhsa_jbzd_03_6x00x010,"03.6x00x010",True,"脊髓脊膜松解术","手术"
nhsa_jbzd_03_6x00x011,"03.6x00x011",True,"脊髓栓系松解术","手术"
nhsa_jbzd_03_6x01,"03.6x01",True,"脊髓粘连松解术","手术"
nhsa_jbzd_03_6x02,"03.6x02",True,"脊髓神经根粘连松解术","手术"
nhsa_jbzd_03_6x03,"03.6x03",True,"脊髓蛛网膜粘连松解术","手术"
nhsa_jbzd_03_7100,"03.7100",True,"脊髓蛛网膜下-腹腔分流术","手术"
nhsa_jbzd_03_7100x001,"03.7100x001",True,"脊髓空洞腹腔引流术","手术"
nhsa_jbzd_03_7200,"03.7200",True,"脊髓蛛网膜下-输尿管分流术","手术"
nhsa_jbzd_03_7900,"03.7900",True,"脊髓膜其他分流","手术"
nhsa_jbzd_03_7900x002,"03.7900x002",True,"脊髓-蛛网膜下腔分流术","手术"
nhsa_jbzd_03_7901,"03.7901",True,"脊髓硬膜外分流术","手术"
nhsa_jbzd_03_7902,"03.7902",True,"脊髓空洞蛛网膜下腔分流术","手术"
nhsa_jbzd_03_7904,"03.7904",True,"胸腔脊膜吻合术","手术"
nhsa_jbzd_03_7905,"03.7905",True,"腰-蛛网膜下腔分流术","手术"
nhsa_jbzd_03_7906,"03.7906",True,"输卵管脊膜吻合术","手术"
nhsa_jbzd_03_8x00,"03.8x00",True,"椎管内破坏性药物注射","治疗性操作"
nhsa_jbzd_03_8x01,"03.8x01",True,"椎管内无水酒精注射","治疗性操作"
nhsa_jbzd_03_9000,"03.9000",True,"椎管的导管置入，为治疗性或姑息治疗性药物的输注","治疗性操作"
nhsa_jbzd_03_9000x001,"03.9000x001",True,"连续硬膜外阻滞术","治疗性操作"
nhsa_jbzd_03_9100,"03.9100",True,"为镇痛的椎管麻醉药注射","治疗性操作"
nhsa_jbzd_03_9100x004,"03.9100x004",True,"椎管内止痛剂注入术","治疗性操作"
nhsa_jbzd_03_9101,"03.9101",True,"椎管内置管止痛术","治疗性操作"
nhsa_jbzd_03_9102,"03.9102",True,"脊神经根阻滞术","治疗性操作"
nhsa_jbzd_03_9200,"03.9200",True,"椎管其他药物的注射","治疗性操作"
nhsa_jbzd_03_9200x001,"03.9200x001",True,"椎管内注射封闭","治疗性操作"
nhsa_jbzd_03_9200x002,"03.9200x002",True,"椎管内注射化疗药物","治疗性操作"
nhsa_jbzd_03_9200x003,"03.9200x003",True,"椎管内注射药物治疗","治疗性操作"
nhsa_jbzd_03_9201,"03.9201",True,"脊髓蛛网膜下腔注射术","治疗性操作"
nhsa_jbzd_03_9202,"03.9202",True,"脊髓鞘内注射","治疗性操作"
nhsa_jbzd_03_9300,"03.9300",True,"脊髓神经刺激器导线置入或置换","手术"
nhsa_jbzd_03_9400,"03.9400",True,"去除脊髓神经刺激器导线","手术"
nhsa_jbzd_03_9500,"03.9500",True,"脊髓血块补片","手术"
nhsa_jbzd_03_9600,"03.9600",True,"经皮的椎骨关节面去神经术","手术"
nhsa_jbzd_03_9700,"03.9700",True,"脊髓膜分流术的修复术","手术"
nhsa_jbzd_03_9700x001,"03.9700x001",True,"脊髓膜分流修正术","手术"
nhsa_jbzd_03_9800,"03.9800",True,"去除脊髓膜分流术","手术"
nhsa_jbzd_03_9801,"03.9801",True,"脊髓蛛网膜下腔-腹腔分流管去除术","手术"
nhsa_jbzd_03_9900,"03.9900",True,"脊髓和椎管结构的其他手术","手术"
nhsa_jbzd_03_9900x003,"03.9900x003",True,"脊髓造瘘术","手术"
nhsa_jbzd_03_9900x004,"03.9900x004",True,"脊髓切开引流术","手术"
nhsa_jbzd_04_0100,"04.0100",True,"听神经瘤切除术","手术"
nhsa_jbzd_04_0100x003,"04.0100x003",True,"听神经切断术","手术"
nhsa_jbzd_04_0101,"04.0101",True,"经乙状窦后入路听神经瘤切除术","手术"
nhsa_jbzd_04_0102,"04.0102",True,"经迷路内听道听神经瘤切除术","手术"
nhsa_jbzd_04_0103,"04.0103",True,"前庭神经切断术","手术"
nhsa_jbzd_04_0200,"04.0200",True,"切断三叉神经","手术"
nhsa_jbzd_04_0200x005,"04.0200x005",True,"三叉神经感觉根部分切断术","手术"
nhsa_jbzd_04_0200x006,"04.0200x006",True,"鼻内镜下三叉神经切断术","手术"
nhsa_jbzd_04_0201,"04.0201",True,"延髓三叉神经脊髓束切断术","手术"
nhsa_jbzd_04_0202,"04.0202",True,"颞下三叉神经根切断术","手术"
nhsa_jbzd_04_0203,"04.0203",True,"经后颅窝三叉神经感觉根切断术","手术"
nhsa_jbzd_04_0204,"04.0204",True,"上牙槽神经切断术","手术"
nhsa_jbzd_04_0205,"04.0205",True,"筛前神经切断术","手术"
nhsa_jbzd_04_0300,"04.0300",True,"其他颅的和周围神经切断术或压轧术","手术"
nhsa_jbzd_04_0300x002,"04.0300x002",True,"闭孔神经切断术","手术"
nhsa_jbzd_04_0300x003,"04.0300x003",True,"脊神经根切断术","手术"
nhsa_jbzd_04_0300x009,"04.0300x009",True,"颈神经后根切断术","手术"
nhsa_jbzd_04_0300x010,"04.0300x010",True,"腰骶神经后根切断术","手术"
nhsa_jbzd_04_0300x011,"04.0300x011",True,"面神经分支切断术","手术"
nhsa_jbzd_04_0300x012,"04.0300x012",True,"膈神经切断术","手术"
nhsa_jbzd_04_0300x013,"04.0300x013",True,"翼管神经切断术","手术"
nhsa_jbzd_04_0300x014,"04.0300x014",True,"眶神经切断术","手术"
nhsa_jbzd_04_0300x015,"04.0300x015",True,"枕大神经切断术","手术"
nhsa_jbzd_04_0300x016,"04.0300x016",True,"臂丛神经切断术","手术"
nhsa_jbzd_04_0300x017,"04.0300x017",True,"正中神经切断术","手术"
nhsa_jbzd_04_0300x018,"04.0300x018",True,"腹股沟区神经切断术","手术"
nhsa_jbzd_04_0300x019,"04.0300x019",True,"胫前神经切断术","手术"
nhsa_jbzd_04_0300x020,"04.0300x020",True,"胫后神经切断术","手术"
nhsa_jbzd_04_0300x021,"04.0300x021",True,"腓肠神经切断术","手术"
nhsa_jbzd_04_0301,"04.0301",True,"颅神经切断术","手术"
nhsa_jbzd_04_0302,"04.0302",True,"视神经切断术","手术"
nhsa_jbzd_04_0303,"04.0303",True,"面神经切断术","手术"
nhsa_jbzd_04_0304,"04.0304",True,"周围神经切断术","手术"
nhsa_jbzd_04_0305,"04.0305",True,"指神经切断术","手术"
nhsa_jbzd_04_0306,"04.0306",True,"趾神经切断术","手术"
nhsa_jbzd_04_0307,"04.0307",True,"运动神经切断术","手术"
nhsa_jbzd_04_0308,"04.0308",True,"坐骨神经切断术","手术"
nhsa_jbzd_04_0309,"04.0309",True,"胫神经肌支切断术","手术"
nhsa_jbzd_04_0310,"04.0310",True,"腓神经切断术","手术"
nhsa_jbzd_04_0400,"04.0400",True,"颅的和周围神经的其他切开术","手术"
nhsa_jbzd_04_0400x025,"04.0400x025",True,"牙槽神经探查术","手术"
nhsa_jbzd_04_0400x029,"04.0400x029",True,"胸背神经探查术","手术"
nhsa_jbzd_04_0400x030,"04.0400x030",True,"舌神经探查术","手术"
nhsa_jbzd_04_0400x031,"04.0400x031",True,"足神经探查术","手术"
nhsa_jbzd_04_0401,"04.0401",True,"面神经解剖术","手术"
nhsa_jbzd_04_0402,"04.0402",True,"颅神经探查术","手术"
nhsa_jbzd_04_0403,"04.0403",True,"视神经鞘膜切开术","手术"
nhsa_jbzd_04_0404,"04.0404",True,"面神经探查术","手术"
nhsa_jbzd_04_0405,"04.0405",True,"喉返神经探查术","手术"
nhsa_jbzd_04_0406,"04.0406",True,"副神经探查术","手术"
nhsa_jbzd_04_0407,"04.0407",True,"舌下神经探查术","手术"
nhsa_jbzd_04_0408,"04.0408",True,"周围神经探查术","手术"
nhsa_jbzd_04_0409,"04.0409",True,"颈丛神经探查术","手术"
nhsa_jbzd_04_0410,"04.0410",True,"臂丛神经探查术","手术"
nhsa_jbzd_04_0411,"04.0411",True,"腰丛神经探查术","手术"
nhsa_jbzd_04_0412,"04.0412",True,"骶丛神经探查术","手术"
nhsa_jbzd_04_0413,"04.0413",True,"膈神经探查术","手术"
nhsa_jbzd_04_0414,"04.0414",True,"坐骨神经探查术","手术"
nhsa_jbzd_04_0415,"04.0415",True,"腋神经探查术","手术"
nhsa_jbzd_04_0416,"04.0416",True,"肌皮神经探查术","手术"
nhsa_jbzd_04_0417,"04.0417",True,"肩胛上神经探查术","手术"
nhsa_jbzd_04_0418,"04.0418",True,"正中神经探查术","手术"
nhsa_jbzd_04_0419,"04.0419",True,"尺神经探查术","手术"
nhsa_jbzd_04_0420,"04.0420",True,"桡神经探查术","手术"
nhsa_jbzd_04_0421,"04.0421",True,"指神经探查术","手术"
nhsa_jbzd_04_0422,"04.0422",True,"肋间神经探查术","手术"
nhsa_jbzd_04_0423,"04.0423",True,"股神经探查术","手术"
nhsa_jbzd_04_0424,"04.0424",True,"胫神经探查术","手术"
nhsa_jbzd_04_0425,"04.0425",True,"腓总神经探查术","手术"
nhsa_jbzd_04_0426,"04.0426",True,"足底神经探查术","手术"
nhsa_jbzd_04_0500,"04.0500",True,"半月神经节切除术","手术"
nhsa_jbzd_04_0600,"04.0600",True,"其他颅或周围神经节切除术","手术"
nhsa_jbzd_04_0600x001,"04.0600x001",True,"颅神经节切除术","手术"
nhsa_jbzd_04_0600x002,"04.0600x002",True,"周围神经节切除术","手术"
nhsa_jbzd_04_0700,"04.0700",True,"颅的和周围神经的其他切除术或撕脱术","手术"
nhsa_jbzd_04_0700x030,"04.0700x030",True,"神经内镜下经鼻腔视神经管减压术","手术"
nhsa_jbzd_04_0700x031,"04.0700x031",True,"鼻内镜下视神经病损切除术","手术"
nhsa_jbzd_04_0700x032,"04.0700x032",True,"鼻内镜下筛前神经烧灼术","手术"
nhsa_jbzd_04_0700x033,"04.0700x033",True,"筛前神经烧灼术","手术"
nhsa_jbzd_04_0700x034,"04.0700x034",True,"蝶腭神经烧灼术","手术"
nhsa_jbzd_04_0700x035,"04.0700x035",True,"嗅神经病损切除术","手术"
nhsa_jbzd_04_0700x036,"04.0700x036",True,"动眼神经病损切除术","手术"
nhsa_jbzd_04_0700x037,"04.0700x037",True,"滑车神经病损切除术","手术"
nhsa_jbzd_04_0700x038,"04.0700x038",True,"外展神经病损切除术","手术"
nhsa_jbzd_04_0700x039,"04.0700x039",True,"舌咽神经病损切除术","手术"
nhsa_jbzd_04_0700x040,"04.0700x040",True,"迷走神经病损切除术","手术"
nhsa_jbzd_04_0700x041,"04.0700x041",True,"舌下神经病损切除术","手术"
nhsa_jbzd_04_0700x042,"04.0700x042",True,"副神经病损切除术","手术"
nhsa_jbzd_04_0700x043,"04.0700x043",True,"下颌神经病损切除术","手术"
nhsa_jbzd_04_0700x044,"04.0700x044",True,"肋间神经病损切除术","手术"
nhsa_jbzd_04_0700x045,"04.0700x045",True,"纵隔神经病损切除术","手术"
nhsa_jbzd_04_0700x046,"04.0700x046",True,"腹膜后神经病损切除术","手术"
nhsa_jbzd_04_0700x047,"04.0700x047",True,"肌皮神经病损切除术","手术"
nhsa_jbzd_04_0700x048,"04.0700x048",True,"正中神经病损切除术","手术"
nhsa_jbzd_04_0700x049,"04.0700x049",True,"指神经病损切除术","手术"
nhsa_jbzd_04_0700x050,"04.0700x050",True,"闭孔神经病损切除术","手术"
nhsa_jbzd_04_0700x051,"04.0700x051",True,"股神经病损切除术","手术"
nhsa_jbzd_04_0700x052,"04.0700x052",True,"胫神经病损切除术","手术"
nhsa_jbzd_04_0700x053,"04.0700x053",True,"足神经病损切除术","手术"
nhsa_jbzd_04_0700x054,"04.0700x054",True,"正中神经撕脱术","手术"
nhsa_jbzd_04_0701,"04.0701",True,"滑车神经撕脱术","手术"
nhsa_jbzd_04_0702,"04.0702",True,"三叉神经撕脱术","手术"
nhsa_jbzd_04_0703,"04.0703",True,"眶上神经撕脱术","手术"
nhsa_jbzd_04_0704,"04.0704",True,"眶下神经撕脱术","手术"
nhsa_jbzd_04_0705,"04.0705",True,"下牙槽神经撕脱术","手术"
nhsa_jbzd_04_0706,"04.0706",True,"舌神经撕脱术","手术"
nhsa_jbzd_04_0707,"04.0707",True,"颅神经病损切除术","手术"
nhsa_jbzd_04_0708,"04.0708",True,"视神经病损切除术","手术"
nhsa_jbzd_04_0709,"04.0709",True,"三叉神经病损切除术","手术"
nhsa_jbzd_04_0710,"04.0710",True,"面神经病损切除术","手术"
nhsa_jbzd_04_0711,"04.0711",True,"听神经病损切除术","手术"
nhsa_jbzd_04_0712,"04.0712",True,"鼓室神经丛切除术","手术"
nhsa_jbzd_04_0713,"04.0713",True,"周围神经病损切除术","手术"
nhsa_jbzd_04_0714,"04.0714",True,"颈神经病损切除术","手术"
nhsa_jbzd_04_0715,"04.0715",True,"臂丛神经病损切除术","手术"
nhsa_jbzd_04_0716,"04.0716",True,"腰神经病损切除术","手术"
nhsa_jbzd_04_0717,"04.0717",True,"骶尾部神经病损切除术","手术"
nhsa_jbzd_04_0718,"04.0718",True,"坐骨神经病损切除术","手术"
nhsa_jbzd_04_0719,"04.0719",True,"尺神经病损切除术","手术"
nhsa_jbzd_04_0720,"04.0720",True,"桡神经病损切除术","手术"
nhsa_jbzd_04_0721,"04.0721",True,"腓总神经病损切除术","手术"
nhsa_jbzd_04_0722,"04.0722",True,"颅神经切除术","手术"
nhsa_jbzd_04_0723,"04.0723",True,"视神经切除术","手术"
nhsa_jbzd_04_0724,"04.0724",True,"面神经切除术","手术"
nhsa_jbzd_04_0725,"04.0725",True,"听神经切除术","手术"
nhsa_jbzd_04_0726,"04.0726",True,"经乙状窦后入路听神经切除术","手术"
nhsa_jbzd_04_0727,"04.0727",True,"前庭神经切除术","手术"
nhsa_jbzd_04_0728,"04.0728",True,"经迷路内听道前庭神经切除术","手术"
nhsa_jbzd_04_0729,"04.0729",True,"舌咽神经切除术","手术"
nhsa_jbzd_04_0730,"04.0730",True,"喉返神经切除术","手术"
nhsa_jbzd_04_0731,"04.0731",True,"周围神经切除术","手术"
nhsa_jbzd_04_0732,"04.0732",True,"肋间神经切除术","手术"
nhsa_jbzd_04_0733,"04.0733",True,"骶前神经切除术","手术"
nhsa_jbzd_04_1100,"04.1100",True,"闭合性[经皮][针吸]颅或周围神经或神经节的活组织检查","诊断性操作"
nhsa_jbzd_04_1101,"04.1101",True,"闭合性颅神经活组织检查","诊断性操作"
nhsa_jbzd_04_1102,"04.1102",True,"闭合性周围神经活组织检查","诊断性操作"
nhsa_jbzd_04_1103,"04.1103",True,"闭合性神经节活组织检查术","诊断性操作"
nhsa_jbzd_04_1200,"04.1200",True,"开放性颅或周围神经或神经节的活组织检查","手术"
nhsa_jbzd_04_1201,"04.1201",True,"颅神经活组织检查","手术"
nhsa_jbzd_04_1202,"04.1202",True,"周围神经活组织检查","手术"
nhsa_jbzd_04_1203,"04.1203",True,"神经节活组织检查术","手术"
nhsa_jbzd_04_1900,"04.1900",True,"颅和周围神经和神经节的其他诊断性操作","诊断性操作"
nhsa_jbzd_04_2x00,"04.2x00",True,"颅和周围神经的破坏术","手术"
nhsa_jbzd_04_2x00x001,"04.2x00x001",True,"肋间神经冷冻镇痛术","手术"
nhsa_jbzd_04_2x00x010,"04.2x00x010",True,"经皮腹腔神经丛射频消融术","治疗性操作"
nhsa_jbzd_04_2x00x012,"04.2x00x012",True,"骶神经根囊肿穿刺充填术","治疗性操作"
nhsa_jbzd_04_2x00x013,"04.2x00x013",True,"腹膜后无水酒精神经阻滞术","治疗性操作"
nhsa_jbzd_04_2x00x015,"04.2x00x015",True,"经皮肾动脉去交感神经射频消融术","治疗性操作"
nhsa_jbzd_04_2x00x016,"04.2x00x016",True,"超声内镜下腹腔神经丛阻滞术(CPN)","治疗性操作"
nhsa_jbzd_04_2x00x017,"04.2x00x017",True,"内囊前肢毁损术","治疗性操作"
nhsa_jbzd_04_2x00x018,"04.2x00x018",True,"经皮穿刺颈交感神经节毁损术","治疗性操作"
nhsa_jbzd_04_2x00x019,"04.2x00x019",True,"经皮穿刺腰交感神经节毁损术","治疗性操作"
nhsa_jbzd_04_2x00x020,"04.2x00x020",True,"经皮穿刺腹腔神经丛毁损术","治疗性操作"
nhsa_jbzd_04_2x00x021,"04.2x00x021",True,"CT引导下腰交感神经射频消融术","治疗性操作"
nhsa_jbzd_04_2x01,"04.2x01",True,"颅神经破坏术","手术"
nhsa_jbzd_04_2x02,"04.2x02",True,"周围神经破坏术","手术"
nhsa_jbzd_04_2x03,"04.2x03",True,"周围神经烧灼术","手术"
nhsa_jbzd_04_2x04,"04.2x04",True,"脊神经破坏术","手术"
nhsa_jbzd_04_2x05,"04.2x05",True,"脊髓神经根射频消融术","手术"
nhsa_jbzd_04_2x06,"04.2x06",True,"椎间孔镜下经侧后路脊神经内侧支射频消融术","手术"
nhsa_jbzd_04_2x07,"04.2x07",True,"三叉神经射频消融术","手术"
nhsa_jbzd_04_2x08,"04.2x08",True,"三叉神经半月节射频热凝术","手术"
nhsa_jbzd_04_2x09,"04.2x09",True,"翼腭神经节破坏术","手术"
nhsa_jbzd_04_2x10,"04.2x10",True,"肋间神经冷冻术","手术"
nhsa_jbzd_04_2x11,"04.2x11",True,"肋间神经射频消融术","手术"
nhsa_jbzd_04_2x12,"04.2x12",True,"内脏神经无水酒精注射术","治疗性操作"
nhsa_jbzd_04_2x13,"04.2x13",True,"神经感觉支乙醇注射术","治疗性操作"
nhsa_jbzd_04_3x00,"04.3x00",True,"颅和周围神经的缝合术","手术"
nhsa_jbzd_04_3x00x012,"04.3x00x012",True,"臂丛神经上、中、下干缝合术","手术"
nhsa_jbzd_04_3x00x017,"04.3x00x017",True,"腓肠神经吻合术","手术"
nhsa_jbzd_04_3x00x018,"04.3x00x018",True,"腋神经吻合术","手术"
nhsa_jbzd_04_3x00x019,"04.3x00x019",True,"下颌神经吻合术","手术"
nhsa_jbzd_04_3x00x020,"04.3x00x020",True,"隐神经吻合术","手术"
nhsa_jbzd_04_3x00x021,"04.3x00x021",True,"隐神经修复术","手术"
nhsa_jbzd_04_3x00x023,"04.3x00x023",True,"马尾神经缝合术","手术"
nhsa_jbzd_04_3x00x024,"04.3x00x024",True,"皮神经缝合术","手术"
nhsa_jbzd_04_3x00x025,"04.3x00x025",True,"耳大神经吻合术","手术"
nhsa_jbzd_04_3x00x026,"04.3x00x026",True,"腓总神经吻合术","手术"
nhsa_jbzd_04_3x00x028,"04.3x00x028",True,"迷走神经干吻合术","手术"
nhsa_jbzd_04_3x00x029,"04.3x00x029",True,"副神经缝合术","手术"
nhsa_jbzd_04_3x00x030,"04.3x00x030",True,"颈丛神经缝合术","手术"
nhsa_jbzd_04_3x00x031,"04.3x00x031",True,"舌下神经缝合术","手术"
nhsa_jbzd_04_3x00x032,"04.3x00x032",True,"膈神经缝合术","手术"
nhsa_jbzd_04_3x00x033,"04.3x00x033",True,"趾神经缝合术","手术"
nhsa_jbzd_04_3x01,"04.3x01",True,"颅神经缝合术","手术"
nhsa_jbzd_04_3x02,"04.3x02",True,"面神经缝合术","手术"
nhsa_jbzd_04_3x03,"04.3x03",True,"迷走神经缝合术","手术"
nhsa_jbzd_04_3x04,"04.3x04",True,"喉返神经缝合术","手术"
nhsa_jbzd_04_3x05,"04.3x05",True,"周围神经缝合术","手术"
nhsa_jbzd_04_3x06,"04.3x06",True,"臂丛神经缝合术","手术"
nhsa_jbzd_04_3x07,"04.3x07",True,"腰丛神经缝合术","手术"
nhsa_jbzd_04_3x08,"04.3x08",True,"骶丛神经缝合术","手术"
nhsa_jbzd_04_3x09,"04.3x09",True,"肌皮神经缝合术","手术"
nhsa_jbzd_04_3x10,"04.3x10",True,"正中神经缝合术","手术"
nhsa_jbzd_04_3x11,"04.3x11",True,"尺神经缝合术","手术"
nhsa_jbzd_04_3x12,"04.3x12",True,"桡神经缝合术","手术"
nhsa_jbzd_04_3x13,"04.3x13",True,"指神经缝合术","手术"
nhsa_jbzd_04_3x14,"04.3x14",True,"闭孔神经缝合术","手术"
nhsa_jbzd_04_3x15,"04.3x15",True,"坐骨神经缝合术","手术"
nhsa_jbzd_04_3x16,"04.3x16",True,"股神经缝合术","手术"
nhsa_jbzd_04_3x17,"04.3x17",True,"胫神经缝合术","手术"
nhsa_jbzd_04_3x18,"04.3x18",True,"腓神经缝合术","手术"
nhsa_jbzd_04_4100,"04.4100",True,"三叉神经根的减压术","手术"
nhsa_jbzd_04_4100x003,"04.4100x003",True,"三叉神经减压术","手术"
nhsa_jbzd_04_4100x004,"04.4100x004",True,"经皮三叉神经半月节球囊压迫术","治疗性操作"
nhsa_jbzd_04_4101,"04.4101",True,"三叉神经微血管减压术","手术"
nhsa_jbzd_04_4102,"04.4102",True,"内镜下三叉神经微血管减压术","手术"
nhsa_jbzd_04_4200,"04.4200",True,"其他脑神经减压术","手术"
nhsa_jbzd_04_4200x006,"04.4200x006",True,"经后颅窝面神经减压术","手术"
nhsa_jbzd_04_4200x007,"04.4200x007",True,"枕下神经减压术","手术"
nhsa_jbzd_04_4200x014,"04.4200x014",True,"面神经根粘连松解术","手术"
nhsa_jbzd_04_4200x015,"04.4200x015",True,"三叉神经根粘连松解术","手术"
nhsa_jbzd_04_4200x016,"04.4200x016",True,"展神经减压术","手术"
nhsa_jbzd_04_4201,"04.4201",True,"视神经减压术","手术"
nhsa_jbzd_04_4202,"04.4202",True,"内镜下视神经减压术","手术"
nhsa_jbzd_04_4203,"04.4203",True,"面神经减压术","手术"
nhsa_jbzd_04_4204,"04.4204",True,"面神经微血管减压术","手术"
nhsa_jbzd_04_4205,"04.4205",True,"内镜下面神经微血管减压术","手术"
nhsa_jbzd_04_4206,"04.4206",True,"听神经减压术","手术"
nhsa_jbzd_04_4207,"04.4207",True,"听神经根粘连松解术","手术"
nhsa_jbzd_04_4208,"04.4208",True,"舌咽神经减压术","手术"
nhsa_jbzd_04_4209,"04.4209",True,"舌咽神经微血管减压术","手术"
nhsa_jbzd_04_4210,"04.4210",True,"内镜下舌咽神经微血管减压术","手术"
nhsa_jbzd_04_4211,"04.4211",True,"迷走神经减压术","手术"
nhsa_jbzd_04_4212,"04.4212",True,"喉返神经松解术","手术"
nhsa_jbzd_04_4213,"04.4213",True,"副神经减压术","手术"
nhsa_jbzd_04_4300,"04.4300",True,"腕管松解术","手术"
nhsa_jbzd_04_4301,"04.4301",True,"关节镜下腕管松解术","手术"
nhsa_jbzd_04_4400,"04.4400",True,"跗管松解术","手术"
nhsa_jbzd_04_4900,"04.4900",True,"其他周围神经或神经节粘连的减压术或松解术","手术"
nhsa_jbzd_04_4900x033,"04.4900x033",True,"腓浅神经松解术","手术"
nhsa_jbzd_04_4900x034,"04.4900x034",True,"腓深神经松解术","手术"
nhsa_jbzd_04_4900x035,"04.4900x035",True,"腋神经松解术","手术"
nhsa_jbzd_04_4900x037,"04.4900x037",True,"胫后神经松解术","手术"
nhsa_jbzd_04_4900x038,"04.4900x038",True,"迷走神经根粘连松解术","手术"
nhsa_jbzd_04_4900x042,"04.4900x042",True,"周围神经松解术","手术"
nhsa_jbzd_04_4900x043,"04.4900x043",True,"肘管松解术","手术"
nhsa_jbzd_04_4900x044,"04.4900x044",True,"跖管减压术","手术"
nhsa_jbzd_04_4900x045,"04.4900x045",True,"踝管减压术","手术"
nhsa_jbzd_04_4900x046,"04.4900x046",True,"副神经松解术","手术"
nhsa_jbzd_04_4900x047,"04.4900x047",True,"颈丛神经松解术","手术"
nhsa_jbzd_04_4900x048,"04.4900x048",True,"颏神经松解术","手术"
nhsa_jbzd_04_4900x049,"04.4900x049",True,"肩胛上神经松解术","手术"
nhsa_jbzd_04_4900x050,"04.4900x050",True,"膈神经松解术","手术"
nhsa_jbzd_04_4901,"04.4901",True,"臂丛神经松解术","手术"
nhsa_jbzd_04_4902,"04.4902",True,"舌神经根松解术","手术"
nhsa_jbzd_04_4903,"04.4903",True,"神经根管松解术","手术"
nhsa_jbzd_04_4904,"04.4904",True,"腰丛神经松解术","手术"
nhsa_jbzd_04_4905,"04.4905",True,"骶神经松解术","手术"
nhsa_jbzd_04_4906,"04.4906",True,"马尾神经松解术","手术"
nhsa_jbzd_04_4907,"04.4907",True,"正中神经松解术","手术"
nhsa_jbzd_04_4908,"04.4908",True,"尺神经松解术","手术"
nhsa_jbzd_04_4909,"04.4909",True,"桡神经松解术","手术"
nhsa_jbzd_04_4910,"04.4910",True,"指神经松解术","手术"
nhsa_jbzd_04_4911,"04.4911",True,"坐骨神经松解术","手术"
nhsa_jbzd_04_4912,"04.4912",True,"下肢外周神经减压术","手术"
nhsa_jbzd_04_4913,"04.4913",True,"股神经松解术","手术"
nhsa_jbzd_04_4914,"04.4914",True,"胫神经松解术","手术"
nhsa_jbzd_04_4915,"04.4915",True,"腓总神经松解术","手术"
nhsa_jbzd_04_4916,"04.4916",True,"腓神经松解术","手术"
nhsa_jbzd_04_4917,"04.4917",True,"足神经松解术","手术"
nhsa_jbzd_04_4918,"04.4918",True,"跖间神经松解术","手术"
nhsa_jbzd_04_4919,"04.4919",True,"趾间神经松解术","手术"
nhsa_jbzd_04_5x00,"04.5x00",True,"颅或周围神经移植术","手术"
nhsa_jbzd_04_5x00x005,"04.5x00x005",True,"颅神经移植术","手术"
nhsa_jbzd_04_5x00x009,"04.5x00x009",True,"耳大神经移植术","手术"
nhsa_jbzd_04_5x00x016,"04.5x00x016",True,"周围神经移植术","手术"
nhsa_jbzd_04_5x00x017,"04.5x00x017",True,"脊神经移植术","手术"
nhsa_jbzd_04_5x00x018,"04.5x00x018",True,"副神经移植术","手术"
nhsa_jbzd_04_5x00x019,"04.5x00x019",True,"颈丛神经移植术","手术"
nhsa_jbzd_04_5x00x020,"04.5x00x020",True,"胫神经移植术","手术"
nhsa_jbzd_04_5x00x021,"04.5x00x021",True,"肩胛神经移植术","手术"
nhsa_jbzd_04_5x00x022,"04.5x00x022",True,"腋神经移植术","手术"
nhsa_jbzd_04_5x00x023,"04.5x00x023",True,"肌皮神经移植术","手术"
nhsa_jbzd_04_5x00x024,"04.5x00x024",True,"喉返神经移植术","手术"
nhsa_jbzd_04_5x01,"04.5x01",True,"面神经移植术","手术"
nhsa_jbzd_04_5x02,"04.5x02",True,"臂丛神经移植术","手术"
nhsa_jbzd_04_5x03,"04.5x03",True,"正中神经移植术","手术"
nhsa_jbzd_04_5x04,"04.5x04",True,"尺神经移植术","手术"
nhsa_jbzd_04_5x05,"04.5x05",True,"桡神经移植术","手术"
nhsa_jbzd_04_5x06,"04.5x06",True,"指神经移植术","手术"
nhsa_jbzd_04_5x07,"04.5x07",True,"坐骨神经移植术","手术"
nhsa_jbzd_04_5x08,"04.5x08",True,"股神经移植术","手术"
nhsa_jbzd_04_5x09,"04.5x09",True,"腓总神经移植术","手术"
nhsa_jbzd_04_5x10,"04.5x10",True,"腓肠神经移植术","手术"
nhsa_jbzd_04_6x00,"04.6x00",True,"颅和周围神经的移位术","手术"
nhsa_jbzd_04_6x00x010,"04.6x00x010",True,"同侧脊神经根移位术","手术"
nhsa_jbzd_04_6x00x012,"04.6x00x012",True,"闭孔神经移位术","手术"
nhsa_jbzd_04_6x00x013,"04.6x00x013",True,"尺神经部分神经束移位术","手术"
nhsa_jbzd_04_6x00x014,"04.6x00x014",True,"尺神经前移术","手术"
nhsa_jbzd_04_6x00x015,"04.6x00x015",True,"肱三头肌支移位术","手术"
nhsa_jbzd_04_6x00x017,"04.6x00x017",True,"脑神经移位术","手术"
nhsa_jbzd_04_6x00x018,"04.6x00x018",True,"桡神经浅支移位术","手术"
nhsa_jbzd_04_6x00x019,"04.6x00x019",True,"正中神经部分神经束移位术","手术"
nhsa_jbzd_04_6x00x020,"04.6x00x020",True,"周围神经移位术","手术"
nhsa_jbzd_04_6x01,"04.6x01",True,"副神经移位术","手术"
nhsa_jbzd_04_6x02,"04.6x02",True,"耳大神经移位术","手术"
nhsa_jbzd_04_6x03,"04.6x03",True,"下牙槽神经移位术","手术"
nhsa_jbzd_04_6x04,"04.6x04",True,"颈丛神经移位术","手术"
nhsa_jbzd_04_6x05,"04.6x05",True,"健侧颈7神经移位术","手术"
nhsa_jbzd_04_6x06,"04.6x06",True,"肋间神经移位术","手术"
nhsa_jbzd_04_6x07,"04.6x07",True,"胸背神经移位术","手术"
nhsa_jbzd_04_6x08,"04.6x08",True,"正中神经移位术","手术"
nhsa_jbzd_04_6x09,"04.6x09",True,"桡神经移位术","手术"
nhsa_jbzd_04_6x10,"04.6x10",True,"尺神经移位术","手术"
nhsa_jbzd_04_6x11,"04.6x11",True,"指神经移位术","手术"
nhsa_jbzd_04_6x12,"04.6x12",True,"膈神经移位术","手术"
nhsa_jbzd_04_7100,"04.7100",True,"舌下神经-面神经吻合术","手术"
nhsa_jbzd_04_7200,"04.7200",True,"副神经-面神经吻合术","手术"
nhsa_jbzd_04_7300,"04.7300",True,"副神经-舌下神经吻合术","手术"
nhsa_jbzd_04_7400,"04.7400",True,"颅或周围神经的其他吻合术","手术"
nhsa_jbzd_04_7400x032,"04.7400x032",True,"面神经-三叉神经吻合术","手术"
nhsa_jbzd_04_7400x033,"04.7400x033",True,"耳大神经-面神经吻合术","手术"
nhsa_jbzd_04_7400x034,"04.7400x034",True,"副神经吻合术","手术"
nhsa_jbzd_04_7401,"04.7401",True,"颅神经吻合术","手术"
nhsa_jbzd_04_7402,"04.7402",True,"面神经吻合术","手术"
nhsa_jbzd_04_7403,"04.7403",True,"面神经膈神经吻合术","手术"
nhsa_jbzd_04_7404,"04.7404",True,"舌下神经吻合术","手术"
nhsa_jbzd_04_7405,"04.7405",True,"牙槽神经吻合术","手术"
nhsa_jbzd_04_7406,"04.7406",True,"迷走神经吻合术","手术"
nhsa_jbzd_04_7407,"04.7407",True,"周围神经吻合术","手术"
nhsa_jbzd_04_7408,"04.7408",True,"指神经吻合术","手术"
nhsa_jbzd_04_7409,"04.7409",True,"尺神经吻合术","手术"
nhsa_jbzd_04_7410,"04.7410",True,"桡神经吻合术","手术"
nhsa_jbzd_04_7411,"04.7411",True,"臂丛神经吻合术","手术"
nhsa_jbzd_04_7412,"04.7412",True,"正中神经吻合术","手术"
nhsa_jbzd_04_7413,"04.7413",True,"肌皮神经吻合术","手术"
nhsa_jbzd_04_7414,"04.7414",True,"闭孔神经吻合术","手术"
nhsa_jbzd_04_7415,"04.7415",True,"坐骨神经吻合术","手术"
nhsa_jbzd_04_7416,"04.7416",True,"股神经吻合术","手术"
nhsa_jbzd_04_7417,"04.7417",True,"胫神经吻合术","手术"
nhsa_jbzd_04_7418,"04.7418",True,"腓神经吻合术","手术"
nhsa_jbzd_04_7500,"04.7500",True,"颅和周围神经以前修补术的修复术","手术"
nhsa_jbzd_04_7500x001,"04.7500x001",True,"颅神经调整术","手术"
nhsa_jbzd_04_7500x002,"04.7500x002",True,"周围神经调整术","手术"
nhsa_jbzd_04_7500x003,"04.7500x003",True,"正中神经调整术","手术"
nhsa_jbzd_04_7500x004,"04.7500x004",True,"面神经修复术后再修正术","手术"
nhsa_jbzd_04_7500x005,"04.7500x005",True,"坐骨神经修复术后再修正术","手术"
nhsa_jbzd_04_7501,"04.7501",True,"颅神经修复术","手术"
nhsa_jbzd_04_7502,"04.7502",True,"周围神经修复术","手术"
nhsa_jbzd_04_7503,"04.7503",True,"正中神经修复术","手术"
nhsa_jbzd_04_7600,"04.7600",True,"颅和周围神经陈旧性创伤的修补术","手术"
nhsa_jbzd_04_7600x002,"04.7600x002",True,"尺神经延迟修补术","手术"
nhsa_jbzd_04_7600x003,"04.7600x003",True,"桡神经延迟修补术","手术"
nhsa_jbzd_04_7600x004,"04.7600x004",True,"皮神经延迟修补术","手术"
nhsa_jbzd_04_7600x005,"04.7600x005",True,"舌下神经延迟修补术","手术"
nhsa_jbzd_04_7600x006,"04.7600x006",True,"副神经延迟修补术","手术"
nhsa_jbzd_04_7600x007,"04.7600x007",True,"面神经延迟修补术","手术"
nhsa_jbzd_04_7600x008,"04.7600x008",True,"胸神经延迟修补术","手术"
nhsa_jbzd_04_7600x009,"04.7600x009",True,"肩胛神经延迟修补术","手术"
nhsa_jbzd_04_7600x010,"04.7600x010",True,"腋神经延迟修补术","手术"
nhsa_jbzd_04_7600x011,"04.7600x011",True,"臂丛神经延迟修补术","手术"
nhsa_jbzd_04_7600x012,"04.7600x012",True,"肌皮神经延迟修补术","手术"
nhsa_jbzd_04_7600x013,"04.7600x013",True,"正中神经延迟修补术","手术"
nhsa_jbzd_04_7600x014,"04.7600x014",True,"指神经延迟修补术","手术"
nhsa_jbzd_04_7600x015,"04.7600x015",True,"坐骨神经延迟修补术","手术"
nhsa_jbzd_04_7600x016,"04.7600x016",True,"胫神经延迟修补术","手术"
nhsa_jbzd_04_7600x017,"04.7600x017",True,"腓神经延迟修补术","手术"
nhsa_jbzd_04_7600x018,"04.7600x018",True,"足底神经延迟修补术","手术"
nhsa_jbzd_04_7900,"04.7900",True,"其他神经成形术","手术"
nhsa_jbzd_04_8000,"04.8000",True,"周围神经注射","治疗性操作"
nhsa_jbzd_04_8100,"04.8100",True,"周围神经麻醉药注射，为了镇痛","治疗性操作"
nhsa_jbzd_04_8100x003,"04.8100x003",True,"周围神经麻醉止痛","治疗性操作"
nhsa_jbzd_04_8101,"04.8101",True,"周围神经阻滞术","治疗性操作"
nhsa_jbzd_04_8102,"04.8102",True,"三叉神经阻滞术","治疗性操作"
nhsa_jbzd_04_8103,"04.8103",True,"下颌神经阻滞术","治疗性操作"
nhsa_jbzd_04_8104,"04.8104",True,"肋间神经阻滞术","治疗性操作"
nhsa_jbzd_04_8105,"04.8105",True,"腹腔神经阻滞术","治疗性操作"
nhsa_jbzd_04_8106,"04.8106",True,"股神经阻滞术","治疗性操作"
nhsa_jbzd_04_8900,"04.8900",True,"其他物质注射，除外神经破坏药","治疗性操作"
nhsa_jbzd_04_9100,"04.9100",True,"神经牵伸术","手术"
nhsa_jbzd_04_9200,"04.9200",True,"周围神经刺激器导线的置入或置换","手术"
nhsa_jbzd_04_9201x001,"04.9201x001",True,"周围神经刺激器导线置入术","治疗性操作"
nhsa_jbzd_04_9201x002,"04.9201x002",True,"周围神经刺激器导线置换术","治疗性操作"
nhsa_jbzd_04_9201x003,"04.9201x003",True,"骶神经神经刺激器导线置入术","治疗性操作"
nhsa_jbzd_04_9300,"04.9300",True,"去除周围神经刺激器导线","手术"
nhsa_jbzd_04_9300x001,"04.9300x001",True,"周围神经电刺激器去除术","手术"
nhsa_jbzd_04_9301,"04.9301",True,"骶神经刺激电极取出术","手术"
nhsa_jbzd_04_9900,"04.9900",True,"颅和周围神经的其他手术","手术"
nhsa_jbzd_05_0x00,"05.0x00",True,"交感神经或神经节的切断术","手术"
nhsa_jbzd_05_0x00x001,"05.0x00x001",True,"交感神经切断术","手术"
nhsa_jbzd_05_0x01,"05.0x01",True,"胸腔镜下交感神经切断术","手术"
nhsa_jbzd_05_1100,"05.1100",True,"交感神经或神经节的活组织检查","手术"
nhsa_jbzd_05_1101,"05.1101",True,"交感神经活组织检查","手术"
nhsa_jbzd_05_1102,"05.1102",True,"交感神经节活组织检查","手术"
nhsa_jbzd_05_1900,"05.1900",True,"交感神经或神经节的其他诊断性操作","诊断性操作"
nhsa_jbzd_05_2100,"05.2100",True,"蝶腭神经节切除术","手术"
nhsa_jbzd_05_2200,"05.2200",True,"颈交感神经切除术","手术"
nhsa_jbzd_05_2300,"05.2300",True,"腰交感神经切除术","手术"
nhsa_jbzd_05_2301,"05.2301",True,"腹腔镜腰交感神经切除术","手术"
nhsa_jbzd_05_2400,"05.2400",True,"骶前交感神经切除术","手术"
nhsa_jbzd_05_2401,"05.2401",True,"腹腔镜骶前神经切断术","手术"
nhsa_jbzd_05_2402,"05.2402",True,"骶前神经切断术","手术"
nhsa_jbzd_05_2500,"05.2500",True,"动脉周围交感神经切除术","手术"
nhsa_jbzd_05_2900,"05.2900",True,"其他交感神经切除术和神经节切除术","手术"
nhsa_jbzd_05_2901,"05.2901",True,"交感神经切除术","手术"
nhsa_jbzd_05_2902,"05.2902",True,"交感神经病损切除术","手术"
nhsa_jbzd_05_2903,"05.2903",True,"胸交感神经切除术","手术"
nhsa_jbzd_05_2904,"05.2904",True,"胸腔镜下胸交感神经部分切除术","手术"
nhsa_jbzd_05_3100,"05.3100",True,"麻醉药交感神经注射，为了镇痛","治疗性操作"
nhsa_jbzd_05_3100x006,"05.3100x006",True,"星状神经节阻滞术","治疗性操作"
nhsa_jbzd_05_3100x007,"05.3100x007",True,"腹腔神经节阻滞术","治疗性操作"
nhsa_jbzd_05_3100x008,"05.3100x008",True,"内窥镜下腹腔神经节阻滞术","治疗性操作"
nhsa_jbzd_05_3100x009,"05.3100x009",True,"腹膜后神经丛阻滞术","治疗性操作"
nhsa_jbzd_05_3100x010,"05.3100x010",True,"脊神经丛阻滞术","治疗性操作"
nhsa_jbzd_05_3101,"05.3101",True,"腹腔无水酒精神经阻滞术","治疗性操作"
nhsa_jbzd_05_3200,"05.3200",True,"神经破坏药交感神经注射","治疗性操作"
nhsa_jbzd_05_3200x001,"05.3200x001",True,"交感神经注射破坏剂","治疗性操作"
nhsa_jbzd_05_3900,"05.3900",True,"交感神经或神经节的其他注射","治疗性操作"
nhsa_jbzd_05_8100,"05.8100",True,"交感神经或神经节的修补术","手术"
nhsa_jbzd_05_8101,"05.8101",True,"交感神经修补术","手术"
nhsa_jbzd_05_8102,"05.8102",True,"交感神经节修补术","手术"
nhsa_jbzd_05_8900,"05.8900",True,"交感神经或神经节的其他手术","手术"
nhsa_jbzd_05_8900x001,"05.8900x001",True,"交感神经瘤切除术","手术"
nhsa_jbzd_05_9x00,"05.9x00",True,"神经系统的其他手术","手术"
nhsa_jbzd_06_0100,"06.0100",True,"甲状腺区抽吸","治疗性操作"
nhsa_jbzd_06_0100x001,"06.0100x001",True,"甲状腺区抽吸引流术","治疗性操作"
nhsa_jbzd_06_0200,"06.0200",True,"甲状腺区伤口的再切开","手术"
nhsa_jbzd_06_0200x001,"06.0200x001",True,"甲状腺术后切开探查术","手术"
nhsa_jbzd_06_0201,"06.0201",True,"甲状腺术后止血术","手术"
nhsa_jbzd_06_0900,"06.0900",True,"甲状腺区的其他切开术","手术"
nhsa_jbzd_06_0900x004,"06.0900x004",True,"颈部探查术","手术"
nhsa_jbzd_06_0900x005,"06.0900x005",True,"甲状舌管切开引流术","手术"
nhsa_jbzd_06_0900x006,"06.0900x006",True,"甲状腺切开异物取出术","手术"
nhsa_jbzd_06_0901,"06.0901",True,"甲状腺切开探查术","手术"
nhsa_jbzd_06_0902,"06.0902",True,"甲状腺切开引流术","手术"
nhsa_jbzd_06_0903,"06.0903",True,"甲状旁腺探查术","手术"
nhsa_jbzd_06_1100,"06.1100",True,"闭合性[经皮][针吸]甲状腺活组织检查","诊断性操作"
nhsa_jbzd_06_1101,"06.1101",True,"超声引导下经皮甲状腺活组织检查术","诊断性操作"
nhsa_jbzd_06_1200,"06.1200",True,"开放性甲状腺活组织检查","手术"
nhsa_jbzd_06_1300,"06.1300",True,"甲状旁腺活组织检查","诊断性操作"
nhsa_jbzd_06_1301,"06.1301",True,"开放性甲状旁腺活组织检查","手术"
nhsa_jbzd_06_1302,"06.1302",True,"经皮甲状旁腺活组织检查","诊断性操作"
nhsa_jbzd_06_1303,"06.1303",True,"超声引导下甲状旁腺活组织检查","诊断性操作"
nhsa_jbzd_06_1900,"06.1900",True,"甲状腺和甲状旁腺的其他诊断性操作","诊断性操作"
nhsa_jbzd_06_2x00,"06.2x00",True,"单侧甲状腺叶切除术","手术"
nhsa_jbzd_06_2x01,"06.2x01",True,"腔镜下单侧甲状腺切除术","手术"
nhsa_jbzd_06_2x02,"06.2x02",True,"单侧甲状腺切除伴甲状腺峡部切除术","手术"
nhsa_jbzd_06_2x03,"06.2x03",True,"单侧甲状腺切除伴他叶部分切除术","手术"
nhsa_jbzd_06_2x04,"06.2x04",True,"单侧甲状腺切除伴峡部和其他叶部分切除术","手术"
nhsa_jbzd_06_3100,"06.3100",True,"甲状腺病损切除术","手术"
nhsa_jbzd_06_3100x001,"06.3100x001",True,"甲状腺病损射频消融术","手术"
nhsa_jbzd_06_3101,"06.3101",True,"腔镜下甲状腺病损切除术","手术"
nhsa_jbzd_06_3900,"06.3900",True,"其他部分甲状腺切除术","手术"
nhsa_jbzd_06_3900x001,"06.3900x001",True,"残余甲状腺大部切除术","手术"
nhsa_jbzd_06_3900x003,"06.3900x003",True,"单侧甲状腺部分切除术","手术"
nhsa_jbzd_06_3900x004,"06.3900x004",True,"单侧甲状腺次全切除术","手术"
nhsa_jbzd_06_3900x011,"06.3900x011",True,"腔镜下甲状腺次全切除术","手术"
nhsa_jbzd_06_3900x012,"06.3900x012",True,"双侧甲状腺部分切除术","手术"
nhsa_jbzd_06_3900x013,"06.3900x013",True,"双侧甲状腺次全切除术","手术"
nhsa_jbzd_06_3901,"06.3901",True,"甲状腺大部切除术","手术"
nhsa_jbzd_06_3902,"06.3902",True,"腔镜下甲状腺大部切除术","手术"
nhsa_jbzd_06_3903,"06.3903",True,"异位甲状腺切除术","手术"
nhsa_jbzd_06_3904,"06.3904",True,"甲状腺楔形切除术","手术"
nhsa_jbzd_06_3905,"06.3905",True,"甲状腺峡部切除术","手术"
nhsa_jbzd_06_3906,"06.3906",True,"甲状腺峡部部分切除术","手术"
nhsa_jbzd_06_3907,"06.3907",True,"腔镜下甲状腺峡部切除术","手术"
nhsa_jbzd_06_3908,"06.3908",True,"腔镜下甲状腺部分切除术","手术"
nhsa_jbzd_06_4x00,"06.4x00",True,"甲状腺全部切除术","手术"
nhsa_jbzd_06_4x01,"06.4x01",True,"残余甲状腺切除术","手术"
nhsa_jbzd_06_4x02,"06.4x02",True,"腔镜下甲状腺全部切除术","手术"
nhsa_jbzd_06_5000,"06.5000",True,"胸骨下甲状腺切除术","手术"
nhsa_jbzd_06_5100,"06.5100",True,"胸骨下甲状腺部分切除术","手术"
nhsa_jbzd_06_5100x001,"06.5100x001",True,"腔镜下胸骨后甲状腺次全切除术","手术"
nhsa_jbzd_06_5100x002,"06.5100x002",True,"腔镜下胸骨后甲状腺病损切除术","手术"
nhsa_jbzd_06_5101,"06.5101",True,"胸骨后甲状腺病损切除术","手术"
nhsa_jbzd_06_5200,"06.5200",True,"胸骨下甲状腺全部切除术","手术"
nhsa_jbzd_06_6x00,"06.6x00",True,"舌部甲状腺切除术","手术"
nhsa_jbzd_06_7x00,"06.7x00",True,"甲状舌管切除术","手术"
nhsa_jbzd_06_7x00x003,"06.7x00x003",True,"甲状舌管瘘闭合术","手术"
nhsa_jbzd_06_7x01,"06.7x01",True,"甲状舌管病损切除术","手术"
nhsa_jbzd_06_7x02,"06.7x02",True,"甲状舌管瘘切除术","手术"
nhsa_jbzd_06_8100,"06.8100",True,"甲状旁腺全部切除术","手术"
nhsa_jbzd_06_8100x002,"06.8100x002",True,"腔镜下甲状旁腺全部切除术","手术"
nhsa_jbzd_06_8900,"06.8900",True,"其他甲状旁腺切除术","手术"
nhsa_jbzd_06_8900x005,"06.8900x005",True,"移植自体甲状旁腺切除术","手术"
nhsa_jbzd_06_8900x006,"06.8900x006",True,"异位甲状旁腺病损切除术","手术"
nhsa_jbzd_06_8900x007,"06.8900x007",True,"腔镜下甲状旁腺部分切除术","手术"
nhsa_jbzd_06_8901,"06.8901",True,"异位甲状旁腺切除术","手术"
nhsa_jbzd_06_8902,"06.8902",True,"甲状旁腺部分切除术","手术"
nhsa_jbzd_06_8903,"06.8903",True,"甲状旁腺病损切除术","手术"
nhsa_jbzd_06_8904,"06.8904",True,"腔镜下甲状旁腺病损切除术","手术"
nhsa_jbzd_06_8905,"06.8905",True,"移植甲状旁腺切除术","手术"
nhsa_jbzd_06_9100,"06.9100",True,"切断甲状腺峡部","手术"
nhsa_jbzd_06_9100x001,"06.9100x001",True,"甲状腺峡部横断术","手术"
nhsa_jbzd_06_9200,"06.9200",True,"甲状腺血管结扎术","手术"
nhsa_jbzd_06_9300,"06.9300",True,"甲状腺缝合术","手术"
nhsa_jbzd_06_9400,"06.9400",True,"甲状腺组织再植入","手术"
nhsa_jbzd_06_9401,"06.9401",True,"甲状腺自体移植术","手术"
nhsa_jbzd_06_9500,"06.9500",True,"甲状旁腺组织再植入","手术"
nhsa_jbzd_06_9501,"06.9501",True,"甲状旁腺自体移植术","手术"
nhsa_jbzd_06_9502,"06.9502",True,"甲状旁腺异体移植术","手术"
nhsa_jbzd_06_9800,"06.9800",True,"甲状腺其他手术","手术"
nhsa_jbzd_06_9900,"06.9900",True,"甲状旁腺其他手术","手术"
nhsa_jbzd_06_9900x002,"06.9900x002",True,"超声引导下甲状旁腺射频消融术","治疗性操作"
nhsa_jbzd_07_0000,"07.0000",True,"肾上腺区探查术","手术"
nhsa_jbzd_07_0100,"07.0100",True,"单侧肾上腺区探查术","手术"
nhsa_jbzd_07_0200,"07.0200",True,"双侧肾上腺区探查术","手术"
nhsa_jbzd_07_1100,"07.1100",True,"闭合性[经皮][针吸]肾上腺活组织检查","诊断性操作"
nhsa_jbzd_07_1200,"07.1200",True,"开放性肾上腺活组织检查","手术"
nhsa_jbzd_07_1200x003,"07.1200x003",True,"腹腔镜肾上腺活组织检查术","手术"
nhsa_jbzd_07_1300,"07.1300",True,"垂体腺活组织检查，经前额入路","手术"
nhsa_jbzd_07_1400,"07.1400",True,"垂体腺活组织检查，经蝶骨入路","手术"
nhsa_jbzd_07_1500,"07.1500",True,"垂体腺活组织检查，未特指入路","手术"
nhsa_jbzd_07_1600,"07.1600",True,"胸腺活组织检查","诊断性操作"
nhsa_jbzd_07_1700,"07.1700",True,"松果腺活组织检查","手术"
nhsa_jbzd_07_1900,"07.1900",True,"肾上腺、垂体、松果腺和胸腺的其他诊断性操作","诊断性操作"
nhsa_jbzd_07_2100,"07.2100",True,"肾上腺病损切除术","手术"
nhsa_jbzd_07_2100x001,"07.2100x001",True,"肾上腺病损激光气化术","手术"
nhsa_jbzd_07_2101,"07.2101",True,"经皮肾上腺病损射频消融术","治疗性操作"
nhsa_jbzd_07_2102,"07.2102",True,"腹腔镜肾上腺病损切除术","手术"
nhsa_jbzd_07_2200,"07.2200",True,"单侧肾上腺切除术","手术"
nhsa_jbzd_07_2201,"07.2201",True,"腹腔镜单侧肾上腺切除术","手术"
nhsa_jbzd_07_2900,"07.2900",True,"其他部分肾上腺切除术","手术"
nhsa_jbzd_07_2900x001,"07.2900x001",True,"单侧肾上腺大部分切除术","手术"
nhsa_jbzd_07_2900x003,"07.2900x003",True,"肾上腺部分切除术","手术"
nhsa_jbzd_07_2901,"07.2901",True,"肾上腺大部切除术","手术"
nhsa_jbzd_07_2902,"07.2902",True,"腹腔镜肾上腺部分切除术","手术"
nhsa_jbzd_07_3x00,"07.3x00",True,"双侧肾上腺切除术","手术"
nhsa_jbzd_07_3x01,"07.3x01",True,"腹腔镜双侧肾上腺切除术","手术"
nhsa_jbzd_07_4100,"07.4100",True,"肾上腺切开术","手术"
nhsa_jbzd_07_4100x002,"07.4100x002",True,"肾上腺囊肿切开引流术","手术"
nhsa_jbzd_07_4101,"07.4101",True,"肾上腺探查术","手术"
nhsa_jbzd_07_4102,"07.4102",True,"腹腔镜肾上腺探查术","手术"
nhsa_jbzd_07_4103,"07.4103",True,"肾上腺切开引流术","手术"
nhsa_jbzd_07_4200,"07.4200",True,"肾上腺神经切断","手术"
nhsa_jbzd_07_4300,"07.4300",True,"肾上腺血管结扎术","手术"
nhsa_jbzd_07_4400,"07.4400",True,"肾上腺修补术","手术"
nhsa_jbzd_07_4500,"07.4500",True,"肾上腺组织再植入","手术"
nhsa_jbzd_07_4501,"07.4501",True,"肾上腺自体移植术","手术"
nhsa_jbzd_07_4900,"07.4900",True,"肾上腺、神经和血管的其他手术","手术"
nhsa_jbzd_07_4900x001,"07.4900x001",True,"超声引导下肾上腺囊肿穿刺术","治疗性操作"
nhsa_jbzd_07_5100,"07.5100",True,"松果腺区探查术","手术"
nhsa_jbzd_07_5100x001,"07.5100x001",True,"松果体探查术","手术"
nhsa_jbzd_07_5200,"07.5200",True,"松果腺切开术","手术"
nhsa_jbzd_07_5200x001,"07.5200x001",True,"松果体切开术","手术"
nhsa_jbzd_07_5300,"07.5300",True,"松果腺部分切除术","手术"
nhsa_jbzd_07_5301,"07.5301",True,"松果体病损切除术","手术"
nhsa_jbzd_07_5400,"07.5400",True,"松果腺全部切除术","手术"
nhsa_jbzd_07_5400x001,"07.5400x001",True,"松果体全部切除术","手术"
nhsa_jbzd_07_5900,"07.5900",True,"松果腺其他手术","手术"
nhsa_jbzd_07_6100,"07.6100",True,"垂体腺部分切除术，经前额入路","手术"
nhsa_jbzd_07_6100x002,"07.6100x002",True,"经额垂体部分切除术","手术"
nhsa_jbzd_07_6100x003,"07.6100x003",True,"经额垂体漏斗部切除术","手术"
nhsa_jbzd_07_6100x004,"07.6100x004",True,"经额垂体病损切除术","手术"
nhsa_jbzd_07_6200,"07.6200",True,"垂体腺部分切除术，经蝶骨入路","手术"
nhsa_jbzd_07_6200x003,"07.6200x003",True,"经蝶骨垂体部分切除术","手术"
nhsa_jbzd_07_6200x007,"07.6200x007",True,"神经内镜下经鼻腔-蝶窦垂体病损切除术","手术"
nhsa_jbzd_07_6201,"07.6201",True,"经蝶骨垂体病损切除术","手术"
nhsa_jbzd_07_6202,"07.6202",True,"经蝶入路内镜下垂体部分切除术","手术"
nhsa_jbzd_07_6300,"07.6300",True,"垂体腺部分切除术","手术"
nhsa_jbzd_07_6301,"07.6301",True,"垂体病损切除术","手术"
nhsa_jbzd_07_6400,"07.6400",True,"垂体腺全部切除术，经前额入路","手术"
nhsa_jbzd_07_6400x001,"07.6400x001",True,"经额垂体全部切除术","手术"
nhsa_jbzd_07_6500,"07.6500",True,"垂体腺全部切除术，经蝶骨入路","手术"
nhsa_jbzd_07_6501,"07.6501",True,"经蝶入路内镜下垂体全部切除术","手术"
nhsa_jbzd_07_6800,"07.6800",True,"垂体腺全部切除术，其他特指入路","手术"
nhsa_jbzd_07_6900,"07.6900",True,"垂体腺全部切除术","手术"
nhsa_jbzd_07_6900x001,"07.6900x001",True,"垂体切除术","手术"
nhsa_jbzd_07_7100,"07.7100",True,"垂体窝探查术","手术"
nhsa_jbzd_07_7200,"07.7200",True,"垂体腺切开术","手术"
nhsa_jbzd_07_7200x002,"07.7200x002",True,"经蝶骨垂体探查术","手术"
nhsa_jbzd_07_7200x003,"07.7200x003",True,"拉克氏(Rathke's)囊切除术","手术"
nhsa_jbzd_07_7200x004,"07.7200x004",True,"脑室镜下颅咽管瘤穿刺抽吸术","手术"
nhsa_jbzd_07_7201,"07.7201",True,"经蝶骨垂体血肿清除术","手术"
nhsa_jbzd_07_7202,"07.7202",True,"经蝶骨垂体切开引流术","手术"
nhsa_jbzd_07_7203,"07.7203",True,"经蝶骨垂体脓肿清除术","手术"
nhsa_jbzd_07_7204,"07.7204",True,"颅咽管瘤穿刺抽吸术","治疗性操作"
nhsa_jbzd_07_7900,"07.7900",True,"垂体其他手术","手术"
nhsa_jbzd_07_7901,"07.7901",True,"蝶鞍填塞","手术"
nhsa_jbzd_07_8000,"07.8000",True,"胸腺切除术","手术"
nhsa_jbzd_07_8001,"07.8001",True,"胸腔镜下胸腺切除术","手术"
nhsa_jbzd_07_8100,"07.8100",True,"胸腺部分切除术","手术"
nhsa_jbzd_07_8100x009,"07.8100x009",True,"CT引导下胸腺病损射频消融术","治疗性操作"
nhsa_jbzd_07_8101,"07.8101",True,"胸腺病损切除术","手术"
nhsa_jbzd_07_8200,"07.8200",True,"胸腺其他全部切除术","手术"
nhsa_jbzd_07_8201,"07.8201",True,"胸腺扩大切除术","手术"
nhsa_jbzd_07_8300,"07.8300",True,"胸腔镜下胸腺部分切除术","手术"
nhsa_jbzd_07_8300x002,"07.8300x002",True,"胸腔镜下胸腺病损切除术","手术"
nhsa_jbzd_07_8400,"07.8400",True,"胸腔镜下胸腺全部切除术","手术"
nhsa_jbzd_07_8401,"07.8401",True,"胸腔镜下胸腺扩大切除术","手术"
nhsa_jbzd_07_9100,"07.9100",True,"胸腺区探查术","手术"
nhsa_jbzd_07_9200,"07.9200",True,"胸腺其他切开术","手术"
nhsa_jbzd_07_9200x001,"07.9200x001",True,"胸腺切开探查术","手术"
nhsa_jbzd_07_9300,"07.9300",True,"胸腺修补术","手术"
nhsa_jbzd_07_9400,"07.9400",True,"胸腺移植术","手术"
nhsa_jbzd_07_9500,"07.9500",True,"胸腔镜下胸腺切开术","手术"
nhsa_jbzd_07_9800,"07.9800",True,"胸腺其他和未特指的胸腔镜手术","手术"
nhsa_jbzd_07_9900,"07.9900",True,"其他和未特指的胸腺手术","手术"
nhsa_jbzd_07_9901,"07.9901",True,"胸腺固定术","手术"
nhsa_jbzd_08_0100,"08.0100",True,"睑缘切开术","手术"
nhsa_jbzd_08_0200,"08.0200",True,"睑缝合后切开术","手术"
nhsa_jbzd_08_0900,"08.0900",True,"眼睑其他切开术","手术"
nhsa_jbzd_08_0901,"08.0901",True,"眼睑切开探查术","手术"
nhsa_jbzd_08_0902,"08.0902",True,"眼睑切开引流术","手术"
nhsa_jbzd_08_0903,"08.0903",True,"眼睑粘连松解术","手术"
nhsa_jbzd_08_0904,"08.0904",True,"眼睑切开异物取出术","手术"
nhsa_jbzd_08_1100,"08.1100",True,"眼睑活组织检查","诊断性操作"
nhsa_jbzd_08_1900,"08.1900",True,"眼睑其他诊断性操作","诊断性操作"
nhsa_jbzd_08_2000,"08.2000",True,"去除眼睑病损","手术"
nhsa_jbzd_08_2000x003,"08.2000x003",True,"眉部瘢痕切除术","手术"
nhsa_jbzd_08_2000x005,"08.2000x005",True,"眼睑瘢痕切除术","手术"
nhsa_jbzd_08_2000x006,"08.2000x006",True,"眼睑病损切除术","手术"
nhsa_jbzd_08_2000x009,"08.2000x009",True,"眼睑皮肤和皮下坏死组织切除清创术","手术"
nhsa_jbzd_08_2000x010,"08.2000x010",True,"眼睑皮肤和皮下组织非切除性清创","治疗性操作"
nhsa_jbzd_08_2001,"08.2001",True,"眉部病损切除术","手术"
nhsa_jbzd_08_2002,"08.2002",True,"睑板腺切除术","手术"
nhsa_jbzd_08_2003,"08.2003",True,"眦病损切除","手术"
nhsa_jbzd_08_2100,"08.2100",True,"睑板腺囊肿切除术","手术"
nhsa_jbzd_08_2100x001,"08.2100x001",True,"睑板腺囊肿刮除术","手术"
nhsa_jbzd_08_2100x004,"08.2100x004",True,"睑板腺脓肿切开引流术","手术"
nhsa_jbzd_08_2200,"08.2200",True,"眼睑其他较小的病损切除术","手术"
nhsa_jbzd_08_2200x003,"08.2200x003",True,"眼睑小病损切除术","手术"
nhsa_jbzd_08_2201,"08.2201",True,"睑板腺病损切除术","手术"
nhsa_jbzd_08_2300,"08.2300",True,"眼睑较大的病损切除术，板层","手术"
nhsa_jbzd_08_2300x001,"08.2300x001",True,"眼睑病损板层切除术","手术"
nhsa_jbzd_08_2400,"08.2400",True,"眼睑较大的病损切除术，全层","手术"
nhsa_jbzd_08_2400x001,"08.2400x001",True,"眼睑病损全层切除术","手术"
nhsa_jbzd_08_2500,"08.2500",True,"眼睑病损破坏术","手术"
nhsa_jbzd_08_3100,"08.3100",True,"上睑下垂修补术，用额肌法伴缝合术","手术"
nhsa_jbzd_08_3101,"08.3101",True,"上睑下垂额肌瓣悬吊术","手术"
nhsa_jbzd_08_3102,"08.3102",True,"额肌缝线睑下垂修补术","手术"
nhsa_jbzd_08_3200,"08.3200",True,"上睑下垂修补术，用额肌法伴筋膜吊带法","手术"
nhsa_jbzd_08_3200x001,"08.3200x001",True,"上睑下垂缝线悬吊术","手术"
nhsa_jbzd_08_3200x002,"08.3200x002",True,"上睑下垂异体组织额肌悬吊术","手术"
nhsa_jbzd_08_3200x003,"08.3200x003",True,"上睑下垂额肌悬吊术","手术"
nhsa_jbzd_08_3201,"08.3201",True,"硬脑膜异体额肌悬吊术","手术"
nhsa_jbzd_08_3202,"08.3202",True,"眼阔筋膜悬吊术","手术"
nhsa_jbzd_08_3300,"08.3300",True,"上睑下垂修补术，用部分切除术或上睑肌或腱膜前徙术","手术"
nhsa_jbzd_08_3300x001,"08.3300x001",True,"上睑下垂提上睑肌缩短术","手术"
nhsa_jbzd_08_3400,"08.3400",True,"上睑下垂修补术，用其他提上睑肌法","手术"
nhsa_jbzd_08_3400x001,"08.3400x001",True,"上睑下垂上直肌提吊术","手术"
nhsa_jbzd_08_3500,"08.3500",True,"上睑下垂修补术，用睑板法","手术"
nhsa_jbzd_08_3600,"08.3600",True,"上睑下垂修补术，用其他方法","手术"
nhsa_jbzd_08_3600x002,"08.3600x002",True,"上睑下垂眼轮匝肌悬吊术","手术"
nhsa_jbzd_08_3700,"08.3700",True,"上睑下垂矫正过度复位术","手术"
nhsa_jbzd_08_3800,"08.3800",True,"睑退缩矫正术","手术"
nhsa_jbzd_08_4100,"08.4100",True,"睑内翻或睑外翻的修补术，用热灼法","手术"
nhsa_jbzd_08_4101,"08.4101",True,"睑外翻热灼修补术","手术"
nhsa_jbzd_08_4102,"08.4102",True,"睑内翻热灼修补术","手术"
nhsa_jbzd_08_4200,"08.4200",True,"睑内翻或睑外翻的修补术，用缝合术法","手术"
nhsa_jbzd_08_4201,"08.4201",True,"睑外翻缝合修补术","手术"
nhsa_jbzd_08_4202,"08.4202",True,"睑内翻缝合修补术","手术"
nhsa_jbzd_08_4203,"08.4203",True,"睑轮匝肌缩短睑内翻修补术","手术"
nhsa_jbzd_08_4204,"08.4204",True,"睑轮匝肌重叠，睑外翻修补术","手术"
nhsa_jbzd_08_4300,"08.4300",True,"睑内翻或睑外翻的修补术伴楔形部分切除术","手术"
nhsa_jbzd_08_4301,"08.4301",True,"睑外翻楔形切除修补术","手术"
nhsa_jbzd_08_4302,"08.4302",True,"睑内翻楔形切除修补术","手术"
nhsa_jbzd_08_4400,"08.4400",True,"睑内翻或睑外翻的修补术伴睑重建术","手术"
nhsa_jbzd_08_4401,"08.4401",True,"睑内翻矫正伴睑重建术","手术"
nhsa_jbzd_08_4402,"08.4402",True,"睑外翻矫正伴睑重建术","手术"
nhsa_jbzd_08_4403,"08.4403",True,"Wheeler睑内翻修补术","手术"
nhsa_jbzd_08_4900,"08.4900",True,"睑内翻或睑外翻的其他修补术","手术"
nhsa_jbzd_08_4901,"08.4901",True,"睑外翻矫正术","手术"
nhsa_jbzd_08_4902,"08.4902",True,"睑内翻矫正术","手术"
nhsa_jbzd_08_5100,"08.5100",True,"眦切开术","手术"
nhsa_jbzd_08_5101,"08.5101",True,"睑裂增大术","手术"
nhsa_jbzd_08_5200,"08.5200",True,"睑缝合术","手术"
nhsa_jbzd_08_5200x002,"08.5200x002",True,"睑缘缝合术","手术"
nhsa_jbzd_08_5200x003,"08.5200x003",True,"眦缝合术","手术"
nhsa_jbzd_08_5200x004,"08.5200x004",True,"睑板缝合术","手术"
nhsa_jbzd_08_5900,"08.5900",True,"其他眼睑位置调整术","手术"
nhsa_jbzd_08_5900x001,"08.5900x001",True,"眦移位矫正术","手术"
nhsa_jbzd_08_5900x004,"08.5900x004",True,"内眦成形术","手术"
nhsa_jbzd_08_5900x005,"08.5900x005",True,"外眦成形术","手术"
nhsa_jbzd_08_5900x006,"08.5900x006",True,"眦韧带固定术","手术"
nhsa_jbzd_08_5900x007,"08.5900x007",True,"眦韧带修复术","手术"
nhsa_jbzd_08_5901,"08.5901",True,"内眦赘皮修补术","手术"
nhsa_jbzd_08_5902,"08.5902",True,"眦成形术","手术"
nhsa_jbzd_08_5903,"08.5903",True,"眶距增宽矫正术","手术"
nhsa_jbzd_08_5904,"08.5904",True,"眦韧带悬吊术","手术"
nhsa_jbzd_08_6100,"08.6100",True,"用皮瓣或移植物的眼睑重建术","手术"
nhsa_jbzd_08_6100x002,"08.6100x002",True,"眼睑全厚植皮术","手术"
nhsa_jbzd_08_6100x003,"08.6100x003",True,"眼睑中厚植皮术","手术"
nhsa_jbzd_08_6100x004,"08.6100x004",True,"游离皮瓣移植眼睑重建术","手术"
nhsa_jbzd_08_6100x005,"08.6100x005",True,"脱细胞真皮移植眼睑重建术","手术"
nhsa_jbzd_08_6100x006,"08.6100x006",True,"全厚皮片移植眉重建术","手术"
nhsa_jbzd_08_6100x007,"08.6100x007",True,"皮瓣移植眉重建术","手术"
nhsa_jbzd_08_6101,"08.6101",True,"局部皮瓣转位眼睑重建术","手术"
nhsa_jbzd_08_6102,"08.6102",True,"眼睑皮片移植重建术","手术"
nhsa_jbzd_08_6103,"08.6103",True,"带蒂头皮瓣眉再造术","手术"
nhsa_jbzd_08_6200,"08.6200",True,"用黏膜瓣或移植物的眼睑重建术","手术"
nhsa_jbzd_08_6201,"08.6201",True,"黏膜瓣移植眼睑重建术","手术"
nhsa_jbzd_08_6300,"08.6300",True,"用毛囊移植片的眼睑重建术","手术"
nhsa_jbzd_08_6301,"08.6301",True,"头皮移植法眉毛再造术","手术"
nhsa_jbzd_08_6400,"08.6400",True,"用结膜睑板移植片的眼睑重建术","手术"
nhsa_jbzd_08_6900,"08.6900",True,"用皮瓣或移植物的其他眼睑重建术","手术"
nhsa_jbzd_08_7000,"08.7000",True,"眼睑重建术","手术"
nhsa_jbzd_08_7001,"08.7001",True,"眉重建术","手术"
nhsa_jbzd_08_7100,"08.7100",True,"涉及睑缘，板层的眼睑重建术","手术"
nhsa_jbzd_08_7100x001,"08.7100x001",True,"眼睑非全层伴睑缘重建术","手术"
nhsa_jbzd_08_7200,"08.7200",True,"其他板层的眼睑重建术","手术"
nhsa_jbzd_08_7200x001,"08.7200x001",True,"眼睑板层重建术","手术"
nhsa_jbzd_08_7300,"08.7300",True,"涉及睑缘全层的眼睑重建术","手术"
nhsa_jbzd_08_7300x001,"08.7300x001",True,"眼睑全层伴睑缘重建术","手术"
nhsa_jbzd_08_7400,"08.7400",True,"其他全层眼睑重建术","手术"
nhsa_jbzd_08_7400x001,"08.7400x001",True,"眼睑全层重建术","手术"
nhsa_jbzd_08_8100,"08.8100",True,"眼睑或眉裂伤的线形修补术","手术"
nhsa_jbzd_08_8101,"08.8101",True,"眼睑裂伤缝合术","手术"
nhsa_jbzd_08_8102,"08.8102",True,"眉裂伤缝合术","手术"
nhsa_jbzd_08_8200,"08.8200",True,"涉及睑缘板层裂伤的修补术","手术"
nhsa_jbzd_08_8200x001,"08.8200x001",True,"眼睑非全层的眼睑裂伤及修补术","手术"
nhsa_jbzd_08_8300,"08.8300",True,"眼睑板层裂伤的其他修补术","手术"
nhsa_jbzd_08_8300x001,"08.8300x001",True,"眼睑非全层裂伤修补术","手术"
nhsa_jbzd_08_8400,"08.8400",True,"涉及睑缘全层裂伤的修补术","手术"
nhsa_jbzd_08_8400x001,"08.8400x001",True,"眼睑全层及睑缘裂伤修补术","手术"
nhsa_jbzd_08_8500,"08.8500",True,"眼睑全层裂伤的其他修补术","手术"
nhsa_jbzd_08_8500x001,"08.8500x001",True,"眼睑全层裂伤修补术","手术"
nhsa_jbzd_08_8600,"08.8600",True,"下眼睑皱纹切除术","手术"
nhsa_jbzd_08_8600x002,"08.8600x002",True,"眼袋切除术","手术"
nhsa_jbzd_08_8700,"08.8700",True,"上眼睑皱纹切除术","手术"
nhsa_jbzd_08_8900,"08.8900",True,"其他眼睑修补术","手术"
nhsa_jbzd_08_8900x002,"08.8900x002",True,"异体睑板移植术","手术"
nhsa_jbzd_08_8900x005,"08.8900x005",True,"重建眉修整术","手术"
nhsa_jbzd_08_8900x006,"08.8900x006",True,"眼下睑固定术","手术"
nhsa_jbzd_08_8900x007,"08.8900x007",True,"眼睑赘皮切除术","手术"
nhsa_jbzd_08_8900x008,"08.8900x008",True,"重睑激光成形术","手术"
nhsa_jbzd_08_8901,"08.8901",True,"外眦皱纹切除术","手术"
nhsa_jbzd_08_8902,"08.8902",True,"重睑术","手术"
nhsa_jbzd_08_8903,"08.8903",True,"眉修补术","手术"
nhsa_jbzd_08_9100,"08.9100",True,"电子外科眼睑拔睫毛术","治疗性操作"
nhsa_jbzd_08_9100x001,"08.9100x001",True,"睫毛电解术","治疗性操作"
nhsa_jbzd_08_9100x002,"08.9100x002",True,"倒睫激光术","治疗性操作"
nhsa_jbzd_08_9200,"08.9200",True,"冷冻外科眼睑拔睫毛术","治疗性操作"
nhsa_jbzd_08_9300,"08.9300",True,"其他眼睑拔睫毛术","治疗性操作"
nhsa_jbzd_08_9300x001,"08.9300x001",True,"眼睑拔睫毛术","治疗性操作"
nhsa_jbzd_08_9900,"08.9900",True,"眼睑其他手术","手术"
nhsa_jbzd_08_9900x003,"08.9900x003",True,"眼睑缝线去除","治疗性操作"
nhsa_jbzd_08_9900x004,"08.9900x004",True,"眼睑穿刺抽液术","治疗性操作"
nhsa_jbzd_08_9901,"08.9901",True,"睫毛重建术","手术"
nhsa_jbzd_09_0x00,"09.0x00",True,"泪腺切开术","手术"
nhsa_jbzd_09_0x00x001,"09.0x00x001",True,"泪囊切开引流术","手术"
nhsa_jbzd_09_1100,"09.1100",True,"泪腺活组织检查","诊断性操作"
nhsa_jbzd_09_1200,"09.1200",True,"泪囊活组织检查","诊断性操作"
nhsa_jbzd_09_1900,"09.1900",True,"泪器系统其他诊断性操作","诊断性操作"
nhsa_jbzd_09_2000,"09.2000",True,"泪腺切除术","手术"
nhsa_jbzd_09_2100,"09.2100",True,"泪腺病损切除术","手术"
nhsa_jbzd_09_2200,"09.2200",True,"其他部分泪腺切除术","手术"
nhsa_jbzd_09_2200x001,"09.2200x001",True,"泪腺部分切除术","手术"
nhsa_jbzd_09_2300,"09.2300",True,"全部泪腺切除术","手术"
nhsa_jbzd_09_3x00,"09.3x00",True,"泪腺其他手术","手术"
nhsa_jbzd_09_3x00x001,"09.3x00x001",True,"泪腺悬吊术","手术"
nhsa_jbzd_09_3x01,"09.3x01",True,"泪腺修复术","手术"
nhsa_jbzd_09_3x02,"09.3x02",True,"泪腺加固术","手术"
nhsa_jbzd_09_4100,"09.4100",True,"泪点探通术","治疗性操作"
nhsa_jbzd_09_4100x001,"09.4100x001",True,"泪点扩张术","治疗性操作"
nhsa_jbzd_09_4200,"09.4200",True,"泪小管探通术","治疗性操作"
nhsa_jbzd_09_4300,"09.4300",True,"鼻泪管探通术","治疗性操作"
nhsa_jbzd_09_4300x001,"09.4300x001",True,"鼻内镜下鼻泪管探通术","治疗性操作"
nhsa_jbzd_09_4400,"09.4400",True,"鼻泪管插管术","治疗性操作"
nhsa_jbzd_09_4401,"09.4401",True,"鼻泪管支架植入术","治疗性操作"
nhsa_jbzd_09_4402,"09.4402",True,"鼻泪管激光探通插管术","治疗性操作"
nhsa_jbzd_09_4403,"09.4403",True,"鼻泪道扩张模置入术","治疗性操作"
nhsa_jbzd_09_4404,"09.4404",True,"人工泪管置入术","治疗性操作"
nhsa_jbzd_09_4405,"09.4405",True,"泪小管穿线插管术","治疗性操作"
nhsa_jbzd_09_4900,"09.4900",True,"泪道其他操作","治疗性操作"
nhsa_jbzd_09_4900x002,"09.4900x002",True,"鼻内镜下人工泪管取出术","手术"
nhsa_jbzd_09_4900x003,"09.4900x003",True,"人工泪管取出术","手术"
nhsa_jbzd_09_4900x004,"09.4900x004",True,"泪道植入物修正术","手术"
nhsa_jbzd_09_4900x005,"09.4900x005",True,"泪管植入物置换术","手术"
nhsa_jbzd_09_4900x006,"09.4900x006",True,"泪道植入物去除术","手术"
nhsa_jbzd_09_4901,"09.4901",True,"泪道挂线术","手术"
nhsa_jbzd_09_5100,"09.5100",True,"泪点切开术","手术"
nhsa_jbzd_09_5200,"09.5200",True,"泪小管切开术","手术"
nhsa_jbzd_09_5300,"09.5300",True,"泪囊切开术","手术"
nhsa_jbzd_09_5900,"09.5900",True,"泪道其他切开术","手术"
nhsa_jbzd_09_5900x001,"09.5900x001",True,"泪管切开术","手术"
nhsa_jbzd_09_6x00,"09.6x00",True,"泪囊和泪道切除术","手术"
nhsa_jbzd_09_6x00x001,"09.6x00x001",True,"泪管病损切除术","手术"
nhsa_jbzd_09_6x00x006,"09.6x00x006",True,"泪小管病损切除术","手术"
nhsa_jbzd_09_6x01,"09.6x01",True,"泪囊切除术","手术"
nhsa_jbzd_09_6x02,"09.6x02",True,"泪囊病损切除术","手术"
nhsa_jbzd_09_6x03,"09.6x03",True,"泪道病损切除术","手术"
nhsa_jbzd_09_6x04,"09.6x04",True,"泪小管切除术","手术"
nhsa_jbzd_09_7100,"09.7100",True,"泪点外翻矫正术","手术"
nhsa_jbzd_09_7200,"09.7200",True,"泪点其他修补术","手术"
nhsa_jbzd_09_7200x001,"09.7200x001",True,"泪点修补术","手术"
nhsa_jbzd_09_7201,"09.7201",True,"泪点重建术","手术"
nhsa_jbzd_09_7300,"09.7300",True,"泪小管修补术","手术"
nhsa_jbzd_09_7300x001,"09.7300x001",True,"泪小管成形术","手术"
nhsa_jbzd_09_7300x003,"09.7300x003",True,"泪小管缝合术","手术"
nhsa_jbzd_09_7300x004,"09.7300x004",True,"泪道重建术","手术"
nhsa_jbzd_09_7301,"09.7301",True,"泪小管吻合术","手术"
nhsa_jbzd_09_8100,"09.8100",True,"泪囊鼻腔吻合术[DCR]","手术"
nhsa_jbzd_09_8100x004,"09.8100x004",True,"鼻内镜下鼻腔泪囊造口术","手术"
nhsa_jbzd_09_8101,"09.8101",True,"内镜下鼻-泪管吻合术","手术"
nhsa_jbzd_09_8200,"09.8200",True,"结膜泪囊鼻腔吻合术","手术"
nhsa_jbzd_09_8300,"09.8300",True,"结膜鼻腔吻合术伴置入管或支架","手术"
nhsa_jbzd_09_8300x001,"09.8300x001",True,"鼻内镜下鼻腔支架植入术","手术"
nhsa_jbzd_09_8301,"09.8301",True,"结膜-鼻腔吻合插管术","手术"
nhsa_jbzd_09_9100,"09.9100",True,"泪点封闭术","治疗性操作"
nhsa_jbzd_09_9900,"09.9900",True,"泪器系统其他手术","手术"
nhsa_jbzd_09_9900x002,"09.9900x002",True,"泪囊瘘口封闭术","手术"
nhsa_jbzd_09_9900x003,"09.9900x003",True,"泪囊瘘管切除术","手术"
nhsa_jbzd_09_9900x004,"09.9900x004",True,"泪囊破裂修补术","手术"
nhsa_jbzd_10_0x00,"10.0x00",True,"切开术去除嵌入结膜异物","手术"
nhsa_jbzd_10_0x00x001,"10.0x00x001",True,"结膜切开异物取出术","手术"
nhsa_jbzd_10_1x00,"10.1x00",True,"结膜其他切开术","手术"
nhsa_jbzd_10_1x00x001,"10.1x00x001",True,"结膜切开探查术","手术"
nhsa_jbzd_10_1x00x002,"10.1x00x002",True,"结膜引流术","手术"
nhsa_jbzd_10_1x00x003,"10.1x00x003",True,"结膜放射状切开术","手术"
nhsa_jbzd_10_2100,"10.2100",True,"结膜活组织检查","诊断性操作"
nhsa_jbzd_10_2900,"10.2900",True,"结膜其他诊断性操作","诊断性操作"
nhsa_jbzd_10_2900x001,"10.2900x001",True,"结膜囊探查术","手术"
nhsa_jbzd_10_2901,"10.2901",True,"结膜刮片检查术","诊断性操作"
nhsa_jbzd_10_3100,"10.3100",True,"结膜病损或结膜组织的切除术","手术"
nhsa_jbzd_10_3101,"10.3101",True,"结膜病损切除术","手术"
nhsa_jbzd_10_3102,"10.3102",True,"结膜环切除术","手术"
nhsa_jbzd_10_3200,"10.3200",True,"结膜病损破坏术","治疗性操作"
nhsa_jbzd_10_3201,"10.3201",True,"结膜冷冻术","治疗性操作"
nhsa_jbzd_10_3300,"10.3300",True,"结膜其他破坏性操作","治疗性操作"
nhsa_jbzd_10_3300x002,"10.3300x002",True,"结膜结石取出术","治疗性操作"
nhsa_jbzd_10_3301,"10.3301",True,"沙眼滤泡去除术","治疗性操作"
nhsa_jbzd_10_3302,"10.3302",True,"沙眼摩擦挤压术","治疗性操作"
nhsa_jbzd_10_4100,"10.4100",True,"用游离移植物的睑球粘连修补术","手术"
nhsa_jbzd_10_4100x001,"10.4100x001",True,"睑球粘连游离移植物修补术","手术"
nhsa_jbzd_10_4101,"10.4101",True,"睑球粘连羊膜移植修补术","手术"
nhsa_jbzd_10_4102,"10.4102",True,"睑球粘连口唇黏膜移植修补术","手术"
nhsa_jbzd_10_4200,"10.4200",True,"用游离移植物的结膜穹窿重建术","手术"
nhsa_jbzd_10_4200x001,"10.4200x001",True,"结膜穹窿游离移植物重建术","手术"
nhsa_jbzd_10_4201,"10.4201",True,"结膜穹窿羊膜移植重建术","手术"
nhsa_jbzd_10_4202,"10.4202",True,"结膜穹窿口唇黏膜移植重建术","手术"
nhsa_jbzd_10_4300,"10.4300",True,"结膜穹窿其他重建术","手术"
nhsa_jbzd_10_4300x002,"10.4300x002",True,"结膜穹窿成形术","手术"
nhsa_jbzd_10_4400,"10.4400",True,"结膜其他游离移植","手术"
nhsa_jbzd_10_4400x001,"10.4400x001",True,"结膜移植术","手术"
nhsa_jbzd_10_4400x002,"10.4400x002",True,"羊膜移植结膜修补术","手术"
nhsa_jbzd_10_4401,"10.4401",True,"自体结膜移植术","手术"
nhsa_jbzd_10_4402,"10.4402",True,"异体结膜移植术","手术"
nhsa_jbzd_10_4900,"10.4900",True,"其他结膜成形术","手术"
nhsa_jbzd_10_4900x001,"10.4900x001",True,"结膜成形术","手术"
nhsa_jbzd_10_4900x003,"10.4900x003",True,"结膜修补术","手术"
nhsa_jbzd_10_4900x004,"10.4900x004",True,"结膜瓣修补术","手术"
nhsa_jbzd_10_4901,"10.4901",True,"结膜滤过泡瘘修补术","手术"
nhsa_jbzd_10_4903,"10.4903",True,"结膜囊成形术","手术"
nhsa_jbzd_10_5x00,"10.5x00",True,"结膜和眼睑粘连松解术","手术"
nhsa_jbzd_10_5x01,"10.5x01",True,"睑球粘连分离术","手术"
nhsa_jbzd_10_6x00,"10.6x00",True,"结膜裂伤修补术","手术"
nhsa_jbzd_10_6x00x001,"10.6x00x001",True,"结膜缝合术","手术"
nhsa_jbzd_10_6x00x002,"10.6x00x002",True,"结膜撕裂修补术","手术"
nhsa_jbzd_10_9100,"10.9100",True,"结膜下注射","治疗性操作"
nhsa_jbzd_10_9900,"10.9900",True,"结膜其他手术","手术"
nhsa_jbzd_10_9900x001,"10.9900x001",True,"结膜瓣遮盖术","手术"
nhsa_jbzd_10_9900x004,"10.9900x004",True,"结膜脱位复位术","手术"
nhsa_jbzd_10_9901,"10.9901",True,"结膜松弛矫正术","手术"
nhsa_jbzd_11_0x00,"11.0x00",True,"磁吸法去除嵌入角膜异物","治疗性操作"
nhsa_jbzd_11_1x00,"11.1x00",True,"角膜切开术","手术"
nhsa_jbzd_11_1x01,"11.1x01",True,"角膜切开异物去除术","手术"
nhsa_jbzd_11_2100,"11.2100",True,"刮角膜做涂片或培养","诊断性操作"
nhsa_jbzd_11_2100x001,"11.2100x001",True,"角膜涂片检查","诊断性操作"
nhsa_jbzd_11_2200,"11.2200",True,"角膜活组织检查","诊断性操作"
nhsa_jbzd_11_2900,"11.2900",True,"角膜其他诊断性操作","诊断性操作"
nhsa_jbzd_11_2900x003,"11.2900x003",True,"角膜内皮细胞计数检查","诊断性操作"
nhsa_jbzd_11_2901,"11.2901",True,"角膜印迹细胞检查","诊断性操作"
nhsa_jbzd_11_3100,"11.3100",True,"胬肉移位术","手术"
nhsa_jbzd_11_3100x001,"11.3100x001",True,"翼状胬肉转位术","手术"
nhsa_jbzd_11_3200,"11.3200",True,"胬肉切除术伴角膜移植术","手术"
nhsa_jbzd_11_3201,"11.3201",True,"翼状胬肉切除伴自体干细胞移植术","手术"
nhsa_jbzd_11_3202,"11.3202",True,"翼状胬肉切除术伴异体干细胞移植术","手术"
nhsa_jbzd_11_3203,"11.3203",True,"翼状胬肉切除伴羊膜植片移植术","手术"
nhsa_jbzd_11_3204,"11.3204",True,"翼状胬肉切除术伴丝裂霉素注入","手术"
nhsa_jbzd_11_3900,"11.3900",True,"胬肉其他切除术","手术"
nhsa_jbzd_11_3900x001,"11.3900x001",True,"翼状胬肉切除术","手术"
nhsa_jbzd_11_3901,"11.3901",True,"翼状胬肉切除伴结膜移植术","手术"
nhsa_jbzd_11_4100,"11.4100",True,"机械性去除角膜上皮","手术"
nhsa_jbzd_11_4100x001,"11.4100x001",True,"角膜上皮刮除术","手术"
nhsa_jbzd_11_4200,"11.4200",True,"角膜病损的热灼术","手术"
nhsa_jbzd_11_4300,"11.4300",True,"角膜病损的冷冻疗法","手术"
nhsa_jbzd_11_4900,"11.4900",True,"角膜病损的其他去除或破坏术","手术"
nhsa_jbzd_11_4901,"11.4901",True,"板层角膜切除术","手术"
nhsa_jbzd_11_4902,"11.4902",True,"准分子激光治疗性角膜切削术(LASIK)","手术"
nhsa_jbzd_11_4903,"11.4903",True,"角膜病损切除术","手术"
nhsa_jbzd_11_5100,"11.5100",True,"角膜裂伤缝合术","手术"
nhsa_jbzd_11_5101,"11.5101",True,"角巩膜瘘缝合术","手术"
nhsa_jbzd_11_5200,"11.5200",True,"角膜手术后伤口裂开修补术","手术"
nhsa_jbzd_11_5300,"11.5300",True,"用结膜瓣的角膜裂伤或伤口修补术","手术"
nhsa_jbzd_11_5300x001,"11.5300x001",True,"结膜瓣角膜修补术","手术"
nhsa_jbzd_11_5900,"11.5900",True,"角膜其他修补术","手术"
nhsa_jbzd_11_5900x001,"11.5900x001",True,"角膜修补术","手术"
nhsa_jbzd_11_5900x002,"11.5900x002",True,"角膜间层烧灼术","手术"
nhsa_jbzd_11_5901,"11.5901",True,"角膜缝线调整术","手术"
nhsa_jbzd_11_6000,"11.6000",True,"角膜移植","手术"
nhsa_jbzd_11_6000x002,"11.6000x002",True,"部分角膜缘移植术","手术"
nhsa_jbzd_11_6000x003,"11.6000x003",True,"全角膜缘移植术","手术"
nhsa_jbzd_11_6100,"11.6100",True,"用自体移植物的板层角膜成形术","手术"
nhsa_jbzd_11_6200,"11.6200",True,"其他板层角膜成形术","手术"
nhsa_jbzd_11_6200x002,"11.6200x002",True,"板层角膜移植术","手术"
nhsa_jbzd_11_6200x003,"11.6200x003",True,"角膜板层修补术","手术"
nhsa_jbzd_11_6300,"11.6300",True,"用自体移植物的穿透性角膜成形术","手术"
nhsa_jbzd_11_6300x001,"11.6300x001",True,"穿透性自体角膜移植术","手术"
nhsa_jbzd_11_6300x002,"11.6300x002",True,"自体角膜转位术","手术"
nhsa_jbzd_11_6400,"11.6400",True,"其他穿透性角膜成形术","手术"
nhsa_jbzd_11_6400x001,"11.6400x001",True,"穿透性角膜移植术","手术"
nhsa_jbzd_11_6400x002,"11.6400x002",True,"羊膜移植的角膜成形术","手术"
nhsa_jbzd_11_6900,"11.6900",True,"其他角膜移植","手术"
nhsa_jbzd_11_6900x001,"11.6900x001",True,"全层角膜移植术","手术"
nhsa_jbzd_11_6900x002,"11.6900x002",True,"人工角膜植入术","手术"
nhsa_jbzd_11_6900x003,"11.6900x003",True,"异体角膜缘干细胞移植术","手术"
nhsa_jbzd_11_6901,"11.6901",True,"角膜干细胞移植","手术"
nhsa_jbzd_11_6902,"11.6902",True,"角膜内皮移植术","手术"
nhsa_jbzd_11_7100,"11.7100",True,"角膜磨镶术","手术"
nhsa_jbzd_11_7100x001,"11.7100x001",True,"屈光性角膜成形术","手术"
nhsa_jbzd_11_7100x002,"11.7100x002",True,"准分子激光角膜原位磨镶术[LASIK]","手术"
nhsa_jbzd_11_7101,"11.7101",True,"准分子原位角膜磨镶术","手术"
nhsa_jbzd_11_7102,"11.7102",True,"前弹力层下角膜磨镶术[SBK]","手术"
nhsa_jbzd_11_7103,"11.7103",True,"微型角膜刀法准分子激光角膜上皮瓣下磨镶术（Epi-LASIK）","手术"
nhsa_jbzd_11_7104,"11.7104",True,"准分子激光角膜上皮瓣下磨镶术（LASEK）","手术"
nhsa_jbzd_11_7200,"11.7200",True,"角膜镜片术","手术"
nhsa_jbzd_11_7200x005,"11.7200x005",True,"准分子激光屈光性角膜切削术[PRK]","治疗性操作"
nhsa_jbzd_11_7300,"11.7300",True,"人工角膜","手术"
nhsa_jbzd_11_7300x001,"11.7300x001",True,"人工角膜移植术","手术"
nhsa_jbzd_11_7400,"11.7400",True,"角膜热成形术","手术"
nhsa_jbzd_11_7400x001,"11.7400x001",True,"角膜交联术","手术"
nhsa_jbzd_11_7500,"11.7500",True,"放射性角膜切开术","治疗性操作"
nhsa_jbzd_11_7600,"11.7600",True,"表面角膜镜片术","手术"
nhsa_jbzd_11_7900,"11.7900",True,"角膜其他重建术和折射手术","手术"
nhsa_jbzd_11_7900x001,"11.7900x001",True,"角膜基质环植入术","手术"
nhsa_jbzd_11_7901,"11.7901",True,"不规则散光矫正术","手术"
nhsa_jbzd_11_7902,"11.7902",True,"角膜植片更换术","手术"
nhsa_jbzd_11_7903,"11.7903",True,"羊膜移植眼表重建术","手术"
nhsa_jbzd_11_7904,"11.7904",True,"全飞秒微小切口基质透镜切除术（SMILE）","手术"
nhsa_jbzd_11_9100,"11.9100",True,"角膜鲸墨法","治疗性操作"
nhsa_jbzd_11_9100x001,"11.9100x001",True,"角膜染色术[墨针]","手术"
nhsa_jbzd_11_9200,"11.9200",True,"去除角膜人工植入物","手术"
nhsa_jbzd_11_9200x001,"11.9200x001",True,"植入角膜去除术","手术"
nhsa_jbzd_11_9900,"11.9900",True,"角膜其他手术","手术"
nhsa_jbzd_11_9900x002,"11.9900x002",True,"自体角膜缘干细胞取材术","手术"
nhsa_jbzd_11_9900x003,"11.9900x003",True,"板层角膜间冲洗术","治疗性操作"
nhsa_jbzd_11_9900x004,"11.9900x004",True,"角膜基质内注药术","治疗性操作"
nhsa_jbzd_11_9900x005,"11.9900x005",True,"角膜针刺术","治疗性操作"
nhsa_jbzd_11_9901,"11.9901",True,"角巩膜割烙术","手术"
nhsa_jbzd_12_0000,"12.0000",True,"去除眼前节眼内异物","手术"
nhsa_jbzd_12_0100,"12.0100",True,"用磁吸法去除眼前节眼内异物","手术"
nhsa_jbzd_12_0200,"12.0200",True,"不用磁吸法的去除眼前节眼内异物","手术"
nhsa_jbzd_12_0200x002,"12.0200x002",True,"眼前房切开异物取出术","手术"
nhsa_jbzd_12_0200x003,"12.0200x003",True,"虹膜异物切开去除术","手术"
nhsa_jbzd_12_0200x004,"12.0200x004",True,"眼前节非磁性异物取出术","手术"
nhsa_jbzd_12_1100,"12.1100",True,"虹膜切开术伴贯穿术","手术"
nhsa_jbzd_12_1100x002,"12.1100x002",True,"虹膜激光切开贯通术","手术"
nhsa_jbzd_12_1101,"12.1101",True,"虹膜激光打孔术","手术"
nhsa_jbzd_12_1200,"12.1200",True,"其他虹膜切开术","手术"
nhsa_jbzd_12_1200x001,"12.1200x001",True,"虹膜切开术","手术"
nhsa_jbzd_12_1201,"12.1201",True,"瞳孔缘剪开术","手术"
nhsa_jbzd_12_1202,"12.1202",True,"虹膜激光切开术","手术"
nhsa_jbzd_12_1203,"12.1203",True,"虹膜括约肌切断术","手术"
nhsa_jbzd_12_1300,"12.1300",True,"虹膜脱出切除术","手术"
nhsa_jbzd_12_1400,"12.1400",True,"其他虹膜切除术","手术"
nhsa_jbzd_12_1400x001,"12.1400x001",True,"虹膜部分切除术","手术"
nhsa_jbzd_12_1400x008,"12.1400x008",True,"瞳孔前膜激光切开术","手术"
nhsa_jbzd_12_1401,"12.1401",True,"虹膜全切除术","手术"
nhsa_jbzd_12_1402,"12.1402",True,"虹膜激光切除术","手术"
nhsa_jbzd_12_1403,"12.1403",True,"虹膜周边切除术","手术"
nhsa_jbzd_12_1404,"12.1404",True,"虹膜周边激光切除术","手术"
nhsa_jbzd_12_2100,"12.2100",True,"眼前房诊断性抽吸术","诊断性操作"
nhsa_jbzd_12_2200,"12.2200",True,"虹膜活组织检查","诊断性操作"
nhsa_jbzd_12_2900,"12.2900",True,"虹膜、睫状体、巩膜和前房其他诊断性操作","诊断性操作"
nhsa_jbzd_12_3100,"12.3100",True,"虹膜前房角粘连松解术","手术"
nhsa_jbzd_12_3200,"12.3200",True,"其他虹膜前粘连松解术","手术"
nhsa_jbzd_12_3200x001,"12.3200x001",True,"虹膜前粘连松解术","手术"
nhsa_jbzd_12_3300,"12.3300",True,"虹膜后粘连松解术","手术"
nhsa_jbzd_12_3301,"12.3301",True,"虹膜粘连松解术","手术"
nhsa_jbzd_12_3400,"12.3400",True,"角膜玻璃体粘连松解术","手术"
nhsa_jbzd_12_3500,"12.3500",True,"瞳孔成形术","手术"
nhsa_jbzd_12_3500x001,"12.3500x001",True,"瞳孔激光成形术","手术"
nhsa_jbzd_12_3501,"12.3501",True,"瞳孔膜穿刺术","手术"
nhsa_jbzd_12_3502,"12.3502",True,"瞳孔粘连松解术","手术"
nhsa_jbzd_12_3503,"12.3503",True,"瞳孔切开术","手术"
nhsa_jbzd_12_3504,"12.3504",True,"瞳孔残膜切除术","手术"
nhsa_jbzd_12_3505,"12.3505",True,"滤过泡针拨术","手术"
nhsa_jbzd_12_3900,"12.3900",True,"其他虹膜成形术","手术"
nhsa_jbzd_12_3900x001,"12.3900x001",True,"虹膜修补术","手术"
nhsa_jbzd_12_3900x004,"12.3900x004",True,"虹膜还纳术","手术"
nhsa_jbzd_12_3900x005,"12.3900x005",True,"虹膜周边激光成形术","手术"
nhsa_jbzd_12_3901,"12.3901",True,"虹膜离断缝合术","手术"
nhsa_jbzd_12_3902,"12.3902",True,"虹膜复位术","手术"
nhsa_jbzd_12_4000,"12.4000",True,"去除眼前节病损","手术"
nhsa_jbzd_12_4100,"12.4100",True,"虹膜病损破坏术，非切除法","手术"
nhsa_jbzd_12_4100x001,"12.4100x001",True,"眼前房病损激光切除术","手术"
nhsa_jbzd_12_4100x002,"12.4100x002",True,"虹膜周边激光破坏术","手术"
nhsa_jbzd_12_4100x003,"12.4100x003",True,"虹膜周边冷冻破坏术","手术"
nhsa_jbzd_12_4100x004,"12.4100x004",True,"虹膜周边电灼破坏术","手术"
nhsa_jbzd_12_4200,"12.4200",True,"虹膜病损切除术","手术"
nhsa_jbzd_12_4201,"12.4201",True,"前房机化膜切除术","手术"
nhsa_jbzd_12_4300,"12.4300",True,"睫状体病损破坏术，非切除法","手术"
nhsa_jbzd_12_4300x001,"12.4300x001",True,"睫状体病损破坏术","手术"
nhsa_jbzd_12_4400,"12.4400",True,"睫状体病损切除术","手术"
nhsa_jbzd_12_4401,"12.4401",True,"虹膜睫状体切除术","手术"
nhsa_jbzd_12_5100,"12.5100",True,"眼前房角穿刺不伴眼前房角切开","治疗性操作"
nhsa_jbzd_12_5100x001,"12.5100x001",True,"前房角穿刺术","治疗性操作"
nhsa_jbzd_12_5200,"12.5200",True,"眼前房角切开不伴眼前房角穿刺","手术"
nhsa_jbzd_12_5200x001,"12.5200x001",True,"前房角切开术","手术"
nhsa_jbzd_12_5300,"12.5300",True,"眼前房角切开伴眼前房角穿刺","手术"
nhsa_jbzd_12_5400,"12.5400",True,"外路小梁切开术","手术"
nhsa_jbzd_12_5500,"12.5500",True,"睫状体分离术","手术"
nhsa_jbzd_12_5501,"12.5501",True,"睫状体切开术","手术"
nhsa_jbzd_12_5900,"12.5900",True,"其他促进眼内循环","手术"
nhsa_jbzd_12_5900x001,"12.5900x001",True,"房角分离术","手术"
nhsa_jbzd_12_5900x003,"12.5900x003",True,"巩膜静脉窦扩张术[Schlemm's管扩张术]","手术"
nhsa_jbzd_12_5901,"12.5901",True,"前房角成形术","手术"
nhsa_jbzd_12_6100,"12.6100",True,"巩膜环钻术伴虹膜切除术","手术"
nhsa_jbzd_12_6200,"12.6200",True,"巩膜热灼术伴虹膜切除术","手术"
nhsa_jbzd_12_6300,"12.6300",True,"虹膜钳顿术和虹膜牵引术","手术"
nhsa_jbzd_12_6301,"12.6301",True,"虹膜嵌顿术","手术"
nhsa_jbzd_12_6400,"12.6400",True,"外路小梁切除术","手术"
nhsa_jbzd_12_6400x001,"12.6400x001",True,"激光小梁成形术[ALP、KLP]","手术"
nhsa_jbzd_12_6400x003,"12.6400x003",True,"滤帘切除术[小梁切除术]","手术"
nhsa_jbzd_12_6400x009,"12.6400x009",True,"小梁切除术伴人造移植物","手术"
nhsa_jbzd_12_6400x010,"12.6400x010",True,"滤过道再通术","手术"
nhsa_jbzd_12_6401,"12.6401",True,"氪激光小梁成形术[KLP]","手术"
nhsa_jbzd_12_6402,"12.6402",True,"小梁消融术","手术"
nhsa_jbzd_12_6403,"12.6403",True,"氩激光小梁成形术[ALP]","手术"
nhsa_jbzd_12_6404,"12.6404",True,"小梁切除术伴丝裂霉素注入","手术"
nhsa_jbzd_12_6405,"12.6405",True,"非穿透性小梁切除术","手术"
nhsa_jbzd_12_6406,"12.6406",True,"小梁切除术伴羊膜移植","手术"
nhsa_jbzd_12_6407,"12.6407",True,"小梁切除术伴移植物","手术"
nhsa_jbzd_12_6408,"12.6408",True,"非穿透小梁切除术伴移植物","手术"
nhsa_jbzd_12_6500,"12.6500",True,"其他巩膜造口术伴虹膜切除术","手术"
nhsa_jbzd_12_6500x003,"12.6500x003",True,"巩膜灼瘘术","手术"
nhsa_jbzd_12_6500x004,"12.6500x004",True,"虹膜周边切除伴巩膜造瘘术[谢氏手术]","手术"
nhsa_jbzd_12_6501,"12.6501",True,"巩膜切除术","手术"
nhsa_jbzd_12_6502,"12.6502",True,"巩膜下巩膜咬切术","手术"
nhsa_jbzd_12_6503,"12.6503",True,"虹膜巩膜切除术","手术"
nhsa_jbzd_12_6600,"12.6600",True,"巩膜造口术后修复术","手术"
nhsa_jbzd_12_6601,"12.6601",True,"滤泡修复术","手术"
nhsa_jbzd_12_6700,"12.6700",True,"眼房水引流装置置入","手术"
nhsa_jbzd_12_6700x002,"12.6700x002",True,"硅管调整术","治疗性操作"
nhsa_jbzd_12_6700x003,"12.6700x003",True,"硅管取出术","治疗性操作"
nhsa_jbzd_12_6700x004,"12.6700x004",True,"硅管置入术","治疗性操作"
nhsa_jbzd_12_6700x010,"12.6700x010",True,"眼压调节器再次置入术","手术"
nhsa_jbzd_12_6701,"12.6701",True,"青光眼阀取出术","手术"
nhsa_jbzd_12_6702,"12.6702",True,"青光眼阀修复调位术","手术"
nhsa_jbzd_12_6703,"12.6703",True,"前房导管术","手术"
nhsa_jbzd_12_6704,"12.6704",True,"青光眼阀置入术","手术"
nhsa_jbzd_12_6900,"12.6900",True,"其他造口术","手术"
nhsa_jbzd_12_6901,"12.6901",True,"脉络膜上腔巩膜内引流术","手术"
nhsa_jbzd_12_7100,"12.7100",True,"睫状体透热凝固术","治疗性操作"
nhsa_jbzd_12_7200,"12.7200",True,"睫状体冷冻疗法","治疗性操作"
nhsa_jbzd_12_7300,"12.7300",True,"睫状体光凝固法","治疗性操作"
nhsa_jbzd_12_7400,"12.7400",True,"缩减睫状体","手术"
nhsa_jbzd_12_7401,"12.7401",True,"睫状体贫血术","手术"
nhsa_jbzd_12_7900,"12.7900",True,"其他青光眼操作","手术"
nhsa_jbzd_12_7900x001,"12.7900x001",True,"眼压调节器去除术","手术"
nhsa_jbzd_12_7901,"12.7901",True,"苏林氏管切开术","手术"
nhsa_jbzd_12_7902,"12.7902",True,"眼压调节器置入术","手术"
nhsa_jbzd_12_7903,"12.7903",True,"眼压调节器修正术","手术"
nhsa_jbzd_12_7904,"12.7904",True,"眼压调节器置换术","手术"
nhsa_jbzd_12_8100,"12.8100",True,"巩膜裂伤缝合术","手术"
nhsa_jbzd_12_8200,"12.8200",True,"巩膜造口修补术","手术"
nhsa_jbzd_12_8200x001,"12.8200x001",True,"巩膜瘘修补术","手术"
nhsa_jbzd_12_8300,"12.8300",True,"眼前节手术伤口修复术","手术"
nhsa_jbzd_12_8300x002,"12.8300x002",True,"眼前节手术伤口修补术","手术"
nhsa_jbzd_12_8302,"12.8302",True,"巩膜瓣剥离术","手术"
nhsa_jbzd_12_8303,"12.8303",True,"巩膜缝线调整术","手术"
nhsa_jbzd_12_8304,"12.8304",True,"巩膜环扎带修正术","手术"
nhsa_jbzd_12_8400,"12.8400",True,"巩膜病损切除术或破坏术","手术"
nhsa_jbzd_12_8400x002,"12.8400x002",True,"巩膜咬切术","手术"
nhsa_jbzd_12_8400x004,"12.8400x004",True,"巩膜缝合术","手术"
nhsa_jbzd_12_8401,"12.8401",True,"巩膜灼烙术","手术"
nhsa_jbzd_12_8402,"12.8402",True,"巩膜透热术","手术"
nhsa_jbzd_12_8403,"12.8403",True,"巩膜病损切除术","手术"
nhsa_jbzd_12_8404,"12.8404",True,"巩膜冷冻术","手术"
nhsa_jbzd_12_8500,"12.8500",True,"用移植物的巩膜葡萄肿修补术","手术"
nhsa_jbzd_12_8500x002,"12.8500x002",True,"异体巩膜移植术","手术"
nhsa_jbzd_12_8600,"12.8600",True,"巩膜葡萄肿其他修补术","手术"
nhsa_jbzd_12_8600x001,"12.8600x001",True,"巩膜葡萄肿修补术","手术"
nhsa_jbzd_12_8700,"12.8700",True,"用移植物的巩膜加固术","手术"
nhsa_jbzd_12_8701,"12.8701",True,"巩膜异体羊膜填充术","手术"
nhsa_jbzd_12_8702,"12.8702",True,"巩膜生物胶植入术","手术"
nhsa_jbzd_12_8703,"12.8703",True,"巩膜外加压术伴填充","手术"
nhsa_jbzd_12_8800,"12.8800",True,"其他巩膜加固术","手术"
nhsa_jbzd_12_8800x002,"12.8800x002",True,"巩膜移植物加固术","手术"
nhsa_jbzd_12_8801,"12.8801",True,"巩膜外加压术","手术"
nhsa_jbzd_12_8802,"12.8802",True,"后巩膜加固术","手术"
nhsa_jbzd_12_8900,"12.8900",True,"巩膜其他手术","手术"
nhsa_jbzd_12_8900x001,"12.8900x001",True,"巩膜板层移植术","手术"
nhsa_jbzd_12_8900x007,"12.8900x007",True,"巩膜交联术","手术"
nhsa_jbzd_12_8901,"12.8901",True,"巩膜修补术","手术"
nhsa_jbzd_12_8902,"12.8902",True,"巩膜成形术","手术"
nhsa_jbzd_12_8903,"12.8903",True,"巩膜切开探查术","手术"
nhsa_jbzd_12_8904,"12.8904",True,"巩膜切开放液术","手术"
nhsa_jbzd_12_9100,"12.9100",True,"前房治疗性排空术","治疗性操作"
nhsa_jbzd_12_9100x002,"12.9100x002",True,"机化膜切除","治疗性操作"
nhsa_jbzd_12_9100x004,"12.9100x004",True,"睫状体放液术","治疗性操作"
nhsa_jbzd_12_9100x006,"12.9100x006",True,"前房抽吸术","治疗性操作"
nhsa_jbzd_12_9101,"12.9101",True,"前房穿刺术","治疗性操作"
nhsa_jbzd_12_9102,"12.9102",True,"前房冲洗术","治疗性操作"
nhsa_jbzd_12_9200,"12.9200",True,"前房注射","治疗性操作"
nhsa_jbzd_12_9201,"12.9201",True,"前房注气术","治疗性操作"
nhsa_jbzd_12_9202,"12.9202",True,"前房注液术","治疗性操作"
nhsa_jbzd_12_9203,"12.9203",True,"前房药物注射术","治疗性操作"
nhsa_jbzd_12_9300,"12.9300",True,"前房上皮延生物的去除或破坏术","手术"
nhsa_jbzd_12_9301,"12.9301",True,"前房上皮衍生物去除术","手术"
nhsa_jbzd_12_9302,"12.9302",True,"前房上皮衍生物破坏","手术"
nhsa_jbzd_12_9700,"12.9700",True,"虹膜其他手术","手术"
nhsa_jbzd_12_9701,"12.9701",True,"人工虹膜隔取出术","手术"
nhsa_jbzd_12_9702,"12.9702",True,"人工虹膜隔植入术","手术"
nhsa_jbzd_12_9703,"12.9703",True,"虹膜缩短术","手术"
nhsa_jbzd_12_9800,"12.9800",True,"睫状体其他手术","手术"
nhsa_jbzd_12_9801,"12.9801",True,"睫状体缝合术","手术"
nhsa_jbzd_12_9802,"12.9802",True,"睫状体固定术","手术"
nhsa_jbzd_12_9803,"12.9803",True,"睫状体复位术","手术"
nhsa_jbzd_12_9900,"12.9900",True,"前房其他手术","手术"
nhsa_jbzd_12_9900x004,"12.9900x004",True,"滤过泡增生组织切除术","手术"
nhsa_jbzd_12_9900x008,"12.9900x008",True,"前房硅油取出术","手术"
nhsa_jbzd_12_9900x009,"12.9900x009",True,"滤过泡分离术","手术"
nhsa_jbzd_12_9900x010,"12.9900x010",True,"前房探查术","手术"
nhsa_jbzd_12_9901,"12.9901",True,"放射敷贴器取出术","手术"
nhsa_jbzd_12_9903,"12.9903",True,"前房成形术","手术"
nhsa_jbzd_12_9904,"12.9904",True,"前房导管修正术","手术"
nhsa_jbzd_12_9905,"12.9905",True,"前房导管取出术","手术"
nhsa_jbzd_13_0000,"13.0000",True,"去除晶状体异物","手术"
nhsa_jbzd_13_0100,"13.0100",True,"用磁吸法的去除晶状体异物","手术"
nhsa_jbzd_13_0200,"13.0200",True,"不使用磁吸法的去除晶状体异物","手术"
nhsa_jbzd_13_0201,"13.0201",True,"晶状体切开异物取出术","手术"
nhsa_jbzd_13_1100,"13.1100",True,"经颞下入路晶状体囊内摘出术","手术"
nhsa_jbzd_13_1900,"13.1900",True,"晶状体的其他囊内摘出术","手术"
nhsa_jbzd_13_1900x006,"13.1900x006",True,"白内障针吸术","手术"
nhsa_jbzd_13_1900x007,"13.1900x007",True,"晶状体囊内摘除术","手术"
nhsa_jbzd_13_1900x008,"13.1900x008",True,"膜性白内障剪除术","手术"
nhsa_jbzd_13_1901,"13.1901",True,"白内障囊内冷凝摘出术","手术"
nhsa_jbzd_13_1902,"13.1902",True,"白内障囊内摘除术","手术"
nhsa_jbzd_13_2x00,"13.2x00",True,"晶状体囊外摘出术，用线形摘出法","手术"
nhsa_jbzd_13_2x01,"13.2x01",True,"晶状体刮匙摘除术","手术"
nhsa_jbzd_13_3x00,"13.3x00",True,"晶状体囊外摘出术，用单纯抽吸(和冲洗术)法","手术"
nhsa_jbzd_13_3x00x001,"13.3x00x001",True,"晶状体单纯抽吸囊外摘除术","手术"
nhsa_jbzd_13_3x01,"13.3x01",True,"创伤性白内障冲洗术","手术"
nhsa_jbzd_13_4100,"13.4100",True,"白内障晶状体乳化和抽吸","手术"
nhsa_jbzd_13_4100x001,"13.4100x001",True,"白内障超声乳化抽吸术","手术"
nhsa_jbzd_13_4101,"13.4101",True,"飞秒激光白内障超声乳化抽吸术","手术"
nhsa_jbzd_13_4200,"13.4200",True,"白内障晶状体机械性碎裂术和抽吸，用后入路","手术"
nhsa_jbzd_13_4200x001,"13.4200x001",True,"经后路白内障切割吸出术","手术"
nhsa_jbzd_13_4300,"13.4300",True,"白内障晶状体机械性碎裂术和其他抽吸","手术"
nhsa_jbzd_13_4300x001,"13.4300x001",True,"白内障切割吸出术","手术"
nhsa_jbzd_13_5100,"13.5100",True,"经颞下入路晶状体囊外摘出术","手术"
nhsa_jbzd_13_5900,"13.5900",True,"晶状体其他囊外摘出术","手术"
nhsa_jbzd_13_5900x001,"13.5900x001",True,"白内障囊外摘除术","手术"
nhsa_jbzd_13_6400,"13.6400",True,"后发膜刺开术[复发性白内障]","手术"
nhsa_jbzd_13_6400x001,"13.6400x001",True,"后发性白内障切开术","手术"
nhsa_jbzd_13_6500,"13.6500",True,"后发膜切除术[复发性白内障]","手术"
nhsa_jbzd_13_6500x002,"13.6500x002",True,"后发性白内障切除术","手术"
nhsa_jbzd_13_6501,"13.6501",True,"晶状体前囊膜切除术","手术"
nhsa_jbzd_13_6502,"13.6502",True,"晶状体后囊膜切除术","手术"
nhsa_jbzd_13_6503,"13.6503",True,"晶状体后囊膜激光切开术","手术"
nhsa_jbzd_13_6600,"13.6600",True,"后发膜机械性碎裂术[复发性白内障]","手术"
nhsa_jbzd_13_6900,"13.6900",True,"其他白内障摘出术","手术"
nhsa_jbzd_13_6900x002,"13.6900x002",True,"激光后囊切开术[YAG]","手术"
nhsa_jbzd_13_6901,"13.6901",True,"残留晶状体皮质切除术","手术"
nhsa_jbzd_13_7000,"13.7000",True,"置入人工晶状体","手术"
nhsa_jbzd_13_7100,"13.7100",True,"眼内人工晶状体置入伴白内障摘出术，一期","手术"
nhsa_jbzd_13_7100x001,"13.7100x001",True,"白内障摘除伴人工晶体一期置入术","手术"
nhsa_jbzd_13_7200,"13.7200",True,"眼内人工晶状体二期置入","手术"
nhsa_jbzd_13_7200x001,"13.7200x001",True,"人工晶体二期置入术","手术"
nhsa_jbzd_13_7200x002,"13.7200x002",True,"人工晶体再置入术","手术"
nhsa_jbzd_13_8x00,"13.8x00",True,"去除置入的晶状体","手术"
nhsa_jbzd_13_8x00x003,"13.8x00x003",True,"人工晶体取出术","手术"
nhsa_jbzd_13_9000,"13.9000",True,"晶状体手术","手术"
nhsa_jbzd_13_9000x004,"13.9000x004",True,"后囊切开术","手术"
nhsa_jbzd_13_9000x005,"13.9000x005",True,"张力环缝合术","手术"
nhsa_jbzd_13_9000x006,"13.9000x006",True,"虹膜隔晶体置入术","手术"
nhsa_jbzd_13_9000x007,"13.9000x007",True,"人工晶体缝合术","手术"
nhsa_jbzd_13_9000x008,"13.9000x008",True,"人工晶体前膜切除术","手术"
nhsa_jbzd_13_9000x009,"13.9000x009",True,"人工晶体睫状沟固定术","手术"
nhsa_jbzd_13_9000x010,"13.9000x010",True,"晶状体前囊切开术","手术"
nhsa_jbzd_13_9000x011,"13.9000x011",True,"晶状体囊膜剪开术","手术"
nhsa_jbzd_13_9001,"13.9001",True,"人工晶状体复位术","手术"
nhsa_jbzd_13_9002,"13.9002",True,"人工晶状体悬吊术","手术"
nhsa_jbzd_13_9003,"13.9003",True,"晶状体囊袋张力环植入术","手术"
nhsa_jbzd_13_9100,"13.9100",True,"眼内镜假体置入","手术"
nhsa_jbzd_13_9100x001,"13.9100x001",True,"可植入式隐形眼镜置入术[ICL置入术]","手术"
nhsa_jbzd_14_0000,"14.0000",True,"去除眼后节异物","手术"
nhsa_jbzd_14_0100,"14.0100",True,"用磁吸法去除眼后节异物","手术"
nhsa_jbzd_14_0101,"14.0101",True,"玻璃体异物磁吸术","手术"
nhsa_jbzd_14_0200,"14.0200",True,"不用磁吸法去除眼后节异物","手术"
nhsa_jbzd_14_0200x001,"14.0200x001",True,"眼后节异物去除术","手术"
nhsa_jbzd_14_0200x002,"14.0200x002",True,"玻璃体腔异物取出术","手术"
nhsa_jbzd_14_0201,"14.0201",True,"脉络膜切开异物取出术","手术"
nhsa_jbzd_14_0202,"14.0202",True,"后段眼球壁异物取出术","手术"
nhsa_jbzd_14_1100,"14.1100",True,"玻璃体诊断性抽吸","诊断性操作"
nhsa_jbzd_14_1900,"14.1900",True,"视网膜、脉络膜、玻璃体和后房的其他诊断性操作","诊断性操作"
nhsa_jbzd_14_1901,"14.1901",True,"脉络膜活组织检查","诊断性操作"
nhsa_jbzd_14_1902,"14.1902",True,"视网膜活组织检查","诊断性操作"
nhsa_jbzd_14_2100,"14.2100",True,"用透热法的脉络膜视网膜病损破坏术","手术"
nhsa_jbzd_14_2101,"14.2101",True,"脉络膜病损透热术","手术"
nhsa_jbzd_14_2102,"14.2102",True,"视网膜病损透热术","手术"
nhsa_jbzd_14_2200,"14.2200",True,"用冷冻疗法的脉络膜视网膜病损破坏术","手术"
nhsa_jbzd_14_2201,"14.2201",True,"脉络膜病损冷冻术","手术"
nhsa_jbzd_14_2202,"14.2202",True,"视网膜病损冷冻术","手术"
nhsa_jbzd_14_2300,"14.2300",True,"用氙弧光凝固法的脉络膜视网膜病损破坏术","手术"
nhsa_jbzd_14_2301,"14.2301",True,"脉络膜病损氙弧光凝固术","手术"
nhsa_jbzd_14_2302,"14.2302",True,"视网膜病损氙弧光凝固术","手术"
nhsa_jbzd_14_2400,"14.2400",True,"用激光光凝固法的脉络膜视网膜病损破坏术","手术"
nhsa_jbzd_14_2401,"14.2401",True,"脉络膜病损激光凝固术","手术"
nhsa_jbzd_14_2402,"14.2402",True,"视网膜病损激光凝固术","手术"
nhsa_jbzd_14_2403,"14.2403",True,"黄斑光动力学治疗(PDT)","手术"
nhsa_jbzd_14_2500,"14.2500",True,"用光凝固法的脉络膜视网膜病损破坏术","手术"
nhsa_jbzd_14_2600,"14.2600",True,"用放射疗法的脉络膜视网膜病损破坏术","手术"
nhsa_jbzd_14_2601,"14.2601",True,"脉络膜病损放射疗法","治疗性操作"
nhsa_jbzd_14_2602,"14.2602",True,"视网膜病损放射疗法","治疗性操作"
nhsa_jbzd_14_2700,"14.2700",True,"用放射源植入法的脉络膜视网膜病损破坏术","手术"
nhsa_jbzd_14_2700x001,"14.2700x001",True,"放射敷贴器置入术","手术"
nhsa_jbzd_14_2900,"14.2900",True,"脉络膜视网膜病损的其他破坏术","手术"
nhsa_jbzd_14_2900x001,"14.2900x001",True,"视网膜剥离术","手术"
nhsa_jbzd_14_2900x002,"14.2900x002",True,"视网膜前膜切除术","手术"
nhsa_jbzd_14_2900x003,"14.2900x003",True,"脉络膜病损切除术","手术"
nhsa_jbzd_14_2900x004,"14.2900x004",True,"内界膜剥离术","手术"
nhsa_jbzd_14_2901,"14.2901",True,"脉络膜病损其他破坏术","手术"
nhsa_jbzd_14_2902,"14.2902",True,"视网膜病损其他破坏术","手术"
nhsa_jbzd_14_3100,"14.3100",True,"用透热疗法的视网膜裂伤修补术","手术"
nhsa_jbzd_14_3101,"14.3101",True,"视网膜裂孔电凝术","手术"
nhsa_jbzd_14_3200,"14.3200",True,"用冷冻疗法的视网膜裂伤修补术","手术"
nhsa_jbzd_14_3200x001,"14.3200x001",True,"黄斑裂孔冷冻术","手术"
nhsa_jbzd_14_3200x002,"14.3200x002",True,"视网膜裂孔冷冻术","手术"
nhsa_jbzd_14_3300,"14.3300",True,"用氙弧光凝固法的视网膜裂伤修补术","手术"
nhsa_jbzd_14_3400,"14.3400",True,"用激光光凝固法的视网膜裂伤修补术","手术"
nhsa_jbzd_14_3500,"14.3500",True,"用光凝固法的视网膜裂伤修补术","手术"
nhsa_jbzd_14_3900,"14.3900",True,"视网膜裂伤的其他修补术","手术"
nhsa_jbzd_14_3901,"14.3901",True,"黄斑裂孔填塞术","手术"
nhsa_jbzd_14_4100,"14.4100",True,"巩膜环扎术伴有植入物","手术"
nhsa_jbzd_14_4900,"14.4900",True,"其他巩膜环扎术","手术"
nhsa_jbzd_14_4900x001,"14.4900x001",True,"巩膜环扎术","手术"
nhsa_jbzd_14_4901,"14.4901",True,"巩膜环扎术伴空气填塞","手术"
nhsa_jbzd_14_4902,"14.4902",True,"巩膜环扎术伴巩膜切除术","手术"
nhsa_jbzd_14_4903,"14.4903",True,"巩膜环扎术伴玻璃体切除术","手术"
nhsa_jbzd_14_5100,"14.5100",True,"用透热疗法的视网膜脱离修补术","手术"
nhsa_jbzd_14_5101,"14.5101",True,"视网膜脱离电凝术","手术"
nhsa_jbzd_14_5200,"14.5200",True,"用冷冻疗法的视网膜脱离修补术","手术"
nhsa_jbzd_14_5200x001,"14.5200x001",True,"视网膜脱离冷冻术","手术"
nhsa_jbzd_14_5300,"14.5300",True,"用氙弧光凝固法的视网膜脱离修补术","手术"
nhsa_jbzd_14_5300x001,"14.5300x001",True,"视网膜脱离氙弧光凝固术","手术"
nhsa_jbzd_14_5400,"14.5400",True,"用激光光凝固法的视网膜脱离修补术","手术"
nhsa_jbzd_14_5400x001,"14.5400x001",True,"视网膜脱离激光治疗术","手术"
nhsa_jbzd_14_5500,"14.5500",True,"用光凝固法的视网膜脱离修补术","手术"
nhsa_jbzd_14_5900,"14.5900",True,"视网膜脱离其他修补术","手术"
nhsa_jbzd_14_5901,"14.5901",True,"巩膜缩短术","手术"
nhsa_jbzd_14_5902,"14.5902",True,"玻璃体硅油置入术，用于视网膜再附着","手术"
nhsa_jbzd_14_5903,"14.5903",True,"玻璃体腔注气，视网膜复位术","手术"
nhsa_jbzd_14_5904,"14.5904",True,"玻璃体气液交换，视网膜复位术","手术"
nhsa_jbzd_14_5905,"14.5905",True,"玻璃体腔重水注射术，视网膜复位术","手术"
nhsa_jbzd_14_6x00,"14.6x00",True,"去除眼后节手术植入物","手术"
nhsa_jbzd_14_6x00x001,"14.6x00x001",True,"眼后节置入物取出术","手术"
nhsa_jbzd_14_6x01,"14.6x01",True,"巩膜环扎带取出术","手术"
nhsa_jbzd_14_6x02,"14.6x02",True,"玻璃体硅油取出术","手术"
nhsa_jbzd_14_7100,"14.7100",True,"去除玻璃体，前入路","手术"
nhsa_jbzd_14_7100x001,"14.7100x001",True,"前入路玻璃体切除术","手术"
nhsa_jbzd_14_7200,"14.7200",True,"玻璃体的其他去除法","手术"
nhsa_jbzd_14_7201,"14.7201",True,"玻璃体抽吸术","治疗性操作"
nhsa_jbzd_14_7202,"14.7202",True,"后入路玻璃体切割术伴替代物注入","手术"
nhsa_jbzd_14_7203,"14.7203",True,"后入路玻璃体切割术伴人工玻璃体置入术","手术"
nhsa_jbzd_14_7300,"14.7300",True,"经前入路的机械性玻璃体切除术","手术"
nhsa_jbzd_14_7300x001,"14.7300x001",True,"前入路玻璃体切割术","手术"
nhsa_jbzd_14_7400,"14.7400",True,"其他机械性玻璃体切除术，后入路","手术"
nhsa_jbzd_14_7401,"14.7401",True,"后入路玻璃体切割术","手术"
nhsa_jbzd_14_7500,"14.7500",True,"注射玻璃体替代物","治疗性操作"
nhsa_jbzd_14_7500x001,"14.7500x001",True,"玻璃体腔内替代物注射术","治疗性操作"
nhsa_jbzd_14_7500x002,"14.7500x002",True,"玻璃体自体血清注入术","治疗性操作"
nhsa_jbzd_14_7500x003,"14.7500x003",True,"玻璃体硅油置换术","手术"
nhsa_jbzd_14_7500x004,"14.7500x004",True,"玻璃体重水置换术","手术"
nhsa_jbzd_14_7501,"14.7501",True,"玻璃体硅油填充术","手术"
nhsa_jbzd_14_7900,"14.7900",True,"玻璃体其他手术","手术"
nhsa_jbzd_14_7900x001,"14.7900x001",True,"人工玻璃体球囊置入术","手术"
nhsa_jbzd_14_7901,"14.7901",True,"玻璃体腔探查术","手术"
nhsa_jbzd_14_7902,"14.7902",True,"玻璃体腔脱位晶状体取出术","手术"
nhsa_jbzd_14_7903,"14.7903",True,"玻璃体药物注射术","治疗性操作"
nhsa_jbzd_14_7904,"14.7904",True,"玻璃体腔残留晶体皮质取出术","手术"
nhsa_jbzd_14_7905,"14.7905",True,"玻璃体气液交换术","手术"
nhsa_jbzd_14_9x00,"14.9x00",True,"视网膜、脉络膜和后房其他手术","手术"
nhsa_jbzd_14_9x00x001,"14.9x00x001",True,"巩膜外环扎带调整术","手术"
nhsa_jbzd_14_9x01,"14.9x01",True,"视网膜下放液术","手术"
nhsa_jbzd_14_9x02,"14.9x02",True,"视网膜部分剥离术","手术"
nhsa_jbzd_14_9x03,"14.9x03",True,"视网膜切开术","手术"
nhsa_jbzd_14_9x04,"14.9x04",True,"脉络膜上腔放液术","手术"
nhsa_jbzd_14_9x05,"14.9x05",True,"视网膜松解术","手术"
nhsa_jbzd_14_9x06,"14.9x06",True,"视网膜部分切除术","手术"
nhsa_jbzd_14_9x07,"14.9x07",True,"黄斑转位术","手术"
nhsa_jbzd_14_9x08,"14.9x08",True,"视网膜色素上皮细胞移植术","手术"
nhsa_jbzd_15_0100,"15.0100",True,"眼外肌或腱的活组织检查","诊断性操作"
nhsa_jbzd_15_0100x001,"15.0100x001",True,"眼外肌活检术","手术"
nhsa_jbzd_15_0900,"15.0900",True,"眼外肌和腱的其他诊断性操作","诊断性操作"
nhsa_jbzd_15_1100,"15.1100",True,"一条眼外肌的后徙术","手术"
nhsa_jbzd_15_1200,"15.1200",True,"一条眼外肌的前徙术","手术"
nhsa_jbzd_15_1300,"15.1300",True,"一条眼外肌的部分切除术","手术"
nhsa_jbzd_15_1900,"15.1900",True,"一条眼外肌从眼球暂时脱离的其他手术","手术"
nhsa_jbzd_15_1900x001,"15.1900x001",True,"一条眼外肌离断术","手术"
nhsa_jbzd_15_2100,"15.2100",True,"一条眼外肌的延长术","手术"
nhsa_jbzd_15_2200,"15.2200",True,"一条眼外肌的缩短术","手术"
nhsa_jbzd_15_2900,"15.2900",True,"一条眼外肌的其他手术","手术"
nhsa_jbzd_15_2901,"15.2901",True,"一条眼外肌的悬吊术","手术"
nhsa_jbzd_15_3x00,"15.3x00",True,"两条或两条以上眼外肌暂时从眼球脱离的手术，单眼或双眼","手术"
nhsa_jbzd_15_3x01,"15.3x01",True,"两条或两条以上眼外肌的后徙术","手术"
nhsa_jbzd_15_3x02,"15.3x02",True,"两条或两条以上眼外肌的前徙术","手术"
nhsa_jbzd_15_4x00,"15.4x00",True,"两条或两条以上眼外肌的其他手术，单眼或双眼","手术"
nhsa_jbzd_15_4x01,"15.4x01",True,"两条或两条以上眼外肌缩短术","手术"
nhsa_jbzd_15_4x02,"15.4x02",True,"两条或两条以上眼外肌悬吊术","手术"
nhsa_jbzd_15_5x00,"15.5x00",True,"眼外肌移位术","手术"
nhsa_jbzd_15_6x00,"15.6x00",True,"眼外肌手术后的修复术","手术"
nhsa_jbzd_15_7x00,"15.7x00",True,"眼外肌损伤修补术","手术"
nhsa_jbzd_15_7x01,"15.7x01",True,"眼肌粘连松解术","手术"
nhsa_jbzd_15_9x00,"15.9x00",True,"眼外肌和肌腱的其他手术","手术"
nhsa_jbzd_15_9x00x001,"15.9x00x001",True,"眼肌部分切除术","手术"
nhsa_jbzd_15_9x00x007,"15.9x00x007",True,"眼肌探查术","手术"
nhsa_jbzd_15_9x00x008,"15.9x00x008",True,"眼睑轮匝肌切断术","手术"
nhsa_jbzd_15_9x00x009,"15.9x00x009",True,"眼外肌病损切除术","手术"
nhsa_jbzd_15_9x00x010,"15.9x00x010",True,"眼外肌本体感受器破坏术","手术"
nhsa_jbzd_15_9x01,"15.9x01",True,"眼阔筋膜切除术","手术"
nhsa_jbzd_16_0100,"16.0100",True,"眼眶切开术伴有骨瓣","手术"
nhsa_jbzd_16_0101,"16.0101",True,"外侧开眶术","手术"
nhsa_jbzd_16_0200,"16.0200",True,"眼眶切开术伴置入眼眶植入物","手术"
nhsa_jbzd_16_0200x001,"16.0200x001",True,"眼内自膨胀水凝胶注入术","手术"
nhsa_jbzd_16_0900,"16.0900",True,"其他眼眶切开术","手术"
nhsa_jbzd_16_0900x004,"16.0900x004",True,"一个眶壁减压术","手术"
nhsa_jbzd_16_0900x005,"16.0900x005",True,"多个眶壁减压术","手术"
nhsa_jbzd_16_0900x006,"16.0900x006",True,"鼻内镜下眶切开引流术","手术"
nhsa_jbzd_16_0901,"16.0901",True,"开眶探查术","手术"
nhsa_jbzd_16_0902,"16.0902",True,"眶切开引流术","手术"
nhsa_jbzd_16_0903,"16.0903",True,"眶减压术","手术"
nhsa_jbzd_16_0904,"16.0904",True,"内镜下眶减压术","手术"
nhsa_jbzd_16_1x00,"16.1x00",True,"去除眼穿透性异物","手术"
nhsa_jbzd_16_1x00x001,"16.1x00x001",True,"眼内异物取出术","手术"
nhsa_jbzd_16_1x01,"16.1x01",True,"眶切开异物取出术","手术"
nhsa_jbzd_16_1x02,"16.1x02",True,"内镜下眶内异物取出术","手术"
nhsa_jbzd_16_2100,"16.2100",True,"检眼镜检查法","诊断性操作"
nhsa_jbzd_16_2100x001,"16.2100x001",True,"眼底检查","诊断性操作"
nhsa_jbzd_16_2200,"16.2200",True,"眼眶诊断性抽吸","诊断性操作"
nhsa_jbzd_16_2300,"16.2300",True,"眼球和眼眶的活组织检查","诊断性操作"
nhsa_jbzd_16_2301,"16.2301",True,"眶活组织检查","诊断性操作"
nhsa_jbzd_16_2302,"16.2302",True,"眼球内活组织检查","诊断性操作"
nhsa_jbzd_16_2900,"16.2900",True,"眼眶和眼球的其他诊断性操作","诊断性操作"
nhsa_jbzd_16_3100,"16.3100",True,"去除眼内容物同时将植入物植入巩膜壳","手术"
nhsa_jbzd_16_3100x001,"16.3100x001",True,"眼内容物剜出伴巩膜内填充","手术"
nhsa_jbzd_16_3900,"16.3900",True,"眼球其他内容物剜出术","手术"
nhsa_jbzd_16_3900x001,"16.3900x001",True,"眼球内容物剜出术","手术"
nhsa_jbzd_16_4100,"16.4100",True,"眼球摘除同时伴眼移植物的球囊植入并行肌肉附着术","手术"
nhsa_jbzd_16_4100x002,"16.4100x002",True,"眼球摘除伴义眼置入术","手术"
nhsa_jbzd_16_4101,"16.4101",True,"眼球摘除伴义眼台置入术","手术"
nhsa_jbzd_16_4200,"16.4200",True,"眼球摘除术伴其他植入物","手术"
nhsa_jbzd_16_4200x002,"16.4200x002",True,"眼球摘除伴植入物置入术","手术"
nhsa_jbzd_16_4900,"16.4900",True,"眼球其他摘除术","手术"
nhsa_jbzd_16_4900x001,"16.4900x001",True,"眼球摘除术","手术"
nhsa_jbzd_16_4901,"16.4901",True,"隐眼摘除术","手术"
nhsa_jbzd_16_5100,"16.5100",True,"去除眼眶内容物剜出术伴去除邻近结构","手术"
nhsa_jbzd_16_5100x002,"16.5100x002",True,"眼眶内容物剜出伴邻近结构去除术","手术"
nhsa_jbzd_16_5200,"16.5200",True,"眼眶内容物剜出术伴治疗性去除眶骨","手术"
nhsa_jbzd_16_5900,"16.5900",True,"其他眼眶内容物剜出术","手术"
nhsa_jbzd_16_5900x001,"16.5900x001",True,"眼眶内容物剜出术","手术"
nhsa_jbzd_16_5901,"16.5901",True,"眼眶内容物切除伴皮瓣滑行修复术","手术"
nhsa_jbzd_16_5902,"16.5902",True,"眼眶内容物剜出术伴颞肌移植术","手术"
nhsa_jbzd_16_6100,"16.6100",True,"二期眼植入物置入","手术"
nhsa_jbzd_16_6100x001,"16.6100x001",True,"义眼二期置入术","手术"
nhsa_jbzd_16_6101,"16.6101",True,"二期义眼台置入术","手术"
nhsa_jbzd_16_6200,"16.6200",True,"眼植入物的修复术和再置入术","手术"
nhsa_jbzd_16_6200x001,"16.6200x001",True,"义眼台修正术","手术"
nhsa_jbzd_16_6300,"16.6300",True,"用移植物的眼摘除腔修复术","手术"
nhsa_jbzd_16_6300x002,"16.6300x002",True,"眼窝凹陷填充术","手术"
nhsa_jbzd_16_6300x003,"16.6300x003",True,"放疗后眼窝凹陷填充术","手术"
nhsa_jbzd_16_6400,"16.6400",True,"眼摘除腔的其他修复术","手术"
nhsa_jbzd_16_6500,"16.6500",True,"内容物剜出腔的二期移植物置入术","手术"
nhsa_jbzd_16_6600,"16.6600",True,"内容物剜出腔的其他修复术","手术"
nhsa_jbzd_16_6900,"16.6900",True,"眼球去除后的其他二期操作","手术"
nhsa_jbzd_16_7100,"16.7100",True,"去除眼植入物","手术"
nhsa_jbzd_16_7101,"16.7101",True,"义眼台取出术","手术"
nhsa_jbzd_16_7200,"16.7200",True,"去除眼眶植入物","手术"
nhsa_jbzd_16_7200x002,"16.7200x002",True,"眼硅胶取出术","手术"
nhsa_jbzd_16_8100,"16.8100",True,"眼眶伤口修补术","手术"
nhsa_jbzd_16_8100x002,"16.8100x002",True,"眼眶缺损修补术","手术"
nhsa_jbzd_16_8200,"16.8200",True,"眼球破裂修补术","手术"
nhsa_jbzd_16_8900,"16.8900",True,"眼球或眼眶损伤的其他修补术","手术"
nhsa_jbzd_16_8900x001,"16.8900x001",True,"眶骨重建术","手术"
nhsa_jbzd_16_8900x002,"16.8900x002",True,"眶内壁重建术","手术"
nhsa_jbzd_16_8901,"16.8901",True,"眼球修补术","手术"
nhsa_jbzd_16_8902,"16.8902",True,"内镜下眼眶修补术","手术"
nhsa_jbzd_16_8903,"16.8903",True,"眼窝成形术","手术"
nhsa_jbzd_16_8904,"16.8904",True,"眼眶再造术","手术"
nhsa_jbzd_16_9100,"16.9100",True,"球后注射治疗性药物","治疗性操作"
nhsa_jbzd_16_9100x001,"16.9100x001",True,"球后注射无水乙醇","治疗性操作"
nhsa_jbzd_16_9100x002,"16.9100x002",True,"眼球内注气术","治疗性操作"
nhsa_jbzd_16_9100x003,"16.9100x003",True,"眼眶内注射治疗性药物","治疗性操作"
nhsa_jbzd_16_9200,"16.9200",True,"眼眶病损切除术","手术"
nhsa_jbzd_16_9201,"16.9201",True,"内镜下眶内病损切除术","手术"
nhsa_jbzd_16_9300,"16.9300",True,"眼病损切除术","手术"
nhsa_jbzd_16_9300x001,"16.9300x001",True,"眶内脓肿引流术","手术"
nhsa_jbzd_16_9300x003,"16.9300x003",True,"眶内病损切除术","手术"
nhsa_jbzd_16_9800,"16.9800",True,"眼眶其他手术","手术"
nhsa_jbzd_16_9800x001,"16.9800x001",True,"眼眶内容物复位术","手术"
nhsa_jbzd_16_9800x002,"16.9800x002",True,"眼眶内穿刺引流术","治疗性操作"
nhsa_jbzd_16_9801,"16.9801",True,"眼眶清创术","手术"
nhsa_jbzd_16_9900,"16.9900",True,"眼球其他手术","手术"
nhsa_jbzd_17_1100,"17.1100",True,"腹腔镜腹股沟直疝修补术，伴有移植物或假体","手术"
nhsa_jbzd_17_1100x001,"17.1100x001",True,"腹腔镜下单侧腹股沟直疝无张力修补术","手术"
nhsa_jbzd_17_1200,"17.1200",True,"腹腔镜腹股沟斜疝修补术，伴有移植物或假体","手术"
nhsa_jbzd_17_1200x001,"17.1200x001",True,"腹腔镜下单侧腹股沟斜疝无张力修补术","手术"
nhsa_jbzd_17_1300,"17.1300",True,"腹腔镜腹股沟疝修补术，伴有移植物或假体","手术"
nhsa_jbzd_17_1300x001,"17.1300x001",True,"腹腔镜下经腹膜前腹股沟疝补片修补术（TAPP）","手术"
nhsa_jbzd_17_1300x002,"17.1300x002",True,"腹腔镜下全腹膜外腹股沟疝补片修补术（TEP）","手术"
nhsa_jbzd_17_2100,"17.2100",True,"腹腔镜双侧腹股沟直疝修补术，伴有移植物或假体","手术"
nhsa_jbzd_17_2100x001,"17.2100x001",True,"腹腔镜下双侧腹股沟直疝无张力修补术","手术"
nhsa_jbzd_17_2200,"17.2200",True,"腹腔镜双侧腹股沟斜疝修补术，伴有移植物或假体","手术"
nhsa_jbzd_17_2200x001,"17.2200x001",True,"腹腔镜下双侧腹股沟斜疝无张力修补术","手术"
nhsa_jbzd_17_2300,"17.2300",True,"腹腔镜双侧腹股沟疝修补术，一侧为直疝，另一侧为斜疝，伴有移植物或假体","手术"
nhsa_jbzd_17_2300x001,"17.2300x001",True,"腹腔镜下双侧腹股沟疝无张力修补术,一侧直疝一侧斜疝"
nhsa_jbzd_17_2400,"17.2400",True,"腹腔镜双侧腹股沟疝修补术，伴有移植物或假体","手术"
nhsa_jbzd_17_2400x001,"17.2400x001",True,"腹腔镜下双侧腹股沟疝无张力修补术","手术"
nhsa_jbzd_17_3100,"17.3100",True,"腹腔镜多段大肠切除术","手术"
nhsa_jbzd_17_3101,"17.3101",True,"腹腔镜直肠乙状结肠部分切除术","手术"
nhsa_jbzd_17_3200,"17.3200",True,"腹腔镜盲肠切除术","手术"
nhsa_jbzd_17_3200x001,"17.3200x001",True,"腹腔镜下盲肠部分切除术","手术"
nhsa_jbzd_17_3200x002,"17.3200x002",True,"腹腔镜下回盲部切除术","手术"
nhsa_jbzd_17_3300,"17.3300",True,"腹腔镜右半结肠切除术","手术"
nhsa_jbzd_17_3300x002,"17.3300x002",True,"腹腔镜下升结肠部分切除术","手术"
nhsa_jbzd_17_3400,"17.3400",True,"腹腔镜横结肠切除术","手术"
nhsa_jbzd_17_3401,"17.3401",True,"腹腔镜横结肠部分切除术","手术"
nhsa_jbzd_17_3500,"17.3500",True,"腹腔镜左半结肠切除术","手术"
nhsa_jbzd_17_3500x001,"17.3500x001",True,"腹腔镜下降结肠部分切除术","手术"
nhsa_jbzd_17_3600,"17.3600",True,"腹腔镜乙状结肠切除术","手术"
nhsa_jbzd_17_3600x001,"17.3600x001",True,"腹腔镜下乙状结肠部分切除术","手术"
nhsa_jbzd_17_3900,"17.3900",True,"其他腹腔镜大肠部分切除术","手术"
nhsa_jbzd_17_3900x002,"17.3900x002",True,"腹腔镜下结肠部分切除术","手术"
nhsa_jbzd_17_3900x003,"17.3900x003",True,"腹腔镜下小肠-结肠切除术","手术"
nhsa_jbzd_17_3901,"17.3901",True,"腹腔镜巨结肠切除术","手术"
nhsa_jbzd_17_4100,"17.4100",False,"机器人援助操作","手术"
nhsa_jbzd_17_4200,"17.4200",False,"腹腔镜机器人援助操作","手术"
nhsa_jbzd_17_4300,"17.4300",False,"经皮机器人援助操作","手术"
nhsa_jbzd_17_4400,"17.4400",False,"内镜机器人援助操作","手术"
nhsa_jbzd_17_4500,"17.4500",False,"胸腔镜机器人援助操作","手术"
nhsa_jbzd_17_4900,"17.4900",False,"其他和未特指的机器人援助操作","手术"
nhsa_jbzd_17_4900x001,"17.4900x001",False,"机器人辅助康复","治疗性操作"
nhsa_jbzd_17_5100,"17.5100",True,"置入可充电的心脏收缩力调节[CCM]装置，全系统","治疗性操作"
nhsa_jbzd_17_5200,"17.5200",True,"仅置入或置换心脏收缩力调节[CCM]可充电的脉冲发生器","治疗性操作"
nhsa_jbzd_17_5300,"17.5300",True,"经皮颅外血管粥样硬化切除术","介入治疗"
nhsa_jbzd_17_5301,"17.5301",True,"经皮颈动脉粥样斑块切除术","介入治疗"
nhsa_jbzd_17_5400,"17.5400",True,"颅内血管经皮粥样硬化切除术","介入治疗"
nhsa_jbzd_17_5500,"17.5500",True,"经管腔冠状动脉粥样硬化切除术","介入治疗"
nhsa_jbzd_17_5500x002,"17.5500x002",True,"经皮冠状动脉粥样斑块切除术","介入治疗"
nhsa_jbzd_17_5500x003,"17.5500x003",True,"经皮冠状动脉血栓抽吸术","介入治疗"
nhsa_jbzd_17_5501,"17.5501",True,"经皮冠状动脉旋磨术","介入治疗"
nhsa_jbzd_17_5600,"17.5600",True,"其他非冠状血管粥样硬化切除术","介入治疗"
nhsa_jbzd_17_5600x001,"17.5600x001",True,"经皮周围血管动脉粥样斑块切除术","介入治疗"
nhsa_jbzd_17_6100,"17.6100",True,"诱导下脑组织或脑损害的激光间质热疗法[LITT]","介入治疗"
nhsa_jbzd_17_6100x001,"17.6100x001",True,"脑病损激光间质热疗法[LITT]","介入治疗"
nhsa_jbzd_17_6200,"17.6200",True,"头和颈部损害或组织在诱导下的激光间质热疗法[LITT]","介入治疗"
nhsa_jbzd_17_6200x001,"17.6200x001",True,"头颈部病损的激光质热疗法[LITT]","介入治疗"
nhsa_jbzd_17_6300,"17.6300",True,"诱导下肝组织或肝损害的激光间质热疗法[LITT]","介入治疗"
nhsa_jbzd_17_6300x001,"17.6300x001",True,"肝病损激光间质热疗法[LITT]","介入治疗"
nhsa_jbzd_17_6900,"17.6900",True,"诱导下其他和未特指部位组织或部位损害的激光间质热疗法[LITT]","介入治疗"
nhsa_jbzd_17_6900x001,"17.6900x001",True,"其他部位激光间质热疗法[LITT]","介入治疗"
nhsa_jbzd_17_7000,"17.7000",True,"氯法拉滨静脉内灌注","介入治疗"
nhsa_jbzd_17_7100,"17.7100",True,"手术中非冠状动脉荧光血管造影术[IFVA]","诊断性操作"
nhsa_jbzd_17_8100,"17.8100",True,"抗菌外膜置入","治疗性操作"
nhsa_jbzd_17_9200x001,"17.9200x001",True,"颈椎病推拿治疗","治疗性操作"
nhsa_jbzd_17_9200x002,"17.9200x002",True,"第三腰椎横突综合征推拿治疗","治疗性操作"
nhsa_jbzd_17_9200x003,"17.9200x003",True,"中风后遗症推拿治疗","治疗性操作"
nhsa_jbzd_17_9200x004,"17.9200x004",True,"头痛推拿治疗","治疗性操作"
nhsa_jbzd_17_9200x005,"17.9200x005",True,"眩晕推拿治疗","治疗性操作"
nhsa_jbzd_17_9200x006,"17.9200x006",True,"失眠推拿治疗","治疗性操作"
nhsa_jbzd_17_9200x007,"17.9200x007",True,"感冒推拿治疗","治疗性操作"
nhsa_jbzd_17_9200x008,"17.9200x008",True,"咳喘推拿治疗","治疗性操作"
nhsa_jbzd_17_9200x009,"17.9200x009",True,"心悸推拿治疗","治疗性操作"
nhsa_jbzd_17_9200x010,"17.9200x010",True,"消渴推拿治疗","治疗性操作"
nhsa_jbzd_17_9200x011,"17.9200x011",True,"面瘫推拿治疗","治疗性操作"
nhsa_jbzd_17_9200x012,"17.9200x012",True,"近视推拿治疗","治疗性操作"
nhsa_jbzd_17_9200x013,"17.9200x013",True,"痛经推拿治疗","治疗性操作"
nhsa_jbzd_17_9200x014,"17.9200x014",True,"月经不调推拿治疗","治疗性操作"
nhsa_jbzd_17_9200x015,"17.9200x015",True,"胃脘痛推拿治疗","治疗性操作"
nhsa_jbzd_17_9200x016,"17.9200x016",True,"慢性胆囊炎推拿治疗","治疗性操作"
nhsa_jbzd_17_9200x017,"17.9200x017",True,"呃逆推拿治疗","治疗性操作"
nhsa_jbzd_17_9200x018,"17.9200x018",True,"腹泻推拿治疗","治疗性操作"
nhsa_jbzd_17_9200x019,"17.9200x019",True,"便秘推拿治疗","治疗性操作"
nhsa_jbzd_17_9200x020,"17.9200x020",True,"癃闭推拿治疗","治疗性操作"
nhsa_jbzd_17_9200x021,"17.9200x021",True,"乳蛾推拿治疗","治疗性操作"
nhsa_jbzd_17_9200x022,"17.9200x022",True,"运动关节手法推拿治疗","治疗性操作"
nhsa_jbzd_17_9200x023,"17.9200x023",True,"导引手法推拿治疗","治疗性操作"
nhsa_jbzd_17_9200x024,"17.9200x024",True,"基本手法推拿治疗","治疗性操作"
nhsa_jbzd_17_9200x025,"17.9200x025",True,"寰枢关节失稳推拿治疗","治疗性操作"
nhsa_jbzd_17_9200x026,"17.9200x026",True,"颈椎小关节紊乱推拿治疗","治疗性操作"
nhsa_jbzd_17_9200x027,"17.9200x027",True,"胸椎小关节紊乱推拿治疗","治疗性操作"
nhsa_jbzd_17_9200x028,"17.9200x028",True,"腰椎小关节紊乱推拿治疗","治疗性操作"
nhsa_jbzd_17_9200x029,"17.9200x029",True,"腰椎间盘突出推拿治疗","治疗性操作"
nhsa_jbzd_17_9200x030,"17.9200x030",True,"骶髂关节紊乱症推拿治疗","治疗性操作"
nhsa_jbzd_17_9200x031,"17.9200x031",True,"强直性脊柱炎推拿治疗","治疗性操作"
nhsa_jbzd_17_9200x032,"17.9200x032",True,"落枕推拿治疗","治疗性操作"
nhsa_jbzd_17_9200x033,"17.9200x033",True,"四肢关节错缝推拿治疗","治疗性操作"
nhsa_jbzd_17_9200x034,"17.9200x034",True,"小儿肌性斜颈推拿治疗","治疗性操作"
nhsa_jbzd_17_9200x035,"17.9200x035",True,"小儿发热推拿治疗","治疗性操作"
nhsa_jbzd_17_9200x036,"17.9200x036",True,"小儿腹泻推拿治疗","治疗性操作"
nhsa_jbzd_17_9200x037,"17.9200x037",True,"小儿咳嗽推拿治疗","治疗性操作"
nhsa_jbzd_17_9200x038,"17.9200x038",True,"小儿捏脊治疗","治疗性操作"
nhsa_jbzd_17_9200x039,"17.9200x039",True,"小儿流涎症推拿治疗","治疗性操作"
nhsa_jbzd_17_9200x040,"17.9200x040",True,"小儿腹痛推拿治疗","治疗性操作"
nhsa_jbzd_17_9200x041,"17.9200x041",True,"小儿夜啼推拿治疗","治疗性操作"
nhsa_jbzd_17_9200x042,"17.9200x042",True,"小儿厌食推拿治疗","治疗性操作"
nhsa_jbzd_17_9200x043,"17.9200x043",True,"小儿呕吐推拿治疗","治疗性操作"
nhsa_jbzd_17_9200x044,"17.9200x044",True,"小儿便秘推拿治疗","治疗性操作"
nhsa_jbzd_17_9200x045,"17.9200x045",True,"小儿遗尿推拿治疗","治疗性操作"
nhsa_jbzd_17_9200x046,"17.9200x046",True,"小儿脱肛推拿治疗","治疗性操作"
nhsa_jbzd_17_9200x047,"17.9200x047",True,"小儿疳积推拿治疗","治疗性操作"
nhsa_jbzd_17_9200x048,"17.9200x048",True,"器械辅助推拿治疗","治疗性操作"
nhsa_jbzd_17_9200x049,"17.9200x049",True,"膏摩治疗","治疗性操作"
nhsa_jbzd_17_9200x050,"17.9200x050",True,"揉抓排乳治疗","治疗性操作"
nhsa_jbzd_17_9300x001,"17.9300x001",True,"刮痧治疗","治疗性操作"
nhsa_jbzd_17_9300x002,"17.9300x002",True,"放痧治疗","治疗性操作"
nhsa_jbzd_17_9300x003,"17.9300x003",True,"撮痧治疗","治疗性操作"
nhsa_jbzd_17_9300x004,"17.9300x004",True,"砭石治疗","治疗性操作"
nhsa_jbzd_17_9400x001,"17.9400x001",True,"拔罐治疗","治疗性操作"
nhsa_jbzd_17_9400x002,"17.9400x002",True,"药罐治疗","治疗性操作"
nhsa_jbzd_17_9400x003,"17.9400x003",True,"刺络拔罐治疗","治疗性操作"
nhsa_jbzd_17_9400x004,"17.9400x004",True,"针罐治疗","治疗性操作"
nhsa_jbzd_17_9500x001,"17.9500x001",True,"贴敷治疗(小)","治疗性操作"
nhsa_jbzd_17_9500x002,"17.9500x002",True,"贴敷治疗(中)","治疗性操作"
nhsa_jbzd_17_9500x003,"17.9500x003",True,"贴敷治疗(大)","治疗性操作"
nhsa_jbzd_17_9500x004,"17.9500x004",True,"贴敷治疗(特大)","治疗性操作"
nhsa_jbzd_17_9500x005,"17.9500x005",True,"穴位贴敷治疗","治疗性操作"
nhsa_jbzd_17_9500x006,"17.9500x006",True,"烫熨治疗(小)","治疗性操作"
nhsa_jbzd_17_9500x007,"17.9500x007",True,"烫熨治疗(中)","治疗性操作"
nhsa_jbzd_17_9500x008,"17.9500x008",True,"烫熨治疗(大)","治疗性操作"
nhsa_jbzd_17_9500x009,"17.9500x009",True,"烫熨治疗(特大)","治疗性操作"
nhsa_jbzd_17_9500x010,"17.9500x010",True,"冷敷治疗","治疗性操作"
nhsa_jbzd_17_9500x011,"17.9500x011",True,"中药蒸汽浴治疗","治疗性操作"
nhsa_jbzd_17_9500x012,"17.9500x012",True,"中药熏药治疗","治疗性操作"
nhsa_jbzd_17_9500x013,"17.9500x013",True,"中药硬膏热贴敷治疗","治疗性操作"
nhsa_jbzd_17_9500x014,"17.9500x014",True,"中药局部熏洗治疗","治疗性操作"
nhsa_jbzd_17_9500x015,"17.9500x015",True,"中药半身熏洗治疗","治疗性操作"
nhsa_jbzd_17_9500x016,"17.9500x016",True,"中药全身熏洗治疗","治疗性操作"
nhsa_jbzd_17_9500x017,"17.9500x017",True,"中药淋洗治疗","治疗性操作"
nhsa_jbzd_17_9500x018,"17.9500x018",True,"中药塌渍治疗","治疗性操作"
nhsa_jbzd_17_9500x019,"17.9500x019",True,"中药湿热敷治疗","治疗性操作"
nhsa_jbzd_17_9500x020,"17.9500x020",True,"烙治法治疗慢性扁桃体炎治疗","治疗性操作"
nhsa_jbzd_17_9500x021,"17.9500x021",True,"脐疗法治疗","治疗性操作"
nhsa_jbzd_17_9500x022,"17.9500x022",True,"埋线治疗","治疗性操作"
nhsa_jbzd_17_9700x001,"17.9700x001",True,"脱位合并撕脱骨折手法整复术","治疗性操作"
nhsa_jbzd_17_9700x002,"17.9700x002",True,"颞颌关节脱位手法整复术","治疗性操作"
nhsa_jbzd_17_9700x003,"17.9700x003",True,"肩锁关节脱位手法整复术","治疗性操作"
nhsa_jbzd_17_9700x004,"17.9700x004",True,"胸锁关节脱位手法整复术","治疗性操作"
nhsa_jbzd_17_9700x005,"17.9700x005",True,"肩关节脱位手法整复术","治疗性操作"
nhsa_jbzd_17_9700x006,"17.9700x006",True,"肘关节脱位手法整复术","治疗性操作"
nhsa_jbzd_17_9700x007,"17.9700x007",True,"桡骨头半脱位手法整复术","治疗性操作"
nhsa_jbzd_17_9700x008,"17.9700x008",True,"桡骨头脱位手法整复术","治疗性操作"
nhsa_jbzd_17_9700x009,"17.9700x009",True,"下桡尺关节脱位手法整复术","治疗性操作"
nhsa_jbzd_17_9700x010,"17.9700x010",True,"桡腕关节脱位手法整复术","治疗性操作"
nhsa_jbzd_17_9700x011,"17.9700x011",True,"手腕部脱位手法整复术","治疗性操作"
nhsa_jbzd_17_9700x012,"17.9700x012",True,"髋关节脱位手法整复术","治疗性操作"
nhsa_jbzd_17_9700x013,"17.9700x013",True,"髌骨脱位手法整复术","治疗性操作"
nhsa_jbzd_17_9700x014,"17.9700x014",True,"足部关节脱位手法整复术","治疗性操作"
nhsa_jbzd_17_9700x015,"17.9700x015",True,"经皮穿刺关节骨折闭合复位内固定术","治疗性操作"
nhsa_jbzd_17_9700x016,"17.9700x016",True,"锁骨骨折手法整复术","治疗性操作"
nhsa_jbzd_17_9700x017,"17.9700x017",True,"肱骨外科颈骨折手法整复术","治疗性操作"
nhsa_jbzd_17_9700x018,"17.9700x018",True,"肱骨大结节骨折手法整复术","治疗性操作"
nhsa_jbzd_17_9700x019,"17.9700x019",True,"肱骨干骨折手法整复术","治疗性操作"
nhsa_jbzd_17_9700x020,"17.9700x020",True,"肱骨髁上骨折手法整复术","治疗性操作"
nhsa_jbzd_17_9700x021,"17.9700x021",True,"肱骨髁间骨折手法整复术","治疗性操作"
nhsa_jbzd_17_9700x022,"17.9700x022",True,"肱骨内外髁骨折手法整复术","治疗性操作"
nhsa_jbzd_17_9700x023,"17.9700x023",True,"尺骨鹰嘴骨折手法整复术","治疗性操作"
nhsa_jbzd_17_9700x024,"17.9700x024",True,"桡骨头骨折手法整复术","治疗性操作"
nhsa_jbzd_17_9700x025,"17.9700x025",True,"桡尺骨干双骨折手法整复术","治疗性操作"
nhsa_jbzd_17_9700x026,"17.9700x026",True,"桡尺骨干单骨折手法整复术","治疗性操作"
nhsa_jbzd_17_9700x027,"17.9700x027",True,"尺骨上1/3骨折合并桡骨头脱位手法整复术","治疗性操作"
nhsa_jbzd_17_9700x028,"17.9700x028",True,"桡骨下1/3骨折合并下尺桡关节脱位手法整复术","治疗性操作"
nhsa_jbzd_17_9700x029,"17.9700x029",True,"桡骨下端骨折手法整复术","治疗性操作"
nhsa_jbzd_17_9700x030,"17.9700x030",True,"腕舟骨骨折手法整复术","治疗性操作"
nhsa_jbzd_17_9700x031,"17.9700x031",True,"掌指骨骨折手法整复术","治疗性操作"
nhsa_jbzd_17_9700x032,"17.9700x032",True,"股骨颈/股骨转子间骨折手法整复术","治疗性操作"
nhsa_jbzd_17_9700x033,"17.9700x033",True,"股骨干骨折手法整复术","治疗性操作"
nhsa_jbzd_17_9700x034,"17.9700x034",True,"股骨髁上骨折手法整复术","治疗性操作"
nhsa_jbzd_17_9700x035,"17.9700x035",True,"髌骨骨折手法整复术","治疗性操作"
nhsa_jbzd_17_9700x036,"17.9700x036",True,"胫骨髁骨折手法整复术","治疗性操作"
nhsa_jbzd_17_9700x037,"17.9700x037",True,"胫腓骨干骨折手法整复术","治疗性操作"
nhsa_jbzd_17_9700x038,"17.9700x038",True,"踝关节单踝骨折手法整复术","治疗性操作"
nhsa_jbzd_17_9700x039,"17.9700x039",True,"踝关节骨折脱位手法整复术","治疗性操作"
nhsa_jbzd_17_9700x040,"17.9700x040",True,"足部骨折手法整复术","治疗性操作"
nhsa_jbzd_17_9700x041,"17.9700x041",True,"脊柱骨折手法整复术","治疗性操作"
nhsa_jbzd_17_9700x042,"17.9700x042",True,"小夹板固定治疗","治疗性操作"
nhsa_jbzd_17_9700x043,"17.9700x043",True,"小夹板调整术","治疗性操作"
nhsa_jbzd_17_9700x044,"17.9700x044",True,"骨折超关节夹板外固定术","治疗性操作"
nhsa_jbzd_17_9700x045,"17.9700x045",True,"理筋手法治疗","治疗性操作"
nhsa_jbzd_17_9700x048,"17.9700x048",True,"练功康复疗法","治疗性操作"
nhsa_jbzd_17_9900x001,"17.9900x001",True,"五禽戏治疗","治疗性操作"
nhsa_jbzd_17_9900x002,"17.9900x002",True,"六字诀治疗","治疗性操作"
nhsa_jbzd_17_9900x003,"17.9900x003",True,"易筋经治疗","治疗性操作"
nhsa_jbzd_17_9900x004,"17.9900x004",True,"八段锦治疗","治疗性操作"
nhsa_jbzd_17_9900x005,"17.9900x005",True,"五行掌治疗","治疗性操作"
nhsa_jbzd_17_9900x006,"17.9900x006",True,"保健功治疗","治疗性操作"
nhsa_jbzd_17_9900x007,"17.9900x007",True,"站桩功治疗","治疗性操作"
nhsa_jbzd_17_9900x008,"17.9900x008",True,"回春功治疗","治疗性操作"
nhsa_jbzd_17_9900x009,"17.9900x009",True,"放松功治疗","治疗性操作"
nhsa_jbzd_17_9900x010,"17.9900x010",True,"内养功治疗","治疗性操作"
nhsa_jbzd_17_9900x011,"17.9900x011",True,"强壮功治疗","治疗性操作"
nhsa_jbzd_17_9900x012,"17.9900x012",True,"真气运行法治疗","治疗性操作"
nhsa_jbzd_17_9900x013,"17.9900x013",True,"新气功疗法治疗","治疗性操作"
nhsa_jbzd_17_9900x014,"17.9900x014",True,"养气健目功治疗","治疗性操作"
nhsa_jbzd_17_9900x015,"17.9900x015",True,"龟息养生功治疗","治疗性操作"
nhsa_jbzd_18_0100,"18.0100",True,"耳垂造孔(扎耳朵眼)","治疗性操作"
nhsa_jbzd_18_0100x002,"18.0100x002",True,"耳垂切开引流术","手术"
nhsa_jbzd_18_0101,"18.0101",True,"耳廓造孔","治疗性操作"
nhsa_jbzd_18_0200,"18.0200",True,"外耳道切开术","手术"
nhsa_jbzd_18_0200x003,"18.0200x003",True,"外耳道探查术","手术"
nhsa_jbzd_18_0201,"18.0201",True,"外耳道切开引流术","手术"
nhsa_jbzd_18_0202,"18.0202",True,"外耳道切开异物取出术","手术"
nhsa_jbzd_18_0900,"18.0900",True,"外耳其他切开术","手术"
nhsa_jbzd_18_0900x002,"18.0900x002",True,"耳后切开引流术","手术"
nhsa_jbzd_18_0901,"18.0901",True,"耳前切开引流术","手术"
nhsa_jbzd_18_0902,"18.0902",True,"耳廓切开引流术","手术"
nhsa_jbzd_18_1100,"18.1100",True,"耳镜检查","诊断性操作"
nhsa_jbzd_18_1200,"18.1200",True,"外耳活组织检查","诊断性操作"
nhsa_jbzd_18_1900,"18.1900",True,"外耳其他诊断性操作","诊断性操作"
nhsa_jbzd_18_2100,"18.2100",True,"耳前窦道切除术","手术"
nhsa_jbzd_18_2100x006,"18.2100x006",True,"耳前瘘管切除术","手术"
nhsa_jbzd_18_2101,"18.2101",True,"耳前病损切除术","手术"
nhsa_jbzd_18_2900,"18.2900",True,"外耳其他病损切除术或破坏术","手术"
nhsa_jbzd_18_2900x003,"18.2900x003",True,"耳廓病损切除术","手术"
nhsa_jbzd_18_2900x009,"18.2900x009",True,"外耳道病损切除术","手术"
nhsa_jbzd_18_2900x016,"18.2900x016",True,"耳廓皮肤和皮下坏死组织切除清创术","手术"
nhsa_jbzd_18_2900x017,"18.2900x017",True,"耳廓皮肤和皮下组织非切除性清创","治疗性操作"
nhsa_jbzd_18_2900x018,"18.2900x018",True,"耳后瘘管切除术","手术"
nhsa_jbzd_18_2901,"18.2901",True,"外耳病损切除术","手术"
nhsa_jbzd_18_2902,"18.2902",True,"外耳病损烧灼术","治疗性操作"
nhsa_jbzd_18_2903,"18.2903",True,"外耳病损冷冻术","治疗性操作"
nhsa_jbzd_18_2904,"18.2904",True,"外耳病损刮除术","治疗性操作"
nhsa_jbzd_18_2905,"18.2905",True,"外耳病损电凝术","治疗性操作"
nhsa_jbzd_18_2906,"18.2906",True,"外耳病损激光手术","治疗性操作"
nhsa_jbzd_18_2907,"18.2907",True,"副耳切除术","手术"
nhsa_jbzd_18_3100,"18.3100",True,"外耳病损根治性切除术","手术"
nhsa_jbzd_18_3900,"18.3900",True,"外耳其他切除术","手术"
nhsa_jbzd_18_3900x003,"18.3900x003",True,"耳廓切除术","手术"
nhsa_jbzd_18_3900x004,"18.3900x004",True,"外耳软骨切除术","手术"
nhsa_jbzd_18_3900x005,"18.3900x005",True,"耳廓部分切除术","手术"
nhsa_jbzd_18_3901,"18.3901",True,"外耳切断术","手术"
nhsa_jbzd_18_4x00,"18.4x00",True,"外耳裂伤缝合术","手术"
nhsa_jbzd_18_5x00,"18.5x00",True,"耳前突矫正术","手术"
nhsa_jbzd_18_5x00x001,"18.5x00x001",True,"招风耳矫正术","手术"
nhsa_jbzd_18_6x00,"18.6x00",True,"外耳道重建术","手术"
nhsa_jbzd_18_6x00x001,"18.6x00x001",True,"内镜下外耳道成形术","手术"
nhsa_jbzd_18_6x01,"18.6x01",True,"外耳道成形术","手术"
nhsa_jbzd_18_6x02,"18.6x02",True,"外耳道植皮术","手术"
nhsa_jbzd_18_7100,"18.7100",True,"耳郭建造术","手术"
nhsa_jbzd_18_7100x001,"18.7100x001",True,"耳廓成形术","手术"
nhsa_jbzd_18_7100x002,"18.7100x002",True,"耳廓重建术","手术"
nhsa_jbzd_18_7100x009,"18.7100x009",True,"耳廓支架取出术","手术"
nhsa_jbzd_18_7100x010,"18.7100x010",True,"义耳置入术","手术"
nhsa_jbzd_18_7101,"18.7101",True,"杯状耳矫正术","手术"
nhsa_jbzd_18_7102,"18.7102",True,"耳廓支架植入术","手术"
nhsa_jbzd_18_7103,"18.7103",True,"全耳再造术","手术"
nhsa_jbzd_18_7104,"18.7104",True,"隐耳矫正术","手术"
nhsa_jbzd_18_7105,"18.7105",True,"耳廓缺损修补术","手术"
nhsa_jbzd_18_7200,"18.7200",True,"断耳再接术","手术"
nhsa_jbzd_18_7900,"18.7900",True,"外耳其他整形术","手术"
nhsa_jbzd_18_7900x002,"18.7900x002",True,"耳垂畸形矫正术","手术"
nhsa_jbzd_18_7900x008,"18.7900x008",True,"乳突植皮术","手术"
nhsa_jbzd_18_7900x009,"18.7900x009",True,"耳游离皮瓣移植术","手术"
nhsa_jbzd_18_7900x010,"18.7900x010",True,"耳扩张皮瓣移植术","手术"
nhsa_jbzd_18_7901,"18.7901",True,"外耳成形术","手术"
nhsa_jbzd_18_7902,"18.7902",True,"耳廓植皮术","手术"
nhsa_jbzd_18_7903,"18.7903",True,"耳软骨整形术","手术"
nhsa_jbzd_18_7904,"18.7904",True,"外耳上提术","手术"
nhsa_jbzd_18_7905,"18.7905",True,"耳后皮肤移植术","手术"
nhsa_jbzd_18_7906,"18.7906",True,"耳甲腔成形术","手术"
nhsa_jbzd_18_9x00,"18.9x00",True,"外耳其他手术","手术"
nhsa_jbzd_18_9x00x002,"18.9x00x002",True,"耳前皮肤扩张器置入术","手术"
nhsa_jbzd_18_9x00x004,"18.9x00x004",True,"外耳道支架取出术","手术"
nhsa_jbzd_18_9x00x005,"18.9x00x005",True,"外耳道支架置换术","手术"
nhsa_jbzd_18_9x00x007,"18.9x00x007",True,"耳后皮肤扩张器置入术","手术"
nhsa_jbzd_18_9x00x009,"18.9x00x009",True,"耳前皮肤扩张器取出术","手术"
nhsa_jbzd_18_9x00x010,"18.9x00x010",True,"耳后皮肤扩张器取出术","手术"
nhsa_jbzd_18_9x01,"18.9x01",True,"外耳道记忆合金支架置入术","手术"
nhsa_jbzd_18_9x02,"18.9x02",True,"外耳道记忆合金支架置换术","手术"
nhsa_jbzd_18_9x03,"18.9x03",True,"外耳道记忆合金支架取出术","手术"
nhsa_jbzd_19_0x00,"19.0x00",True,"镫骨撼动术","手术"
nhsa_jbzd_19_0x00x002,"19.0x00x002",True,"镫骨板钻孔术","手术"
nhsa_jbzd_19_0x00x003,"19.0x00x003",True,"镫骨松动术","手术"
nhsa_jbzd_19_0x00x004,"19.0x00x004",True,"内镜下镫骨憾动术","手术"
nhsa_jbzd_19_0x01,"19.0x01",True,"镫骨脚切开术","手术"
nhsa_jbzd_19_0x02,"19.0x02",True,"耳硬化分离术","手术"
nhsa_jbzd_19_0x03,"19.0x03",True,"镫骨再撼动术","手术"
nhsa_jbzd_19_1100,"19.1100",True,"镫骨切除术伴砧骨置换","手术"
nhsa_jbzd_19_1900,"19.1900",True,"其他镫骨切除术","手术"
nhsa_jbzd_19_1900x002,"19.1900x002",True,"镫骨部分切除伴脂肪移植术","手术"
nhsa_jbzd_19_1900x003,"19.1900x003",True,"镫骨切除术","手术"
nhsa_jbzd_19_1900x004,"19.1900x004",True,"人工镫骨置入术","手术"
nhsa_jbzd_19_1900x005,"19.1900x005",True,"人工镫骨置换术","手术"
nhsa_jbzd_19_1900x006,"19.1900x006",True,"镫骨足板开窗术","手术"
nhsa_jbzd_19_1900x007,"19.1900x007",True,"内镜下镫骨切除术","手术"
nhsa_jbzd_19_1900x008,"19.1900x008",True,"内镜下镫骨足板开窗术","手术"
nhsa_jbzd_19_1900x009,"19.1900x009",True,"人工镫骨取出术","手术"
nhsa_jbzd_19_1901,"19.1901",True,"镫骨部分切除术","手术"
nhsa_jbzd_19_2100,"19.2100",True,"镫骨切除术伴砧骨置换的修复术","手术"
nhsa_jbzd_19_2900,"19.2900",True,"镫骨切除术的其他修复术","手术"
nhsa_jbzd_19_2900x001,"19.2900x001",True,"镫骨切除术的修正术","手术"
nhsa_jbzd_19_2901,"19.2901",True,"镫骨粘连松解术","手术"
nhsa_jbzd_19_2902,"19.2902",True,"镫骨重建术","手术"
nhsa_jbzd_19_3x00,"19.3x00",True,"听骨链的其他手术","手术"
nhsa_jbzd_19_3x00x001,"19.3x00x001",True,"听骨链撼动术","手术"
nhsa_jbzd_19_3x00x002,"19.3x00x002",True,"内镜下人工听骨链重建术","手术"
nhsa_jbzd_19_3x00x003,"19.3x00x003",True,"人工听小骨取出术","手术"
nhsa_jbzd_19_3x01,"19.3x01",True,"听骨切除术","手术"
nhsa_jbzd_19_3x02,"19.3x02",True,"砧镫关节复位术","手术"
nhsa_jbzd_19_3x03,"19.3x03",True,"听骨链重建术","手术"
nhsa_jbzd_19_3x04,"19.3x04",True,"异体听骨植入术","手术"
nhsa_jbzd_19_4x00,"19.4x00",True,"鼓膜成形术","手术"
nhsa_jbzd_19_4x00x002,"19.4x00x002",True,"鼓膜修补术","手术"
nhsa_jbzd_19_4x00x003,"19.4x00x003",True,"鼓膜移植术","手术"
nhsa_jbzd_19_4x00x004,"19.4x00x004",True,"内镜下鼓膜修补术","手术"
nhsa_jbzd_19_4x00x005,"19.4x00x005",True,"内镜下鼓室成形术","手术"
nhsa_jbzd_19_4x01,"19.4x01",True,"鼓室成形术,I型"
nhsa_jbzd_19_5200,"19.5200",True,"鼓室成形术，II型","手术"
nhsa_jbzd_19_5300,"19.5300",True,"鼓室成形术，III型","手术"
nhsa_jbzd_19_5400,"19.5400",True,"鼓室成形术，IV型","手术"
nhsa_jbzd_19_5500,"19.5500",True,"鼓室成形术，V型","手术"
nhsa_jbzd_19_6x00,"19.6x00",True,"鼓室成形术的修复术","手术"
nhsa_jbzd_19_6x00x001,"19.6x00x001",True,"鼓室成形修正术","手术"
nhsa_jbzd_19_9x00,"19.9x00",True,"中耳其他修补术","手术"
nhsa_jbzd_19_9x00x006,"19.9x00x006",True,"乙状窦还纳术","手术"
nhsa_jbzd_19_9x00x007,"19.9x00x007",True,"鼓室封闭术","手术"
nhsa_jbzd_19_9x00x008,"19.9x00x008",True,"乳突腔填塞术","手术"
nhsa_jbzd_19_9x01,"19.9x01",True,"耳后瘘管修补术","手术"
nhsa_jbzd_19_9x02,"19.9x02",True,"中耳成形术","手术"
nhsa_jbzd_19_9x03,"19.9x03",True,"乳突肌成形术","手术"
nhsa_jbzd_19_9x04,"19.9x04",True,"乳突腔内植皮术","手术"
nhsa_jbzd_19_9x05,"19.9x05",True,"乳突瘘闭合术","手术"
nhsa_jbzd_20_0100,"20.0100",True,"鼓膜切开术伴置管","手术"
nhsa_jbzd_20_0100x003,"20.0100x003",True,"鼓膜造口术","手术"
nhsa_jbzd_20_0100x005,"20.0100x005",True,"鼓室置管术","手术"
nhsa_jbzd_20_0100x006,"20.0100x006",True,"内镜下鼓膜置管术","手术"
nhsa_jbzd_20_0100x007,"20.0100x007",True,"圆窗龛置管术","手术"
nhsa_jbzd_20_0900,"20.0900",True,"其他鼓膜切开术","手术"
nhsa_jbzd_20_0900x008,"20.0900x008",True,"中耳抽吸术","手术"
nhsa_jbzd_20_0901,"20.0901",True,"鼓膜切开引流术","手术"
nhsa_jbzd_20_0902,"20.0902",True,"鼓膜穿刺术","手术"
nhsa_jbzd_20_1x00,"20.1x00",True,"去除鼓室造口术置管","手术"
nhsa_jbzd_20_1x01,"20.1x01",True,"鼓膜通气管取出术","手术"
nhsa_jbzd_20_2100,"20.2100",True,"乳突切开术","手术"
nhsa_jbzd_20_2100x004,"20.2100x004",True,"乳突切开探查术","手术"
nhsa_jbzd_20_2101,"20.2101",True,"乳突切开引流术","手术"
nhsa_jbzd_20_2200,"20.2200",True,"岩锥气房切开术","手术"
nhsa_jbzd_20_2201,"20.2201",True,"岩尖凿开术","手术"
nhsa_jbzd_20_2300,"20.2300",True,"中耳切开术","手术"
nhsa_jbzd_20_2300x001,"20.2300x001",True,"鼓室粘连松解术","手术"
nhsa_jbzd_20_2300x002,"20.2300x002",True,"上鼓室切开术","手术"
nhsa_jbzd_20_2300x007,"20.2300x007",True,"鼓窦探查术","手术"
nhsa_jbzd_20_2300x009,"20.2300x009",True,"中耳切开探查术","手术"
nhsa_jbzd_20_2301,"20.2301",True,"鼓室探查术","手术"
nhsa_jbzd_20_2302,"20.2302",True,"中耳切开异物取出术","手术"
nhsa_jbzd_20_2303,"20.2303",True,"中耳粘连松解术","手术"
nhsa_jbzd_20_3100,"20.3100",True,"耳蜗电图","诊断性操作"
nhsa_jbzd_20_3200,"20.3200",True,"中耳和内耳活组织检查","诊断性操作"
nhsa_jbzd_20_3201,"20.3201",True,"中耳活组织检查","诊断性操作"
nhsa_jbzd_20_3202,"20.3202",True,"内耳活组织检查","诊断性操作"
nhsa_jbzd_20_3900,"20.3900",True,"中耳和内耳其他诊断性操作","诊断性操作"
nhsa_jbzd_20_3901,"20.3901",True,"中耳镜检查","诊断性操作"
nhsa_jbzd_20_4100,"20.4100",True,"单纯乳突切除术","手术"
nhsa_jbzd_20_4200,"20.4200",True,"根治性乳突切除术","手术"
nhsa_jbzd_20_4200x002,"20.4200x002",True,"乳突扩大根治术","手术"
nhsa_jbzd_20_4900,"20.4900",True,"其他乳突切除术","手术"
nhsa_jbzd_20_4900x004,"20.4900x004",True,"乳突切除术","手术"
nhsa_jbzd_20_4900x007,"20.4900x007",True,"上鼓室鼓窦切开术","手术"
nhsa_jbzd_20_4900x008,"20.4900x008",True,"开放式乳突改良根治术","手术"
nhsa_jbzd_20_4900x009,"20.4900x009",True,"完壁式乳突改良根治术","手术"
nhsa_jbzd_20_4901,"20.4901",True,"乳突改良根治术","手术"
nhsa_jbzd_20_4902,"20.4902",True,"乳突病损切除术","手术"
nhsa_jbzd_20_5100,"20.5100",True,"中耳病损切除术","手术"
nhsa_jbzd_20_5100x002,"20.5100x002",True,"耳后病损切除术","手术"
nhsa_jbzd_20_5100x003,"20.5100x003",True,"鼓室病损切除术","手术"
nhsa_jbzd_20_5101,"20.5101",True,"颈静脉球瘤切除术","手术"
nhsa_jbzd_20_5102,"20.5102",True,"鼓膜病损切除术","手术"
nhsa_jbzd_20_5900,"20.5900",True,"中耳其他切除术","手术"
nhsa_jbzd_20_5900x003,"20.5900x003",True,"岩尖切开术","手术"
nhsa_jbzd_20_5901,"20.5901",True,"岩锥病损切除术","手术"
nhsa_jbzd_20_5902,"20.5902",True,"鼓膜切除术","手术"
nhsa_jbzd_20_5903,"20.5903",True,"内镜下岩尖病损切除术","手术"
nhsa_jbzd_20_6100,"20.6100",True,"内耳开窗术(初次)","手术"
nhsa_jbzd_20_6100x004,"20.6100x004",True,"半规管阻塞术","手术"
nhsa_jbzd_20_6101,"20.6101",True,"半规管开窗术","手术"
nhsa_jbzd_20_6102,"20.6102",True,"迷路开窗术","手术"
nhsa_jbzd_20_6103,"20.6103",True,"前庭开窗术","手术"
nhsa_jbzd_20_6200,"20.6200",True,"内耳开窗术的修复术","手术"
nhsa_jbzd_20_6200x002,"20.6200x002",True,"半规管裂修补术","手术"
nhsa_jbzd_20_7100,"20.7100",True,"内淋巴分流术","手术"
nhsa_jbzd_20_7200,"20.7200",True,"内耳注射","治疗性操作"
nhsa_jbzd_20_7900,"20.7900",True,"内耳其他切开术、切除术和破坏术","手术"
nhsa_jbzd_20_7900x001,"20.7900x001",True,"迷路减压术","手术"
nhsa_jbzd_20_7900x005,"20.7900x005",True,"内耳切开探查术","手术"
nhsa_jbzd_20_7900x006,"20.7900x006",True,"迷路切除术","手术"
nhsa_jbzd_20_7901,"20.7901",True,"内耳切开术","手术"
nhsa_jbzd_20_7902,"20.7902",True,"内耳病损切除术","手术"
nhsa_jbzd_20_7903,"20.7903",True,"内淋巴减压术","手术"
nhsa_jbzd_20_7904,"20.7904",True,"迷路部分切除术","手术"
nhsa_jbzd_20_7905,"20.7905",True,"内耳切开引流术","手术"
nhsa_jbzd_20_7906,"20.7906",True,"前庭切除术","手术"
nhsa_jbzd_20_8x00,"20.8x00",True,"咽鼓管手术","手术"
nhsa_jbzd_20_8x00x004,"20.8x00x004",True,"咽鼓管吹张术","手术"
nhsa_jbzd_20_8x00x005,"20.8x00x005",True,"咽鼓管填充术","手术"
nhsa_jbzd_20_8x00x006,"20.8x00x006",True,"内镜下腭帆张肌松解术","手术"
nhsa_jbzd_20_8x01,"20.8x01",True,"咽鼓管通气术","手术"
nhsa_jbzd_20_8x02,"20.8x02",True,"咽鼓管成形术","手术"
nhsa_jbzd_20_8x03,"20.8x03",True,"咽鼓管注药术","手术"
nhsa_jbzd_20_8x04,"20.8x04",True,"咽鼓管置管术","手术"
nhsa_jbzd_20_8x05,"20.8x05",True,"咽鼓管扩张术","手术"
nhsa_jbzd_20_9100,"20.9100",True,"鼓室交感神经切除术","手术"
nhsa_jbzd_20_9200,"20.9200",True,"乳突切除术的修复术","手术"
nhsa_jbzd_20_9201,"20.9201",True,"乳突术后清创术","手术"
nhsa_jbzd_20_9300,"20.9300",True,"卵圆窗和圆窗修补术","手术"
nhsa_jbzd_20_9301,"20.9301",True,"卵圆窗修补术","手术"
nhsa_jbzd_20_9302,"20.9302",True,"圆窗修补术","手术"
nhsa_jbzd_20_9303,"20.9303",True,"半规管瘘修补术","手术"
nhsa_jbzd_20_9400,"20.9400",True,"鼓室注射","治疗性操作"
nhsa_jbzd_20_9500,"20.9500",True,"电磁助听器置入","手术"
nhsa_jbzd_20_9501,"20.9501",True,"骨锚式助听器置入术","手术"
nhsa_jbzd_20_9502,"20.9502",True,"中耳振动声桥置入术","手术"
nhsa_jbzd_20_9600,"20.9600",True,"耳蜗假体装置置入或置换术","手术"
nhsa_jbzd_20_9601,"20.9601",True,"人工耳蜗置入术","手术"
nhsa_jbzd_20_9602,"20.9602",True,"人工耳蜗置换术","手术"
nhsa_jbzd_20_9700,"20.9700",True,"耳蜗假体装置置入或置换术，单道","手术"
nhsa_jbzd_20_9701,"20.9701",True,"单道人工耳蜗置入术","手术"
nhsa_jbzd_20_9702,"20.9702",True,"单道人工耳蜗置换术","手术"
nhsa_jbzd_20_9800,"20.9800",True,"耳蜗假体装置置入或置换术，多道","手术"
nhsa_jbzd_20_9801,"20.9801",True,"多道人工耳蜗置入术","手术"
nhsa_jbzd_20_9802,"20.9802",True,"多道人工耳蜗置换术","手术"
nhsa_jbzd_20_9900,"20.9900",True,"中耳和内耳其他手术","手术"
nhsa_jbzd_20_9901,"20.9901",True,"人工耳蜗取出术","手术"
nhsa_jbzd_20_9902,"20.9902",True,"人工耳蜗电极取出术","手术"
nhsa_jbzd_20_9903,"20.9903",True,"人工耳蜗电极修正术","手术"
nhsa_jbzd_21_0000,"21.0000",True,"控制鼻出血","治疗性操作"
nhsa_jbzd_21_0100,"21.0100",True,"控制鼻出血，用前鼻孔填塞","治疗性操作"
nhsa_jbzd_21_0200,"21.0200",True,"控制鼻出血，用后鼻孔（和前鼻孔）填塞","治疗性操作"
nhsa_jbzd_21_0200x001,"21.0200x001",True,"蝶窦填塞止血术","治疗性操作"
nhsa_jbzd_21_0200x002,"21.0200x002",True,"上颌窦填塞止血术","治疗性操作"
nhsa_jbzd_21_0300,"21.0300",True,"控制鼻出血，用烧灼术(和填塞术)","治疗性操作"
nhsa_jbzd_21_0300x003,"21.0300x003",True,"鼻内窥镜下鼻微波烧灼止血术","治疗性操作"
nhsa_jbzd_21_0300x004,"21.0300x004",True,"鼻内窥镜下电凝止血术","治疗性操作"
nhsa_jbzd_21_0301,"21.0301",True,"鼻出血激光烧灼术","治疗性操作"
nhsa_jbzd_21_0302,"21.0302",True,"鼻出血电凝术","治疗性操作"
nhsa_jbzd_21_0400,"21.0400",True,"控制鼻出血，用筛动脉结扎术","手术"
nhsa_jbzd_21_0500,"21.0500",True,"控制鼻出血，用(经上颌窦)颌动脉结扎术","手术"
nhsa_jbzd_21_0501,"21.0501",True,"内镜下蝶腭动脉结扎术","手术"
nhsa_jbzd_21_0600,"21.0600",True,"控制鼻出血，用颈外动脉结扎术","手术"
nhsa_jbzd_21_0700,"21.0700",True,"控制鼻出血，用切除鼻黏膜并在鼻中隔和鼻侧壁植皮","手术"
nhsa_jbzd_21_0700x001,"21.0700x001",True,"鼻黏膜切除止血术","手术"
nhsa_jbzd_21_0900,"21.0900",True,"控制鼻出血，用其他方法","手术"
nhsa_jbzd_21_0900x001,"21.0900x001",True,"鼻内镜下鼻射频止血术","治疗性操作"
nhsa_jbzd_21_0901,"21.0901",True,"鼻出血冷冻术","治疗性操作"
nhsa_jbzd_21_0902,"21.0902",True,"鼻出血血管缝合术","手术"
nhsa_jbzd_21_0903,"21.0903",True,"内镜下颌内动脉栓塞（用于鼻衄）","治疗性操作"
nhsa_jbzd_21_0904,"21.0904",True,"内镜下鼻中隔黏膜划痕术","手术"
nhsa_jbzd_21_1x00,"21.1x00",True,"鼻切开术","手术"
nhsa_jbzd_21_1x00x002,"21.1x00x002",True,"鼻切开探查术","手术"
nhsa_jbzd_21_1x00x006,"21.1x00x006",True,"鼻软骨切开术","手术"
nhsa_jbzd_21_1x01,"21.1x01",True,"鼻腔切开引流术","手术"
nhsa_jbzd_21_1x02,"21.1x02",True,"鼻腔切开异物取出术","手术"
nhsa_jbzd_21_1x03,"21.1x03",True,"鼻皮肤切开术","手术"
nhsa_jbzd_21_1x04,"21.1x04",True,"内镜下鼻中隔异物取出术","手术"
nhsa_jbzd_21_2100,"21.2100",True,"鼻镜检查","诊断性操作"
nhsa_jbzd_21_2200,"21.2200",True,"鼻活组织检查","诊断性操作"
nhsa_jbzd_21_2900,"21.2900",True,"鼻其他诊断性操作","诊断性操作"
nhsa_jbzd_21_3000,"21.3000",True,"鼻病损切除术或破坏术","手术"
nhsa_jbzd_21_3100,"21.3100",True,"鼻内病损局部切除术或破坏术","手术"
nhsa_jbzd_21_3101,"21.3101",True,"鼻息肉切除术","手术"
nhsa_jbzd_21_3102,"21.3102",True,"内镜下鼻息肉切除术","手术"
nhsa_jbzd_21_3103,"21.3103",True,"鼻内病损切除术","手术"
nhsa_jbzd_21_3104,"21.3104",True,"内镜下鼻内病损切除术","手术"
nhsa_jbzd_21_3105,"21.3105",True,"鼻内病损破坏术","治疗性操作"
nhsa_jbzd_21_3106,"21.3106",True,"内镜下鼻内病损破坏术","治疗性操作"
nhsa_jbzd_21_3107,"21.3107",True,"鼻息肉激光烧灼术","治疗性操作"
nhsa_jbzd_21_3108,"21.3108",True,"鼻内病损激光烧灼术","治疗性操作"
nhsa_jbzd_21_3109,"21.3109",True,"内镜下鼻内病损射频消融术","治疗性操作"
nhsa_jbzd_21_3200,"21.3200",True,"鼻其他病损局部切除术或破坏术","手术"
nhsa_jbzd_21_3200x003,"21.3200x003",True,"鼻前庭病损切除术","手术"
nhsa_jbzd_21_3200x007,"21.3200x007",True,"鼻死骨切除术","手术"
nhsa_jbzd_21_3200x008,"21.3200x008",True,"鼻中隔病损激光烧灼术","手术"
nhsa_jbzd_21_3200x010,"21.3200x010",True,"鼻皮肤和皮下坏死组织切除清创术","手术"
nhsa_jbzd_21_3200x011,"21.3200x011",True,"鼻皮肤和皮下组织非切除性清创","治疗性操作"
nhsa_jbzd_21_3200x012,"21.3200x012",True,"鼻中隔病损切除术","手术"
nhsa_jbzd_21_3201,"21.3201",True,"鼻部皮肤病损切除术","手术"
nhsa_jbzd_21_4x00,"21.4x00",True,"鼻部分切除术","手术"
nhsa_jbzd_21_4x01,"21.4x01",True,"鼻切断术","手术"
nhsa_jbzd_21_5x00,"21.5x00",True,"鼻中隔黏膜下切除术","手术"
nhsa_jbzd_21_5x00x004,"21.5x00x004",True,"鼻内窥镜下鼻中隔黏膜下部分切除术","手术"
nhsa_jbzd_21_5x01,"21.5x01",True,"内镜下鼻中隔黏膜下切除术","手术"
nhsa_jbzd_21_6100,"21.6100",True,"用透热疗法或冷冻手术的鼻甲切除术","手术"
nhsa_jbzd_21_6100x002,"21.6100x002",True,"鼻甲射频消融术","手术"
nhsa_jbzd_21_6100x006,"21.6100x006",True,"鼻甲激光烧灼术","手术"
nhsa_jbzd_21_6101,"21.6101",True,"鼻甲电烧术","手术"
nhsa_jbzd_21_6102,"21.6102",True,"鼻甲激光切除术","手术"
nhsa_jbzd_21_6103,"21.6103",True,"鼻甲微波烧灼术","手术"
nhsa_jbzd_21_6104,"21.6104",True,"鼻甲冷冻切除术","手术"
nhsa_jbzd_21_6200,"21.6200",True,"鼻甲骨折术","手术"
nhsa_jbzd_21_6900,"21.6900",True,"其他鼻甲切除术","手术"
nhsa_jbzd_21_6900x009,"21.6900x009",True,"鼻内窥镜下鼻甲切除术","手术"
nhsa_jbzd_21_6901,"21.6901",True,"鼻甲部分切除术","手术"
nhsa_jbzd_21_6902,"21.6902",True,"鼻甲切除术","手术"
nhsa_jbzd_21_6903,"21.6903",True,"内镜下鼻甲部分切除术","手术"
nhsa_jbzd_21_6904,"21.6904",True,"内镜下鼻甲射频消融术","手术"
nhsa_jbzd_21_7100,"21.7100",True,"鼻骨折闭合性复位术","手术"
nhsa_jbzd_21_7200,"21.7200",True,"鼻骨折开放性复位术","手术"
nhsa_jbzd_21_7200x001,"21.7200x001",True,"内镜下鼻骨骨折切开复位术","手术"
nhsa_jbzd_21_8100,"21.8100",True,"鼻裂伤缝合术","手术"
nhsa_jbzd_21_8200,"21.8200",True,"鼻瘘修补术","手术"
nhsa_jbzd_21_8200x006,"21.8200x006",True,"鼻正中瘘管切除术","手术"
nhsa_jbzd_21_8201,"21.8201",True,"鼻咽瘘管切除术","手术"
nhsa_jbzd_21_8202,"21.8202",True,"鼻唇瘘管切除术","手术"
nhsa_jbzd_21_8203,"21.8203",True,"口鼻瘘管切除术","手术"
nhsa_jbzd_21_8300,"21.8300",True,"全鼻重建术","手术"
nhsa_jbzd_21_8300x001,"21.8300x001",True,"臂部皮瓣鼻再造术","手术"
nhsa_jbzd_21_8301,"21.8301",True,"额部皮瓣鼻重建术","手术"
nhsa_jbzd_21_8302,"21.8302",True,"前臂皮瓣鼻重建术","手术"
nhsa_jbzd_21_8400,"21.8400",True,"修正性鼻成形术","手术"
nhsa_jbzd_21_8400x002,"21.8400x002",True,"鼻内窥镜下鼻中隔成形术","手术"
nhsa_jbzd_21_8400x003,"21.8400x003",True,"鼻中隔成形术","手术"
nhsa_jbzd_21_8400x006,"21.8400x006",True,"歪鼻鼻成形术","手术"
nhsa_jbzd_21_8401,"21.8401",True,"弯鼻鼻成形术","手术"
nhsa_jbzd_21_8402,"21.8402",True,"驼峰鼻矫正术","手术"
nhsa_jbzd_21_8500,"21.8500",True,"增补性鼻成形术","手术"
nhsa_jbzd_21_8500x002,"21.8500x002",True,"隆鼻伴耳廓软骨移植术","手术"
nhsa_jbzd_21_8500x004,"21.8500x004",True,"隆鼻伴人工假体置入术","手术"
nhsa_jbzd_21_8500x005,"21.8500x005",True,"隆鼻伴自体甲状软骨移植术","手术"
nhsa_jbzd_21_8500x007,"21.8500x007",True,"隆鼻伴自体颅骨外板移植术","手术"
nhsa_jbzd_21_8500x008,"21.8500x008",True,"隆鼻伴自体髂骨移植术","手术"
nhsa_jbzd_21_8500x010,"21.8500x010",True,"隆鼻伴自体鼻软骨移植术","手术"
nhsa_jbzd_21_8500x011,"21.8500x011",True,"隆鼻伴自体脂肪移植术","手术"
nhsa_jbzd_21_8501,"21.8501",True,"肋骨移植隆鼻术","手术"
nhsa_jbzd_21_8502,"21.8502",True,"硅胶支架植入隆鼻术","手术"
nhsa_jbzd_21_8503,"21.8503",True,"鼻甲移植物植入术","手术"
nhsa_jbzd_21_8504,"21.8504",True,"人造植入物隆鼻术","手术"
nhsa_jbzd_21_8505,"21.8505",True,"单纯鞍鼻矫治术(隆鼻术)","手术"
nhsa_jbzd_21_8600,"21.8600",True,"局限性鼻成形术","手术"
nhsa_jbzd_21_8600x004,"21.8600x004",True,"鼻翼成形术","手术"
nhsa_jbzd_21_8601,"21.8601",True,"鼻翼矫正术","手术"
nhsa_jbzd_21_8602,"21.8602",True,"鼻唇沟皮瓣修补术","手术"
nhsa_jbzd_21_8603,"21.8603",True,"鼻尖成形术","手术"
nhsa_jbzd_21_8700,"21.8700",True,"其他鼻成形术","手术"
nhsa_jbzd_21_8700x003,"21.8700x003",True,"鼻唇沟成形术","手术"
nhsa_jbzd_21_8700x004,"21.8700x004",True,"鼻甲成形术","手术"
nhsa_jbzd_21_8700x005,"21.8700x005",True,"鼻小柱成形术","手术"
nhsa_jbzd_21_8700x008,"21.8700x008",True,"鼻内窥镜下鼻甲成形术","手术"
nhsa_jbzd_21_8700x009,"21.8700x009",True,"内镜下前后鼻孔成形术","手术"
nhsa_jbzd_21_8701,"21.8701",True,"后鼻孔成形术","手术"
nhsa_jbzd_21_8702,"21.8702",True,"前鼻孔成形术","手术"
nhsa_jbzd_21_8800,"21.8800",True,"其他中隔成形术","手术"
nhsa_jbzd_21_8801,"21.8801",True,"鼻中隔穿孔修补术","手术"
nhsa_jbzd_21_8802,"21.8802",True,"鼻中隔软骨移植术","手术"
nhsa_jbzd_21_8900,"21.8900",True,"鼻其他修补术和整形术","手术"
nhsa_jbzd_21_8900x002,"21.8900x002",True,"鼻植皮术","手术"
nhsa_jbzd_21_8900x003,"21.8900x003",True,"断鼻再接术","手术"
nhsa_jbzd_21_8900x004,"21.8900x004",True,"再造鼻修整术","手术"
nhsa_jbzd_21_8901,"21.8901",True,"鼻翼上提术","手术"
nhsa_jbzd_21_9100,"21.9100",True,"鼻粘连松解术","手术"
nhsa_jbzd_21_9101,"21.9101",True,"内镜下鼻腔粘连松解术","手术"
nhsa_jbzd_21_9900,"21.9900",True,"鼻其他手术","手术"
nhsa_jbzd_21_9900x002,"21.9900x002",True,"鼻清创术","手术"
nhsa_jbzd_21_9900x005,"21.9900x005",True,"鼻腔缩窄术","手术"
nhsa_jbzd_21_9900x006,"21.9900x006",True,"鼻腔穿刺抽吸术","手术"
nhsa_jbzd_21_9901,"21.9901",True,"鼻腔扩张术","手术"
nhsa_jbzd_21_9902,"21.9902",True,"鼻植入物取出术","手术"
nhsa_jbzd_22_0000,"22.0000",True,"鼻窦抽吸和灌洗","治疗性操作"
nhsa_jbzd_22_0100,"22.0100",True,"鼻窦穿刺，为抽吸或灌洗","治疗性操作"
nhsa_jbzd_22_0100x003,"22.0100x003",True,"上颌窦穿刺抽吸灌洗","治疗性操作"
nhsa_jbzd_22_0101,"22.0101",True,"鼻窦穿刺抽吸术","治疗性操作"
nhsa_jbzd_22_0102,"22.0102",True,"鼻窦穿剌冲洗术","治疗性操作"
nhsa_jbzd_22_0200,"22.0200",True,"经自然孔的鼻窦抽吸或灌洗","治疗性操作"
nhsa_jbzd_22_1100,"22.1100",True,"鼻窦闭合性[内镜的][针吸]活组织检查","诊断性操作"
nhsa_jbzd_22_1100x002,"22.1100x002",True,"鼻内窥镜下鼻窦活检","诊断性操作"
nhsa_jbzd_22_1200,"22.1200",True,"鼻窦开放性活组织检查","手术"
nhsa_jbzd_22_1900,"22.1900",True,"鼻窦其他诊断性操作","诊断性操作"
nhsa_jbzd_22_1901,"22.1901",True,"内镜下鼻窦检查","诊断性操作"
nhsa_jbzd_22_2x00,"22.2x00",True,"鼻内上颌窦切开术","手术"
nhsa_jbzd_22_2x00x009,"22.2x00x009",True,"鼻内窥镜下上颌窦根治术","手术"
nhsa_jbzd_22_2x00x010,"22.2x00x010",True,"鼻内镜下上颌窦球囊扩张术","手术"
nhsa_jbzd_22_2x00x011,"22.2x00x011",True,"鼻内镜下上颌窦切开异物去除术","手术"
nhsa_jbzd_22_2x01,"22.2x01",True,"内镜下上颌窦开窗术","手术"
nhsa_jbzd_22_2x02,"22.2x02",True,"内镜下上颌窦探查术","手术"
nhsa_jbzd_22_3100,"22.3100",True,"根治性上颌窦切开术","手术"
nhsa_jbzd_22_3100x002,"22.3100x002",True,"上颌窦根治术","手术"
nhsa_jbzd_22_3900,"22.3900",True,"其他经鼻外上颌窦切开术","手术"
nhsa_jbzd_22_3900x002,"22.3900x002",True,"上颌窦开窗术","手术"
nhsa_jbzd_22_3900x003,"22.3900x003",True,"上颌窦探查术","手术"
nhsa_jbzd_22_4100,"22.4100",True,"额窦切开术","手术"
nhsa_jbzd_22_4100x005,"22.4100x005",True,"鼻外额窦开窗术","手术"
nhsa_jbzd_22_4100x006,"22.4100x006",True,"鼻内镜下额窦切开异物去除术","手术"
nhsa_jbzd_22_4100x007,"22.4100x007",True,"鼻内镜下额窦窦口球囊扩张术","手术"
nhsa_jbzd_22_4101,"22.4101",True,"内镜下额窦开窗术","手术"
nhsa_jbzd_22_4200,"22.4200",True,"额窦切除术","手术"
nhsa_jbzd_22_4200x005,"22.4200x005",True,"Draf Ⅱa型手术","手术"
nhsa_jbzd_22_4200x006,"22.4200x006",True,"Draf Ⅱb型手术","手术"
nhsa_jbzd_22_4200x007,"22.4200x007",True,"Draf Ⅲ型手术","手术"
nhsa_jbzd_22_4200x008,"22.4200x008",True,"Draf Ⅰ型手术","手术"
nhsa_jbzd_22_4200x009,"22.4200x009",True,"鼻内窥镜下经鼻额窦底切除术","手术"
nhsa_jbzd_22_4201,"22.4201",True,"额窦病损切除术","手术"
nhsa_jbzd_22_4202,"22.4202",True,"内镜下额窦病损切除术","手术"
nhsa_jbzd_22_5000,"22.5000",True,"鼻窦切开术","手术"
nhsa_jbzd_22_5000x004,"22.5000x004",True,"鼻窦切开异物取出术","手术"
nhsa_jbzd_22_5001,"22.5001",True,"鼻窦探查术","手术"
nhsa_jbzd_22_5002,"22.5002",True,"内镜下鼻窦扩大术","手术"
nhsa_jbzd_22_5100,"22.5100",True,"筛窦切开术","手术"
nhsa_jbzd_22_5101,"22.5101",True,"筛窦探查术","手术"
nhsa_jbzd_22_5102,"22.5102",True,"内镜下筛窦开窗术","手术"
nhsa_jbzd_22_5103,"22.5103",True,"内镜下筛窦切开异物取出术","手术"
nhsa_jbzd_22_5200,"22.5200",True,"蝶窦切开术","手术"
nhsa_jbzd_22_5201,"22.5201",True,"蝶窦探查术","手术"
nhsa_jbzd_22_5202,"22.5202",True,"蝶窦开窗术","手术"
nhsa_jbzd_22_5203,"22.5203",True,"内镜下蝶窦开窗术","手术"
nhsa_jbzd_22_5204,"22.5204",True,"内镜下蝶窦探查术","手术"
nhsa_jbzd_22_5205,"22.5205",True,"内镜下蝶窦切开异物取出术","手术"
nhsa_jbzd_22_5300,"22.5300",True,"多个鼻窦切开术","手术"
nhsa_jbzd_22_5300x004,"22.5300x004",True,"鼻内窥镜下多个鼻窦开窗术","手术"
nhsa_jbzd_22_5301,"22.5301",True,"内镜下全组鼻窦开窗术","手术"
nhsa_jbzd_22_6000,"22.6000",True,"鼻窦切除术","手术"
nhsa_jbzd_22_6001,"22.6001",True,"鼻窦病损切除术","手术"
nhsa_jbzd_22_6002,"22.6002",True,"内镜下鼻窦病损切除术","手术"
nhsa_jbzd_22_6100,"22.6100",True,"经考德威尔-卢克入路上颌窦病损切除术","手术"
nhsa_jbzd_22_6200,"22.6200",True,"经其他入路上颌窦病损切除术","手术"
nhsa_jbzd_22_6200x004,"22.6200x004",True,"上颌窦病损切除术","手术"
nhsa_jbzd_22_6201,"22.6201",True,"内镜下上颌窦病损切除术","手术"
nhsa_jbzd_22_6300,"22.6300",True,"筛窦切除术","手术"
nhsa_jbzd_22_6300x011,"22.6300x011",True,"鼻内窥镜下钩突切除术","手术"
nhsa_jbzd_22_6300x012,"22.6300x012",True,"筛窦部分切除术","手术"
nhsa_jbzd_22_6300x013,"22.6300x013",True,"鼻外入路筛窦切除术","手术"
nhsa_jbzd_22_6301,"22.6301",True,"内镜下筛窦切除术","手术"
nhsa_jbzd_22_6302,"22.6302",True,"筛窦病损切除术","手术"
nhsa_jbzd_22_6303,"22.6303",True,"内镜下筛窦病损切除术","手术"
nhsa_jbzd_22_6400,"22.6400",True,"蝶窦切除术","手术"
nhsa_jbzd_22_6401,"22.6401",True,"内镜下蝶窦切除术","手术"
nhsa_jbzd_22_6402,"22.6402",True,"蝶窦病损切除术","手术"
nhsa_jbzd_22_6403,"22.6403",True,"内镜下蝶窦病损切除术","手术"
nhsa_jbzd_22_7100,"22.7100",True,"鼻窦瘘闭合术","手术"
nhsa_jbzd_22_7100x001,"22.7100x001",True,"鼻窦瘘修补术","手术"
nhsa_jbzd_22_7100x004,"22.7100x004",True,"上颌窦瘘修补术","手术"
nhsa_jbzd_22_7101,"22.7101",True,"口腔鼻窦瘘修补术","手术"
nhsa_jbzd_22_7102,"22.7102",True,"内镜下鼻窦瘘修补术","手术"
nhsa_jbzd_22_7900,"22.7900",True,"鼻窦其他修补术","手术"
nhsa_jbzd_22_7900x002,"22.7900x002",True,"鼻窦骨折切开复位术","手术"
nhsa_jbzd_22_7900x003,"22.7900x003",True,"上颌窦提升术","手术"
nhsa_jbzd_22_7901,"22.7901",True,"鼻窦骨修补术","手术"
nhsa_jbzd_22_7902,"22.7902",True,"额鼻管重建术","手术"
nhsa_jbzd_22_7903,"22.7903",True,"鼻窦成形术","手术"
nhsa_jbzd_22_9x00,"22.9x00",True,"鼻窦其他手术","手术"
nhsa_jbzd_22_9x01,"22.9x01",True,"额窦置管引流术","手术"
nhsa_jbzd_22_9x02,"22.9x02",True,"鼻窦造口术","手术"
nhsa_jbzd_23_0100,"23.0100",True,"拔除乳牙","治疗性操作"
nhsa_jbzd_23_0900,"23.0900",True,"拔除其他牙","治疗性操作"
nhsa_jbzd_23_0900x003,"23.0900x003",True,"齿钳拔牙","治疗性操作"
nhsa_jbzd_23_1100,"23.1100",True,"拔除残根","手术"
nhsa_jbzd_23_1900,"23.1900",True,"其他手术拔牙","手术"
nhsa_jbzd_23_1900x003,"23.1900x003",True,"拔牙术","手术"
nhsa_jbzd_23_1900x006,"23.1900x006",True,"阻生齿拔除术伴翻瓣","手术"
nhsa_jbzd_23_1900x007,"23.1900x007",True,"阻生齿拔除术不伴翻瓣","手术"
nhsa_jbzd_23_1901,"23.1901",True,"全口牙拔除术","手术"
nhsa_jbzd_23_1902,"23.1902",True,"阻生牙拔除术","手术"
nhsa_jbzd_23_2x00,"23.2x00",True,"牙齿填充修复","治疗性操作"
nhsa_jbzd_23_3x00,"23.3x00",True,"牙齿镶嵌修复","治疗性操作"
nhsa_jbzd_23_3x00x001,"23.3x00x001",True,"义齿修复","治疗性操作"
nhsa_jbzd_23_4100,"23.4100",True,"安装牙冠","治疗性操作"
nhsa_jbzd_23_4200,"23.4200",True,"置入固定桥","治疗性操作"
nhsa_jbzd_23_4300,"23.4300",True,"置入活动桥","治疗性操作"
nhsa_jbzd_23_4900,"23.4900",True,"其他牙修复","治疗性操作"
nhsa_jbzd_23_4900x001,"23.4900x001",True,"牙冠延长术","手术"
nhsa_jbzd_23_5x00,"23.5x00",True,"种植牙","治疗性操作"
nhsa_jbzd_23_5x01,"23.5x01",True,"自体牙再植术","治疗性操作"
nhsa_jbzd_23_6x00,"23.6x00",True,"假牙置入","手术"
nhsa_jbzd_23_6x00x002,"23.6x00x002",True,"义齿种植","手术"
nhsa_jbzd_23_6x00x003,"23.6x00x003",True,"义齿种植一期手术(种植体固定钉置入术)","手术"
nhsa_jbzd_23_6x00x004,"23.6x00x004",True,"义齿种植二期手术(种植体基桩连接术)","手术"
nhsa_jbzd_23_7000,"23.7000",True,"根管治疗","治疗性操作"
nhsa_jbzd_23_7000x001,"23.7000x001",True,"牙神经摘除术","治疗性操作"
nhsa_jbzd_23_7001,"23.7001",True,"牙髓切除术","治疗性操作"
nhsa_jbzd_23_7002,"23.7002",True,"根管填充术","治疗性操作"
nhsa_jbzd_23_7100,"23.7100",True,"根管治疗，冲洗术","治疗性操作"
nhsa_jbzd_23_7200,"23.7200",True,"根管治疗伴根尖切除术","手术"
nhsa_jbzd_23_7300,"23.7300",True,"根尖切除术","手术"
nhsa_jbzd_23_7300x001,"23.7300x001",True,"根尖病损切除术","手术"
nhsa_jbzd_23_7301,"23.7301",True,"根尖搔刮术","手术"
nhsa_jbzd_24_0x00,"24.0x00",True,"牙龈或牙槽骨的切开术","手术"
nhsa_jbzd_24_0x00x002,"24.0x00x002",True,"牙槽切开术","手术"
nhsa_jbzd_24_0x00x003,"24.0x00x003",True,"牙龈切开术","手术"
nhsa_jbzd_24_0x01,"24.0x01",True,"根尖囊肿切开引流术","手术"
nhsa_jbzd_24_0x02,"24.0x02",True,"牙龈切开引流术","手术"
nhsa_jbzd_24_0x03,"24.0x03",True,"牙槽切开引流术","手术"
nhsa_jbzd_24_0x04,"24.0x04",True,"牙髓管切开引流术","手术"
nhsa_jbzd_24_1100,"24.1100",True,"牙龈活组织检查","诊断性操作"
nhsa_jbzd_24_1200,"24.1200",True,"牙槽活组织检查","诊断性操作"
nhsa_jbzd_24_1900,"24.1900",True,"牙、牙龈和牙槽的其他诊断性操作","诊断性操作"
nhsa_jbzd_24_2x00,"24.2x00",True,"牙龈成形术","手术"
nhsa_jbzd_24_2x01,"24.2x01",True,"牙龈成形术伴移植","手术"
nhsa_jbzd_24_3100,"24.3100",True,"牙龈病损或组织的切除术","手术"
nhsa_jbzd_24_3100x003,"24.3100x003",True,"牙龈病损切除术","手术"
nhsa_jbzd_24_3101,"24.3101",True,"牙周病损切除术","手术"
nhsa_jbzd_24_3200,"24.3200",True,"牙龈裂伤缝合术","手术"
nhsa_jbzd_24_3200x001,"24.3200x001",True,"牙龈缝合术","手术"
nhsa_jbzd_24_3900,"24.3900",True,"牙龈其他手术","手术"
nhsa_jbzd_24_3900x001,"24.3900x001",True,"牙龈沟加深术","手术"
nhsa_jbzd_24_3900x002,"24.3900x002",True,"牙龈翻瓣术","手术"
nhsa_jbzd_24_4x00,"24.4x00",True,"颌骨上牙病损切除术","手术"
nhsa_jbzd_24_4x00x002,"24.4x00x002",True,"牙源性颌骨病损切除术","手术"
nhsa_jbzd_24_4x01,"24.4x01",True,"颌骨上牙囊肿切除术","手术"
nhsa_jbzd_24_4x02,"24.4x02",True,"牙齿囊肿袋形缝合术","手术"
nhsa_jbzd_24_4x03,"24.4x03",True,"牙周囊肿切除术","手术"
nhsa_jbzd_24_4x04,"24.4x04",True,"根尖囊肿切除术","手术"
nhsa_jbzd_24_4x05,"24.4x05",True,"牙槽病损切除术","手术"
nhsa_jbzd_24_4x06,"24.4x06",True,"牙源性皮瘘切除术","手术"
nhsa_jbzd_24_5x00,"24.5x00",True,"牙槽成形术","手术"
nhsa_jbzd_24_5x00x003,"24.5x00x003",True,"牙槽植骨成形术","手术"
nhsa_jbzd_24_5x00x005,"24.5x00x005",True,"牙槽切除术","手术"
nhsa_jbzd_24_5x01,"24.5x01",True,"牙槽修补术","手术"
nhsa_jbzd_24_5x02,"24.5x02",True,"牙槽嵴植骨修复术","手术"
nhsa_jbzd_24_5x03,"24.5x03",True,"牙槽部分切除术","手术"
nhsa_jbzd_24_5x04,"24.5x04",True,"牙槽骨修整术","手术"
nhsa_jbzd_24_5x05,"24.5x05",True,"牙槽嵴裂植骨术","手术"
nhsa_jbzd_24_6x00,"24.6x00",True,"牙暴露","手术"
nhsa_jbzd_24_6x01,"24.6x01",True,"牙导萌术","手术"
nhsa_jbzd_24_6x02,"24.6x02",True,"牙冠龈盖切除术","手术"
nhsa_jbzd_24_6x03,"24.6x03",True,"牙嵌顿结扎术","手术"
nhsa_jbzd_24_7x00,"24.7x00",True,"牙矫正器的应用","治疗性操作"
nhsa_jbzd_24_7x01,"24.7x01",True,"安装牙齿矫正器","治疗性操作"
nhsa_jbzd_24_7x02,"24.7x02",True,"牙钢丝矫形术","治疗性操作"
nhsa_jbzd_24_7x03,"24.7x03",True,"安装牙齿弓形杆","治疗性操作"
nhsa_jbzd_24_7x04,"24.7x04",True,"安装牙周夹板矫形","治疗性操作"
nhsa_jbzd_24_8x00,"24.8x00",True,"其他牙矫形手术","治疗性操作"
nhsa_jbzd_24_8x01,"24.8x01",True,"去除牙齿矫形器","治疗性操作"
nhsa_jbzd_24_8x02,"24.8x02",True,"咬合调整","治疗性操作"
nhsa_jbzd_24_8x03,"24.8x03",True,"牙弓修补术","手术"
nhsa_jbzd_24_8x04,"24.8x04",True,"牙间隙裂闭合术","手术"
nhsa_jbzd_24_9100,"24.9100",True,"唇颊沟或舌沟的延伸或加深术","手术"
nhsa_jbzd_24_9101,"24.9101",True,"唇颊沟牵伸术","手术"
nhsa_jbzd_24_9102,"24.9102",True,"唇颊沟加深术","手术"
nhsa_jbzd_24_9103,"24.9103",True,"舌沟牵伸术","手术"
nhsa_jbzd_24_9104,"24.9104",True,"舌沟加深术","手术"
nhsa_jbzd_24_9105,"24.9105",True,"口腔前庭成形术","手术"
nhsa_jbzd_24_9900,"24.9900",True,"其他牙手术","手术"
nhsa_jbzd_25_0100,"25.0100",True,"闭合性[针吸]舌活组织检查","诊断性操作"
nhsa_jbzd_25_0200,"25.0200",True,"开放性舌活组织检查","手术"
nhsa_jbzd_25_0201,"25.0201",True,"舌楔形活组织检查","手术"
nhsa_jbzd_25_0900,"25.0900",True,"舌其他诊断性操作","诊断性操作"
nhsa_jbzd_25_1x00,"25.1x00",True,"舌病损或组织切除术或破坏术","手术"
nhsa_jbzd_25_1x01,"25.1x01",True,"舌病损切除术","手术"
nhsa_jbzd_25_1x02,"25.1x02",True,"舌病损破坏术","手术"
nhsa_jbzd_25_1x03,"25.1x03",True,"舌射频治疗术","手术"
nhsa_jbzd_25_1x04,"25.1x04",True,"支撑喉镜下舌根部病损切除术","治疗性操作"
nhsa_jbzd_25_1x05,"25.1x05",True,"支撑喉镜下舌病损激光烧灼术","治疗性操作"
nhsa_jbzd_25_2x00,"25.2x00",True,"舌部分切除术","手术"
nhsa_jbzd_25_2x01,"25.2x01",True,"半舌切除术","手术"
nhsa_jbzd_25_3x00,"25.3x00",True,"舌全部切除术","手术"
nhsa_jbzd_25_4x00,"25.4x00",True,"根治性舌切除术","手术"
nhsa_jbzd_25_4x00x001,"25.4x00x001",True,"舌扩大性切除术","手术"
nhsa_jbzd_25_5100,"25.5100",True,"舌裂伤缝合术","手术"
nhsa_jbzd_25_5100x001,"25.5100x001",True,"舌缝合术","手术"
nhsa_jbzd_25_5900,"25.5900",True,"舌其他修补术和整形术","手术"
nhsa_jbzd_25_5900x002,"25.5900x002",True,"舌根射频消融术","手术"
nhsa_jbzd_25_5900x008,"25.5900x008",True,"舌修补术","手术"
nhsa_jbzd_25_5900x009,"25.5900x009",True,"颏舌肌前移术","手术"
nhsa_jbzd_25_5900x010,"25.5900x010",True,"舌根牵引固定术","手术"
nhsa_jbzd_25_5900x011,"25.5900x011",True,"舌骨悬吊术","手术"
nhsa_jbzd_25_5900x012,"25.5900x012",True,"舌瓣断蒂术","手术"
nhsa_jbzd_25_5901,"25.5901",True,"舌筋膜悬吊术","手术"
nhsa_jbzd_25_5902,"25.5902",True,"舌悬吊术","手术"
nhsa_jbzd_25_5903,"25.5903",True,"道格拉斯手术","手术"
nhsa_jbzd_25_5904,"25.5904",True,"舌根牵引伴舌骨悬吊术","手术"
nhsa_jbzd_25_5905,"25.5905",True,"舌移植皮瓣修补术","手术"
nhsa_jbzd_25_5906,"25.5906",True,"舌体舌根减容术","手术"
nhsa_jbzd_25_9100,"25.9100",True,"舌系带切开术","手术"
nhsa_jbzd_25_9100x001,"25.9100x001",True,"舌系带延长术","手术"
nhsa_jbzd_25_9101,"25.9101",True,"舌系带整形术","手术"
nhsa_jbzd_25_9200,"25.9200",True,"舌系带切除术","手术"
nhsa_jbzd_25_9300,"25.9300",True,"舌粘连松解术","手术"
nhsa_jbzd_25_9400,"25.9400",True,"其他舌切开术","手术"
nhsa_jbzd_25_9400x001,"25.9400x001",True,"舌切开引流术","手术"
nhsa_jbzd_25_9400x002,"25.9400x002",True,"舌切开异物去除术","手术"
nhsa_jbzd_25_9900,"25.9900",True,"舌的其他手术","手术"
nhsa_jbzd_25_9900x001,"25.9900x001",True,"舌系带成形术","手术"
nhsa_jbzd_26_0x00,"26.0x00",True,"涎腺或管的切开术","手术"
nhsa_jbzd_26_0x00x002,"26.0x00x002",True,"唾液腺切开术","手术"
nhsa_jbzd_26_0x00x004,"26.0x00x004",True,"唾液腺导管切开术","手术"
nhsa_jbzd_26_0x00x005,"26.0x00x005",True,"涎腺切开异物去除术","手术"
nhsa_jbzd_26_0x01,"26.0x01",True,"腮腺切开引流术","手术"
nhsa_jbzd_26_1100,"26.1100",True,"闭合性[针吸]涎腺或管的活组织检查","诊断性操作"
nhsa_jbzd_26_1100x001,"26.1100x001",True,"唾液腺活检","诊断性操作"
nhsa_jbzd_26_1100x003,"26.1100x003",True,"腮腺活检","诊断性操作"
nhsa_jbzd_26_1200,"26.1200",True,"开放性涎腺或管的活组织检查","手术"
nhsa_jbzd_26_1200x001,"26.1200x001",True,"直视下腮腺活检术","手术"
nhsa_jbzd_26_1200x002,"26.1200x002",True,"直视下唾液腺活检术","手术"
nhsa_jbzd_26_1900,"26.1900",True,"涎腺和管的其他诊断性操作","诊断性操作"
nhsa_jbzd_26_1900x001,"26.1900x001",True,"唾液腺内镜检查","诊断性操作"
nhsa_jbzd_26_2100,"26.2100",True,"涎腺囊肿袋形缝术[造袋术]","手术"
nhsa_jbzd_26_2100x001,"26.2100x001",True,"唾液腺造袋术","手术"
nhsa_jbzd_26_2101,"26.2101",True,"颌下囊肿袋形缝合术","手术"
nhsa_jbzd_26_2900,"26.2900",True,"涎腺病损的其他切除术","手术"
nhsa_jbzd_26_2901,"26.2901",True,"腮腺病损切除术","手术"
nhsa_jbzd_26_2902,"26.2902",True,"涎腺病损切除术","手术"
nhsa_jbzd_26_2903,"26.2903",True,"舌下腺病损切除术","手术"
nhsa_jbzd_26_2904,"26.2904",True,"颌下腺病损切除术","手术"
nhsa_jbzd_26_2905,"26.2905",True,"颌下腺导管结石去除术","手术"
nhsa_jbzd_26_2906,"26.2906",True,"副腮腺病损切除术","手术"
nhsa_jbzd_26_3000,"26.3000",True,"涎腺切除术","手术"
nhsa_jbzd_26_3100,"26.3100",True,"部分涎腺切除术","手术"
nhsa_jbzd_26_3100x008,"26.3100x008",True,"腮腺深叶切除术","手术"
nhsa_jbzd_26_3100x009,"26.3100x009",True,"腮腺浅叶切除术","手术"
nhsa_jbzd_26_3101,"26.3101",True,"腮腺部分切除术","手术"
nhsa_jbzd_26_3102,"26.3102",True,"腮腺叶切除术","手术"
nhsa_jbzd_26_3103,"26.3103",True,"舌下腺部分切除术","手术"
nhsa_jbzd_26_3104,"26.3104",True,"颌下腺部分切除术","手术"
nhsa_jbzd_26_3105,"26.3105",True,"副腮腺切除术","手术"
nhsa_jbzd_26_3200,"26.3200",True,"全部涎腺切除术","手术"
nhsa_jbzd_26_3200x001,"26.3200x001",True,"唇腺切除术","手术"
nhsa_jbzd_26_3201,"26.3201",True,"腮腺切除术","手术"
nhsa_jbzd_26_3202,"26.3202",True,"舌下腺切除术","手术"
nhsa_jbzd_26_3203,"26.3203",True,"颌下腺切除术","手术"
nhsa_jbzd_26_4100,"26.4100",True,"涎腺裂伤缝合术","手术"
nhsa_jbzd_26_4100x001,"26.4100x001",True,"唾液腺缝合术","手术"
nhsa_jbzd_26_4200,"26.4200",True,"涎腺瘘闭合术","手术"
nhsa_jbzd_26_4200x001,"26.4200x001",True,"唾液腺瘘修补术","手术"
nhsa_jbzd_26_4200x002,"26.4200x002",True,"腮腺导管瘘修补术","手术"
nhsa_jbzd_26_4900,"26.4900",True,"涎腺或管的其他修补术和整形术","手术"
nhsa_jbzd_26_4900x001,"26.4900x001",True,"下颌下腺移植术后导管重建术","手术"
nhsa_jbzd_26_4900x005,"26.4900x005",True,"腮腺管口移植术","手术"
nhsa_jbzd_26_4900x006,"26.4900x006",True,"唾液腺管修补术","手术"
nhsa_jbzd_26_4900x007,"26.4900x007",True,"下颌下腺自体移植腺体减量术","手术"
nhsa_jbzd_26_4900x008,"26.4900x008",True,"下颌下腺导管口转位术","手术"
nhsa_jbzd_26_4900x009,"26.4900x009",True,"唇腺自体移植术","手术"
nhsa_jbzd_26_4900x010,"26.4900x010",True,"颊腺自体移植术","手术"
nhsa_jbzd_26_4900x011,"26.4900x011",True,"舌下腺自体移植术","手术"
nhsa_jbzd_26_4901,"26.4901",True,"颌下腺自体移植术","手术"
nhsa_jbzd_26_4902,"26.4902",True,"腮腺管吻合术","手术"
nhsa_jbzd_26_4903,"26.4903",True,"腮腺导管重建术","手术"
nhsa_jbzd_26_4904,"26.4904",True,"颌下腺导管重建术","手术"
nhsa_jbzd_26_4905,"26.4905",True,"腮腺管移植术","手术"
nhsa_jbzd_26_4906,"26.4906",True,"腮腺脱细胞异体真皮补片修补术","手术"
nhsa_jbzd_26_9100,"26.9100",True,"涎腺管探通术","治疗性操作"
nhsa_jbzd_26_9101,"26.9101",True,"腮腺导管探查术","诊断性操作"
nhsa_jbzd_26_9900,"26.9900",True,"涎腺或管的其他手术","手术"
nhsa_jbzd_26_9900x001,"26.9900x001",True,"腮腺导管再通术","手术"
nhsa_jbzd_26_9900x002,"26.9900x002",True,"涎腺穿刺引流术","治疗性操作"
nhsa_jbzd_26_9901,"26.9901",True,"腮腺导管结扎术","手术"
nhsa_jbzd_27_0x00,"27.0x00",True,"面和口底引流术","手术"
nhsa_jbzd_27_0x01,"27.0x01",True,"颌间隙引流术","手术"
nhsa_jbzd_27_0x02,"27.0x02",True,"面部引流术","手术"
nhsa_jbzd_27_0x03,"27.0x03",True,"颌下切开引流术","手术"
nhsa_jbzd_27_0x04,"27.0x04",True,"颊部切开引流术","手术"
nhsa_jbzd_27_0x05,"27.0x05",True,"颏下切开引流术","手术"
nhsa_jbzd_27_0x06,"27.0x06",True,"口底切开引流术","手术"
nhsa_jbzd_27_0x07,"27.0x07",True,"舌下腺切开引流术","手术"
nhsa_jbzd_27_0x08,"27.0x08",True,"咽旁间隙切开引流术","手术"
nhsa_jbzd_27_0x09,"27.0x09",True,"唇切开引流术","手术"
nhsa_jbzd_27_0x10,"27.0x10",True,"面部脓肿引流术","手术"
nhsa_jbzd_27_1x00,"27.1x00",True,"腭切开术","手术"
nhsa_jbzd_27_1x01,"27.1x01",True,"腭切开探查术","手术"
nhsa_jbzd_27_1x02,"27.1x02",True,"翼腭窝切开异物取出术","手术"
nhsa_jbzd_27_2100,"27.2100",True,"硬腭活组织检查","诊断性操作"
nhsa_jbzd_27_2101,"27.2101",True,"内镜下硬腭活组织检查","诊断性操作"
nhsa_jbzd_27_2200,"27.2200",True,"悬雍垂和软腭的活组织检查","诊断性操作"
nhsa_jbzd_27_2201,"27.2201",True,"悬雍垂活组织检查","诊断性操作"
nhsa_jbzd_27_2202,"27.2202",True,"软腭活组织检查","诊断性操作"
nhsa_jbzd_27_2300,"27.2300",True,"唇活组织检查","诊断性操作"
nhsa_jbzd_27_2400,"27.2400",True,"口活组织检查","诊断性操作"
nhsa_jbzd_27_2401,"27.2401",True,"颊黏膜活组织检查","诊断性操作"
nhsa_jbzd_27_2402,"27.2402",True,"口腔颌面部活组织检查","诊断性操作"
nhsa_jbzd_27_2900,"27.2900",True,"口腔其他诊断性操作","诊断性操作"
nhsa_jbzd_27_2901,"27.2901",True,"上颚穿剌术","诊断性操作"
nhsa_jbzd_27_3100,"27.3100",True,"硬腭病损或组织的局部切除术或破坏术","手术"
nhsa_jbzd_27_3101,"27.3101",True,"硬腭病损切除术","手术"
nhsa_jbzd_27_3102,"27.3102",True,"硬腭射频消融术","手术"
nhsa_jbzd_27_3103,"27.3103",True,"腭囊肿切除术","手术"
nhsa_jbzd_27_3104,"27.3104",True,"硬腭部分切除术","手术"
nhsa_jbzd_27_3200,"27.3200",True,"硬腭病损或组织的广泛切除术或破坏术","手术"
nhsa_jbzd_27_3200x001,"27.3200x001",True,"硬腭病损广泛切除术","手术"
nhsa_jbzd_27_3201,"27.3201",True,"牙槽骨隆突切除修整术","手术"
nhsa_jbzd_27_3202,"27.3202",True,"腭广泛切除术","手术"
nhsa_jbzd_27_3203,"27.3203",True,"腭全切除术","手术"
nhsa_jbzd_27_4100,"27.4100",True,"唇系带切除术","手术"
nhsa_jbzd_27_4200,"27.4200",True,"唇病损广泛切除术","手术"
nhsa_jbzd_27_4300,"27.4300",True,"唇病损或组织的其他切除术","手术"
nhsa_jbzd_27_4300x010,"27.4300x010",True,"唇部皮肤和皮下坏死组织切除清创术","手术"
nhsa_jbzd_27_4300x011,"27.4300x011",True,"唇部皮肤和皮下组织非切除性清创","治疗性操作"
nhsa_jbzd_27_4301,"27.4301",True,"唇病损切除术","手术"
nhsa_jbzd_27_4302,"27.4302",True,"唇病损激光烧灼术","治疗性操作"
nhsa_jbzd_27_4303,"27.4303",True,"厚唇成形术","手术"
nhsa_jbzd_27_4900,"27.4900",True,"口的其他切除术","手术"
nhsa_jbzd_27_4900x007,"27.4900x007",True,"口底病损切除术","手术"
nhsa_jbzd_27_4900x009,"27.4900x009",True,"口腔病损激光烧灼术","手术"
nhsa_jbzd_27_4900x014,"27.4900x014",True,"软腭病损射频消融术","手术"
nhsa_jbzd_27_4900x018,"27.4900x018",True,"磨牙后区病损切除术","手术"
nhsa_jbzd_27_4900x019,"27.4900x019",True,"口角病损切除术","手术"
nhsa_jbzd_27_4900x020,"27.4900x020",True,"软腭部分切除术","手术"
nhsa_jbzd_27_4901,"27.4901",True,"口腔黏膜病损切除术","手术"
nhsa_jbzd_27_4902,"27.4902",True,"颌下区病损切除术","手术"
nhsa_jbzd_27_4903,"27.4903",True,"颊内部病损切除术","手术"
nhsa_jbzd_27_4904,"27.4904",True,"软腭病损切除术","手术"
nhsa_jbzd_27_4905,"27.4905",True,"鼻唇病损切除术","手术"
nhsa_jbzd_27_4906,"27.4906",True,"口腔病损切除术","手术"
nhsa_jbzd_27_4907,"27.4907",True,"口病损射频消融术","治疗性操作"
nhsa_jbzd_27_4908,"27.4908",True,"口病损激光烧灼术","治疗性操作"
nhsa_jbzd_27_4909,"27.4909",True,"软腭射频消融术","手术"
nhsa_jbzd_27_4910,"27.4910",True,"软腭切除术","手术"
nhsa_jbzd_27_5100,"27.5100",True,"唇裂伤缝合术","手术"
nhsa_jbzd_27_5200,"27.5200",True,"口的其他部分裂伤缝合术","手术"
nhsa_jbzd_27_5300,"27.5300",True,"口瘘管闭合术","手术"
nhsa_jbzd_27_5301,"27.5301",True,"腭瘘管修补术","手术"
nhsa_jbzd_27_5302,"27.5302",True,"唇瘘修补术","手术"
nhsa_jbzd_27_5303,"27.5303",True,"颊部瘘修补术","手术"
nhsa_jbzd_27_5400,"27.5400",True,"裂唇修补术","手术"
nhsa_jbzd_27_5401,"27.5401",True,"唇裂二期修复术","手术"
nhsa_jbzd_27_5500,"27.5500",True,"唇和口的全层皮肤移植","手术"
nhsa_jbzd_27_5500x002,"27.5500x002",True,"唇全厚植皮术","手术"
nhsa_jbzd_27_5600,"27.5600",True,"唇和口的其他皮肤移植","手术"
nhsa_jbzd_27_5600x002,"27.5600x002",True,"唇中厚植皮术","手术"
nhsa_jbzd_27_5601,"27.5601",True,"口内皮肤移植术","手术"
nhsa_jbzd_27_5700,"27.5700",True,"唇和口的带蒂皮瓣或皮瓣移植","手术"
nhsa_jbzd_27_5700x005,"27.5700x005",True,"交叉唇瓣转移术","手术"
nhsa_jbzd_27_5700x006,"27.5700x006",True,"口腔游离皮瓣移植术","手术"
nhsa_jbzd_27_5701,"27.5701",True,"唇皮瓣移植术","手术"
nhsa_jbzd_27_5702,"27.5702",True,"口内皮瓣移植术","手术"
nhsa_jbzd_27_5703,"27.5703",True,"唇带蒂皮瓣移植术","手术"
nhsa_jbzd_27_5900,"27.5900",True,"口的其他整形修补术","手术"
nhsa_jbzd_27_5900x011,"27.5900x011",True,"口形矫正术","手术"
nhsa_jbzd_27_5900x017,"27.5900x017",True,"唇黏膜瓣移植术","手术"
nhsa_jbzd_27_5900x018,"27.5900x018",True,"口腔黏膜瓣移植术","手术"
nhsa_jbzd_27_5900x019,"27.5900x019",True,"口腔黏膜游离移植术","手术"
nhsa_jbzd_27_5900x020,"27.5900x020",True,"颊肌黏膜瓣移植术","手术"
nhsa_jbzd_27_5901,"27.5901",True,"口角缝合术","手术"
nhsa_jbzd_27_5902,"27.5902",True,"交叉唇瓣断蒂术","手术"
nhsa_jbzd_27_5903,"27.5903",True,"唇成形术","手术"
nhsa_jbzd_27_5904,"27.5904",True,"口轮匝肌功能重建术","手术"
nhsa_jbzd_27_5905,"27.5905",True,"口鼻通道成形术","手术"
nhsa_jbzd_27_5906,"27.5906",True,"上颌重建术","手术"
nhsa_jbzd_27_5907,"27.5907",True,"小口开大术","手术"
nhsa_jbzd_27_5908,"27.5908",True,"口内重建术","手术"
nhsa_jbzd_27_5909,"27.5909",True,"唇瘢痕松解术","手术"
nhsa_jbzd_27_5910,"27.5910",True,"口成形术","手术"
nhsa_jbzd_27_5911,"27.5911",True,"下唇缺损修复术","手术"
nhsa_jbzd_27_5912,"27.5912",True,"口底重建术","手术"
nhsa_jbzd_27_5913,"27.5913",True,"唇外翻矫正术","手术"
nhsa_jbzd_27_5914,"27.5914",True,"巨口矫形术","手术"
nhsa_jbzd_27_5915,"27.5915",True,"唇缺损修复术","手术"
nhsa_jbzd_27_6100,"27.6100",True,"腭裂伤缝合术","手术"
nhsa_jbzd_27_6200,"27.6200",True,"腭裂矫正术","手术"
nhsa_jbzd_27_6200x002,"27.6200x002",True,"后推法腭裂矫正术","手术"
nhsa_jbzd_27_6200x003,"27.6200x003",True,"腭裂修补术","手术"
nhsa_jbzd_27_6201,"27.6201",True,"腭裂修补术伴悬雍垂修补术","手术"
nhsa_jbzd_27_6300,"27.6300",True,"腭裂修补术后的修复术","手术"
nhsa_jbzd_27_6300x002,"27.6300x002",True,"腭裂术后继发畸形矫正术","手术"
nhsa_jbzd_27_6301,"27.6301",True,"腭裂二期修复术","手术"
nhsa_jbzd_27_6302,"27.6302",True,"腭裂上提术","手术"
nhsa_jbzd_27_6400,"27.6400",True,"腭植入物置入术","手术"
nhsa_jbzd_27_6900,"27.6900",True,"腭的其他整形术","手术"
nhsa_jbzd_27_6900x003,"27.6900x003",True,"软腭激光烧灼术","手术"
nhsa_jbzd_27_6900x004,"27.6900x004",True,"咽腭弓延长成形术","手术"
nhsa_jbzd_27_6900x007,"27.6900x007",True,"悬雍垂-软腭-咽成形术[UPPP]","手术"
nhsa_jbzd_27_6900x008,"27.6900x008",True,"舌腭弓延长成形术","手术"
nhsa_jbzd_27_6901,"27.6901",True,"腭垂-软腭成形术[LAUP]","手术"
nhsa_jbzd_27_6902,"27.6902",True,"腭咽成形术","手术"
nhsa_jbzd_27_6903,"27.6903",True,"硬腭成形术","手术"
nhsa_jbzd_27_6904,"27.6904",True,"软腭成形术","手术"
nhsa_jbzd_27_6905,"27.6905",True,"腭瓣修复术","手术"
nhsa_jbzd_27_6906,"27.6906",True,"悬雍垂腭咽成形术","手术"
nhsa_jbzd_27_6907,"27.6907",True,"腭咽激光成形术","手术"
nhsa_jbzd_27_6908,"27.6908",True,"腭瘘修补术","手术"
nhsa_jbzd_27_6909,"27.6909",True,"腭咽射频成形术","手术"
nhsa_jbzd_27_7100,"27.7100",True,"腭垂切开术","手术"
nhsa_jbzd_27_7200,"27.7200",True,"腭垂切除术","手术"
nhsa_jbzd_27_7201,"27.7201",True,"腭垂部分切除术","手术"
nhsa_jbzd_27_7202,"27.7202",True,"悬雍垂激光切除术","手术"
nhsa_jbzd_27_7300,"27.7300",True,"腭垂修补术","手术"
nhsa_jbzd_27_7301,"27.7301",True,"二氧化碳激光双下甲咽侧索气化术","治疗性操作"
nhsa_jbzd_27_7900,"27.7900",True,"腭垂的其他手术","手术"
nhsa_jbzd_27_7901,"27.7901",True,"悬雍垂病损切除术","手术"
nhsa_jbzd_27_9100,"27.9100",True,"唇系带切开术","手术"
nhsa_jbzd_27_9100x001,"27.9100x001",True,"唇系带切断术","手术"
nhsa_jbzd_27_9101,"27.9101",True,"唇系带整形术","手术"
nhsa_jbzd_27_9200,"27.9200",True,"口切开术","治疗性操作"
nhsa_jbzd_27_9200x001,"27.9200x001",True,"唇切开异物去除术","手术"
nhsa_jbzd_27_9201,"27.9201",True,"口内切开引流术","治疗性操作"
nhsa_jbzd_27_9900,"27.9900",True,"口腔其他手术","手术"
nhsa_jbzd_27_9900x001,"27.9900x001",True,"半侧颜面萎缩矫正术","手术"
nhsa_jbzd_27_9900x005,"27.9900x005",True,"面部病损切除术","手术"
nhsa_jbzd_27_9900x006,"27.9900x006",True,"面横裂矫正术","手术"
nhsa_jbzd_27_9900x007,"27.9900x007",True,"面瘫矫正术","手术"
nhsa_jbzd_27_9900x009,"27.9900x009",True,"面斜裂矫正术","手术"
nhsa_jbzd_27_9900x010,"27.9900x010",True,"颊系带切开术","手术"
nhsa_jbzd_27_9901,"27.9901",True,"颊部病损切除术","手术"
nhsa_jbzd_27_9902,"27.9902",True,"颏下病损切除术","手术"
nhsa_jbzd_27_9903,"27.9903",True,"颊脂垫修复术","手术"
nhsa_jbzd_27_9904,"27.9904",True,"颅颌面裂矫形术","手术"
nhsa_jbzd_28_0x00,"28.0x00",True,"扁桃体和扁桃体周围结构的切开引流术","治疗性操作"
nhsa_jbzd_28_0x00x002,"28.0x00x002",True,"扁桃体周围切开引流术","手术"
nhsa_jbzd_28_0x00x003,"28.0x00x003",True,"扁桃体穿刺引流术","治疗性操作"
nhsa_jbzd_28_0x01,"28.0x01",True,"咽后组织切开引流术","治疗性操作"
nhsa_jbzd_28_0x02,"28.0x02",True,"扁桃体切开引流术","治疗性操作"
nhsa_jbzd_28_0x03,"28.0x03",True,"咽旁切开引流术","治疗性操作"
nhsa_jbzd_28_1100,"28.1100",True,"扁桃体和腺样增殖体的活组织检查","诊断性操作"
nhsa_jbzd_28_1101,"28.1101",True,"扁桃体活组织检查","诊断性操作"
nhsa_jbzd_28_1102,"28.1102",True,"腺样增殖体活组织检查","诊断性操作"
nhsa_jbzd_28_1900,"28.1900",True,"扁桃体和腺样增殖体的其他诊断性操作","诊断性操作"
nhsa_jbzd_28_2x00,"28.2x00",True,"扁桃体切除术不伴腺样增殖体切除术","手术"
nhsa_jbzd_28_2x00x002,"28.2x00x002",True,"扁桃体切除术","手术"
nhsa_jbzd_28_2x00x003,"28.2x00x003",True,"支撑喉镜下扁桃体切除术","手术"
nhsa_jbzd_28_2x01,"28.2x01",True,"扁桃体射频消融术","治疗性操作"
nhsa_jbzd_28_2x02,"28.2x02",True,"扁桃体激光切除术","治疗性操作"
nhsa_jbzd_28_2x03,"28.2x03",True,"扁桃体等离子切除术","治疗性操作"
nhsa_jbzd_28_2x04,"28.2x04",True,"内镜下扁桃体切除术","手术"
nhsa_jbzd_28_3x00,"28.3x00",True,"扁桃体切除术伴腺样增殖体切除术","手术"
nhsa_jbzd_28_3x01,"28.3x01",True,"扁桃体伴腺样体切除术","手术"
nhsa_jbzd_28_3x02,"28.3x02",True,"扁桃体部分切除伴腺样体切除术","手术"
nhsa_jbzd_28_3x03,"28.3x03",True,"扁桃体伴腺样体等离子切除术","治疗性操作"
nhsa_jbzd_28_4x00,"28.4x00",True,"扁桃腺残体切除术","手术"
nhsa_jbzd_28_5x00,"28.5x00",True,"舌扁桃体切除术","手术"
nhsa_jbzd_28_5x01,"28.5x01",True,"舌扁桃体激光消融术","治疗性操作"
nhsa_jbzd_28_5x02,"28.5x02",True,"内镜下舌扁桃体部分切除术","手术"
nhsa_jbzd_28_5x03,"28.5x03",True,"舌扁桃体射频消融术","治疗性操作"
nhsa_jbzd_28_6x00,"28.6x00",True,"腺样增殖体切除术不伴扁桃体切除术","手术"
nhsa_jbzd_28_6x00x001,"28.6x00x001",True,"鼻内镜下经鼻腺样体切除术","手术"
nhsa_jbzd_28_6x00x002,"28.6x00x002",True,"腺样体切除术","手术"
nhsa_jbzd_28_6x00x004,"28.6x00x004",True,"支撑喉镜下残余腺样增殖体体切除术","手术"
nhsa_jbzd_28_6x00x005,"28.6x00x005",True,"鼻内镜下腺样体消融术","手术"
nhsa_jbzd_28_6x00x006,"28.6x00x006",True,"鼻内镜下腺样体等离子切除术","手术"
nhsa_jbzd_28_6x01,"28.6x01",True,"腺样体等离子切除术","治疗性操作"
nhsa_jbzd_28_6x02,"28.6x02",True,"内镜下腺样体切除术","手术"
nhsa_jbzd_28_6x03,"28.6x03",True,"内镜下残余腺样增殖体切除术","手术"
nhsa_jbzd_28_7x00,"28.7x00",True,"扁桃体切除术和腺样增殖体切除术后出血的控制","治疗性操作"
nhsa_jbzd_28_7x01,"28.7x01",True,"扁桃体切除术后止血","治疗性操作"
nhsa_jbzd_28_7x02,"28.7x02",True,"腺样增殖体切除术后止血","治疗性操作"
nhsa_jbzd_28_9100,"28.9100",True,"扁桃体和腺样增殖体切开去除异物","手术"
nhsa_jbzd_28_9200,"28.9200",True,"扁桃体和腺样增殖体病损的切除术","手术"
nhsa_jbzd_28_9200x002,"28.9200x002",True,"扁桃体病损射频消融术","手术"
nhsa_jbzd_28_9201,"28.9201",True,"扁桃体病损切除术","手术"
nhsa_jbzd_28_9202,"28.9202",True,"腺样增殖体病损切除术","手术"
nhsa_jbzd_28_9900,"28.9900",True,"扁桃体和腺样增殖体的其他手术","手术"
nhsa_jbzd_29_0x00,"29.0x00",True,"咽切开术","治疗性操作"
nhsa_jbzd_29_0x00x001,"29.0x00x001",True,"咽部切开引流术","手术"
nhsa_jbzd_29_0x00x003,"29.0x00x003",True,"咽部切开探查术","手术"
nhsa_jbzd_29_0x00x005,"29.0x00x005",True,"咽瘘切开引流术","手术"
nhsa_jbzd_29_0x00x006,"29.0x00x006",True,"咽切开异物取出术","手术"
nhsa_jbzd_29_0x01,"29.0x01",True,"咽囊引流术","治疗性操作"
nhsa_jbzd_29_1100,"29.1100",True,"咽镜检查","诊断性操作"
nhsa_jbzd_29_1100x002,"29.1100x002",True,"纤维鼻咽镜检查","诊断性操作"
nhsa_jbzd_29_1200,"29.1200",True,"咽活组织检查","诊断性操作"
nhsa_jbzd_29_1201,"29.1201",True,"声门上病损活组织检查","诊断性操作"
nhsa_jbzd_29_1202,"29.1202",True,"鼻咽活组织检查","诊断性操作"
nhsa_jbzd_29_1203,"29.1203",True,"内镜下鼻咽活组织检查","诊断性操作"
nhsa_jbzd_29_1204,"29.1204",True,"支撑喉镜下咽部活组织检查","诊断性操作"
nhsa_jbzd_29_1900,"29.1900",True,"咽的其他诊断性操作","诊断性操作"
nhsa_jbzd_29_2x00,"29.2x00",True,"鳃裂囊肿或遗迹切除术","手术"
nhsa_jbzd_29_2x00x001,"29.2x00x001",True,"鳃裂囊肿切除术","手术"
nhsa_jbzd_29_3100,"29.3100",True,"环咽肌切开术","手术"
nhsa_jbzd_29_3200,"29.3200",True,"咽憩室切除术","手术"
nhsa_jbzd_29_3201,"29.3201",True,"咽食管憩室切除术","手术"
nhsa_jbzd_29_3300,"29.3300",True,"咽切除术(部分)","手术"
nhsa_jbzd_29_3300x001,"29.3300x001",True,"下咽切除术","手术"
nhsa_jbzd_29_3300x002,"29.3300x002",True,"部分咽切除术","手术"
nhsa_jbzd_29_3301,"29.3301",True,"梨状窝切除术","手术"
nhsa_jbzd_29_3900,"29.3900",True,"咽病损或组织的其他切除术或破坏术","手术"
nhsa_jbzd_29_3900x001,"29.3900x001",True,"鼻咽病损切除术","手术"
nhsa_jbzd_29_3900x007,"29.3900x007",True,"支撑喉镜下鼻咽病损切除术","手术"
nhsa_jbzd_29_3900x010,"29.3900x010",True,"下咽病损切除术","手术"
nhsa_jbzd_29_3900x012,"29.3900x012",True,"咽部病损激光烧灼术","手术"
nhsa_jbzd_29_3900x017,"29.3900x017",True,"咽颌淋巴烧灼术","手术"
nhsa_jbzd_29_3900x019,"29.3900x019",True,"咽旁间隙病损切除术","手术"
nhsa_jbzd_29_3901,"29.3901",True,"咽部病损切除术","手术"
nhsa_jbzd_29_3902,"29.3902",True,"咽旁病损切除术","手术"
nhsa_jbzd_29_3903,"29.3903",True,"翼腭窝病损切除术","手术"
nhsa_jbzd_29_3905,"29.3905",True,"支撑喉镜下咽部病损切除术","手术"
nhsa_jbzd_29_3906,"29.3906",True,"支撑喉镜下咽部病损激光切除术","手术"
nhsa_jbzd_29_3907,"29.3907",True,"支撑喉镜下咽部病损射频消融术","治疗性操作"
nhsa_jbzd_29_3908,"29.3908",True,"内镜下鼻咽病损切除术","手术"
nhsa_jbzd_29_3909,"29.3909",True,"内镜下梨状窝病损切除术","手术"
nhsa_jbzd_29_4x00,"29.4x00",True,"咽整形术","手术"
nhsa_jbzd_29_4x00x003,"29.4x00x003",True,"下咽成形术","手术"
nhsa_jbzd_29_4x00x004,"29.4x00x004",True,"咽成形术","手术"
nhsa_jbzd_29_4x01,"29.4x01",True,"咽重建术","手术"
nhsa_jbzd_29_4x02,"29.4x02",True,"鼻咽腔闭锁矫正术","手术"
nhsa_jbzd_29_4x03,"29.4x03",True,"咽射频减容术","手术"
nhsa_jbzd_29_4x04,"29.4x04",True,"鼻咽成形术","手术"
nhsa_jbzd_29_5100,"29.5100",True,"咽裂伤缝合术","手术"
nhsa_jbzd_29_5200,"29.5200",True,"鳃裂瘘修补术","手术"
nhsa_jbzd_29_5200x002,"29.5200x002",True,"鳃裂瘘管切除术","手术"
nhsa_jbzd_29_5300,"29.5300",True,"咽其他瘘管的闭合术","手术"
nhsa_jbzd_29_5300x002,"29.5300x002",True,"咽瘘缝合术","手术"
nhsa_jbzd_29_5301,"29.5301",True,"咽瘘修补术","手术"
nhsa_jbzd_29_5302,"29.5302",True,"咽食管瘘切除术","手术"
nhsa_jbzd_29_5400,"29.5400",True,"咽粘连松解术","手术"
nhsa_jbzd_29_5900,"29.5900",True,"咽的其他修补术","手术"
nhsa_jbzd_29_5901,"29.5901",True,"咽后壁修补术","手术"
nhsa_jbzd_29_9100,"29.9100",True,"咽扩张","手术"
nhsa_jbzd_29_9100x001,"29.9100x001",True,"咽扩张术","手术"
nhsa_jbzd_29_9101,"29.9101",True,"鼻咽扩张术","手术"
nhsa_jbzd_29_9200,"29.9200",True,"舌咽神经切断","手术"
nhsa_jbzd_29_9200x001,"29.9200x001",True,"舌咽神经切断术","手术"
nhsa_jbzd_29_9200x002,"29.9200x002",True,"舌下神经切除术","手术"
nhsa_jbzd_29_9900,"29.9900",True,"咽的其他手术","手术"
nhsa_jbzd_30_0100,"30.0100",True,"喉囊肿的袋形缝合术[造袋术]","手术"
nhsa_jbzd_30_0900,"30.0900",True,"喉病损或组织的其他切除术或破坏术","手术"
nhsa_jbzd_30_0900x016,"30.0900x016",True,"支撑喉镜下声门病损切除术","手术"
nhsa_jbzd_30_0900x021,"30.0900x021",True,"会厌病损切除术","手术"
nhsa_jbzd_30_0900x024,"30.0900x024",True,"梨状窝病损切除术","手术"
nhsa_jbzd_30_0900x038,"30.0900x038",True,"喉病损射频消融术","手术"
nhsa_jbzd_30_0900x039,"30.0900x039",True,"支撑喉镜下喉病损激光烧灼术","手术"
nhsa_jbzd_30_0900x040,"30.0900x040",True,"声门病损烧灼术","手术"
nhsa_jbzd_30_0900x041,"30.0900x041",True,"支撑喉镜下会厌病损射频消融术","手术"
nhsa_jbzd_30_0900x042,"30.0900x042",True,"支撑喉镜下会厌病损等离子切除术","手术"
nhsa_jbzd_30_0900x043,"30.0900x043",True,"支撑喉镜下喉病损等离子切除术","手术"
nhsa_jbzd_30_0901,"30.0901",True,"声带病损切除术","手术"
nhsa_jbzd_30_0902,"30.0902",True,"喉病损切除术","手术"
nhsa_jbzd_30_0903,"30.0903",True,"内镜下会厌病损切除术","手术"
nhsa_jbzd_30_0904,"30.0904",True,"内镜下会厌病损激光切除术","手术"
nhsa_jbzd_30_0905,"30.0905",True,"内镜下声带病损切除术","手术"
nhsa_jbzd_30_0906,"30.0906",True,"内镜下声带病损激光切除术","手术"
nhsa_jbzd_30_0907,"30.0907",True,"内镜下声带病损射频消融术","手术"
nhsa_jbzd_30_0908,"30.0908",True,"内镜下声带剥离术","手术"
nhsa_jbzd_30_0909,"30.0909",True,"内镜下喉病损射频消融术","手术"
nhsa_jbzd_30_0911,"30.0911",True,"支撑喉镜下喉病损切除术","手术"
nhsa_jbzd_30_1x00,"30.1x00",True,"半喉切除术","手术"
nhsa_jbzd_30_2100,"30.2100",True,"会厌切除术","手术"
nhsa_jbzd_30_2100x002,"30.2100x002",True,"支撑喉镜下会厌切除术","手术"
nhsa_jbzd_30_2100x003,"30.2100x003",True,"会厌软骨切除术","手术"
nhsa_jbzd_30_2101,"30.2101",True,"会厌扩大切除术","手术"
nhsa_jbzd_30_2200,"30.2200",True,"声带切除术","手术"
nhsa_jbzd_30_2201,"30.2201",True,"声带部分切除术","手术"
nhsa_jbzd_30_2202,"30.2202",True,"声带扩大切除术","手术"
nhsa_jbzd_30_2203,"30.2203",True,"内镜下声带部分切除术","手术"
nhsa_jbzd_30_2204,"30.2204",True,"内镜下声带切除术","手术"
nhsa_jbzd_30_2900,"30.2900",True,"其他部分喉切除术","手术"
nhsa_jbzd_30_2900x001,"30.2900x001",True,"垂直喉切除术","手术"
nhsa_jbzd_30_2900x002,"30.2900x002",True,"喉杓状软骨切除术","手术"
nhsa_jbzd_30_2900x003,"30.2900x003",True,"喉部分切除术","手术"
nhsa_jbzd_30_2900x009,"30.2900x009",True,"支撑喉镜下喉软骨切除术","手术"
nhsa_jbzd_30_2900x011,"30.2900x011",True,"环状软骨-舌骨固定术(次全喉切除)","手术"
nhsa_jbzd_30_2900x012,"30.2900x012",True,"环状软骨-舌骨-会厌固定术(次全喉切除)","手术"
nhsa_jbzd_30_2900x013,"30.2900x013",True,"喉环状软骨切除术","手术"
nhsa_jbzd_30_2900x014,"30.2900x014",True,"甲状软骨切除术","手术"
nhsa_jbzd_30_2900x015,"30.2900x015",True,"支撑喉镜下喉部分切除术","手术"
nhsa_jbzd_30_2901,"30.2901",True,"舌骨切除术","手术"
nhsa_jbzd_30_2902,"30.2902",True,"舌骨部分切除术","手术"
nhsa_jbzd_30_2903,"30.2903",True,"室带部分切除术","手术"
nhsa_jbzd_30_2904,"30.2904",True,"喉软骨切除术","手术"
nhsa_jbzd_30_2905,"30.2905",True,"喉软骨部分切除术","手术"
nhsa_jbzd_30_2906,"30.2906",True,"喉裂开术","手术"
nhsa_jbzd_30_2907,"30.2907",True,"额侧喉部分切除术","手术"
nhsa_jbzd_30_2908,"30.2908",True,"声门上喉部分切除术","手术"
nhsa_jbzd_30_2909,"30.2909",True,"垂直喉部分切除术","手术"
nhsa_jbzd_30_2910,"30.2910",True,"外侧喉部分切除术","手术"
nhsa_jbzd_30_2911,"30.2911",True,"喉次全切除术","手术"
nhsa_jbzd_30_2912,"30.2912",True,"支撑喉镜下杓状软骨切除术","手术"
nhsa_jbzd_30_3x00,"30.3x00",True,"全部喉切除术","手术"
nhsa_jbzd_30_3x01,"30.3x01",True,"全喉扩大切除术","手术"
nhsa_jbzd_30_3x02,"30.3x02",True,"喉咽切除术","手术"
nhsa_jbzd_30_3x03,"30.3x03",True,"喉咽食管切除术","手术"
nhsa_jbzd_30_3x04,"30.3x04",True,"残余喉切除术","手术"
nhsa_jbzd_30_4x00,"30.4x00",True,"根治性喉切除术","手术"
nhsa_jbzd_30_4x00x002,"30.4x00x002",True,"全喉切除伴根治性淋巴结清扫术","手术"
nhsa_jbzd_31_0x00,"31.0x00",True,"喉注射","治疗性操作"
nhsa_jbzd_31_0x00x001,"31.0x00x001",True,"支撑喉镜下喉注射治疗","治疗性操作"
nhsa_jbzd_31_0x01,"31.0x01",True,"声带注射","治疗性操作"
nhsa_jbzd_31_0x02,"31.0x02",True,"声带脂肪移植术","手术"
nhsa_jbzd_31_0x03,"31.0x03",True,"内镜下声带脂肪移植术","手术"
nhsa_jbzd_31_0x04,"31.0x04",True,"支撑喉镜下声带注射术","治疗性操作"
nhsa_jbzd_31_0x05,"31.0x05",True,"支撑喉镜下声带充填术","手术"
nhsa_jbzd_31_1x00,"31.1x00",True,"暂时性气管造口术","治疗性操作"
nhsa_jbzd_31_1x00x005,"31.1x00x005",True,"暂时性气管切开术","治疗性操作"
nhsa_jbzd_31_2100,"31.2100",True,"纵隔气管造口术","治疗性操作"
nhsa_jbzd_31_2100x001,"31.2100x001",True,"纵隔气管切开术","治疗性操作"
nhsa_jbzd_31_2900,"31.2900",True,"其他永久性气管造口术","治疗性操作"
nhsa_jbzd_31_2900x001,"31.2900x001",True,"永久性气管切开术","治疗性操作"
nhsa_jbzd_31_3x00,"31.3x00",True,"喉或气管的其他切开术","治疗性操作"
nhsa_jbzd_31_3x00x001,"31.3x00x001",True,"支撑喉镜下喉切开引流术","手术"
nhsa_jbzd_31_3x00x005,"31.3x00x005",True,"会厌切开引流术","手术"
nhsa_jbzd_31_3x00x008,"31.3x00x008",True,"环状软骨前切开术","手术"
nhsa_jbzd_31_3x01,"31.3x01",True,"喉探查术","手术"
nhsa_jbzd_31_3x02,"31.3x02",True,"气管探查术","手术"
nhsa_jbzd_31_3x03,"31.3x03",True,"气管切开异物取出术","手术"
nhsa_jbzd_31_3x04,"31.3x04",True,"内镜下声带切开术","手术"
nhsa_jbzd_31_4100,"31.4100",True,"气管镜检查，经人工造口","诊断性操作"
nhsa_jbzd_31_4200,"31.4200",True,"喉镜检查和其他气管镜检查","诊断性操作"
nhsa_jbzd_31_4200x001,"31.4200x001",True,"支撑喉镜检查","诊断性操作"
nhsa_jbzd_31_4200x003,"31.4200x003",True,"纤维喉镜检查","诊断性操作"
nhsa_jbzd_31_4201,"31.4201",True,"喉镜检查","诊断性操作"
nhsa_jbzd_31_4202,"31.4202",True,"气管镜检查","诊断性操作"
nhsa_jbzd_31_4300,"31.4300",True,"闭合性[内镜]喉活组织检查","诊断性操作"
nhsa_jbzd_31_4300x002,"31.4300x002",True,"纤维喉镜下喉活检","诊断性操作"
nhsa_jbzd_31_4301,"31.4301",True,"内镜下声带活组织检查术","诊断性操作"
nhsa_jbzd_31_4400,"31.4400",True,"闭合性[内镜]气管活组织检查","诊断性操作"
nhsa_jbzd_31_4400x001,"31.4400x001",True,"气管镜下气管活检","诊断性操作"
nhsa_jbzd_31_4500,"31.4500",True,"开放性喉或气管活组织检查","手术"
nhsa_jbzd_31_4501,"31.4501",True,"开放性气管活组织检查术","手术"
nhsa_jbzd_31_4502,"31.4502",True,"开放性喉活组织检查术","手术"
nhsa_jbzd_31_4800,"31.4800",True,"喉的其他诊断性操作","诊断性操作"
nhsa_jbzd_31_4900,"31.4900",True,"气管的其他诊断性操作","诊断性操作"
nhsa_jbzd_31_5x00,"31.5x00",True,"气管病损或组织的局部切除术或破坏术","手术"
nhsa_jbzd_31_5x00x003,"31.5x00x003",True,"气管镜下气管病损激光烧灼术","手术"
nhsa_jbzd_31_5x00x012,"31.5x00x012",True,"气管节段切除术","手术"
nhsa_jbzd_31_5x00x013,"31.5x00x013",True,"纵隔镜下气管病损切除术","手术"
nhsa_jbzd_31_5x00x014,"31.5x00x014",True,"气管隆突病损切除术","手术"
nhsa_jbzd_31_5x00x015,"31.5x00x015",True,"气管镜下气管病损冷冻术","手术"
nhsa_jbzd_31_5x01,"31.5x01",True,"气管病损切除术","手术"
nhsa_jbzd_31_5x02,"31.5x02",True,"气管部分切除术","手术"
nhsa_jbzd_31_5x03,"31.5x03",True,"气管楔形切除术","手术"
nhsa_jbzd_31_5x04,"31.5x04",True,"内镜下气管病损切除术","手术"
nhsa_jbzd_31_6100,"31.6100",True,"喉裂伤缝合术","手术"
nhsa_jbzd_31_6200,"31.6200",True,"喉瘘闭合术","手术"
nhsa_jbzd_31_6201,"31.6201",True,"喉气管瘘管切除术","手术"
nhsa_jbzd_31_6202,"31.6202",True,"喉气管瘘修补术","手术"
nhsa_jbzd_31_6300,"31.6300",True,"喉造口修复术","手术"
nhsa_jbzd_31_6400,"31.6400",True,"喉骨骨折修补术","手术"
nhsa_jbzd_31_6900,"31.6900",True,"喉的其他修补术","手术"
nhsa_jbzd_31_6900x007,"31.6900x007",True,"声带固定术","手术"
nhsa_jbzd_31_6900x008,"31.6900x008",True,"声带转位术","手术"
nhsa_jbzd_31_6900x013,"31.6900x013",True,"喉支架置入术","手术"
nhsa_jbzd_31_6900x014,"31.6900x014",True,"支撑喉镜下声带显微缝合术","手术"
nhsa_jbzd_31_6901,"31.6901",True,"喉结成形术","手术"
nhsa_jbzd_31_6902,"31.6902",True,"喉成形术","手术"
nhsa_jbzd_31_6903,"31.6903",True,"喉功能重建术","手术"
nhsa_jbzd_31_6904,"31.6904",True,"喉双蒂双肌瓣修复术","手术"
nhsa_jbzd_31_6905,"31.6905",True,"环甲膜缩短术","手术"
nhsa_jbzd_31_6906,"31.6906",True,"会厌成形术","手术"
nhsa_jbzd_31_6907,"31.6907",True,"甲状软骨成形术","手术"
nhsa_jbzd_31_6908,"31.6908",True,"声门成形术","手术"
nhsa_jbzd_31_6909,"31.6909",True,"声带外移术","手术"
nhsa_jbzd_31_6910,"31.6910",True,"声带成形术","手术"
nhsa_jbzd_31_6911,"31.6911",True,"内镜下声带成形术","手术"
nhsa_jbzd_31_6912,"31.6912",True,"内镜下环杓关节复位术","手术"
nhsa_jbzd_31_6913,"31.6913",True,"内镜下喉成形术","手术"
nhsa_jbzd_31_7100,"31.7100",True,"气管裂伤缝合术","手术"
nhsa_jbzd_31_7100x001,"31.7100x001",True,"气管修补术","手术"
nhsa_jbzd_31_7200,"31.7200",True,"气管外瘘管闭合术","手术"
nhsa_jbzd_31_7201,"31.7201",True,"气管造口闭合术","手术"
nhsa_jbzd_31_7300,"31.7300",True,"气管其他瘘管的闭合术","手术"
nhsa_jbzd_31_7300x001,"31.7300x001",True,"气管瘘闭合术","手术"
nhsa_jbzd_31_7301,"31.7301",True,"气管食管瘘修补术","手术"
nhsa_jbzd_31_7302,"31.7302",True,"内镜下气管瘘封堵术","手术"
nhsa_jbzd_31_7400,"31.7400",True,"气管造口修复术","手术"
nhsa_jbzd_31_7400x001,"31.7400x001",True,"气管造口扩张术","手术"
nhsa_jbzd_31_7500,"31.7500",True,"气管重建术和人工喉建造术","手术"
nhsa_jbzd_31_7500x002,"31.7500x002",True,"气管成形伴人工喉重建术","手术"
nhsa_jbzd_31_7500x004,"31.7500x004",True,"人工气管重建术","手术"
nhsa_jbzd_31_7501,"31.7501",True,"发音重建术","手术"
nhsa_jbzd_31_7502,"31.7502",True,"发音钮置入术","手术"
nhsa_jbzd_31_7503,"31.7503",True,"气管重建术","手术"
nhsa_jbzd_31_7504,"31.7504",True,"人工喉建造术","手术"
nhsa_jbzd_31_7900,"31.7900",True,"气管其他修补术和整形术","手术"
nhsa_jbzd_31_7900x004,"31.7900x004",True,"气管狭窄松解术","手术"
nhsa_jbzd_31_7900x005,"31.7900x005",True,"气管隆突成形术","手术"
nhsa_jbzd_31_7900x006,"31.7900x006",True,"气管扩张术","手术"
nhsa_jbzd_31_7900x007,"31.7900x007",True,"气管镜下气管扩张术","手术"
nhsa_jbzd_31_7901,"31.7901",True,"气管成形术","手术"
nhsa_jbzd_31_7902,"31.7902",True,"人造气管移植术","手术"
nhsa_jbzd_31_7903,"31.7903",True,"气管狭窄修复术","手术"
nhsa_jbzd_31_7904,"31.7904",True,"气管膜部修补术","手术"
nhsa_jbzd_31_9100,"31.9100",True,"喉神经切断术","手术"
nhsa_jbzd_31_9100x001,"31.9100x001",True,"喉返神经切断术","手术"
nhsa_jbzd_31_9100x002,"31.9100x002",True,"喉返神经解剖术","手术"
nhsa_jbzd_31_9200,"31.9200",True,"气管或喉粘连的松解术","手术"
nhsa_jbzd_31_9200x001,"31.9200x001",True,"支撑喉镜下气管粘连松解术","手术"
nhsa_jbzd_31_9201,"31.9201",True,"气管粘连松解术","手术"
nhsa_jbzd_31_9202,"31.9202",True,"声带粘连松解术","手术"
nhsa_jbzd_31_9203,"31.9203",True,"喉粘连松解术","手术"
nhsa_jbzd_31_9204,"31.9204",True,"内镜下声带粘连松解术","手术"
nhsa_jbzd_31_9300,"31.9300",True,"喉或气管支架置换术","手术"
nhsa_jbzd_31_9301,"31.9301",True,"气管支架置换术","手术"
nhsa_jbzd_31_9302,"31.9302",True,"喉支架置换术","手术"
nhsa_jbzd_31_9303,"31.9303",True,"内镜下气管支架置换术","手术"
nhsa_jbzd_31_9304,"31.9304",True,"内镜下喉支架置换术","手术"
nhsa_jbzd_31_9400,"31.9400",True,"气管注入局部作用的治疗性物质","治疗性操作"
nhsa_jbzd_31_9500,"31.9500",True,"气管食管造口术","手术"
nhsa_jbzd_31_9501,"31.9501",True,"内镜下气管食管造口术","手术"
nhsa_jbzd_31_9800,"31.9800",True,"喉的其他手术","手术"
nhsa_jbzd_31_9800x001,"31.9800x001",True,"发音钮置换术","手术"
nhsa_jbzd_31_9801,"31.9801",True,"声门扩大术","手术"
nhsa_jbzd_31_9802,"31.9802",True,"喉扩张术","手术"
nhsa_jbzd_31_9803,"31.9803",True,"喉T型管置入术","手术"
nhsa_jbzd_31_9804,"31.9804",True,"喉支架调整术","治疗性操作"
nhsa_jbzd_31_9805,"31.9805",True,"喉支架取出术","治疗性操作"
nhsa_jbzd_31_9806,"31.9806",True,"喉模取出术","治疗性操作"
nhsa_jbzd_31_9807,"31.9807",True,"内镜下喉扩张术","治疗性操作"
nhsa_jbzd_31_9808,"31.9808",True,"支撑喉镜下喉蹼切除术","手术"
nhsa_jbzd_31_9900,"31.9900",True,"气管的其他手术","手术"
nhsa_jbzd_31_9900x001,"31.9900x001",True,"内镜下气管支架取出术","治疗性操作"
nhsa_jbzd_31_9901,"31.9901",True,"气管硅胶管植入术","手术"
nhsa_jbzd_31_9902,"31.9902",True,"气管扩张管去除术","治疗性操作"
nhsa_jbzd_31_9903,"31.9903",True,"气管球囊扩张术","治疗性操作"
nhsa_jbzd_31_9904,"31.9904",True,"气管人工假体植入术","手术"
nhsa_jbzd_31_9905,"31.9905",True,"气管悬吊术","手术"
nhsa_jbzd_32_0100,"32.0100",True,"内镜下支气管病损或组织切除术或破坏术","手术"
nhsa_jbzd_32_0100x004,"32.0100x004",True,"支气管镜下支气管病损冷冻术","治疗性操作"
nhsa_jbzd_32_0101,"32.0101",True,"内镜下支气管病损切除术","手术"
nhsa_jbzd_32_0102,"32.0102",True,"内镜下支气管病损破坏术","手术"
nhsa_jbzd_32_0103,"32.0103",True,"胸腔镜下支气管病损切除术","手术"
nhsa_jbzd_32_0900,"32.0900",True,"支气管病损或组织的其他局部切除术或破坏术","手术"
nhsa_jbzd_32_0900x005,"32.0900x005",True,"纵隔镜下支气管病损切除术","手术"
nhsa_jbzd_32_0901,"32.0901",True,"支气管病损切除术","手术"
nhsa_jbzd_32_0902,"32.0902",True,"支气管病损破坏术","手术"
nhsa_jbzd_32_1x00,"32.1x00",True,"支气管的其他切除术","手术"
nhsa_jbzd_32_1x00x004,"32.1x00x004",True,"胸腔镜下支气管袖形切除术","手术"
nhsa_jbzd_32_1x01,"32.1x01",True,"支气管袖状切除术","手术"
nhsa_jbzd_32_1x02,"32.1x02",True,"支气管楔形切除术","手术"
nhsa_jbzd_32_1x03,"32.1x03",True,"支气管部分切除术","手术"
nhsa_jbzd_32_1x04,"32.1x04",True,"胸腔镜下支气管部分切除术","手术"
nhsa_jbzd_32_2000,"32.2000",True,"胸腔镜下肺组织或病损的切除术","手术"
nhsa_jbzd_32_2000x002,"32.2000x002",True,"纵隔镜下肺病损切除术","手术"
nhsa_jbzd_32_2000x003,"32.2000x003",True,"胸腔镜下肺部分切除术","手术"
nhsa_jbzd_32_2001,"32.2001",True,"胸腔镜下肺楔形切除术","手术"
nhsa_jbzd_32_2002,"32.2002",True,"胸腔镜下肺大疱切除术","手术"
nhsa_jbzd_32_2003,"32.2003",True,"胸腔镜下肺病损切除术","手术"
nhsa_jbzd_32_2004,"32.2004",True,"胸腔镜下肺病损氩氦刀冷冻术","手术"
nhsa_jbzd_32_2100,"32.2100",True,"肺大疱折叠术","手术"
nhsa_jbzd_32_2100x001,"32.2100x001",True,"肺大泡缝扎术","手术"
nhsa_jbzd_32_2100x005,"32.2100x005",True,"胸腔镜下肺大泡缝扎术","手术"
nhsa_jbzd_32_2101,"32.2101",True,"胸腔镜下肺大疱折叠术","手术"
nhsa_jbzd_32_2200,"32.2200",True,"肺容量减少术","手术"
nhsa_jbzd_32_2200x004,"32.2200x004",True,"支气管镜下肺减容术","手术"
nhsa_jbzd_32_2201,"32.2201",True,"胸腔镜下肺减容术","手术"
nhsa_jbzd_32_2300,"32.2300",True,"开放性消融肺的病损或肺组织","手术"
nhsa_jbzd_32_2300x001,"32.2300x001",True,"直视下肺病损射频消融术","手术"
nhsa_jbzd_32_2400,"32.2400",True,"经皮消融肺的病损或肺组织","手术"
nhsa_jbzd_32_2400x001,"32.2400x001",True,"经皮肺病损射频消融术","治疗性操作"
nhsa_jbzd_32_2400x002,"32.2400x002",True,"经皮肺病损微波消融术","治疗性操作"
nhsa_jbzd_32_2400x003,"32.2400x003",True,"经皮肺病损无水酒精注射术","治疗性操作"
nhsa_jbzd_32_2500,"32.2500",True,"胸腔镜下消融肺的病损或肺组织","手术"
nhsa_jbzd_32_2500x001,"32.2500x001",True,"胸腔镜下肺病损射频消融术","手术"
nhsa_jbzd_32_2600,"32.2600",True,"肺病损或肺组织的其他和未特指的消融","手术"
nhsa_jbzd_32_2700,"32.2700",True,"支气管镜支气管热成型术，气道平滑肌消融","手术"
nhsa_jbzd_32_2700x001,"32.2700x001",True,"支气管镜下支气管热成形术","治疗性操作"
nhsa_jbzd_32_2800,"32.2800",True,"内镜下肺病损或肺组织的切除术或破坏术","手术"
nhsa_jbzd_32_2801,"32.2801",True,"内镜下肺病损切除术","手术"
nhsa_jbzd_32_2802,"32.2802",True,"内镜下肺大疱切除术","手术"
nhsa_jbzd_32_2803,"32.2803",True,"内镜下肺病损激光切除术","手术"
nhsa_jbzd_32_2804,"32.2804",True,"内镜下肺病损电凝切除术","手术"
nhsa_jbzd_32_2900,"32.2900",True,"肺病损或组织的其他局部切除术或破坏术","手术"
nhsa_jbzd_32_2900x005,"32.2900x005",True,"肺病损氩氦刀冷冻术","手术"
nhsa_jbzd_32_2900x016,"32.2900x016",True,"余肺楔形切除术","手术"
nhsa_jbzd_32_2901,"32.2901",True,"肺病损切除术","手术"
nhsa_jbzd_32_2902,"32.2902",True,"肺大泡切除术","手术"
nhsa_jbzd_32_2903,"32.2903",True,"肺袖式切除术","手术"
nhsa_jbzd_32_2904,"32.2904",True,"肺楔形切除术","手术"
nhsa_jbzd_32_2905,"32.2905",True,"肺部分切除术","手术"
nhsa_jbzd_32_3000,"32.3000",True,"胸腔镜肺叶节段切除术","手术"
nhsa_jbzd_32_3001,"32.3001",True,"胸腔镜下肺叶部分切除术","手术"
nhsa_jbzd_32_3900,"32.3900",True,"其他和未特指的肺叶节段切除术","手术"
nhsa_jbzd_32_3900x003,"32.3900x003",True,"全余肺切除术","手术"
nhsa_jbzd_32_3901,"32.3901",True,"肺节段切除术","手术"
nhsa_jbzd_32_3902,"32.3902",True,"肺叶部分切除术","手术"
nhsa_jbzd_32_4100,"32.4100",True,"胸腔镜下肺叶切除术","手术"
nhsa_jbzd_32_4100x002,"32.4100x002",True,"胸腔镜下复合肺叶切除术","手术"
nhsa_jbzd_32_4101,"32.4101",True,"胸腔镜下肺叶伴邻近肺叶节段切除术","手术"
nhsa_jbzd_32_4900,"32.4900",True,"其他肺叶切除术","手术"
nhsa_jbzd_32_4900x002,"32.4900x002",True,"肺叶伴肺段切除术","手术"
nhsa_jbzd_32_4900x003,"32.4900x003",True,"余肺肺叶切除术","手术"
nhsa_jbzd_32_4901,"32.4901",True,"肺叶伴邻近肺叶节段切除术","手术"
nhsa_jbzd_32_4902,"32.4902",True,"肺叶切除术","手术"
nhsa_jbzd_32_4903,"32.4903",True,"肺叶袖状切除术","手术"
nhsa_jbzd_32_5000,"32.5000",True,"胸腔镜下肺切除术","手术"
nhsa_jbzd_32_5000x001,"32.5000x001",True,"胸腔镜下全肺切除术","手术"
nhsa_jbzd_32_5001,"32.5001",True,"胸腔镜下全肺切除术伴纵隔淋巴清扫","手术"
nhsa_jbzd_32_5900,"32.5900",True,"其他和未特指的肺切除术","手术"
nhsa_jbzd_32_5900x001,"32.5900x001",True,"全肺切除术","手术"
nhsa_jbzd_32_5901,"32.5901",True,"全肺切除术伴纵隔淋巴结清扫术","手术"
nhsa_jbzd_32_6x00,"32.6x00",True,"胸腔结构的根治性清扫术","手术"
nhsa_jbzd_32_6x00x002,"32.6x00x002",True,"肺叶切除术伴淋巴结清扫术","手术"
nhsa_jbzd_32_6x00x004,"32.6x00x004",True,"支气管根治性清扫术","手术"
nhsa_jbzd_32_9x00,"32.9x00",True,"其他的肺切除术","手术"
nhsa_jbzd_33_0x00,"33.0x00",True,"支气管切开术","手术"
nhsa_jbzd_33_0x00x003,"33.0x00x003",True,"胸腔镜下支气管切开异物取出术","手术"
nhsa_jbzd_33_0x00x004,"33.0x00x004",True,"胸腔镜下支气管切开术","手术"
nhsa_jbzd_33_0x01,"33.0x01",True,"支气管造口术","手术"
nhsa_jbzd_33_0x02,"33.0x02",True,"支气管切开引流术","治疗性操作"
nhsa_jbzd_33_0x03,"33.0x03",True,"支气管切开异物取出术","手术"
nhsa_jbzd_33_0x04,"33.0x04",True,"支气管血肿清除术","手术"
nhsa_jbzd_33_1x00,"33.1x00",True,"肺切开术","手术"
nhsa_jbzd_33_1x00x003,"33.1x00x003",True,"胸腔镜下肺内异物取出术","手术"
nhsa_jbzd_33_1x00x004,"33.1x00x004",True,"胸腔镜下肺切开术","手术"
nhsa_jbzd_33_1x01,"33.1x01",True,"肺大疱外引流术","手术"
nhsa_jbzd_33_1x02,"33.1x02",True,"肺切开血肿清除术","手术"
nhsa_jbzd_33_1x03,"33.1x03",True,"肺切开引流术","手术"
nhsa_jbzd_33_1x04,"33.1x04",True,"肺内异物取出术","手术"
nhsa_jbzd_33_1x05,"33.1x05",True,"胸腔镜下肺切开引流术","手术"
nhsa_jbzd_33_1x06,"33.1x06",True,"胸腔镜下肺切开血肿清除术","手术"
nhsa_jbzd_33_2000,"33.2000",True,"胸腔镜肺活组织检查","手术"
nhsa_jbzd_33_2000x002,"33.2000x002",True,"纵隔镜下肺组织活检术","手术"
nhsa_jbzd_33_2100,"33.2100",True,"经人工造口的支气管镜检查","诊断性操作"
nhsa_jbzd_33_2200,"33.2200",True,"光导纤维支气管镜检查","诊断性操作"
nhsa_jbzd_33_2200x002,"33.2200x002",True,"荧光支气管镜检查","诊断性操作"
nhsa_jbzd_33_2200x003,"33.2200x003",True,"纤维支气管镜检查","诊断性操作"
nhsa_jbzd_33_2300,"33.2300",True,"其他支气管镜检查","诊断性操作"
nhsa_jbzd_33_2300x002,"33.2300x002",True,"磁导航支气管镜检查","诊断性操作"
nhsa_jbzd_33_2300x003,"33.2300x003",True,"硬质支气管镜检查","诊断性操作"
nhsa_jbzd_33_2301,"33.2301",True,"超声支气管镜检查","诊断性操作"
nhsa_jbzd_33_2302,"33.2302",True,"电子支气管镜检查","诊断性操作"
nhsa_jbzd_33_2400,"33.2400",True,"闭合性[内镜的]支气管活组织检查","诊断性操作"
nhsa_jbzd_33_2400x001,"33.2400x001",True,"支气管镜下支气管活检","诊断性操作"
nhsa_jbzd_33_2400x002,"33.2400x002",True,"支气管镜下诊断性支气管肺泡灌洗[BAL]","诊断性操作"
nhsa_jbzd_33_2402,"33.2402",True,"超声内镜下支气管穿刺活组织检查术","诊断性操作"
nhsa_jbzd_33_2403,"33.2403",True,"纤维支气管镜检查伴肺泡灌洗术","诊断性操作"
nhsa_jbzd_33_2405,"33.2405",True,"气管镜刷检术","诊断性操作"
nhsa_jbzd_33_2500,"33.2500",True,"开放性支气管活组织检查","手术"
nhsa_jbzd_33_2500x002,"33.2500x002",True,"胸腔镜下支气管活检术","手术"
nhsa_jbzd_33_2500x003,"33.2500x003",True,"直视下支气管活检术","手术"
nhsa_jbzd_33_2600,"33.2600",True,"闭合性[经皮][针吸]肺活组织检查","诊断性操作"
nhsa_jbzd_33_2600x001,"33.2600x001",True,"肺穿刺活检","诊断性操作"
nhsa_jbzd_33_2600x002,"33.2600x002",True,"经皮针吸肺活检","诊断性操作"
nhsa_jbzd_33_2600x003,"33.2600x003",True,"CT引导下经皮肺穿刺活检","诊断性操作"
nhsa_jbzd_33_2700,"33.2700",True,"闭合性肺内镜活组织检查","诊断性操作"
nhsa_jbzd_33_2700x001,"33.2700x001",True,"支气管镜下肺活检","诊断性操作"
nhsa_jbzd_33_2701,"33.2701",True,"气管镜透壁针吸活组织检查","诊断性操作"
nhsa_jbzd_33_2702,"33.2702",True,"超声支气管镜下肺活组织检查","诊断性操作"
nhsa_jbzd_33_2703,"33.2703",True,"支气管镜肺穿刺抽吸术","诊断性操作"
nhsa_jbzd_33_2800,"33.2800",True,"开放性肺活组织检查","手术"
nhsa_jbzd_33_2800x001,"33.2800x001",True,"开胸肺活检术","手术"
nhsa_jbzd_33_2900,"33.2900",True,"肺和支气管的其他诊断性操作","诊断性操作"
nhsa_jbzd_33_3100,"33.3100",True,"膈神经破坏术用于肺萎陷","手术"
nhsa_jbzd_33_3100x001,"33.3100x001",True,"膈神经破坏术","手术"
nhsa_jbzd_33_3200,"33.3200",True,"人工气胸用于肺萎陷","手术"
nhsa_jbzd_33_3201,"33.3201",True,"胸膜腔注气术","手术"
nhsa_jbzd_33_3202,"33.3202",True,"胸腔镜下胸腔注气术","手术"
nhsa_jbzd_33_3300,"33.3300",True,"气腹用于肺萎陷","手术"
nhsa_jbzd_33_3400,"33.3400",True,"胸廓成形术","手术"
nhsa_jbzd_33_3401,"33.3401",True,"部分胸廓成形术","手术"
nhsa_jbzd_33_3402,"33.3402",True,"胸廓改良成形术","手术"
nhsa_jbzd_33_3403,"33.3403",True,"胸膜外胸廓成形术","手术"
nhsa_jbzd_33_3900,"33.3900",True,"肺的其他手术性萎陷","手术"
nhsa_jbzd_33_3901,"33.3901",True,"肺粘连松解术","手术"
nhsa_jbzd_33_3902,"33.3902",True,"胸膜粘连松解术","手术"
nhsa_jbzd_33_3903,"33.3903",True,"胸腔镜下胸膜粘连松解术","手术"
nhsa_jbzd_33_4100,"33.4100",True,"支气管裂伤缝合术","手术"
nhsa_jbzd_33_4100x002,"33.4100x002",True,"胸腔镜下支气管裂伤缝合术","手术"
nhsa_jbzd_33_4200,"33.4200",True,"支气管瘘闭合术","手术"
nhsa_jbzd_33_4200x001,"33.4200x001",True,"食管-支气管瘘修补术","手术"
nhsa_jbzd_33_4201,"33.4201",True,"内镜下支气管食管瘘闭合术","手术"
nhsa_jbzd_33_4300,"33.4300",True,"肺裂伤闭合术","手术"
nhsa_jbzd_33_4300x002,"33.4300x002",True,"肺裂伤修补术","手术"
nhsa_jbzd_33_4800,"33.4800",True,"支气管的其他修补术和整形术","手术"
nhsa_jbzd_33_4801,"33.4801",True,"胸腔镜下支气管成形术","手术"
nhsa_jbzd_33_4802,"33.4802",True,"支气管成形术","手术"
nhsa_jbzd_33_4803,"33.4803",True,"支气管吻合术","手术"
nhsa_jbzd_33_4804,"33.4804",True,"气管支气管吻合术","手术"
nhsa_jbzd_33_4805,"33.4805",True,"支气管修补术","手术"
nhsa_jbzd_33_4900,"33.4900",True,"肺其他修补术和整形术","手术"
nhsa_jbzd_33_4901,"33.4901",True,"肺修补术","手术"
nhsa_jbzd_33_4902,"33.4902",True,"胸腔镜下肺修补术","手术"
nhsa_jbzd_33_5000,"33.5000",True,"肺移植术","手术"
nhsa_jbzd_33_5100,"33.5100",True,"单侧肺移植术","手术"
nhsa_jbzd_33_5200,"33.5200",True,"双侧肺移植术","手术"
nhsa_jbzd_33_6x00,"33.6x00",True,"心脏-肺联合移植术","手术"
nhsa_jbzd_33_7100,"33.7100",True,"内镜支气管瓣膜置入或置换，单叶","手术"
nhsa_jbzd_33_7101,"33.7101",True,"经内镜支气管瓣膜置入，单叶","手术"
nhsa_jbzd_33_7102,"33.7102",True,"经内镜支气管瓣膜置换，单叶","手术"
nhsa_jbzd_33_7200,"33.7200",True,"内镜肺气道流量测量","诊断性操作"
nhsa_jbzd_33_7300,"33.7300",True,"经内镜置入或置换支气管瓣膜，多叶","手术"
nhsa_jbzd_33_7301,"33.7301",True,"经内镜支气管瓣膜置入，多叶","手术"
nhsa_jbzd_33_7302,"33.7302",True,"经内镜支气管瓣膜置换，多叶","手术"
nhsa_jbzd_33_7800,"33.7800",True,"内镜下去除支气管装置或物质","治疗性操作"
nhsa_jbzd_33_7800x001,"33.7800x001",True,"内镜下支气管瓣膜取出术","治疗性操作"
nhsa_jbzd_33_7802,"33.7802",True,"气管镜支气管支架取出术","治疗性操作"
nhsa_jbzd_33_7900,"33.7900",True,"内镜下置入其他支气管装置或物质","治疗性操作"
nhsa_jbzd_33_7900x001,"33.7900x001",True,"支气管镜下支气管扩张术","治疗性操作"
nhsa_jbzd_33_7900x003,"33.7900x003",True,"支气管镜下生物学肺容积减少术（BLVR）","治疗性操作"
nhsa_jbzd_33_7900x004,"33.7900x004",True,"支气管镜下主支气管支架置入术","治疗性操作"
nhsa_jbzd_33_7901,"33.7901",True,"气管镜支气管支架置入术","治疗性操作"
nhsa_jbzd_33_9100,"33.9100",True,"支气管扩张","治疗性操作"
nhsa_jbzd_33_9101,"33.9101",True,"支气管球囊扩张术","治疗性操作"
nhsa_jbzd_33_9200,"33.9200",True,"支气管结扎术","手术"
nhsa_jbzd_33_9200x002,"33.9200x002",True,"胸腔镜下支气管结扎术","手术"
nhsa_jbzd_33_9300,"33.9300",True,"肺穿刺","治疗性操作"
nhsa_jbzd_33_9300x001,"33.9300x001",True,"经皮穿刺肺肿物金标置入术","治疗性操作"
nhsa_jbzd_33_9300x002,"33.9300x002",True,"经皮穿刺肺肿物导丝置入术","治疗性操作"
nhsa_jbzd_33_9301,"33.9301",True,"肺穿刺抽吸术","治疗性操作"
nhsa_jbzd_33_9302,"33.9302",True,"肺穿刺引流术","治疗性操作"
nhsa_jbzd_33_9800,"33.9800",True,"支气管的其他手术","手术"
nhsa_jbzd_33_9900,"33.9900",True,"肺的其他手术","手术"
nhsa_jbzd_33_9900x001,"33.9900x001",True,"支气管肺灌洗术","手术"
nhsa_jbzd_33_9900x002,"33.9900x002",True,"支气管镜下肺止血术","手术"
nhsa_jbzd_33_9901,"33.9901",True,"肺灌洗术","治疗性操作"
nhsa_jbzd_33_9902,"33.9902",True,"胸壁粘连松解术","手术"
nhsa_jbzd_33_9903,"33.9903",True,"气管镜肺灌洗术","治疗性操作"
nhsa_jbzd_34_0100,"34.0100",True,"胸壁切开术","手术"
nhsa_jbzd_34_0100x002,"34.0100x002",True,"胸膜外引流术","手术"
nhsa_jbzd_34_0100x003,"34.0100x003",True,"胸壁切开排气术","手术"
nhsa_jbzd_34_0101,"34.0101",True,"胸壁切开引流术","手术"
nhsa_jbzd_34_0102,"34.0102",True,"胸壁切开异物取出术","手术"
nhsa_jbzd_34_0103,"34.0103",True,"胸壁切开血肿清除术","手术"
nhsa_jbzd_34_0200,"34.0200",True,"探查性胸廓切开术","手术"
nhsa_jbzd_34_0200x001,"34.0200x001",True,"开胸探查术","手术"
nhsa_jbzd_34_0200x003,"34.0200x003",True,"胸腔镜中转开胸探查术","手术"
nhsa_jbzd_34_0300,"34.0300",True,"近期胸廓切开部位的再切开","手术"
nhsa_jbzd_34_0300x001,"34.0300x001",True,"近期开胸术后再开胸术","手术"
nhsa_jbzd_34_0301,"34.0301",True,"胸腔术后再切开止血术","手术"
nhsa_jbzd_34_0400,"34.0400",True,"肋间导管置入用于引流","治疗性操作"
nhsa_jbzd_34_0400x001,"34.0400x001",True,"胸腔引流管置换术","治疗性操作"
nhsa_jbzd_34_0401,"34.0401",True,"胸腔闭式引流术","治疗性操作"
nhsa_jbzd_34_0402,"34.0402",True,"胸腔闭式引流管调整术","治疗性操作"
nhsa_jbzd_34_0500,"34.0500",True,"创建胸膜腹膜分流术","手术"
nhsa_jbzd_34_0600,"34.0600",True,"胸腔镜胸膜腔引流","手术"
nhsa_jbzd_34_0900,"34.0900",True,"胸膜其他切开术","手术"
nhsa_jbzd_34_0900x006,"34.0900x006",True,"胸膜切开探查术","手术"
nhsa_jbzd_34_0900x010,"34.0900x010",True,"胸腔镜下脓胸清除术","手术"
nhsa_jbzd_34_0900x011,"34.0900x011",True,"开胸止血术","手术"
nhsa_jbzd_34_0901,"34.0901",True,"胸膜切开血肿清除术","手术"
nhsa_jbzd_34_0902,"34.0902",True,"胸腔切开脓肿清除术","手术"
nhsa_jbzd_34_0903,"34.0903",True,"胸腔切开引流术","手术"
nhsa_jbzd_34_0904,"34.0904",True,"开胸异物取出术","手术"
nhsa_jbzd_34_0905,"34.0905",True,"胸腔镜下胸腔切开异物取出术","手术"
nhsa_jbzd_34_0906,"34.0906",True,"胸腔镜下胸腔切开止血术","手术"
nhsa_jbzd_34_1x00,"34.1x00",True,"纵隔切开术","手术"
nhsa_jbzd_34_1x01,"34.1x01",True,"纵隔切开引流术","手术"
nhsa_jbzd_34_1x02,"34.1x02",True,"纵隔探查术","手术"
nhsa_jbzd_34_1x03,"34.1x03",True,"纵隔切开异物取出术","手术"
nhsa_jbzd_34_1x04,"34.1x04",True,"纵隔血肿清除术","手术"
nhsa_jbzd_34_1x05,"34.1x05",True,"胸腔镜下纵隔切开引流术","手术"
nhsa_jbzd_34_2000,"34.2000",True,"胸腔镜胸膜活组织检查","手术"
nhsa_jbzd_34_2100,"34.2100",True,"经胸膜胸腔镜检查","手术"
nhsa_jbzd_34_2100x001,"34.2100x001",True,"胸腔镜检查","手术"
nhsa_jbzd_34_2200,"34.2200",True,"纵隔镜检查","手术"
nhsa_jbzd_34_2300,"34.2300",True,"胸壁活组织检查","诊断性操作"
nhsa_jbzd_34_2301,"34.2301",True,"胸腔镜下胸壁活组织检查术","手术"
nhsa_jbzd_34_2400,"34.2400",True,"其他胸膜活组织检查","诊断性操作"
nhsa_jbzd_34_2400x001,"34.2400x001",True,"胸膜活检","诊断性操作"
nhsa_jbzd_34_2500,"34.2500",True,"闭合性纵隔[经皮][针吸]活组织检查","诊断性操作"
nhsa_jbzd_34_2501,"34.2501",True,"内镜下纵隔活组织检查","诊断性操作"
nhsa_jbzd_34_2502,"34.2502",True,"胸腔镜下纵隔活组织检查","手术"
nhsa_jbzd_34_2600,"34.2600",True,"开放性纵隔活组织检查","手术"
nhsa_jbzd_34_2700,"34.2700",True,"横膈活组织检查","诊断性操作"
nhsa_jbzd_34_2700x001,"34.2700x001",True,"膈肌活检术","手术"
nhsa_jbzd_34_2800,"34.2800",True,"胸壁，胸膜和横膈的其他诊断性操作","诊断性操作"
nhsa_jbzd_34_2900,"34.2900",True,"纵隔其他诊断性操作","诊断性操作"
nhsa_jbzd_34_3x00,"34.3x00",True,"纵隔病损或组织的切除术或破坏术","手术"
nhsa_jbzd_34_3x01,"34.3x01",True,"经皮纵隔病损射频消融术","手术"
nhsa_jbzd_34_3x02,"34.3x02",True,"纵隔病损切除术","手术"
nhsa_jbzd_34_3x03,"34.3x03",True,"纵隔病损射频消融术","手术"
nhsa_jbzd_34_3x04,"34.3x04",True,"胸腔镜下纵隔病损切除术","手术"
nhsa_jbzd_34_3x05,"34.3x05",True,"纵隔镜下纵隔病损切除术","手术"
nhsa_jbzd_34_4x00,"34.4x00",True,"胸壁病损的切除术或破坏术","手术"
nhsa_jbzd_34_4x00x008,"34.4x00x008",True,"胸腔病损切除术","手术"
nhsa_jbzd_34_4x00x009,"34.4x00x009",True,"胸壁病损氩氦刀冷冻术","手术"
nhsa_jbzd_34_4x00x010,"34.4x00x010",True,"胸壁病损射频消融术","手术"
nhsa_jbzd_34_4x01,"34.4x01",True,"胸壁病损切除术","手术"
nhsa_jbzd_34_4x02,"34.4x02",True,"胸壁部分切除术","手术"
nhsa_jbzd_34_4x03,"34.4x03",True,"胸腔镜下胸壁病损切除术","手术"
nhsa_jbzd_34_5100,"34.5100",True,"肺皮质剥除术","手术"
nhsa_jbzd_34_5100x004,"34.5100x004",True,"脏层胸膜剥除术","手术"
nhsa_jbzd_34_5100x005,"34.5100x005",True,"肺门胸膜剥除松解术","手术"
nhsa_jbzd_34_5101,"34.5101",True,"胸膜剥脱术","手术"
nhsa_jbzd_34_5200,"34.5200",True,"胸腔镜肺剥离","手术"
nhsa_jbzd_34_5200x001,"34.5200x001",True,"胸腔镜下胸膜剥脱术","手术"
nhsa_jbzd_34_5900,"34.5900",True,"胸膜其他切除术","手术"
nhsa_jbzd_34_5900x001,"34.5900x001",True,"胸腔镜下胸膜部分切除术","手术"
nhsa_jbzd_34_5901,"34.5901",True,"胸膜部分切除术","手术"
nhsa_jbzd_34_5902,"34.5902",True,"胸膜病损切除术","手术"
nhsa_jbzd_34_5903,"34.5903",True,"胸膜切除术","手术"
nhsa_jbzd_34_5904,"34.5904",True,"胸腔镜下胸膜病损切除术","手术"
nhsa_jbzd_34_6x00,"34.6x00",True,"胸膜划痕术","手术"
nhsa_jbzd_34_6x01,"34.6x01",True,"胸膜硬化术","手术"
nhsa_jbzd_34_6x02,"34.6x02",True,"胸腔镜下胸膜划痕术","手术"
nhsa_jbzd_34_7100,"34.7100",True,"胸壁裂伤缝合术","手术"
nhsa_jbzd_34_7101,"34.7101",True,"胸壁清创缝合术","手术"
nhsa_jbzd_34_7200,"34.7200",True,"胸廓造口闭合术","手术"
nhsa_jbzd_34_7300,"34.7300",True,"胸其他瘘管闭合术","手术"
nhsa_jbzd_34_7300x001,"34.7300x001",True,"食管-胸膜瘘闭合术","手术"
nhsa_jbzd_34_7300x002,"34.7300x002",True,"胸腔镜下支气管胸膜瘘闭合术","手术"
nhsa_jbzd_34_7301,"34.7301",True,"支气管胸膜瘘闭合术","手术"
nhsa_jbzd_34_7302,"34.7302",True,"胸壁瘘管闭合术","手术"
nhsa_jbzd_34_7303,"34.7303",True,"支气管镜下支气管胸膜瘘修补术","手术"
nhsa_jbzd_34_7400,"34.7400",True,"胸变形修补术","手术"
nhsa_jbzd_34_7400x001,"34.7400x001",True,"鸡胸矫正术","手术"
nhsa_jbzd_34_7400x005,"34.7400x005",True,"胸廓畸形矫正术","手术"
nhsa_jbzd_34_7400x007,"34.7400x007",True,"鸡胸反NUSS手术","手术"
nhsa_jbzd_34_7400x008,"34.7400x008",True,"漏斗胸NUSS手术","手术"
nhsa_jbzd_34_7400x009,"34.7400x009",True,"胸腔镜下鸡胸反NUSS手术","手术"
nhsa_jbzd_34_7400x010,"34.7400x010",True,"胸腔镜下漏斗胸NUSS手术","手术"
nhsa_jbzd_34_7400x011,"34.7400x011",True,"漏斗胸Wang手术","手术"
nhsa_jbzd_34_7401,"34.7401",True,"漏斗胸畸形矫正术","手术"
nhsa_jbzd_34_7402,"34.7402",True,"胸腔镜下漏斗胸矫正术","手术"
nhsa_jbzd_34_7403,"34.7403",True,"胸腔镜下胸廓畸形矫正术","手术"
nhsa_jbzd_34_7900,"34.7900",True,"胸壁其他修补术","手术"
nhsa_jbzd_34_7900x001,"34.7900x001",True,"胸壁修补术","手术"
nhsa_jbzd_34_7900x002,"34.7900x002",True,"关胸术","手术"
nhsa_jbzd_34_7900x003,"34.7900x003",True,"胸壁缺损修补术(人工材料)","手术"
nhsa_jbzd_34_7900x004,"34.7900x004",True,"胸壁缺损修补术(自体材料)","手术"
nhsa_jbzd_34_8100,"34.8100",True,"横膈病损或横膈组织切除术","手术"
nhsa_jbzd_34_8100x001,"34.8100x001",True,"胸腔镜下横膈病损切除术","手术"
nhsa_jbzd_34_8100x002,"34.8100x002",True,"腹腔镜下横膈病损切除术","手术"
nhsa_jbzd_34_8101,"34.8101",True,"横膈病损切除术","手术"
nhsa_jbzd_34_8102,"34.8102",True,"横膈部分切除术","手术"
nhsa_jbzd_34_8200,"34.8200",True,"横膈裂伤缝合术","手术"
nhsa_jbzd_34_8200x002,"34.8200x002",True,"膈肌缝合术","手术"
nhsa_jbzd_34_8300,"34.8300",True,"横膈瘘闭合术","手术"
nhsa_jbzd_34_8301,"34.8301",True,"胸腹瘘管切除术","手术"
nhsa_jbzd_34_8302,"34.8302",True,"胸胃瘘管切除术","手术"
nhsa_jbzd_34_8303,"34.8303",True,"胸肠瘘管切除术","手术"
nhsa_jbzd_34_8400,"34.8400",True,"横膈其他修补术","手术"
nhsa_jbzd_34_8400x003,"34.8400x003",True,"膈肌修补术","手术"
nhsa_jbzd_34_8500,"34.8500",True,"横膈起搏器置入","手术"
nhsa_jbzd_34_8900,"34.8900",True,"横膈其他手术","手术"
nhsa_jbzd_34_8900x002,"34.8900x002",True,"膈肌脓肿引流术","手术"
nhsa_jbzd_34_8900x003,"34.8900x003",True,"膈肌切开术","手术"
nhsa_jbzd_34_8900x004,"34.8900x004",True,"膈上升术","手术"
nhsa_jbzd_34_9100,"34.9100",True,"胸腔穿刺术","治疗性操作"
nhsa_jbzd_34_9100x001,"34.9100x001",True,"经皮胸膜病损穿刺定位术","治疗性操作"
nhsa_jbzd_34_9101,"34.9101",True,"胸腔穿刺抽液术","治疗性操作"
nhsa_jbzd_34_9102,"34.9102",True,"胸腔穿刺抽气术","治疗性操作"
nhsa_jbzd_34_9103,"34.9103",True,"超声引导下胸腔穿刺术","治疗性操作"
nhsa_jbzd_34_9104,"34.9104",True,"CT引导下胸腔穿刺术","治疗性操作"
nhsa_jbzd_34_9200,"34.9200",True,"胸腔内注射","治疗性操作"
nhsa_jbzd_34_9201,"34.9201",True,"化学胸膜固定术","治疗性操作"
nhsa_jbzd_34_9202,"34.9202",True,"胸膜腔药物注射治疗","治疗性操作"
nhsa_jbzd_34_9203,"34.9203",True,"胸腔镜下化学胸膜固定术","手术"
nhsa_jbzd_34_9300,"34.9300",True,"胸膜修补术","手术"
nhsa_jbzd_34_9301,"34.9301",True,"带蒂大网膜胸腔移植术","手术"
nhsa_jbzd_34_9302,"34.9302",True,"胸腔镜下胸膜修补术","手术"
nhsa_jbzd_34_9900,"34.9900",True,"胸其他手术","手术"
nhsa_jbzd_34_9901,"34.9901",True,"胸腔粘连松解术","手术"
nhsa_jbzd_34_9902,"34.9902",True,"胸膜固定术","手术"
nhsa_jbzd_34_9903,"34.9903",True,"纵隔松解术","手术"
nhsa_jbzd_34_9904,"34.9904",True,"胸腔镜下胸腔粘连松解术","手术"
nhsa_jbzd_34_9905,"34.9905",True,"胸腔镜下胸膜固定术","手术"
nhsa_jbzd_35_0000,"35.0000",True,"闭合性心脏瓣膜切开术","手术"
nhsa_jbzd_35_0100,"35.0100",True,"闭合性心脏瓣膜切开术，主动脉瓣","手术"
nhsa_jbzd_35_0100x002,"35.0100x002",True,"经皮主动脉瓣探查术","手术"
nhsa_jbzd_35_0101,"35.0101",True,"主动脉瓣闭式扩张术","手术"
nhsa_jbzd_35_0200,"35.0200",True,"闭合性心脏瓣膜切开术，二尖瓣","手术"
nhsa_jbzd_35_0200x003,"35.0200x003",True,"经皮二尖瓣探查术","手术"
nhsa_jbzd_35_0201,"35.0201",True,"二尖瓣闭式扩张术","手术"
nhsa_jbzd_35_0300,"35.0300",True,"闭合性心脏瓣膜切开术，肺动脉瓣","手术"
nhsa_jbzd_35_0300x002,"35.0300x002",True,"经皮肺动脉瓣探查术","手术"
nhsa_jbzd_35_0301,"35.0301",True,"肺动脉瓣闭式扩张术","手术"
nhsa_jbzd_35_0400,"35.0400",True,"闭合性心脏瓣膜切开术，三尖瓣","手术"
nhsa_jbzd_35_0400x001,"35.0400x001",True,"经皮三尖瓣探查术","手术"
nhsa_jbzd_35_0401,"35.0401",True,"三尖瓣闭式扩张术","手术"
nhsa_jbzd_35_0500,"35.0500",True,"血管内主动脉瓣置换","手术"
nhsa_jbzd_35_0501,"35.0501",True,"经导管主动脉瓣植入术","手术"
nhsa_jbzd_35_0502,"35.0502",True,"经导管主动脉瓣置换术","手术"
nhsa_jbzd_35_0600,"35.0600",True,"经心尖主动脉瓣置换","手术"
nhsa_jbzd_35_0600x001,"35.0600x001",True,"经胸主动脉瓣支架置入术","手术"
nhsa_jbzd_35_0600x002,"35.0600x002",True,"经心尖主动脉瓣生物瓣膜置换术","手术"
nhsa_jbzd_35_0700,"35.0700",True,"血管内肺动脉瓣置换","手术"
nhsa_jbzd_35_0701,"35.0701",True,"经导管肺动脉瓣植入术","手术"
nhsa_jbzd_35_0800,"35.0800",True,"经心尖肺动脉瓣置换","手术"
nhsa_jbzd_35_0800x001,"35.0800x001",True,"经胸肺动脉瓣支架置入术","手术"
nhsa_jbzd_35_0800x002,"35.0800x002",True,"经心尖肺动脉瓣生物瓣膜植入术","手术"
nhsa_jbzd_35_0801,"35.0801",True,"胸腔镜下肺动脉瓣生物瓣膜置换术","手术"
nhsa_jbzd_35_0802,"35.0802",True,"胸腔镜下肺动脉瓣机械瓣膜置换术","手术"
nhsa_jbzd_35_0900,"35.0900",True,"心脏瓣膜的血管内置换","手术"
nhsa_jbzd_35_1000,"35.1000",True,"无置换的开放性心脏瓣膜成形术","手术"
nhsa_jbzd_35_1100,"35.1100",True,"无置换的开放性主动脉瓣成形术","手术"
nhsa_jbzd_35_1100x003,"35.1100x003",True,"主动脉瓣修补术","手术"
nhsa_jbzd_35_1100x004,"35.1100x004",True,"主动脉瓣切开探查术","手术"
nhsa_jbzd_35_1100x005,"35.1100x005",True,"胸腔镜下主动脉瓣成形术","手术"
nhsa_jbzd_35_1101,"35.1101",True,"主动脉瓣成形术","手术"
nhsa_jbzd_35_1200,"35.1200",True,"无置换的开放性二尖瓣成形术","手术"
nhsa_jbzd_35_1200x001,"35.1200x001",True,"二尖瓣修补术","手术"
nhsa_jbzd_35_1200x002,"35.1200x002",True,"二尖瓣切开扩张术","手术"
nhsa_jbzd_35_1200x003,"35.1200x003",True,"二尖瓣切开探查术","手术"
nhsa_jbzd_35_1200x004,"35.1200x004",True,"经心尖二尖瓣人工腱索置入修补术","手术"
nhsa_jbzd_35_1201,"35.1201",True,"二尖瓣成形术","手术"
nhsa_jbzd_35_1202,"35.1202",True,"胸腔镜下二尖瓣成形术","手术"
nhsa_jbzd_35_1300,"35.1300",True,"无置换的开放性肺动脉瓣成形术","手术"
nhsa_jbzd_35_1300x002,"35.1300x002",True,"肺动脉瓣切开扩张术","手术"
nhsa_jbzd_35_1300x004,"35.1300x004",True,"肺动脉瓣修补术","手术"
nhsa_jbzd_35_1300x005,"35.1300x005",True,"胸腔镜下肺动脉瓣成形术","手术"
nhsa_jbzd_35_1301,"35.1301",True,"肺动脉瓣成形术","手术"
nhsa_jbzd_35_1400,"35.1400",True,"无置换的开放性三尖瓣成形术","手术"
nhsa_jbzd_35_1400x001,"35.1400x001",True,"三尖瓣修补术","手术"
nhsa_jbzd_35_1400x002,"35.1400x002",True,"三尖瓣下移矫治术[Ebstein畸形]","手术"
nhsa_jbzd_35_1400x003,"35.1400x003",True,"三尖瓣切开扩张术","手术"
nhsa_jbzd_35_1400x006,"35.1400x006",True,"三尖瓣环缩术","手术"
nhsa_jbzd_35_1401,"35.1401",True,"三尖瓣成形术","手术"
nhsa_jbzd_35_1402,"35.1402",True,"胸腔镜下三尖瓣成形术","手术"
nhsa_jbzd_35_2000,"35.2000",True,"心脏瓣膜切开和其他置换术","手术"
nhsa_jbzd_35_2000x001,"35.2000x001",True,"共同动脉干瓣膜修补术","手术"
nhsa_jbzd_35_2000x002,"35.2000x002",True,"三尖瓣切开探查术","手术"
nhsa_jbzd_35_2000x003,"35.2000x003",True,"肺动脉瓣切开探查术","手术"
nhsa_jbzd_35_2100,"35.2100",True,"主动脉瓣切开和其他置换伴有组织移植物","手术"
nhsa_jbzd_35_2100x002,"35.2100x002",True,"自体肺动脉移植术[Ross手术]","手术"
nhsa_jbzd_35_2100x003,"35.2100x003",True,"主动脉瓣生物瓣膜置换伴升主动脉置换术[Wheat's手术]","手术"
nhsa_jbzd_35_2100x004,"35.2100x004",True,"主动脉根部扩大伴主动脉瓣生物瓣膜置换术","手术"
nhsa_jbzd_35_2100x005,"35.2100x005",True,"胸腔镜下主动脉瓣生物瓣膜置换术","手术"
nhsa_jbzd_35_2101,"35.2101",True,"主动脉瓣生物瓣膜置换术","手术"
nhsa_jbzd_35_2200,"35.2200",True,"主动脉瓣切开和其他置换术","手术"
nhsa_jbzd_35_2200x002,"35.2200x002",True,"主动脉根部扩大伴主动脉瓣机械瓣膜置换术","手术"
nhsa_jbzd_35_2200x003,"35.2200x003",True,"主动脉瓣机械瓣膜置换伴升主动脉置换术[Wheat's手术]","手术"
nhsa_jbzd_35_2200x004,"35.2200x004",True,"胸腔镜下主动脉瓣机械瓣膜置换术","手术"
nhsa_jbzd_35_2201,"35.2201",True,"主动脉瓣机械瓣膜置换术","手术"
nhsa_jbzd_35_2300,"35.2300",True,"二尖瓣切开和其他置换术伴有组织移植物","手术"
nhsa_jbzd_35_2300x002,"35.2300x002",True,"二尖瓣生物瓣膜置换术(保留瓣下结构)","手术"
nhsa_jbzd_35_2300x003,"35.2300x003",True,"经心尖二尖瓣生物瓣膜植入术","手术"
nhsa_jbzd_35_2301,"35.2301",True,"二尖瓣生物瓣膜置换术","手术"
nhsa_jbzd_35_2302,"35.2302",True,"胸腔镜下二尖瓣生物瓣置换术","手术"
nhsa_jbzd_35_2400,"35.2400",True,"二尖瓣切开和其他置换术","手术"
nhsa_jbzd_35_2400x002,"35.2400x002",True,"二尖瓣机械瓣膜置换术(保留瓣下结构)","手术"
nhsa_jbzd_35_2400x003,"35.2400x003",True,"共同房室瓣机械瓣置换术","手术"
nhsa_jbzd_35_2401,"35.2401",True,"二尖瓣机械瓣膜置换术","手术"
nhsa_jbzd_35_2402,"35.2402",True,"胸腔镜下二尖瓣机械瓣膜置换术","手术"
nhsa_jbzd_35_2500,"35.2500",True,"肺动脉瓣切开和其他置换术伴有组织移植物","手术"
nhsa_jbzd_35_2501,"35.2501",True,"肺动脉瓣生物瓣膜置换术","手术"
nhsa_jbzd_35_2600,"35.2600",True,"肺动脉瓣切开和其他置换术","手术"
nhsa_jbzd_35_2601,"35.2601",True,"肺动脉瓣机械瓣膜置换术","手术"
nhsa_jbzd_35_2700,"35.2700",True,"三尖瓣切开和其他置换术伴有组织移植物","手术"
nhsa_jbzd_35_2701,"35.2701",True,"三尖瓣生物瓣膜置换术","手术"
nhsa_jbzd_35_2702,"35.2702",True,"胸腔镜下三尖瓣生物瓣膜置换术","手术"
nhsa_jbzd_35_2800,"35.2800",True,"三尖瓣切开和其他置换术","手术"
nhsa_jbzd_35_2801,"35.2801",True,"三尖瓣机械瓣膜置换术","手术"
nhsa_jbzd_35_2802,"35.2802",True,"胸腔镜下三尖瓣机械瓣膜置换术","手术"
nhsa_jbzd_35_3100,"35.3100",True,"乳头肌手术","手术"
nhsa_jbzd_35_3100x001,"35.3100x001",True,"心脏乳头肌切开术","手术"
nhsa_jbzd_35_3101,"35.3101",True,"心脏乳头肌修补术","手术"
nhsa_jbzd_35_3200,"35.3200",True,"腱索手术","手术"
nhsa_jbzd_35_3200x003,"35.3200x003",True,"腱索移植术","手术"
nhsa_jbzd_35_3200x004,"35.3200x004",True,"腱索转移术","手术"
nhsa_jbzd_35_3201,"35.3201",True,"腱索修补术","手术"
nhsa_jbzd_35_3202,"35.3202",True,"腱索切断术","手术"
nhsa_jbzd_35_3300,"35.3300",True,"瓣环成形术","手术"
nhsa_jbzd_35_3300x001,"35.3300x001",True,"二尖瓣瓣环成形术","手术"
nhsa_jbzd_35_3300x002,"35.3300x002",True,"三尖瓣瓣环成形术","手术"
nhsa_jbzd_35_3300x003,"35.3300x003",True,"三尖瓣瓣环折叠术","手术"
nhsa_jbzd_35_3300x004,"35.3300x004",True,"主动脉瓣瓣环成形术","手术"
nhsa_jbzd_35_3400,"35.3400",True,"动脉圆锥切除术","手术"
nhsa_jbzd_35_3400x001,"35.3400x001",True,"右心室动脉圆锥切除术","手术"
nhsa_jbzd_35_3400x003,"35.3400x003",True,"右室流出道疏通术","手术"
nhsa_jbzd_35_3400x004,"35.3400x004",True,"左室流出道疏通术","手术"
nhsa_jbzd_35_3400x005,"35.3400x005",True,"跨肺动脉瓣右室流出道肺动脉补片修补术","手术"
nhsa_jbzd_35_3400x006,"35.3400x006",True,"右室漏斗部病损切除术","手术"
nhsa_jbzd_35_3400x007,"35.3400x007",True,"右室流出道修补术","手术"
nhsa_jbzd_35_3400x008,"35.3400x008",True,"左室流出道修补术","手术"
nhsa_jbzd_35_3500,"35.3500",True,"心肉柱手术","手术"
nhsa_jbzd_35_3500x002,"35.3500x002",True,"主动脉瓣下狭窄切开术","手术"
nhsa_jbzd_35_3500x003,"35.3500x003",True,"二尖瓣下环切除术","手术"
nhsa_jbzd_35_3500x004,"35.3500x004",True,"二尖瓣上环切除术","手术"
nhsa_jbzd_35_3500x005,"35.3500x005",True,"肺动脉瓣上环切除术","手术"
nhsa_jbzd_35_3500x006,"35.3500x006",True,"主动脉瓣上环切除术","手术"
nhsa_jbzd_35_3500x007,"35.3500x007",True,"主动脉瓣下膈膜切除术","手术"
nhsa_jbzd_35_3500x008,"35.3500x008",True,"主动脉瓣下狭窄切除术","手术"
nhsa_jbzd_35_3500x009,"35.3500x009",True,"主动脉瓣瓣上狭窄矫治术","手术"
nhsa_jbzd_35_3500x011,"35.3500x011",True,"改良Konno手术","手术"
nhsa_jbzd_35_3500x012,"35.3500x012",True,"二尖瓣瓣上隔膜切除术","手术"
nhsa_jbzd_35_3501,"35.3501",True,"主动脉瓣膜下环切除术","手术"
nhsa_jbzd_35_3900,"35.3900",True,"心脏瓣膜其他邻近结构的手术","手术"
nhsa_jbzd_35_3900x002,"35.3900x002",True,"经皮主动脉窦瘤封堵术","介入治疗"
nhsa_jbzd_35_3901,"35.3901",True,"主动脉窦修补术","手术"
nhsa_jbzd_35_4100,"35.4100",True,"已存在的房间隔缺损扩大术","手术"
nhsa_jbzd_35_4100x001,"35.4100x001",True,"房间隔缺损扩大术","手术"
nhsa_jbzd_35_4100x002,"35.4100x002",True,"卵圆孔缺损扩大术","手术"
nhsa_jbzd_35_4100x003,"35.4100x003",True,"房间隔造口术","手术"
nhsa_jbzd_35_4200,"35.4200",True,"建造心脏间隔缺损","手术"
nhsa_jbzd_35_4200x002,"35.4200x002",True,"房间隔开窗术","手术"
nhsa_jbzd_35_4200x003,"35.4200x003",True,"经皮房间隔造口术","介入治疗"
nhsa_jbzd_35_4200x005,"35.4200x005",True,"室间隔开窗术","手术"
nhsa_jbzd_35_4200x006,"35.4200x006",True,"室间隔缺损扩大术","手术"
nhsa_jbzd_35_4200x007,"35.4200x007",True,"卵圆孔开窗术","手术"
nhsa_jbzd_35_4200x008,"35.4200x008",True,"房间隔穿刺术","手术"
nhsa_jbzd_35_4200x009,"35.4200x009",True,"经皮室间隔完整的肺动脉闭锁射频打孔及球囊扩张成形术","手术"
nhsa_jbzd_35_4201,"35.4201",True,"布莱洛克-汉隆手术","手术"
nhsa_jbzd_35_5000,"35.5000",True,"心脏间隔缺损的假体修补术","手术"
nhsa_jbzd_35_5100,"35.5100",True,"心房间隔缺损的假体修补术，切开法","手术"
nhsa_jbzd_35_5100x001,"35.5100x001",True,"房间隔缺损人造补片修补术","手术"
nhsa_jbzd_35_5100x002,"35.5100x002",True,"经胸房间隔缺损闭式封堵术","手术"
nhsa_jbzd_35_5100x003,"35.5100x003",True,"卵圆孔未闭人造补片修补术","手术"
nhsa_jbzd_35_5100x004,"35.5100x004",True,"胸腔镜下房间隔缺损人造补片修补术","手术"
nhsa_jbzd_35_5100x005,"35.5100x005",True,"经胸卵圆孔未闭闭式封堵术","介入治疗"
nhsa_jbzd_35_5101,"35.5101",True,"卵圆孔未闭假体修补术","手术"
nhsa_jbzd_35_5200,"35.5200",True,"心房间隔缺损假体修补术，闭合法","手术"
nhsa_jbzd_35_5200x001,"35.5200x001",True,"经皮房间隔缺损封堵术","介入治疗"
nhsa_jbzd_35_5200x002,"35.5200x002",True,"经皮卵圆孔未闭封堵术","介入治疗"
nhsa_jbzd_35_5201,"35.5201",True,"房间隔缺损闭式封堵术","介入治疗"
nhsa_jbzd_35_5300,"35.5300",True,"心室间隔缺损假体修补术，切开法","手术"
nhsa_jbzd_35_5300x001,"35.5300x001",True,"室间隔缺损人造补片修补术","手术"
nhsa_jbzd_35_5300x003,"35.5300x003",True,"经胸室间隔缺损闭式封堵术","手术"
nhsa_jbzd_35_5300x004,"35.5300x004",True,"经胸室间隔缺损人造补片修补术","手术"
nhsa_jbzd_35_5301,"35.5301",True,"室间隔缺损假体修补术","手术"
nhsa_jbzd_35_5400,"35.5400",True,"心内膜垫缺损假体修补术","手术"
nhsa_jbzd_35_5400x003,"35.5400x003",True,"心内膜垫缺损人造补片矫治术","手术"
nhsa_jbzd_35_5400x004,"35.5400x004",True,"部分型心内膜垫缺损人造补片矫治术","手术"
nhsa_jbzd_35_5400x005,"35.5400x005",True,"房室通道人造补片修补术","手术"
nhsa_jbzd_35_5400x006,"35.5400x006",True,"完全型心内膜垫缺损人造补片矫治术","手术"
nhsa_jbzd_35_5500,"35.5500",True,"假体心室间隔修补术，闭合法","手术"
nhsa_jbzd_35_5500x001,"35.5500x001",True,"经皮室间隔缺损封堵术","介入治疗"
nhsa_jbzd_35_6000,"35.6000",True,"心脏间隔缺损修补术，用组织移植物","手术"
nhsa_jbzd_35_6100,"35.6100",True,"用组织移植物的心房间隔缺损修补术","手术"
nhsa_jbzd_35_6100x001,"35.6100x001",True,"胸腔镜下房间隔缺损组织补片修补术","手术"
nhsa_jbzd_35_6101,"35.6101",True,"房间隔缺损组织补片修补术","手术"
nhsa_jbzd_35_6102,"35.6102",True,"卵圆孔未闭组织补片修补术","手术"
nhsa_jbzd_35_6200,"35.6200",True,"用组织移植物的心室间隔缺损修补术","手术"
nhsa_jbzd_35_6201,"35.6201",True,"室间隔缺损组织补片修补术","手术"
nhsa_jbzd_35_6300,"35.6300",True,"用组织移植物的心内膜垫缺损修补术","手术"
nhsa_jbzd_35_6300x002,"35.6300x002",True,"心内膜垫缺损组织补片矫治术","手术"
nhsa_jbzd_35_6300x003,"35.6300x003",True,"部分型心内膜垫缺损组织补片矫治术","手术"
nhsa_jbzd_35_6300x004,"35.6300x004",True,"完全型心内膜垫缺损组织补片矫治术","手术"
nhsa_jbzd_35_6300x005,"35.6300x005",True,"移行型心内膜垫缺损组织补片矫治术","手术"
nhsa_jbzd_35_7000,"35.7000",True,"心脏间隔缺损的其他和未特指的修补术","手术"
nhsa_jbzd_35_7100,"35.7100",True,"心房间隔缺损的其他和未特指的修补术","手术"
nhsa_jbzd_35_7100x002,"35.7100x002",True,"卵圆孔未闭修补术","手术"
nhsa_jbzd_35_7100x003,"35.7100x003",True,"房间隔部分闭合术","手术"
nhsa_jbzd_35_7100x004,"35.7100x004",True,"房间隔开窗闭合术","手术"
nhsa_jbzd_35_7100x005,"35.7100x005",True,"房间隔膨出瘤修补术","手术"
nhsa_jbzd_35_7100x007,"35.7100x007",True,"人工房间隔再造术","手术"
nhsa_jbzd_35_7100x008,"35.7100x008",True,"单心房矫治术","手术"
nhsa_jbzd_35_7100x009,"35.7100x009",True,"房间隔缺损修补术","手术"
nhsa_jbzd_35_7100x010,"35.7100x010",True,"胸腔镜下卵圆孔未闭修补术","手术"
nhsa_jbzd_35_7101,"35.7101",True,"胸腔镜下房间隔缺损修补术","手术"
nhsa_jbzd_35_7200,"35.7200",True,"心室间隔缺损的其他和未特指的修补术","手术"
nhsa_jbzd_35_7200x001,"35.7200x001",True,"室间隔缺损修补术","手术"
nhsa_jbzd_35_7200x002,"35.7200x002",True,"多发室间隔缺损修补术","手术"
nhsa_jbzd_35_7200x003,"35.7200x003",True,"经胸室间隔缺损修补术","手术"
nhsa_jbzd_35_7201,"35.7201",True,"胸腔镜下室间隔缺损修补术","手术"
nhsa_jbzd_35_7300,"35.7300",True,"心内膜垫缺损的其他和未特指的修补术","手术"
nhsa_jbzd_35_7300x002,"35.7300x002",True,"心内膜垫缺损矫治术","手术"
nhsa_jbzd_35_7300x003,"35.7300x003",True,"右房右室异常通道修补术","手术"
nhsa_jbzd_35_7300x004,"35.7300x004",True,"部分型心内膜垫缺损矫治术","手术"
nhsa_jbzd_35_7300x005,"35.7300x005",True,"房室通道修补术","手术"
nhsa_jbzd_35_7300x006,"35.7300x006",True,"完全型心内膜垫缺损矫治术","手术"
nhsa_jbzd_35_7300x007,"35.7300x007",True,"移行型心内膜垫缺损矫治术","手术"
nhsa_jbzd_35_7301,"35.7301",True,"胸腔镜下心内膜垫缺损修补术","手术"
nhsa_jbzd_35_8100,"35.8100",True,"法洛四联症全部修补术","手术"
nhsa_jbzd_35_8100x001,"35.8100x001",True,"法乐氏四联症根治术","手术"
nhsa_jbzd_35_8100x002,"35.8100x002",True,"法乐氏三联症根治术","手术"
nhsa_jbzd_35_8100x003,"35.8100x003",True,"法乐氏三联症矫治术","手术"
nhsa_jbzd_35_8100x004,"35.8100x004",True,"法乐氏五联症根治术","手术"
nhsa_jbzd_35_8100x005,"35.8100x005",True,"右室流出道补片修补术","手术"
nhsa_jbzd_35_8100x006,"35.8100x006",True,"左室流出道补片修补术","手术"
nhsa_jbzd_35_8200,"35.8200",True,"全部异常肺静脉连接的修补术","手术"
nhsa_jbzd_35_8200x006,"35.8200x006",True,"部分型肺静脉畸形引流矫治术","手术"
nhsa_jbzd_35_8200x008,"35.8200x008",True,"胸腔镜下肺静脉畸形引流矫治术","手术"
nhsa_jbzd_35_8200x009,"35.8200x009",True,"左心房-肺静脉干吻合术","手术"
nhsa_jbzd_35_8200x010,"35.8200x010",True,"部分型肺静脉畸形引流心内直视修复术","手术"
nhsa_jbzd_35_8200x011,"35.8200x011",True,"混合型肺静脉畸形引流心内直视修复术","手术"
nhsa_jbzd_35_8200x012,"35.8200x012",True,"完全型肺静脉畸形引流心内直视修复术","手术"
nhsa_jbzd_35_8200x013,"35.8200x013",True,"改良warden手术","手术"
nhsa_jbzd_35_8201,"35.8201",True,"完全肺静脉异位引流矫正术","手术"
nhsa_jbzd_35_8300,"35.8300",True,"动脉干全部修补术","手术"
nhsa_jbzd_35_8300x004,"35.8300x004",True,"肺动脉干全部矫正术","手术"
nhsa_jbzd_35_8300x005,"35.8300x005",True,"永存动脉干修补术","手术"
nhsa_jbzd_35_8300x006,"35.8300x006",True,"经皮主动脉肺动脉窗封堵术","介入治疗"
nhsa_jbzd_35_8301,"35.8301",True,"肺动脉干全部修补术","手术"
nhsa_jbzd_35_8302,"35.8302",True,"肺动脉干全部矫正术伴室间隔缺损假体修补术","手术"
nhsa_jbzd_35_8303,"35.8303",True,"肺动脉干全部修补术伴右室代替肺动脉供血建造术","手术"
nhsa_jbzd_35_8304,"35.8304",True,"主动脉-肺动脉间隔缺损修补术","手术"
nhsa_jbzd_35_8305,"35.8305",True,"肺动脉干加宽术","手术"
nhsa_jbzd_35_8307,"35.8307",True,"完全动脉干矫正术","手术"
nhsa_jbzd_35_8308,"35.8308",True,"完全动脉干矫正伴室间隔缺损假体置入术","手术"
nhsa_jbzd_35_8309,"35.8309",True,"共同动脉干矫正术","手术"
nhsa_jbzd_35_8400,"35.8400",True,"大血管移位的全部矫正术","手术"
nhsa_jbzd_35_8400x001,"35.8400x001",True,"大血管转位矫正术","手术"
nhsa_jbzd_35_8400x002,"35.8400x002",True,"Nikaidoh手术","手术"
nhsa_jbzd_35_8400x003,"35.8400x003",True,"双动脉根部调转术","手术"
nhsa_jbzd_35_9100,"35.9100",True,"心房内静脉回流转位术","手术"
nhsa_jbzd_35_9101,"35.9101",True,"马斯塔德手术","手术"
nhsa_jbzd_35_9102,"35.9102",True,"心房内调转术","手术"
nhsa_jbzd_35_9200,"35.9200",True,"建立右心室和肺动脉通道","手术"
nhsa_jbzd_35_9200x001,"35.9200x001",True,"右心室-肺动脉分流术[Rastelli手术]","手术"
nhsa_jbzd_35_9200x004,"35.9200x004",True,"单源化手术","手术"
nhsa_jbzd_35_9200x005,"35.9200x005",True,"右室双出口矫治术","手术"
nhsa_jbzd_35_9201,"35.9201",True,"拉斯特里氏手术","手术"
nhsa_jbzd_35_9202,"35.9202",True,"REV手术","手术"
nhsa_jbzd_35_9300,"35.9300",True,"建立左心室和主动脉间通道","手术"
nhsa_jbzd_35_9300x002,"35.9300x002",True,"心室内隧道修补术","手术"
nhsa_jbzd_35_9300x003,"35.9300x003",True,"左心室-主动脉隧道修补术","手术"
nhsa_jbzd_35_9300x004,"35.9300x004",True,"一个半心室矫治术","手术"
nhsa_jbzd_35_9300x005,"35.9300x005",True,"Damus-Kaye-Stansel手术","手术"
nhsa_jbzd_35_9301,"35.9301",True,"左心室双出口直视修复术","手术"
nhsa_jbzd_35_9302,"35.9302",True,"左心室尖-主动脉分流术","手术"
nhsa_jbzd_35_9400,"35.9400",True,"建立心房和肺动脉间通道","手术"
nhsa_jbzd_35_9400x003,"35.9400x003",True,"右心耳-肺动脉不带瓣管道吻合术","手术"
nhsa_jbzd_35_9400x004,"35.9400x004",True,"右心耳-肺动脉带瓣管道吻合术","手术"
nhsa_jbzd_35_9400x005,"35.9400x005",True,"右心耳-肺动脉直接吻合术","手术"
nhsa_jbzd_35_9400x006,"35.9400x006",True,"半方坦手术[半Fontan手术]","手术"
nhsa_jbzd_35_9401,"35.9401",True,"方坦手术","手术"
nhsa_jbzd_35_9402,"35.9402",True,"改良方坦手术","手术"
nhsa_jbzd_35_9500,"35.9500",True,"心脏矫正性操作的修复术","手术"
nhsa_jbzd_35_9500x001,"35.9500x001",True,"人造心脏瓣膜重新缝合术","手术"
nhsa_jbzd_35_9500x002,"35.9500x002",True,"室间隔术后修复术","手术"
nhsa_jbzd_35_9500x003,"35.9500x003",True,"主动脉瓣瓣周漏修补术","手术"
nhsa_jbzd_35_9500x004,"35.9500x004",True,"二尖瓣瓣周漏修补术","手术"
nhsa_jbzd_35_9500x005,"35.9500x005",True,"三尖瓣瓣周漏修补术","手术"
nhsa_jbzd_35_9500x006,"35.9500x006",True,"经皮肺动脉瓣瓣周漏修补术","介入治疗"
nhsa_jbzd_35_9500x007,"35.9500x007",True,"房间隔术后修复术","手术"
nhsa_jbzd_35_9500x008,"35.9500x008",True,"改良方坦术后修复术","手术"
nhsa_jbzd_35_9500x009,"35.9500x009",True,"经皮主动脉瓣瓣周漏封堵术","介入治疗"
nhsa_jbzd_35_9500x010,"35.9500x010",True,"经皮二尖瓣瓣周漏封堵术","介入治疗"
nhsa_jbzd_35_9500x011,"35.9500x011",True,"经胸二尖瓣瓣周漏封堵术","介入治疗"
nhsa_jbzd_35_9500x012,"35.9500x012",True,"右心室-肺动脉外通道置换术","手术"
nhsa_jbzd_35_9501,"35.9501",True,"心脏间隔补片再缝合术","手术"
nhsa_jbzd_35_9502,"35.9502",True,"人工瓣膜瓣周漏修补术","手术"
nhsa_jbzd_35_9600,"35.9600",True,"经皮球囊瓣膜成形术","介入治疗"
nhsa_jbzd_35_9601,"35.9601",True,"经导管肺动脉瓣球囊扩张成形术","介入治疗"
nhsa_jbzd_35_9602,"35.9602",True,"经导管主动脉瓣球囊扩张成形术","介入治疗"
nhsa_jbzd_35_9603,"35.9603",True,"经导管三尖瓣球囊扩张成形术","介入治疗"
nhsa_jbzd_35_9604,"35.9604",True,"经导管二尖瓣球囊扩张成形术","介入治疗"
nhsa_jbzd_35_9700,"35.9700",True,"经皮二尖瓣修补伴植入","介入治疗"
nhsa_jbzd_35_9700x001,"35.9700x001",True,"经皮二尖瓣生物瓣置换术","介入治疗"
nhsa_jbzd_35_9700x002,"35.9700x002",True,"经皮二尖瓣机械瓣置换术","介入治疗"
nhsa_jbzd_35_9700x003,"35.9700x003",True,"经皮二尖瓣钳夹术(Mitra Clip)","介入治疗"
nhsa_jbzd_35_9700x004,"35.9700x004",True,"经心尖二尖瓣钳夹术","介入治疗"
nhsa_jbzd_35_9800,"35.9800",True,"心脏间隔的其他手术","手术"
nhsa_jbzd_35_9800x001,"35.9800x001",True,"房间隔缺损封堵器取出术","介入治疗"
nhsa_jbzd_35_9800x002,"35.9800x002",True,"室间隔缺损封堵器取出术","介入治疗"
nhsa_jbzd_35_9900,"35.9900",True,"心脏瓣膜的其他手术","手术"
nhsa_jbzd_35_9900x001,"35.9900x001",True,"三尖瓣瓣膜切除术(非瓣膜置换)","手术"
nhsa_jbzd_35_9900x002,"35.9900x002",True,"三尖瓣闭合术(单心室)","手术"
nhsa_jbzd_36_0300,"36.0300",True,"开胸冠状动脉血管成形术","手术"
nhsa_jbzd_36_0300x002,"36.0300x002",True,"冠状动脉内膜剥脱术","手术"
nhsa_jbzd_36_0300x003,"36.0300x003",True,"冠状动脉内膜剥脱术伴补片移植术","手术"
nhsa_jbzd_36_0300x006,"36.0300x006",True,"冠状动脉开口成形术","手术"
nhsa_jbzd_36_0301,"36.0301",True,"冠状动脉内膜切除术","手术"
nhsa_jbzd_36_0302,"36.0302",True,"冠状动脉内膜切除伴补片修补术","手术"
nhsa_jbzd_36_0303,"36.0303",True,"冠状动脉血栓切除术","手术"
nhsa_jbzd_36_0400,"36.0400",True,"冠状动脉内血栓溶解药输注","介入治疗"
nhsa_jbzd_36_0600,"36.0600",True,"非-药物洗脱冠状动脉支架置入","介入治疗"
nhsa_jbzd_36_0601,"36.0601",True,"冠状动脉药物涂层支架置入术","介入治疗"
nhsa_jbzd_36_0602,"36.0602",True,"冠状动脉裸支架置入术","介入治疗"
nhsa_jbzd_36_0700,"36.0700",True,"药物洗脱冠状动脉支架置入","介入治疗"
nhsa_jbzd_36_0700x004,"36.0700x004",True,"经皮冠状动脉覆膜支架置入术","介入治疗"
nhsa_jbzd_36_0701,"36.0701",True,"冠状动脉生物可吸收支架置入术","介入治疗"
nhsa_jbzd_36_0900,"36.0900",True,"冠状动脉梗阻的其他去除术","治疗性操作"
nhsa_jbzd_36_1000,"36.1000",True,"主动脉冠状动脉旁路移植，为心脏血管再形成术","手术"
nhsa_jbzd_36_1000x001,"36.1000x001",True,"主动脉-冠状动脉搭桥术","手术"
nhsa_jbzd_36_1000x002,"36.1000x002",True,"带蒂左冠状动脉移植术","手术"
nhsa_jbzd_36_1100,"36.1100",True,"一根冠状动脉的(主动脉)冠状动脉旁路移植","手术"
nhsa_jbzd_36_1200,"36.1200",True,"二根冠状动脉的(主动脉)冠状动脉旁路移植","手术"
nhsa_jbzd_36_1300,"36.1300",True,"三根冠状动脉的(主动脉)冠状动脉旁路移植","手术"
nhsa_jbzd_36_1400,"36.1400",True,"四根或以上冠状动脉的(主动脉)冠状动脉旁路移植","手术"
nhsa_jbzd_36_1500,"36.1500",True,"单乳房内动脉-冠状动脉旁路移植","手术"
nhsa_jbzd_36_1600,"36.1600",True,"双乳房内动脉-冠状动脉旁路移植","手术"
nhsa_jbzd_36_1700,"36.1700",True,"腹动脉-冠状动脉旁路移植","手术"
nhsa_jbzd_36_1700x001,"36.1700x001",True,"胃网膜动脉-冠状动脉搭桥术","手术"
nhsa_jbzd_36_1900,"36.1900",True,"其他搭桥吻合术，为心脏血管再形成术","手术"
nhsa_jbzd_36_1900x001,"36.1900x001",True,"左锁骨下动脉-左冠状动脉吻合术","手术"
nhsa_jbzd_36_1900x002,"36.1900x002",True,"颈总动脉-冠状动脉吻合术","手术"
nhsa_jbzd_36_2x00,"36.2x00",True,"动脉植入的心脏血管再形成术","手术"
nhsa_jbzd_36_3100,"36.3100",True,"开胸经心肌的血管再形成术","手术"
nhsa_jbzd_36_3100x001,"36.3100x001",True,"心肌激光打孔术","手术"
nhsa_jbzd_36_3200,"36.3200",True,"其他经心肌的血管再形成术","手术"
nhsa_jbzd_36_3300,"36.3300",True,"内镜下经心肌血管再形成术","治疗性操作"
nhsa_jbzd_36_3400,"36.3400",True,"经皮经心肌血管再形成术","介入治疗"
nhsa_jbzd_36_3900,"36.3900",True,"其他心脏血管再形成术","手术"
nhsa_jbzd_36_3900x001,"36.3900x001",True,"心脏网膜固定术","手术"
nhsa_jbzd_36_3901,"36.3901",True,"心肌细胞移植术","手术"
nhsa_jbzd_36_9100,"36.9100",True,"冠状血管动脉瘤修补术","手术"
nhsa_jbzd_36_9900,"36.9900",True,"心脏血管的其他手术","手术"
nhsa_jbzd_36_9900x002,"36.9900x002",True,"冠状动脉探查术","手术"
nhsa_jbzd_36_9900x005,"36.9900x005",True,"经皮冠状动脉-右房瘘封堵术","介入治疗"
nhsa_jbzd_36_9900x006,"36.9900x006",True,"冠状动脉成形术","手术"
nhsa_jbzd_36_9900x007,"36.9900x007",True,"冠状动脉窦成形术","手术"
nhsa_jbzd_36_9900x008,"36.9900x008",True,"冠状动脉畸形矫正术","手术"
nhsa_jbzd_36_9900x009,"36.9900x009",True,"冠状动静脉瘘结扎术","手术"
nhsa_jbzd_36_9900x010,"36.9900x010",True,"冠状动静脉瘘修补术","手术"
nhsa_jbzd_36_9900x011,"36.9900x011",True,"经皮冠状动脉瘘栓塞术","介入治疗"
nhsa_jbzd_36_9900x012,"36.9900x012",True,"经皮冠状动脉瘘封堵术","介入治疗"
nhsa_jbzd_36_9900x013,"36.9900x013",True,"冠状动脉修补术","手术"
nhsa_jbzd_36_9901,"36.9901",True,"冠状动脉肺动脉瘘封堵术","手术"
nhsa_jbzd_36_9902,"36.9902",True,"冠状动脉结扎术","手术"
nhsa_jbzd_36_9903,"36.9903",True,"冠状动脉瘘修补术","手术"
nhsa_jbzd_37_0x00,"37.0x00",True,"心包穿刺术","治疗性操作"
nhsa_jbzd_37_0x00x002,"37.0x00x002",True,"心包穿刺引流术","治疗性操作"
nhsa_jbzd_37_0x00x003,"37.0x00x003",True,"心脏穿刺异物去除术","治疗性操作"
nhsa_jbzd_37_0x01,"37.0x01",True,"超声引导下心包穿刺引流术","治疗性操作"
nhsa_jbzd_37_1000,"37.1000",True,"心脏切开术，未特指部位","手术"
nhsa_jbzd_37_1000x004,"37.1000x004",True,"心脏切开探查术","手术"
nhsa_jbzd_37_1000x007,"37.1000x007",True,"心肌松解术","手术"
nhsa_jbzd_37_1000x008,"37.1000x008",True,"心脏切开异物去除术","手术"
nhsa_jbzd_37_1100,"37.1100",True,"心脏切开术","手术"
nhsa_jbzd_37_1100x004,"37.1100x004",True,"心房血栓清除术","手术"
nhsa_jbzd_37_1100x005,"37.1100x005",True,"冠状动脉肌桥切断术","手术"
nhsa_jbzd_37_1100x006,"37.1100x006",True,"心内膜剥除术","手术"
nhsa_jbzd_37_1100x007,"37.1100x007",True,"冠状动脉肌桥松解术","手术"
nhsa_jbzd_37_1100x008,"37.1100x008",True,"心耳血栓清除术","手术"
nhsa_jbzd_37_1100x009,"37.1100x009",True,"心室血栓清除术","手术"
nhsa_jbzd_37_1101,"37.1101",True,"心肌切开术","手术"
nhsa_jbzd_37_1102,"37.1102",True,"心内膜切开术","手术"
nhsa_jbzd_37_1103,"37.1103",True,"心室切开术","手术"
nhsa_jbzd_37_1104,"37.1104",True,"心房切开术","手术"
nhsa_jbzd_37_1200,"37.1200",True,"心包切开术","手术"
nhsa_jbzd_37_1200x005,"37.1200x005",True,"心包切开探查术","手术"
nhsa_jbzd_37_1200x008,"37.1200x008",True,"胸腔镜下心包切开引流术","手术"
nhsa_jbzd_37_1200x009,"37.1200x009",True,"心包切开闭式引流术","手术"
nhsa_jbzd_37_1200x010,"37.1200x010",True,"心包血块清除术","手术"
nhsa_jbzd_37_1200x011,"37.1200x011",True,"胸腔镜下心包开窗术","手术"
nhsa_jbzd_37_1201,"37.1201",True,"心包粘连松解术","手术"
nhsa_jbzd_37_1202,"37.1202",True,"心包异物取出术","手术"
nhsa_jbzd_37_1203,"37.1203",True,"心包开窗术","手术"
nhsa_jbzd_37_1204,"37.1204",True,"心包切开引流术","手术"
nhsa_jbzd_37_2000,"37.2000",True,"非侵入性程序化电刺激(NIPS)","诊断性操作"
nhsa_jbzd_37_2100,"37.2100",True,"右心导管置入","诊断性操作"
nhsa_jbzd_37_2200,"37.2200",True,"左心导管置入","诊断性操作"
nhsa_jbzd_37_2300,"37.2300",True,"联合的右心和左心导管置入","诊断性操作"
nhsa_jbzd_37_2400,"37.2400",True,"心包活组织检查","诊断性操作"
nhsa_jbzd_37_2401,"37.2401",True,"胸腔镜下心包活组织检查","诊断性操作"
nhsa_jbzd_37_2500,"37.2500",True,"心脏活组织检查","诊断性操作"
nhsa_jbzd_37_2500x001,"37.2500x001",True,"经皮心肌活检","诊断性操作"
nhsa_jbzd_37_2501,"37.2501",True,"心肌活组织检查","诊断性操作"
nhsa_jbzd_37_2600,"37.2600",True,"侵入性电生理测定导管术","诊断性操作"
nhsa_jbzd_37_2600x001,"37.2600x001",True,"术中心脏电生理检查","诊断性操作"
nhsa_jbzd_37_2700,"37.2700",True,"心脏标测图","诊断性操作"
nhsa_jbzd_37_2800,"37.2800",True,"心内超声心动图","诊断性操作"
nhsa_jbzd_37_2900,"37.2900",True,"心脏和心包的其他诊断性操作","诊断性操作"
nhsa_jbzd_37_2901,"37.2901",True,"希氏束电图","诊断性操作"
nhsa_jbzd_37_3100,"37.3100",True,"心包切除术","手术"
nhsa_jbzd_37_3100x006,"37.3100x006",True,"心包减压术","手术"
nhsa_jbzd_37_3101,"37.3101",True,"心包剥脱术","手术"
nhsa_jbzd_37_3102,"37.3102",True,"心包部分切除术","手术"
nhsa_jbzd_37_3103,"37.3103",True,"心包病损切除术","手术"
nhsa_jbzd_37_3104,"37.3104",True,"胸腔镜下心包病损切除术","手术"
nhsa_jbzd_37_3200,"37.3200",True,"心脏动脉瘤切除术","手术"
nhsa_jbzd_37_3201,"37.3201",True,"心室动脉瘤折叠术","手术"
nhsa_jbzd_37_3202,"37.3202",True,"心脏动脉瘤修补术","手术"
nhsa_jbzd_37_3300,"37.3300",True,"心脏其他病损或组织的切除术或破坏术，开放性入路","手术"
nhsa_jbzd_37_3300x006,"37.3300x006",True,"心室异常肌束切除术","手术"
nhsa_jbzd_37_3300x008,"37.3300x008",True,"心脏病损切除术","手术"
nhsa_jbzd_37_3300x009,"37.3300x009",True,"三房心矫治术","手术"
nhsa_jbzd_37_3300x012,"37.3300x012",True,"预激症候群希氏束切断术","手术"
nhsa_jbzd_37_3300x013,"37.3300x013",True,"心房隔膜切除术","手术"
nhsa_jbzd_37_3300x014,"37.3300x014",True,"心房肿瘤切除术","手术"
nhsa_jbzd_37_3300x015,"37.3300x015",True,"心脏憩室切除术","手术"
nhsa_jbzd_37_3300x016,"37.3300x016",True,"室壁瘤切除术","手术"
nhsa_jbzd_37_3300x017,"37.3300x017",True,"心脏瓣膜病损(赘生物)切除术","手术"
nhsa_jbzd_37_3300x018,"37.3300x018",True,"心脏肿瘤切除术","手术"
nhsa_jbzd_37_3300x019,"37.3300x019",True,"心脏异常传导束切断术","手术"
nhsa_jbzd_37_3300x020,"37.3300x020",True,"右室双腔心矫治术","手术"
nhsa_jbzd_37_3300x021,"37.3300x021",True,"左室双腔心矫治术","手术"
nhsa_jbzd_37_3300x022,"37.3300x022",True,"右心房减容术","手术"
nhsa_jbzd_37_3300x023,"37.3300x023",True,"左心房减容术","手术"
nhsa_jbzd_37_3300x024,"37.3300x024",True,"经胸心脏射频消融改良迷宫术","手术"
nhsa_jbzd_37_3300x025,"37.3300x025",True,"经胸心脏微波消融术","手术"
nhsa_jbzd_37_3300x026,"37.3300x026",True,"主动脉瓣赘生物清除术","手术"
nhsa_jbzd_37_3300x027,"37.3300x027",True,"右室流出道赘生物切除术","手术"
nhsa_jbzd_37_3300x028,"37.3300x028",True,"右心耳切除术","手术"
nhsa_jbzd_37_3300x029,"37.3300x029",True,"胸腔镜下三房心矫治术","手术"
nhsa_jbzd_37_3301,"37.3301",True,"心房病损切除术","手术"
nhsa_jbzd_37_3302,"37.3302",True,"心脏射频消融术","手术"
nhsa_jbzd_37_3303,"37.3303",True,"心脏微波消融术","手术"
nhsa_jbzd_37_3304,"37.3304",True,"心房部分切除术","手术"
nhsa_jbzd_37_3305,"37.3305",True,"心室病损切除术","手术"
nhsa_jbzd_37_3306,"37.3306",True,"心脏射频消融改良迷宫术","手术"
nhsa_jbzd_37_3307,"37.3307",True,"心肌部分切除术","手术"
nhsa_jbzd_37_3308,"37.3308",True,"传导束切断术","手术"
nhsa_jbzd_37_3400,"37.3400",True,"心脏其他病损或组织的切除术或破坏术，血管内入路","手术"
nhsa_jbzd_37_3400x001,"37.3400x001",True,"经皮环肺静脉电隔离术","介入治疗"
nhsa_jbzd_37_3400x002,"37.3400x002",True,"经皮室间隔心肌消融术（PTSMA）","介入治疗"
nhsa_jbzd_37_3401,"37.3401",True,"经导管心脏射频消融术","手术"
nhsa_jbzd_37_3402,"37.3402",True,"经导管心脏射频消融改良迷宫术","手术"
nhsa_jbzd_37_3403,"37.3403",True,"经导管心脏冷冻消融术","手术"
nhsa_jbzd_37_3404,"37.3404",True,"经导管心脏化学消融术","手术"
nhsa_jbzd_37_3405,"37.3405",True,"经导管心脏微波消融术","手术"
nhsa_jbzd_37_3500,"37.3500",True,"部分心室切除术","手术"
nhsa_jbzd_37_3500x004,"37.3500x004",True,"经皮左心室减容重塑(伞样)装置置入术","介入治疗"
nhsa_jbzd_37_3500x005,"37.3500x005",True,"Morrow手术","手术"
nhsa_jbzd_37_3501,"37.3501",True,"改良Morrow手术","手术"
nhsa_jbzd_37_3502,"37.3502",True,"心室减容术","手术"
nhsa_jbzd_37_3600,"37.3600",True,"左心耳破坏或切除术（LAA）","手术"
nhsa_jbzd_37_3600x001,"37.3600x001",True,"胸腔镜下左心耳切除术","手术"
nhsa_jbzd_37_3600x005,"37.3600x005",True,"左心耳切除术","手术"
nhsa_jbzd_37_3600x006,"37.3600x006",True,"左心耳夹闭术","手术"
nhsa_jbzd_37_3600x007,"37.3600x007",True,"左心耳结扎术","手术"
nhsa_jbzd_37_3600x008,"37.3600x008",True,"胸腔镜下左心耳结扎术","手术"
nhsa_jbzd_37_3700,"37.3700",True,"其他心脏组织或病损消融、切除或破坏，胸腔镜入路","手术"
nhsa_jbzd_37_3701,"37.3701",True,"胸腔镜下心房病损切除术","手术"
nhsa_jbzd_37_3702,"37.3702",True,"胸腔镜下心脏射频消融术","手术"
nhsa_jbzd_37_3703,"37.3703",True,"胸腔镜下心脏射频消融改良迷宫术","手术"
nhsa_jbzd_37_3704,"37.3704",True,"胸腔镜下心脏病损切除术","手术"
nhsa_jbzd_37_4100,"37.4100",True,"围绕心脏的心脏假体支持装置植入术","手术"
nhsa_jbzd_37_4900,"37.4900",True,"心脏和心包的其他修补术","手术"
nhsa_jbzd_37_4900x001,"37.4900x001",True,"心包修补术","手术"
nhsa_jbzd_37_4900x002,"37.4900x002",True,"心脏破裂修补术","手术"
nhsa_jbzd_37_4900x005,"37.4900x005",True,"心室修补术","手术"
nhsa_jbzd_37_4900x007,"37.4900x007",True,"室壁瘤折叠术","手术"
nhsa_jbzd_37_4900x008,"37.4900x008",True,"经皮心室重建术","介入治疗"
nhsa_jbzd_37_4900x014,"37.4900x014",True,"改良心室修补术","手术"
nhsa_jbzd_37_4900x015,"37.4900x015",True,"心房修补术","手术"
nhsa_jbzd_37_4900x016,"37.4900x016",True,"心室折叠术","手术"
nhsa_jbzd_37_4900x017,"37.4900x017",True,"经皮室壁瘤封堵术","介入治疗"
nhsa_jbzd_37_4900x018,"37.4900x018",True,"经胸室壁瘤封堵术","介入治疗"
nhsa_jbzd_37_4901,"37.4901",True,"心包缝合术","手术"
nhsa_jbzd_37_4902,"37.4902",True,"心脏缝合术","手术"
nhsa_jbzd_37_4903,"37.4903",True,"心房折叠术","手术"
nhsa_jbzd_37_5100,"37.5100",True,"心脏移植术","手术"
nhsa_jbzd_37_5200,"37.5200",True,"全部内置式双心室心脏置换系统植入","手术"
nhsa_jbzd_37_5200x001,"37.5200x001",True,"全人工心脏移植术","手术"
nhsa_jbzd_37_5300,"37.5300",True,"置换或修补全部置换心脏系统的胸腔装置","手术"
nhsa_jbzd_37_5300x001,"37.5300x001",True,"人工心脏的置换术或修补术","手术"
nhsa_jbzd_37_5400,"37.5400",True,"全部置换心脏系统的其他可置入成分置换或修补术","手术"
nhsa_jbzd_37_5500,"37.5500",True,"去除内置的双心室心脏置换系统","手术"
nhsa_jbzd_37_6000,"37.6000",True,"植入或置入双心室心脏外置式辅助系统","治疗性操作"
nhsa_jbzd_37_6100,"37.6100",True,"搏动性球囊置入","治疗性操作"
nhsa_jbzd_37_6101,"37.6101",True,"主动脉球囊反搏置入术","治疗性操作"
nhsa_jbzd_37_6200,"37.6200",True,"暂时性非植入型体外循环辅助系统的置入","治疗性操作"
nhsa_jbzd_37_6200x002,"37.6200x002",True,"心脏辅助系统置入术","治疗性操作"
nhsa_jbzd_37_6201,"37.6201",True,"心脏泵置入术","治疗性操作"
nhsa_jbzd_37_6300,"37.6300",True,"心脏辅助系统修补术","治疗性操作"
nhsa_jbzd_37_6301,"37.6301",True,"心脏辅助系统置换术","治疗性操作"
nhsa_jbzd_37_6400,"37.6400",True,"去除外置式心脏辅助系统或装置","治疗性操作"
nhsa_jbzd_37_6400x001,"37.6400x001",True,"心脏辅助系统去除术","治疗性操作"
nhsa_jbzd_37_6500,"37.6500",True,"单心室（体外）外置式心脏辅助系统置入","治疗性操作"
nhsa_jbzd_37_6500x001,"37.6500x001",True,"外置式心脏辅助系统置入术","治疗性操作"
nhsa_jbzd_37_6600,"37.6600",True,"置入可植入型心脏的辅助系统","治疗性操作"
nhsa_jbzd_37_6600x001,"37.6600x001",True,"左心室辅助系统置入术[LVAD置入术]","手术"
nhsa_jbzd_37_6600x002,"37.6600x002",True,"右心室辅助系统置入术[RVAD置入术]","手术"
nhsa_jbzd_37_6700,"37.6700",True,"置入心脏刺激系统","治疗性操作"
nhsa_jbzd_37_6800,"37.6800",True,"经皮置入外部心脏辅助装置","治疗性操作"
nhsa_jbzd_37_6800x001,"37.6800x001",True,"经皮心脏辅助装置置换术","治疗性操作"
nhsa_jbzd_37_6800x002,"37.6800x002",True,"经皮心脏辅助装置置入术","治疗性操作"
nhsa_jbzd_37_6800x003,"37.6800x003",True,"经皮左心室辅助装置置入术[Impella导管心室辅助系统置入]","治疗性操作"
nhsa_jbzd_37_6800x004,"37.6800x004",True,"经皮右心室辅助装置置入术[RVAD置入术]","治疗性操作"
nhsa_jbzd_37_6800x005,"37.6800x005",True,"经皮左心室辅助装置置入术[LVAD置入术]","治疗性操作"
nhsa_jbzd_37_7000,"37.7000",True,"首次置入导线[电极]","治疗性操作"
nhsa_jbzd_37_7100,"37.7100",True,"首次经静脉入心室置入导线[电极]","治疗性操作"
nhsa_jbzd_37_7200,"37.7200",True,"首次经静脉入心房和心室置入导线[电极]","治疗性操作"
nhsa_jbzd_37_7300,"37.7300",True,"首次经静脉入心房置入导线[电极]","治疗性操作"
nhsa_jbzd_37_7400,"37.7400",True,"置入或置换心外膜导线[电极]","治疗性操作"
nhsa_jbzd_37_7401,"37.7401",True,"心外膜电极置入术","治疗性操作"
nhsa_jbzd_37_7402,"37.7402",True,"心外膜电极置换术","治疗性操作"
nhsa_jbzd_37_7500,"37.7500",True,"导线[电极]修复术","治疗性操作"
nhsa_jbzd_37_7501,"37.7501",True,"心脏起搏器电极调整术","治疗性操作"
nhsa_jbzd_37_7600,"37.7600",True,"经静脉心房和（或）心室导线[电极]的置换","治疗性操作"
nhsa_jbzd_37_7600x002,"37.7600x002",True,"导线[电极]置换术","治疗性操作"
nhsa_jbzd_37_7700,"37.7700",True,"去除导线[电极]，不伴置换","治疗性操作"
nhsa_jbzd_37_7701,"37.7701",True,"心脏电极去除术","治疗性操作"
nhsa_jbzd_37_7800,"37.7800",True,"暂时性经静脉起搏器系统的置入","治疗性操作"
nhsa_jbzd_37_7900,"37.7900",True,"心脏装置的囊袋修复术或再定位术","治疗性操作"
nhsa_jbzd_37_7900x003,"37.7900x003",True,"脉冲发生器复位术","治疗性操作"
nhsa_jbzd_37_7900x004,"37.7900x004",True,"循环记录器置入术(心电记录系统植入术)","治疗性操作"
nhsa_jbzd_37_7901,"37.7901",True,"心脏起搏器囊袋清创术","治疗性操作"
nhsa_jbzd_37_7902,"37.7902",True,"心脏起搏器囊袋修补术","治疗性操作"
nhsa_jbzd_37_8000,"37.8000",True,"首次或置换永久起搏器置入","治疗性操作"
nhsa_jbzd_37_8000x001,"37.8000x001",True,"永久起搏器置入术","治疗性操作"
nhsa_jbzd_37_8000x002,"37.8000x002",True,"永久起搏器置换术","治疗性操作"
nhsa_jbzd_37_8001,"37.8001",True,"心脏起搏器置入术","治疗性操作"
nhsa_jbzd_37_8100,"37.8100",True,"首次单腔装置置入","治疗性操作"
nhsa_jbzd_37_8101,"37.8101",True,"单腔永久起搏器置入术","治疗性操作"
nhsa_jbzd_37_8200,"37.8200",True,"首次单腔装置置入，节律反应","治疗性操作"
nhsa_jbzd_37_8201,"37.8201",True,"频率应答单腔永久起搏器置入术","治疗性操作"
nhsa_jbzd_37_8300,"37.8300",True,"首次置入双腔装置","治疗性操作"
nhsa_jbzd_37_8300x002,"37.8300x002",True,"三腔永久起搏器置入术","治疗性操作"
nhsa_jbzd_37_8301,"37.8301",True,"双腔永久起搏器置入术","治疗性操作"
nhsa_jbzd_37_8500,"37.8500",True,"置换任何类型的带有单腔装置的起搏装置","治疗性操作"
nhsa_jbzd_37_8501,"37.8501",True,"单腔永久起搏器置换术","治疗性操作"
nhsa_jbzd_37_8600,"37.8600",True,"置换任何类型带有单腔装置的起搏器装置，节律反应","治疗性操作"
nhsa_jbzd_37_8601,"37.8601",True,"频率应答单腔永久起搏器置换术","治疗性操作"
nhsa_jbzd_37_8700,"37.8700",True,"置换任何类型带有双腔装置的起搏器装置","治疗性操作"
nhsa_jbzd_37_8700x002,"37.8700x002",True,"三腔永久起搏器置换术","治疗性操作"
nhsa_jbzd_37_8701,"37.8701",True,"双腔永久起搏器置换术","治疗性操作"
nhsa_jbzd_37_8900,"37.8900",True,"起搏器装置的校正或去除","治疗性操作"
nhsa_jbzd_37_8901,"37.8901",True,"起搏器装置去除术","治疗性操作"
nhsa_jbzd_37_8902,"37.8902",True,"起搏器装置修复术","治疗性操作"
nhsa_jbzd_37_8903,"37.8903",True,"起搏器装置调整术","治疗性操作"
nhsa_jbzd_37_9000,"37.9000",True,"左心附加装置的置入","手术"
nhsa_jbzd_37_9000x001,"37.9000x001",True,"经皮左心耳封堵术","介入治疗"
nhsa_jbzd_37_9100,"37.9100",True,"开胸心脏按摩","手术"
nhsa_jbzd_37_9200,"37.9200",True,"治疗性物质注入心脏","治疗性操作"
nhsa_jbzd_37_9200x001,"37.9200x001",True,"心脏注射治疗","治疗性操作"
nhsa_jbzd_37_9300,"37.9300",True,"治疗性物质注入心包","治疗性操作"
nhsa_jbzd_37_9300x001,"37.9300x001",True,"心包局部灌注治疗","治疗性操作"
nhsa_jbzd_37_9400,"37.9400",True,"自动心脏复律器或除颤器的置入或置换，全系统[AICD]","治疗性操作"
nhsa_jbzd_37_9400x001,"37.9400x001",True,"单腔植入型心律转复除颤器置入术","治疗性操作"
nhsa_jbzd_37_9400x002,"37.9400x002",True,"双腔植入型心律转复除颤器置入术","治疗性操作"
nhsa_jbzd_37_9401,"37.9401",True,"心脏除颤器置入术","治疗性操作"
nhsa_jbzd_37_9402,"37.9402",True,"自动心脏复律器置入术","治疗性操作"
nhsa_jbzd_37_9403,"37.9403",True,"心脏除颤器置换术","治疗性操作"
nhsa_jbzd_37_9404,"37.9404",True,"自动心脏复律器置换术","治疗性操作"
nhsa_jbzd_37_9500,"37.9500",True,"仅自动心脏复律器或除颤器导线的置入术","治疗性操作"
nhsa_jbzd_37_9500x001,"37.9500x001",True,"心脏除颤器导线置入术","治疗性操作"
nhsa_jbzd_37_9500x002,"37.9500x002",True,"自动心脏复律器导线置入术","治疗性操作"
nhsa_jbzd_37_9600,"37.9600",True,"仅自动心脏复律器或除颤器脉冲发生器的置入术","治疗性操作"
nhsa_jbzd_37_9600x001,"37.9600x001",True,"自动心脏复律器脉冲发生器置入术","治疗性操作"
nhsa_jbzd_37_9600x002,"37.9600x002",True,"心脏除颤器脉冲发生器置入术","治疗性操作"
nhsa_jbzd_37_9700,"37.9700",True,"仅自动心脏复律器或除颤器导线的置换术","治疗性操作"
nhsa_jbzd_37_9700x001,"37.9700x001",True,"自动心脏复律器导线置换术","治疗性操作"
nhsa_jbzd_37_9700x002,"37.9700x002",True,"心脏除颤器导线置换术","治疗性操作"
nhsa_jbzd_37_9800,"37.9800",True,"仅自动心脏复律器或除颤器脉冲发生器的置换","治疗性操作"
nhsa_jbzd_37_9800x001,"37.9800x001",True,"自动心脏复律器脉冲发生器置换术","治疗性操作"
nhsa_jbzd_37_9800x002,"37.9800x002",True,"心脏除颤器脉冲发生器置换术","治疗性操作"
nhsa_jbzd_37_9800x003,"37.9800x003",True,"单腔植入型心律转复除颤器更换术","治疗性操作"
nhsa_jbzd_37_9800x004,"37.9800x004",True,"双腔植入型心律转复除颤器更换术","治疗性操作"
nhsa_jbzd_37_9900,"37.9900",True,"心脏和心包的其他手术","手术"
nhsa_jbzd_37_9900x002,"37.9900x002",True,"右心耳结扎术","手术"
nhsa_jbzd_37_9900x003,"37.9900x003",True,"经皮右心耳封堵术","介入治疗"
nhsa_jbzd_38_0000,"38.0000",True,"血管切开术","手术"
nhsa_jbzd_38_0100,"38.0100",True,"颅内血管切开术","手术"
nhsa_jbzd_38_0100x001,"38.0100x001",True,"颅内血管血栓切除术","手术"
nhsa_jbzd_38_0200,"38.0200",True,"头和颈部的其他血管切开术","手术"
nhsa_jbzd_38_0200x002,"38.0200x002",True,"颈动脉探查术","手术"
nhsa_jbzd_38_0200x003,"38.0200x003",True,"颈内静脉血栓切除术","手术"
nhsa_jbzd_38_0200x004,"38.0200x004",True,"颈动脉切开异物去除术","手术"
nhsa_jbzd_38_0201,"38.0201",True,"颈动脉取栓术","手术"
nhsa_jbzd_38_0202,"38.0202",True,"颈静脉取栓术","手术"
nhsa_jbzd_38_0300,"38.0300",True,"上肢血管切开术","手术"
nhsa_jbzd_38_0300x003,"38.0300x003",True,"上肢血管切开探查术","手术"
nhsa_jbzd_38_0300x005,"38.0300x005",True,"上肢动脉探查术","手术"
nhsa_jbzd_38_0301,"38.0301",True,"上肢静脉取栓术","手术"
nhsa_jbzd_38_0302,"38.0302",True,"上肢动脉取栓术","手术"
nhsa_jbzd_38_0400,"38.0400",True,"主动脉切开术","手术"
nhsa_jbzd_38_0400x001,"38.0400x001",True,"腹主动脉血栓切除术","手术"
nhsa_jbzd_38_0400x002,"38.0400x002",True,"主动脉切开探查术","手术"
nhsa_jbzd_38_0401,"38.0401",True,"主动脉取栓术","手术"
nhsa_jbzd_38_0500,"38.0500",True,"其他胸部血管切开术","手术"
nhsa_jbzd_38_0500x002,"38.0500x002",True,"肺动脉探查术","手术"
nhsa_jbzd_38_0500x003,"38.0500x003",True,"无名静脉取栓术","手术"
nhsa_jbzd_38_0500x004,"38.0500x004",True,"锁骨下动脉切开探查术","手术"
nhsa_jbzd_38_0501,"38.0501",True,"锁骨下动脉取栓术","手术"
nhsa_jbzd_38_0502,"38.0502",True,"上腔静脉取栓术","手术"
nhsa_jbzd_38_0503,"38.0503",True,"肺动脉取栓术","手术"
nhsa_jbzd_38_0504,"38.0504",True,"胸主动脉取栓术","手术"
nhsa_jbzd_38_0600,"38.0600",True,"腹动脉切开术","手术"
nhsa_jbzd_38_0600x001,"38.0600x001",True,"肠系膜上动脉血栓切除术","手术"
nhsa_jbzd_38_0600x002,"38.0600x002",True,"腹腔动脉切开探查术","手术"
nhsa_jbzd_38_0600x003,"38.0600x003",True,"肝动脉取栓术","手术"
nhsa_jbzd_38_0601,"38.0601",True,"肠系膜动脉取栓术","手术"
nhsa_jbzd_38_0602,"38.0602",True,"髂动脉取栓术","手术"
nhsa_jbzd_38_0603,"38.0603",True,"肾动脉取栓术","手术"
nhsa_jbzd_38_0700,"38.0700",True,"腹静脉切开术","手术"
nhsa_jbzd_38_0700x001,"38.0700x001",True,"肠系膜上静脉血栓切除术","手术"
nhsa_jbzd_38_0700x003,"38.0700x003",True,"门静脉探查术","手术"
nhsa_jbzd_38_0700x004,"38.0700x004",True,"肝静脉取栓术","手术"
nhsa_jbzd_38_0701,"38.0701",True,"髂静脉取栓术","手术"
nhsa_jbzd_38_0702,"38.0702",True,"下腔静脉取栓术","手术"
nhsa_jbzd_38_0703,"38.0703",True,"肾静脉取栓术","手术"
nhsa_jbzd_38_0704,"38.0704",True,"门静脉取栓术","手术"
nhsa_jbzd_38_0705,"38.0705",True,"肠系膜静脉取栓术","手术"
nhsa_jbzd_38_0800,"38.0800",True,"下肢动脉切开术","手术"
nhsa_jbzd_38_0800x002,"38.0800x002",True,"下肢动脉血栓切除术","手术"
nhsa_jbzd_38_0800x003,"38.0800x003",True,"下肢动脉探查术","手术"
nhsa_jbzd_38_0800x004,"38.0800x004",True,"下肢人工血管取栓术","手术"
nhsa_jbzd_38_0800x005,"38.0800x005",True,"下肢动脉切开异物去除术","手术"
nhsa_jbzd_38_0801,"38.0801",True,"股动脉取栓术","手术"
nhsa_jbzd_38_0802,"38.0802",True,"腘动脉取栓术","手术"
nhsa_jbzd_38_0900,"38.0900",True,"下肢静脉切开术","手术"
nhsa_jbzd_38_0900x001,"38.0900x001",True,"下肢静脉血栓切除术","手术"
nhsa_jbzd_38_0900x002,"38.0900x002",True,"下肢静脉探查术","手术"
nhsa_jbzd_38_0900x003,"38.0900x003",True,"大隐静脉切开术","手术"
nhsa_jbzd_38_0901,"38.0901",True,"股静脉取栓术","手术"
nhsa_jbzd_38_0902,"38.0902",True,"腘静脉取栓术","手术"
nhsa_jbzd_38_1000,"38.1000",True,"动脉内膜切除术","手术"
nhsa_jbzd_38_1000x002,"38.1000x002",True,"动脉内膜剥脱术","手术"
nhsa_jbzd_38_1100,"38.1100",True,"颅内动脉内膜切除术","手术"
nhsa_jbzd_38_1200,"38.1200",True,"头和颈部其他血管内膜切除术","手术"
nhsa_jbzd_38_1200x003,"38.1200x003",True,"颈动脉内膜剥脱术","手术"
nhsa_jbzd_38_1201,"38.1201",True,"颈动脉内膜切除术","手术"
nhsa_jbzd_38_1202,"38.1202",True,"颈动脉内膜切除伴补片修补术","手术"
nhsa_jbzd_38_1300,"38.1300",True,"上肢血管内膜切除术","手术"
nhsa_jbzd_38_1400,"38.1400",True,"主动脉内膜切除术","手术"
nhsa_jbzd_38_1400x001,"38.1400x001",True,"主动脉内膜剥脱术","手术"
nhsa_jbzd_38_1400x002,"38.1400x002",True,"腹主动脉内膜切除术","手术"
nhsa_jbzd_38_1400x003,"38.1400x003",True,"胸主动脉内膜切除术","手术"
nhsa_jbzd_38_1401,"38.1401",True,"主动脉内膜切除伴补片修补术","手术"
nhsa_jbzd_38_1500,"38.1500",True,"其他胸部血管内膜切除术","手术"
nhsa_jbzd_38_1500x001,"38.1500x001",True,"肺动脉内膜剥脱术","手术"
nhsa_jbzd_38_1501,"38.1501",True,"肺动脉内膜切除术","手术"
nhsa_jbzd_38_1600,"38.1600",True,"腹动脉内膜切除术","手术"
nhsa_jbzd_38_1600x002,"38.1600x002",True,"髂动脉内膜剥除术","手术"
nhsa_jbzd_38_1600x005,"38.1600x005",True,"髂动脉内膜剥脱伴补片修补术","手术"
nhsa_jbzd_38_1601,"38.1601",True,"肾动脉内膜切除伴补片修补术","手术"
nhsa_jbzd_38_1602,"38.1602",True,"髂动脉内膜切除术","手术"
nhsa_jbzd_38_1603,"38.1603",True,"髂动脉内膜切除伴补片修补术","手术"
nhsa_jbzd_38_1604,"38.1604",True,"肾动脉内膜切除术","手术"
nhsa_jbzd_38_1800,"38.1800",True,"下肢动脉内膜切除术","手术"
nhsa_jbzd_38_1800x001,"38.1800x001",True,"股动脉内膜剥脱术","手术"
nhsa_jbzd_38_1800x002,"38.1800x002",True,"股动脉内膜剥脱伴血栓切除术","手术"
nhsa_jbzd_38_1800x003,"38.1800x003",True,"腘动脉内膜剥脱伴补片修补术","手术"
nhsa_jbzd_38_1800x004,"38.1800x004",True,"腘动脉内膜剥脱术","手术"
nhsa_jbzd_38_1800x005,"38.1800x005",True,"下肢动脉内膜剥脱伴血栓切除术","手术"
nhsa_jbzd_38_1800x006,"38.1800x006",True,"胫腓动脉内膜剥脱伴补片修补术","手术"
nhsa_jbzd_38_1800x007,"38.1800x007",True,"股动脉内膜剥脱伴补片修补术","手术"
nhsa_jbzd_38_1801,"38.1801",True,"股动脉内膜切除术","手术"
nhsa_jbzd_38_1802,"38.1802",True,"股动脉内膜切除伴补片修补术","手术"
nhsa_jbzd_38_1803,"38.1803",True,"腘动脉内膜切除术","手术"
nhsa_jbzd_38_1804,"38.1804",True,"腘动脉内膜切除伴补片修补术","手术"
nhsa_jbzd_38_2000,"38.2000",True,"血管诊断性操作","诊断性操作"
nhsa_jbzd_38_2100,"38.2100",True,"血管活组织检查","诊断性操作"
nhsa_jbzd_38_2200,"38.2200",True,"经皮血管镜检查","诊断性操作"
nhsa_jbzd_38_2300,"38.2300",True,"血管内光谱分析","诊断性操作"
nhsa_jbzd_38_2400,"38.2400",True,"经光学相干断层扫描的冠状血管血管内影像[OCT]","诊断性操作"
nhsa_jbzd_38_2500,"38.2500",True,"经光学相干断层扫描的非冠状血管血管内影像[OCT]","诊断性操作"
nhsa_jbzd_38_2600,"38.2600",True,"置入或置换无导线的压力传感器，用于心内或大血管血流动力学监测","诊断性操作"
nhsa_jbzd_38_2601,"38.2601",True,"置入无导线的压力传感器，用于心内或大血管血流动力学监测","诊断性操作"
nhsa_jbzd_38_2602,"38.2602",True,"置换无导线的压力传感器，用于心内或大血管血流动力学监测","诊断性操作"
nhsa_jbzd_38_2900,"38.2900",True,"血管其他诊断性操作","诊断性操作"
nhsa_jbzd_38_3000,"38.3000",True,"血管部分切除术伴吻合术","手术"
nhsa_jbzd_38_3000x001,"38.3000x001",True,"动脉瘤切除伴吻合术","手术"
nhsa_jbzd_38_3100,"38.3100",True,"颅内血管部分切除伴吻合术","手术"
nhsa_jbzd_38_3100x001,"38.3100x001",True,"脑血管切除伴吻合术","手术"
nhsa_jbzd_38_3101,"38.3101",True,"颅内血管畸形切除伴吻合术","手术"
nhsa_jbzd_38_3200,"38.3200",True,"头和颈部的其他血管切除伴吻合术","手术"
nhsa_jbzd_38_3200x002,"38.3200x002",True,"颈内动脉瘤切除伴吻合术","手术"
nhsa_jbzd_38_3200x003,"38.3200x003",True,"颈静脉部分切除伴吻合术","手术"
nhsa_jbzd_38_3201,"38.3201",True,"颈动脉动脉瘤切除伴吻合术","手术"
nhsa_jbzd_38_3202,"38.3202",True,"颈动脉部分切除伴吻合术","手术"
nhsa_jbzd_38_3300,"38.3300",True,"上肢血管部分切除伴吻合术","手术"
nhsa_jbzd_38_3301,"38.3301",True,"上肢动脉动脉瘤切除伴吻合术","手术"
nhsa_jbzd_38_3400,"38.3400",True,"主动脉部分切除术伴吻合术","手术"
nhsa_jbzd_38_3400x003,"38.3400x003",True,"血管环矫治术","手术"
nhsa_jbzd_38_3400x005,"38.3400x005",True,"胸主动脉动脉瘤切除伴吻合术","手术"
nhsa_jbzd_38_3400x006,"38.3400x006",True,"腹主动脉动脉瘤切除伴吻合术","手术"
nhsa_jbzd_38_3401,"38.3401",True,"主动脉动脉瘤切除伴吻合术","手术"
nhsa_jbzd_38_3500,"38.3500",True,"其他胸部血管部分切除术伴吻合术","手术"
nhsa_jbzd_38_3500x002,"38.3500x002",True,"肺动脉吊带矫治术","手术"
nhsa_jbzd_38_3500x003,"38.3500x003",True,"锁骨下动脉部分切除伴吻合术","手术"
nhsa_jbzd_38_3500x004,"38.3500x004",True,"肺静脉部分切除伴吻合术","手术"
nhsa_jbzd_38_3501,"38.3501",True,"肺动脉部分切除伴吻合术","手术"
nhsa_jbzd_38_3600,"38.3600",True,"腹动脉部分切除术伴吻合术","手术"
nhsa_jbzd_38_3600x001,"38.3600x001",True,"腹腔动脉部分切除伴吻合术","手术"
nhsa_jbzd_38_3600x002,"38.3600x002",True,"肝动脉部分切除伴吻合术","手术"
nhsa_jbzd_38_3600x003,"38.3600x003",True,"移植肾动脉部分切除伴吻合术","手术"
nhsa_jbzd_38_3600x004,"38.3600x004",True,"肾动脉部分切除伴吻合术","手术"
nhsa_jbzd_38_3600x005,"38.3600x005",True,"脾动脉部分切除伴吻合术","手术"
nhsa_jbzd_38_3600x006,"38.3600x006",True,"髂动脉部分切除伴吻合术","手术"
nhsa_jbzd_38_3700,"38.3700",True,"腹静脉部分切除术伴吻合术","手术"
nhsa_jbzd_38_3700x001,"38.3700x001",True,"门静脉部分切除伴吻合术","手术"
nhsa_jbzd_38_3700x002,"38.3700x002",True,"肠系膜静脉部分切除伴吻合术","手术"
nhsa_jbzd_38_3700x003,"38.3700x003",True,"下腔静脉部分切除伴吻合术","手术"
nhsa_jbzd_38_3700x004,"38.3700x004",True,"髂静脉部分切除伴吻合术","手术"
nhsa_jbzd_38_3700x005,"38.3700x005",True,"脾静脉部分切除伴吻合术","手术"
nhsa_jbzd_38_3701,"38.3701",True,"肾静脉部分切除伴吻合术","手术"
nhsa_jbzd_38_3800,"38.3800",True,"下肢动脉部分切除术伴吻合术","手术"
nhsa_jbzd_38_3900,"38.3900",True,"下肢静脉部分切除术伴吻合术","手术"
nhsa_jbzd_38_4000,"38.4000",True,"血管部分切除术伴置换术","手术"
nhsa_jbzd_38_4100,"38.4100",True,"颅内血管部分切除术伴置换术","手术"
nhsa_jbzd_38_4200,"38.4200",True,"头和颈部的其他血管部分切除术伴置换术","手术"
nhsa_jbzd_38_4200x001,"38.4200x001",True,"颈动脉部分切除伴颈总-颈内动脉人工血管搭桥术","手术"
nhsa_jbzd_38_4200x002,"38.4200x002",True,"颈总动脉切除伴自体血管移植术","手术"
nhsa_jbzd_38_4200x003,"38.4200x003",True,"颈动脉部分切除伴颈总-颈内动脉自体血管搭桥术","手术"
nhsa_jbzd_38_4201,"38.4201",True,"颈动脉部分切除伴置换术","手术"
nhsa_jbzd_38_4202,"38.4202",True,"椎动脉瘤切除伴置换术","手术"
nhsa_jbzd_38_4203,"38.4203",True,"颈动脉动脉瘤切除伴置换术","手术"
nhsa_jbzd_38_4300,"38.4300",True,"上肢血管部分切除术伴置换术","手术"
nhsa_jbzd_38_4300x001,"38.4300x001",True,"肱动脉瘤切除伴自体血管移植术","手术"
nhsa_jbzd_38_4300x002,"38.4300x002",True,"桡动脉部分切除伴桡尺动脉自体血管移植术","手术"
nhsa_jbzd_38_4300x003,"38.4300x003",True,"腋动脉部分切除伴自体血管置换术","手术"
nhsa_jbzd_38_4300x004,"38.4300x004",True,"腋静脉部分切除伴自体血管置换术","手术"
nhsa_jbzd_38_4300x005,"38.4300x005",True,"腋静脉部分切除伴人工血管置换术","手术"
nhsa_jbzd_38_4300x006,"38.4300x006",True,"肱动脉部分切除伴人工血管置换术","手术"
nhsa_jbzd_38_4300x007,"38.4300x007",True,"桡动脉部分切除伴人工血管置换术","手术"
nhsa_jbzd_38_4300x008,"38.4300x008",True,"桡动脉部分切除伴自体血管置换术","手术"
nhsa_jbzd_38_4300x009,"38.4300x009",True,"尺动脉部分切除伴自体血管置换术","手术"
nhsa_jbzd_38_4301,"38.4301",True,"桡动脉部分切除伴置换术","手术"
nhsa_jbzd_38_4302,"38.4302",True,"肱动脉部分切除伴置换术","手术"
nhsa_jbzd_38_4303,"38.4303",True,"腋静脉部分切除伴置换术","手术"
nhsa_jbzd_38_4400,"38.4400",True,"腹主动脉血管部分切除术伴置换术","手术"
nhsa_jbzd_38_4400x001,"38.4400x001",True,"腹主动脉部分切除伴人工血管置换术","手术"
nhsa_jbzd_38_4400x002,"38.4400x002",True,"腹主动脉瘤切除伴人工血管置换术","手术"
nhsa_jbzd_38_4400x003,"38.4400x003",True,"腹主动脉部分切除伴自体血管置换术","手术"
nhsa_jbzd_38_4401,"38.4401",True,"腹主动脉瘤切除伴置换术","手术"
nhsa_jbzd_38_4500,"38.4500",True,"胸部血管部分切除术伴置换术","手术"
nhsa_jbzd_38_4500x001,"38.4500x001",True,"上腔静脉部分切除伴人工血管补片修补术","手术"
nhsa_jbzd_38_4500x002,"38.4500x002",True,"锁骨下动脉瘤切除伴人工血管置换术","手术"
nhsa_jbzd_38_4500x003,"38.4500x003",True,"上腔静脉部分切除伴人工血管置换术","手术"
nhsa_jbzd_38_4500x004,"38.4500x004",True,"肺动脉瘤切除伴补片修补术","手术"
nhsa_jbzd_38_4500x007,"38.4500x007",True,"部分主动脉弓人工血管置换术","手术"
nhsa_jbzd_38_4500x009,"38.4500x009",True,"次全主动脉人工血管置换术","手术"
nhsa_jbzd_38_4500x010,"38.4500x010",True,"全主动脉弓人工血管置换术","手术"
nhsa_jbzd_38_4500x011,"38.4500x011",True,"支架象鼻术","手术"
nhsa_jbzd_38_4500x013,"38.4500x013",True,"升主动脉部分切除伴人工血管置换术","手术"
nhsa_jbzd_38_4500x014,"38.4500x014",True,"胸主动脉部分切除伴人工血管置换术","手术"
nhsa_jbzd_38_4500x015,"38.4500x015",True,"肺动脉瘤切除伴人工血管置换术","手术"
nhsa_jbzd_38_4500x016,"38.4500x016",True,"全主动脉人工血管置换术","手术"
nhsa_jbzd_38_4500x017,"38.4500x017",True,"主动脉弓中断矫治术","手术"
nhsa_jbzd_38_4500x018,"38.4500x018",True,"主动脉瘤切除伴人工血管置换术","手术"
nhsa_jbzd_38_4500x019,"38.4500x019",True,"主动脉部分切除伴人工血管置换术","手术"
nhsa_jbzd_38_4500x020,"38.4500x020",True,"锁骨下动脉部分切除伴自体血管置换术","手术"
nhsa_jbzd_38_4500x021,"38.4500x021",True,"胸主动脉部分切除伴自体血管置换术","手术"
nhsa_jbzd_38_4500x022,"38.4500x022",True,"锁骨下静脉部分切除伴自体血管置换术","手术"
nhsa_jbzd_38_4500x023,"38.4500x023",True,"肺动脉部分切除伴自体血管置换术","手术"
nhsa_jbzd_38_4500x024,"38.4500x024",True,"无名动脉部分切除伴人工血管置换术","手术"
nhsa_jbzd_38_4501,"38.4501",True,"主动脉部分切除伴置换术","手术"
nhsa_jbzd_38_4502,"38.4502",True,"胸主动脉瘤切除伴置换术","手术"
nhsa_jbzd_38_4503,"38.4503",True,"主动脉瓣和升主动脉置换和冠脉移植术（Bentall手术）","手术"
nhsa_jbzd_38_4504,"38.4504",True,"全主动脉弓人工血管置换并支架象鼻手术（Sun's手术）","手术"
nhsa_jbzd_38_4505,"38.4505",True,"保留主动脉窦的主动脉瓣和升主动脉替换术（Wheat手术）","手术"
nhsa_jbzd_38_4506,"38.4506",True,"主动脉瓣和升主动脉置换术（Cabrol手术）","手术"
nhsa_jbzd_38_4507,"38.4507",True,"保留主动脉瓣主动脉根部置换加冠状动脉移植术（David手术）","手术"
nhsa_jbzd_38_4508,"38.4508",True,"锁骨下动脉瘤切除伴置换术","手术"
nhsa_jbzd_38_4509,"38.4509",True,"锁骨下动脉部分切除伴置换术","手术"
nhsa_jbzd_38_4510,"38.4510",True,"上腔静脉部分切除伴置换术","手术"
nhsa_jbzd_38_4511,"38.4511",True,"胸腔镜升主动脉置换术","手术"
nhsa_jbzd_38_4600,"38.4600",True,"腹动脉部分切除术伴置换术","手术"
nhsa_jbzd_38_4600x001,"38.4600x001",True,"髂动脉部分切除术伴人工血管置换术","手术"
nhsa_jbzd_38_4600x003,"38.4600x003",True,"髂动脉瘤切除伴人工血管置换术","手术"
nhsa_jbzd_38_4600x004,"38.4600x004",True,"髂动脉部分切除伴自体血管置换术","手术"
nhsa_jbzd_38_4600x005,"38.4600x005",True,"肝动脉部分切除伴自体血管置换术","手术"
nhsa_jbzd_38_4600x006,"38.4600x006",True,"阴茎动脉部分切除伴自体血管置换术","手术"
nhsa_jbzd_38_4601,"38.4601",True,"肾动脉瘤切除伴置换术","手术"
nhsa_jbzd_38_4602,"38.4602",True,"脾动脉瘤切除伴置换术","手术"
nhsa_jbzd_38_4603,"38.4603",True,"髂动脉部分切除伴置换术","手术"
nhsa_jbzd_38_4604,"38.4604",True,"髂动脉瘤切除伴置换术","手术"
nhsa_jbzd_38_4700,"38.4700",True,"腹部静脉血管部分切除术伴置换术","手术"
nhsa_jbzd_38_4700x001,"38.4700x001",True,"下腔静脉部分切除伴人工血管置换术","手术"
nhsa_jbzd_38_4700x002,"38.4700x002",True,"门静脉部分切除伴人工血管置换术","手术"
nhsa_jbzd_38_4700x003,"38.4700x003",True,"门静脉部分切除伴自体血管置换术","手术"
nhsa_jbzd_38_4700x004,"38.4700x004",True,"髂静脉部分切除伴人工血管置换术","手术"
nhsa_jbzd_38_4700x005,"38.4700x005",True,"髂静脉部分切除伴自体血管置换术","手术"
nhsa_jbzd_38_4701,"38.4701",True,"门静脉瘤切除伴置换术","手术"
nhsa_jbzd_38_4702,"38.4702",True,"下腔静脉部分切除伴置换术","手术"
nhsa_jbzd_38_4800,"38.4800",True,"下肢动脉部分切除术伴置换术","手术"
nhsa_jbzd_38_4800x001,"38.4800x001",True,"腘动脉瘤切除伴人工血管置换术","手术"
nhsa_jbzd_38_4800x002,"38.4800x002",True,"腘动脉部分切除伴人工血管置换术","手术"
nhsa_jbzd_38_4800x003,"38.4800x003",True,"腘动脉部分切除伴自体血管置换术","手术"
nhsa_jbzd_38_4800x004,"38.4800x004",True,"股动脉部分切除伴人工血管置换术","手术"
nhsa_jbzd_38_4801,"38.4801",True,"腘动脉部分切除伴置换术","手术"
nhsa_jbzd_38_4802,"38.4802",True,"股动脉部分切除伴置换术","手术"
nhsa_jbzd_38_4803,"38.4803",True,"胫动脉部分切除伴置换术","手术"
nhsa_jbzd_38_4804,"38.4804",True,"腘动脉瘤切除伴置换术","手术"
nhsa_jbzd_38_4805,"38.4805",True,"股动脉瘤切除伴置换术","手术"
nhsa_jbzd_38_4900,"38.4900",True,"下肢静脉部分切除术伴置换术","手术"
nhsa_jbzd_38_4900x001,"38.4900x001",True,"下肢静脉部分切除伴人工血管置换术","手术"
nhsa_jbzd_38_4900x002,"38.4900x002",True,"下肢静脉部分切除伴自体血管移植术","手术"
nhsa_jbzd_38_5000,"38.5000",True,"静脉曲张的结扎术和剥脱术","手术"
nhsa_jbzd_38_5100,"38.5100",True,"颅内血管静脉曲张的结扎术和剥脱术","手术"
nhsa_jbzd_38_5200,"38.5200",True,"头和颈部其他血管静脉曲张的结扎术和剥脱术","手术"
nhsa_jbzd_38_5200x001,"38.5200x001",True,"眶静脉曲张结扎术","手术"
nhsa_jbzd_38_5201,"38.5201",True,"头部静脉曲张的结扎术和剥脱术","手术"
nhsa_jbzd_38_5202,"38.5202",True,"颈部静脉曲张的结扎术和剥脱术","手术"
nhsa_jbzd_38_5300,"38.5300",True,"上肢血管静脉曲张的结扎术和剥脱术","手术"
nhsa_jbzd_38_5500,"38.5500",True,"胸部血管静脉曲张的结扎术和剥脱术","手术"
nhsa_jbzd_38_5700,"38.5700",True,"腹部静脉静脉曲张的结扎术和剥脱术","手术"
nhsa_jbzd_38_5701,"38.5701",True,"十二指肠静脉曲张结扎术","手术"
nhsa_jbzd_38_5702,"38.5702",True,"阴茎静脉曲张结扎术","手术"
nhsa_jbzd_38_5900,"38.5900",True,"下肢静脉曲张的结扎术和剥脱术","手术"
nhsa_jbzd_38_5900x003,"38.5900x003",True,"大隐静脉主干激光闭合术","手术"
nhsa_jbzd_38_5900x005,"38.5900x005",True,"下肢静脉剥脱术","手术"
nhsa_jbzd_38_5900x008,"38.5900x008",True,"大隐静脉高位结扎电凝术","手术"
nhsa_jbzd_38_5900x009,"38.5900x009",True,"下肢静脉曲张刨吸术（Trivex系统）","手术"
nhsa_jbzd_38_5900x010,"38.5900x010",True,"大隐静脉射频消融术","手术"
nhsa_jbzd_38_5901,"38.5901",True,"大隐静脉高位结扎和剥脱术","手术"
nhsa_jbzd_38_5902,"38.5902",True,"大隐静脉曲张结扎术","手术"
nhsa_jbzd_38_5903,"38.5903",True,"大隐静脉曲张剥脱术","手术"
nhsa_jbzd_38_5904,"38.5904",True,"小隐静脉曲张结扎术","手术"
nhsa_jbzd_38_5905,"38.5905",True,"小隐静脉曲张剥脱术","手术"
nhsa_jbzd_38_5906,"38.5906",True,"小隐静脉高位结扎和剥脱术","手术"
nhsa_jbzd_38_5907,"38.5907",True,"大隐静脉曲张分段切除术","手术"
nhsa_jbzd_38_6000,"38.6000",True,"血管的其他切除术","手术"
nhsa_jbzd_38_6000x010,"38.6000x010",True,"静脉内异物取出术","手术"
nhsa_jbzd_38_6000x011,"38.6000x011",True,"躯干部血管瘤切除术","手术"
nhsa_jbzd_38_6000x012,"38.6000x012",True,"血管病损切除术","手术"
nhsa_jbzd_38_6000x013,"38.6000x013",True,"血管球瘤切除术","手术"
nhsa_jbzd_38_6100,"38.6100",True,"颅内血管其他切除术","手术"
nhsa_jbzd_38_6100x001,"38.6100x001",True,"脊髓畸形血管切除术","手术"
nhsa_jbzd_38_6100x002,"38.6100x002",True,"颅内动脉瘤切除术","手术"
nhsa_jbzd_38_6100x005,"38.6100x005",True,"椎管内畸形血管切除术","手术"
nhsa_jbzd_38_6101,"38.6101",True,"颅内血管畸形切除术","手术"
nhsa_jbzd_38_6200,"38.6200",True,"头和颈部其他血管的其他切除术","手术"
nhsa_jbzd_38_6200x002,"38.6200x002",True,"颈静脉瘤切除术","手术"
nhsa_jbzd_38_6200x003,"38.6200x003",True,"颈静脉扩张切除术","手术"
nhsa_jbzd_38_6200x005,"38.6200x005",True,"颈动脉瘤切除术","手术"
nhsa_jbzd_38_6200x006,"38.6200x006",True,"颈外动脉瘤切除术","手术"
nhsa_jbzd_38_6200x007,"38.6200x007",True,"颈外静脉瘤切除术","手术"
nhsa_jbzd_38_6200x008,"38.6200x008",True,"颈动脉病损切除术","手术"
nhsa_jbzd_38_6200x009,"38.6200x009",True,"颈静脉病损切除术","手术"
nhsa_jbzd_38_6200x010,"38.6200x010",True,"颈动脉外膜剥离术","手术"
nhsa_jbzd_38_6201,"38.6201",True,"颈部血管瘤切除术","手术"
nhsa_jbzd_38_6300,"38.6300",True,"上肢血管的其他切除术","手术"
nhsa_jbzd_38_6300x001,"38.6300x001",True,"肱动脉瘤切除术","手术"
nhsa_jbzd_38_6301,"38.6301",True,"上肢动脉瘤切除术","手术"
nhsa_jbzd_38_6302,"38.6302",True,"上肢血管病损切除术","手术"
nhsa_jbzd_38_6400,"38.6400",True,"主动脉的其他切除术","手术"
nhsa_jbzd_38_6400x001,"38.6400x001",True,"腹主动脉瘤切除术","手术"
nhsa_jbzd_38_6401,"38.6401",True,"主动脉病损切除术","手术"
nhsa_jbzd_38_6402,"38.6402",True,"主动脉瘤切除术","手术"
nhsa_jbzd_38_6500,"38.6500",True,"胸部血管的其他切除术","手术"
nhsa_jbzd_38_6500x001,"38.6500x001",True,"头臂干动脉瘤切除[无名动脉瘤切除术]","手术"
nhsa_jbzd_38_6500x002,"38.6500x002",True,"头臂静脉病损切除术[无名静脉病损切除术]","手术"
nhsa_jbzd_38_6500x003,"38.6500x003",True,"肺动脉病损切除术","手术"
nhsa_jbzd_38_6500x004,"38.6500x004",True,"胸腔镜下肺动脉病损切除术","手术"
nhsa_jbzd_38_6500x005,"38.6500x005",True,"上腔静脉病损切除术","手术"
nhsa_jbzd_38_6500x006,"38.6500x006",True,"经右心房下腔静脉破膜术","手术"
nhsa_jbzd_38_6501,"38.6501",True,"无名静脉病损切除术","手术"
nhsa_jbzd_38_6600,"38.6600",True,"腹部动脉的其他切除术","手术"
nhsa_jbzd_38_6600x002,"38.6600x002",True,"肝动脉瘤切除术","手术"
nhsa_jbzd_38_6600x003,"38.6600x003",True,"髂动脉部分切除术","手术"
nhsa_jbzd_38_6600x004,"38.6600x004",True,"肠系膜动脉切除术","手术"
nhsa_jbzd_38_6601,"38.6601",True,"脾动脉瘤切除术","手术"
nhsa_jbzd_38_6602,"38.6602",True,"肾动脉瘤切除术","手术"
nhsa_jbzd_38_6700,"38.6700",True,"腹部静脉的其他切除术","手术"
nhsa_jbzd_38_6700x003,"38.6700x003",True,"门静脉部分切除术","手术"
nhsa_jbzd_38_6700x005,"38.6700x005",True,"腹腔静脉瘤切除术","手术"
nhsa_jbzd_38_6701,"38.6701",True,"下腔静脉病损切除术","手术"
nhsa_jbzd_38_6702,"38.6702",True,"门静脉病损切除术","手术"
nhsa_jbzd_38_6703,"38.6703",True,"肾静脉病损切除术","手术"
nhsa_jbzd_38_6704,"38.6704",True,"肝静脉病损切除术","手术"
nhsa_jbzd_38_6705,"38.6705",True,"肠系膜上静脉病损切除术","手术"
nhsa_jbzd_38_6706,"38.6706",True,"髂静脉病损切除术","手术"
nhsa_jbzd_38_6800,"38.6800",True,"下肢动脉的其他切除术","手术"
nhsa_jbzd_38_6800x002,"38.6800x002",True,"下肢动脉病损切除术","手术"
nhsa_jbzd_38_6801,"38.6801",True,"腘动脉瘤切除术","手术"
nhsa_jbzd_38_6802,"38.6802",True,"股动脉瘤切除术","手术"
nhsa_jbzd_38_6900,"38.6900",True,"下肢静脉的其他切除术","手术"
nhsa_jbzd_38_6901,"38.6901",True,"下肢静脉病损切除术","手术"
nhsa_jbzd_38_7x00,"38.7x00",True,"腔静脉截断","手术"
nhsa_jbzd_38_7x00x008,"38.7x00x008",True,"左上腔静脉结扎术","手术"
nhsa_jbzd_38_7x00x009,"38.7x00x009",True,"上腔静脉封堵术","介入治疗"
nhsa_jbzd_38_7x00x010,"38.7x00x010",True,"垂直静脉结扎术","手术"
nhsa_jbzd_38_7x01,"38.7x01",True,"腔静脉结扎术","手术"
nhsa_jbzd_38_7x02,"38.7x02",True,"腔静脉折叠术","手术"
nhsa_jbzd_38_7x03,"38.7x03",True,"上腔静脉滤器置入术","介入治疗"
nhsa_jbzd_38_7x04,"38.7x04",True,"下腔静脉滤器置入术","介入治疗"
nhsa_jbzd_38_8000,"38.8000",True,"血管的其他手术闭合","手术"
nhsa_jbzd_38_8100,"38.8100",True,"颅内血管的其他手术闭合","手术"
nhsa_jbzd_38_8100x004,"38.8100x004",True,"椎动脉结扎术","手术"
nhsa_jbzd_38_8101,"38.8101",True,"颅内血管畸形夹闭术","手术"
nhsa_jbzd_38_8200,"38.8200",True,"头和颈部其他血管的其他手术闭合","手术"
nhsa_jbzd_38_8200x003,"38.8200x003",True,"颈内动脉结扎术","手术"
nhsa_jbzd_38_8200x005,"38.8200x005",True,"颈内静脉结扎术","手术"
nhsa_jbzd_38_8200x006,"38.8200x006",True,"颈前静脉结扎术","手术"
nhsa_jbzd_38_8200x007,"38.8200x007",True,"颈总动脉结扎术","手术"
nhsa_jbzd_38_8200x008,"38.8200x008",True,"颈外动脉结扎术","手术"
nhsa_jbzd_38_8200x009,"38.8200x009",True,"颞动脉结扎术","手术"
nhsa_jbzd_38_8201,"38.8201",True,"颈动脉结扎术","手术"
nhsa_jbzd_38_8202,"38.8202",True,"颈静脉结扎术","手术"
nhsa_jbzd_38_8203,"38.8203",True,"舌动脉结扎术","手术"
nhsa_jbzd_38_8300,"38.8300",True,"上肢血管的其他手术闭合","手术"
nhsa_jbzd_38_8300x004,"38.8300x004",True,"上肢血管结扎术","手术"
nhsa_jbzd_38_8301,"38.8301",True,"尺动脉结扎术","手术"
nhsa_jbzd_38_8302,"38.8302",True,"肱动脉结扎术","手术"
nhsa_jbzd_38_8303,"38.8303",True,"桡动脉结扎术","手术"
nhsa_jbzd_38_8400,"38.8400",True,"主动脉的其他手术闭合","手术"
nhsa_jbzd_38_8401,"38.8401",True,"主动脉结扎术","手术"
nhsa_jbzd_38_8500,"38.8500",True,"胸部血管的其他手术闭合","手术"
nhsa_jbzd_38_8500x001,"38.8500x001",True,"动脉导管结扎术","手术"
nhsa_jbzd_38_8500x010,"38.8500x010",True,"胸壁血管结扎术","手术"
nhsa_jbzd_38_8500x012,"38.8500x012",True,"动脉导管未闭切断缝合术","手术"
nhsa_jbzd_38_8500x013,"38.8500x013",True,"体-肺动脉侧支结扎术","手术"
nhsa_jbzd_38_8500x016,"38.8500x016",True,"奇静脉结扎术","手术"
nhsa_jbzd_38_8500x017,"38.8500x017",True,"胸腔镜下肋间动脉结扎术","手术"
nhsa_jbzd_38_8500x018,"38.8500x018",True,"胸腔镜下支气管动脉结扎术","手术"
nhsa_jbzd_38_8500x019,"38.8500x019",True,"体-肺侧枝汇聚术","手术"
nhsa_jbzd_38_8501,"38.8501",True,"肺动脉环缩术","手术"
nhsa_jbzd_38_8502,"38.8502",True,"肺动脉结扎术","手术"
nhsa_jbzd_38_8503,"38.8503",True,"肋间动脉结扎术","手术"
nhsa_jbzd_38_8504,"38.8504",True,"锁骨下动脉结扎术","手术"
nhsa_jbzd_38_8505,"38.8505",True,"动脉导管未闭结扎术","手术"
nhsa_jbzd_38_8600,"38.8600",True,"腹动脉的其他手术闭合","手术"
nhsa_jbzd_38_8600x004,"38.8600x004",True,"腹壁血管结扎术","手术"
nhsa_jbzd_38_8600x005,"38.8600x005",True,"腹膜血管结扎术","手术"
nhsa_jbzd_38_8601,"38.8601",True,"大网膜动脉结扎术","手术"
nhsa_jbzd_38_8602,"38.8602",True,"胃动脉结扎术","手术"
nhsa_jbzd_38_8603,"38.8603",True,"胆囊动脉结扎术","手术"
nhsa_jbzd_38_8604,"38.8604",True,"肠系膜动脉结扎术","手术"
nhsa_jbzd_38_8605,"38.8605",True,"肝动脉结扎术","手术"
nhsa_jbzd_38_8606,"38.8606",True,"脾动脉结扎术","手术"
nhsa_jbzd_38_8607,"38.8607",True,"髂动脉结扎术","手术"
nhsa_jbzd_38_8608,"38.8608",True,"肾动脉结扎术","手术"
nhsa_jbzd_38_8609,"38.8609",True,"子宫动脉结扎术","手术"
nhsa_jbzd_38_8700,"38.8700",True,"腹静脉的其他手术闭合","手术"
nhsa_jbzd_38_8700x001,"38.8700x001",True,"腹部静脉结扎术","手术"
nhsa_jbzd_38_8700x002,"38.8700x002",True,"卵巢动静脉高位结扎术","手术"
nhsa_jbzd_38_8700x008,"38.8700x008",True,"子宫动静脉高位结扎术","手术"
nhsa_jbzd_38_8700x009,"38.8700x009",True,"腹腔镜下卵巢动静脉高位结扎术","手术"
nhsa_jbzd_38_8700x010,"38.8700x010",True,"髂静脉结扎术","手术"
nhsa_jbzd_38_8700x011,"38.8700x011",True,"腹腔镜下门静脉结扎术","手术"
nhsa_jbzd_38_8700x012,"38.8700x012",True,"腹腔镜下脾动脉结扎术","手术"
nhsa_jbzd_38_8701,"38.8701",True,"肠系膜静脉结扎术","手术"
nhsa_jbzd_38_8702,"38.8702",True,"子宫静脉高位结扎术","手术"
nhsa_jbzd_38_8703,"38.8703",True,"肾静脉结扎术","手术"
nhsa_jbzd_38_8704,"38.8704",True,"门静脉结扎术","手术"
nhsa_jbzd_38_8705,"38.8705",True,"阴茎静脉结扎术","手术"
nhsa_jbzd_38_8800,"38.8800",True,"下肢动脉的其他手术闭合","手术"
nhsa_jbzd_38_8800x002,"38.8800x002",True,"髂内动脉结扎术","手术"
nhsa_jbzd_38_8800x003,"38.8800x003",True,"股深动脉结扎术","手术"
nhsa_jbzd_38_8800x004,"38.8800x004",True,"股浅动脉结扎术","手术"
nhsa_jbzd_38_8800x005,"38.8800x005",True,"股总动脉结扎术","手术"
nhsa_jbzd_38_8801,"38.8801",True,"下肢动脉结扎术","手术"
nhsa_jbzd_38_8900,"38.8900",True,"下肢静脉的其他手术闭合","手术"
nhsa_jbzd_38_8900x001,"38.8900x001",True,"下肢静脉滤器置入术","介入治疗"
nhsa_jbzd_38_8901,"38.8901",True,"下肢静脉结扎术","手术"
nhsa_jbzd_38_9100,"38.9100",True,"动脉导管插入术","治疗性操作"
nhsa_jbzd_38_9100x601,"38.9100x601",True,"肝动脉插管术","治疗性操作"
nhsa_jbzd_38_9100x602,"38.9100x602",True,"髂内动脉插管术","治疗性操作"
nhsa_jbzd_38_9200,"38.9200",True,"脐静脉导管插入术","治疗性操作"
nhsa_jbzd_38_9300,"38.9300",True,"静脉导管插入术","治疗性操作"
nhsa_jbzd_38_9300x001,"38.9300x001",True,"经皮岩下窦静脉取血术（IPSS）","诊断性操作"
nhsa_jbzd_38_9300x002,"38.9300x002",True,"经皮肾上腺静脉取血术","诊断性操作"
nhsa_jbzd_38_9300x003,"38.9300x003",True,"经皮肾静脉取血术","诊断性操作"
nhsa_jbzd_38_9300x004,"38.9300x004",True,"经皮上腔静脉取血术","诊断性操作"
nhsa_jbzd_38_9300x005,"38.9300x005",True,"经皮下腔静脉取血术","诊断性操作"
nhsa_jbzd_38_9300x006,"38.9300x006",True,"经皮甲状旁腺静脉取血术","诊断性操作"
nhsa_jbzd_38_9300x007,"38.9300x007",True,"经皮奇静脉取血术","诊断性操作"
nhsa_jbzd_38_9300x008,"38.9300x008",True,"经皮肝静脉取血术","诊断性操作"
nhsa_jbzd_38_9300x201,"38.9300x201",True,"颈静脉插管术","治疗性操作"
nhsa_jbzd_38_9300x202,"38.9300x202",True,"经皮颈静脉肝内门静脉-腔静脉置管术","治疗性操作"
nhsa_jbzd_38_9300x701,"38.9300x701",True,"肝静脉插管术","治疗性操作"
nhsa_jbzd_38_9300x702,"38.9300x702",True,"肾静脉插管术","治疗性操作"
nhsa_jbzd_38_9300x901,"38.9300x901",True,"大隐静脉插管术","治疗性操作"
nhsa_jbzd_38_9301,"38.9301",True,"经外周静脉穿刺中心静脉置管术","治疗性操作"
nhsa_jbzd_38_9302,"38.9302",True,"颈内静脉穿刺中心静脉置管术","治疗性操作"
nhsa_jbzd_38_9303,"38.9303",True,"锁骨下静脉穿刺中心静脉置管术","治疗性操作"
nhsa_jbzd_38_9304,"38.9304",True,"股静脉穿刺置管术","治疗性操作"
nhsa_jbzd_38_9400,"38.9400",True,"静脉缩短","治疗性操作"
nhsa_jbzd_38_9500,"38.9500",True,"静脉导管插入术，为肾透析","治疗性操作"
nhsa_jbzd_38_9501,"38.9501",True,"为肾透析半永久静脉插管术","治疗性操作"
nhsa_jbzd_38_9502,"38.9502",True,"为肾透析的临时静脉插管术","治疗性操作"
nhsa_jbzd_38_9700,"38.9700",True,"中心静脉导管置换伴有诱导","治疗性操作"
nhsa_jbzd_38_9700x002,"38.9700x002",True,"引导下中心静脉置管术","治疗性操作"
nhsa_jbzd_38_9800,"38.9800",True,"动脉其他穿刺","治疗性操作"
nhsa_jbzd_38_9800x001,"38.9800x001",True,"动脉穿刺术","治疗性操作"
nhsa_jbzd_38_9800x801,"38.9800x801",True,"股动脉穿刺术","治疗性操作"
nhsa_jbzd_38_9900,"38.9900",True,"静脉其他穿刺","治疗性操作"
nhsa_jbzd_38_9900x002,"38.9900x002",True,"静脉穿刺术","治疗性操作"
nhsa_jbzd_38_9900x501,"38.9900x501",True,"锁骨下静脉穿刺术","治疗性操作"
nhsa_jbzd_38_9900x701,"38.9900x701",True,"脐静脉穿刺术","治疗性操作"
nhsa_jbzd_38_9900x901,"38.9900x901",True,"股静脉穿刺术","治疗性操作"
nhsa_jbzd_39_0x00,"39.0x00",True,"体动脉至肺动脉的分流术","手术"
nhsa_jbzd_39_0x01,"39.0x01",True,"升主动脉-肺动脉吻合术","手术"
nhsa_jbzd_39_0x02,"39.0x02",True,"锁骨下动脉-肺动脉吻合术","手术"
nhsa_jbzd_39_0x03,"39.0x03",True,"无名动脉-肺动脉吻合术","手术"
nhsa_jbzd_39_0x04,"39.0x04",True,"主动脉-肺动脉吻合术","手术"
nhsa_jbzd_39_0x05,"39.0x05",True,"降主动脉-肺动脉吻合术","手术"
nhsa_jbzd_39_1x00,"39.1x00",True,"腹内静脉分流术","手术"
nhsa_jbzd_39_1x00x006,"39.1x00x006",True,"肾静脉-下腔静脉吻合术","手术"
nhsa_jbzd_39_1x00x007,"39.1x00x007",True,"肠系膜上静脉-右心房人工血管分流术","手术"
nhsa_jbzd_39_1x00x008,"39.1x00x008",True,"脾静脉-下腔静脉人工血管分流术","手术"
nhsa_jbzd_39_1x00x009,"39.1x00x009",True,"肠系膜上静脉-下腔静脉颈内静脉搭桥术","手术"
nhsa_jbzd_39_1x00x010,"39.1x00x010",True,"肠系膜上静脉-下腔静脉人工血管搭桥术","手术"
nhsa_jbzd_39_1x00x011,"39.1x00x011",True,"肠系膜上静脉-下腔静脉-右心房人工血管搭桥术","手术"
nhsa_jbzd_39_1x00x012,"39.1x00x012",True,"颈外静脉-大隐静脉分流术","手术"
nhsa_jbzd_39_1x00x013,"39.1x00x013",True,"胃冠状静脉-肾静脉吻合术","手术"
nhsa_jbzd_39_1x00x014,"39.1x00x014",True,"无名静脉-上腔静脉人工血管搭桥术","手术"
nhsa_jbzd_39_1x00x015,"39.1x00x015",True,"无名静脉-右心耳人工血管搭桥术","手术"
nhsa_jbzd_39_1x00x016,"39.1x00x016",True,"下腔静脉-右心耳人工血管搭桥术","手术"
nhsa_jbzd_39_1x00x017,"39.1x00x017",True,"下腔静脉-右心房人工血管搭桥术","手术"
nhsa_jbzd_39_1x00x018,"39.1x00x018",True,"腔静脉－右心房人工血管搭桥术","手术"
nhsa_jbzd_39_1x00x019,"39.1x00x019",True,"上腔静脉-右心房人工血管搭桥术","手术"
nhsa_jbzd_39_1x00x020,"39.1x00x020",True,"胃左动脉-门静脉吻合术","手术"
nhsa_jbzd_39_1x00x021,"39.1x00x021",True,"门静脉-门静脉吻合术","手术"
nhsa_jbzd_39_1x00x022,"39.1x00x022",True,"脾静脉-门静脉吻合术","手术"
nhsa_jbzd_39_1x00x023,"39.1x00x023",True,"肠系膜静脉-门静脉吻合术","手术"
nhsa_jbzd_39_1x00x024,"39.1x00x024",True,"肝下下腔静脉-肝上下腔静脉人工血管搭桥术","手术"
nhsa_jbzd_39_1x01,"39.1x01",True,"肠系膜静脉-腔静脉吻合术","手术"
nhsa_jbzd_39_1x02,"39.1x02",True,"肠系膜上静脉-下腔静脉-右心房搭桥术","手术"
nhsa_jbzd_39_1x03,"39.1x03",True,"门静脉-腔静脉吻合术","手术"
nhsa_jbzd_39_1x04,"39.1x04",True,"肾静脉-腔静脉吻合术","手术"
nhsa_jbzd_39_1x05,"39.1x05",True,"肠系膜上静脉-下腔静脉吻合术","手术"
nhsa_jbzd_39_1x06,"39.1x06",True,"脾静脉-腔静脉吻合术","手术"
nhsa_jbzd_39_1x07,"39.1x07",True,"脾静脉-肾静脉吻合术","手术"
nhsa_jbzd_39_1x08,"39.1x08",True,"肝圆韧带架桥门静脉-下腔静脉吻合术","手术"
nhsa_jbzd_39_1x09,"39.1x09",True,"肝圆韧带架桥肠系膜上静脉-下腔静脉吻合术","手术"
nhsa_jbzd_39_1x10,"39.1x10",True,"经颈静脉肝内门体静脉吻合术","治疗性操作"
nhsa_jbzd_39_2100,"39.2100",True,"腔静脉-肺动脉吻合术","手术"
nhsa_jbzd_39_2100x001,"39.2100x001",True,"肺动脉-上腔静脉分流术","手术"
nhsa_jbzd_39_2100x003,"39.2100x003",True,"单向肺动脉-上腔静脉分流术[单向Glenn手术]","手术"
nhsa_jbzd_39_2100x004,"39.2100x004",True,"双向肺动脉-上腔静脉分流术[双向Glenn手术]","手术"
nhsa_jbzd_39_2100x005,"39.2100x005",True,"双侧双向肺动脉-上腔静脉分流术[双侧双向Glenn手术]","手术"
nhsa_jbzd_39_2100x006,"39.2100x006",True,"侧通道全腔静脉-肺动脉吻合术","手术"
nhsa_jbzd_39_2100x007,"39.2100x007",True,"外通道全腔静脉-肺动脉吻合术","手术"
nhsa_jbzd_39_2101,"39.2101",True,"腔静脉-右心房搭桥术","手术"
nhsa_jbzd_39_2102,"39.2102",True,"上腔静脉-右肺动脉吻合术","手术"
nhsa_jbzd_39_2200,"39.2200",True,"主动脉-锁骨下-颈动脉搭桥","手术"
nhsa_jbzd_39_2200x001,"39.2200x001",True,"降主动脉-锁骨下动脉人工血管搭桥术","手术"
nhsa_jbzd_39_2200x002,"39.2200x002",True,"颈外动脉-颈内动脉人工血管搭桥术","手术"
nhsa_jbzd_39_2200x003,"39.2200x003",True,"颈总动脉-肱动脉自体血管搭桥术","手术"
nhsa_jbzd_39_2200x004,"39.2200x004",True,"颈总动脉-锁骨下动脉搭桥术","手术"
nhsa_jbzd_39_2200x005,"39.2200x005",True,"颈总动脉-腋动脉自体血管搭桥术","手术"
nhsa_jbzd_39_2200x006,"39.2200x006",True,"颈总动脉-腋动脉人工血管搭桥术","手术"
nhsa_jbzd_39_2200x008,"39.2200x008",True,"升主动脉-颈总动脉人工血管搭桥术","手术"
nhsa_jbzd_39_2200x009,"39.2200x009",True,"升主动脉-锁骨下动脉人工血管搭桥术","手术"
nhsa_jbzd_39_2200x010,"39.2200x010",True,"升主动脉-腋动脉人工血管搭桥术","手术"
nhsa_jbzd_39_2200x011,"39.2200x011",True,"锁骨下动脉-肱动脉自体血管搭桥术","手术"
nhsa_jbzd_39_2200x012,"39.2200x012",True,"主动脉-颈动脉人工血管搭桥术","手术"
nhsa_jbzd_39_2200x014,"39.2200x014",True,"锁骨下动脉-肱动脉人工血管搭桥术","手术"
nhsa_jbzd_39_2200x015,"39.2200x015",True,"升主动脉-头臂血管人工血管搭桥术","手术"
nhsa_jbzd_39_2200x016,"39.2200x016",True,"升主动脉-无名动脉人工血管搭桥术","手术"
nhsa_jbzd_39_2200x017,"39.2200x017",True,"颈内静脉-锁骨下静脉自体血管搭桥术","手术"
nhsa_jbzd_39_2200x018,"39.2200x018",True,"颈外动脉-颈内动脉自体血管搭桥术","手术"
nhsa_jbzd_39_2200x019,"39.2200x019",True,"颈总动脉-肱动脉人工血管搭桥术","手术"
nhsa_jbzd_39_2200x020,"39.2200x020",True,"颈内静脉-大隐静脉分流术","手术"
nhsa_jbzd_39_2200x021,"39.2200x021",True,"主动脉-锁骨下动脉-颈动脉搭桥术","手术"
nhsa_jbzd_39_2200x022,"39.2200x022",True,"左颈总动脉-右颈总动脉人工血管搭桥术","手术"
nhsa_jbzd_39_2200x023,"39.2200x023",True,"椎动脉-锁骨下动脉人工血管搭桥术  ","手术"
nhsa_jbzd_39_2200x024,"39.2200x024",True,"锁骨下动脉-无名动脉人工血管搭桥术","手术"
nhsa_jbzd_39_2200x025,"39.2200x025",True,"锁骨下动脉-无名动脉自体血管搭桥术","手术"
nhsa_jbzd_39_2200x026,"39.2200x026",True,"升主动脉-降主动脉人工血管搭桥术","手术"
nhsa_jbzd_39_2201,"39.2201",True,"主动脉-锁骨下动脉-肱动脉搭桥术","手术"
nhsa_jbzd_39_2202,"39.2202",True,"锁骨下动脉-肱动脉搭桥术","手术"
nhsa_jbzd_39_2203,"39.2203",True,"主动脉-颈动脉搭桥术","手术"
nhsa_jbzd_39_2204,"39.2204",True,"主动脉-锁骨下动脉搭桥术","手术"
nhsa_jbzd_39_2205,"39.2205",True,"颈动脉-颈动脉搭桥术","手术"
nhsa_jbzd_39_2206,"39.2206",True,"颈动脉-腋动脉搭桥术","手术"
nhsa_jbzd_39_2207,"39.2207",True,"主动脉-颈动脉-腋动脉搭桥术","手术"
nhsa_jbzd_39_2208,"39.2208",True,"颈动脉-锁骨下动脉搭桥术","手术"
nhsa_jbzd_39_2209,"39.2209",True,"颈动脉-锁骨上动脉搭桥术","手术"
nhsa_jbzd_39_2210,"39.2210",True,"锁骨下动脉-锁骨下动脉搭桥术","手术"
nhsa_jbzd_39_2211,"39.2211",True,"颈动脉-肱动脉搭桥术","手术"
nhsa_jbzd_39_2212,"39.2212",True,"主动脉-肱动脉搭桥术","手术"
nhsa_jbzd_39_2300,"39.2300",True,"其他胸内血管分流术或搭桥","手术"
nhsa_jbzd_39_2300x003,"39.2300x003",True,"肺动脉融合术","手术"
nhsa_jbzd_39_2300x004,"39.2300x004",True,"无名静脉-右心房人工血管搭桥术","手术"
nhsa_jbzd_39_2300x005,"39.2300x005",True,"降主动脉腹主动脉人造血管旁路术","手术"
nhsa_jbzd_39_2300x006,"39.2300x006",True,"右心房-颈静脉搭桥术","手术"
nhsa_jbzd_39_2300x009,"39.2300x009",True,"无名动脉-颈总动脉搭桥术","手术"
nhsa_jbzd_39_2301,"39.2301",True,"升主动脉-降主动脉搭桥术","手术"
nhsa_jbzd_39_2302,"39.2302",True,"升主动脉-腹主动脉搭桥术","手术"
nhsa_jbzd_39_2303,"39.2303",True,"降主动脉-胸主动脉搭桥术","手术"
nhsa_jbzd_39_2304,"39.2304",True,"无名静脉-上腔静脉搭桥术","手术"
nhsa_jbzd_39_2305,"39.2305",True,"上腔静脉-右心房搭桥术","手术"
nhsa_jbzd_39_2306,"39.2306",True,"下腔静脉-右肺静脉搭桥术","手术"
nhsa_jbzd_39_2307,"39.2307",True,"右心房-右肺静脉搭桥术","手术"
nhsa_jbzd_39_2308,"39.2308",True,"颈静脉-锁骨下静脉搭桥术","手术"
nhsa_jbzd_39_2400,"39.2400",True,"主动脉-肾动脉搭桥","手术"
nhsa_jbzd_39_2400x001,"39.2400x001",True,"主动脉-肾动脉人工血管搭桥术","手术"
nhsa_jbzd_39_2400x002,"39.2400x002",True,"主动脉-肾动脉自体血管搭桥术","手术"
nhsa_jbzd_39_2401,"39.2401",True,"腹主动脉-肾动脉搭桥术","手术"
nhsa_jbzd_39_2500,"39.2500",True,"主动脉-髂动脉-股动脉搭桥","手术"
nhsa_jbzd_39_2500x001,"39.2500x001",True,"腹主动脉-股动脉-髂动脉人工血管搭桥术","手术"
nhsa_jbzd_39_2500x002,"39.2500x002",True,"腹主动脉-股动脉人工血管搭桥术","手术"
nhsa_jbzd_39_2500x003,"39.2500x003",True,"腹主动脉-髂动脉人工血管搭桥术","手术"
nhsa_jbzd_39_2500x004,"39.2500x004",True,"腹主动脉-双侧髂动脉人工血管搭桥术","手术"
nhsa_jbzd_39_2500x005,"39.2500x005",True,"髂动脉-股动脉人工血管搭桥术","手术"
nhsa_jbzd_39_2500x006,"39.2500x006",True,"髂动脉-腘动脉人工血管搭桥术","手术"
nhsa_jbzd_39_2500x007,"39.2500x007",True,"升主动脉-股动脉人工血管搭桥术","手术"
nhsa_jbzd_39_2500x008,"39.2500x008",True,"升主动脉-双股动脉人工血管搭桥术","手术"
nhsa_jbzd_39_2500x009,"39.2500x009",True,"髂动脉-股动脉-腘动脉人工血管搭桥术","手术"
nhsa_jbzd_39_2500x010,"39.2500x010",True,"髂动脉-股动脉-腘动脉自体血管搭桥术","手术"
nhsa_jbzd_39_2500x011,"39.2500x011",True,"髂动脉-股动脉人工血管-腘动脉自体血管搭桥术","手术"
nhsa_jbzd_39_2500x012,"39.2500x012",True,"髂动脉-股动脉自体血管搭桥术","手术"
nhsa_jbzd_39_2500x013,"39.2500x013",True,"髂动脉-腘动脉自体血管搭桥术","手术"
nhsa_jbzd_39_2500x014,"39.2500x014",True,"髂总动脉-腘动脉人工血管架桥术","手术"
nhsa_jbzd_39_2500x015,"39.2500x015",True,"髂总动脉-股动脉大隐静脉架桥术","手术"
nhsa_jbzd_39_2500x016,"39.2500x016",True,"主动脉-髂动脉自体血管搭桥术","手术"
nhsa_jbzd_39_2500x017,"39.2500x017",True,"主动脉-股动脉自体血管搭桥术","手术"
nhsa_jbzd_39_2500x018,"39.2500x018",True,"主动脉-腘动脉人工血管搭桥术","手术"
nhsa_jbzd_39_2500x019,"39.2500x019",True,"主动脉-腘动脉自体血管搭桥术","手术"
nhsa_jbzd_39_2500x020,"39.2500x020",True,"腋动脉-髂动脉人工血管搭桥术","手术"
nhsa_jbzd_39_2500x021,"39.2500x021",True,"腋动脉-髂动脉自体血管搭桥术","手术"
nhsa_jbzd_39_2501,"39.2501",True,"髂动脉-腘动脉搭桥术","手术"
nhsa_jbzd_39_2502,"39.2502",True,"腹主动脉-髂动脉搭桥术","手术"
nhsa_jbzd_39_2503,"39.2503",True,"腹主动脉-股动脉-髂动脉搭桥术","手术"
nhsa_jbzd_39_2504,"39.2504",True,"髂动脉-髂动脉搭桥术","手术"
nhsa_jbzd_39_2505,"39.2505",True,"腹主动脉-股动脉搭桥术","手术"
nhsa_jbzd_39_2506,"39.2506",True,"髂动脉-股动脉搭桥术","手术"
nhsa_jbzd_39_2507,"39.2507",True,"升主动脉-髂动脉搭桥术","手术"
nhsa_jbzd_39_2508,"39.2508",True,"髂动脉-股动脉-腘动脉搭桥术","手术"
nhsa_jbzd_39_2509,"39.2509",True,"胸主动脉-髂动脉搭桥术","手术"
nhsa_jbzd_39_2510,"39.2510",True,"腹主动脉-腘动脉搭桥术","手术"
nhsa_jbzd_39_2600,"39.2600",True,"其他腹内血管分流术或搭桥","手术"
nhsa_jbzd_39_2600x001,"39.2600x001",True,"腹主动脉-肠系膜上动脉人工血管搭桥术","手术"
nhsa_jbzd_39_2600x002,"39.2600x002",True,"髂总动脉-肠系膜上动脉搭桥术","手术"
nhsa_jbzd_39_2600x003,"39.2600x003",True,"髂总动脉-髂外动脉搭桥术","手术"
nhsa_jbzd_39_2600x004,"39.2600x004",True,"肾动脉-股动脉人工血管搭桥术","手术"
nhsa_jbzd_39_2600x006,"39.2600x006",True,"升主动脉-腹主动脉人工血管搭桥术","手术"
nhsa_jbzd_39_2600x007,"39.2600x007",True,"髂动脉-髂动脉人工血管搭桥术","手术"
nhsa_jbzd_39_2600x008,"39.2600x008",True,"腹主动脉-腹腔干动脉搭桥术","手术"
nhsa_jbzd_39_2600x009,"39.2600x009",True,"髂总动脉-腹腔干动脉人工血管搭桥术","手术"
nhsa_jbzd_39_2600x010,"39.2600x010",True,"肾动脉-股动脉自体血管搭桥术","手术"
nhsa_jbzd_39_2600x011,"39.2600x011",True,"肝动脉-脾动脉人工血管搭桥术","手术"
nhsa_jbzd_39_2600x012,"39.2600x012",True,"肝动脉-脾动脉自体血管搭桥术","手术"
nhsa_jbzd_39_2600x013,"39.2600x013",True,"髂动脉-肠系膜上动脉人工血管搭桥术","手术"
nhsa_jbzd_39_2601,"39.2601",True,"右心房-肠系膜上静脉搭桥术","手术"
nhsa_jbzd_39_2602,"39.2602",True,"髂动脉-肠系膜上动脉搭桥术","手术"
nhsa_jbzd_39_2604,"39.2604",True,"肾动脉-股动脉搭桥术","手术"
nhsa_jbzd_39_2605,"39.2605",True,"肾动脉-脾动脉搭桥术","手术"
nhsa_jbzd_39_2606,"39.2606",True,"腹主动脉-肠系膜上动脉搭桥术","手术"
nhsa_jbzd_39_2607,"39.2607",True,"肠系膜上动脉-髂动脉搭桥术","手术"
nhsa_jbzd_39_2700,"39.2700",True,"为肾透析，动静脉吻合术","手术"
nhsa_jbzd_39_2700x001,"39.2700x001",True,"为肾透析的动静脉造瘘术","手术"
nhsa_jbzd_39_2700x002,"39.2700x002",True,"为肾透析的动静脉人工血管搭桥术","手术"
nhsa_jbzd_39_2700x003,"39.2700x003",True,"为肾透析的人工血管造瘘术","手术"
nhsa_jbzd_39_2700x004,"39.2700x004",True,"为肾透析的移植血管造瘘术","手术"
nhsa_jbzd_39_2800,"39.2800",True,"颅外-颅内(EC-IC)血管搭桥","手术"
nhsa_jbzd_39_2800x002,"39.2800x002",True,"颞肌贴敷术","手术"
nhsa_jbzd_39_2800x003,"39.2800x003",True,"颈外动脉-大脑中动脉搭桥术","手术"
nhsa_jbzd_39_2800x004,"39.2800x004",True,"颈外动脉-大隐静脉-大脑中动脉搭桥","手术"
nhsa_jbzd_39_2800x005,"39.2800x005",True,"颈内动脉-大隐静脉-大脑中动脉搭桥","手术"
nhsa_jbzd_39_2800x006,"39.2800x006",True,"颈内动脉-桡动脉-大脑中动脉搭桥","手术"
nhsa_jbzd_39_2800x007,"39.2800x007",True,"颈外动脉-桡动脉-大脑中动脉搭桥","手术"
nhsa_jbzd_39_2800x008,"39.2800x008",True,"枕动脉-大脑后动脉搭桥术","手术"
nhsa_jbzd_39_2800x009,"39.2800x009",True,"枕动脉-小脑动脉搭桥术","手术"
nhsa_jbzd_39_2800x010,"39.2800x010",True,"颞浅动脉-大脑后动脉搭桥术","手术"
nhsa_jbzd_39_2801,"39.2801",True,"颞浅动脉-大脑中动脉搭桥术","手术"
nhsa_jbzd_39_2802,"39.2802",True,"脑硬膜动脉血管融通术","手术"
nhsa_jbzd_39_2900,"39.2900",True,"其他(周围)血管分流术或搭桥","手术"
nhsa_jbzd_39_2900x001,"39.2900x001",True,"大隐静脉-肱动脉搭桥术","手术"
nhsa_jbzd_39_2900x002,"39.2900x002",True,"大隐静脉-股动脉搭桥术","手术"
nhsa_jbzd_39_2900x003,"39.2900x003",True,"股动脉-腓动脉自体血管搭桥术","手术"
nhsa_jbzd_39_2900x004,"39.2900x004",True,"股动脉-腘动脉自体血管搭桥术","手术"
nhsa_jbzd_39_2900x005,"39.2900x005",True,"股动脉-腘动脉人工血管搭桥术","手术"
nhsa_jbzd_39_2900x010,"39.2900x010",True,"股浅动脉-股深动脉搭桥术","手术"
nhsa_jbzd_39_2900x011,"39.2900x011",True,"颈内静脉-股静脉搭桥术","手术"
nhsa_jbzd_39_2900x012,"39.2900x012",True,"颈外静脉-颈内静脉搭桥术","手术"
nhsa_jbzd_39_2900x015,"39.2900x015",True,"髂静脉-股静脉自体血管搭桥术","手术"
nhsa_jbzd_39_2900x017,"39.2900x017",True,"腋动脉-腋动脉人工血管搭桥术","手术"
nhsa_jbzd_39_2900x019,"39.2900x019",True,"腋动脉-股动脉人工血管搭桥术","手术"
nhsa_jbzd_39_2900x024,"39.2900x024",True,"肱动脉分支-肱动脉主干人工血管搭桥术","手术"
nhsa_jbzd_39_2900x025,"39.2900x025",True,"肱动脉-头静脉人工血管搭桥术","手术"
nhsa_jbzd_39_2900x026,"39.2900x026",True,"腘动脉-胫动脉自体血管搭桥术","手术"
nhsa_jbzd_39_2900x027,"39.2900x027",True,"股动脉-胫腓动脉干搭桥术","手术"
nhsa_jbzd_39_2900x028,"39.2900x028",True,"股静脉-股静脉人工血管搭桥术","手术"
nhsa_jbzd_39_2900x030,"39.2900x030",True,"腋动脉-腘动脉人工血管搭桥术","手术"
nhsa_jbzd_39_2900x031,"39.2900x031",True,"股动脉-股动脉人工血管搭桥术","手术"
nhsa_jbzd_39_2900x032,"39.2900x032",True,"股动脉-股动脉自体血管搭桥术","手术"
nhsa_jbzd_39_2900x033,"39.2900x033",True,"股动脉-腘动脉-腓动脉血管搭桥术","手术"
nhsa_jbzd_39_2900x034,"39.2900x034",True,"股动脉-腘动脉-腓动脉自体血管搭桥术","手术"
nhsa_jbzd_39_2900x035,"39.2900x035",True,"股动脉-腘动脉-胫后动脉血管搭桥术","手术"
nhsa_jbzd_39_2900x036,"39.2900x036",True,"股动脉-腘动脉-胫后动脉自体血管搭桥术","手术"
nhsa_jbzd_39_2900x037,"39.2900x037",True,"股动脉-腘动脉-胫前动脉血管搭桥术","手术"
nhsa_jbzd_39_2900x038,"39.2900x038",True,"股动脉-腘动脉-胫前动脉自体血管搭桥术","手术"
nhsa_jbzd_39_2900x039,"39.2900x039",True,"股动脉-腘动脉人工血管-腓动脉自体血管搭桥术","手术"
nhsa_jbzd_39_2900x040,"39.2900x040",True,"股动脉-腘动脉人工血管-胫后动脉自体血管搭桥术","手术"
nhsa_jbzd_39_2900x041,"39.2900x041",True,"股动脉-腘动脉人工血管-胫前动脉自体血管搭桥术","手术"
nhsa_jbzd_39_2900x042,"39.2900x042",True,"股动脉-胫后动脉自体血管搭桥术","手术"
nhsa_jbzd_39_2900x043,"39.2900x043",True,"股动脉-胫前动脉自体血管搭桥术","手术"
nhsa_jbzd_39_2900x044,"39.2900x044",True,"股静脉-大隐静脉吻合术","手术"
nhsa_jbzd_39_2900x045,"39.2900x045",True,"股静脉-股静脉自体血管搭桥术","手术"
nhsa_jbzd_39_2900x046,"39.2900x046",True,"腘动脉-腓动脉自体血管搭桥术","手术"
nhsa_jbzd_39_2900x047,"39.2900x047",True,"腘动脉-胫后动脉自体血管搭桥术","手术"
nhsa_jbzd_39_2900x048,"39.2900x048",True,"腘动脉-胫前动脉自体血管搭桥术","手术"
nhsa_jbzd_39_2900x049,"39.2900x049",True,"腋动脉-双股动脉人工血管搭桥术","手术"
nhsa_jbzd_39_2900x050,"39.2900x050",True,"腋动脉-肱动脉人工血管搭桥术","手术"
nhsa_jbzd_39_2900x051,"39.2900x051",True,"腋动脉-肱动脉自体血管搭桥术","手术"
nhsa_jbzd_39_2900x052,"39.2900x052",True,"股动脉-胫动脉人工血管搭桥术","手术"
nhsa_jbzd_39_2900x053,"39.2900x053",True,"股动脉-腓动脉人工血管搭桥术","手术"
nhsa_jbzd_39_2900x054,"39.2900x054",True,"右股动脉-左股动脉-腘动脉人工血管搭桥术","手术"
nhsa_jbzd_39_2900x055,"39.2900x055",True,"腘动脉-腘静脉自体血管搭桥术","手术"
nhsa_jbzd_39_2900x056,"39.2900x056",True,"腘动脉-足底动脉自体血管搭桥术","手术"
nhsa_jbzd_39_2900x057,"39.2900x057",True,"颈动脉-椎动脉搭桥术","手术"
nhsa_jbzd_39_2901,"39.2901",True,"髂静脉-股静脉搭桥术","手术"
nhsa_jbzd_39_2902,"39.2902",True,"股动脉-股动脉搭桥术","手术"
nhsa_jbzd_39_2903,"39.2903",True,"腋动脉-股动脉搭桥术","手术"
nhsa_jbzd_39_2904,"39.2904",True,"肱动脉-肱动脉搭桥术","手术"
nhsa_jbzd_39_2905,"39.2905",True,"肱动脉-头静脉搭桥术","手术"
nhsa_jbzd_39_2906,"39.2906",True,"股动脉-腓动脉搭桥术","手术"
nhsa_jbzd_39_2907,"39.2907",True,"股动脉-腘动脉搭桥术","手术"
nhsa_jbzd_39_2908,"39.2908",True,"股动脉-胫动脉搭桥术","手术"
nhsa_jbzd_39_2909,"39.2909",True,"肱动脉-尺动脉搭桥术","手术"
nhsa_jbzd_39_2910,"39.2910",True,"腋动脉-腋动脉搭桥术","手术"
nhsa_jbzd_39_2911,"39.2911",True,"腘动脉-腓动脉搭桥术","手术"
nhsa_jbzd_39_2912,"39.2912",True,"腘动脉-胫动脉搭桥术","手术"
nhsa_jbzd_39_2913,"39.2913",True,"腋动脉-腘动脉搭桥术","手术"
nhsa_jbzd_39_2914,"39.2914",True,"腘动脉-足背动脉搭桥术","手术"
nhsa_jbzd_39_2915,"39.2915",True,"腋动脉-肱动脉搭桥术","手术"
nhsa_jbzd_39_2916,"39.2916",True,"腘动脉-腘动脉搭桥术","手术"
nhsa_jbzd_39_3000,"39.3000",True,"血管缝合术","手术"
nhsa_jbzd_39_3100,"39.3100",True,"动脉缝合术","手术"
nhsa_jbzd_39_3100x002,"39.3100x002",True,"肱动脉修补术","手术"
nhsa_jbzd_39_3100x004,"39.3100x004",True,"股动脉修补术","手术"
nhsa_jbzd_39_3100x005,"39.3100x005",True,"颈总动脉修补术","手术"
nhsa_jbzd_39_3100x006,"39.3100x006",True,"肋间动脉修补术","手术"
nhsa_jbzd_39_3100x007,"39.3100x007",True,"桡动脉修补术","手术"
nhsa_jbzd_39_3100x009,"39.3100x009",True,"足背动脉修补术","手术"
nhsa_jbzd_39_3100x010,"39.3100x010",True,"尺动脉吻合术","手术"
nhsa_jbzd_39_3100x011,"39.3100x011",True,"锁骨下动脉缝合术","手术"
nhsa_jbzd_39_3100x012,"39.3100x012",True,"胸主动脉缝合术","手术"
nhsa_jbzd_39_3100x013,"39.3100x013",True,"腹主动脉缝合术","手术"
nhsa_jbzd_39_3100x014,"39.3100x014",True,"肝动脉缝合术","手术"
nhsa_jbzd_39_3100x015,"39.3100x015",True,"肠系膜动脉缝合术","手术"
nhsa_jbzd_39_3100x016,"39.3100x016",True,"子宫动脉缝合术","手术"
nhsa_jbzd_39_3100x017,"39.3100x017",True,"掌指动脉缝合术","手术"
nhsa_jbzd_39_3100x018,"39.3100x018",True,"指动脉缝合术","手术"
nhsa_jbzd_39_3100x019,"39.3100x019",True,"腓动脉缝合术","手术"
nhsa_jbzd_39_3101,"39.3101",True,"胫动脉缝合术","手术"
nhsa_jbzd_39_3102,"39.3102",True,"股动脉缝合术","手术"
nhsa_jbzd_39_3103,"39.3103",True,"腋动脉缝合术","手术"
nhsa_jbzd_39_3104,"39.3104",True,"肋间动脉缝合术","手术"
nhsa_jbzd_39_3105,"39.3105",True,"足背动脉缝合术","手术"
nhsa_jbzd_39_3106,"39.3106",True,"髂动脉缝合术","手术"
nhsa_jbzd_39_3107,"39.3107",True,"肺动脉缝合术","手术"
nhsa_jbzd_39_3108,"39.3108",True,"肾动脉缝合术","手术"
nhsa_jbzd_39_3109,"39.3109",True,"颈动脉缝合术","手术"
nhsa_jbzd_39_3110,"39.3110",True,"十二指肠动脉缝合术","手术"
nhsa_jbzd_39_3111,"39.3111",True,"腘动脉缝合术","手术"
nhsa_jbzd_39_3112,"39.3112",True,"肱动脉缝合术","手术"
nhsa_jbzd_39_3113,"39.3113",True,"桡动脉缝合术","手术"
nhsa_jbzd_39_3200,"39.3200",True,"静脉缝合术","手术"
nhsa_jbzd_39_3200x004,"39.3200x004",True,"门静脉缝合术","手术"
nhsa_jbzd_39_3200x006,"39.3200x006",True,"头静脉缝合术","手术"
nhsa_jbzd_39_3200x007,"39.3200x007",True,"髂静脉缝合术","手术"
nhsa_jbzd_39_3200x008,"39.3200x008",True,"移植肾的肾静脉缝合术","手术"
nhsa_jbzd_39_3200x009,"39.3200x009",True,"肾静脉缝合术","手术"
nhsa_jbzd_39_3200x010,"39.3200x010",True,"胫静脉缝合术","手术"
nhsa_jbzd_39_3200x011,"39.3200x011",True,"腘静脉缝合术","手术"
nhsa_jbzd_39_3200x012,"39.3200x012",True,"腓静脉缝合术","手术"
nhsa_jbzd_39_3200x013,"39.3200x013",True,"足静脉缝合术","手术"
nhsa_jbzd_39_3201,"39.3201",True,"肠系膜静脉缝合术","手术"
nhsa_jbzd_39_3202,"39.3202",True,"肱静脉缝合术","手术"
nhsa_jbzd_39_3203,"39.3203",True,"下腔静脉缝合术","手术"
nhsa_jbzd_39_3204,"39.3204",True,"颈静脉缝合术","手术"
nhsa_jbzd_39_3205,"39.3205",True,"上腔静脉缝合术","手术"
nhsa_jbzd_39_3206,"39.3206",True,"股静脉缝合术","手术"
nhsa_jbzd_39_3207,"39.3207",True,"肝静脉缝合术","手术"
nhsa_jbzd_39_4100,"39.4100",True,"血管手术后的出血控制","手术"
nhsa_jbzd_39_4100x001,"39.4100x001",True,"血管术后出血止血术","手术"
nhsa_jbzd_39_4100x002,"39.4100x002",True,"股动脉穿刺部位封堵术","治疗性操作"
nhsa_jbzd_39_4200,"39.4200",True,"动静脉分流术的修复术，为肾透析","手术"
nhsa_jbzd_39_4200x001,"39.4200x001",True,"为肾透析的动静脉瘘修补术","手术"
nhsa_jbzd_39_4200x002,"39.4200x002",True,"为肾透析的人工血管动静脉瘘修补术","手术"
nhsa_jbzd_39_4200x003,"39.4200x003",True,"为肾透析的移植血管动静脉瘘修补术","手术"
nhsa_jbzd_39_4200x004,"39.4200x004",True,"为肾透析的自体血管动静脉瘘修补术","手术"
nhsa_jbzd_39_4300,"39.4300",True,"去除动静脉分流，为肾透析","手术"
nhsa_jbzd_39_4300x001,"39.4300x001",True,"去除用于肾透析的动静脉搭桥术","手术"
nhsa_jbzd_39_4301,"39.4301",True,"前臂动静脉瘘管拔除术","手术"
nhsa_jbzd_39_4900,"39.4900",True,"血管操作的其他修复术","手术"
nhsa_jbzd_39_4900x001,"39.4900x001",True,"人工血管取出术","手术"
nhsa_jbzd_39_4900x004,"39.4900x004",True,"动静脉造瘘术后人工血管血栓切除术","手术"
nhsa_jbzd_39_4900x005,"39.4900x005",True,"下肢人工血管血栓切除术","手术"
nhsa_jbzd_39_4900x006,"39.4900x006",True,"上肢人工血管血栓切除术","手术"
nhsa_jbzd_39_4900x008,"39.4900x008",True,"肝动脉导管去除","介入治疗"
nhsa_jbzd_39_4900x010,"39.4900x010",True,"肺动脉环缩去除","介入治疗"
nhsa_jbzd_39_4900x011,"39.4900x011",True,"封堵器取出术","介入治疗"
nhsa_jbzd_39_4900x012,"39.4900x012",True,"经皮导管抓捕术","介入治疗"
nhsa_jbzd_39_4901,"39.4901",True,"上腔静脉滤器取出术","介入治疗"
nhsa_jbzd_39_4902,"39.4902",True,"下腔静脉滤器取出术","介入治疗"
nhsa_jbzd_39_4903,"39.4903",True,"体-肺分流再校正术","手术"
nhsa_jbzd_39_4904,"39.4904",True,"体-肺分流去除术","手术"
nhsa_jbzd_39_5000,"39.5000",True,"其他非冠状血管成形术","介入治疗"
nhsa_jbzd_39_5000x011,"39.5000x011",True,"下腔静脉球囊扩张成形术","介入治疗"
nhsa_jbzd_39_5000x013,"39.5000x013",True,"锁骨下静脉球囊扩张成形术","介入治疗"
nhsa_jbzd_39_5000x014,"39.5000x014",True,"主动脉球囊扩张成形术","介入治疗"
nhsa_jbzd_39_5000x015,"39.5000x015",True,"肺动脉球囊扩张成形术","介入治疗"
nhsa_jbzd_39_5000x019,"39.5000x019",True,"头臂静脉球囊扩张成形术","介入治疗"
nhsa_jbzd_39_5000x021,"39.5000x021",True,"上腔静脉球囊扩张成形术","介入治疗"
nhsa_jbzd_39_5000x024,"39.5000x024",True,"肝动脉球囊扩张成形术","介入治疗"
nhsa_jbzd_39_5000x025,"39.5000x025",True,"上肢静脉球囊扩张成形术","介入治疗"
nhsa_jbzd_39_5000x026,"39.5000x026",True,"下肢静脉球囊扩张成形术","介入治疗"
nhsa_jbzd_39_5000x027,"39.5000x027",True,"肺动脉分支球囊扩张成形术","介入治疗"
nhsa_jbzd_39_5000x029,"39.5000x029",True,"髂总动脉球囊扩张成形术","介入治疗"
nhsa_jbzd_39_5000x030,"39.5000x030",True,"髂外动脉球囊扩张成形术","介入治疗"
nhsa_jbzd_39_5000x031,"39.5000x031",True,"下肢动脉球囊扩张成形术","介入治疗"
nhsa_jbzd_39_5000x032,"39.5000x032",True,"动静脉造瘘后球囊扩张(用于肾透析)","介入治疗"
nhsa_jbzd_39_5000x033,"39.5000x033",True,"肺静脉球囊扩张成形术","介入治疗"
nhsa_jbzd_39_5000x034,"39.5000x034",True,"经皮腹腔干动脉球囊扩张成形术","介入治疗"
nhsa_jbzd_39_5000x035,"39.5000x035",True,"经皮腹腔动脉球囊扩张成形术","介入治疗"
nhsa_jbzd_39_5000x036,"39.5000x036",True,"经皮胃左动脉球囊扩张成形术","介入治疗"
nhsa_jbzd_39_5000x037,"39.5000x037",True,"经皮肠系膜动脉球囊扩张成形术","介入治疗"
nhsa_jbzd_39_5000x038,"39.5000x038",True,"经皮肩峰动脉球囊扩张成形术","介入治疗"
nhsa_jbzd_39_5000x039,"39.5000x039",True,"经皮乳内动脉球囊扩张成形术","介入治疗"
nhsa_jbzd_39_5000x040,"39.5000x040",True,"经皮胫腓干动脉球囊成形术","介入治疗"
nhsa_jbzd_39_5000x041,"39.5000x041",True,"经皮足背动脉球囊扩张成形术","介入治疗"
nhsa_jbzd_39_5001,"39.5001",True,"锁骨下动脉球囊血管成形术","介入治疗"
nhsa_jbzd_39_5002,"39.5002",True,"肾动脉球囊血管成形术","介入治疗"
nhsa_jbzd_39_5003,"39.5003",True,"升主动脉球囊血管成形术","介入治疗"
nhsa_jbzd_39_5004,"39.5004",True,"股动脉球囊血管成形术","介入治疗"
nhsa_jbzd_39_5005,"39.5005",True,"髂动脉球囊血管成形术","介入治疗"
nhsa_jbzd_39_5006,"39.5006",True,"肝静脉球囊血管成形术","介入治疗"
nhsa_jbzd_39_5007,"39.5007",True,"髂静脉球囊血管成形术","介入治疗"
nhsa_jbzd_39_5008,"39.5008",True,"无名动脉球囊血管成形术","介入治疗"
nhsa_jbzd_39_5009,"39.5009",True,"腘动脉球囊血管成形术","介入治疗"
nhsa_jbzd_39_5010,"39.5010",True,"腹主动脉球囊血管成形术","介入治疗"
nhsa_jbzd_39_5011,"39.5011",True,"胫动脉球囊血管成形术","介入治疗"
nhsa_jbzd_39_5012,"39.5012",True,"腔静脉球囊血管成形术","介入治疗"
nhsa_jbzd_39_5013,"39.5013",True,"桡动脉球囊血管成形术","介入治疗"
nhsa_jbzd_39_5014,"39.5014",True,"腋动脉球囊血管成形术","介入治疗"
nhsa_jbzd_39_5015,"39.5015",True,"腓动脉球囊血管成形术","介入治疗"
nhsa_jbzd_39_5016,"39.5016",True,"肱动脉球囊血管成形术","介入治疗"
nhsa_jbzd_39_5017,"39.5017",True,"门静脉球囊扩张成形术","介入治疗"
nhsa_jbzd_39_5100,"39.5100",True,"钳夹动脉瘤","手术"
nhsa_jbzd_39_5100x004,"39.5100x004",True,"内窥镜下脑动脉瘤夹闭术","手术"
nhsa_jbzd_39_5100x007,"39.5100x007",True,"脑动脉瘤夹闭术","手术"
nhsa_jbzd_39_5100x008,"39.5100x008",True,"上肢动脉瘤钳夹术","手术"
nhsa_jbzd_39_5100x009,"39.5100x009",True,"下肢动脉瘤钳夹术","手术"
nhsa_jbzd_39_5101,"39.5101",True,"颈动脉瘤夹闭术","手术"
nhsa_jbzd_39_5102,"39.5102",True,"大脑前动脉瘤夹闭术","手术"
nhsa_jbzd_39_5103,"39.5103",True,"大脑中动脉瘤夹闭术","手术"
nhsa_jbzd_39_5104,"39.5104",True,"后交通动脉瘤夹闭术","手术"
nhsa_jbzd_39_5105,"39.5105",True,"基底动脉瘤夹闭术","手术"
nhsa_jbzd_39_5106,"39.5106",True,"椎动脉瘤夹闭术","手术"
nhsa_jbzd_39_5107,"39.5107",True,"前交通动脉瘤夹闭术","手术"
nhsa_jbzd_39_5108,"39.5108",True,"小脑上动脉瘤夹闭术","手术"
nhsa_jbzd_39_5200,"39.5200",True,"动脉瘤其他修补术","手术"
nhsa_jbzd_39_5200x002,"39.5200x002",True,"动脉瘤破裂修补术","手术"
nhsa_jbzd_39_5200x003,"39.5200x003",True,"动脉瘤孤立术","手术"
nhsa_jbzd_39_5200x005,"39.5200x005",True,"肺动脉瘤包裹术","手术"
nhsa_jbzd_39_5200x006,"39.5200x006",True,"主动脉瘤包裹术(非体外)","手术"
nhsa_jbzd_39_5200x007,"39.5200x007",True,"颅内动脉瘤修补术","手术"
nhsa_jbzd_39_5200x008,"39.5200x008",True,"颈动脉瘤修补术","手术"
nhsa_jbzd_39_5200x009,"39.5200x009",True,"锁骨下动脉瘤修补术","手术"
nhsa_jbzd_39_5200x010,"39.5200x010",True,"胸主动脉瘤修补术","手术"
nhsa_jbzd_39_5200x011,"39.5200x011",True,"肺动脉瘤修补术","手术"
nhsa_jbzd_39_5200x012,"39.5200x012",True,"腹腔动脉瘤修补术","手术"
nhsa_jbzd_39_5200x013,"39.5200x013",True,"腹主动脉瘤修补术","手术"
nhsa_jbzd_39_5200x014,"39.5200x014",True,"胰十二指肠上动脉瘤修补术","手术"
nhsa_jbzd_39_5200x015,"39.5200x015",True,"肠系膜动脉瘤修补术","手术"
nhsa_jbzd_39_5200x016,"39.5200x016",True,"上肢动脉瘤修补术","手术"
nhsa_jbzd_39_5200x017,"39.5200x017",True,"下肢动脉瘤修补术","手术"
nhsa_jbzd_39_5201,"39.5201",True,"动脉瘤包裹术","手术"
nhsa_jbzd_39_5202,"39.5202",True,"动脉瘤缝扎术","手术"
nhsa_jbzd_39_5203,"39.5203",True,"动脉瘤折叠术","手术"
nhsa_jbzd_39_5300,"39.5300",True,"动静脉瘘修补术","手术"
nhsa_jbzd_39_5300x005,"39.5300x005",True,"颈动静脉瘘栓塞术","介入治疗"
nhsa_jbzd_39_5300x007,"39.5300x007",True,"上肢动静脉瘘栓塞术","介入治疗"
nhsa_jbzd_39_5300x008,"39.5300x008",True,"肺动静脉瘘栓塞术","介入治疗"
nhsa_jbzd_39_5300x009,"39.5300x009",True,"下肢动静脉瘘栓塞术","介入治疗"
nhsa_jbzd_39_5300x010,"39.5300x010",True,"下肢动静脉瘘电凝术","介入治疗"
nhsa_jbzd_39_5300x011,"39.5300x011",True,"动静脉瘘切除术","手术"
nhsa_jbzd_39_5300x013,"39.5300x013",True,"颈动静脉瘘修补术","手术"
nhsa_jbzd_39_5300x014,"39.5300x014",True,"躯干动静脉瘘栓塞术","介入治疗"
nhsa_jbzd_39_5300x015,"39.5300x015",True,"人工动静脉瘘切除术","手术"
nhsa_jbzd_39_5300x016,"39.5300x016",True,"人工动静脉瘘修补术","手术"
nhsa_jbzd_39_5300x017,"39.5300x017",True,"上肢动静脉瘘结扎术","手术"
nhsa_jbzd_39_5300x018,"39.5300x018",True,"下肢动静脉瘘结扎术","手术"
nhsa_jbzd_39_5300x019,"39.5300x019",True,"脑动静脉瘘修补术","手术"
nhsa_jbzd_39_5300x020,"39.5300x020",True,"椎管内动静脉瘘修补术","手术"
nhsa_jbzd_39_5300x021,"39.5300x021",True,"头面部动静脉瘘修补术","手术"
nhsa_jbzd_39_5300x022,"39.5300x022",True,"锁骨下动静脉瘘修补术","手术"
nhsa_jbzd_39_5300x023,"39.5300x023",True,"肺动静脉瘘修补术","手术"
nhsa_jbzd_39_5300x024,"39.5300x024",True,"躯干部动静脉瘘修补术","手术"
nhsa_jbzd_39_5300x025,"39.5300x025",True,"股动静脉瘘修补术","手术"
nhsa_jbzd_39_5300x026,"39.5300x026",True,"硬脊膜动静脉瘘栓塞术","介入治疗"
nhsa_jbzd_39_5300x027,"39.5300x027",True,"肝动脉-门静脉瘘栓塞术","介入治疗"
nhsa_jbzd_39_5300x028,"39.5300x028",True,"腹腔动脉-门静脉瘘栓塞术","介入治疗"
nhsa_jbzd_39_5300x029,"39.5300x029",True,"肾动静脉瘘栓塞术","介入治疗"
nhsa_jbzd_39_5300x030,"39.5300x030",True,"头面部动静脉瘘栓塞术","介入治疗"
nhsa_jbzd_39_5300x031,"39.5300x031",True,"阴茎动静脉瘘栓塞术","介入治疗"
nhsa_jbzd_39_5300x032,"39.5300x032",True,"锁骨下动静脉瘘封堵术","介入治疗"
nhsa_jbzd_39_5301,"39.5301",True,"动静脉瘘栓塞术","介入治疗"
nhsa_jbzd_39_5302,"39.5302",True,"动静脉瘘切断术","手术"
nhsa_jbzd_39_5303,"39.5303",True,"动静脉瘘结扎术","手术"
nhsa_jbzd_39_5304,"39.5304",True,"动静脉瘘夹闭术","手术"
nhsa_jbzd_39_5400,"39.5400",True,"再进入手术(主动脉)","手术"
nhsa_jbzd_39_5400x001,"39.5400x001",True,"胸主动脉夹层动脉瘤开窗术","手术"
nhsa_jbzd_39_5500,"39.5500",True,"迷走肾血管的再植入","手术"
nhsa_jbzd_39_5600,"39.5600",True,"用组织补片移植物的血管修补术","手术"
nhsa_jbzd_39_5600x001,"39.5600x001",True,"主动脉组织补片修补术","手术"
nhsa_jbzd_39_5600x002,"39.5600x002",True,"腔静脉组织补片修补术","手术"
nhsa_jbzd_39_5600x003,"39.5600x003",True,"肺动脉组织补片修补术","手术"
nhsa_jbzd_39_5600x004,"39.5600x004",True,"肺静脉组织补片修补术","手术"
nhsa_jbzd_39_5600x005,"39.5600x005",True,"门静脉组织补片修补术","手术"
nhsa_jbzd_39_5600x006,"39.5600x006",True,"下肢动脉组织补片修补术","手术"
nhsa_jbzd_39_5600x007,"39.5600x007",True,"上肢动脉组织补片修补术","手术"
nhsa_jbzd_39_5601,"39.5601",True,"动脉组织补片修补术","手术"
nhsa_jbzd_39_5602,"39.5602",True,"静脉组织补片修补术","手术"
nhsa_jbzd_39_5700,"39.5700",True,"用合成补片移植物的血管修补术","手术"
nhsa_jbzd_39_5700x003,"39.5700x003",True,"主动脉补片修补术","手术"
nhsa_jbzd_39_5700x004,"39.5700x004",True,"主动脉合成补片修补术","手术"
nhsa_jbzd_39_5700x005,"39.5700x005",True,"肺动脉合成补片修补术","手术"
nhsa_jbzd_39_5700x006,"39.5700x006",True,"上肢动脉合成补片修补术","手术"
nhsa_jbzd_39_5700x007,"39.5700x007",True,"上肢静脉合成补片修补术","手术"
nhsa_jbzd_39_5700x008,"39.5700x008",True,"下肢动脉合成补片修补术","手术"
nhsa_jbzd_39_5700x009,"39.5700x009",True,"下肢静脉合成补片修补术","手术"
nhsa_jbzd_39_5701,"39.5701",True,"静脉合成补片修补术","手术"
nhsa_jbzd_39_5702,"39.5702",True,"动脉合成补片修补术","手术"
nhsa_jbzd_39_5800,"39.5800",True,"用其他类型补片移植物的血管修补术","手术"
nhsa_jbzd_39_5900,"39.5900",True,"血管其他修补术","手术"
nhsa_jbzd_39_5900x001,"39.5900x001",True,"动脉修补术","手术"
nhsa_jbzd_39_5900x002,"39.5900x002",True,"肺动脉修补术","手术"
nhsa_jbzd_39_5900x003,"39.5900x003",True,"肝静脉成形术","手术"
nhsa_jbzd_39_5900x004,"39.5900x004",True,"股动脉成形术","手术"
nhsa_jbzd_39_5900x005,"39.5900x005",True,"腘静脉修补术","手术"
nhsa_jbzd_39_5900x006,"39.5900x006",True,"颈内动脉成形术","手术"
nhsa_jbzd_39_5900x007,"39.5900x007",True,"静脉修补术","手术"
nhsa_jbzd_39_5900x008,"39.5900x008",True,"髂动脉成形术","手术"
nhsa_jbzd_39_5900x009,"39.5900x009",True,"上腔静脉成形术","手术"
nhsa_jbzd_39_5900x010,"39.5900x010",True,"肾动脉成形术","手术"
nhsa_jbzd_39_5900x011,"39.5900x011",True,"无名动脉成形术","手术"
nhsa_jbzd_39_5900x012,"39.5900x012",True,"主动脉-肺动脉开窗术","手术"
nhsa_jbzd_39_5900x013,"39.5900x013",True,"颞浅动脉贴敷术","手术"
nhsa_jbzd_39_5900x014,"39.5900x014",True,"静脉瓣膜包裹术","手术"
nhsa_jbzd_39_5900x015,"39.5900x015",True,"肺静脉成形术","手术"
nhsa_jbzd_39_5900x016,"39.5900x016",True,"升主动脉成形术","手术"
nhsa_jbzd_39_5900x018,"39.5900x018",True,"主动脉成形术","手术"
nhsa_jbzd_39_5900x019,"39.5900x019",True,"股静脉环缩术","手术"
nhsa_jbzd_39_5900x020,"39.5900x020",True,"肺静脉再植入术","手术"
nhsa_jbzd_39_5900x021,"39.5900x021",True,"股静脉瓣膜环缩术","手术"
nhsa_jbzd_39_5900x022,"39.5900x022",True,"腘动脉修补术","手术"
nhsa_jbzd_39_5900x023,"39.5900x023",True,"体静脉狭窄矫治术","手术"
nhsa_jbzd_39_5900x024,"39.5900x024",True,"血管修补术","手术"
nhsa_jbzd_39_5900x025,"39.5900x025",True,"烟囱技术肠系膜上动脉重建术","手术"
nhsa_jbzd_39_5900x026,"39.5900x026",True,"烟囱技术髂内动脉重建术","手术"
nhsa_jbzd_39_5900x027,"39.5900x027",True,"烟囱技术肾动脉重建术","手术"
nhsa_jbzd_39_5900x028,"39.5900x028",True,"烟囱技术颈总动脉重建术","手术"
nhsa_jbzd_39_5900x029,"39.5900x029",True,"烟囱技术锁骨下动脉重建术","手术"
nhsa_jbzd_39_5900x030,"39.5900x030",True,"主动脉弓成形术","手术"
nhsa_jbzd_39_5900x031,"39.5900x031",True,"胸腔镜下肺动脉修补术","手术"
nhsa_jbzd_39_5900x032,"39.5900x032",True,"主动脉缩窄术","手术"
nhsa_jbzd_39_5900x033,"39.5900x033",True,"肺动脉干修补术","手术"
nhsa_jbzd_39_5900x034,"39.5900x034",True,"肺动脉闭锁修补术","手术"
nhsa_jbzd_39_5900x035,"39.5900x035",True,"下肢深静脉瓣膜成形术","手术"
nhsa_jbzd_39_5900x036,"39.5900x036",True,"下肢动脉成形术","手术"
nhsa_jbzd_39_6100,"39.6100",True,"体外循环辅助开放性心脏手术","手术"
nhsa_jbzd_39_6200,"39.6200",True,"低温(全身性)下开放性心脏手术","治疗性操作"
nhsa_jbzd_39_6300,"39.6300",True,"心麻痹","手术"
nhsa_jbzd_39_6400,"39.6400",True,"手术中心脏起搏器","治疗性操作"
nhsa_jbzd_39_6500,"39.6500",True,"体外膜氧合[ECMO]","治疗性操作"
nhsa_jbzd_39_6600,"39.6600",True,"经皮心肺搭桥","治疗性操作"
nhsa_jbzd_39_7100,"39.7100",True,"腹主动脉其他血管内移植物的植入","介入治疗"
nhsa_jbzd_39_7100x004,"39.7100x004",True,"腹主动脉栓塞术","介入治疗"
nhsa_jbzd_39_7101,"39.7101",True,"腹主动脉支架置入术","介入治疗"
nhsa_jbzd_39_7102,"39.7102",True,"腹主动脉覆膜支架腔内隔绝术","介入治疗"
nhsa_jbzd_39_7103,"39.7103",True,"腹主动脉分支覆膜支架置入术","介入治疗"
nhsa_jbzd_39_7200,"39.7200",True,"头和颈部血管内修补或闭合","介入治疗"
nhsa_jbzd_39_7200x001,"39.7200x001",True,"颈静脉支架置入术","介入治疗"
nhsa_jbzd_39_7200x004,"39.7200x004",True,"颈内动脉栓塞术","介入治疗"
nhsa_jbzd_39_7200x005,"39.7200x005",True,"颈动脉栓塞术","介入治疗"
nhsa_jbzd_39_7200x006,"39.7200x006",True,"大脑中动脉（MCA分叉部）动脉瘤栓塞术（AN）","介入治疗"
nhsa_jbzd_39_7200x007,"39.7200x007",True,"硬脑膜动静脉瘘栓塞术（DAVF）","介入治疗"
nhsa_jbzd_39_7200x008,"39.7200x008",True,"椎动静脉瘘栓塞术","介入治疗"
nhsa_jbzd_39_7200x009,"39.7200x009",True,"颌动脉栓塞术","介入治疗"
nhsa_jbzd_39_7201,"39.7201",True,"头部血管内修补或闭合术","介入治疗"
nhsa_jbzd_39_7202,"39.7202",True,"颈部血管内修补或闭合术","介入治疗"
nhsa_jbzd_39_7203,"39.7203",True,"经导管颅内动脉瘤栓塞术","介入治疗"
nhsa_jbzd_39_7204,"39.7204",True,"经导管颅内动脉瘤弹簧圈栓塞术","介入治疗"
nhsa_jbzd_39_7205,"39.7205",True,"经导管颅内动脉瘤支架辅助栓塞术","介入治疗"
nhsa_jbzd_39_7206,"39.7206",True,"经导管颈动脉瘤栓塞术","介入治疗"
nhsa_jbzd_39_7207,"39.7207",True,"经导管颈动脉瘤弹簧圈栓塞术","介入治疗"
nhsa_jbzd_39_7208,"39.7208",True,"经导管颈动脉瘤支架辅助栓塞术","介入治疗"
nhsa_jbzd_39_7209,"39.7209",True,"经导管颅内血管栓塞术","介入治疗"
nhsa_jbzd_39_7210,"39.7210",True,"经导管颅内血管弹簧圈栓塞术","介入治疗"
nhsa_jbzd_39_7211,"39.7211",True,"经导管颈部血管栓塞术","介入治疗"
nhsa_jbzd_39_7212,"39.7212",True,"经导管颈部血管弹簧圈栓塞术","介入治疗"
nhsa_jbzd_39_7213,"39.7213",True,"经导管椎动脉栓塞术","介入治疗"
nhsa_jbzd_39_7214,"39.7214",True,"经导管椎动脉弹簧圈栓塞术","介入治疗"
nhsa_jbzd_39_7215,"39.7215",True,"经导管硬脑膜血管栓塞术","介入治疗"
nhsa_jbzd_39_7216,"39.7216",True,"经导管颈内动脉海绵窦瘘栓塞术","介入治疗"
nhsa_jbzd_39_7300,"39.7300",True,"胸主动脉移植物的血管内植入术","介入治疗"
nhsa_jbzd_39_7300x003,"39.7300x003",True,"主动脉覆膜支架腔内隔绝术","介入治疗"
nhsa_jbzd_39_7300x004,"39.7300x004",True,"胸主动脉覆膜支架置入术(腋-腋、腋-颈、腋-腋-颈)[HYBRID复合手术]","介入治疗"
nhsa_jbzd_39_7301,"39.7301",True,"胸主动脉支架置入术","介入治疗"
nhsa_jbzd_39_7302,"39.7302",True,"胸主动脉分支覆膜支架置入术","介入治疗"
nhsa_jbzd_39_7303,"39.7303",True,"胸主动脉覆膜支架腔内隔绝术","介入治疗"
nhsa_jbzd_39_7400,"39.7400",True,"头和颈部血管梗阻的血管内去除术","介入治疗"
nhsa_jbzd_39_7400x001,"39.7400x001",True,"经皮颅内静脉取栓术","介入治疗"
nhsa_jbzd_39_7400x002,"39.7400x002",True,"经皮颅内动脉取栓术","介入治疗"
nhsa_jbzd_39_7400x003,"39.7400x003",True,"经皮颈静脉取栓术","介入治疗"
nhsa_jbzd_39_7400x004,"39.7400x004",True,"经皮颈动脉取栓术","介入治疗"
nhsa_jbzd_39_7401,"39.7401",True,"经导管颅内血管血栓去除术","介入治疗"
nhsa_jbzd_39_7402,"39.7402",True,"经导管入脑前血管血栓去除术","介入治疗"
nhsa_jbzd_39_7500,"39.7500",True,"头、颈部血管内裸弹簧圈栓塞或闭合","介入治疗"
nhsa_jbzd_39_7500x001,"39.7500x001",True,"经导管颅内动脉瘤裸弹簧圈栓塞术","介入治疗"
nhsa_jbzd_39_7500x002,"39.7500x002",True,"经导管颈动脉瘤裸弹簧圈栓塞术","介入治疗"
nhsa_jbzd_39_7500x003,"39.7500x003",True,"经导管颈部血管裸弹簧圈栓塞术","介入治疗"
nhsa_jbzd_39_7500x004,"39.7500x004",True,"经导管椎动脉裸弹簧圈栓塞术","介入治疗"
nhsa_jbzd_39_7501,"39.7501",True,"经导管颅内血管裸弹簧圈栓塞术","介入治疗"
nhsa_jbzd_39_7502,"39.7502",True,"经导管入脑前血管裸弹簧圈栓塞术","介入治疗"
nhsa_jbzd_39_7600,"39.7600",True,"头、颈部血管生物活性弹簧圈血管内栓塞或闭合","介入治疗"
nhsa_jbzd_39_7600x001,"39.7600x001",True,"经导管颅内血管生物活性弹簧圈栓塞术","介入治疗"
nhsa_jbzd_39_7601,"39.7601",True,"经导管颅内动脉瘤生物活性弹簧圈栓塞术","介入治疗"
nhsa_jbzd_39_7602,"39.7602",True,"经导管入脑前血管生物活性弹簧圈栓塞术","介入治疗"
nhsa_jbzd_39_7603,"39.7603",True,"经导管颈动脉瘤生物活性弹簧圈栓塞术","介入治疗"
nhsa_jbzd_39_7604,"39.7604",True,"经导管颈部血管生物活性弹簧圈栓塞术","介入治疗"
nhsa_jbzd_39_7605,"39.7605",True,"经导管椎动脉生物活性弹簧圈栓塞术","介入治疗"
nhsa_jbzd_39_7700,"39.7700",True,"血管暂时（部分的）治疗性血管内闭合","介入治疗"
nhsa_jbzd_39_7701,"39.7701",True,"腹主动脉球囊阻断术","介入治疗"
nhsa_jbzd_39_7800,"39.7800",True,"主动脉分支的血管内植入或开窗式移植物","介入治疗"
nhsa_jbzd_39_7800x001,"39.7800x001",True,"胸主动脉开窗分支覆膜支架置入术","介入治疗"
nhsa_jbzd_39_7800x002,"39.7800x002",True,"腹主动脉开窗分支覆膜支架置入术","介入治疗"
nhsa_jbzd_39_7800x003,"39.7800x003",True,"经皮半奇静脉封堵术","介入治疗"
nhsa_jbzd_39_7800x004,"39.7800x004",True,"经皮垂直静脉封堵术","介入治疗"
nhsa_jbzd_39_7800x005,"39.7800x005",True,"经皮乳内动脉封堵术","介入治疗"
nhsa_jbzd_39_7900,"39.7900",True,"其他血管的其他血管内修补术","介入治疗"
nhsa_jbzd_39_7900x003,"39.7900x003",True,"主动脉瘤支架置入术","介入治疗"
nhsa_jbzd_39_7900x007,"39.7900x007",True,"髂动脉瘤覆膜支架置入术","介入治疗"
nhsa_jbzd_39_7900x008,"39.7900x008",True,"经皮动脉导管未闭封堵术","介入治疗"
nhsa_jbzd_39_7900x009,"39.7900x009",True,"甲状腺动脉栓塞术","介入治疗"
nhsa_jbzd_39_7900x010,"39.7900x010",True,"主动脉伞堵术","介入治疗"
nhsa_jbzd_39_7900x011,"39.7900x011",True,"肺动脉栓塞术","介入治疗"
nhsa_jbzd_39_7900x013,"39.7900x013",True,"锁骨下动脉栓塞术","介入治疗"
nhsa_jbzd_39_7900x014,"39.7900x014",True,"体-肺动脉侧支封堵术","介入治疗"
nhsa_jbzd_39_7900x015,"39.7900x015",True,"奇静脉封堵术","介入治疗"
nhsa_jbzd_39_7900x017,"39.7900x017",True,"结肠动脉栓塞术","介入治疗"
nhsa_jbzd_39_7900x019,"39.7900x019",True,"髂动脉栓塞术","介入治疗"
nhsa_jbzd_39_7900x020,"39.7900x020",True,"肾动脉栓塞术","介入治疗"
nhsa_jbzd_39_7900x021,"39.7900x021",True,"腰动脉栓塞术","介入治疗"
nhsa_jbzd_39_7900x022,"39.7900x022",True,"精索静脉栓塞术","介入治疗"
nhsa_jbzd_39_7900x023,"39.7900x023",True,"卵巢静脉栓塞术","介入治疗"
nhsa_jbzd_39_7900x024,"39.7900x024",True,"盆腔静脉栓塞术","介入治疗"
nhsa_jbzd_39_7900x025,"39.7900x025",True,"股动脉栓塞术","介入治疗"
nhsa_jbzd_39_7900x027,"39.7900x027",True,"臀下动脉栓塞术","介入治疗"
nhsa_jbzd_39_7900x028,"39.7900x028",True,"经皮肠系膜上动脉取栓术","介入治疗"
nhsa_jbzd_39_7900x029,"39.7900x029",True,"经皮肠系膜上静脉取栓术","介入治疗"
nhsa_jbzd_39_7900x030,"39.7900x030",True,"经皮肺动脉取栓术","介入治疗"
nhsa_jbzd_39_7900x031,"39.7900x031",True,"经皮腹主动脉取栓术","介入治疗"
nhsa_jbzd_39_7900x032,"39.7900x032",True,"经皮股动脉取栓术","介入治疗"
nhsa_jbzd_39_7900x033,"39.7900x033",True,"经皮门静脉取栓术","介入治疗"
nhsa_jbzd_39_7900x034,"39.7900x034",True,"经皮髂动脉取栓术","介入治疗"
nhsa_jbzd_39_7900x035,"39.7900x035",True,"经皮上腔静脉取栓术","介入治疗"
nhsa_jbzd_39_7900x036,"39.7900x036",True,"经皮上肢动脉取栓术","介入治疗"
nhsa_jbzd_39_7900x037,"39.7900x037",True,"经皮上肢静脉取栓术","介入治疗"
nhsa_jbzd_39_7900x038,"39.7900x038",True,"经皮上肢人工血管取栓术","介入治疗"
nhsa_jbzd_39_7900x039,"39.7900x039",True,"经皮肾静脉取栓术","介入治疗"
nhsa_jbzd_39_7900x040,"39.7900x040",True,"经皮锁骨下动脉取栓术","介入治疗"
nhsa_jbzd_39_7900x041,"39.7900x041",True,"经皮下腔静脉取栓术","介入治疗"
nhsa_jbzd_39_7900x042,"39.7900x042",True,"经皮下肢动脉取栓术","介入治疗"
nhsa_jbzd_39_7900x043,"39.7900x043",True,"经皮下肢静脉取栓术","介入治疗"
nhsa_jbzd_39_7900x044,"39.7900x044",True,"经皮下肢人工血管取栓术","介入治疗"
nhsa_jbzd_39_7900x045,"39.7900x045",True,"经皮周围动脉取栓术","介入治疗"
nhsa_jbzd_39_7900x046,"39.7900x046",True,"经皮周围静脉取栓术","介入治疗"
nhsa_jbzd_39_7900x047,"39.7900x047",True,"经皮下肢动脉弹簧圈栓塞术","介入治疗"
nhsa_jbzd_39_7900x048,"39.7900x048",True,"椎动脉栓塞术","介入治疗"
nhsa_jbzd_39_7900x049,"39.7900x049",True,"动脉NBCA生物胶栓塞术","介入治疗"
nhsa_jbzd_39_7900x050,"39.7900x050",True,"经皮上肢动脉弹簧圈栓塞术","介入治疗"
nhsa_jbzd_39_7900x051,"39.7900x051",True,"经皮下肢动脉瘤腔内修补术","介入治疗"
nhsa_jbzd_39_7900x052,"39.7900x052",True,"经皮肾动脉瘤腔内修补术","介入治疗"
nhsa_jbzd_39_7900x053,"39.7900x053",True,"经皮食管动脉栓塞术","介入治疗"
nhsa_jbzd_39_7900x054,"39.7900x054",True,"经皮肝固有动脉栓塞术","介入治疗"
nhsa_jbzd_39_7900x055,"39.7900x055",True,"经皮肾上腺动脉栓塞术","介入治疗"
nhsa_jbzd_39_7900x056,"39.7900x056",True,"经皮膈动脉栓塞术","介入治疗"
nhsa_jbzd_39_7900x057,"39.7900x057",True,"经皮膈下动脉栓塞术","介入治疗"
nhsa_jbzd_39_7900x058,"39.7900x058",True,"经皮肠系膜上动脉栓塞术","介入治疗"
nhsa_jbzd_39_7900x059,"39.7900x059",True,"经皮肠系膜下动脉栓塞术","介入治疗"
nhsa_jbzd_39_7900x060,"39.7900x060",True,"经皮胸廓内动脉栓塞术","介入治疗"
nhsa_jbzd_39_7900x061,"39.7900x061",True,"经皮肋间动脉栓塞术","介入治疗"
nhsa_jbzd_39_7900x062,"39.7900x062",True,"经皮骶正中动脉栓塞术","介入治疗"
nhsa_jbzd_39_7900x063,"39.7900x063",True,"经皮卵巢动脉栓塞术","介入治疗"
nhsa_jbzd_39_7900x064,"39.7900x064",True,"经皮阴道动脉栓塞术","介入治疗"
nhsa_jbzd_39_7900x065,"39.7900x065",True,"经皮会阴动脉栓塞术","介入治疗"
nhsa_jbzd_39_7900x066,"39.7900x066",True,"经皮膀胱动脉栓塞术","介入治疗"
nhsa_jbzd_39_7900x067,"39.7900x067",True,"经皮阴茎动脉栓塞术","介入治疗"
nhsa_jbzd_39_7900x068,"39.7900x068",True,"经皮前列腺动脉栓塞术","介入治疗"
nhsa_jbzd_39_7900x069,"39.7900x069",True,"经皮上肢动脉栓塞术","介入治疗"
nhsa_jbzd_39_7900x070,"39.7900x070",True,"经皮下肢动脉栓塞术","介入治疗"
nhsa_jbzd_39_7900x071,"39.7900x071",True,"经皮上肢静脉栓塞术","介入治疗"
nhsa_jbzd_39_7900x072,"39.7900x072",True,"经皮下肢静脉栓塞术","介入治疗"
nhsa_jbzd_39_7900x073,"39.7900x073",True,"经皮胃静脉栓塞术","介入治疗"
nhsa_jbzd_39_7900x074,"39.7900x074",True,"经皮门静脉栓塞术","介入治疗"
nhsa_jbzd_39_7900x075,"39.7900x075",True,"经皮肾动脉取栓术","介入治疗"
nhsa_jbzd_39_7901,"39.7901",True,"经导管肾血管栓塞术","介入治疗"
nhsa_jbzd_39_7902,"39.7902",True,"经导管支气管动脉栓塞术","介入治疗"
nhsa_jbzd_39_7903,"39.7903",True,"经导管肝动脉栓塞术","介入治疗"
nhsa_jbzd_39_7904,"39.7904",True,"经导管脾动脉栓塞术","介入治疗"
nhsa_jbzd_39_7905,"39.7905",True,"经导管下肢血管栓塞术","介入治疗"
nhsa_jbzd_39_7906,"39.7906",True,"经导管髂内动脉栓塞术","介入治疗"
nhsa_jbzd_39_7907,"39.7907",True,"经导管上肢血管栓塞术","介入治疗"
nhsa_jbzd_39_7908,"39.7908",True,"经导管硬脊膜血管栓塞术","介入治疗"
nhsa_jbzd_39_7909,"39.7909",True,"经导管脊髓血管栓塞术","介入治疗"
nhsa_jbzd_39_7910,"39.7910",True,"经导管动静脉畸形介入栓塞术","介入治疗"
nhsa_jbzd_39_8100,"39.8100",True,"颈动脉窦刺激装置的置入或置换，全系统","手术"
nhsa_jbzd_39_8101,"39.8101",True,"颈动脉窦刺激装置的置入","手术"
nhsa_jbzd_39_8102,"39.8102",True,"颈动脉窦刺激装置的置换","手术"
nhsa_jbzd_39_8200,"39.8200",True,"单纯颈动脉窦刺激导线的置入或置换","手术"
nhsa_jbzd_39_8201,"39.8201",True,"颈动脉窦刺激导线的置入","手术"
nhsa_jbzd_39_8202,"39.8202",True,"颈动脉窦刺激导线的置换","手术"
nhsa_jbzd_39_8300,"39.8300",True,"单纯颈动脉窦刺激脉冲发生器的置入或置换","手术"
nhsa_jbzd_39_8301,"39.8301",True,"颈动脉窦刺激脉冲发生器的置入","手术"
nhsa_jbzd_39_8302,"39.8302",True,"颈动脉窦刺激脉冲发生器的置换","手术"
nhsa_jbzd_39_8400,"39.8400",True,"单纯颈动脉窦刺激导线修复","手术"
nhsa_jbzd_39_8500,"39.8500",True,"颈动脉窦刺激脉冲发生器修复","手术"
nhsa_jbzd_39_8600,"39.8600",True,"颈动脉窦刺激装置去除术，全系统","手术"
nhsa_jbzd_39_8700,"39.8700",True,"单纯颈动脉窦刺激导线去除术，全系统","手术"
nhsa_jbzd_39_8800,"39.8800",True,"单纯颈动脉窦刺激脉冲发生器去除术，全系统","手术"
nhsa_jbzd_39_8900,"39.8900",True,"其他颈动脉体、颈动脉窦和其他血管体手术","手术"
nhsa_jbzd_39_8900x001,"39.8900x001",True,"颈动脉球切除术","手术"
nhsa_jbzd_39_8901,"39.8901",True,"颈动脉体瘤切除术","手术"
nhsa_jbzd_39_9000,"39.9000",True,"周围（非冠状的）血管非药物洗脱支架置入","介入治疗"
nhsa_jbzd_39_9000x010,"39.9000x010",True,"脾动脉支架置入术","介入治疗"
nhsa_jbzd_39_9000x011,"39.9000x011",True,"髂静脉支架置入术","介入治疗"
nhsa_jbzd_39_9000x012,"39.9000x012",True,"锁骨下静脉支架置入术","介入治疗"
nhsa_jbzd_39_9000x016,"39.9000x016",True,"下肢静脉支架置入术","介入治疗"
nhsa_jbzd_39_9000x017,"39.9000x017",True,"尺动脉支架置入术","介入治疗"
nhsa_jbzd_39_9000x019,"39.9000x019",True,"股动脉覆膜支架置入术","介入治疗"
nhsa_jbzd_39_9000x020,"39.9000x020",True,"尺动脉非药物洗脱支架置入术","介入治疗"
nhsa_jbzd_39_9000x021,"39.9000x021",True,"腓动脉非药物洗脱支架置入术","介入治疗"
nhsa_jbzd_39_9000x022,"39.9000x022",True,"肺动脉支架置入术","介入治疗"
nhsa_jbzd_39_9000x023,"39.9000x023",True,"肱动脉非药物洗脱支架置入术","介入治疗"
nhsa_jbzd_39_9000x024,"39.9000x024",True,"肱动脉支架置入术","介入治疗"
nhsa_jbzd_39_9000x025,"39.9000x025",True,"腘动脉覆膜支架置入术","介入治疗"
nhsa_jbzd_39_9000x026,"39.9000x026",True,"动脉导管支架置入术","介入治疗"
nhsa_jbzd_39_9000x027,"39.9000x027",True,"肺动脉带瓣支架植入术","介入治疗"
nhsa_jbzd_39_9000x028,"39.9000x028",True,"髂动脉覆膜支架置入术","介入治疗"
nhsa_jbzd_39_9000x029,"39.9000x029",True,"桡动脉非药物洗脱支架置入术","介入治疗"
nhsa_jbzd_39_9000x030,"39.9000x030",True,"桡动脉支架置入术","介入治疗"
nhsa_jbzd_39_9000x031,"39.9000x031",True,"上肢动脉覆膜支架置入术","介入治疗"
nhsa_jbzd_39_9000x032,"39.9000x032",True,"上肢静脉非药物洗脱支架置入术","介入治疗"
nhsa_jbzd_39_9000x033,"39.9000x033",True,"上肢静脉支架置入术","介入治疗"
nhsa_jbzd_39_9000x034,"39.9000x034",True,"锁骨下动脉覆膜支架置入术","介入治疗"
nhsa_jbzd_39_9000x035,"39.9000x035",True,"头臂静脉非药物洗脱支架置入术","介入治疗"
nhsa_jbzd_39_9000x036,"39.9000x036",True,"无名动脉覆膜支架置入术","介入治疗"
nhsa_jbzd_39_9000x037,"39.9000x037",True,"肺动脉分支支架置入术","介入治疗"
nhsa_jbzd_39_9000x038,"39.9000x038",True,"经皮肺静脉支架置入术","介入治疗"
nhsa_jbzd_39_9000x039,"39.9000x039",True,"经皮腋动脉支架置入术","介入治疗"
nhsa_jbzd_39_9000x040,"39.9000x040",True,"经皮胃左动脉支架置入术","介入治疗"
nhsa_jbzd_39_9001,"39.9001",True,"肠系膜上动脉支架置入术","介入治疗"
nhsa_jbzd_39_9002,"39.9002",True,"腹腔干动脉支架置入术","介入治疗"
nhsa_jbzd_39_9003,"39.9003",True,"门静脉支架置入术","介入治疗"
nhsa_jbzd_39_9004,"39.9004",True,"髂动脉支架置入术","介入治疗"
nhsa_jbzd_39_9005,"39.9005",True,"上腔静脉支架置入术","介入治疗"
nhsa_jbzd_39_9006,"39.9006",True,"肝静脉支架置入术","介入治疗"
nhsa_jbzd_39_9007,"39.9007",True,"无名动脉支架置入术","介入治疗"
nhsa_jbzd_39_9008,"39.9008",True,"锁骨下动脉支架置入术","介入治疗"
nhsa_jbzd_39_9009,"39.9009",True,"股动脉支架置入术","介入治疗"
nhsa_jbzd_39_9010,"39.9010",True,"下腔静脉支架置入术","介入治疗"
nhsa_jbzd_39_9011,"39.9011",True,"胫动脉支架置入术","介入治疗"
nhsa_jbzd_39_9012,"39.9012",True,"肝动脉支架置入术","介入治疗"
nhsa_jbzd_39_9013,"39.9013",True,"腘动脉支架置入术","介入治疗"
nhsa_jbzd_39_9014,"39.9014",True,"无名静脉支架置入术","介入治疗"
nhsa_jbzd_39_9015,"39.9015",True,"腓动脉支架置入术","介入治疗"
nhsa_jbzd_39_9016,"39.9016",True,"肾动脉支架置入术","介入治疗"
nhsa_jbzd_39_9100,"39.9100",True,"血管松解","手术"
nhsa_jbzd_39_9100x002,"39.9100x002",True,"下腔静脉松解术","手术"
nhsa_jbzd_39_9100x003,"39.9100x003",True,"下腔静脉粘连松解术","手术"
nhsa_jbzd_39_9100x004,"39.9100x004",True,"肾动脉松解术","手术"
nhsa_jbzd_39_9100x005,"39.9100x005",True,"肾静脉松解术","手术"
nhsa_jbzd_39_9100x006,"39.9100x006",True,"髂动脉松解术","手术"
nhsa_jbzd_39_9100x007,"39.9100x007",True,"髂静脉松解术","手术"
nhsa_jbzd_39_9100x008,"39.9100x008",True,"股静脉松解术","手术"
nhsa_jbzd_39_9100x009,"39.9100x009",True,"桡动脉松解术","手术"
nhsa_jbzd_39_9100x010,"39.9100x010",True,"桡静脉松解术","手术"
nhsa_jbzd_39_9200,"39.9200",True,"静脉注射硬化药","治疗性操作"
nhsa_jbzd_39_9300,"39.9300",True,"血管-血管的套管的置入术","治疗性操作"
nhsa_jbzd_39_9400,"39.9400",True,"血管-血管套管的置换术","治疗性操作"
nhsa_jbzd_39_9401,"39.9401",True,"血管-血管套管的修复术","治疗性操作"
nhsa_jbzd_39_9500,"39.9500",True,"血液透析","治疗性操作"
nhsa_jbzd_39_9500x004,"39.9500x004",True,"血浆置换","治疗性操作"
nhsa_jbzd_39_9500x005,"39.9500x005",True,"单膜血浆置换","治疗性操作"
nhsa_jbzd_39_9500x006,"39.9500x006",True,"双膜血浆置换","治疗性操作"
nhsa_jbzd_39_9500x007,"39.9500x007",True,"连续性肾脏替代治疗[CRRT]","治疗性操作"
nhsa_jbzd_39_9500x008,"39.9500x008",True,"血液滤过","治疗性操作"
nhsa_jbzd_39_9600,"39.9600",True,"全身灌注法","治疗性操作"
nhsa_jbzd_39_9600x002,"39.9600x002",True,"血浆灌流","治疗性操作"
nhsa_jbzd_39_9600x003,"39.9600x003",True,"血液灌流","治疗性操作"
nhsa_jbzd_39_9700,"39.9700",True,"其他灌注术","治疗性操作"
nhsa_jbzd_39_9700x001,"39.9700x001",True,"灌注治疗术","治疗性操作"
nhsa_jbzd_39_9800,"39.9800",True,"出血控制","治疗性操作"
nhsa_jbzd_39_9800x001,"39.9800x001",True,"伤口止血术","治疗性操作"
nhsa_jbzd_39_9800x003,"39.9800x003",True,"颈内动脉瘤破裂止血术","手术"
nhsa_jbzd_39_9801,"39.9801",True,"手术后伤口止血术","治疗性操作"
nhsa_jbzd_39_9900,"39.9900",True,"血管其他手术","手术"
nhsa_jbzd_40_0x00,"40.0x00",True,"淋巴结构切开术","手术"
nhsa_jbzd_40_0x00x001,"40.0x00x001",True,"淋巴结切开引流术","手术"
nhsa_jbzd_40_0x01,"40.0x01",True,"淋巴管探查术","诊断性操作"
nhsa_jbzd_40_1100,"40.1100",True,"淋巴结构的活组织检查","诊断性操作"
nhsa_jbzd_40_1100x003,"40.1100x003",True,"腹腔镜下淋巴结活检术","手术"
nhsa_jbzd_40_1100x004,"40.1100x004",True,"纵隔镜下淋巴结活检术","手术"
nhsa_jbzd_40_1100x005,"40.1100x005",True,"经支气管超声内镜纵隔淋巴结穿刺活检术","诊断性操作"
nhsa_jbzd_40_1100x006,"40.1100x006",True,"超声内镜下腹腔淋巴结细针穿刺活检(FNA)","诊断性操作"
nhsa_jbzd_40_1100x007,"40.1100x007",True,"超声内镜下纵隔淋巴结细针穿刺活检(FNA)","诊断性操作"
nhsa_jbzd_40_1100x008,"40.1100x008",True,"肺门淋巴结活检术","诊断性操作"
nhsa_jbzd_40_1100x009,"40.1100x009",True,"纵隔淋巴结活检术","诊断性操作"
nhsa_jbzd_40_1100x010,"40.1100x010",True,"颌下淋巴结活检术","诊断性操作"
nhsa_jbzd_40_1100x011,"40.1100x011",True,"颌上淋巴结活检术","诊断性操作"
nhsa_jbzd_40_1100x012,"40.1100x012",True,"胸腔镜下淋巴结活检术","诊断性操作"
nhsa_jbzd_40_1101,"40.1101",True,"颈淋巴结活组织检查","诊断性操作"
nhsa_jbzd_40_1102,"40.1102",True,"锁骨上淋巴结活组织检查","诊断性操作"
nhsa_jbzd_40_1103,"40.1103",True,"腋窝淋巴结活组织检查","诊断性操作"
nhsa_jbzd_40_1104,"40.1104",True,"腹股沟淋巴结活组织检查","诊断性操作"
nhsa_jbzd_40_1105,"40.1105",True,"前哨淋巴结活组织检查","诊断性操作"
nhsa_jbzd_40_1106,"40.1106",True,"内镜淋巴结活组织检查","诊断性操作"
nhsa_jbzd_40_1900,"40.1900",True,"淋巴结构的其他诊断性操作","诊断性操作"
nhsa_jbzd_40_1900x002,"40.1900x002",True,"纳米炭淋巴结示踪及负显影","手术"
nhsa_jbzd_40_2100,"40.2100",True,"深部颈淋巴结切除术","手术"
nhsa_jbzd_40_2200,"40.2200",True,"乳房内淋巴结切除术","手术"
nhsa_jbzd_40_2300,"40.2300",True,"腋淋巴结切除术","手术"
nhsa_jbzd_40_2400,"40.2400",True,"腹股沟淋巴结切除术","手术"
nhsa_jbzd_40_2900,"40.2900",True,"其他淋巴结构单纯性切除术","手术"
nhsa_jbzd_40_2900x002,"40.2900x002",True,"单纯淋巴结切除术","手术"
nhsa_jbzd_40_2900x008,"40.2900x008",True,"颌下淋巴结切除术","手术"
nhsa_jbzd_40_2900x017,"40.2900x017",True,"腹膜后淋巴管瘤(囊肿)切除术","手术"
nhsa_jbzd_40_2900x018,"40.2900x018",True,"肠系膜淋巴管瘤(囊肿)切除术","手术"
nhsa_jbzd_40_2900x019,"40.2900x019",True,"肢体淋巴管瘤(囊肿)切除术","手术"
nhsa_jbzd_40_2900x020,"40.2900x020",True,"腹壁淋巴管瘤(囊肿)切除术","手术"
nhsa_jbzd_40_2900x021,"40.2900x021",True,"颈淋巴结切除术","手术"
nhsa_jbzd_40_2900x022,"40.2900x022",True,"淋巴结切除术","手术"
nhsa_jbzd_40_2900x023,"40.2900x023",True,"髂外血管旁淋巴结切除术","手术"
nhsa_jbzd_40_2900x024,"40.2900x024",True,"颏下淋巴结切除术","手术"
nhsa_jbzd_40_2900x025,"40.2900x025",True,"胸腔镜下纵隔淋巴结切除术","手术"
nhsa_jbzd_40_2900x026,"40.2900x026",True,"胸腔镜下淋巴管瘤切除术","手术"
nhsa_jbzd_40_2900x027,"40.2900x027",True,"腹腔镜下淋巴管瘤切除术","手术"
nhsa_jbzd_40_2900x028,"40.2900x028",True,"腹膜后淋巴结切除术","手术"
nhsa_jbzd_40_2900x029,"40.2900x029",True,"肝门淋巴结切除术","手术"
nhsa_jbzd_40_2900x030,"40.2900x030",True,"上肢淋巴结切除术","手术"
nhsa_jbzd_40_2900x031,"40.2900x031",True,"下肢淋巴结切除术","手术"
nhsa_jbzd_40_2901,"40.2901",True,"锁骨上淋巴结切除术","手术"
nhsa_jbzd_40_2902,"40.2902",True,"肺门淋巴结切除术","手术"
nhsa_jbzd_40_2903,"40.2903",True,"肺门纵膈淋巴结切除术","手术"
nhsa_jbzd_40_2904,"40.2904",True,"纵隔淋巴结切除术","手术"
nhsa_jbzd_40_2905,"40.2905",True,"腹主动脉旁淋巴结切除术","手术"
nhsa_jbzd_40_2906,"40.2906",True,"腹腔淋巴结切除术","手术"
nhsa_jbzd_40_2907,"40.2907",True,"腹膜淋巴结切除术","手术"
nhsa_jbzd_40_2908,"40.2908",True,"肠系膜淋巴结切除术","手术"
nhsa_jbzd_40_2909,"40.2909",True,"盆腔淋巴结切除术","手术"
nhsa_jbzd_40_2910,"40.2910",True,"淋巴管瘤切除术","手术"
nhsa_jbzd_40_3x00,"40.3x00",True,"区域性淋巴结切除术","手术"
nhsa_jbzd_40_3x00x001,"40.3x00x001",True,"淋巴结扩大性区域性切除术","手术"
nhsa_jbzd_40_3x00x002,"40.3x00x002",True,"淋巴结区域性切除术","手术"
nhsa_jbzd_40_3x00x003,"40.3x00x003",True,"腔镜下区域性腋窝淋巴结区域切除术","手术"
nhsa_jbzd_40_3x00x004,"40.3x00x004",True,"皮下淋巴抽吸术","手术"
nhsa_jbzd_40_3x00x005,"40.3x00x005",True,"功能性颈淋巴结清扫术","手术"
nhsa_jbzd_40_4000,"40.4000",True,"根治性颈淋巴结清扫","手术"
nhsa_jbzd_40_4000x003,"40.4000x003",True,"舌骨上颈淋巴结清扫术","手术"
nhsa_jbzd_40_4100,"40.4100",True,"根治性颈淋巴结清扫，单侧","手术"
nhsa_jbzd_40_4200,"40.4200",True,"根治性颈淋巴结清扫，双侧","手术"
nhsa_jbzd_40_5000,"40.5000",True,"淋巴结根治性切除术","手术"
nhsa_jbzd_40_5100,"40.5100",True,"腋下淋巴结根治性切除术","手术"
nhsa_jbzd_40_5101,"40.5101",True,"腔镜腋下淋巴结清扫术","手术"
nhsa_jbzd_40_5200,"40.5200",True,"主动脉旁淋巴结根治性切除术","手术"
nhsa_jbzd_40_5300,"40.5300",True,"髂淋巴结根治性切除术","手术"
nhsa_jbzd_40_5301,"40.5301",True,"腹腔镜髂淋巴结清扫术","手术"
nhsa_jbzd_40_5400,"40.5400",True,"根治性腹股沟清扫术","手术"
nhsa_jbzd_40_5400x001,"40.5400x001",True,"腹股沟淋巴结清扫术","手术"
nhsa_jbzd_40_5400x002,"40.5400x002",True,"腹腔镜下腹股沟淋巴结清扫术","手术"
nhsa_jbzd_40_5400x003,"40.5400x003",True,"腹股沟浅淋巴结清扫术","手术"
nhsa_jbzd_40_5900,"40.5900",True,"其他淋巴结根治性切除术","手术"
nhsa_jbzd_40_5900x010,"40.5900x010",True,"腹腔镜下腹膜后淋巴结清扫术","手术"
nhsa_jbzd_40_5900x011,"40.5900x011",True,"舌骨上淋巴结清扫术","手术"
nhsa_jbzd_40_5900x012,"40.5900x012",True,"气管旁淋巴结清扫术","手术"
nhsa_jbzd_40_5900x013,"40.5900x013",True,"胃周围淋巴结清扫术","手术"
nhsa_jbzd_40_5900x014,"40.5900x014",True,"肝门淋巴结清扫术","手术"
nhsa_jbzd_40_5900x015,"40.5900x015",True,"脾门淋巴洁清扫术","手术"
nhsa_jbzd_40_5900x016,"40.5900x016",True,"肾门淋巴结清扫术","手术"
nhsa_jbzd_40_5900x017,"40.5900x017",True,"肾周淋巴结清扫术","手术"
nhsa_jbzd_40_5900x019,"40.5900x019",True,"肠周围淋巴结清扫术","手术"
nhsa_jbzd_40_5900x020,"40.5900x020",True,"内乳淋巴结清扫术","手术"
nhsa_jbzd_40_5900x021,"40.5900x021",True,"下肢淋巴结清扫术","手术"
nhsa_jbzd_40_5901,"40.5901",True,"颌下淋巴结清扫术","手术"
nhsa_jbzd_40_5902,"40.5902",True,"食管旁淋巴结清扫术","手术"
nhsa_jbzd_40_5903,"40.5903",True,"锁骨上淋巴结清扫术","手术"
nhsa_jbzd_40_5904,"40.5904",True,"胸内淋巴结清扫术","手术"
nhsa_jbzd_40_5905,"40.5905",True,"肺门淋巴结清扫术","手术"
nhsa_jbzd_40_5906,"40.5906",True,"纵隔淋巴结清扫术","手术"
nhsa_jbzd_40_5907,"40.5907",True,"腹膜后淋巴结清扫术","手术"
nhsa_jbzd_40_5908,"40.5908",True,"腹腔淋巴结清扫术","手术"
nhsa_jbzd_40_5909,"40.5909",True,"肠系膜淋巴结清扫术","手术"
nhsa_jbzd_40_5910,"40.5910",True,"盆腔淋巴结清扫术","手术"
nhsa_jbzd_40_5911,"40.5911",True,"腹腔镜腹腔淋巴结清扫术","手术"
nhsa_jbzd_40_5912,"40.5912",True,"腹腔镜盆腔淋巴结清扫术","手术"
nhsa_jbzd_40_5913,"40.5913",True,"胸腔镜胸内淋巴结清扫术","手术"
nhsa_jbzd_40_5914,"40.5914",True,"胸腔镜纵隔淋巴结清扫术","手术"
nhsa_jbzd_40_6100,"40.6100",True,"胸导管套管置入术","手术"
nhsa_jbzd_40_6200,"40.6200",True,"胸导管造瘘术","手术"
nhsa_jbzd_40_6300,"40.6300",True,"胸导管瘘口闭合术","手术"
nhsa_jbzd_40_6300x003,"40.6300x003",True,"胸腔镜下胸导管瘘闭合术","手术"
nhsa_jbzd_40_6301,"40.6301",True,"胸腔镜淋巴瘘修补术","手术"
nhsa_jbzd_40_6400,"40.6400",True,"胸导管结扎术","手术"
nhsa_jbzd_40_6401,"40.6401",True,"胸腔镜胸导管结扎术","手术"
nhsa_jbzd_40_6900,"40.6900",True,"胸导管其他手术","手术"
nhsa_jbzd_40_6900x002,"40.6900x002",True,"胸导管-颈外静脉吻合术","手术"
nhsa_jbzd_40_6900x003,"40.6900x003",True,"胸导管狭窄扩张术","手术"
nhsa_jbzd_40_6900x004,"40.6900x004",True,"胸导管成形术","手术"
nhsa_jbzd_40_6901,"40.6901",True,"胸导管颈内静脉吻合术","手术"
nhsa_jbzd_40_6902,"40.6902",True,"胸导管奇静脉吻合术","手术"
nhsa_jbzd_40_9x00,"40.9x00",True,"淋巴结构其他手术","手术"
nhsa_jbzd_40_9x00x003,"40.9x00x003",True,"周围淋巴管-小静脉吻合术","手术"
nhsa_jbzd_40_9x00x004,"40.9x00x004",True,"淋巴干-小静脉吻合术","手术"
nhsa_jbzd_40_9x00x005,"40.9x00x005",True,"腰淋巴干-小静脉吻合术","手术"
nhsa_jbzd_40_9x00x006,"40.9x00x006",True,"髂淋巴干-小静脉吻合术","手术"
nhsa_jbzd_40_9x00x007,"40.9x00x007",True,"肠淋巴干-小静脉吻合术","手术"
nhsa_jbzd_40_9x00x008,"40.9x00x008",True,"淋巴水肿矫正Homans-Macey手术[Homan手术]","手术"
nhsa_jbzd_40_9x00x009,"40.9x00x009",True,"淋巴水肿矫正Charles手术[Charles手术]","手术"
nhsa_jbzd_40_9x00x010,"40.9x00x010",True,"淋巴水肿矫正Thompson手术[Thompson手术]","手术"
nhsa_jbzd_40_9x00x011,"40.9x00x011",True,"腹膜后淋巴管横断结扎术","手术"
nhsa_jbzd_40_9x00x012,"40.9x00x012",True,"髂淋巴干横断结扎术","手术"
nhsa_jbzd_40_9x00x013,"40.9x00x013",True,"淋巴管瘘结扎术","手术"
nhsa_jbzd_40_9x00x014,"40.9x00x014",True,"淋巴管瘘切除术","手术"
nhsa_jbzd_40_9x00x015,"40.9x00x015",True,"淋巴管瘘粘连术","手术"
nhsa_jbzd_40_9x00x016,"40.9x00x016",True,"淋巴管瘤注射术","手术"
nhsa_jbzd_40_9x00x017,"40.9x00x017",True,"淋巴水肿抽吸术","手术"
nhsa_jbzd_40_9x01,"40.9x01",True,"腹腔淋巴管修补术","手术"
nhsa_jbzd_40_9x02,"40.9x02",True,"周围淋巴管结扎术","手术"
nhsa_jbzd_40_9x03,"40.9x03",True,"周围淋巴管闭合术","手术"
nhsa_jbzd_40_9x04,"40.9x04",True,"周围淋巴管扩张术","手术"
nhsa_jbzd_40_9x05,"40.9x05",True,"周围淋巴管吻合术","手术"
nhsa_jbzd_40_9x06,"40.9x06",True,"周围淋巴管移植术","手术"
nhsa_jbzd_40_9x07,"40.9x07",True,"周围淋巴管重建术","手术"
nhsa_jbzd_40_9x08,"40.9x08",True,"淋巴水肿矫正术","手术"
nhsa_jbzd_40_9x09,"40.9x09",True,"淋巴管静脉吻合术","手术"
nhsa_jbzd_41_0000,"41.0000",True,"骨髓移植","治疗性操作"
nhsa_jbzd_41_0100,"41.0100",True,"自体骨髓移植不伴净化","治疗性操作"
nhsa_jbzd_41_0200,"41.0200",True,"异体骨髓移植伴净化","治疗性操作"
nhsa_jbzd_41_0300,"41.0300",True,"异体骨髓移植不伴净化","治疗性操作"
nhsa_jbzd_41_0400,"41.0400",True,"自体造血干细胞移植不伴净化","治疗性操作"
nhsa_jbzd_41_0401,"41.0401",True,"自体外周血干细胞移植术","治疗性操作"
nhsa_jbzd_41_0500,"41.0500",True,"异体造血干细胞移植不伴净化","治疗性操作"
nhsa_jbzd_41_0600,"41.0600",True,"脐血干细胞移植","治疗性操作"
nhsa_jbzd_41_0700,"41.0700",True,"自体造血干细胞移植伴净化","治疗性操作"
nhsa_jbzd_41_0701,"41.0701",True,"自体外周血干细胞移植伴净化","治疗性操作"
nhsa_jbzd_41_0800,"41.0800",True,"异体造血干细胞移植","治疗性操作"
nhsa_jbzd_41_0800x001,"41.0800x001",True,"异体造血干细胞移植伴净化","治疗性操作"
nhsa_jbzd_41_0900,"41.0900",True,"自体骨髓移植伴净化","治疗性操作"
nhsa_jbzd_41_1x00,"41.1x00",True,"脾穿刺","诊断性操作"
nhsa_jbzd_41_2x00,"41.2x00",True,"脾切开术","手术"
nhsa_jbzd_41_2x01,"41.2x01",True,"脾切开探查术","手术"
nhsa_jbzd_41_2x02,"41.2x02",True,"脾切开引流术","手术"
nhsa_jbzd_41_2x03,"41.2x03",True,"腹腔镜脾切开引流术","手术"
nhsa_jbzd_41_2x04,"41.2x04",True,"腹腔镜脾囊肿开窗术","手术"
nhsa_jbzd_41_3100,"41.3100",True,"骨髓活组织检查","诊断性操作"
nhsa_jbzd_41_3200,"41.3200",True,"闭合性[抽吸][经皮]脾活组织检查","诊断性操作"
nhsa_jbzd_41_3200x001,"41.3200x001",True,"经皮脾活检","诊断性操作"
nhsa_jbzd_41_3300,"41.3300",True,"开放性脾活组织检查","手术"
nhsa_jbzd_41_3800,"41.3800",True,"骨髓其他诊断性操作","诊断性操作"
nhsa_jbzd_41_3800x001,"41.3800x001",True,"骨髓穿刺术","诊断性操作"
nhsa_jbzd_41_3900,"41.3900",True,"脾其他诊断性操作","诊断性操作"
nhsa_jbzd_41_4100,"41.4100",True,"脾囊肿袋形缝术[造袋术]","手术"
nhsa_jbzd_41_4200,"41.4200",True,"脾病损或组织切除术","手术"
nhsa_jbzd_41_4200x002,"41.4200x002",True,"脾病损切除术","手术"
nhsa_jbzd_41_4200x003,"41.4200x003",True,"经皮脾病损射频消融术","治疗性操作"
nhsa_jbzd_41_4200x004,"41.4200x004",True,"脾病损硬化剂注射术","治疗性操作"
nhsa_jbzd_41_4300,"41.4300",True,"部分脾切除术","手术"
nhsa_jbzd_41_4301,"41.4301",True,"腹腔镜脾部分切除术","手术"
nhsa_jbzd_41_5x00,"41.5x00",True,"全脾切除术","手术"
nhsa_jbzd_41_5x01,"41.5x01",True,"腹腔镜全脾切除术","手术"
nhsa_jbzd_41_9100,"41.9100",True,"供者骨髓抽吸，为了移植","治疗性操作"
nhsa_jbzd_41_9100x001,"41.9100x001",True,"供者骨髓采集术","治疗性操作"
nhsa_jbzd_41_9200,"41.9200",True,"骨髓注入","治疗性操作"
nhsa_jbzd_41_9201,"41.9201",True,"肱骨断端骨髓注射术","治疗性操作"
nhsa_jbzd_41_9202,"41.9202",True,"股骨断端骨髓注射术","治疗性操作"
nhsa_jbzd_41_9203,"41.9203",True,"胫骨断端骨髓注射术","治疗性操作"
nhsa_jbzd_41_9300,"41.9300",True,"副脾切除术","手术"
nhsa_jbzd_41_9301,"41.9301",True,"腹腔镜副脾切除术","手术"
nhsa_jbzd_41_9400,"41.9400",True,"脾移植术","手术"
nhsa_jbzd_41_9500,"41.9500",True,"脾修补术和整形术","手术"
nhsa_jbzd_41_9501,"41.9501",True,"脾修补术","手术"
nhsa_jbzd_41_9502,"41.9502",True,"脾固定术","手术"
nhsa_jbzd_41_9503,"41.9503",True,"脾缝合术","手术"
nhsa_jbzd_41_9504,"41.9504",True,"腹腔镜脾修补术","手术"
nhsa_jbzd_41_9800,"41.9800",True,"骨髓其他手术","手术"
nhsa_jbzd_41_9900,"41.9900",True,"脾其他手术","手术"
nhsa_jbzd_41_9900x002,"41.9900x002",True,"脾套网缩小术","手术"
nhsa_jbzd_41_9901,"41.9901",True,"脾内无水酒精注入治疗术","治疗性操作"
nhsa_jbzd_42_0100,"42.0100",True,"食管蹼切开术","手术"
nhsa_jbzd_42_0900,"42.0900",True,"食管其他切开术","手术"
nhsa_jbzd_42_0900x001,"42.0900x001",True,"食管切开引流术","手术"
nhsa_jbzd_42_0900x002,"42.0900x002",True,"食管切开支架去除术","手术"
nhsa_jbzd_42_0901,"42.0901",True,"食管切开异物取出术","手术"
nhsa_jbzd_42_0902,"42.0902",True,"食管切开探查术","手术"
nhsa_jbzd_42_1000,"42.1000",True,"食管造口术","手术"
nhsa_jbzd_42_1100,"42.1100",True,"颈部食管造口术","手术"
nhsa_jbzd_42_1200,"42.1200",True,"食管憩室外置术","手术"
nhsa_jbzd_42_1900,"42.1900",True,"食管其他外造口术","手术"
nhsa_jbzd_42_1901,"42.1901",True,"胸部食管造口术","手术"
nhsa_jbzd_42_2100,"42.2100",True,"经手术切开的食管镜检查","诊断性操作"
nhsa_jbzd_42_2200,"42.2200",True,"经人工造口的食管镜检查","诊断性操作"
nhsa_jbzd_42_2300,"42.2300",True,"其他食管镜检查","诊断性操作"
nhsa_jbzd_42_2300x001,"42.2300x001",True,"食管镜检查","诊断性操作"
nhsa_jbzd_42_2300x002,"42.2300x002",True,"超声内镜下食管检查","诊断性操作"
nhsa_jbzd_42_2400,"42.2400",True,"闭合性[内镜的]食管活组织检查","诊断性操作"
nhsa_jbzd_42_2400x001,"42.2400x001",True,"食管镜下活检","诊断性操作"
nhsa_jbzd_42_2400x003,"42.2400x003",True,"超声内镜下食管细针穿刺活检(FNA)","诊断性操作"
nhsa_jbzd_42_2500,"42.2500",True,"开放性食管活组织检查","手术"
nhsa_jbzd_42_2900,"42.2900",True,"食管的其他诊断性操作","诊断性操作"
nhsa_jbzd_42_3100,"42.3100",True,"食管憩室局部切除术","手术"
nhsa_jbzd_42_3100x001,"42.3100x001",True,"食管憩室切除术","手术"
nhsa_jbzd_42_3101,"42.3101",True,"胸腔镜食管憩室切除术","手术"
nhsa_jbzd_42_3200,"42.3200",True,"食管的其他病损或食管组织的局部切除术或破坏术","手术"
nhsa_jbzd_42_3200x003,"42.3200x003",True,"食管病损氩气刀治疗术","治疗性操作"
nhsa_jbzd_42_3201,"42.3201",True,"食管病损切除术","手术"
nhsa_jbzd_42_3300,"42.3300",True,"内镜食管病损或食管组织切除术或破坏术","治疗性操作"
nhsa_jbzd_42_3300x006,"42.3300x006",True,"胃镜下食管病损电灼术","治疗性操作"
nhsa_jbzd_42_3300x007,"42.3300x007",True,"胃镜下食管射频术","治疗性操作"
nhsa_jbzd_42_3301,"42.3301",True,"内镜食管病损切除术","治疗性操作"
nhsa_jbzd_42_3302,"42.3302",True,"内镜食管病损氩离子凝固术","治疗性操作"
nhsa_jbzd_42_3303,"42.3303",True,"内镜黏膜下隧道食管病损切除术","治疗性操作"
nhsa_jbzd_42_3304,"42.3304",True,"内镜食管息肉切除术","治疗性操作"
nhsa_jbzd_42_3305,"42.3305",True,"内镜食管黏膜下剥离术","治疗性操作"
nhsa_jbzd_42_3306,"42.3306",True,"内镜食管黏膜切除术","治疗性操作"
nhsa_jbzd_42_3307,"42.3307",True,"内镜食管静脉曲张结扎术","治疗性操作"
nhsa_jbzd_42_3308,"42.3308",True,"内镜食管静脉曲张硬化剂注射术","治疗性操作"
nhsa_jbzd_42_3309,"42.3309",True,"内镜食管静脉曲张组织胶注射术","治疗性操作"
nhsa_jbzd_42_3310,"42.3310",True,"内镜食管出血止血术","治疗性操作"
nhsa_jbzd_42_3311,"42.3311",True,"胸腔镜食管病损切除术","手术"
nhsa_jbzd_42_3900,"42.3900",True,"食管病损或食管组织的其他破坏术","手术"
nhsa_jbzd_42_4000,"42.4000",True,"食管切除术","手术"
nhsa_jbzd_42_4100,"42.4100",True,"部分食管切除术","手术"
nhsa_jbzd_42_4100x008,"42.4100x008",True,"食管内翻拔脱术","手术"
nhsa_jbzd_42_4101,"42.4101",True,"胸腹联合切口食管部分切除术","手术"
nhsa_jbzd_42_4102,"42.4102",True,"颈胸腹三切口食管部分切除术","手术"
nhsa_jbzd_42_4103,"42.4103",True,"胸腔镜食管部分切除术","手术"
nhsa_jbzd_42_4104,"42.4104",True,"胸腔镜颈腹切口食管部分切除术","手术"
nhsa_jbzd_42_4200,"42.4200",True,"全食管切除术","手术"
nhsa_jbzd_42_4200x001,"42.4200x001",True,"颈胸联合切口全食管切除术","手术"
nhsa_jbzd_42_4200x002,"42.4200x002",True,"颈腹联合切口全食管切除术","手术"
nhsa_jbzd_42_4201,"42.4201",True,"胸腹联合切口全食管切除术","手术"
nhsa_jbzd_42_4202,"42.4202",True,"颈胸腹三切口全食管切除术","手术"
nhsa_jbzd_42_4203,"42.4203",True,"胸腔镜全食管切除术","手术"
nhsa_jbzd_42_5100,"42.5100",True,"胸内食管食管吻合术","手术"
nhsa_jbzd_42_5200,"42.5200",True,"胸内食管胃吻合术","手术"
nhsa_jbzd_42_5200x005,"42.5200x005",True,"胸内食管-胃颈部吻合术","手术"
nhsa_jbzd_42_5201,"42.5201",True,"食管胃弓上吻合术","手术"
nhsa_jbzd_42_5202,"42.5202",True,"食管胃弓下吻合术","手术"
nhsa_jbzd_42_5300,"42.5300",True,"胸内食管吻合术伴小肠间置术","手术"
nhsa_jbzd_42_5300x001,"42.5300x001",True,"胸内空肠代食管术","手术"
nhsa_jbzd_42_5400,"42.5400",True,"其他胸内食管小肠吻合术","手术"
nhsa_jbzd_42_5401,"42.5401",True,"食管十二指肠吻合术","手术"
nhsa_jbzd_42_5402,"42.5402",True,"食管回肠吻合术","手术"
nhsa_jbzd_42_5403,"42.5403",True,"食管空肠吻合术","手术"
nhsa_jbzd_42_5500,"42.5500",True,"胸内食管吻合术伴结肠间置术","手术"
nhsa_jbzd_42_5500x001,"42.5500x001",True,"胸内结肠代食管术","手术"
nhsa_jbzd_42_5600,"42.5600",True,"其他胸内食管结肠吻合术","手术"
nhsa_jbzd_42_5800,"42.5800",True,"胸内食管吻合术伴其他间置术","手术"
nhsa_jbzd_42_5800x001,"42.5800x001",True,"胃代食管术","手术"
nhsa_jbzd_42_5801,"42.5801",True,"人工食管建造术","手术"
nhsa_jbzd_42_5802,"42.5802",True,"胃-咽吻合术","手术"
nhsa_jbzd_42_5803,"42.5803",True,"胃-喉吻合术","手术"
nhsa_jbzd_42_5900,"42.5900",True,"食管其他胸内吻合术","手术"
nhsa_jbzd_42_5900x001,"42.5900x001",True,"食管-空肠弓上吻合术","手术"
nhsa_jbzd_42_6100,"42.6100",True,"胸骨前食管食管吻合术","手术"
nhsa_jbzd_42_6200,"42.6200",True,"胸骨前食管胃吻合术","手术"
nhsa_jbzd_42_6300,"42.6300",True,"胸骨前食管吻合术伴小肠间置术","手术"
nhsa_jbzd_42_6400,"42.6400",True,"其他胸骨前食管小肠吻合术","手术"
nhsa_jbzd_42_6400x002,"42.6400x002",True,"胸骨前食管-小肠吻合术","手术"
nhsa_jbzd_42_6401,"42.6401",True,"胸骨前食管十二指肠吻合术","手术"
nhsa_jbzd_42_6402,"42.6402",True,"胸骨前食管回肠吻合术","手术"
nhsa_jbzd_42_6403,"42.6403",True,"胸骨前食管空肠吻合术","手术"
nhsa_jbzd_42_6500,"42.6500",True,"胸骨前食管吻合术伴结肠间置术","手术"
nhsa_jbzd_42_6600,"42.6600",True,"其他胸骨前食管结肠吻合术","手术"
nhsa_jbzd_42_6601,"42.6601",True,"胸骨前食管结肠吻合术","手术"
nhsa_jbzd_42_6800,"42.6800",True,"其他胸骨前食管吻合术伴间置术","手术"
nhsa_jbzd_42_6900,"42.6900",True,"其他胸骨前食管吻合术","手术"
nhsa_jbzd_42_7x00,"42.7x00",True,"食管肌层切开术","手术"
nhsa_jbzd_42_7x00x001,"42.7x00x001",True,"食管贲门肌层切开术","手术"
nhsa_jbzd_42_7x01,"42.7x01",True,"改良食管肌层切开术[改良Heller手术]","手术"
nhsa_jbzd_42_7x02,"42.7x02",True,"腹腔镜食管贲门肌层切开术","手术"
nhsa_jbzd_42_7x03,"42.7x03",True,"内镜下贲门肌切开术(POEM)","手术"
nhsa_jbzd_42_7x04,"42.7x04",True,"胸腔镜食管肌层切开术","手术"
nhsa_jbzd_42_8100,"42.8100",True,"食管置入永久性管","治疗性操作"
nhsa_jbzd_42_8101,"42.8101",True,"内镜下食管支架置入术","治疗性操作"
nhsa_jbzd_42_8200,"42.8200",True,"食管裂伤缝合术","手术"
nhsa_jbzd_42_8300,"42.8300",True,"食管造口闭合术","手术"
nhsa_jbzd_42_8400,"42.8400",True,"食管瘘修补术","手术"
nhsa_jbzd_42_8500,"42.8500",True,"食管狭窄修补术","手术"
nhsa_jbzd_42_8501,"42.8501",True,"食管吻合口狭窄修补术","手术"
nhsa_jbzd_42_8502,"42.8502",True,"食管镜食管狭窄整复术","手术"
nhsa_jbzd_42_8600,"42.8600",True,"皮下隧道制造不伴食管吻合术","手术"
nhsa_jbzd_42_8700,"42.8700",True,"食管其他移植术","手术"
nhsa_jbzd_42_8701,"42.8701",True,"食管膈肌瓣修补术","手术"
nhsa_jbzd_42_8900,"42.8900",True,"食管其他修补术","手术"
nhsa_jbzd_42_9100,"42.9100",True,"食管静脉曲张结扎术","手术"
nhsa_jbzd_42_9100x002,"42.9100x002",True,"食管静脉曲张套扎术","手术"
nhsa_jbzd_42_9200,"42.9200",True,"食管扩张术","手术"
nhsa_jbzd_42_9200x006,"42.9200x006",True,"内镜下食管球囊扩张成形术","治疗性操作"
nhsa_jbzd_42_9200x007,"42.9200x007",True,"内镜下贲门括约肌切开术(POEM)","治疗性操作"
nhsa_jbzd_42_9201,"42.9201",True,"贲门括约肌球囊扩张术","手术"
nhsa_jbzd_42_9202,"42.9202",True,"内镜下食管扩张术","治疗性操作"
nhsa_jbzd_42_9900,"42.9900",True,"食管其他手术","手术"
nhsa_jbzd_42_9900x001,"42.9900x001",True,"内镜下食管支架调整术","治疗性操作"
nhsa_jbzd_42_9901,"42.9901",True,"食管支架调整术","治疗性操作"
nhsa_jbzd_43_0x00,"43.0x00",True,"胃切开术","手术"
nhsa_jbzd_43_0x00x003,"43.0x00x003",True,"胃切开探查术","手术"
nhsa_jbzd_43_0x01,"43.0x01",True,"胃切开取石术","手术"
nhsa_jbzd_43_0x02,"43.0x02",True,"胃切开异物取出术","手术"
nhsa_jbzd_43_0x03,"43.0x03",True,"腹腔镜下胃切开异物取出术","手术"
nhsa_jbzd_43_1100,"43.1100",True,"经皮[内镜的]胃造口术[PEG]","治疗性操作"
nhsa_jbzd_43_1100x001,"43.1100x001",True,"内镜下经皮胃造瘘术","治疗性操作"
nhsa_jbzd_43_1900,"43.1900",True,"其他胃造口术","手术"
nhsa_jbzd_43_1900x003,"43.1900x003",True,"永久性胃造口术","手术"
nhsa_jbzd_43_1900x005,"43.1900x005",True,"暂时性胃造口术","手术"
nhsa_jbzd_43_1900x006,"43.1900x006",True,"腹腔镜下胃造口术","手术"
nhsa_jbzd_43_3x00,"43.3x00",True,"幽门肌切开术","手术"
nhsa_jbzd_43_3x00x003,"43.3x00x003",True,"幽门环肌层切开术","手术"
nhsa_jbzd_43_3x00x004,"43.3x00x004",True,"幽门肌层切开术","手术"
nhsa_jbzd_43_3x01,"43.3x01",True,"腹腔镜下幽门肌层切开术","手术"
nhsa_jbzd_43_4100,"43.4100",True,"内镜下胃病损或胃组织切除术或破坏术","治疗性操作"
nhsa_jbzd_43_4100x011,"43.4100x011",True,"胃镜下贲门病损切除术","治疗性操作"
nhsa_jbzd_43_4100x013,"43.4100x013",True,"胃镜下胃病损电切术","治疗性操作"
nhsa_jbzd_43_4100x014,"43.4100x014",True,"胃镜下胃病损切除术","治疗性操作"
nhsa_jbzd_43_4100x015,"43.4100x015",True,"胃镜下贲门病损电切术","治疗性操作"
nhsa_jbzd_43_4100x016,"43.4100x016",True,"胃镜下胃病损硬化术","治疗性操作"
nhsa_jbzd_43_4100x020,"43.4100x020",True,"内镜下胃底静脉曲张组织胶注射术","治疗性操作"
nhsa_jbzd_43_4100x021,"43.4100x021",True,"内镜下胃全层切除术[EFTR]","治疗性操作"
nhsa_jbzd_43_4100x022,"43.4100x022",True,"内镜下胃病损破坏术","治疗性操作"
nhsa_jbzd_43_4101,"43.4101",True,"内镜下胃病损氩离子凝固术","治疗性操作"
nhsa_jbzd_43_4102,"43.4102",True,"内镜下胃病损套扎治疗术","治疗性操作"
nhsa_jbzd_43_4103,"43.4103",True,"内镜下胃肠吻合口病损切除术","治疗性操作"
nhsa_jbzd_43_4104,"43.4104",True,"内镜下胃病损光动力疗法","治疗性操作"
nhsa_jbzd_43_4105,"43.4105",True,"内镜下胃息肉切除术","治疗性操作"
nhsa_jbzd_43_4106,"43.4106",True,"内镜下经黏膜下隧道胃病损切除术(STER)","治疗性操作"
nhsa_jbzd_43_4107,"43.4107",True,"内镜下胃黏膜下剥离术[ESD]","治疗性操作"
nhsa_jbzd_43_4108,"43.4108",True,"内镜下胃黏膜切除术[EMR]","治疗性操作"
nhsa_jbzd_43_4109,"43.4109",True,"内镜下胃静脉曲张结扎术","治疗性操作"
nhsa_jbzd_43_4110,"43.4110",True,"内镜下胃静脉曲张硬化术","治疗性操作"
nhsa_jbzd_43_4200,"43.4200",True,"胃其他病损或组织的局部切除术","手术"
nhsa_jbzd_43_4201,"43.4201",True,"贲门病损切除术","手术"
nhsa_jbzd_43_4202,"43.4202",True,"胃病损切除术","手术"
nhsa_jbzd_43_4203,"43.4203",True,"腹腔镜下胃病损切除术","手术"
nhsa_jbzd_43_4900,"43.4900",True,"胃病损或组织的其他破坏术","手术"
nhsa_jbzd_43_5x00,"43.5x00",True,"胃部分切除术伴食管胃吻合术","手术"
nhsa_jbzd_43_5x00x003,"43.5x00x003",True,"贲门部分切除伴食管-胃吻合术","手术"
nhsa_jbzd_43_5x00x007,"43.5x00x007",True,"胃近端切除伴食管-胃吻合术","手术"
nhsa_jbzd_43_5x01,"43.5x01",True,"胃大部切除伴食管胃吻合术","手术"
nhsa_jbzd_43_5x02,"43.5x02",True,"贲门切除伴食管胃弓下吻合术","手术"
nhsa_jbzd_43_5x03,"43.5x03",True,"腹腔镜下胃大部切除伴食管-胃吻合术","手术"
nhsa_jbzd_43_6x00,"43.6x00",True,"胃部分切除术伴胃十二指肠吻合术","手术"
nhsa_jbzd_43_6x00x005,"43.6x00x005",True,"胃幽门切除术伴胃-十二指肠吻合术","手术"
nhsa_jbzd_43_6x00x006,"43.6x00x006",True,"胃远端切除术伴胃-十二指肠吻合术","手术"
nhsa_jbzd_43_6x01,"43.6x01",True,"胃大部切除伴胃十二指肠吻合术","手术"
nhsa_jbzd_43_6x02,"43.6x02",True,"腹腔镜胃大部切除伴胃十二指肠吻合术","手术"
nhsa_jbzd_43_7x00,"43.7x00",True,"胃部分切除术伴胃空肠吻合术","手术"
nhsa_jbzd_43_7x00x001,"43.7x00x001",True,"胃大部切除伴胃-空肠吻合术[Billroth Ⅱ式手术]","手术"
nhsa_jbzd_43_7x00x002,"43.7x00x002",True,"腹腔镜下残胃部分切除伴胃空肠吻合术","手术"
nhsa_jbzd_43_7x01,"43.7x01",True,"残胃部分切除伴胃空肠吻合术","手术"
nhsa_jbzd_43_7x02,"43.7x02",True,"胃肠吻合口切除伴胃空肠吻合术","手术"
nhsa_jbzd_43_7x03,"43.7x03",True,"腹腔镜胃大部切除伴胃空肠吻合术","手术"
nhsa_jbzd_43_8100,"43.8100",True,"胃部分切除术伴空肠移位术","手术"
nhsa_jbzd_43_8200,"43.8200",True,"腹腔镜垂直（袖状）胃切除术","手术"
nhsa_jbzd_43_8200x001,"43.8200x001",True,"腹腔镜胃楔形切除术","手术"
nhsa_jbzd_43_8201,"43.8201",True,"腹腔镜胃部分切除术","手术"
nhsa_jbzd_43_8900,"43.8900",True,"其他胃部分切除术","手术"
nhsa_jbzd_43_8901,"43.8901",True,"胃部分切除术","手术"
nhsa_jbzd_43_8902,"43.8902",True,"胃底横断术","手术"
nhsa_jbzd_43_8903,"43.8903",True,"胃袖状切除术","手术"
nhsa_jbzd_43_9100,"43.9100",True,"胃全部切除术伴肠间置术","手术"
nhsa_jbzd_43_9101,"43.9101",True,"全胃切除伴空肠间置术","手术"
nhsa_jbzd_43_9102,"43.9102",True,"腹腔镜辅助全胃切除伴空肠间置术","手术"
nhsa_jbzd_43_9900,"43.9900",True,"其他胃全部切除术","手术"
nhsa_jbzd_43_9900x002,"43.9900x002",True,"残胃切除术","手术"
nhsa_jbzd_43_9900x003,"43.9900x003",True,"腹腔镜下胃切除术","手术"
nhsa_jbzd_43_9900x004,"43.9900x004",True,"根治性胃切除术","手术"
nhsa_jbzd_43_9900x005,"43.9900x005",True,"腹腔镜下残胃部分切除术","手术"
nhsa_jbzd_43_9900x006,"43.9900x006",True,"全胃切除术","手术"
nhsa_jbzd_43_9900x007,"43.9900x007",True,"全胃切除伴食管十二指肠吻合术","手术"
nhsa_jbzd_43_9901,"43.9901",True,"全胃切除伴食管空肠吻合术","手术"
nhsa_jbzd_43_9902,"43.9902",True,"残胃切除，食管空肠吻合术","手术"
nhsa_jbzd_43_9904,"43.9904",True,"腹腔镜辅助全胃切除伴食管-十二指肠吻合术","手术"
nhsa_jbzd_43_9905,"43.9905",True,"腹腔镜辅助全胃切除伴食管-空肠吻合术","手术"
nhsa_jbzd_44_0000,"44.0000",True,"迷走神经切断术","手术"
nhsa_jbzd_44_0001,"44.0001",True,"腹腔镜下迷走神经切断术","手术"
nhsa_jbzd_44_0100,"44.0100",True,"迷走神经干切断术","手术"
nhsa_jbzd_44_0200,"44.0200",True,"高选择性迷走神经切断术","手术"
nhsa_jbzd_44_0200x002,"44.0200x002",True,"壁细胞迷走神经切断术","手术"
nhsa_jbzd_44_0300,"44.0300",True,"其他选择性迷走神经切断术","手术"
nhsa_jbzd_44_0300x001,"44.0300x001",True,"选择性迷走神经切断术","手术"
nhsa_jbzd_44_1100,"44.1100",True,"经腹胃镜检查","诊断性操作"
nhsa_jbzd_44_1100x002,"44.1100x002",True,"术中胃镜检查","诊断性操作"
nhsa_jbzd_44_1101,"44.1101",True,"经腹胃镜检查(手术中)","诊断性操作"
nhsa_jbzd_44_1200,"44.1200",True,"经人工造口胃镜检查","诊断性操作"
nhsa_jbzd_44_1300,"44.1300",True,"其他胃镜检查","诊断性操作"
nhsa_jbzd_44_1300x001,"44.1300x001",True,"胃镜检查","诊断性操作"
nhsa_jbzd_44_1301,"44.1301",True,"超声内镜下胃检查","诊断性操作"
nhsa_jbzd_44_1400,"44.1400",True,"闭合性[内镜的]胃活组织检查","诊断性操作"
nhsa_jbzd_44_1400x003,"44.1400x003",True,"超声内镜下胃细针穿刺活检(FNA)","诊断性操作"
nhsa_jbzd_44_1401,"44.1401",True,"胃镜下活组织检查","诊断性操作"
nhsa_jbzd_44_1402,"44.1402",True,"超声内镜下胃活组织检查","诊断性操作"
nhsa_jbzd_44_1500,"44.1500",True,"开放性胃活组织检查","手术"
nhsa_jbzd_44_1900,"44.1900",True,"胃其他诊断性操作","诊断性操作"
nhsa_jbzd_44_1901,"44.1901",True,"胃电图","诊断性操作"
nhsa_jbzd_44_2100,"44.2100",True,"经切开术的幽门扩张术","手术"
nhsa_jbzd_44_2100x001,"44.2100x001",True,"幽门切开扩张术","手术"
nhsa_jbzd_44_2200,"44.2200",True,"内镜下幽门扩张","治疗性操作"
nhsa_jbzd_44_2200x001,"44.2200x001",True,"胃镜下胃-肠吻合口扩张术","治疗性操作"
nhsa_jbzd_44_2201,"44.2201",True,"内镜下幽门球囊扩张术","治疗性操作"
nhsa_jbzd_44_2202,"44.2202",True,"内镜下幽门支架植入术","治疗性操作"
nhsa_jbzd_44_2900,"44.2900",True,"其他幽门成形术","手术"
nhsa_jbzd_44_2900x001,"44.2900x001",True,"幽门成形术","手术"
nhsa_jbzd_44_2900x002,"44.2900x002",True,"幽门括约肌切开术","治疗性操作"
nhsa_jbzd_44_2900x003,"44.2900x003",True,"腹腔镜下幽门成形术","手术"
nhsa_jbzd_44_2901,"44.2901",True,"幽门粘连松解术","手术"
nhsa_jbzd_44_3100,"44.3100",True,"高位胃搭桥术","手术"
nhsa_jbzd_44_3200,"44.3200",True,"经皮[内镜的]胃空肠吻合术","治疗性操作"
nhsa_jbzd_44_3200x001,"44.3200x001",True,"内镜下经皮胃-空肠造瘘术","治疗性操作"
nhsa_jbzd_44_3201,"44.3201",True,"内镜下胃空肠吻合术","治疗性操作"
nhsa_jbzd_44_3800,"44.3800",True,"腹腔镜下胃肠吻合术","手术"
nhsa_jbzd_44_3801,"44.3801",True,"腹腔镜下胃空肠吻合术","手术"
nhsa_jbzd_44_3802,"44.3802",True,"腹腔镜下胃十二指肠吻合术","手术"
nhsa_jbzd_44_3803,"44.3803",True,"腹腔镜下幽门旷置术","手术"
nhsa_jbzd_44_3804,"44.3804",True,"腹腔镜下胃转流术（LRYGB)","手术"
nhsa_jbzd_44_3900,"44.3900",True,"其他胃肠吻合术","手术"
nhsa_jbzd_44_3900x003,"44.3900x003",True,"胃-十二指肠吻合术","手术"
nhsa_jbzd_44_3901,"44.3901",True,"胃转流术[胃-肠搭桥吻合术]","手术"
nhsa_jbzd_44_3902,"44.3902",True,"胃十二指肠吻合术（旁路）","手术"
nhsa_jbzd_44_3903,"44.3903",True,"胃空肠吻合术（旁路）","手术"
nhsa_jbzd_44_3904,"44.3904",True,"幽门旷置术","手术"
nhsa_jbzd_44_4000,"44.4000",True,"消化性溃疡缝合术","手术"
nhsa_jbzd_44_4100,"44.4100",True,"胃溃疡部位的缝合术","手术"
nhsa_jbzd_44_4100x008,"44.4100x008",True,"胃溃疡穿孔修补术","手术"
nhsa_jbzd_44_4100x009,"44.4100x009",True,"胃镜下胃溃疡修补术","治疗性操作"
nhsa_jbzd_44_4101,"44.4101",True,"胃溃疡修补术","手术"
nhsa_jbzd_44_4102,"44.4102",True,"腹腔镜胃溃疡穿孔修补术","手术"
nhsa_jbzd_44_4200,"44.4200",True,"十二指肠溃疡部位的缝合术","手术"
nhsa_jbzd_44_4200x001,"44.4200x001",True,"腹腔镜下十二指肠溃疡穿孔修补术","手术"
nhsa_jbzd_44_4200x003,"44.4200x003",True,"十二指肠溃疡穿孔修补术","手术"
nhsa_jbzd_44_4200x004,"44.4200x004",True,"胃镜下十二指肠溃疡修补术","治疗性操作"
nhsa_jbzd_44_4201,"44.4201",True,"十二指肠溃疡修补术","手术"
nhsa_jbzd_44_4202,"44.4202",True,"腹腔镜十二指肠溃疡修补术","手术"
nhsa_jbzd_44_4300,"44.4300",True,"内镜下胃或十二指肠出血控制","治疗性操作"
nhsa_jbzd_44_4300x001,"44.4300x001",True,"胃镜下十二指肠止血术","治疗性操作"
nhsa_jbzd_44_4300x002,"44.4300x002",True,"胃镜下胃出血止血术","治疗性操作"
nhsa_jbzd_44_4300x003,"44.4300x003",True,"胃镜下胃空肠吻合口出血止血术","治疗性操作"
nhsa_jbzd_44_4301,"44.4301",True,"内镜下胃氩气刀止血术","治疗性操作"
nhsa_jbzd_44_4302,"44.4302",True,"内镜下胃钛夹止血术","治疗性操作"
nhsa_jbzd_44_4303,"44.4303",True,"内镜下十二指肠钛夹止血术","治疗性操作"
nhsa_jbzd_44_4400,"44.4400",True,"经导管栓塞，用于胃或十二指肠出血","介入治疗"
nhsa_jbzd_44_4400x001,"44.4400x001",True,"食管-胃底静脉栓塞术","介入治疗"
nhsa_jbzd_44_4400x005,"44.4400x005",True,"胃十二指肠动脉栓塞术","介入治疗"
nhsa_jbzd_44_4401,"44.4401",True,"十二指肠动脉栓塞术","介入治疗"
nhsa_jbzd_44_4402,"44.4402",True,"经导管胃静脉栓塞术","介入治疗"
nhsa_jbzd_44_4403,"44.4403",True,"经导管胃动脉栓塞术","介入治疗"
nhsa_jbzd_44_4900,"44.4900",True,"其他胃或十二指肠出血的控制","手术"
nhsa_jbzd_44_4901,"44.4901",True,"胃切开止血术","手术"
nhsa_jbzd_44_4902,"44.4902",True,"十二指肠切开止血术","手术"
nhsa_jbzd_44_5x00,"44.5x00",True,"胃吻合术的修复术","手术"
nhsa_jbzd_44_5x00x002,"44.5x00x002",True,"胃-空肠吻合口闭合术","手术"
nhsa_jbzd_44_5x00x004,"44.5x00x004",True,"胃-十二指肠吻合口闭合术","手术"
nhsa_jbzd_44_5x00x005,"44.5x00x005",True,"胃-十二指肠吻合口修补术","手术"
nhsa_jbzd_44_5x01,"44.5x01",True,"胃肠吻合口修补术","手术"
nhsa_jbzd_44_5x02,"44.5x02",True,"食管胃吻合口成形术","手术"
nhsa_jbzd_44_5x03,"44.5x03",True,"内镜下胃肠吻合口修补术","治疗性操作"
nhsa_jbzd_44_5x04,"44.5x04",True,"内镜下胃肠吻合口扩张术","治疗性操作"
nhsa_jbzd_44_5x05,"44.5x05",True,"内镜下食管胃吻合口扩张术","治疗性操作"
nhsa_jbzd_44_5x06,"44.5x06",True,"内镜下胃肠吻合口支架植入术","治疗性操作"
nhsa_jbzd_44_5x07,"44.5x07",True,"内镜下胃咽吻合口扩张术","治疗性操作"
nhsa_jbzd_44_6100,"44.6100",True,"胃裂伤缝合术","手术"
nhsa_jbzd_44_6100x003,"44.6100x003",True,"胃破裂修补术","手术"
nhsa_jbzd_44_6200,"44.6200",True,"胃造口闭合术","手术"
nhsa_jbzd_44_6300,"44.6300",True,"其他胃瘘闭合术","手术"
nhsa_jbzd_44_6300x001,"44.6300x001",True,"胃-结肠瘘闭合术","手术"
nhsa_jbzd_44_6301,"44.6301",True,"胃结肠瘘修补术","手术"
nhsa_jbzd_44_6302,"44.6302",True,"胃空肠瘘修补术","手术"
nhsa_jbzd_44_6400,"44.6400",True,"胃固定术","手术"
nhsa_jbzd_44_6401,"44.6401",True,"腹腔镜下胃固定术","手术"
nhsa_jbzd_44_6500,"44.6500",True,"胃十二指肠成形术","手术"
nhsa_jbzd_44_6500x001,"44.6500x001",True,"食管-贲门成形术","手术"
nhsa_jbzd_44_6500x002,"44.6500x002",True,"食管-胃成形术[Belsey手术]","手术"
nhsa_jbzd_44_6500x003,"44.6500x003",True,"胸腔镜下贲门松解术","手术"
nhsa_jbzd_44_6501,"44.6501",True,"贲门成形术","手术"
nhsa_jbzd_44_6600,"44.6600",True,"其他操作，用于创建食管胃括约肌功能","手术"
nhsa_jbzd_44_6600x002,"44.6600x002",True,"胃-贲门成形术","手术"
nhsa_jbzd_44_6601,"44.6601",True,"胃底折叠术","手术"
nhsa_jbzd_44_6700,"44.6700",True,"腹腔镜操作用于创建食管胃括约肌功能","手术"
nhsa_jbzd_44_6701,"44.6701",True,"腹腔镜胃底折叠术","手术"
nhsa_jbzd_44_6800,"44.6800",True,"腹腔镜下胃成形术","手术"
nhsa_jbzd_44_6800x002,"44.6800x002",True,"腹腔镜下胃束带术","手术"
nhsa_jbzd_44_6801,"44.6801",True,"腹腔镜垂直束带胃成形术（VBG）","手术"
nhsa_jbzd_44_6900,"44.6900",True,"胃的其他修补术","手术"
nhsa_jbzd_44_6901,"44.6901",True,"胃修补术","手术"
nhsa_jbzd_44_6902,"44.6902",True,"腹腔镜胃修补术","手术"
nhsa_jbzd_44_9100,"44.9100",True,"胃静脉曲张结扎术","手术"
nhsa_jbzd_44_9100x001,"44.9100x001",True,"贲门周围血管离断术","手术"
nhsa_jbzd_44_9100x002,"44.9100x002",True,"门奇静脉断流术[食管-胃底静脉结扎术]","手术"
nhsa_jbzd_44_9100x005,"44.9100x005",True,"腹腔镜下胃静脉曲张离断术","手术"
nhsa_jbzd_44_9101,"44.9101",True,"胃底静脉结扎术","手术"
nhsa_jbzd_44_9200,"44.9200",True,"胃的手术中操作","手术"
nhsa_jbzd_44_9201,"44.9201",True,"胃扭转复位术","手术"
nhsa_jbzd_44_9300,"44.9300",True,"胃泡(球囊)置入","治疗性操作"
nhsa_jbzd_44_9400,"44.9400",True,"胃泡(球囊)去除","治疗性操作"
nhsa_jbzd_44_9500,"44.9500",True,"腹腔镜下胃限制性操作","手术"
nhsa_jbzd_44_9501,"44.9501",True,"腹腔镜下可调节胃束带术（LAGB）","手术"
nhsa_jbzd_44_9502,"44.9502",True,"垂直绑带式胃减容术(VGB)","手术"
nhsa_jbzd_44_9600,"44.9600",True,"腹腔镜下胃限制性操作的修复术","手术"
nhsa_jbzd_44_9601,"44.9601",True,"腹腔镜可调节胃束带置换术","手术"
nhsa_jbzd_44_9602,"44.9602",True,"腹腔镜可调节胃束带修正术","手术"
nhsa_jbzd_44_9700,"44.9700",True,"腹腔镜下去除胃限制性装置","手术"
nhsa_jbzd_44_9701,"44.9701",True,"腹腔镜可调节胃束带去除术","手术"
nhsa_jbzd_44_9800,"44.9800",True,"腹腔镜调节可调节的胃限制性装置的体积","手术"
nhsa_jbzd_44_9800x003,"44.9800x003",True,"液体灌注可调节胃束带放松术","治疗性操作"
nhsa_jbzd_44_9800x004,"44.9800x004",True,"液体撤收可调节胃束带紧缩术","治疗性操作"
nhsa_jbzd_44_9801,"44.9801",True,"腹腔镜可调节胃束带放松术","手术"
nhsa_jbzd_44_9802,"44.9802",True,"腹腔镜下可调节胃束带紧缩术","手术"
nhsa_jbzd_44_9900,"44.9900",True,"胃的其他手术","手术"
nhsa_jbzd_44_9900x001,"44.9900x001",True,"内镜下胃支架置入术","治疗性操作"
nhsa_jbzd_45_0000,"45.0000",True,"肠切开术","手术"
nhsa_jbzd_45_0001,"45.0001",True,"肠切开取石术","手术"
nhsa_jbzd_45_0002,"45.0002",True,"肠切开异物取出术","手术"
nhsa_jbzd_45_0100,"45.0100",True,"十二指肠切开术","手术"
nhsa_jbzd_45_0100x005,"45.0100x005",True,"十二指肠切开探查术","手术"
nhsa_jbzd_45_0100x006,"45.0100x006",True,"十二指肠切开减压术","手术"
nhsa_jbzd_45_0101,"45.0101",True,"十二指肠切开异物取出术","手术"
nhsa_jbzd_45_0102,"45.0102",True,"十二指肠切开取石术","手术"
nhsa_jbzd_45_0200,"45.0200",True,"小肠的其他切开术","手术"
nhsa_jbzd_45_0200x001,"45.0200x001",True,"空肠切开取石","手术"
nhsa_jbzd_45_0200x002,"45.0200x002",True,"小肠切开探查术","手术"
nhsa_jbzd_45_0201,"45.0201",True,"小肠切开异物取出术","手术"
nhsa_jbzd_45_0202,"45.0202",True,"小肠切开取石术","手术"
nhsa_jbzd_45_0203,"45.0203",True,"小肠切开减压术","手术"
nhsa_jbzd_45_0204,"45.0204",True,"腹腔镜小肠切开减压术","手术"
nhsa_jbzd_45_0300,"45.0300",True,"大肠切开术","手术"
nhsa_jbzd_45_0300x002,"45.0300x002",True,"大肠切开探查术","手术"
nhsa_jbzd_45_0300x003,"45.0300x003",True,"横结肠切开引流术","手术"
nhsa_jbzd_45_0301,"45.0301",True,"大肠切开取石术","手术"
nhsa_jbzd_45_0302,"45.0302",True,"大肠切开异物取出术","手术"
nhsa_jbzd_45_0303,"45.0303",True,"大肠切开减压术","手术"
nhsa_jbzd_45_1100,"45.1100",True,"经腹的小肠内镜检查","诊断性操作"
nhsa_jbzd_45_1101,"45.1101",True,"术中小肠内镜检查","诊断性操作"
nhsa_jbzd_45_1200,"45.1200",True,"小肠内镜检查，经人工造口","诊断性操作"
nhsa_jbzd_45_1200x001,"45.1200x001",True,"经人工造口小肠内镜检查","诊断性操作"
nhsa_jbzd_45_1300,"45.1300",True,"小肠其他内镜检查","诊断性操作"
nhsa_jbzd_45_1300x001,"45.1300x001",True,"小肠镜检查","诊断性操作"
nhsa_jbzd_45_1300x004,"45.1300x004",True,"胃-十二指肠镜检查","诊断性操作"
nhsa_jbzd_45_1300x005,"45.1300x005",True,"双(单)气囊小肠镜检查","诊断性操作"
nhsa_jbzd_45_1300x006,"45.1300x006",True,"超声内镜下十二指肠检查","诊断性操作"
nhsa_jbzd_45_1300x007,"45.1300x007",True,"超声内镜下小肠检查","治疗性操作"
nhsa_jbzd_45_1301,"45.1301",True,"十二指肠镜检查术","诊断性操作"
nhsa_jbzd_45_1302,"45.1302",True,"胶囊内镜检查术","诊断性操作"
nhsa_jbzd_45_1400,"45.1400",True,"闭合性[内镜]小肠活组织检查","诊断性操作"
nhsa_jbzd_45_1400x003,"45.1400x003",True,"胃十二指肠镜下小肠刷洗活检","诊断性操作"
nhsa_jbzd_45_1401,"45.1401",True,"内镜下小肠活组织检查","诊断性操作"
nhsa_jbzd_45_1402,"45.1402",True,"内镜下回肠活组织检查","诊断性操作"
nhsa_jbzd_45_1500,"45.1500",True,"开放性小肠活组织检查","手术"
nhsa_jbzd_45_1600,"45.1600",True,"食管胃十二指肠镜检查[EGD]伴活组织检查","诊断性操作"
nhsa_jbzd_45_1600x001,"45.1600x001",True,"胃十二指肠镜下活检","诊断性操作"
nhsa_jbzd_45_1900,"45.1900",True,"小肠其他诊断性操作","诊断性操作"
nhsa_jbzd_45_2100,"45.2100",True,"经腹大肠内镜检查","诊断性操作"
nhsa_jbzd_45_2101,"45.2101",True,"经腹大肠内镜检查（手术中）","诊断性操作"
nhsa_jbzd_45_2200,"45.2200",True,"大肠内镜检查，经人工造口","诊断性操作"
nhsa_jbzd_45_2200x001,"45.2200x001",True,"经人工造口大肠内镜检查","诊断性操作"
nhsa_jbzd_45_2300,"45.2300",True,"结肠镜检查","诊断性操作"
nhsa_jbzd_45_2300x001,"45.2300x001",True,"内镜下逆行阑尾造影术","诊断性操作"
nhsa_jbzd_45_2301,"45.2301",True,"可曲性光学纤维结肠镜检查","诊断性操作"
nhsa_jbzd_45_2302,"45.2302",True,"电子结肠镜检查","诊断性操作"
nhsa_jbzd_45_2303,"45.2303",True,"超声结肠镜检查","诊断性操作"
nhsa_jbzd_45_2400,"45.2400",True,"可曲性乙状结肠镜检查","诊断性操作"
nhsa_jbzd_45_2401,"45.2401",True,"乙状结肠镜检查","诊断性操作"
nhsa_jbzd_45_2500,"45.2500",True,"闭合性[内镜的]大肠活组织检查","诊断性操作"
nhsa_jbzd_45_2500x004,"45.2500x004",True,"结肠刷洗","诊断性操作"
nhsa_jbzd_45_2501,"45.2501",True,"结肠镜下大肠活组织检查","诊断性操作"
nhsa_jbzd_45_2600,"45.2600",True,"开放性大肠活组织检查","手术"
nhsa_jbzd_45_2700,"45.2700",True,"肠活组织检查","诊断性操作"
nhsa_jbzd_45_2800,"45.2800",True,"大肠其他诊断性操作","诊断性操作"
nhsa_jbzd_45_2900,"45.2900",True,"肠的其他诊断性操作","诊断性操作"
nhsa_jbzd_45_3000,"45.3000",True,"内镜下十二指肠病损切除术或破坏术","治疗性操作"
nhsa_jbzd_45_3001,"45.3001",True,"内镜下十二指肠病损切除术","治疗性操作"
nhsa_jbzd_45_3002,"45.3002",True,"内镜下十二指肠病损氩离子凝固治疗术","治疗性操作"
nhsa_jbzd_45_3003,"45.3003",True,"内镜下十二指肠病损光动力治疗（PDT)","治疗性操作"
nhsa_jbzd_45_3004,"45.3004",True,"内镜下十二指肠黏膜下剥离术(ESD)","治疗性操作"
nhsa_jbzd_45_3005,"45.3005",True,"内镜下十二指肠黏膜切除术(EMR)","治疗性操作"
nhsa_jbzd_45_3006,"45.3006",True,"内镜下十二指肠病损射频消融术","治疗性操作"
nhsa_jbzd_45_3007,"45.3007",True,"内镜下经黏膜下隧道十二指肠病损切除术(STER)","治疗性操作"
nhsa_jbzd_45_3100,"45.3100",True,"十二指肠病损的其他局部切除术","手术"
nhsa_jbzd_45_3101,"45.3101",True,"十二指肠病损切除术","手术"
nhsa_jbzd_45_3102,"45.3102",True,"十二指肠憩室切除术","手术"
nhsa_jbzd_45_3200,"45.3200",True,"十二指肠病损的其他破坏术","手术"
nhsa_jbzd_45_3200x001,"45.3200x001",True,"十二指肠病损破坏术","手术"
nhsa_jbzd_45_3300,"45.3300",True,"小肠病损或组织的局部切除术，除外十二指肠","手术"
nhsa_jbzd_45_3300x006,"45.3300x006",True,"空肠病损切除术","手术"
nhsa_jbzd_45_3300x009,"45.3300x009",True,"回肠病损切除术","手术"
nhsa_jbzd_45_3300x012,"45.3300x012",True,"内镜下小肠黏膜切除术(EMR)","治疗性操作"
nhsa_jbzd_45_3300x013,"45.3300x013",True,"内镜下小肠黏膜下剥离术(ESD)","治疗性操作"
nhsa_jbzd_45_3300x014,"45.3300x014",True,"内镜下经黏膜下隧道小肠病损切除术(STER)","治疗性操作"
nhsa_jbzd_45_3301,"45.3301",True,"小肠病损切除术","手术"
nhsa_jbzd_45_3302,"45.3302",True,"小肠憩室切除术","手术"
nhsa_jbzd_45_3303,"45.3303",True,"腹腔镜小肠病损切除术","手术"
nhsa_jbzd_45_3304,"45.3304",True,"腹腔镜麦克尔憩室切除术","手术"
nhsa_jbzd_45_3305,"45.3305",True,"内镜下小肠病损切除术","治疗性操作"
nhsa_jbzd_45_3400,"45.3400",True,"小肠病损的其他破坏术，除外十二指肠","治疗性操作"
nhsa_jbzd_45_3400x001,"45.3400x001",True,"内镜下小肠出血止血术","治疗性操作"
nhsa_jbzd_45_3401,"45.3401",True,"内镜下空肠病损氩气刀治疗术（APC)","治疗性操作"
nhsa_jbzd_45_3402,"45.3402",True,"内镜下回肠病损氩气刀治疗术（APC)","治疗性操作"
nhsa_jbzd_45_4100,"45.4100",True,"大肠病损或组织的切除术","手术"
nhsa_jbzd_45_4100x001,"45.4100x001",True,"大肠病损切除术","手术"
nhsa_jbzd_45_4100x002,"45.4100x002",True,"腹腔镜下结肠病损切除术","手术"
nhsa_jbzd_45_4100x003,"45.4100x003",True,"腹腔镜下乙状结肠病损切除术","手术"
nhsa_jbzd_45_4100x004,"45.4100x004",True,"腹腔镜下回盲部病损切除术","手术"
nhsa_jbzd_45_4100x005,"45.4100x005",True,"腹腔镜下结肠止血术","手术"
nhsa_jbzd_45_4101,"45.4101",True,"结肠病损切除术","手术"
nhsa_jbzd_45_4102,"45.4102",True,"横结肠病损切除术","手术"
nhsa_jbzd_45_4103,"45.4103",True,"降结肠病损切除术","手术"
nhsa_jbzd_45_4104,"45.4104",True,"乙状结肠病损切除术","手术"
nhsa_jbzd_45_4105,"45.4105",True,"盲肠病损切除术","手术"
nhsa_jbzd_45_4107,"45.4107",True,"升结肠病损切除术","手术"
nhsa_jbzd_45_4108,"45.4108",True,"盲肠憩室切除术","手术"
nhsa_jbzd_45_4200,"45.4200",True,"内镜下大肠息肉切除术","治疗性操作"
nhsa_jbzd_45_4200x003,"45.4200x003",True,"纤维结肠镜下结肠息肉切除术","治疗性操作"
nhsa_jbzd_45_4200x004,"45.4200x004",True,"内镜下结肠息肉消融术","治疗性操作"
nhsa_jbzd_45_4201,"45.4201",True,"内镜下乙状结肠息肉切除术","治疗性操作"
nhsa_jbzd_45_4300,"45.4300",True,"内镜下大肠其他病损或组织破坏术","治疗性操作"
nhsa_jbzd_45_4300x008,"45.4300x008",True,"结肠镜下结肠病损电凝术","治疗性操作"
nhsa_jbzd_45_4300x009,"45.4300x009",True,"内镜下结肠黏膜下剥离术(ESD)","治疗性操作"
nhsa_jbzd_45_4300x010,"45.4300x010",True,"内镜下结肠黏膜切除术(EMR)","治疗性操作"
nhsa_jbzd_45_4300x012,"45.4300x012",True,"内镜下经黏膜下隧道结肠病损切除术(STER)","治疗性操作"
nhsa_jbzd_45_4300x013,"45.4300x013",True,"内镜下结肠病损氩气刀治疗术（APC)","治疗性操作"
nhsa_jbzd_45_4301,"45.4301",True,"内镜下乙状结肠病损切除术","治疗性操作"
nhsa_jbzd_45_4302,"45.4302",True,"内镜下结肠病损切除术","治疗性操作"
nhsa_jbzd_45_4303,"45.4303",True,"内镜下盲肠病损切除术","治疗性操作"
nhsa_jbzd_45_4304,"45.4304",True,"内镜下结肠止血术","治疗性操作"
nhsa_jbzd_45_4305,"45.4305",True,"内镜下直肠止血术","治疗性操作"
nhsa_jbzd_45_4306,"45.4306",True,"内镜下直肠钛夹止血术","治疗性操作"
nhsa_jbzd_45_4900,"45.4900",True,"大肠病损的其他破坏术","手术"
nhsa_jbzd_45_4900x001,"45.4900x001",True,"大肠病损破坏术","手术"
nhsa_jbzd_45_4900x003,"45.4900x003",True,"结肠病损高频电凝术","手术"
nhsa_jbzd_45_4900x005,"45.4900x005",True,"结肠病损激光烧灼术","手术"
nhsa_jbzd_45_4901,"45.4901",True,"结肠袋形缝合术","手术"
nhsa_jbzd_45_5000,"45.5000",True,"肠段分离术","手术"
nhsa_jbzd_45_5100,"45.5100",True,"小肠段分离术","手术"
nhsa_jbzd_45_5100x001,"45.5100x001",True,"回肠部分切除用于间置术","手术"
nhsa_jbzd_45_5101,"45.5101",True,"小肠部分切除用于间置术","手术"
nhsa_jbzd_45_5200,"45.5200",True,"大肠段分离术","手术"
nhsa_jbzd_45_5201,"45.5201",True,"结肠部分切除术用于间置术","手术"
nhsa_jbzd_45_6100,"45.6100",True,"小肠多节段部分切除术","手术"
nhsa_jbzd_45_6100x001,"45.6100x001",True,"腹腔镜下小肠多节段部分切除术","手术"
nhsa_jbzd_45_6200,"45.6200",True,"小肠其他部分切除术","手术"
nhsa_jbzd_45_6200x001,"45.6200x001",True,"腹腔镜下回肠部分切除术","手术"
nhsa_jbzd_45_6200x002,"45.6200x002",True,"腹腔镜下空肠部分切除术","手术"
nhsa_jbzd_45_6200x003,"45.6200x003",True,"腹腔镜下回肠全部切除术","手术"
nhsa_jbzd_45_6200x004,"45.6200x004",True,"腹腔镜下空肠全部切除术","手术"
nhsa_jbzd_45_6200x005,"45.6200x005",True,"腹腔镜下十二指肠部分切除术","手术"
nhsa_jbzd_45_6200x006,"45.6200x006",True,"腹腔镜下十二指肠全部切除术","手术"
nhsa_jbzd_45_6201,"45.6201",True,"小肠部分切除术","手术"
nhsa_jbzd_45_6202,"45.6202",True,"十二指肠部分切除术","手术"
nhsa_jbzd_45_6203,"45.6203",True,"十二指肠切除术","手术"
nhsa_jbzd_45_6204,"45.6204",True,"空肠部分切除术","手术"
nhsa_jbzd_45_6205,"45.6205",True,"空肠切除术","手术"
nhsa_jbzd_45_6206,"45.6206",True,"回肠部分切除术","手术"
nhsa_jbzd_45_6207,"45.6207",True,"回肠切除术","手术"
nhsa_jbzd_45_6208,"45.6208",True,"腹腔镜下小肠部分切除术","手术"
nhsa_jbzd_45_6300,"45.6300",True,"小肠全部切除术","手术"
nhsa_jbzd_45_6300x001,"45.6300x001",True,"腹腔镜下小肠全部切除术","手术"
nhsa_jbzd_45_7100,"45.7100",True,"开放性和其他大肠多节段切除术","手术"
nhsa_jbzd_45_7100x001,"45.7100x001",True,"大肠多节段切除术","手术"
nhsa_jbzd_45_7200,"45.7200",True,"开放性和其他盲肠切除术","手术"
nhsa_jbzd_45_7200x002,"45.7200x002",True,"回盲部切除术","手术"
nhsa_jbzd_45_7200x004,"45.7200x004",True,"盲肠部分切除术","手术"
nhsa_jbzd_45_7201,"45.7201",True,"回盲部分切除术","手术"
nhsa_jbzd_45_7202,"45.7202",True,"盲肠切除术","手术"
nhsa_jbzd_45_7300,"45.7300",True,"开放性和其他右半结肠切除术","手术"
nhsa_jbzd_45_7300x006,"45.7300x006",True,"右半结肠姑息性切除术","手术"
nhsa_jbzd_45_7300x007,"45.7300x007",True,"右半结肠切除术","手术"
nhsa_jbzd_45_7301,"45.7301",True,"回肠结肠切除术","手术"
nhsa_jbzd_45_7302,"45.7302",True,"右半结肠根治性切除术","手术"
nhsa_jbzd_45_7303,"45.7303",True,"升结肠部分切除术","手术"
nhsa_jbzd_45_7304,"45.7304",True,"升结肠切除术","手术"
nhsa_jbzd_45_7400,"45.7400",True,"开放性和其他横结肠切除术","手术"
nhsa_jbzd_45_7400x003,"45.7400x003",True,"横结肠切除术","手术"
nhsa_jbzd_45_7401,"45.7401",True,"横结肠部分切除术","手术"
nhsa_jbzd_45_7500,"45.7500",True,"左半结肠切除术","手术"
nhsa_jbzd_45_7501,"45.7501",True,"左半结肠根治性切除术","手术"
nhsa_jbzd_45_7600,"45.7600",True,"开放性和其他乙状结肠切除术","手术"
nhsa_jbzd_45_7600x008,"45.7600x008",True,"乙状结肠切除术","手术"
nhsa_jbzd_45_7601,"45.7601",True,"乙状结肠部分切除术","手术"
nhsa_jbzd_45_7602,"45.7602",True,"降结肠切除术","手术"
nhsa_jbzd_45_7603,"45.7603",True,"降结肠部分切除术","手术"
nhsa_jbzd_45_7900,"45.7900",True,"其他和未特指大肠部分切除术","手术"
nhsa_jbzd_45_7900x001,"45.7900x001",True,"结肠次全切除术","手术"
nhsa_jbzd_45_7900x002,"45.7900x002",True,"巨结肠切除术","手术"
nhsa_jbzd_45_7900x003,"45.7900x003",True,"经肛门巨结肠根治术（改良Soave法）","手术"
nhsa_jbzd_45_7900x004,"45.7900x004",True,"腹腔镜经肛门巨结肠根治术（改良Soave法）","手术"
nhsa_jbzd_45_7901,"45.7901",True,"结肠部分切除术","手术"
nhsa_jbzd_45_7902,"45.7902",True,"小肠结肠部分切除术","手术"
nhsa_jbzd_45_8100,"45.8100",True,"腹腔镜腹内全结肠切除术","手术"
nhsa_jbzd_45_8100x001,"45.8100x001",True,"腹腔镜下结肠次全切除术","手术"
nhsa_jbzd_45_8200,"45.8200",True,"开放性腹内全结肠切除术","手术"
nhsa_jbzd_45_8300,"45.8300",True,"其他和未特指的腹内全结肠切除术","手术"
nhsa_jbzd_45_9000,"45.9000",True,"肠吻合术","手术"
nhsa_jbzd_45_9100,"45.9100",True,"小肠小肠吻合术","手术"
nhsa_jbzd_45_9100x006,"45.9100x006",True,"小肠-小肠端侧吻合术","手术"
nhsa_jbzd_45_9100x008,"45.9100x008",True,"空肠-空肠端侧吻合术","手术"
nhsa_jbzd_45_9100x009,"45.9100x009",True,"十二指肠-回肠吻合术","手术"
nhsa_jbzd_45_9100x010,"45.9100x010",True,"空肠-空肠侧侧吻合术","手术"
nhsa_jbzd_45_9101,"45.9101",True,"空肠空肠吻合术","手术"
nhsa_jbzd_45_9102,"45.9102",True,"回肠回肠吻合术","手术"
nhsa_jbzd_45_9103,"45.9103",True,"十二指肠空肠吻合术","手术"
nhsa_jbzd_45_9104,"45.9104",True,"空肠回肠吻合术","手术"
nhsa_jbzd_45_9200,"45.9200",True,"小肠直肠残端吻合术","手术"
nhsa_jbzd_45_9300,"45.9300",True,"其他小肠-大肠吻合术","手术"
nhsa_jbzd_45_9300x012,"45.9300x012",True,"小肠-升结肠吻合术","手术"
nhsa_jbzd_45_9300x013,"45.9300x013",True,"小肠-大肠吻合术","手术"
nhsa_jbzd_45_9300x014,"45.9300x014",True,"小肠-结肠吻合术","手术"
nhsa_jbzd_45_9300x015,"45.9300x015",True,"回肠贮袋肛管吻合术","手术"
nhsa_jbzd_45_9301,"45.9301",True,"回肠-横结肠吻合术","手术"
nhsa_jbzd_45_9302,"45.9302",True,"回肠-降结肠吻合术","手术"
nhsa_jbzd_45_9303,"45.9303",True,"回肠-盲肠吻合术","手术"
nhsa_jbzd_45_9304,"45.9304",True,"回肠-升结肠吻合术","手术"
nhsa_jbzd_45_9305,"45.9305",True,"回肠-乙状结肠吻合术","手术"
nhsa_jbzd_45_9306,"45.9306",True,"回肠-直肠吻合术","手术"
nhsa_jbzd_45_9307,"45.9307",True,"空肠-横结肠吻合术","手术"
nhsa_jbzd_45_9308,"45.9308",True,"空肠-降结肠吻合术","手术"
nhsa_jbzd_45_9309,"45.9309",True,"空肠-升结肠吻合术","手术"
nhsa_jbzd_45_9310,"45.9310",True,"空肠-乙状结肠吻合术","手术"
nhsa_jbzd_45_9400,"45.9400",True,"大肠-大肠吻合术","手术"
nhsa_jbzd_45_9400x004,"45.9400x004",True,"降结肠-乙状结肠吻合术","手术"
nhsa_jbzd_45_9400x009,"45.9400x009",True,"盲肠-乙状结肠吻合术","手术"
nhsa_jbzd_45_9400x012,"45.9400x012",True,"升结肠-乙状结肠吻合术","手术"
nhsa_jbzd_45_9400x016,"45.9400x016",True,"横结肠-直肠吻合术","手术"
nhsa_jbzd_45_9400x017,"45.9400x017",True,"盲肠-结肠吻合术","手术"
nhsa_jbzd_45_9400x018,"45.9400x018",True,"盲肠-直肠吻合术","手术"
nhsa_jbzd_45_9401,"45.9401",True,"横结肠-降结肠吻合术","手术"
nhsa_jbzd_45_9402,"45.9402",True,"横结肠-乙状结肠吻合术","手术"
nhsa_jbzd_45_9403,"45.9403",True,"降结肠-直肠吻合术","手术"
nhsa_jbzd_45_9404,"45.9404",True,"结肠-直肠吻合术","手术"
nhsa_jbzd_45_9405,"45.9405",True,"乙状结肠-直肠吻合术","手术"
nhsa_jbzd_45_9406,"45.9406",True,"升结肠-横结肠吻合术","手术"
nhsa_jbzd_45_9407,"45.9407",True,"升结肠-降结肠吻合术","手术"
nhsa_jbzd_45_9408,"45.9408",True,"升结肠-直肠吻合术","手术"
nhsa_jbzd_45_9500,"45.9500",True,"肛门吻合术","手术"
nhsa_jbzd_45_9500x001,"45.9500x001",True,"直肠-肛门吻合术","手术"
nhsa_jbzd_45_9501,"45.9501",True,"结肠-肛门吻合术","手术"
nhsa_jbzd_45_9502,"45.9502",True,"回肠-肛门吻合术","手术"
nhsa_jbzd_45_9503,"45.9503",True,"降结肠-肛门吻合术","手术"
nhsa_jbzd_45_9504,"45.9504",True,"乙状结肠-肛门吻合术","手术"
nhsa_jbzd_46_0100,"46.0100",True,"小肠外置术","手术"
nhsa_jbzd_46_0100x001,"46.0100x001",True,"回肠外置术","手术"
nhsa_jbzd_46_0101,"46.0101",True,"十二指肠外置术","手术"
nhsa_jbzd_46_0102,"46.0102",True,"襻式回肠造口术","手术"
nhsa_jbzd_46_0200,"46.0200",True,"小肠外置段切除术","手术"
nhsa_jbzd_46_0300,"46.0300",True,"大肠外置术","手术"
nhsa_jbzd_46_0300x001,"46.0300x001",True,"肠外置术[Mikulicz手术]","手术"
nhsa_jbzd_46_0300x003,"46.0300x003",True,"盲肠外置术","手术"
nhsa_jbzd_46_0300x004,"46.0300x004",True,"结肠旷置术","手术"
nhsa_jbzd_46_0301,"46.0301",True,"肠外置术（一期）","手术"
nhsa_jbzd_46_0302,"46.0302",True,"襻式结肠造口术","手术"
nhsa_jbzd_46_0400,"46.0400",True,"大肠外置段的切除术","手术"
nhsa_jbzd_46_0400x002,"46.0400x002",True,"肠外置段的切除术","手术"
nhsa_jbzd_46_0401,"46.0401",True,"肠外置术（二期）","手术"
nhsa_jbzd_46_0402,"46.0402",True,"结肠襻切除术","手术"
nhsa_jbzd_46_1000,"46.1000",True,"结肠造口术","手术"
nhsa_jbzd_46_1000x007,"46.1000x007",True,"腹腔镜下结肠造口术","手术"
nhsa_jbzd_46_1100,"46.1100",True,"暂时性结肠造口术","手术"
nhsa_jbzd_46_1100x002,"46.1100x002",True,"腹腔镜下结肠暂时性造口术","手术"
nhsa_jbzd_46_1300,"46.1300",True,"永久性结肠造口术","手术"
nhsa_jbzd_46_1301,"46.1301",True,"腹腔镜乙状结肠永久性造口术","手术"
nhsa_jbzd_46_1400,"46.1400",True,"结肠造口的延迟性切开","手术"
nhsa_jbzd_46_2000,"46.2000",True,"回肠造口术","手术"
nhsa_jbzd_46_2001,"46.2001",True,"腹腔镜回肠造口术","手术"
nhsa_jbzd_46_2100,"46.2100",True,"暂时性回肠造口术","手术"
nhsa_jbzd_46_2200,"46.2200",True,"节制性回肠造口术","手术"
nhsa_jbzd_46_2300,"46.2300",True,"其他永久性回肠造口术","手术"
nhsa_jbzd_46_2300x001,"46.2300x001",True,"回肠永久性造口术","手术"
nhsa_jbzd_46_2301,"46.2301",True,"腹腔镜永久性回肠造口术","手术"
nhsa_jbzd_46_2400,"46.2400",True,"回肠造口的延迟性切开","手术"
nhsa_jbzd_46_3100,"46.3100",True,"其他肠造口的延迟性切开","手术"
nhsa_jbzd_46_3200,"46.3200",True,"经皮(内镜的)空肠造口术[PEJ]","治疗性操作"
nhsa_jbzd_46_3200x002,"46.3200x002",True,"内镜下经皮空肠造瘘术","治疗性操作"
nhsa_jbzd_46_3201,"46.3201",True,"空肠穿刺置管造口术","治疗性操作"
nhsa_jbzd_46_3900,"46.3900",True,"其他肠造口术","手术"
nhsa_jbzd_46_3900x002,"46.3900x002",True,"空肠造口术","手术"
nhsa_jbzd_46_3900x006,"46.3900x006",True,"腹腔镜下十二指肠造口术","手术"
nhsa_jbzd_46_3900x007,"46.3900x007",True,"腹腔镜下小肠造口术","手术"
nhsa_jbzd_46_3900x008,"46.3900x008",True,"暂时性盲肠造口术","手术"
nhsa_jbzd_46_3901,"46.3901",True,"空肠(营养性)造口术","手术"
nhsa_jbzd_46_3902,"46.3902",True,"十二指肠造口术","手术"
nhsa_jbzd_46_3903,"46.3903",True,"输入襻造口术","手术"
nhsa_jbzd_46_3904,"46.3904",True,"小肠造口术","手术"
nhsa_jbzd_46_3905,"46.3905",True,"腹腔镜空肠造口术","手术"
nhsa_jbzd_46_4000,"46.4000",True,"肠造口修复术","手术"
nhsa_jbzd_46_4100,"46.4100",True,"小肠造口修复术","手术"
nhsa_jbzd_46_4101,"46.4101",True,"回肠造口修复术","手术"
nhsa_jbzd_46_4102,"46.4102",True,"空肠造口修复术","手术"
nhsa_jbzd_46_4103,"46.4103",True,"回肠造口周围疝修补术","手术"
nhsa_jbzd_46_4200,"46.4200",True,"结肠造口周围疝修补术","手术"
nhsa_jbzd_46_4201,"46.4201",True,"腹腔镜结肠造口周围疝修补术","手术"
nhsa_jbzd_46_4202,"46.4202",True,"腹腔镜结肠造口周围疝无张力成形术","手术"
nhsa_jbzd_46_4300,"46.4300",True,"大肠造口的其他修复术","手术"
nhsa_jbzd_46_4300x004,"46.4300x004",True,"横结肠造口重建术","手术"
nhsa_jbzd_46_4300x005,"46.4300x005",True,"结肠造口扩大术","手术"
nhsa_jbzd_46_4301,"46.4301",True,"结肠造口修复术","手术"
nhsa_jbzd_46_4302,"46.4302",True,"横结肠造口修复术","手术"
nhsa_jbzd_46_4303,"46.4303",True,"降结肠造口修复术","手术"
nhsa_jbzd_46_5000,"46.5000",True,"肠造口闭合术","手术"
nhsa_jbzd_46_5100,"46.5100",True,"小肠造口闭合术","手术"
nhsa_jbzd_46_5100x002,"46.5100x002",True,"回肠造口还纳术","手术"
nhsa_jbzd_46_5100x004,"46.5100x004",True,"空肠造口还纳术","手术"
nhsa_jbzd_46_5100x006,"46.5100x006",True,"小肠造口还纳术","手术"
nhsa_jbzd_46_5101,"46.5101",True,"回肠造口闭合术","手术"
nhsa_jbzd_46_5102,"46.5102",True,"空肠造口闭合术","手术"
nhsa_jbzd_46_5200,"46.5200",True,"大肠造口闭合术","手术"
nhsa_jbzd_46_5200x006,"46.5200x006",True,"结肠造口还纳术","手术"
nhsa_jbzd_46_5200x010,"46.5200x010",True,"乙状结肠造口还纳术","手术"
nhsa_jbzd_46_5200x011,"46.5200x011",True,"横结肠造口还纳术","手术"
nhsa_jbzd_46_5200x012,"46.5200x012",True,"降结肠造口闭合术","手术"
nhsa_jbzd_46_5201,"46.5201",True,"盲肠造口闭合术","手术"
nhsa_jbzd_46_5202,"46.5202",True,"结肠造口闭合术","手术"
nhsa_jbzd_46_5203,"46.5203",True,"乙状结肠造口闭合术","手术"
nhsa_jbzd_46_5204,"46.5204",True,"横结肠造口闭合术","手术"
nhsa_jbzd_46_6000,"46.6000",True,"肠固定术","手术"
nhsa_jbzd_46_6100,"46.6100",True,"小肠固定至腹壁","手术"
nhsa_jbzd_46_6101,"46.6101",True,"回肠固定术","手术"
nhsa_jbzd_46_6200,"46.6200",True,"小肠其他固定术","手术"
nhsa_jbzd_46_6200x003,"46.6200x003",True,"小肠排列术","手术"
nhsa_jbzd_46_6200x004,"46.6200x004",True,"小肠外排列术","手术"
nhsa_jbzd_46_6201,"46.6201",True,"小肠折叠术[Noble手术]","手术"
nhsa_jbzd_46_6300,"46.6300",True,"大肠固定至腹壁","手术"
nhsa_jbzd_46_6301,"46.6301",True,"盲肠-升结肠固定术","手术"
nhsa_jbzd_46_6302,"46.6302",True,"乙状结肠-腹壁固定术[Moschowitz手术]","手术"
nhsa_jbzd_46_6400,"46.6400",True,"大肠其他固定术","手术"
nhsa_jbzd_46_6400x001,"46.6400x001",True,"腹腔镜下结肠固定术","手术"
nhsa_jbzd_46_6400x002,"46.6400x002",True,"大肠折叠术","手术"
nhsa_jbzd_46_6401,"46.6401",True,"盲肠固定术","手术"
nhsa_jbzd_46_6402,"46.6402",True,"乙状结肠固定术","手术"
nhsa_jbzd_46_6403,"46.6403",True,"结肠固定术","手术"
nhsa_jbzd_46_7100,"46.7100",True,"十二指肠裂伤缝合术","手术"
nhsa_jbzd_46_7200,"46.7200",True,"十二指肠瘘的闭合术","手术"
nhsa_jbzd_46_7300,"46.7300",True,"小肠裂伤缝合术，除外十二指肠","手术"
nhsa_jbzd_46_7300x005,"46.7300x005",True,"小肠破裂修补术","手术"
nhsa_jbzd_46_7301,"46.7301",True,"空肠裂伤修补术","手术"
nhsa_jbzd_46_7302,"46.7302",True,"回肠裂伤修补术","手术"
nhsa_jbzd_46_7303,"46.7303",True,"腹腔镜小肠裂伤修补术","手术"
nhsa_jbzd_46_7400,"46.7400",True,"小肠瘘修补术，除外十二指肠","手术"
nhsa_jbzd_46_7400x004,"46.7400x004",True,"小肠瘘修补术","手术"
nhsa_jbzd_46_7401,"46.7401",True,"小肠-小肠吻合口瘘修补术","手术"
nhsa_jbzd_46_7402,"46.7402",True,"小肠-大肠吻合口瘘修补术","手术"
nhsa_jbzd_46_7403,"46.7403",True,"空肠瘘修补术","手术"
nhsa_jbzd_46_7404,"46.7404",True,"小肠腹壁瘘切除术","手术"
nhsa_jbzd_46_7405,"46.7405",True,"小肠-乙状结肠瘘切除术","手术"
nhsa_jbzd_46_7500,"46.7500",True,"大肠裂伤缝合术","手术"
nhsa_jbzd_46_7500x004,"46.7500x004",True,"结肠破裂修补术","手术"
nhsa_jbzd_46_7501,"46.7501",True,"横结肠裂伤修补术","手术"
nhsa_jbzd_46_7502,"46.7502",True,"乙状结肠裂伤修补术","手术"
nhsa_jbzd_46_7503,"46.7503",True,"盲肠裂伤修补术","手术"
nhsa_jbzd_46_7504,"46.7504",True,"升结肠裂伤修补术","手术"
nhsa_jbzd_46_7505,"46.7505",True,"降结肠裂伤修补术","手术"
nhsa_jbzd_46_7506,"46.7506",True,"腹腔镜下结肠裂伤修补术","手术"
nhsa_jbzd_46_7600,"46.7600",True,"大肠瘘修补术","手术"
nhsa_jbzd_46_7601,"46.7601",True,"乙状结肠瘘修补术","手术"
nhsa_jbzd_46_7602,"46.7602",True,"盲肠瘘修补术","手术"
nhsa_jbzd_46_7603,"46.7603",True,"结肠瘘修补术","手术"
nhsa_jbzd_46_7604,"46.7604",True,"腹腔镜下结肠瘘修补术","手术"
nhsa_jbzd_46_7900,"46.7900",True,"肠的其他修补术","手术"
nhsa_jbzd_46_7900x009,"46.7900x009",True,"腹腔镜下十二指肠成形术","手术"
nhsa_jbzd_46_7901,"46.7901",True,"肠穿孔修补术","手术"
nhsa_jbzd_46_7902,"46.7902",True,"十二指肠成形术","手术"
nhsa_jbzd_46_7903,"46.7903",True,"小肠浆膜修补术","手术"
nhsa_jbzd_46_7904,"46.7904",True,"十二指肠憩室修补术","手术"
nhsa_jbzd_46_8000,"46.8000",True,"腹内肠操作","手术"
nhsa_jbzd_46_8001,"46.8001",True,"肠系膜扭转复位术","手术"
nhsa_jbzd_46_8002,"46.8002",True,"肠套叠复位术","手术"
nhsa_jbzd_46_8100,"46.8100",True,"小肠腹内操作","手术"
nhsa_jbzd_46_8100x001,"46.8100x001",True,"腹腔镜下小肠扭转复位术","手术"
nhsa_jbzd_46_8100x002,"46.8100x002",True,"腹腔镜下小肠套叠复位术","手术"
nhsa_jbzd_46_8101,"46.8101",True,"小肠扭转复位术","手术"
nhsa_jbzd_46_8102,"46.8102",True,"小肠套叠复位术","手术"
nhsa_jbzd_46_8200,"46.8200",True,"大肠腹内操作","手术"
nhsa_jbzd_46_8200x001,"46.8200x001",True,"腹腔镜下大肠扭转复位术","手术"
nhsa_jbzd_46_8200x002,"46.8200x002",True,"腹腔镜下大肠套叠复位术","手术"
nhsa_jbzd_46_8201,"46.8201",True,"大肠扭转复位术","手术"
nhsa_jbzd_46_8202,"46.8202",True,"大肠套叠复位术","手术"
nhsa_jbzd_46_8500,"46.8500",True,"肠扩张","治疗性操作"
nhsa_jbzd_46_8500x005,"46.8500x005",True,"内镜下十二指肠支架置入术","治疗性操作"
nhsa_jbzd_46_8500x008,"46.8500x008",True,"内镜下小肠球囊扩张术","治疗性操作"
nhsa_jbzd_46_8500x009,"46.8500x009",True,"内镜下小肠支架置入术","治疗性操作"
nhsa_jbzd_46_8501,"46.8501",True,"十二指肠球囊扩张术","治疗性操作"
nhsa_jbzd_46_8502,"46.8502",True,"结肠球囊扩张术","治疗性操作"
nhsa_jbzd_46_8503,"46.8503",True,"十二指肠支架置入术","治疗性操作"
nhsa_jbzd_46_8504,"46.8504",True,"直肠吻合口球囊扩张术","治疗性操作"
nhsa_jbzd_46_8505,"46.8505",True,"空肠支架置入术","治疗性操作"
nhsa_jbzd_46_8506,"46.8506",True,"空肠吻合口球囊扩张术","治疗性操作"
nhsa_jbzd_46_8507,"46.8507",True,"小肠球囊扩张术","治疗性操作"
nhsa_jbzd_46_8508,"46.8508",True,"回肠支架植入术","治疗性操作"
nhsa_jbzd_46_8509,"46.8509",True,"输入襻支架植入术","治疗性操作"
nhsa_jbzd_46_8510,"46.8510",True,"内镜下十二指肠球囊扩张术","治疗性操作"
nhsa_jbzd_46_8511,"46.8511",True,"内镜下结肠球囊扩张术","治疗性操作"
nhsa_jbzd_46_8600,"46.8600",True,"内镜下结肠支架置入","治疗性操作"
nhsa_jbzd_46_8600x001,"46.8600x001",True,"内镜下阑尾支架置入术","治疗性操作"
nhsa_jbzd_46_8600x002,"46.8600x002",True,"内镜下直肠支架置入术","治疗性操作"
nhsa_jbzd_46_8700,"46.8700",True,"结肠支架的其他非内镜置入术","手术"
nhsa_jbzd_46_9100,"46.9100",True,"乙状结肠肌切开术","手术"
nhsa_jbzd_46_9200,"46.9200",True,"结肠其他部分肌切开术","手术"
nhsa_jbzd_46_9200x001,"46.9200x001",True,"结肠肌切开术","手术"
nhsa_jbzd_46_9201,"46.9201",True,"结肠隔膜切开术","手术"
nhsa_jbzd_46_9300,"46.9300",True,"小肠吻合口修复术","手术"
nhsa_jbzd_46_9300x001,"46.9300x001",True,"十二指肠空肠吻合口切除术","手术"
nhsa_jbzd_46_9301,"46.9301",True,"空肠回肠吻合口切除术","手术"
nhsa_jbzd_46_9400,"46.9400",True,"大肠吻合口修复术","手术"
nhsa_jbzd_46_9401,"46.9401",True,"直肠吻合口狭窄切开术","手术"
nhsa_jbzd_46_9500,"46.9500",True,"小肠局部灌注","治疗性操作"
nhsa_jbzd_46_9501,"46.9501",True,"小肠灌洗","治疗性操作"
nhsa_jbzd_46_9600,"46.9600",True,"大肠局部灌注","治疗性操作"
nhsa_jbzd_46_9600x001,"46.9600x001",True,"内镜下逆行阑尾腔冲洗术","治疗性操作"
nhsa_jbzd_46_9601,"46.9601",True,"空气灌肠复位术","治疗性操作"
nhsa_jbzd_46_9602,"46.9602",True,"大肠灌洗","治疗性操作"
nhsa_jbzd_46_9700,"46.9700",True,"肠移植","手术"
nhsa_jbzd_46_9900,"46.9900",True,"肠的其他手术","手术"
nhsa_jbzd_47_0100,"47.0100",True,"腹腔镜下阑尾切除术","手术"
nhsa_jbzd_47_0900,"47.0900",True,"其他阑尾切除术","手术"
nhsa_jbzd_47_0900x001,"47.0900x001",True,"内镜下经盲肠阑尾切除术","手术"
nhsa_jbzd_47_0900x002,"47.0900x002",True,"阑尾病损切除术","手术"
nhsa_jbzd_47_0901,"47.0901",True,"阑尾切除术","手术"
nhsa_jbzd_47_0902,"47.0902",True,"阑尾残端切除术","手术"
nhsa_jbzd_47_1100,"47.1100",True,"腹腔镜下附带阑尾切除术","手术"
nhsa_jbzd_47_1900,"47.1900",True,"其他的附带阑尾切除术","手术"
nhsa_jbzd_47_1900x001,"47.1900x001",True,"附带阑尾切除术","手术"
nhsa_jbzd_47_2x00,"47.2x00",True,"阑尾脓肿引流术","手术"
nhsa_jbzd_47_2x01,"47.2x01",True,"腹腔镜下阑尾脓肿引流术","手术"
nhsa_jbzd_47_9100,"47.9100",True,"阑尾造口术","手术"
nhsa_jbzd_47_9200,"47.9200",True,"阑尾瘘管闭合术","手术"
nhsa_jbzd_47_9900,"47.9900",True,"阑尾其他手术","手术"
nhsa_jbzd_47_9900x001,"47.9900x001",True,"内镜下阑尾粪石取出术","治疗性操作"
nhsa_jbzd_47_9901,"47.9901",True,"阑尾内翻包埋术","手术"
nhsa_jbzd_48_0x00,"48.0x00",True,"直肠切开术","手术"
nhsa_jbzd_48_0x00x002,"48.0x00x002",True,"直肠切开引流术","手术"
nhsa_jbzd_48_0x00x003,"48.0x00x003",True,"直肠切开探查术","手术"
nhsa_jbzd_48_0x01,"48.0x01",True,"直肠减压术","手术"
nhsa_jbzd_48_0x02,"48.0x02",True,"肛门闭锁减压术","手术"
nhsa_jbzd_48_0x03,"48.0x03",True,"直肠直线切开术[PANAS]","手术"
nhsa_jbzd_48_0x04,"48.0x04",True,"直肠脓肿切开引流术","手术"
nhsa_jbzd_48_1x00,"48.1x00",True,"直肠造口","手术"
nhsa_jbzd_48_2100,"48.2100",True,"经腹直肠乙状结肠镜检查","诊断性操作"
nhsa_jbzd_48_2101,"48.2101",True,"手术中直肠乙状结肠镜检查术","诊断性操作"
nhsa_jbzd_48_2200,"48.2200",True,"直肠乙状结肠镜检查经人工造口","诊断性操作"
nhsa_jbzd_48_2300,"48.2300",True,"硬式直肠乙状结肠镜检查","诊断性操作"
nhsa_jbzd_48_2300x003,"48.2300x003",True,"超声内镜下直肠检查","诊断性操作"
nhsa_jbzd_48_2301,"48.2301",True,"直肠乙状结肠超声内镜检查","诊断性操作"
nhsa_jbzd_48_2400,"48.2400",True,"闭合性[内镜的]直肠活组织检查","诊断性操作"
nhsa_jbzd_48_2400x002,"48.2400x002",True,"直肠活检","诊断性操作"
nhsa_jbzd_48_2400x003,"48.2400x003",True,"直肠-乙状结肠镜下直肠刷洗活检","诊断性操作"
nhsa_jbzd_48_2401,"48.2401",True,"直肠乙状结肠镜下直肠活组织检查","诊断性操作"
nhsa_jbzd_48_2500,"48.2500",True,"开放性直肠活组织检查","手术"
nhsa_jbzd_48_2600,"48.2600",True,"直肠周围组织活组织检查","诊断性操作"
nhsa_jbzd_48_2900,"48.2900",True,"直肠、直肠乙状结肠和直肠周围组织的其他诊断性操作","诊断性操作"
nhsa_jbzd_48_3100,"48.3100",True,"直肠病损或组织的根治性电凝固术","手术"
nhsa_jbzd_48_3101,"48.3101",True,"直肠病损根治性电凝固术","手术"
nhsa_jbzd_48_3200,"48.3200",True,"直肠病损或组织的其他电凝固术","手术"
nhsa_jbzd_48_3200x001,"48.3200x001",True,"直肠-乙状结肠镜下直肠病损电切术","治疗性操作"
nhsa_jbzd_48_3200x003,"48.3200x003",True,"直肠病损电凝术","手术"
nhsa_jbzd_48_3201,"48.3201",True,"直肠病损电切术","手术"
nhsa_jbzd_48_3300,"48.3300",True,"直肠病损或组织的激光破坏术","手术"
nhsa_jbzd_48_3301,"48.3301",True,"直肠病损激光切除术","手术"
nhsa_jbzd_48_3400,"48.3400",True,"直肠病损或组织的冷冻破坏术","手术"
nhsa_jbzd_48_3401,"48.3401",True,"直肠病损冷冻术","手术"
nhsa_jbzd_48_3500,"48.3500",True,"直肠病损或组织的局部切除术","手术"
nhsa_jbzd_48_3500x001,"48.3500x001",True,"内镜下直肠病损氩离子凝固术","手术"
nhsa_jbzd_48_3501,"48.3501",True,"直肠病损切除术","手术"
nhsa_jbzd_48_3502,"48.3502",True,"经肛门直肠病损切除术","手术"
nhsa_jbzd_48_3503,"48.3503",True,"经骶尾直肠病损切除术","手术"
nhsa_jbzd_48_3504,"48.3504",True,"经阴道直肠病损切除术","手术"
nhsa_jbzd_48_3505,"48.3505",True,"直肠后壁病损切除术","手术"
nhsa_jbzd_48_3506,"48.3506",True,"Kraske术","手术"
nhsa_jbzd_48_3507,"48.3507",True,"腹腔镜直肠病损切除术","手术"
nhsa_jbzd_48_3508,"48.3508",True,"内镜下直肠病损切除术","治疗性操作"
nhsa_jbzd_48_3509,"48.3509",True,"内镜下直肠黏膜下剥离术(ESD)","治疗性操作"
nhsa_jbzd_48_3510,"48.3510",True,"内镜下直肠黏膜切除术(EMR)","治疗性操作"
nhsa_jbzd_48_3511,"48.3511",True,"内镜下直肠病损光动力治疗术（PDT)","治疗性操作"
nhsa_jbzd_48_3512,"48.3512",True,"内镜下经黏膜下隧道直肠病损切除术(STER)","治疗性操作"
nhsa_jbzd_48_3513,"48.3513",True,"经肛门内镜下直肠病变微创手术[TEM]","手术"
nhsa_jbzd_48_3514,"48.3514",True,"经肛门内镜直肠显微手术(TaTEM)","手术"
nhsa_jbzd_48_3600,"48.3600",True,"直肠[内镜的]息肉切除术","治疗性操作"
nhsa_jbzd_48_3601,"48.3601",True,"直肠息肉切除术","手术"
nhsa_jbzd_48_3602,"48.3602",True,"直肠-乙状结肠镜下直肠息肉切除术","治疗性操作"
nhsa_jbzd_48_3603,"48.3603",True,"内镜下直肠息肉氩离子凝固术（APC)","治疗性操作"
nhsa_jbzd_48_4000,"48.4000",True,"直肠拖出切除术","手术"
nhsa_jbzd_48_4100,"48.4100",True,"索夫直肠黏膜下切除术","手术"
nhsa_jbzd_48_4101,"48.4101",True,"直肠黏膜下切除术","手术"
nhsa_jbzd_48_4102,"48.4102",True,"经肛门直肠黏膜环切术","手术"
nhsa_jbzd_48_4103,"48.4103",True,"直肠黏膜下环切术","手术"
nhsa_jbzd_48_4104,"48.4104",True,"直肠内拖出切除术","手术"
nhsa_jbzd_48_4105,"48.4105",True,"直肠粘膜切除术","手术"
nhsa_jbzd_48_4106,"48.4106",True,"腹腔镜直肠黏膜下切除术","手术"
nhsa_jbzd_48_4200,"48.4200",True,"腹腔镜直肠拖出切除术","手术"
nhsa_jbzd_48_4300,"48.4300",True,"开放性直肠拖出切除术","手术"
nhsa_jbzd_48_4900,"48.4900",True,"直肠其他拖出切除术","手术"
nhsa_jbzd_48_4900x002,"48.4900x002",True,"直肠切除术[Swenson手术]","手术"
nhsa_jbzd_48_4900x003,"48.4900x003",True,"直肠-腹-会阴拖出切除术","手术"
nhsa_jbzd_48_4901,"48.4901",True,"会阴-直肠拖出术","手术"
nhsa_jbzd_48_4902,"48.4902",True,"经前会阴超低位直肠切除术","手术"
nhsa_jbzd_48_4903,"48.4903",True,"腹腔镜辅助经前会阴超低位直肠切除术","手术"
nhsa_jbzd_48_4904,"48.4904",True,"斯文林直肠切除术","手术"
nhsa_jbzd_48_4905,"48.4905",True,"Bacon-Black术","手术"
nhsa_jbzd_48_5000,"48.5000",True,"腹会阴直肠切除术","手术"
nhsa_jbzd_48_5100,"48.5100",True,"腹腔镜下腹会阴直肠切除术","手术"
nhsa_jbzd_48_5100x002,"48.5100x002",True,"腹腔镜下经肛提肌外腹会阴直肠联合切除术[LELAPE手术]","手术"
nhsa_jbzd_48_5200,"48.5200",True,"开放性腹会阴直肠切除术","手术"
nhsa_jbzd_48_5201,"48.5201",True,"肛提肌外腹会阴直肠联合切除术","手术"
nhsa_jbzd_48_5900,"48.5900",True,"其他腹会阴直肠切除术","手术"
nhsa_jbzd_48_5900x001,"48.5900x001",True,"直肠全部切除术","手术"
nhsa_jbzd_48_6100,"48.6100",True,"经骶直肠乙状结肠切除术","手术"
nhsa_jbzd_48_6100x001,"48.6100x001",True,"腹腔镜下经腹直肠乙状结肠切除术","手术"
nhsa_jbzd_48_6100x002,"48.6100x002",True,"腹腔镜下经骶直肠乙状结肠切除术","手术"
nhsa_jbzd_48_6200,"48.6200",True,"直肠前切除术同时伴结肠造口术","手术"
nhsa_jbzd_48_6201,"48.6201",True,"腹腔镜下直肠前切除伴结肠造口术","手术"
nhsa_jbzd_48_6300,"48.6300",True,"其他直肠前切除术","手术"
nhsa_jbzd_48_6300x001,"48.6300x001",True,"腹腔镜下经括约肌间直肠前切除术（ISR）","手术"
nhsa_jbzd_48_6300x002,"48.6300x002",True,"腹腔镜下经自然腔道直肠前切除术（NOSES）","手术"
nhsa_jbzd_48_6300x003,"48.6300x003",True,"腹腔镜下超低位直肠前切除术","手术"
nhsa_jbzd_48_6300x004,"48.6300x004",True,"低位直肠前切除术","手术"
nhsa_jbzd_48_6300x005,"48.6300x005",True,"超低位直肠前切除术","手术"
nhsa_jbzd_48_6301,"48.6301",True,"直肠前切除术","手术"
nhsa_jbzd_48_6302,"48.6302",True,"腹腔镜下直肠前切除术","手术"
nhsa_jbzd_48_6303,"48.6303",True,"腹腔镜低位直肠前切除术","手术"
nhsa_jbzd_48_6400,"48.6400",True,"直肠后切除术","手术"
nhsa_jbzd_48_6400x001,"48.6400x001",True,"经骶尾直肠切除术","手术"
nhsa_jbzd_48_6500,"48.6500",True,"杜哈梅尔直肠切除术","手术"
nhsa_jbzd_48_6500x001,"48.6500x001",True,"腹-会阴拖出术","手术"
nhsa_jbzd_48_6900,"48.6900",True,"直肠其他切除术","手术"
nhsa_jbzd_48_6900x002,"48.6900x002",True,"腹腔镜下直肠根治术","手术"
nhsa_jbzd_48_6900x004,"48.6900x004",True,"经肛门直肠病损根治术","手术"
nhsa_jbzd_48_6900x007,"48.6900x007",True,"直肠根治术","手术"
nhsa_jbzd_48_6901,"48.6901",True,"经骶经肛门括约肌直肠病损切除术","手术"
nhsa_jbzd_48_6902,"48.6902",True,"直肠部分切除术","手术"
nhsa_jbzd_48_6903,"48.6903",True,"直肠-乙状结肠切除术","手术"
nhsa_jbzd_48_6904,"48.6904",True,"直肠乙状结肠部分切除术","手术"
nhsa_jbzd_48_6905,"48.6905",True,"直肠切除术","手术"
nhsa_jbzd_48_6906,"48.6906",True,"残余直肠切除术","手术"
nhsa_jbzd_48_6907,"48.6907",True,"全结肠直肠(包括肛门)切除术","手术"
nhsa_jbzd_48_6908,"48.6908",True,"残余直肠肛管切除术","手术"
nhsa_jbzd_48_6909,"48.6909",True,"腹腔镜下直肠部分切除术","手术"
nhsa_jbzd_48_6910,"48.6910",True,"腹腔镜直肠切除术","手术"
nhsa_jbzd_48_6911,"48.6911",True,"腹腔镜直肠-乙状结肠部分切除术","手术"
nhsa_jbzd_48_6912,"48.6912",True,"腹腔镜全结肠直肠（包括肛门）切除术","手术"
nhsa_jbzd_48_6913,"48.6913",True,"腹腔镜帕克氏术（Park's术）","手术"
nhsa_jbzd_48_7100,"48.7100",True,"直肠裂伤缝合术","手术"
nhsa_jbzd_48_7101,"48.7101",True,"腹腔镜直肠破裂修补术","手术"
nhsa_jbzd_48_7200,"48.7200",True,"直肠造口闭合术","手术"
nhsa_jbzd_48_7300,"48.7300",True,"其他直肠瘘修补术","手术"
nhsa_jbzd_48_7300x001,"48.7300x001",True,"会阴-直肠瘘闭合术","手术"
nhsa_jbzd_48_7301,"48.7301",True,"会阴直肠瘘修补术","手术"
nhsa_jbzd_48_7302,"48.7302",True,"肛门直肠瘘修补术","手术"
nhsa_jbzd_48_7303,"48.7303",True,"直肠瘘修补术","手术"
nhsa_jbzd_48_7400,"48.7400",True,"直肠直肠吻合术","手术"
nhsa_jbzd_48_7401,"48.7401",True,"经肛门吻合器直肠切除术","手术"
nhsa_jbzd_48_7500,"48.7500",True,"腹直肠固定术","手术"
nhsa_jbzd_48_7501,"48.7501",True,"直肠脱垂里普斯坦修补术","手术"
nhsa_jbzd_48_7600,"48.7600",True,"其他直肠固定术","手术"
nhsa_jbzd_48_7600x001,"48.7600x001",True,"直肠固定术","手术"
nhsa_jbzd_48_7600x002,"48.7600x002",True,"直肠骶骨上悬吊术","手术"
nhsa_jbzd_48_7600x008,"48.7600x008",True,"直肠黏膜悬吊术","手术"
nhsa_jbzd_48_7600x010,"48.7600x010",True,"直肠前突出注射治疗","治疗性操作"
nhsa_jbzd_48_7600x011,"48.7600x011",True,"完全性直肠脱垂双层硬化剂注射治疗","治疗性操作"
nhsa_jbzd_48_7601,"48.7601",True,"直肠脱垂注射术","手术"
nhsa_jbzd_48_7602,"48.7602",True,"直肠脱垂德洛姆修补术","手术"
nhsa_jbzd_48_7603,"48.7603",True,"直肠脱垂悬吊术","手术"
nhsa_jbzd_48_7604,"48.7604",True,"直肠乙状结肠固定术","手术"
nhsa_jbzd_48_7605,"48.7605",True,"腹腔镜直肠悬吊术","手术"
nhsa_jbzd_48_7900,"48.7900",True,"直肠其他修补术","手术"
nhsa_jbzd_48_7900x003,"48.7900x003",True,"直肠修补术","手术"
nhsa_jbzd_48_7901,"48.7901",True,"陈旧性产科直肠裂伤修补术","手术"
nhsa_jbzd_48_8100,"48.8100",True,"直肠周围组织切开术","手术"
nhsa_jbzd_48_8100x001,"48.8100x001",True,"直肠瘘管切开术","手术"
nhsa_jbzd_48_8101,"48.8101",True,"直肠周围脓肿切开引流术","手术"
nhsa_jbzd_48_8102,"48.8102",True,"直肠阴道隔膜切开术","手术"
nhsa_jbzd_48_8200,"48.8200",True,"直肠周围组织切除术","手术"
nhsa_jbzd_48_8201,"48.8201",True,"直肠阴道隔病损切除术","手术"
nhsa_jbzd_48_8202,"48.8202",True,"直肠-阴道隔切除术","手术"
nhsa_jbzd_48_8203,"48.8203",True,"经阴直肠阴道隔病损切除术","手术"
nhsa_jbzd_48_8204,"48.8204",True,"盆腔直肠病损切除术","手术"
nhsa_jbzd_48_8205,"48.8205",True,"腹腔镜下直肠阴道隔病损切除术","手术"
nhsa_jbzd_48_8206,"48.8206",True,"腹腔镜下直肠后囊肿切除术","手术"
nhsa_jbzd_48_9100,"48.9100",True,"直肠狭窄切开术","手术"
nhsa_jbzd_48_9200,"48.9200",True,"肛门直肠肌切开术","手术"
nhsa_jbzd_48_9201,"48.9201",True,"肛门直肠肌部分切除术","手术"
nhsa_jbzd_48_9300,"48.9300",True,"直肠周围瘘的修补术","手术"
nhsa_jbzd_48_9900,"48.9900",True,"直肠和直肠周围组织的其他手术","手术"
nhsa_jbzd_48_9900x001,"48.9900x001",True,"复杂性高位肛周脓肿切开引流原发病灶清除挂线术","治疗性操作"
nhsa_jbzd_48_9900x002,"48.9900x002",True,"肛肠术后紧线术","治疗性操作"
nhsa_jbzd_48_9900x003,"48.9900x003",True,"肛门狭窄挂线术","治疗性操作"
nhsa_jbzd_48_9900x004,"48.9900x004",True,"直肠狭窄挂线术","治疗性操作"
nhsa_jbzd_48_9900x005,"48.9900x005",True,"内镜下直肠出血止血术","治疗性操作"
nhsa_jbzd_49_0100,"49.0100",True,"肛周脓肿切开术","手术"
nhsa_jbzd_49_0100x004,"49.0100x004",True,"肛周脓肿切开引流术","手术"
nhsa_jbzd_49_0101,"49.0101",True,"肛周脓肿穿刺抽吸术","手术"
nhsa_jbzd_49_0200,"49.0200",True,"肛周组织的其他切开术","手术"
nhsa_jbzd_49_0200x001,"49.0200x001",True,"肛周组织下部切开术","手术"
nhsa_jbzd_49_0201,"49.0201",True,"肛门周围组织切开术","手术"
nhsa_jbzd_49_0300,"49.0300",True,"肛周皮赘切除术","手术"
nhsa_jbzd_49_0400,"49.0400",True,"肛周组织的其他切除术","手术"
nhsa_jbzd_49_0400x008,"49.0400x008",True,"肛周脓肿根治术","手术"
nhsa_jbzd_49_0400x009,"49.0400x009",True,"肛周病损切除术","手术"
nhsa_jbzd_49_0401,"49.0401",True,"肛周脓肿切除术","手术"
nhsa_jbzd_49_0402,"49.0402",True,"肛门周围组织切除术","手术"
nhsa_jbzd_49_1100,"49.1100",True,"肛门瘘管切开术","手术"
nhsa_jbzd_49_1200,"49.1200",True,"肛门瘘管切除术","手术"
nhsa_jbzd_49_2100,"49.2100",True,"肛门镜检查","诊断性操作"
nhsa_jbzd_49_2200,"49.2200",True,"肛周组织的活组织检查","诊断性操作"
nhsa_jbzd_49_2300,"49.2300",True,"肛门活组织检查","诊断性操作"
nhsa_jbzd_49_2900,"49.2900",True,"肛门和肛周组织的其他诊断性操作","诊断性操作"
nhsa_jbzd_49_3100,"49.3100",True,"内镜下肛门病损或组织切除术或破坏术","治疗性操作"
nhsa_jbzd_49_3101,"49.3101",True,"内镜下肛门病损切除术","治疗性操作"
nhsa_jbzd_49_3900,"49.3900",True,"肛门病损或组织的其他局部切除术或破坏术","手术"
nhsa_jbzd_49_3900x015,"49.3900x015",True,"肛门皮肤和皮下坏死组织切除清创术","手术"
nhsa_jbzd_49_3900x016,"49.3900x016",True,"肛门皮肤和皮下组织非切除性清创","治疗性操作"
nhsa_jbzd_49_3900x017,"49.3900x017",True,"肛窦电凝术","手术"
nhsa_jbzd_49_3901,"49.3901",True,"肛裂切除术","手术"
nhsa_jbzd_49_3902,"49.3902",True,"肛窦切除术","手术"
nhsa_jbzd_49_3903,"49.3903",True,"肛裂切开挂线术","手术"
nhsa_jbzd_49_3904,"49.3904",True,"肛门病损激光切除术","手术"
nhsa_jbzd_49_3905,"49.3905",True,"肛门病损切除术","手术"
nhsa_jbzd_49_3906,"49.3906",True,"肛乳头切除术","手术"
nhsa_jbzd_49_3907,"49.3907",True,"肛管病损切除术","手术"
nhsa_jbzd_49_4100,"49.4100",True,"痔复位术","治疗性操作"
nhsa_jbzd_49_4200,"49.4200",True,"痔注射","治疗性操作"
nhsa_jbzd_49_4200x001,"49.4200x001",True,"枯痔注射治疗","治疗性操作"
nhsa_jbzd_49_4200x002,"49.4200x002",True,"消痔灵注射治疗","治疗性操作"
nhsa_jbzd_49_4200x003,"49.4200x003",True,"内痔硬化剂注射治疗","治疗性操作"
nhsa_jbzd_49_4200x004,"49.4200x004",True,"环状混合痔硬化剂注射治疗","治疗性操作"
nhsa_jbzd_49_4300,"49.4300",True,"痔烧灼术","手术"
nhsa_jbzd_49_4301,"49.4301",True,"痔夹闭术","手术"
nhsa_jbzd_49_4400,"49.4400",True,"痔冷冻破坏术","手术"
nhsa_jbzd_49_4500,"49.4500",True,"痔结扎术","手术"
nhsa_jbzd_49_4500x001,"49.4500x001",True,"内痔套扎治疗","治疗性操作"
nhsa_jbzd_49_4500x002,"49.4500x002",True,"混合痔外剥内扎治疗","治疗性操作"
nhsa_jbzd_49_4500x003,"49.4500x003",True,"经直肠多普勒痔动脉结扎治疗","治疗性操作"
nhsa_jbzd_49_4500x004,"49.4500x004",True,"内镜下内痔套扎治疗","治疗性操作"
nhsa_jbzd_49_4501,"49.4501",True,"超声引导下痔结扎术","手术"
nhsa_jbzd_49_4600,"49.4600",True,"痔切除术","手术"
nhsa_jbzd_49_4601,"49.4601",True,"痔切除术伴肛门成形术","手术"
nhsa_jbzd_49_4700,"49.4700",True,"血栓性痔清除术","手术"
nhsa_jbzd_49_4701,"49.4701",True,"血栓痔剥离术","手术"
nhsa_jbzd_49_4900,"49.4900",True,"痔的其他操作","手术"
nhsa_jbzd_49_4900x002,"49.4900x002",True,"经肛门吻合器痔切除术","手术"
nhsa_jbzd_49_4900x003,"49.4900x003",True,"吻合器痔上黏膜环切术","手术"
nhsa_jbzd_49_4901,"49.4901",True,"痔上直肠黏膜环形切除吻合术（PPH术）","手术"
nhsa_jbzd_49_4902,"49.4902",True,"肛垫悬吊术","手术"
nhsa_jbzd_49_4903,"49.4903",True,"开环式微创肛肠吻合器手术","手术"
nhsa_jbzd_49_5100,"49.5100",True,"左侧肛门括约肌切开术","手术"
nhsa_jbzd_49_5200,"49.5200",True,"后肛门括约肌切开术","手术"
nhsa_jbzd_49_5200x002,"49.5200x002",True,"肛门后侧括约肌切开术","手术"
nhsa_jbzd_49_5900,"49.5900",True,"其他肛门括约肌切开术","手术"
nhsa_jbzd_49_5900x001,"49.5900x001",True,"耻骨直肠肌部分切断术","手术"
nhsa_jbzd_49_5901,"49.5901",True,"肛管内括约肌切开术","手术"
nhsa_jbzd_49_5902,"49.5902",True,"肛门括约肌切断术","手术"
nhsa_jbzd_49_5903,"49.5903",True,"肛门括约肌切开术","手术"
nhsa_jbzd_49_6x00,"49.6x00",True,"肛门切除术","手术"
nhsa_jbzd_49_6x01,"49.6x01",True,"肛门括约肌切除术","手术"
nhsa_jbzd_49_7100,"49.7100",True,"肛门裂伤缝合术","手术"
nhsa_jbzd_49_7200,"49.7200",True,"肛门环扎术","手术"
nhsa_jbzd_49_7300,"49.7300",True,"肛门瘘管闭合术","手术"
nhsa_jbzd_49_7300x001,"49.7300x001",True,"高位肛瘘挂线术","手术"
nhsa_jbzd_49_7301,"49.7301",True,"肛瘘挂线术","手术"
nhsa_jbzd_49_7302,"49.7302",True,"肛瘘结扎术","手术"
nhsa_jbzd_49_7400,"49.7400",True,"股薄肌移植，用于肛门失禁","手术"
nhsa_jbzd_49_7400x001,"49.7400x001",True,"股薄肌移植肛门失禁矫正术","手术"
nhsa_jbzd_49_7500,"49.7500",True,"人工肛门括约肌植入术或修复术","手术"
nhsa_jbzd_49_7501,"49.7501",True,"人工肛门括约肌植入术","手术"
nhsa_jbzd_49_7502,"49.7502",True,"人工肛门括约肌修复术","手术"
nhsa_jbzd_49_7600,"49.7600",True,"人工肛门括约肌去除","手术"
nhsa_jbzd_49_7900,"49.7900",True,"肛门括约肌的其他修补术","手术"
nhsa_jbzd_49_7900x005,"49.7900x005",True,"肛门括约肌修补术","手术"
nhsa_jbzd_49_7900x006,"49.7900x006",True,"经会阴肛门成形术","手术"
nhsa_jbzd_49_7900x007,"49.7900x007",True,"经骶会阴肛门成形术","手术"
nhsa_jbzd_49_7901,"49.7901",True,"肛门陈旧性产科裂伤修补术","手术"
nhsa_jbzd_49_7902,"49.7902",True,"肛门括约肌成形术","手术"
nhsa_jbzd_49_7903,"49.7903",True,"肛门成形术","手术"
nhsa_jbzd_49_7904,"49.7904",True,"腹腔镜下肛门成形术","手术"
nhsa_jbzd_49_9100,"49.9100",True,"肛门隔膜切开术","手术"
nhsa_jbzd_49_9200,"49.9200",True,"皮下电子肛门刺激器的置入","手术"
nhsa_jbzd_49_9300,"49.9300",True,"肛门的其他切开术","手术"
nhsa_jbzd_49_9300x001,"49.9300x001",True,"肛管探查术","手术"
nhsa_jbzd_49_9300x002,"49.9300x002",True,"肛门后切术","手术"
nhsa_jbzd_49_9300x003,"49.9300x003",True,"肛门扩张术","手术"
nhsa_jbzd_49_9300x004,"49.9300x004",True,"肛门切开探查术","手术"
nhsa_jbzd_49_9300x005,"49.9300x005",True,"肛门狭窄切开术","手术"
nhsa_jbzd_49_9301,"49.9301",True,"肛门挂线去除术","手术"
nhsa_jbzd_49_9302,"49.9302",True,"肛门切开异物取出术","手术"
nhsa_jbzd_49_9400,"49.9400",True,"肛门脱垂复位术","手术"
nhsa_jbzd_49_9500,"49.9500",True,"肛门(手术后)出血控制","手术"
nhsa_jbzd_49_9500x002,"49.9500x002",True,"手术后肛门出血缝扎止血术","手术"
nhsa_jbzd_49_9900,"49.9900",True,"肛门的其他手术","手术"
nhsa_jbzd_49_9900x007,"49.9900x007",True,"肛门脱细胞异体真皮置入术","手术"
nhsa_jbzd_49_9901,"49.9901",True,"肛管皮肤移植术","手术"
nhsa_jbzd_50_0x00,"50.0x00",True,"肝切开术","手术"
nhsa_jbzd_50_0x00x004,"50.0x00x004",True,"腹腔镜下肝切开引流术","手术"
nhsa_jbzd_50_0x00x008,"50.0x00x008",True,"肝被膜下血肿清除术","手术"
nhsa_jbzd_50_0x00x016,"50.0x00x016",True,"肝探查术","手术"
nhsa_jbzd_50_0x01,"50.0x01",True,"肝切开引流术","手术"
nhsa_jbzd_50_0x02,"50.0x02",True,"肝切开异物取出术","手术"
nhsa_jbzd_50_0x03,"50.0x03",True,"腹腔镜下肝囊肿开窗引流术","手术"
nhsa_jbzd_50_0x04,"50.0x04",True,"腹腔镜下肝脓肿切开引流术","手术"
nhsa_jbzd_50_0x05,"50.0x05",True,"腹腔镜下肝异物去除术","手术"
nhsa_jbzd_50_1100,"50.1100",True,"闭合性(经皮)[针吸]肝活组织检查","诊断性操作"
nhsa_jbzd_50_1100x001,"50.1100x001",True,"超声引导下肝穿刺活检","诊断性操作"
nhsa_jbzd_50_1100x005,"50.1100x005",True,"经皮肝穿刺活检","诊断性操作"
nhsa_jbzd_50_1101,"50.1101",True,"超声内镜下细针穿刺肝活组织检查(FNA)","诊断性操作"
nhsa_jbzd_50_1200,"50.1200",True,"开放性肝活组织检查","手术"
nhsa_jbzd_50_1300,"50.1300",True,"经颈静脉肝活组织检查","诊断性操作"
nhsa_jbzd_50_1400,"50.1400",True,"腹腔镜下肝活组织检查","手术"
nhsa_jbzd_50_1900,"50.1900",True,"肝的其他诊断性操作","诊断性操作"
nhsa_jbzd_50_2100,"50.2100",True,"肝病损的袋形缝合术[造袋术]","手术"
nhsa_jbzd_50_2200,"50.2200",True,"部分肝切除术","手术"
nhsa_jbzd_50_2200x003,"50.2200x003",True,"肝Ⅱ段切除术","手术"
nhsa_jbzd_50_2200x004,"50.2200x004",True,"肝Ⅲ段切除术","手术"
nhsa_jbzd_50_2200x005,"50.2200x005",True,"肝Ⅳ段切除术","手术"
nhsa_jbzd_50_2200x006,"50.2200x006",True,"肝Ⅴ段切除术","手术"
nhsa_jbzd_50_2200x007,"50.2200x007",True,"肝Ⅵ段切除术","手术"
nhsa_jbzd_50_2200x008,"50.2200x008",True,"肝Ⅶ段切除术","手术"
nhsa_jbzd_50_2200x009,"50.2200x009",True,"肝Ⅷ段切除术","手术"
nhsa_jbzd_50_2200x010,"50.2200x010",True,"供体肝部分切取术","手术"
nhsa_jbzd_50_2201,"50.2201",True,"肝楔形切除术","手术"
nhsa_jbzd_50_2202,"50.2202",True,"肝段切除术","手术"
nhsa_jbzd_50_2203,"50.2203",True,"腹腔镜下肝段切除术","手术"
nhsa_jbzd_50_2204,"50.2204",True,"腹腔镜下肝楔形切除术","手术"
nhsa_jbzd_50_2205,"50.2205",True,"腹腔镜下肝部分切除术","手术"
nhsa_jbzd_50_2206,"50.2206",True,"腹腔镜下活体取肝术","手术"
nhsa_jbzd_50_2300,"50.2300",True,"肝病损或组织的直视消融术","手术"
nhsa_jbzd_50_2301,"50.2301",True,"肝病损微波消融术","手术"
nhsa_jbzd_50_2302,"50.2302",True,"肝病损射频消融术","手术"
nhsa_jbzd_50_2303,"50.2303",True,"胆囊床病损射频消融术","手术"
nhsa_jbzd_50_2400,"50.2400",True,"肝病损或组织的经皮消融术","治疗性操作"
nhsa_jbzd_50_2401,"50.2401",True,"CT引导下肝病损射频消融术","治疗性操作"
nhsa_jbzd_50_2402,"50.2402",True,"CT引导下肝病损微波消融术","治疗性操作"
nhsa_jbzd_50_2403,"50.2403",True,"超声引导下肝病损微波消融术","治疗性操作"
nhsa_jbzd_50_2404,"50.2404",True,"超声引导下肝病损射频消融术","治疗性操作"
nhsa_jbzd_50_2500,"50.2500",True,"肝病损或组织的腹腔镜下消融术","手术"
nhsa_jbzd_50_2501,"50.2501",True,"腹腔镜下肝病损微波消融术","手术"
nhsa_jbzd_50_2502,"50.2502",True,"腹腔镜下肝病损射频消融术","手术"
nhsa_jbzd_50_2503,"50.2503",True,"腹腔镜超声引导下肝病损射频消融术","手术"
nhsa_jbzd_50_2600,"50.2600",True,"肝病损或组织的其他和未特指消融术","手术"
nhsa_jbzd_50_2900,"50.2900",True,"肝病损的其他破坏术","手术"
nhsa_jbzd_50_2900x020,"50.2900x020",True,"腹腔镜下肝内无水酒精注射术","手术"
nhsa_jbzd_50_2900x021,"50.2900x021",True,"腹腔镜下肝抽吸术","手术"
nhsa_jbzd_50_2900x022,"50.2900x022",True,"经皮肝病损无水酒精注射术","治疗性操作"
nhsa_jbzd_50_2900x023,"50.2900x023",True,"经皮肝病损冷冻消融术","治疗性操作"
nhsa_jbzd_50_2901,"50.2901",True,"肝病损氩氦刀治疗术","手术"
nhsa_jbzd_50_2902,"50.2902",True,"肝病损冷冻治疗术","手术"
nhsa_jbzd_50_2903,"50.2903",True,"肝病损酒精固化治疗术","手术"
nhsa_jbzd_50_2904,"50.2904",True,"肝病损离体切除术","手术"
nhsa_jbzd_50_2905,"50.2905",True,"肝病损破坏术","手术"
nhsa_jbzd_50_2906,"50.2906",True,"肝病损超声刀治疗","手术"
nhsa_jbzd_50_2907,"50.2907",True,"肝病损微波治疗","手术"
nhsa_jbzd_50_2908,"50.2908",True,"肝病损切除术","手术"
nhsa_jbzd_50_2909,"50.2909",True,"腹腔镜下肝病损切除术","手术"
nhsa_jbzd_50_2910,"50.2910",True,"腹腔镜下肝病损烧灼术","手术"
nhsa_jbzd_50_3x00,"50.3x00",True,"肝叶切除术","手术"
nhsa_jbzd_50_3x01,"50.3x01",True,"右半肝切除术","手术"
nhsa_jbzd_50_3x02,"50.3x02",True,"左半肝切除术","手术"
nhsa_jbzd_50_3x03,"50.3x03",True,"肝叶部分切除术","手术"
nhsa_jbzd_50_3x04,"50.3x04",True,"全肝叶切除术伴其他肝叶部分切除术","手术"
nhsa_jbzd_50_3x05,"50.3x05",True,"腹腔镜下肝叶切除术","手术"
nhsa_jbzd_50_3x06,"50.3x06",True,"腹腔镜下半肝切除术","手术"
nhsa_jbzd_50_4x00,"50.4x00",True,"全肝切除术","手术"
nhsa_jbzd_50_5100,"50.5100",True,"辅助肝移植","手术"
nhsa_jbzd_50_5100x001,"50.5100x001",True,"同种异体原位肝移植术","手术"
nhsa_jbzd_50_5900,"50.5900",True,"肝的其他移植术","手术"
nhsa_jbzd_50_5900x001,"50.5900x001",True,"肝肾联合移植术","手术"
nhsa_jbzd_50_5900x004,"50.5900x004",True,"同种异体肝肾联合移植术","手术"
nhsa_jbzd_50_5900x005,"50.5900x005",True,"同种异体肝移植术","手术"
nhsa_jbzd_50_5901,"50.5901",True,"原位肝移植","手术"
nhsa_jbzd_50_5902,"50.5902",True,"劈离式肝移植术","手术"
nhsa_jbzd_50_6100,"50.6100",True,"肝裂伤闭合术","手术"
nhsa_jbzd_50_6101,"50.6101",True,"肝破裂修补术","手术"
nhsa_jbzd_50_6900,"50.6900",True,"肝其他修补术","手术"
nhsa_jbzd_50_6900x002,"50.6900x002",True,"肝修补术","手术"
nhsa_jbzd_50_6900x003,"50.6900x003",True,"供体肝修补术","手术"
nhsa_jbzd_50_6900x004,"50.6900x004",True,"经皮肝窦道填塞修补术","治疗性操作"
nhsa_jbzd_50_6901,"50.6901",True,"肝固定术","手术"
nhsa_jbzd_50_9100,"50.9100",True,"经皮肝抽吸术","治疗性操作"
nhsa_jbzd_50_9101,"50.9101",True,"经皮肝穿刺引流术","治疗性操作"
nhsa_jbzd_50_9102,"50.9102",True,"肝脓肿穿刺引流术","治疗性操作"
nhsa_jbzd_50_9103,"50.9103",True,"肝囊肿穿刺引流术","治疗性操作"
nhsa_jbzd_50_9200,"50.9200",True,"体外肝辅助","治疗性操作"
nhsa_jbzd_50_9200x001,"50.9200x001",True,"肝透析[人工肝治疗]","治疗性操作"
nhsa_jbzd_50_9201,"50.9201",True,"肝透析","治疗性操作"
nhsa_jbzd_50_9300,"50.9300",True,"肝局部灌注","治疗性操作"
nhsa_jbzd_50_9400,"50.9400",True,"肝注射其他治疗性物质","治疗性操作"
nhsa_jbzd_50_9400x005,"50.9400x005",True,"肝病损药物注射治疗","治疗性操作"
nhsa_jbzd_50_9401,"50.9401",True,"肝内无水酒精注射术","治疗性操作"
nhsa_jbzd_50_9402,"50.9402",True,"肝囊肿硬化剂注射术","治疗性操作"
nhsa_jbzd_50_9900,"50.9900",True,"肝的其他手术","手术"
nhsa_jbzd_50_9900x003,"50.9900x003",True,"肝止血术","手术"
nhsa_jbzd_51_0100,"51.0100",True,"经皮胆囊抽吸","治疗性操作"
nhsa_jbzd_51_0101,"51.0101",True,"胆囊穿刺术","治疗性操作"
nhsa_jbzd_51_0102,"51.0102",True,"经皮经肝胆囊置管引流术","治疗性操作"
nhsa_jbzd_51_0103,"51.0103",True,"超声引导下胆囊穿刺引流术","治疗性操作"
nhsa_jbzd_51_0200,"51.0200",True,"套管胆囊造口术","手术"
nhsa_jbzd_51_0300,"51.0300",True,"其他胆囊造口术","手术"
nhsa_jbzd_51_0300x002,"51.0300x002",True,"胆囊造口术","手术"
nhsa_jbzd_51_0301,"51.0301",True,"腹腔镜下胆囊造口术","手术"
nhsa_jbzd_51_0400,"51.0400",True,"其他胆囊切开术","手术"
nhsa_jbzd_51_0400x004,"51.0400x004",True,"胆囊引流术","手术"
nhsa_jbzd_51_0400x005,"51.0400x005",True,"腹腔镜下胆囊切开取石术","手术"
nhsa_jbzd_51_0400x006,"51.0400x006",True,"浅式胆囊取石术","手术"
nhsa_jbzd_51_0400x008,"51.0400x008",True,"胆道镜下碎石取石术","手术"
nhsa_jbzd_51_0401,"51.0401",True,"胆囊切开取石术","手术"
nhsa_jbzd_51_0402,"51.0402",True,"胆囊切开引流术","手术"
nhsa_jbzd_51_0403,"51.0403",True,"胆囊切开异物取出术","手术"
nhsa_jbzd_51_0404,"51.0404",True,"腹腔镜下胆囊切开引流术","手术"
nhsa_jbzd_51_1000,"51.1000",True,"内镜逆行胰胆管造影[ERCP]","诊断性操作"
nhsa_jbzd_51_1100,"51.1100",True,"内镜逆行胆管造影[ERC]","诊断性操作"
nhsa_jbzd_51_1101,"51.1101",True,"术中胆道镜检查","诊断性操作"
nhsa_jbzd_51_1102,"51.1102",True,"胆道镜检查术","诊断性操作"
nhsa_jbzd_51_1103,"51.1103",True,"电子子母胆道镜检查","诊断性操作"
nhsa_jbzd_51_1104,"51.1104",True,"腹腔镜下胆总管探查术","手术"
nhsa_jbzd_51_1105,"51.1105",True,"腹腔镜下胆道造影术","手术"
nhsa_jbzd_51_1200,"51.1200",True,"经皮胆囊或胆管活组织检查","诊断性操作"
nhsa_jbzd_51_1201,"51.1201",True,"经皮胆囊活组织检查","诊断性操作"
nhsa_jbzd_51_1202,"51.1202",True,"经皮胆管活组织检查","诊断性操作"
nhsa_jbzd_51_1300,"51.1300",True,"开放性胆囊或胆管活组织检查","手术"
nhsa_jbzd_51_1301,"51.1301",True,"开放性胆囊活组织检查","手术"
nhsa_jbzd_51_1302,"51.1302",True,"开放性胆管活组织检查","手术"
nhsa_jbzd_51_1400,"51.1400",True,"其他闭合性[内镜的]胆管或奥狄氏括约肌活组织检查","诊断性操作"
nhsa_jbzd_51_1401,"51.1401",True,"内镜下胆管活组织检查","诊断性操作"
nhsa_jbzd_51_1402,"51.1402",True,"内镜下胆囊活组织检查","诊断性操作"
nhsa_jbzd_51_1403,"51.1403",True,"内镜下奥狄氏扩约肌活组织检查","诊断性操作"
nhsa_jbzd_51_1404,"51.1404",True,"内镜下壶腹活组织检查","诊断性操作"
nhsa_jbzd_51_1500,"51.1500",True,"奥狄氏括约肌的压力测量","诊断性操作"
nhsa_jbzd_51_1900,"51.1900",True,"胆管的其他诊断性操作","诊断性操作"
nhsa_jbzd_51_2100,"51.2100",True,"部分胆囊切除术","手术"
nhsa_jbzd_51_2101,"51.2101",True,"胆囊病损切除术","手术"
nhsa_jbzd_51_2200,"51.2200",True,"胆囊切除术","手术"
nhsa_jbzd_51_2200x004,"51.2200x004",True,"胆囊扩大切除术","手术"
nhsa_jbzd_51_2201,"51.2201",True,"残余胆囊切除术","手术"
nhsa_jbzd_51_2300,"51.2300",True,"腹腔镜下胆囊切除术","手术"
nhsa_jbzd_51_2301,"51.2301",True,"腹腔镜下残余胆囊切除术","手术"
nhsa_jbzd_51_2400,"51.2400",True,"腹腔镜下部分胆囊切除术","手术"
nhsa_jbzd_51_2401,"51.2401",True,"腹腔镜下胆囊病损切除术","手术"
nhsa_jbzd_51_3100,"51.3100",True,"胆囊肝管吻合术","手术"
nhsa_jbzd_51_3100x001,"51.3100x001",True,"腹腔镜下胆囊肝管吻合术","手术"
nhsa_jbzd_51_3200,"51.3200",True,"胆囊肠吻合术","手术"
nhsa_jbzd_51_3200x001,"51.3200x001",True,"胆囊-结肠吻合术","手术"
nhsa_jbzd_51_3201,"51.3201",True,"胆囊空肠吻合术","手术"
nhsa_jbzd_51_3202,"51.3202",True,"胆囊十二指肠吻合术","手术"
nhsa_jbzd_51_3203,"51.3203",True,"腹腔镜下胆囊空肠吻合术","手术"
nhsa_jbzd_51_3204,"51.3204",True,"腹腔镜下胆囊十二指肠吻合术","手术"
nhsa_jbzd_51_3300,"51.3300",True,"胆囊胰腺吻合术","手术"
nhsa_jbzd_51_3301,"51.3301",True,"腹腔镜下胆胰转流术","手术"
nhsa_jbzd_51_3400,"51.3400",True,"胆囊胃吻合术","手术"
nhsa_jbzd_51_3500,"51.3500",True,"其他胆囊吻合术","手术"
nhsa_jbzd_51_3600,"51.3600",True,"胆总管肠吻合术","手术"
nhsa_jbzd_51_3601,"51.3601",True,"胆总管空肠吻合术","手术"
nhsa_jbzd_51_3602,"51.3602",True,"胆总管十二指肠吻合术","手术"
nhsa_jbzd_51_3700,"51.3700",True,"肝管胃肠道吻合术","手术"
nhsa_jbzd_51_3700x001,"51.3700x001",True,"腹腔镜下肝门-空肠吻合术","手术"
nhsa_jbzd_51_3700x002,"51.3700x002",True,"腹腔镜下肝门-肠吻合术","手术"
nhsa_jbzd_51_3700x003,"51.3700x003",True,"肝胆管-空肠吻合术","手术"
nhsa_jbzd_51_3700x007,"51.3700x007",True,"肝门-空肠吻合术","手术"
nhsa_jbzd_51_3701,"51.3701",True,"肝总管空肠吻合术","手术"
nhsa_jbzd_51_3702,"51.3702",True,"肝管胃吻合术","手术"
nhsa_jbzd_51_3703,"51.3703",True,"肝管十二指肠吻合术","手术"
nhsa_jbzd_51_3704,"51.3704",True,"肝管空肠吻合术","手术"
nhsa_jbzd_51_3900,"51.3900",True,"其他胆管吻合术","手术"
nhsa_jbzd_51_3900x005,"51.3900x005",True,"胆管吻合术","手术"
nhsa_jbzd_51_3900x008,"51.3900x008",True,"胆管-胰吻合术","手术"
nhsa_jbzd_51_3901,"51.3901",True,"胆管空肠吻合术","手术"
nhsa_jbzd_51_3902,"51.3902",True,"胆管十二指肠吻合术","手术"
nhsa_jbzd_51_3903,"51.3903",True,"胆总管胃空肠吻合术","手术"
nhsa_jbzd_51_3904,"51.3904",True,"胆管肝管空肠吻合术","手术"
nhsa_jbzd_51_3905,"51.3905",True,"胆总管胃吻合术","手术"
nhsa_jbzd_51_3906,"51.3906",True,"胆管胃吻合术","手术"
nhsa_jbzd_51_3907,"51.3907",True,"腹腔镜下胆管空肠吻合术","手术"
nhsa_jbzd_51_4100,"51.4100",True,"胆总管探查术，用于去除结石","手术"
nhsa_jbzd_51_4100x001,"51.4100x001",True,"胆总管切开取石术","手术"
nhsa_jbzd_51_4200,"51.4200",True,"胆总管探查术，用于解除其他梗阻","手术"
nhsa_jbzd_51_4201,"51.4201",True,"胆总管切开异物取出术","手术"
nhsa_jbzd_51_4202,"51.4202",True,"胆总管切开减压术","手术"
nhsa_jbzd_51_4300,"51.4300",True,"胆总管肝管的导管置入，用于减压术","手术"
nhsa_jbzd_51_4301,"51.4301",True,"肝胆总管吻合术","手术"
nhsa_jbzd_51_4302,"51.4302",True,"肝管支架置入术","手术"
nhsa_jbzd_51_4303,"51.4303",True,"胆总管支架置入术","手术"
nhsa_jbzd_51_4304,"51.4304",True,"胆管支架置入术","手术"
nhsa_jbzd_51_4900,"51.4900",True,"其他胆管切开术，用于解除梗阻","手术"
nhsa_jbzd_51_4900x002,"51.4900x002",True,"胆管切开取石术","手术"
nhsa_jbzd_51_4900x003,"51.4900x003",True,"胆总管切开取栓术","手术"
nhsa_jbzd_51_4901,"51.4901",True,"肝管切开取石术","手术"
nhsa_jbzd_51_4902,"51.4902",True,"胆肠吻合口切开取石术","手术"
nhsa_jbzd_51_4903,"51.4903",True,"胆管切开取石术（伴T管引流）","手术"
nhsa_jbzd_51_4904,"51.4904",True,"肝总管切开取石术","手术"
nhsa_jbzd_51_4905,"51.4905",True,"胆管切开取栓术","手术"
nhsa_jbzd_51_5100,"51.5100",True,"胆总管探查术","手术"
nhsa_jbzd_51_5101,"51.5101",True,"胆总管切开引流术","手术"
nhsa_jbzd_51_5102,"51.5102",True,"胆总管切开支架取出术","手术"
nhsa_jbzd_51_5900,"51.5900",True,"其他胆管的切开术","手术"
nhsa_jbzd_51_5900x001,"51.5900x001",True,"超声引导下胆管穿刺引流术","治疗性操作"
nhsa_jbzd_51_5900x005,"51.5900x005",True,"胆管引流术","手术"
nhsa_jbzd_51_5900x006,"51.5900x006",True,"腹腔镜下胆道探查术","手术"
nhsa_jbzd_51_5900x008,"51.5900x008",True,"肝内胆管引流术","手术"
nhsa_jbzd_51_5900x009,"51.5900x009",True,"内镜下胆道异物去除术","治疗性操作"
nhsa_jbzd_51_5901,"51.5901",True,"肝管切开引流术","手术"
nhsa_jbzd_51_5902,"51.5902",True,"肝管切开探查术","手术"
nhsa_jbzd_51_5903,"51.5903",True,"胆管切开探查术","手术"
nhsa_jbzd_51_5904,"51.5904",True,"肝总管切开探查术","手术"
nhsa_jbzd_51_6100,"51.6100",True,"胆囊管残端切除术","手术"
nhsa_jbzd_51_6100x001,"51.6100x001",True,"残余胆囊管切除术","手术"
nhsa_jbzd_51_6100x002,"51.6100x002",True,"腹腔镜下胆囊管残端切除术","手术"
nhsa_jbzd_51_6200,"51.6200",True,"法特氏壶腹切除术(伴胆总管再植入)","手术"
nhsa_jbzd_51_6200x002,"51.6200x002",True,"法特壶腹切除术","手术"
nhsa_jbzd_51_6201,"51.6201",True,"法特氏壶腹病损切除术","手术"
nhsa_jbzd_51_6300,"51.6300",True,"胆总管的其他切除术","手术"
nhsa_jbzd_51_6300x001,"51.6300x001",True,"腹腔镜下胆总管病损切除术","手术"
nhsa_jbzd_51_6301,"51.6301",True,"胆总管病损切除术","手术"
nhsa_jbzd_51_6302,"51.6302",True,"胆总管部分切除术","手术"
nhsa_jbzd_51_6303,"51.6303",True,"胆总管切除术","手术"
nhsa_jbzd_51_6400,"51.6400",True,"内镜下胆管或奥狄氏括约肌病损的切除术或破坏术","手术"
nhsa_jbzd_51_6400x002,"51.6400x002",True,"内镜下胆总管病损切除术","治疗性操作"
nhsa_jbzd_51_6400x003,"51.6400x003",True,"内镜下胆管病损射频消融术","治疗性操作"
nhsa_jbzd_51_6900,"51.6900",True,"其他胆管切除术","手术"
nhsa_jbzd_51_6900x007,"51.6900x007",True,"肝胆管病损切除术","手术"
nhsa_jbzd_51_6900x008,"51.6900x008",True,"肝胆管切除术","手术"
nhsa_jbzd_51_6900x012,"51.6900x012",True,"肝总管切除术","手术"
nhsa_jbzd_51_6900x013,"51.6900x013",True,"腹腔镜下胆管病损切除术","手术"
nhsa_jbzd_51_6901,"51.6901",True,"胆管病损切除术","手术"
nhsa_jbzd_51_6902,"51.6902",True,"胆管部分切除术","手术"
nhsa_jbzd_51_6903,"51.6903",True,"肝管切除术","手术"
nhsa_jbzd_51_6904,"51.6904",True,"肝管病损切除术","手术"
nhsa_jbzd_51_6905,"51.6905",True,"肝总管部分切除术","手术"
nhsa_jbzd_51_7100,"51.7100",True,"胆总管单纯缝合术","手术"
nhsa_jbzd_51_7101,"51.7101",True,"胆总管裂伤缝合术","手术"
nhsa_jbzd_51_7200,"51.7200",True,"胆总管成形术","手术"
nhsa_jbzd_51_7200x001,"51.7200x001",True,"胆总管修补术","手术"
nhsa_jbzd_51_7201,"51.7201",True,"胆总管瘘修补术","手术"
nhsa_jbzd_51_7202,"51.7202",True,"胆总管-肠吻合口拆除术","手术"
nhsa_jbzd_51_7203,"51.7203",True,"胆总管球囊扩张术","手术"
nhsa_jbzd_51_7204,"51.7204",True,"胆总管扩张术","手术"
nhsa_jbzd_51_7900,"51.7900",True,"其他胆管的修补术","手术"
nhsa_jbzd_51_7900x002,"51.7900x002",True,"胆管成形术","手术"
nhsa_jbzd_51_7900x005,"51.7900x005",True,"胆管修补术","手术"
nhsa_jbzd_51_7900x006,"51.7900x006",True,"胆总管损伤修补术","手术"
nhsa_jbzd_51_7900x007,"51.7900x007",True,"空肠代胆道术","手术"
nhsa_jbzd_51_7901,"51.7901",True,"肝管成形术","手术"
nhsa_jbzd_51_7902,"51.7902",True,"胆管空肠吻合口闭合术","手术"
nhsa_jbzd_51_7903,"51.7903",True,"带蒂肠片肝管成形术","手术"
nhsa_jbzd_51_7904,"51.7904",True,"胆管瘘修补术","手术"
nhsa_jbzd_51_7905,"51.7905",True,"胆管造口闭合术","手术"
nhsa_jbzd_51_7906,"51.7906",True,"肝总管修补术","手术"
nhsa_jbzd_51_7907,"51.7907",True,"胆管人工造口闭合术","手术"
nhsa_jbzd_51_7908,"51.7908",True,"肝管扩张术","手术"
nhsa_jbzd_51_7909,"51.7909",True,"腹腔镜下胆管瘘口修补术","手术"
nhsa_jbzd_51_7910,"51.7910",True,"腹腔镜下胆管修补术","手术"
nhsa_jbzd_51_8100,"51.8100",True,"奥狄氏括约肌扩张","手术"
nhsa_jbzd_51_8101,"51.8101",True,"法特氏壶腹扩张术","手术"
nhsa_jbzd_51_8200,"51.8200",True,"胰括约肌切开术","手术"
nhsa_jbzd_51_8200x001,"51.8200x001",True,"奥狄括约肌切开术","手术"
nhsa_jbzd_51_8200x002,"51.8200x002",True,"经十二指肠壶腹括约肌切开术","手术"
nhsa_jbzd_51_8200x003,"51.8200x003",True,"胰管括约肌切开取石术","手术"
nhsa_jbzd_51_8201,"51.8201",True,"十二指肠乳头肌切开术","手术"
nhsa_jbzd_51_8300,"51.8300",True,"胰括约肌成形术","手术"
nhsa_jbzd_51_8300x003,"51.8300x003",True,"胆总管-十二指肠后壁吻合术","手术"
nhsa_jbzd_51_8301,"51.8301",True,"十二指肠括约肌成形术","手术"
nhsa_jbzd_51_8400,"51.8400",True,"内镜下壶腹和胆管扩张术","治疗性操作"
nhsa_jbzd_51_8400x001,"51.8400x001",True,"内镜下奥狄括约肌切开术","治疗性操作"
nhsa_jbzd_51_8401,"51.8401",True,"内镜下肝管气囊扩张术","治疗性操作"
nhsa_jbzd_51_8402,"51.8402",True,"内镜下胆管扩张术","治疗性操作"
nhsa_jbzd_51_8403,"51.8403",True,"内镜下奥狄氏括约肌扩张术","治疗性操作"
nhsa_jbzd_51_8404,"51.8404",True,"内镜下胆总管球囊扩张术","治疗性操作"
nhsa_jbzd_51_8500,"51.8500",True,"内镜括约肌切开术和十二指肠乳头切开术","治疗性操作"
nhsa_jbzd_51_8500x002,"51.8500x002",True,"内镜下十二指肠乳头肌切开取石术","治疗性操作"
nhsa_jbzd_51_8501,"51.8501",True,"内镜下胰管括约肌切开术","治疗性操作"
nhsa_jbzd_51_8502,"51.8502",True,"内镜下胆管括约肌切开术","治疗性操作"
nhsa_jbzd_51_8503,"51.8503",True,"内镜下十二指肠乳头肌切开术(EST)","治疗性操作"
nhsa_jbzd_51_8600,"51.8600",True,"内镜下鼻胆引流管置入","治疗性操作"
nhsa_jbzd_51_8600x002,"51.8600x002",True,"内镜下鼻胆管引流术","治疗性操作"
nhsa_jbzd_51_8700,"51.8700",True,"内镜支架(管)置入至胆管","治疗性操作"
nhsa_jbzd_51_8700x001,"51.8700x001",True,"内镜下胆道内支架成形术","治疗性操作"
nhsa_jbzd_51_8700x003,"51.8700x003",True,"内镜下胆管支架置入术","治疗性操作"
nhsa_jbzd_51_8700x004,"51.8700x004",True,"内镜下胆管置管引流术","治疗性操作"
nhsa_jbzd_51_8700x005,"51.8700x005",True,"内窥镜胆总管内置管术","治疗性操作"
nhsa_jbzd_51_8701,"51.8701",True,"腹腔镜下胆总管T管引流术","手术"
nhsa_jbzd_51_8702,"51.8702",True,"内镜下肝管支架置入术","治疗性操作"
nhsa_jbzd_51_8800,"51.8800",True,"内镜去除胆管结石","治疗性操作"
nhsa_jbzd_51_8800x006,"51.8800x006",True,"腹腔镜下胆道取石术","手术"
nhsa_jbzd_51_8800x009,"51.8800x009",True,"内镜下胆管碎石取石术","治疗性操作"
nhsa_jbzd_51_8801,"51.8801",True,"胆道镜下胆管取石术","治疗性操作"
nhsa_jbzd_51_8802,"51.8802",True,"十二指肠镜下胆总管切开取石术","治疗性操作"
nhsa_jbzd_51_8803,"51.8803",True,"腹腔镜下胆总管切开取石术","手术"
nhsa_jbzd_51_8804,"51.8804",True,"胆道镜下肝内胆管结石取出术","治疗性操作"
nhsa_jbzd_51_8805,"51.8805",True,"腹腔镜-胆道镜联合探查取石术","手术"
nhsa_jbzd_51_8806,"51.8806",True,"胆道镜下胆管结石取出术","治疗性操作"
nhsa_jbzd_51_8807,"51.8807",True,"经胆囊管行胆总管取石术","手术"
nhsa_jbzd_51_8900,"51.8900",True,"奥狄氏括约肌的其他手术","手术"
nhsa_jbzd_51_9100,"51.9100",True,"胆囊裂伤的修补术","手术"
nhsa_jbzd_51_9101,"51.9101",True,"腹腔镜下胆囊破裂修补术","手术"
nhsa_jbzd_51_9200,"51.9200",True,"胆囊造口闭合术","手术"
nhsa_jbzd_51_9300,"51.9300",True,"其他胆瘘的闭合术","手术"
nhsa_jbzd_51_9300x001,"51.9300x001",True,"胆囊-空肠瘘切除术","手术"
nhsa_jbzd_51_9301,"51.9301",True,"胆囊瘘修补术","手术"
nhsa_jbzd_51_9302,"51.9302",True,"胆囊空肠瘘修补术","手术"
nhsa_jbzd_51_9303,"51.9303",True,"胆囊十二指肠瘘修补术","手术"
nhsa_jbzd_51_9304,"51.9304",True,"胆囊结肠瘘修补术","手术"
nhsa_jbzd_51_9305,"51.9305",True,"胆囊胃瘘修补术","手术"
nhsa_jbzd_51_9400,"51.9400",True,"胆道吻合的修复术","手术"
nhsa_jbzd_51_9401,"51.9401",True,"胆管吻合口重建术","手术"
nhsa_jbzd_51_9500,"51.9500",True,"胆管假体装置去除","手术"
nhsa_jbzd_51_9501,"51.9501",True,"经皮胆总管支架去除术","治疗性操作"
nhsa_jbzd_51_9600,"51.9600",True,"经皮抽吸胆总管结石","治疗性操作"
nhsa_jbzd_51_9600x001,"51.9600x001",True,"经皮胆总管结石取出术","治疗性操作"
nhsa_jbzd_51_9601,"51.9601",True,"经T管胆道镜下胆总管取石术","治疗性操作"
nhsa_jbzd_51_9800,"51.9800",True,"其他经皮胆道操作","治疗性操作"
nhsa_jbzd_51_9800x001,"51.9800x001",True,"超声引导下经皮肝穿刺胆管引流术","治疗性操作"
nhsa_jbzd_51_9800x005,"51.9800x005",True,"经皮胆道镜下取石术","治疗性操作"
nhsa_jbzd_51_9800x008,"51.9800x008",True,"经皮胆管球囊扩张术","治疗性操作"
nhsa_jbzd_51_9800x009,"51.9800x009",True,"经皮胆管引流术","治疗性操作"
nhsa_jbzd_51_9800x010,"51.9800x010",True,"经皮胆管支架置入术","治疗性操作"
nhsa_jbzd_51_9800x012,"51.9800x012",True,"经皮肝穿刺胆管引流术","治疗性操作"
nhsa_jbzd_51_9800x013,"51.9800x013",True,"经皮肝穿刺肝胆管引流术","治疗性操作"
nhsa_jbzd_51_9800x015,"51.9800x015",True,"经皮肝穿刺胆总管支架置入术","治疗性操作"
nhsa_jbzd_51_9800x016,"51.9800x016",True,"经皮胆肠吻合口扩张术","治疗性操作"
nhsa_jbzd_51_9801,"51.9801",True,"经皮肝穿刺胆管支架植入术","治疗性操作"
nhsa_jbzd_51_9802,"51.9802",True,"经人工造口胆道镜检查术","诊断性操作"
nhsa_jbzd_51_9803,"51.9803",True,"经皮经肝胆管球囊扩张术","治疗性操作"
nhsa_jbzd_51_9804,"51.9804",True,"经皮经肝胆管引流术","治疗性操作"
nhsa_jbzd_51_9805,"51.9805",True,"经皮经肝肝管支架植入术","治疗性操作"
nhsa_jbzd_51_9806,"51.9806",True,"经皮胆管扩张术","治疗性操作"
nhsa_jbzd_51_9807,"51.9807",True,"经胆道镜胆管扩张术","治疗性操作"
nhsa_jbzd_51_9808,"51.9808",True,"经T管胆道支架植入术","治疗性操作"
nhsa_jbzd_51_9809,"51.9809",True,"经T管胆道镜检查","诊断性操作"
nhsa_jbzd_51_9900,"51.9900",True,"胆管的其他手术","手术"
nhsa_jbzd_51_9901,"51.9901",True,"胆道内假体置换术","手术"
nhsa_jbzd_52_0100,"52.0100",True,"胰囊肿导管引流术","手术"
nhsa_jbzd_52_0101,"52.0101",True,"腹腔镜下胰腺周围脓肿外引流术","手术"
nhsa_jbzd_52_0102,"52.0102",True,"腹腔镜下胰腺囊肿外引流术","手术"
nhsa_jbzd_52_0900,"52.0900",True,"其他胰腺切开术","手术"
nhsa_jbzd_52_0900x001,"52.0900x001",True,"腹腔镜下胰腺脓肿引流术","手术"
nhsa_jbzd_52_0901,"52.0901",True,"胰腺切开探查术","手术"
nhsa_jbzd_52_0902,"52.0902",True,"胰腺切开取石术","手术"
nhsa_jbzd_52_0903,"52.0903",True,"胰腺切开引流术","手术"
nhsa_jbzd_52_0904,"52.0904",True,"腹腔镜下胰腺切开引流术","手术"
nhsa_jbzd_52_1100,"52.1100",True,"闭合性[抽吸][针吸][经皮]胰腺活组织检查","诊断性操作"
nhsa_jbzd_52_1100x001,"52.1100x001",True,"胰腺穿刺活检","诊断性操作"
nhsa_jbzd_52_1101,"52.1101",True,"超声内镜下胰腺细针穿刺活组织检查","诊断性操作"
nhsa_jbzd_52_1200,"52.1200",True,"开放性胰腺活组织检查","手术"
nhsa_jbzd_52_1200x001,"52.1200x001",True,"腹腔镜下胰腺活组织检查","手术"
nhsa_jbzd_52_1300,"52.1300",True,"内镜逆行胰管造影[ERP]","诊断性操作"
nhsa_jbzd_52_1301,"52.1301",True,"胰管内镜检查术","诊断性操作"
nhsa_jbzd_52_1302,"52.1302",True,"腹腔镜下胰腺探查","手术"
nhsa_jbzd_52_1303,"52.1303",True,"胆道镜逆行胰管造影[ERP]","诊断性操作"
nhsa_jbzd_52_1400,"52.1400",True,"闭合性[内镜的]胰管活组织检查","诊断性操作"
nhsa_jbzd_52_1900,"52.1900",True,"胰腺的其他诊断性操作","诊断性操作"
nhsa_jbzd_52_1900x001,"52.1900x001",True,"超声内镜下胰腺检查","诊断性操作"
nhsa_jbzd_52_2100,"52.2100",True,"内镜下胰管病损或组织的切除术或破坏术","手术"
nhsa_jbzd_52_2101,"52.2101",True,"腹腔镜下胰腺病损切除术","手术"
nhsa_jbzd_52_2102,"52.2102",True,"超声内镜下胰腺无水酒精注射术","治疗性操作"
nhsa_jbzd_52_2200,"52.2200",True,"胰腺或胰管病损或组织的其他切除术或破坏术","手术"
nhsa_jbzd_52_2200x001,"52.2200x001",True,"胰腺病损硬化剂注射术","治疗性操作"
nhsa_jbzd_52_2201,"52.2201",True,"胰腺病损切除术","手术"
nhsa_jbzd_52_2202,"52.2202",True,"胰腺病损射频消融术","治疗性操作"
nhsa_jbzd_52_3x00,"52.3x00",True,"胰囊肿袋形缝合术[造袋术]","手术"
nhsa_jbzd_52_4x00,"52.4x00",True,"胰囊肿内引流术","手术"
nhsa_jbzd_52_4x00x004,"52.4x00x004",True,"胰腺囊肿引流术","手术"
nhsa_jbzd_52_4x00x007,"52.4x00x007",True,"超声内镜下胰腺囊肿-胃吻合术","治疗性操作"
nhsa_jbzd_52_4x00x008,"52.4x00x008",True,"超声内镜下胰腺囊肿-十二指肠吻合术","治疗性操作"
nhsa_jbzd_52_4x00x009,"52.4x00x009",True,"超声内镜下胰腺囊肿-胃吻合伴清创术","治疗性操作"
nhsa_jbzd_52_4x00x010,"52.4x00x010",True,"超声内镜下胰腺脓肿-十二指肠吻合伴清创术","治疗性操作"
nhsa_jbzd_52_4x00x011,"52.4x00x011",True,"超声内镜下胰腺囊肿穿刺引流术","治疗性操作"
nhsa_jbzd_52_4x00x012,"52.4x00x012",True,"CT引导下胰腺囊肿穿刺引流术","治疗性操作"
nhsa_jbzd_52_4x01,"52.4x01",True,"胰腺囊肿十二指肠吻合术","手术"
nhsa_jbzd_52_4x02,"52.4x02",True,"胰腺囊肿胃吻合术","手术"
nhsa_jbzd_52_4x03,"52.4x03",True,"胰腺囊肿空肠吻合术","手术"
nhsa_jbzd_52_4x04,"52.4x04",True,"腹腔镜下胰腺囊肿胃肠吻合术","手术"
nhsa_jbzd_52_4x05,"52.4x05",True,"腹腔镜下胰腺囊肿十二指肠吻合术","手术"
nhsa_jbzd_52_4x06,"52.4x06",True,"腹腔镜下胰腺囊肿空肠吻合术","手术"
nhsa_jbzd_52_4x07,"52.4x07",True,"腹腔镜下胰腺囊肿内引流术","手术"
nhsa_jbzd_52_5100,"52.5100",True,"近端胰腺切除术","手术"
nhsa_jbzd_52_5100x001,"52.5100x001",True,"胰近端切除伴十二指肠切除术","手术"
nhsa_jbzd_52_5101,"52.5101",True,"胰头切除术","手术"
nhsa_jbzd_52_5102,"52.5102",True,"胰头伴部分胰体切除术","手术"
nhsa_jbzd_52_5103,"52.5103",True,"胰头十二指肠切除术","手术"
nhsa_jbzd_52_5104,"52.5104",True,"胰头部分切除术","手术"
nhsa_jbzd_52_5200,"52.5200",True,"远端胰腺切除术","手术"
nhsa_jbzd_52_5201,"52.5201",True,"胰尾切除术","手术"
nhsa_jbzd_52_5202,"52.5202",True,"胰尾伴部分胰体切除术","手术"
nhsa_jbzd_52_5203,"52.5203",True,"胰尾部分切除术","手术"
nhsa_jbzd_52_5204,"52.5204",True,"腹腔镜下胰尾切除术","手术"
nhsa_jbzd_52_5205,"52.5205",True,"腹腔镜下胰尾伴部分胰体切除术","手术"
nhsa_jbzd_52_5206,"52.5206",True,"腹腔镜下胰体胰尾病损切除术","手术"
nhsa_jbzd_52_5300,"52.5300",True,"根治性胰腺次全切除术","手术"
nhsa_jbzd_52_5301,"52.5301",True,"腹腔镜根治性胰体尾切除术","手术"
nhsa_jbzd_52_5900,"52.5900",True,"其他部分胰腺切除术","手术"
nhsa_jbzd_52_5901,"52.5901",True,"胰腺部分切除术","手术"
nhsa_jbzd_52_5902,"52.5902",True,"胰腺十二指肠部分切除术","手术"
nhsa_jbzd_52_5903,"52.5903",True,"胰腺节段切除术","手术"
nhsa_jbzd_52_5904,"52.5904",True,"胰体尾切除术","手术"
nhsa_jbzd_52_5905,"52.5905",True,"腹腔镜胰腺部分切除术","手术"
nhsa_jbzd_52_5906,"52.5906",True,"腹腔镜胰腺中段切除术","手术"
nhsa_jbzd_52_6x00,"52.6x00",True,"全胰切除术","手术"
nhsa_jbzd_52_6x00x003,"52.6x00x003",True,"异位胰腺切除术","手术"
nhsa_jbzd_52_6x00x004,"52.6x00x004",True,"移植胰腺切除术","手术"
nhsa_jbzd_52_6x01,"52.6x01",True,"胰腺全部切除伴十二指肠切除术","手术"
nhsa_jbzd_52_6x02,"52.6x02",True,"腹腔镜下全胰切除术","手术"
nhsa_jbzd_52_6x03,"52.6x03",True,"腹腔镜下胰十二指肠切除术","手术"
nhsa_jbzd_52_7x00,"52.7x00",True,"根治性胰十二指肠切除术","手术"
nhsa_jbzd_52_7x00x003,"52.7x00x003",True,"胰腺根治性切除术","手术"
nhsa_jbzd_52_7x00x004,"52.7x00x004",True,"保留幽门的胰十二指肠切除术[PPPD手术]","手术"
nhsa_jbzd_52_7x01,"52.7x01",True,"腹腔镜下胰十二指肠根治术","手术"
nhsa_jbzd_52_8000,"52.8000",True,"胰腺移植","手术"
nhsa_jbzd_52_8100,"52.8100",True,"胰腺组织再植入","手术"
nhsa_jbzd_52_8200,"52.8200",True,"胰腺同种移植","手术"
nhsa_jbzd_52_8300,"52.8300",True,"胰腺异种移植","手术"
nhsa_jbzd_52_8400,"52.8400",True,"朗格汉斯胰岛细胞自体移植","手术"
nhsa_jbzd_52_8500,"52.8500",True,"朗格汉斯胰岛细胞异体移植","手术"
nhsa_jbzd_52_8600,"52.8600",True,"朗格汉斯胰岛细胞移植","手术"
nhsa_jbzd_52_9200,"52.9200",True,"胰管套管置入术","手术"
nhsa_jbzd_52_9200x001,"52.9200x001",True,"经皮穿刺胰腺置管引流术","治疗性操作"
nhsa_jbzd_52_9201,"52.9201",True,"胰管支架置入术","手术"
nhsa_jbzd_52_9300,"52.9300",True,"内镜下胰管支架(管)置入","治疗性操作"
nhsa_jbzd_52_9300x002,"52.9300x002",True,"内镜下胰管置管引流术","治疗性操作"
nhsa_jbzd_52_9301,"52.9301",True,"腹腔镜下经十二指肠切开胰管开口整形支架引流术","手术"
nhsa_jbzd_52_9400,"52.9400",True,"内镜下胰管结石去除术","治疗性操作"
nhsa_jbzd_52_9400x002,"52.9400x002",True,"内镜下胰管碎石取石术","治疗性操作"
nhsa_jbzd_52_9500,"52.9500",True,"胰腺的其他修补术","手术"
nhsa_jbzd_52_9500x001,"52.9500x001",True,"胰瘘管切除术","手术"
nhsa_jbzd_52_9500x002,"52.9500x002",True,"胰尾修补术","手术"
nhsa_jbzd_52_9501,"52.9501",True,"胰腺裂伤缝合术","手术"
nhsa_jbzd_52_9502,"52.9502",True,"胰管修补术","手术"
nhsa_jbzd_52_9503,"52.9503",True,"胰腺瘘修补术","手术"
nhsa_jbzd_52_9504,"52.9504",True,"胰腺修补术","手术"
nhsa_jbzd_52_9600,"52.9600",True,"胰腺吻合术","手术"
nhsa_jbzd_52_9601,"52.9601",True,"胰腺管空肠吻合术","手术"
nhsa_jbzd_52_9602,"52.9602",True,"胰腺管胃吻合术","手术"
nhsa_jbzd_52_9603,"52.9603",True,"胰腺管回肠吻合术","手术"
nhsa_jbzd_52_9604,"52.9604",True,"胰腺管十二指肠吻合术","手术"
nhsa_jbzd_52_9605,"52.9605",True,"腹腔镜下胰胃吻合术","手术"
nhsa_jbzd_52_9700,"52.9700",True,"内镜下鼻胰引流管置入","治疗性操作"
nhsa_jbzd_52_9800,"52.9800",True,"内镜下胰管扩张","治疗性操作"
nhsa_jbzd_52_9800x001,"52.9800x001",True,"内镜下胰管球囊扩张术[EOBD]","治疗性操作"
nhsa_jbzd_52_9900,"52.9900",True,"胰腺其他手术","手术"
nhsa_jbzd_52_9901,"52.9901",True,"胰管扩张术","手术"
nhsa_jbzd_53_0000,"53.0000",True,"腹股沟疝单侧修补术","手术"
nhsa_jbzd_53_0001,"53.0001",True,"单侧腹股沟疝修补术","手术"
nhsa_jbzd_53_0002,"53.0002",True,"腹腔镜下单侧腹股沟疝修补术","手术"
nhsa_jbzd_53_0100,"53.0100",True,"其他和开放性腹股沟直疝修补术","手术"
nhsa_jbzd_53_0100x001,"53.0100x001",True,"单侧腹股沟直疝疝囊高位结扎术","手术"
nhsa_jbzd_53_0101,"53.0101",True,"单侧腹股沟直疝修补术","手术"
nhsa_jbzd_53_0102,"53.0102",True,"单侧腹股沟直疝斜疝修补术","手术"
nhsa_jbzd_53_0200,"53.0200",True,"其他和开放性腹股沟斜疝修补术","手术"
nhsa_jbzd_53_0201,"53.0201",True,"单侧腹股沟斜疝修补术","手术"
nhsa_jbzd_53_0202,"53.0202",True,"单侧腹股沟斜疝疝囊高位结扎术","手术"
nhsa_jbzd_53_0203,"53.0203",True,"腹腔镜下单侧腹股沟斜疝修补术","手术"
nhsa_jbzd_53_0204,"53.0204",True,"腹腔镜下单侧腹股沟斜疝疝囊高位结扎术","手术"
nhsa_jbzd_53_0300,"53.0300",True,"用移植物或假体的其他和开放性腹股沟直疝修补术","手术"
nhsa_jbzd_53_0301,"53.0301",True,"单侧腹股沟直疝斜疝无张力修补术","手术"
nhsa_jbzd_53_0302,"53.0302",True,"单侧腹股沟直疝无张力修补术","手术"
nhsa_jbzd_53_0400,"53.0400",True,"用移植物或假体的其他和开放性腹股沟斜疝修补术","手术"
nhsa_jbzd_53_0401,"53.0401",True,"单侧腹股沟斜疝无张力修补术","手术"
nhsa_jbzd_53_0500,"53.0500",True,"用移植物或假体的腹股沟疝修补术","手术"
nhsa_jbzd_53_0501,"53.0501",True,"单侧腹股沟疝无张力修补术","手术"
nhsa_jbzd_53_1000,"53.1000",True,"双侧腹股沟疝修补术","手术"
nhsa_jbzd_53_1100,"53.1100",True,"其他和开放性双侧腹股沟直疝修补术","手术"
nhsa_jbzd_53_1101,"53.1101",True,"双侧腹股沟直疝修补术","手术"
nhsa_jbzd_53_1200,"53.1200",True,"其他和开放性双侧腹股沟斜疝修补术","手术"
nhsa_jbzd_53_1200x001,"53.1200x001",True,"腹腔镜下双侧腹股沟斜疝疝囊高位结扎术","手术"
nhsa_jbzd_53_1201,"53.1201",True,"双侧腹股沟斜疝修补术","手术"
nhsa_jbzd_53_1202,"53.1202",True,"双侧腹股沟斜疝疝囊高位结扎术","手术"
nhsa_jbzd_53_1203,"53.1203",True,"腹腔镜下双侧腹股沟斜疝修补术","手术"
nhsa_jbzd_53_1300,"53.1300",True,"其他和开放性双侧腹股沟疝修补术，一侧直疝和一侧斜疝","手术"
nhsa_jbzd_53_1301,"53.1301",True,"腹股沟疝修补术，一侧直疝一侧斜疝","手术"
nhsa_jbzd_53_1400,"53.1400",True,"用移植物或假体的其他和开放性双侧腹股沟直疝修补术","手术"
nhsa_jbzd_53_1401,"53.1401",True,"双侧腹股沟直疝无张力修补术","手术"
nhsa_jbzd_53_1500,"53.1500",True,"用移植物或假体的其他和开放性双侧腹股沟斜疝修补术","手术"
nhsa_jbzd_53_1501,"53.1501",True,"双侧腹股沟斜疝无张力修补","手术"
nhsa_jbzd_53_1600,"53.1600",True,"用移植物或假体的其他和开放性双侧腹股沟疝修补术，一侧直疝和一侧斜疝","手术"
nhsa_jbzd_53_1601,"53.1601",True,"腹股沟疝无张力修补术，一侧直疝，一侧斜疝","手术"
nhsa_jbzd_53_1700,"53.1700",True,"用移植物或假体的双侧腹股沟疝修补术","手术"
nhsa_jbzd_53_1701,"53.1701",True,"双侧腹股沟疝无张力修补术","手术"
nhsa_jbzd_53_2100,"53.2100",True,"用移植物或假体的单侧股疝修补术","手术"
nhsa_jbzd_53_2100x001,"53.2100x001",True,"腹腔镜下单侧股疝无张力修补术","手术"
nhsa_jbzd_53_2101,"53.2101",True,"单侧股疝无张力修补术","手术"
nhsa_jbzd_53_2900,"53.2900",True,"其他单侧股疝缝合术","手术"
nhsa_jbzd_53_2900x001,"53.2900x001",True,"腹腔镜下单侧股疝修补术","手术"
nhsa_jbzd_53_2901,"53.2901",True,"单侧股疝修补术","手术"
nhsa_jbzd_53_3100,"53.3100",True,"用移植物或假体的双侧股疝修补术","手术"
nhsa_jbzd_53_3100x001,"53.3100x001",True,"腹腔镜下双侧股疝无张力修补术","手术"
nhsa_jbzd_53_3101,"53.3101",True,"双侧股疝无张力修补术","手术"
nhsa_jbzd_53_3900,"53.3900",True,"其他双侧股疝缝合术","手术"
nhsa_jbzd_53_3901,"53.3901",True,"双侧股疝修补术","手术"
nhsa_jbzd_53_4100,"53.4100",True,"其他和开放性脐疝修补术伴假体","手术"
nhsa_jbzd_53_4101,"53.4101",True,"脐疝无张力修补术","手术"
nhsa_jbzd_53_4200,"53.4200",True,"腹腔镜下脐疝移植物或假体修补术","手术"
nhsa_jbzd_53_4201,"53.4201",True,"腹腔镜下脐疝无张力修补术","手术"
nhsa_jbzd_53_4300,"53.4300",True,"其他腹腔镜脐疝修补术","手术"
nhsa_jbzd_53_4301,"53.4301",True,"腹腔镜下脐疝修补术","手术"
nhsa_jbzd_53_4900,"53.4900",True,"其他开放性脐疝缝合术","手术"
nhsa_jbzd_53_4901,"53.4901",True,"脐疝修补术","手术"
nhsa_jbzd_53_4902,"53.4902",True,"脐重建术","手术"
nhsa_jbzd_53_5100,"53.5100",True,"切口疝修补术","手术"
nhsa_jbzd_53_5101,"53.5101",True,"腹腔镜下切口疝修补术","手术"
nhsa_jbzd_53_5900,"53.5900",True,"其他前腹壁疝的修补术","手术"
nhsa_jbzd_53_5900x001,"53.5900x001",True,"腹壁白线疝修补术","手术"
nhsa_jbzd_53_5901,"53.5901",True,"腹壁疝修补术","手术"
nhsa_jbzd_53_5902,"53.5902",True,"腹腔镜下腹壁疝修补术","手术"
nhsa_jbzd_53_6100,"53.6100",True,"其他开放性切口疝伴假体修补术","手术"
nhsa_jbzd_53_6101,"53.6101",True,"腹壁切口疝无张力修补术","手术"
nhsa_jbzd_53_6200,"53.6200",True,"腹腔镜下移植物或假体的脐切口疝修补术","手术"
nhsa_jbzd_53_6300,"53.6300",True,"其他前腹壁疝伴有移植物或假体的其他腹腔镜下修补术","手术"
nhsa_jbzd_53_6301,"53.6301",True,"腹腔镜下切口疝无张力修补术","手术"
nhsa_jbzd_53_6302,"53.6302",True,"腹腔镜下腹壁疝无张力修补术","手术"
nhsa_jbzd_53_6900,"53.6900",True,"其他和开放性前腹壁疝伴假体修补术","手术"
nhsa_jbzd_53_6900x002,"53.6900x002",True,"腹白线疝无张力修补术","手术"
nhsa_jbzd_53_6901,"53.6901",True,"腹壁疝无张力修补术","手术"
nhsa_jbzd_53_7100,"53.7100",True,"腹腔镜腹入路横隔疝修补术","手术"
nhsa_jbzd_53_7100x001,"53.7100x001",True,"腹腔镜下食管裂孔疝补片修补术","手术"
nhsa_jbzd_53_7101,"53.7101",True,"腹腔镜经腹食管裂孔疝修补术","手术"
nhsa_jbzd_53_7200,"53.7200",True,"其他和开放性腹入路横隔疝修补术","手术"
nhsa_jbzd_53_7200x001,"53.7200x001",True,"经腹膈疝补片修补术","手术"
nhsa_jbzd_53_7201,"53.7201",True,"经腹膈疝修补术","手术"
nhsa_jbzd_53_7202,"53.7202",True,"经腹食管裂孔疝修补术","手术"
nhsa_jbzd_53_7500,"53.7500",True,"腹入路横隔疝修补术","手术"
nhsa_jbzd_53_8000,"53.8000",True,"横膈疝修补术，经胸入路","手术"
nhsa_jbzd_53_8000x001,"53.8000x001",True,"经胸膈疝修补术","手术"
nhsa_jbzd_53_8001,"53.8001",True,"经胸食管裂孔疝修补术","手术"
nhsa_jbzd_53_8002,"53.8002",True,"经胸腹横膈疝修补术","手术"
nhsa_jbzd_53_8100,"53.8100",True,"横膈折叠术","手术"
nhsa_jbzd_53_8100x001,"53.8100x001",True,"膈肌折叠术","手术"
nhsa_jbzd_53_8100x002,"53.8100x002",True,"经胸膈肌折叠术","手术"
nhsa_jbzd_53_8100x003,"53.8100x003",True,"经腹膈肌折叠术","手术"
nhsa_jbzd_53_8100x004,"53.8100x004",True,"胸腔镜膈肌折叠术","手术"
nhsa_jbzd_53_8200,"53.8200",True,"胸骨旁疝修补术","手术"
nhsa_jbzd_53_8300,"53.8300",True,"腹腔镜横膈疝修补术，胸入路","手术"
nhsa_jbzd_53_8300x001,"53.8300x001",True,"胸腔镜下膈疝修补术","手术"
nhsa_jbzd_53_8301,"53.8301",True,"胸腔镜下食管裂孔疝修补术","手术"
nhsa_jbzd_53_8400,"53.8400",True,"其他和开放性横隔疝修补术，胸入路","手术"
nhsa_jbzd_53_9x00,"53.9x00",True,"其他疝修补术","手术"
nhsa_jbzd_53_9x00x015,"53.9x00x015",True,"造口旁疝修补术","手术"
nhsa_jbzd_53_9x00x016,"53.9x00x016",True,"会阴疝无张力修补术","手术"
nhsa_jbzd_53_9x00x017,"53.9x00x017",True,"骶前疝修补术","手术"
nhsa_jbzd_53_9x00x018,"53.9x00x018",True,"腹内疝修补术","手术"
nhsa_jbzd_53_9x00x019,"53.9x00x019",True,"腹内疝松解还纳术","手术"
nhsa_jbzd_53_9x00x020,"53.9x00x020",True,"腹腔镜下闭孔疝修补术","手术"
nhsa_jbzd_53_9x00x021,"53.9x00x021",True,"腹腔镜下闭孔疝无张力修补术","手术"
nhsa_jbzd_53_9x00x022,"53.9x00x022",True,"腹腔镜下腰疝无张力修补术","手术"
nhsa_jbzd_53_9x00x023,"53.9x00x023",True,"肠系膜裂孔疝修补术","手术"
nhsa_jbzd_53_9x01,"53.9x01",True,"坐骨孔疝修补术","手术"
nhsa_jbzd_53_9x02,"53.9x02",True,"腰疝修补术","手术"
nhsa_jbzd_53_9x03,"53.9x03",True,"闭孔疝修补术","手术"
nhsa_jbzd_53_9x04,"53.9x04",True,"坐骨直肠窝疝修补术","手术"
nhsa_jbzd_53_9x05,"53.9x05",True,"腹膜后疝修补术","手术"
nhsa_jbzd_53_9x06,"53.9x06",True,"网膜疝修补术","手术"
nhsa_jbzd_54_0x00,"54.0x00",True,"腹壁切开术","手术"
nhsa_jbzd_54_0x00x001,"54.0x00x001",True,"骶部脓肿切开引流术","手术"
nhsa_jbzd_54_0x00x002,"54.0x00x002",True,"腹壁窦道切开引流术","手术"
nhsa_jbzd_54_0x00x004,"54.0x00x004",True,"腹壁脓肿切开引流术","手术"
nhsa_jbzd_54_0x00x006,"54.0x00x006",True,"腹膜外脓肿切开引流术","手术"
nhsa_jbzd_54_0x00x010,"54.0x00x010",True,"腹壁血肿清除术","手术"
nhsa_jbzd_54_0x00x013,"54.0x00x013",True,"腹股沟脓肿切开引流术","手术"
nhsa_jbzd_54_0x00x018,"54.0x00x018",True,"腹膜后脓肿切开引流术","手术"
nhsa_jbzd_54_0x00x021,"54.0x00x021",True,"腹膜外血肿清除术","手术"
nhsa_jbzd_54_0x00x022,"54.0x00x022",True,"脐脓肿切开引流术","手术"
nhsa_jbzd_54_0x00x023,"54.0x00x023",True,"髂窝积液清除术","手术"
nhsa_jbzd_54_0x00x024,"54.0x00x024",True,"髂窝脓肿切开引流术","手术"
nhsa_jbzd_54_0x00x025,"54.0x00x025",True,"髂窝血肿切开引流术","手术"
nhsa_jbzd_54_0x00x026,"54.0x00x026",True,"腹股沟切开异物去除术","手术"
nhsa_jbzd_54_0x00x027,"54.0x00x027",True,"腹股沟血肿清除术","手术"
nhsa_jbzd_54_0x00x028,"54.0x00x028",True,"腹壁补片去除术","手术"
nhsa_jbzd_54_0x01,"54.0x01",True,"腹股沟探查术","手术"
nhsa_jbzd_54_0x02,"54.0x02",True,"腹壁切开引流术","手术"
nhsa_jbzd_54_0x03,"54.0x03",True,"腹壁异物取出术","手术"
nhsa_jbzd_54_0x04,"54.0x04",True,"腹股沟切开引流术","手术"
nhsa_jbzd_54_0x05,"54.0x05",True,"脐切开引流术","手术"
nhsa_jbzd_54_0x06,"54.0x06",True,"髂窝切开引流术","手术"
nhsa_jbzd_54_0x07,"54.0x07",True,"腹膜外切开引流术","手术"
nhsa_jbzd_54_0x08,"54.0x08",True,"腹膜后切开引流术","手术"
nhsa_jbzd_54_1100,"54.1100",True,"开腹探查术","手术"
nhsa_jbzd_54_1101,"54.1101",True,"腹腔镜中转剖腹探查术","手术"
nhsa_jbzd_54_1200,"54.1200",True,"近期开腹手术部位的再切开","手术"
nhsa_jbzd_54_1201,"54.1201",True,"再开腹探查术","手术"
nhsa_jbzd_54_1202,"54.1202",True,"近期开腹术后腹腔止血术","手术"
nhsa_jbzd_54_1900,"54.1900",True,"其他开腹手术","手术"
nhsa_jbzd_54_1900x001,"54.1900x001",True,"腹部血肿去除术","手术"
nhsa_jbzd_54_1900x005,"54.1900x005",True,"腹腔镜下腹腔积血清除术","手术"
nhsa_jbzd_54_1900x006,"54.1900x006",True,"腹腔镜下男性盆腔脓肿切开引流术","手术"
nhsa_jbzd_54_1900x010,"54.1900x010",True,"腹腔脓肿切开引流术","手术"
nhsa_jbzd_54_1900x011,"54.1900x011",True,"腹腔血肿清除术","手术"
nhsa_jbzd_54_1900x020,"54.1900x020",True,"男性盆腔脓肿切开引流术","手术"
nhsa_jbzd_54_1900x023,"54.1900x023",True,"男性盆腔血肿清除术","手术"
nhsa_jbzd_54_1900x024,"54.1900x024",True,"膈下脓肿切除术","手术"
nhsa_jbzd_54_1900x025,"54.1900x025",True,"骶前区切开引流术","手术"
nhsa_jbzd_54_1901,"54.1901",True,"腹膜后血肿清除术","手术"
nhsa_jbzd_54_1902,"54.1902",True,"腹膜血肿清除术","手术"
nhsa_jbzd_54_1903,"54.1903",True,"腹腔切开引流术","手术"
nhsa_jbzd_54_1904,"54.1904",True,"膈下脓肿切开引流术","手术"
nhsa_jbzd_54_1905,"54.1905",True,"男性盆腔切开引流术","手术"
nhsa_jbzd_54_1906,"54.1906",True,"网膜切开术","手术"
nhsa_jbzd_54_1907,"54.1907",True,"腹腔出血止血术","手术"
nhsa_jbzd_54_1908,"54.1908",True,"膈下血肿清除术","手术"
nhsa_jbzd_54_1909,"54.1909",True,"肠系膜血肿清除术","手术"
nhsa_jbzd_54_2100,"54.2100",True,"腹腔镜检查","手术"
nhsa_jbzd_54_2100x005,"54.2100x005",True,"经阴道腹腔镜检查","手术"
nhsa_jbzd_54_2200,"54.2200",True,"腹壁或脐的活组织检查","手术"
nhsa_jbzd_54_2200x003,"54.2200x003",True,"腹腔镜下腹壁活检术","手术"
nhsa_jbzd_54_2200x004,"54.2200x004",True,"腹壁穿刺活检","诊断性操作"
nhsa_jbzd_54_2201,"54.2201",True,"腹壁活组织检查","手术"
nhsa_jbzd_54_2202,"54.2202",True,"脐活组织检查","手术"
nhsa_jbzd_54_2300,"54.2300",True,"腹膜活组织检查","手术"
nhsa_jbzd_54_2300x003,"54.2300x003",True,"腹膜后活检术","手术"
nhsa_jbzd_54_2300x004,"54.2300x004",True,"腹腔镜下网膜活组织检查","手术"
nhsa_jbzd_54_2300x005,"54.2300x005",True,"腹腔镜下腹膜活组织检查","手术"
nhsa_jbzd_54_2300x006,"54.2300x006",True,"腹腔镜下肠系膜活组织检查","手术"
nhsa_jbzd_54_2301,"54.2301",True,"开放性腹膜活组织检查","手术"
nhsa_jbzd_54_2302,"54.2302",True,"开放性网膜活组织检查","手术"
nhsa_jbzd_54_2303,"54.2303",True,"开放性肠系膜活组织检查","手术"
nhsa_jbzd_54_2400,"54.2400",True,"闭合性[经皮][针吸]腹内肿块活组织检查","诊断性操作"
nhsa_jbzd_54_2400x001,"54.2400x001",True,"腹内病损穿刺活检","诊断性操作"
nhsa_jbzd_54_2400x002,"54.2400x002",True,"腹腔病损穿刺活检","诊断性操作"
nhsa_jbzd_54_2400x003,"54.2400x003",True,"髂部病损穿刺活检","诊断性操作"
nhsa_jbzd_54_2400x006,"54.2400x006",True,"盆腔病损穿刺活检","诊断性操作"
nhsa_jbzd_54_2401,"54.2401",True,"经皮腹腔肿物活组织检查","诊断性操作"
nhsa_jbzd_54_2403,"54.2403",True,"经皮腹膜活组织检查","诊断性操作"
nhsa_jbzd_54_2404,"54.2404",True,"经皮腹膜后活组织检查","诊断性操作"
nhsa_jbzd_54_2500,"54.2500",True,"腹膜灌洗","诊断性操作"
nhsa_jbzd_54_2500x001,"54.2500x001",True,"腹腔冲洗检查","诊断性操作"
nhsa_jbzd_54_2900,"54.2900",True,"腹部其他诊断性操作","诊断性操作"
nhsa_jbzd_54_3x00,"54.3x00",True,"腹壁或脐病损或组织的切除术或破坏术","手术"
nhsa_jbzd_54_3x00x004,"54.3x00x004",True,"腹壁窦道扩创术","手术"
nhsa_jbzd_54_3x00x010,"54.3x00x010",True,"腹壁伤口扩创术","手术"
nhsa_jbzd_54_3x00x011,"54.3x00x011",True,"腹壁伤口清创术","手术"
nhsa_jbzd_54_3x00x027,"54.3x00x027",True,"脐病损切除术","手术"
nhsa_jbzd_54_3x00x028,"54.3x00x028",True,"脐肠瘘切除术","手术"
nhsa_jbzd_54_3x01,"54.3x01",True,"腹壁病损切除术","手术"
nhsa_jbzd_54_3x02,"54.3x02",True,"腹腔镜下腹壁病损切除术","手术"
nhsa_jbzd_54_3x03,"54.3x03",True,"腹股沟病损切除术","手术"
nhsa_jbzd_54_3x04,"54.3x04",True,"脐切除术","手术"
nhsa_jbzd_54_3x05,"54.3x05",True,"盆腔壁病损切除术","手术"
nhsa_jbzd_54_3x06,"54.3x06",True,"腹壁清创术","手术"
nhsa_jbzd_54_3x07,"54.3x07",True,"腹壁脐尿管囊肿切除术","手术"
nhsa_jbzd_54_3x08,"54.3x08",True,"腹壁瘢痕切除术","手术"
nhsa_jbzd_54_4x00,"54.4x00",True,"腹膜组织的切除术或破坏术","手术"
nhsa_jbzd_54_4x00x005,"54.4x00x005",True,"大网膜病损切除术","手术"
nhsa_jbzd_54_4x00x006,"54.4x00x006",True,"大网膜部分切除术","手术"
nhsa_jbzd_54_4x00x007,"54.4x00x007",True,"大网膜切除术","手术"
nhsa_jbzd_54_4x00x012,"54.4x00x012",True,"骶尾部病损切除术","手术"
nhsa_jbzd_54_4x00x021,"54.4x00x021",True,"腹膜外病损切除术","手术"
nhsa_jbzd_54_4x00x035,"54.4x00x035",True,"盆腔病损切除术","手术"
nhsa_jbzd_54_4x00x039,"54.4x00x039",True,"盆腔病损冷冻治疗术","手术"
nhsa_jbzd_54_4x00x042,"54.4x00x042",True,"髂窝病损切除术","手术"
nhsa_jbzd_54_4x00x047,"54.4x00x047",True,"腰骶病损切除术","手术"
nhsa_jbzd_54_4x00x048,"54.4x00x048",True,"腹腔病损氩氦刀靶向冷冻治疗术","手术"
nhsa_jbzd_54_4x00x050,"54.4x00x050",True,"腹腔镜下直肠全系膜切除术[TME]","手术"
nhsa_jbzd_54_4x00x051,"54.4x00x051",True,"直肠全系膜切除术","手术"
nhsa_jbzd_54_4x00x052,"54.4x00x052",True,"腹腔镜下大网膜部分切除术","手术"
nhsa_jbzd_54_4x00x053,"54.4x00x053",True,"腹腔镜下经肛全直肠系膜切除术（L-TaTME）","手术"
nhsa_jbzd_54_4x00x054,"54.4x00x054",True,"经肛全直肠系膜切除术（TaTME）","手术"
nhsa_jbzd_54_4x01,"54.4x01",True,"腹膜病损切除术","手术"
nhsa_jbzd_54_4x02,"54.4x02",True,"腹膜后病损切除术","手术"
nhsa_jbzd_54_4x03,"54.4x03",True,"网膜部分切除术","手术"
nhsa_jbzd_54_4x04,"54.4x04",True,"网膜切除术","手术"
nhsa_jbzd_54_4x05,"54.4x05",True,"网膜病损切除术","手术"
nhsa_jbzd_54_4x06,"54.4x06",True,"肠系膜病损切除术","手术"
nhsa_jbzd_54_4x07,"54.4x07",True,"骶前病损切除术","手术"
nhsa_jbzd_54_4x08,"54.4x08",True,"盆腔腹膜切除术","手术"
nhsa_jbzd_54_4x09,"54.4x09",True,"经阴道腹膜后病损切除术","手术"
nhsa_jbzd_54_4x10,"54.4x10",True,"腹腔镜下盆腔腹膜病损切除术","手术"
nhsa_jbzd_54_4x11,"54.4x11",True,"腹腔镜下腹膜病损切除术","手术"
nhsa_jbzd_54_4x12,"54.4x12",True,"腹腔镜下网膜病损切除术","手术"
nhsa_jbzd_54_4x13,"54.4x13",True,"腹腔镜下肠系膜病损切除术","手术"
nhsa_jbzd_54_4x14,"54.4x14",True,"腹腔镜下网膜部分切除术","手术"
nhsa_jbzd_54_4x15,"54.4x15",True,"腹腔镜下腹膜后病损切除术","手术"
nhsa_jbzd_54_4x16,"54.4x16",True,"腹腔镜下网膜切除术","手术"
nhsa_jbzd_54_5100,"54.5100",True,"腹腔镜下腹膜粘连松解术","手术"
nhsa_jbzd_54_5100x005,"54.5100x005",True,"腹腔镜下腹腔粘连松解术","手术"
nhsa_jbzd_54_5100x009,"54.5100x009",True,"腹腔镜下盆腔粘连松解术","手术"
nhsa_jbzd_54_5101,"54.5101",True,"腹腔镜下肠粘连松解术","手术"
nhsa_jbzd_54_5102,"54.5102",True,"腹腔镜下网膜粘连松解术","手术"
nhsa_jbzd_54_5103,"54.5103",True,"腹腔镜下盆腔腹膜粘连松解术","手术"
nhsa_jbzd_54_5900,"54.5900",True,"腹膜粘连的其他松解术","手术"
nhsa_jbzd_54_5900x007,"54.5900x007",True,"盆腔腹膜粘连松解术","手术"
nhsa_jbzd_54_5901,"54.5901",True,"腹腔粘连松解术","手术"
nhsa_jbzd_54_5902,"54.5902",True,"腹膜粘连松解术","手术"
nhsa_jbzd_54_5903,"54.5903",True,"肠粘连松解术","手术"
nhsa_jbzd_54_5904,"54.5904",True,"盆腔粘连松解术","手术"
nhsa_jbzd_54_5905,"54.5905",True,"网膜粘连松解术","手术"
nhsa_jbzd_54_5906,"54.5906",True,"阑尾周围粘连松解术","手术"
nhsa_jbzd_54_6100,"54.6100",True,"腹壁手术后裂开再闭合术","手术"
nhsa_jbzd_54_6101,"54.6101",True,"腹壁切口裂开缝合术","手术"
nhsa_jbzd_54_6200,"54.6200",True,"肉芽性腹部伤口的延迟性闭合术","手术"
nhsa_jbzd_54_6300,"54.6300",True,"其他腹壁缝合术","手术"
nhsa_jbzd_54_6301,"54.6301",True,"腹壁裂伤缝合术","手术"
nhsa_jbzd_54_6400,"54.6400",True,"腹膜缝合术","手术"
nhsa_jbzd_54_6400x001,"54.6400x001",True,"腹腔镜下腹膜缝合术","手术"
nhsa_jbzd_54_6401,"54.6401",True,"网膜裂伤缝合术","手术"
nhsa_jbzd_54_7100,"54.7100",True,"腹裂（畸形）修补术","手术"
nhsa_jbzd_54_7200,"54.7200",True,"腹壁其他修补术","手术"
nhsa_jbzd_54_7200x001,"54.7200x001",True,"腹壁补片修补术","手术"
nhsa_jbzd_54_7200x002,"54.7200x002",True,"脐膨出修补术","手术"
nhsa_jbzd_54_7200x003,"54.7200x003",True,"脐膨出补片修补术","手术"
nhsa_jbzd_54_7200x004,"54.7200x004",True,"脐膨出腹壁牵引悬吊术","手术"
nhsa_jbzd_54_7300,"54.7300",True,"腹膜其他修补术","手术"
nhsa_jbzd_54_7300x001,"54.7300x001",True,"腹膜组织修补术","手术"
nhsa_jbzd_54_7301,"54.7301",True,"腹膜后组织修补术","手术"
nhsa_jbzd_54_7302,"54.7302",True,"胃结肠韧带缝合术","手术"
nhsa_jbzd_54_7400,"54.7400",True,"网膜其他修补术","手术"
nhsa_jbzd_54_7400x001,"54.7400x001",True,"大网膜包肝术","手术"
nhsa_jbzd_54_7400x002,"54.7400x002",True,"大网膜包肾术","手术"
nhsa_jbzd_54_7400x003,"54.7400x003",True,"大网膜还纳术","手术"
nhsa_jbzd_54_7400x004,"54.7400x004",True,"大网膜内移植术","手术"
nhsa_jbzd_54_7400x005,"54.7400x005",True,"大网膜修补术","手术"
nhsa_jbzd_54_7400x006,"54.7400x006",True,"生物大网膜移植术","手术"
nhsa_jbzd_54_7401,"54.7401",True,"网膜固定术","手术"
nhsa_jbzd_54_7402,"54.7402",True,"网膜缝合术","手术"
nhsa_jbzd_54_7403,"54.7403",True,"网膜移植术","手术"
nhsa_jbzd_54_7404,"54.7404",True,"网膜扭转复位术","手术"
nhsa_jbzd_54_7405,"54.7405",True,"异体大网膜移植术","手术"
nhsa_jbzd_54_7500,"54.7500",True,"肠系膜其他修补术","手术"
nhsa_jbzd_54_7500x002,"54.7500x002",True,"肠系膜修补术","手术"
nhsa_jbzd_54_7501,"54.7501",True,"肠系膜固定术","手术"
nhsa_jbzd_54_7502,"54.7502",True,"肠系膜折叠术","手术"
nhsa_jbzd_54_9100,"54.9100",True,"经皮腹部引流术","治疗性操作"
nhsa_jbzd_54_9100x002,"54.9100x002",True,"经腹盆腔穿刺引流术","治疗性操作"
nhsa_jbzd_54_9100x009,"54.9100x009",True,"超声引导下盆腔穿刺术","治疗性操作"
nhsa_jbzd_54_9101,"54.9101",True,"腹腔穿刺引流术","治疗性操作"
nhsa_jbzd_54_9102,"54.9102",True,"盆腔穿刺引流术","治疗性操作"
nhsa_jbzd_54_9103,"54.9103",True,"髂窝穿刺引流术","治疗性操作"
nhsa_jbzd_54_9104,"54.9104",True,"腹膜后穿刺引流术","治疗性操作"
nhsa_jbzd_54_9105,"54.9105",True,"腹腔穿刺术","治疗性操作"
nhsa_jbzd_54_9106,"54.9106",True,"盆腔穿刺术","治疗性操作"
nhsa_jbzd_54_9200,"54.9200",True,"腹腔异物去除","手术"
nhsa_jbzd_54_9201,"54.9201",True,"腹腔切开异物取出术","手术"
nhsa_jbzd_54_9202,"54.9202",True,"腹腔镜下腹腔异物取出术","手术"
nhsa_jbzd_54_9300,"54.9300",True,"皮肤腹膜造口术","手术"
nhsa_jbzd_54_9300x001,"54.9300x001",True,"腹壁造口术","手术"
nhsa_jbzd_54_9300x003,"54.9300x003",True,"腹膜透析导丝法置管术","手术"
nhsa_jbzd_54_9300x004,"54.9300x004",True,"腹膜透析腹腔法置管术","手术"
nhsa_jbzd_54_9300x005,"54.9300x005",True,"腹膜透析腹腔镜法置管术","手术"
nhsa_jbzd_54_9300x006,"54.9300x006",True,"腹膜透析手工法置管术","手术"
nhsa_jbzd_54_9300x007,"54.9300x007",True,"腹膜透析置管导丝法复位术","手术"
nhsa_jbzd_54_9300x008,"54.9300x008",True,"腹膜透析置管腹腔法复位术","手术"
nhsa_jbzd_54_9300x009,"54.9300x009",True,"腹膜透析置管腹腔镜法复位术","手术"
nhsa_jbzd_54_9300x010,"54.9300x010",True,"腹膜透析置管手工法复位术","手术"
nhsa_jbzd_54_9300x011,"54.9300x011",True,"腹膜透析管置入术","治疗性操作"
nhsa_jbzd_54_9300x012,"54.9300x012",True,"腹膜透析管调整","治疗性操作"
nhsa_jbzd_54_9400,"54.9400",True,"腹腔血管分流术","手术"
nhsa_jbzd_54_9400x002,"54.9400x002",True,"腹腔-静脉转流泵管置入术","手术"
nhsa_jbzd_54_9400x003,"54.9400x003",True,"腹腔-右心房分流术","手术"
nhsa_jbzd_54_9400x004,"54.9400x004",True,"腹腔-锁骨下静脉分流术","手术"
nhsa_jbzd_54_9401,"54.9401",True,"腹腔颈静脉分流术","手术"
nhsa_jbzd_54_9402,"54.9402",True,"腹腔静脉分流术","手术"
nhsa_jbzd_54_9500,"54.9500",True,"腹膜切开术","手术"
nhsa_jbzd_54_9500x004,"54.9500x004",True,"脑室-腹腔引流管腹腔端修正术","手术"
nhsa_jbzd_54_9500x005,"54.9500x005",True,"腹腔镜下拉德手术（Ladd's）","手术"
nhsa_jbzd_54_9501,"54.9501",True,"拉德手术","手术"
nhsa_jbzd_54_9502,"54.9502",True,"脑室-腹腔分流修复术","手术"
nhsa_jbzd_54_9600,"54.9600",True,"空气注入腹膜腔","治疗性操作"
nhsa_jbzd_54_9700,"54.9700",True,"腹膜腔注入局部作用的治疗性物质","治疗性操作"
nhsa_jbzd_54_9700x001,"54.9700x001",True,"腹水浓缩回输","治疗性操作"
nhsa_jbzd_54_9701,"54.9701",True,"腹腔内无水酒精注射","治疗性操作"
nhsa_jbzd_54_9702,"54.9702",True,"腹腔穿刺药物注射","治疗性操作"
nhsa_jbzd_54_9703,"54.9703",True,"腹腔镜下腹腔局部注射","治疗性操作"
nhsa_jbzd_54_9800,"54.9800",True,"腹膜透析","治疗性操作"
nhsa_jbzd_54_9800x005,"54.9800x005",True,"全自动腹膜透析仪腹膜透析","治疗性操作"
nhsa_jbzd_54_9800x006,"54.9800x006",True,"人工操作法腹膜透析","治疗性操作"
nhsa_jbzd_54_9800x007,"54.9800x007",True,"人工腹膜透析","治疗性操作"
nhsa_jbzd_54_9800x008,"54.9800x008",True,"自动化腹膜透析","治疗性操作"
nhsa_jbzd_54_9900,"54.9900",True,"腹部的其他手术","手术"
nhsa_jbzd_54_9900x010,"54.9900x010",True,"腹腔镜下盆腔病损切除术","手术"
nhsa_jbzd_54_9900x011,"54.9900x011",True,"腹腔镜下盆腔内膜病损电凝术","手术"
nhsa_jbzd_54_9900x017,"54.9900x017",True,"盆腔补片术","手术"
nhsa_jbzd_54_9901,"54.9901",True,"盆腔病损切除术（男性）","手术"
nhsa_jbzd_54_9902,"54.9902",True,"腹腔病损切除术","手术"
nhsa_jbzd_54_9903,"54.9903",True,"腹腔镜下盆腔病损切除术（男性）","手术"
nhsa_jbzd_54_9904,"54.9904",True,"腹腔镜下腹腔病损切除术","手术"
nhsa_jbzd_55_0100,"55.0100",True,"肾切开术","手术"
nhsa_jbzd_55_0100x010,"55.0100x010",True,"肾被膜下血肿清除术","手术"
nhsa_jbzd_55_0101,"55.0101",True,"肾探查术","手术"
nhsa_jbzd_55_0102,"55.0102",True,"肾切开取石术","手术"
nhsa_jbzd_55_0103,"55.0103",True,"肾切开异物取出术","手术"
nhsa_jbzd_55_0104,"55.0104",True,"肾切开引流术","手术"
nhsa_jbzd_55_0105,"55.0105",True,"肾囊肿去顶术","手术"
nhsa_jbzd_55_0106,"55.0106",True,"腹腔镜下肾囊肿去顶术","手术"
nhsa_jbzd_55_0107,"55.0107",True,"肾血肿清除术","手术"
nhsa_jbzd_55_0108,"55.0108",True,"移植肾探查术","手术"
nhsa_jbzd_55_0109,"55.0109",True,"腹腔镜下肾探查术","手术"
nhsa_jbzd_55_0110,"55.0110",True,"腹腔镜下肾切开引流术","手术"
nhsa_jbzd_55_0111,"55.0111",True,"腹腔镜下肾切开取石术","手术"
nhsa_jbzd_55_0200,"55.0200",True,"肾造口术","手术"
nhsa_jbzd_55_0201,"55.0201",True,"腹腔镜下肾造口术","手术"
nhsa_jbzd_55_0300,"55.0300",True,"经皮肾造口术不伴碎裂术","手术"
nhsa_jbzd_55_0300x002,"55.0300x002",True,"经皮肾镜取石术(II期)(再次住院)","手术"
nhsa_jbzd_55_0300x003,"55.0300x003",True,"经皮肾镜取石术(I期)","手术"
nhsa_jbzd_55_0300x005,"55.0300x005",True,"经皮肾造口术","手术"
nhsa_jbzd_55_0300x006,"55.0300x006",True,"经皮肾镜异物取出术","手术"
nhsa_jbzd_55_0300x007,"55.0300x007",True,"经皮肾镜取石术(II期)(同次住院)","手术"
nhsa_jbzd_55_0300x008,"55.0300x008",True,"经皮肾镜肾盏扩张术","手术"
nhsa_jbzd_55_0301,"55.0301",True,"经皮肾盂造口取石术","手术"
nhsa_jbzd_55_0302,"55.0302",True,"经皮肾镜取石术","手术"
nhsa_jbzd_55_0400,"55.0400",True,"经皮肾造口术伴碎裂术","手术"
nhsa_jbzd_55_0400x005,"55.0400x005",True,"经皮肾镜超声碎石取石术(II期)(再次住院)","手术"
nhsa_jbzd_55_0400x006,"55.0400x006",True,"经皮肾镜激光碎石取石术(II期)(再次住院)","手术"
nhsa_jbzd_55_0400x007,"55.0400x007",True,"经皮肾镜气压弹道碎石取石术(II期)(再次住院)","手术"
nhsa_jbzd_55_0400x008,"55.0400x008",True,"经皮肾镜超声碎石取石术(II期)(同次住院)","手术"
nhsa_jbzd_55_0400x009,"55.0400x009",True,"经皮肾镜激光碎石取石术(II期)(同次住院)","手术"
nhsa_jbzd_55_0400x010,"55.0400x010",True,"经皮肾镜气压弹道碎石取石术(II期)(同次住院)","手术"
nhsa_jbzd_55_0401,"55.0401",True,"经皮肾镜气压弹道碎石术","手术"
nhsa_jbzd_55_0402,"55.0402",True,"经皮肾镜碎石术（PCNL）","手术"
nhsa_jbzd_55_0403,"55.0403",True,"经皮肾镜超声碎石术","手术"
nhsa_jbzd_55_0404,"55.0404",True,"经皮肾镜激光碎石术","手术"
nhsa_jbzd_55_0405,"55.0405",True,"经肾造口碎石术","手术"
nhsa_jbzd_55_1100,"55.1100",True,"肾盂切开术","手术"
nhsa_jbzd_55_1100x001,"55.1100x001",True,"肾盂切开探查术","手术"
nhsa_jbzd_55_1100x002,"55.1100x002",True,"输尿管镜下肾盂旁囊肿切开引流术","手术"
nhsa_jbzd_55_1101,"55.1101",True,"肾盂切开取石术","手术"
nhsa_jbzd_55_1102,"55.1102",True,"肾盂切开引流术","手术"
nhsa_jbzd_55_1103,"55.1103",True,"肾盂造口结石切除术","手术"
nhsa_jbzd_55_1104,"55.1104",True,"肾窦切开取石术","手术"
nhsa_jbzd_55_1105,"55.1105",True,"肾盏切开取石术","手术"
nhsa_jbzd_55_1106,"55.1106",True,"肾盏切开探查术","手术"
nhsa_jbzd_55_1107,"55.1107",True,"肾盂囊肿开窗术","手术"
nhsa_jbzd_55_1108,"55.1108",True,"腹腔镜下肾盂旁囊肿去顶术","手术"
nhsa_jbzd_55_1109,"55.1109",True,"腹腔镜下肾盂切开取石术","手术"
nhsa_jbzd_55_1200,"55.1200",True,"肾盂造口术","手术"
nhsa_jbzd_55_1200x001,"55.1200x001",True,"肾盂内T管引流术","手术"
nhsa_jbzd_55_2100,"55.2100",True,"肾内镜检查","诊断性操作"
nhsa_jbzd_55_2101,"55.2101",True,"经皮肾镜检查术","诊断性操作"
nhsa_jbzd_55_2200,"55.2200",True,"肾盂对比X线透视检查","诊断性操作"
nhsa_jbzd_55_2200x001,"55.2200x001",True,"肾盂镜检查","诊断性操作"
nhsa_jbzd_55_2300,"55.2300",True,"闭合性[经皮][针吸]肾活组织检查","诊断性操作"
nhsa_jbzd_55_2300x001,"55.2300x001",True,"超声引导下肾穿刺活检","诊断性操作"
nhsa_jbzd_55_2300x003,"55.2300x003",True,"经尿道输尿管镜肾活检","诊断性操作"
nhsa_jbzd_55_2301,"55.2301",True,"肾穿刺活组织检查","诊断性操作"
nhsa_jbzd_55_2302,"55.2302",True,"内镜下肾盂活组织检查","诊断性操作"
nhsa_jbzd_55_2400,"55.2400",True,"开放性肾活组织检查","手术"
nhsa_jbzd_55_2900,"55.2900",True,"肾其他诊断性操作","诊断性操作"
nhsa_jbzd_55_3100,"55.3100",True,"肾病损袋形缝合术[造袋术]","手术"
nhsa_jbzd_55_3200,"55.3200",True,"肾病损或组织的开放性消融术","手术"
nhsa_jbzd_55_3200x001,"55.3200x001",True,"肾病损射频消融术","手术"
nhsa_jbzd_55_3300,"55.3300",True,"肾病损或组织的经皮消融术","治疗性操作"
nhsa_jbzd_55_3301,"55.3301",True,"超声引导下肾病损射频消融术","治疗性操作"
nhsa_jbzd_55_3302,"55.3302",True,"经皮肾镜肾病损消融术","治疗性操作"
nhsa_jbzd_55_3400,"55.3400",True,"肾病损或组织的腹腔镜下消融术","手术"
nhsa_jbzd_55_3400x001,"55.3400x001",True,"腹腔镜下肾病损射频消融术","手术"
nhsa_jbzd_55_3500,"55.3500",True,"肾病损或组织的其他和未特指消融术","手术"
nhsa_jbzd_55_3501,"55.3501",True,"输尿管镜下肾病损消融术","手术"
nhsa_jbzd_55_3900,"55.3900",True,"肾病损或组织的其他局部破坏术或切除术","手术"
nhsa_jbzd_55_3900x001,"55.3900x001",True,"副肾切除术","手术"
nhsa_jbzd_55_3900x003,"55.3900x003",True,"肾病损切除术","手术"
nhsa_jbzd_55_3900x004,"55.3900x004",True,"腹腔镜下肾病损切除术","手术"
nhsa_jbzd_55_3901,"55.3901",True,"经皮肾病损冷冻治疗术","治疗性操作"
nhsa_jbzd_55_3902,"55.3902",True,"经尿道输尿管镜肾病损激光切除术","手术"
nhsa_jbzd_55_3903,"55.3903",True,"经皮肾镜肾盂病损电切术","手术"
nhsa_jbzd_55_4x00,"55.4x00",True,"部分肾切除术","手术"
nhsa_jbzd_55_4x01,"55.4x01",True,"肾楔形切除术","手术"
nhsa_jbzd_55_4x02,"55.4x02",True,"肾盂部分切除术","手术"
nhsa_jbzd_55_4x03,"55.4x03",True,"腹腔镜下肾部分切除术","手术"
nhsa_jbzd_55_4x04,"55.4x04",True,"肾盂切除术","手术"
nhsa_jbzd_55_4x05,"55.4x05",True,"肾盏切除术","手术"
nhsa_jbzd_55_4x06,"55.4x06",True,"肾部分切除伴部分肾上腺切除术","手术"
nhsa_jbzd_55_5100,"55.5100",True,"肾输尿管切除术","手术"
nhsa_jbzd_55_5101,"55.5101",True,"单侧肾切除术","手术"
nhsa_jbzd_55_5102,"55.5102",True,"供肾取肾术","手术"
nhsa_jbzd_55_5103,"55.5103",True,"腹腔镜下单侧肾切除术","手术"
nhsa_jbzd_55_5104,"55.5104",True,"腹腔镜下单侧肾输尿管切除术","手术"
nhsa_jbzd_55_5105,"55.5105",True,"腹腔镜供肾取肾术","手术"
nhsa_jbzd_55_5106,"55.5106",True,"腹腔镜膀胱镜下肾输尿管切除术","手术"
nhsa_jbzd_55_5200,"55.5200",True,"残留肾切除术","手术"
nhsa_jbzd_55_5201,"55.5201",True,"孤立肾切除术","手术"
nhsa_jbzd_55_5300,"55.5300",True,"移植或排斥肾的切除","手术"
nhsa_jbzd_55_5300x001,"55.5300x001",True,"移植肾切除术","手术"
nhsa_jbzd_55_5400,"55.5400",True,"双侧肾切除术","手术"
nhsa_jbzd_55_5401,"55.5401",True,"腹腔镜下双侧肾切除术","手术"
nhsa_jbzd_55_6100,"55.6100",True,"肾自体移植术","手术"
nhsa_jbzd_55_6900,"55.6900",True,"其他肾移植术","手术"
nhsa_jbzd_55_6901,"55.6901",True,"肾异体移植术","手术"
nhsa_jbzd_55_7x00,"55.7x00",True,"肾固定术","手术"
nhsa_jbzd_55_7x01,"55.7x01",True,"腹腔镜下肾固定术","手术"
nhsa_jbzd_55_8100,"55.8100",True,"肾裂伤缝合术","手术"
nhsa_jbzd_55_8101,"55.8101",True,"肾裂伤修补术","手术"
nhsa_jbzd_55_8102,"55.8102",True,"移植肾破裂修补术","手术"
nhsa_jbzd_55_8200,"55.8200",True,"肾造口术和肾盂造口闭合术","手术"
nhsa_jbzd_55_8201,"55.8201",True,"肾盂造口闭合术","手术"
nhsa_jbzd_55_8202,"55.8202",True,"肾造口闭合术","手术"
nhsa_jbzd_55_8300,"55.8300",True,"其他肾瘘管闭合术","手术"
nhsa_jbzd_55_8301,"55.8301",True,"肾瘘修补术","手术"
nhsa_jbzd_55_8400,"55.8400",True,"肾带蒂扭转的复位术","手术"
nhsa_jbzd_55_8500,"55.8500",True,"马蹄形肾联合部切开术","手术"
nhsa_jbzd_55_8501,"55.8501",True,"腹腔镜马蹄肾峡部分离术","手术"
nhsa_jbzd_55_8600,"55.8600",True,"肾吻合术","手术"
nhsa_jbzd_55_8600x006,"55.8600x006",True,"腹腔镜下肾盏-输尿管吻合术","手术"
nhsa_jbzd_55_8601,"55.8601",True,"移植肾输尿管膀胱吻合术","手术"
nhsa_jbzd_55_8602,"55.8602",True,"肾盂输尿管吻合术","手术"
nhsa_jbzd_55_8603,"55.8603",True,"肾盏输尿管吻合术","手术"
nhsa_jbzd_55_8604,"55.8604",True,"移植肾肾盂输尿管吻合术","手术"
nhsa_jbzd_55_8605,"55.8605",True,"肾盂输尿管膀胱吻合术","手术"
nhsa_jbzd_55_8606,"55.8606",True,"腹腔镜下肾盂输尿管吻合术","手术"
nhsa_jbzd_55_8700,"55.8700",True,"输尿管肾盂接合处矫正术","手术"
nhsa_jbzd_55_8701,"55.8701",True,"肾盂成形术","手术"
nhsa_jbzd_55_8702,"55.8702",True,"肾盂输尿管成形术","手术"
nhsa_jbzd_55_8703,"55.8703",True,"腹腔镜下肾盂输尿管成形术","手术"
nhsa_jbzd_55_8704,"55.8704",True,"腹腔镜下肾盂成形术","手术"
nhsa_jbzd_55_8900,"55.8900",True,"肾的其他修补术","手术"
nhsa_jbzd_55_8900x002,"55.8900x002",True,"供体肾修整术","手术"
nhsa_jbzd_55_8900x003,"55.8900x003",True,"腹腔镜下融合肾离断术","手术"
nhsa_jbzd_55_8900x004,"55.8900x004",True,"融合肾离断术","手术"
nhsa_jbzd_55_8901,"55.8901",True,"肾修补术","手术"
nhsa_jbzd_55_8902,"55.8902",True,"移植肾修补术","手术"
nhsa_jbzd_55_8903,"55.8903",True,"肾成形术","手术"
nhsa_jbzd_55_9100,"55.9100",True,"肾包膜剥脱术","手术"
nhsa_jbzd_55_9100x003,"55.9100x003",True,"肾囊肿切除术","手术"
nhsa_jbzd_55_9100x004,"55.9100x004",True,"肾盂囊肿切除术","手术"
nhsa_jbzd_55_9100x005,"55.9100x005",True,"肾盂旁囊肿切除术","手术"
nhsa_jbzd_55_9200,"55.9200",True,"经皮肾(肾盂)抽吸术","治疗性操作"
nhsa_jbzd_55_9200x002,"55.9200x002",True,"经皮肾脓肿抽吸术","治疗性操作"
nhsa_jbzd_55_9200x006,"55.9200x006",True,"经皮移植肾囊肿抽吸术","治疗性操作"
nhsa_jbzd_55_9200x007,"55.9200x007",True,"经皮肾血肿抽吸术","治疗性操作"
nhsa_jbzd_55_9201,"55.9201",True,"肾穿刺引流术","治疗性操作"
nhsa_jbzd_55_9202,"55.9202",True,"肾包膜下积液穿刺引流术","治疗性操作"
nhsa_jbzd_55_9203,"55.9203",True,"肾穿刺术","治疗性操作"
nhsa_jbzd_55_9204,"55.9204",True,"移植肾穿刺术","治疗性操作"
nhsa_jbzd_55_9205,"55.9205",True,"经皮肾周脓肿抽吸术","治疗性操作"
nhsa_jbzd_55_9206,"55.9206",True,"经皮肾囊肿抽吸术","治疗性操作"
nhsa_jbzd_55_9300,"55.9300",True,"肾造口导管置换","治疗性操作"
nhsa_jbzd_55_9400,"55.9400",True,"肾盂造口导管置换","治疗性操作"
nhsa_jbzd_55_9500,"55.9500",True,"肾局部灌注","治疗性操作"
nhsa_jbzd_55_9600,"55.9600",True,"其他治疗性物质注入肾","治疗性操作"
nhsa_jbzd_55_9601,"55.9601",True,"肾囊肿硬化剂注射术","治疗性操作"
nhsa_jbzd_55_9700,"55.9700",True,"机械肾植入或置换","手术"
nhsa_jbzd_55_9701,"55.9701",True,"机械肾植入术","手术"
nhsa_jbzd_55_9702,"55.9702",True,"机械肾置换术","手术"
nhsa_jbzd_55_9800,"55.9800",True,"机械肾去除","手术"
nhsa_jbzd_55_9900,"55.9900",True,"肾的其他手术","手术"
nhsa_jbzd_55_9900x001,"55.9900x001",True,"肾旷置术","手术"
nhsa_jbzd_55_9901,"55.9901",True,"肾折叠术","手术"
nhsa_jbzd_55_9902,"55.9902",True,"肾蒂淋巴管离断术","手术"
nhsa_jbzd_55_9903,"55.9903",True,"腹腔镜下肾折叠术","手术"
nhsa_jbzd_56_0x00,"56.0x00",True,"经尿道输尿管和肾盂梗阻去除","手术"
nhsa_jbzd_56_0x00x001,"56.0x00x001",True,"经尿道输尿管镜输尿管异物取出术","手术"
nhsa_jbzd_56_0x00x002,"56.0x00x002",True,"经尿道输尿管镜肾盂异物取出术","手术"
nhsa_jbzd_56_0x00x003,"56.0x00x003",True,"经尿道输尿管镜输尿管取石术","手术"
nhsa_jbzd_56_0x00x004,"56.0x00x004",True,"经尿道输尿管镜肾盂取石术","手术"
nhsa_jbzd_56_0x00x005,"56.0x00x005",True,"经尿道输尿管镜输尿管激光碎石术","手术"
nhsa_jbzd_56_0x00x006,"56.0x00x006",True,"经尿道输尿管镜肾盂激光碎石术","手术"
nhsa_jbzd_56_0x00x007,"56.0x00x007",True,"经尿道输尿管镜输尿管气压弹道碎石术","手术"
nhsa_jbzd_56_0x00x008,"56.0x00x008",True,"经尿道输尿管镜肾盂气压弹道碎石术","手术"
nhsa_jbzd_56_0x00x009,"56.0x00x009",True,"经尿道输尿管镜输尿管超声碎石术","手术"
nhsa_jbzd_56_0x00x010,"56.0x00x010",True,"经尿道输尿管镜肾盂超声碎石术","手术"
nhsa_jbzd_56_0x00x011,"56.0x00x011",True,"经尿道输尿管镜输尿管激光碎石取石术","手术"
nhsa_jbzd_56_0x00x012,"56.0x00x012",True,"经尿道输尿管镜肾盂激光碎石取石术","手术"
nhsa_jbzd_56_0x00x013,"56.0x00x013",True,"经尿道输尿管镜输尿管气压弹道碎石取石术","手术"
nhsa_jbzd_56_0x00x014,"56.0x00x014",True,"经尿道输尿管镜肾盂气压弹道碎石取石术","手术"
nhsa_jbzd_56_0x00x015,"56.0x00x015",True,"经尿道输尿管镜输尿管超声碎石取石术","手术"
nhsa_jbzd_56_0x00x016,"56.0x00x016",True,"经尿道输尿管镜肾盂超声碎石取石术","手术"
nhsa_jbzd_56_0x01,"56.0x01",True,"经尿道输尿管/肾盂异物取出术","手术"
nhsa_jbzd_56_0x02,"56.0x02",True,"经尿道输尿管/肾盂取石术","手术"
nhsa_jbzd_56_0x03,"56.0x03",True,"经尿道输尿管/肾盂激光碎石术","手术"
nhsa_jbzd_56_0x04,"56.0x04",True,"经尿道输尿管/肾盂气压弹道碎石术","手术"
nhsa_jbzd_56_0x05,"56.0x05",True,"经尿道输尿管/肾盂超声碎石术","手术"
nhsa_jbzd_56_0x06,"56.0x06",True,"经尿道输尿管/肾盂激光碎石取石术","手术"
nhsa_jbzd_56_0x07,"56.0x07",True,"经尿道输尿管/肾盂气压弹道碎石取石术","手术"
nhsa_jbzd_56_0x08,"56.0x08",True,"经尿道输尿管/肾盂超声碎石取石术","手术"
nhsa_jbzd_56_1x00,"56.1x00",True,"输尿管尿道口切开术","手术"
nhsa_jbzd_56_1x00x001,"56.1x00x001",True,"输尿管口切开术","手术"
nhsa_jbzd_56_1x01,"56.1x01",True,"膀胱镜下输尿管口切开术","手术"
nhsa_jbzd_56_2x00,"56.2x00",True,"输尿管切开术","手术"
nhsa_jbzd_56_2x00x002,"56.2x00x002",True,"经皮肾镜输尿管内切开术","手术"
nhsa_jbzd_56_2x00x007,"56.2x00x007",True,"输尿管切开探查术","手术"
nhsa_jbzd_56_2x01,"56.2x01",True,"输尿管切开取石术","手术"
nhsa_jbzd_56_2x02,"56.2x02",True,"输尿管切开异物取出术","手术"
nhsa_jbzd_56_2x03,"56.2x03",True,"输尿管切开引流术","手术"
nhsa_jbzd_56_2x04,"56.2x04",True,"腹腔镜下输尿管切开取石术","手术"
nhsa_jbzd_56_2x05,"56.2x05",True,"输尿管镜下输尿管切开术","手术"
nhsa_jbzd_56_3100,"56.3100",True,"输尿管镜检查","诊断性操作"
nhsa_jbzd_56_3200,"56.3200",True,"闭合性经皮输尿管活组织检查","诊断性操作"
nhsa_jbzd_56_3300,"56.3300",True,"闭合性内镜下输尿管活组织检查","诊断性操作"
nhsa_jbzd_56_3300x001,"56.3300x001",True,"经尿道输尿管镜输尿管活检","诊断性操作"
nhsa_jbzd_56_3300x003,"56.3300x003",True,"经皮肾镜输尿管活检术","手术"
nhsa_jbzd_56_3400,"56.3400",True,"开放性输尿管活组织检查","手术"
nhsa_jbzd_56_3500,"56.3500",True,"回肠通道内镜检查(膀胱镜检查)(回肠镜检查)","诊断性操作"
nhsa_jbzd_56_3500x001,"56.3500x001",True,"回肠代输出道内镜检查","诊断性操作"
nhsa_jbzd_56_3501,"56.3501",True,"回肠通道膀胱镜检查","诊断性操作"
nhsa_jbzd_56_3502,"56.3502",True,"回肠通道回肠镜检查","诊断性操作"
nhsa_jbzd_56_3900,"56.3900",True,"输尿管其他诊断性操作","诊断性操作"
nhsa_jbzd_56_4000,"56.4000",True,"输尿管切除术","手术"
nhsa_jbzd_56_4100,"56.4100",True,"部分输尿管切除术","手术"
nhsa_jbzd_56_4100x008,"56.4100x008",True,"膀胱镜下输尿管病损切除术","手术"
nhsa_jbzd_56_4100x009,"56.4100x009",True,"腹腔镜下输尿管囊肿造口术","手术"
nhsa_jbzd_56_4100x011,"56.4100x011",True,"腹腔镜下输尿管残端切除术","手术"
nhsa_jbzd_56_4100x012,"56.4100x012",True,"经尿道输尿管病损激光切除术","手术"
nhsa_jbzd_56_4101,"56.4101",True,"输尿管病损切除术","手术"
nhsa_jbzd_56_4102,"56.4102",True,"副输尿管切除术","手术"
nhsa_jbzd_56_4103,"56.4103",True,"输尿管口囊肿切除术","手术"
nhsa_jbzd_56_4104,"56.4104",True,"输尿管缩短伴再植术","手术"
nhsa_jbzd_56_4105,"56.4105",True,"腹腔镜下输尿管部分切除术","手术"
nhsa_jbzd_56_4106,"56.4106",True,"内镜下输尿管病损切除术","手术"
nhsa_jbzd_56_4107,"56.4107",True,"内镜下输尿管部分切除术","手术"
nhsa_jbzd_56_4200,"56.4200",True,"输尿管全部切除术","手术"
nhsa_jbzd_56_4201,"56.4201",True,"腹腔镜下输尿管切除术","手术"
nhsa_jbzd_56_5100,"56.5100",True,"建造皮肤的输尿管-回肠造口术","手术"
nhsa_jbzd_56_5101,"56.5101",True,"乙状结肠膀胱腹壁造口术","手术"
nhsa_jbzd_56_5102,"56.5102",True,"回肠输尿管皮肤造口术","手术"
nhsa_jbzd_56_5200,"56.5200",True,"皮肤的输尿管-回肠吻合的修复术","手术"
nhsa_jbzd_56_5200x001,"56.5200x001",True,"输尿管-回肠皮肤造口修正术","手术"
nhsa_jbzd_56_6100,"56.6100",True,"其他皮肤输尿管吻合口的建造","手术"
nhsa_jbzd_56_6100x001,"56.6100x001",True,"输尿管-皮肤造口术","手术"
nhsa_jbzd_56_6100x003,"56.6100x003",True,"输尿管造口术","手术"
nhsa_jbzd_56_6100x004,"56.6100x004",True,"腹腔镜下输尿管-皮肤造口术","手术"
nhsa_jbzd_56_6200,"56.6200",True,"其他皮肤输尿管吻合的修复术","手术"
nhsa_jbzd_56_6201,"56.6201",True,"输尿管-腹壁造口修复术","手术"
nhsa_jbzd_56_7100,"56.7100",True,"尿路转流术至肠","手术"
nhsa_jbzd_56_7100x002,"56.7100x002",True,"输尿管-乙状结肠吻合术","手术"
nhsa_jbzd_56_7100x004,"56.7100x004",True,"腹腔镜下输尿管-乙状结肠吻合术","手术"
nhsa_jbzd_56_7101,"56.7101",True,"输尿管-回肠吻合术","手术"
nhsa_jbzd_56_7102,"56.7102",True,"输尿管-结肠吻合术","手术"
nhsa_jbzd_56_7103,"56.7103",True,"输尿管-直肠吻合术","手术"
nhsa_jbzd_56_7104,"56.7104",True,"输尿管-阑尾吻合术","手术"
nhsa_jbzd_56_7105,"56.7105",True,"输尿管-空肠吻合术","手术"
nhsa_jbzd_56_7200,"56.7200",True,"输尿管肠吻合术的修复术","手术"
nhsa_jbzd_56_7300,"56.7300",True,"肾膀胱吻合术","手术"
nhsa_jbzd_56_7400,"56.7400",True,"输尿管膀胱吻合术","手术"
nhsa_jbzd_56_7401,"56.7401",True,"用膀胱补片的输尿管置换术","手术"
nhsa_jbzd_56_7402,"56.7402",True,"腹腔镜下输尿管膀胱吻合术","手术"
nhsa_jbzd_56_7500,"56.7500",True,"经输尿管输尿管吻合术","手术"
nhsa_jbzd_56_7501,"56.7501",True,"左右输尿管吻合术","手术"
nhsa_jbzd_56_7900,"56.7900",True,"输尿管其他吻合术或搭桥","手术"
nhsa_jbzd_56_8100,"56.8100",True,"输尿管管腔内粘连松解术","手术"
nhsa_jbzd_56_8200,"56.8200",True,"输尿管裂伤缝合术","手术"
nhsa_jbzd_56_8200x002,"56.8200x002",True,"腹腔镜下输尿管损伤修复术","手术"
nhsa_jbzd_56_8201,"56.8201",True,"输尿管裂伤修补术","手术"
nhsa_jbzd_56_8300,"56.8300",True,"输尿管造口闭合术","手术"
nhsa_jbzd_56_8400,"56.8400",True,"输尿管其他瘘管闭合术","手术"
nhsa_jbzd_56_8400x001,"56.8400x001",True,"输尿管瘘修补术","手术"
nhsa_jbzd_56_8401,"56.8401",True,"输尿管阴道瘘修补术","手术"
nhsa_jbzd_56_8500,"56.8500",True,"输尿管固定术","手术"
nhsa_jbzd_56_8600,"56.8600",True,"输尿管结扎去除术","手术"
nhsa_jbzd_56_8900,"56.8900",True,"输尿管其他修补术","手术"
nhsa_jbzd_56_8900x001,"56.8900x001",True,"肠管代输尿管术","手术"
nhsa_jbzd_56_8900x006,"56.8900x006",True,"腹腔镜下肠管代输尿管术","手术"
nhsa_jbzd_56_8901,"56.8901",True,"输尿管成形术","手术"
nhsa_jbzd_56_8902,"56.8902",True,"输尿管移植术","手术"
nhsa_jbzd_56_8903,"56.8903",True,"输尿管延长术","手术"
nhsa_jbzd_56_8904,"56.8904",True,"输尿管复位术","手术"
nhsa_jbzd_56_8905,"56.8905",True,"空肠代输尿管术","手术"
nhsa_jbzd_56_8906,"56.8906",True,"回肠代输尿管术","手术"
nhsa_jbzd_56_8907,"56.8907",True,"膀胱瓣代输尿管术","手术"
nhsa_jbzd_56_8908,"56.8908",True,"腹腔镜下输尿管成形术","手术"
nhsa_jbzd_56_8909,"56.8909",True,"腹腔镜下膀胱瓣代输尿管术","手术"
nhsa_jbzd_56_9100,"56.9100",True,"输尿管口扩张","手术"
nhsa_jbzd_56_9101,"56.9101",True,"膀胱镜下输尿管口扩张术","手术"
nhsa_jbzd_56_9200,"56.9200",True,"电子输尿管刺激器置入","治疗性操作"
nhsa_jbzd_56_9300,"56.9300",True,"电子输尿管刺激器置换","治疗性操作"
nhsa_jbzd_56_9400,"56.9400",True,"电子输尿管刺激器去除","治疗性操作"
nhsa_jbzd_56_9500,"56.9500",True,"输尿管结扎术","手术"
nhsa_jbzd_56_9500x001,"56.9500x001",True,"腹腔镜下输尿管结扎术","手术"
nhsa_jbzd_56_9900,"56.9900",True,"输尿管其他手术","手术"
nhsa_jbzd_57_0x00,"57.0x00",True,"经尿道膀胱清除术","手术"
nhsa_jbzd_57_0x00x002,"57.0x00x002",True,"经尿道膀胱镜膀胱碎石钳碎石术","手术"
nhsa_jbzd_57_0x00x003,"57.0x00x003",True,"经尿道膀胱镜膀胱异物取出术","手术"
nhsa_jbzd_57_0x00x005,"57.0x00x005",True,"经尿道膀胱镜膀胱取石术","手术"
nhsa_jbzd_57_0x00x006,"57.0x00x006",True,"经尿道膀胱镜膀胱血块清除术","手术"
nhsa_jbzd_57_0x00x007,"57.0x00x007",True,"经尿道膀胱镜膀胱激光碎石术","手术"
nhsa_jbzd_57_0x00x008,"57.0x00x008",True,"经尿道膀胱镜膀胱超声碎石取石术","手术"
nhsa_jbzd_57_0x00x009,"57.0x00x009",True,"经尿道膀胱镜膀胱气压弹道碎石取石术","手术"
nhsa_jbzd_57_0x00x010,"57.0x00x010",True,"经尿道膀胱镜膀胱超声碎石术","手术"
nhsa_jbzd_57_0x00x011,"57.0x00x011",True,"经尿道膀胱镜膀胱气压弹道碎石术","手术"
nhsa_jbzd_57_0x00x012,"57.0x00x012",True,"经尿道膀胱镜膀胱激光碎石取石术","手术"
nhsa_jbzd_57_0x00x013,"57.0x00x013",True,"经尿道膀胱镜膀胱碎石钳碎石取石术","手术"
nhsa_jbzd_57_0x01,"57.0x01",True,"经尿道膀胱引流术","手术"
nhsa_jbzd_57_0x02,"57.0x02",True,"经尿道膀胱异物取出术","手术"
nhsa_jbzd_57_0x03,"57.0x03",True,"经尿道膀胱取石术","手术"
nhsa_jbzd_57_0x04,"57.0x04",True,"经尿道膀胱血块清除术","手术"
nhsa_jbzd_57_0x05,"57.0x05",True,"经尿道膀胱超声碎石术","手术"
nhsa_jbzd_57_0x06,"57.0x06",True,"经尿道膀胱激光碎石术","手术"
nhsa_jbzd_57_0x07,"57.0x07",True,"经尿道膀胱气压弹道碎石术","手术"
nhsa_jbzd_57_0x08,"57.0x08",True,"经尿道膀胱碎石钳碎石取石术","手术"
nhsa_jbzd_57_1100,"57.1100",True,"经皮膀胱抽吸术","治疗性操作"
nhsa_jbzd_57_1101,"57.1101",True,"膀胱穿刺术","治疗性操作"
nhsa_jbzd_57_1200,"57.1200",True,"膀胱切开的膀胱腔内粘连松解术","手术"
nhsa_jbzd_57_1700,"57.1700",True,"经皮膀胱造口术","手术"
nhsa_jbzd_57_1700x001,"57.1700x001",True,"超声引导下耻骨上膀胱造口导尿管插入术","治疗性操作"
nhsa_jbzd_57_1700x002,"57.1700x002",True,"经皮膀胱造口钬激光碎石取石术","手术"
nhsa_jbzd_57_1701,"57.1701",True,"经皮耻骨上膀胱造口导尿管插入术","治疗性操作"
nhsa_jbzd_57_1800,"57.1800",True,"其他耻骨上膀胱造口术","手术"
nhsa_jbzd_57_1800x001,"57.1800x001",True,"耻骨上膀胱造口导尿管插入术","治疗性操作"
nhsa_jbzd_57_1900,"57.1900",True,"其他膀胱切开术","手术"
nhsa_jbzd_57_1901,"57.1901",True,"膀胱探查术","手术"
nhsa_jbzd_57_1902,"57.1902",True,"膀胱切开取石术","手术"
nhsa_jbzd_57_1903,"57.1903",True,"膀胱切开异物取出术","手术"
nhsa_jbzd_57_1904,"57.1904",True,"膀胱切开引流术","手术"
nhsa_jbzd_57_1905,"57.1905",True,"膀胱切开血块清除术","手术"
nhsa_jbzd_57_2100,"57.2100",True,"膀胱造口术","手术"
nhsa_jbzd_57_2200,"57.2200",True,"膀胱造口修复术","手术"
nhsa_jbzd_57_3100,"57.3100",True,"膀胱镜检查经人工造口","诊断性操作"
nhsa_jbzd_57_3200,"57.3200",True,"其他膀胱镜检查","诊断性操作"
nhsa_jbzd_57_3200x001,"57.3200x001",True,"膀胱镜检查","诊断性操作"
nhsa_jbzd_57_3300,"57.3300",True,"闭合性[经尿道]膀胱活组织检查","诊断性操作"
nhsa_jbzd_57_3400,"57.3400",True,"开放性膀胱活组织检查","手术"
nhsa_jbzd_57_3400x002,"57.3400x002",True,"直视下膀胱活检术","手术"
nhsa_jbzd_57_3900,"57.3900",True,"膀胱其他诊断性操作","诊断性操作"
nhsa_jbzd_57_4100,"57.4100",True,"经尿道管腔内粘连松解术","手术"
nhsa_jbzd_57_4100x002,"57.4100x002",True,"经尿道膀胱腔内粘连松解术","手术"
nhsa_jbzd_57_4900,"57.4900",True,"其他经尿道的膀胱病损或组织切除术或破坏术","手术"
nhsa_jbzd_57_4900x001,"57.4900x001",True,"经尿道膀胱病损电切术","手术"
nhsa_jbzd_57_4901,"57.4901",True,"经尿道膀胱病损切除术","手术"
nhsa_jbzd_57_4902,"57.4902",True,"经尿道膀胱颈电切术","手术"
nhsa_jbzd_57_4903,"57.4903",True,"经尿道膀胱病损激光烧灼术","手术"
nhsa_jbzd_57_4904,"57.4904",True,"经尿道膀胱部分切除术","手术"
nhsa_jbzd_57_5100,"57.5100",True,"脐尿管切除术","手术"
nhsa_jbzd_57_5100x001,"57.5100x001",True,"脐尿管病损切除术","手术"
nhsa_jbzd_57_5100x003,"57.5100x003",True,"腹腔镜下脐尿管病损切除术","手术"
nhsa_jbzd_57_5101,"57.5101",True,"膀胱脐尿管瘘切除术","手术"
nhsa_jbzd_57_5102,"57.5102",True,"腹腔镜下脐尿管切除术","手术"
nhsa_jbzd_57_5900,"57.5900",True,"膀胱其他病损或组织的开放性切除术或破坏术","手术"
nhsa_jbzd_57_5900x001,"57.5900x001",True,"膀胱病损激光切除术","手术"
nhsa_jbzd_57_5900x002,"57.5900x002",True,"膀胱镜下膀胱病损切除术","手术"
nhsa_jbzd_57_5901,"57.5901",True,"膀胱病损切除术","手术"
nhsa_jbzd_57_5902,"57.5902",True,"膀胱憩室切除术","手术"
nhsa_jbzd_57_5903,"57.5903",True,"膀胱颈切除术","手术"
nhsa_jbzd_57_5904,"57.5904",True,"膀胱病损耻骨上切除术","手术"
nhsa_jbzd_57_5905,"57.5905",True,"膀胱内膜切除术","手术"
nhsa_jbzd_57_5906,"57.5906",True,"膀胱病损电灼术","手术"
nhsa_jbzd_57_6x00,"57.6x00",True,"部分膀胱切除术","手术"
nhsa_jbzd_57_6x01,"57.6x01",True,"膀胱大部切除术","手术"
nhsa_jbzd_57_6x02,"57.6x02",True,"膀胱穹隆切除术","手术"
nhsa_jbzd_57_6x03,"57.6x03",True,"膀胱楔形切除术","手术"
nhsa_jbzd_57_6x04,"57.6x04",True,"膀胱三角区切除术","手术"
nhsa_jbzd_57_6x05,"57.6x05",True,"膀胱袖状切除术","手术"
nhsa_jbzd_57_6x06,"57.6x06",True,"腹腔镜下膀胱部分切除术","手术"
nhsa_jbzd_57_7100,"57.7100",True,"根治性膀胱切除术","手术"
nhsa_jbzd_57_7101,"57.7101",True,"膀胱尿道全切除术","手术"
nhsa_jbzd_57_7102,"57.7102",True,"男性盆腔脏器去除术","手术"
nhsa_jbzd_57_7103,"57.7103",True,"腹腔镜下膀胱根治切除术","手术"
nhsa_jbzd_57_7900,"57.7900",True,"其他全部膀胱切除术","手术"
nhsa_jbzd_57_7900x001,"57.7900x001",True,"膀胱全切除术","手术"
nhsa_jbzd_57_7901,"57.7901",True,"腹腔镜下全膀胱切除术","手术"
nhsa_jbzd_57_8100,"57.8100",True,"膀胱裂伤缝合术","手术"
nhsa_jbzd_57_8200,"57.8200",True,"膀胱造口闭合术","手术"
nhsa_jbzd_57_8300,"57.8300",True,"膀胱肠瘘修补术","手术"
nhsa_jbzd_57_8301,"57.8301",True,"膀胱回肠瘘修补术","手术"
nhsa_jbzd_57_8302,"57.8302",True,"膀胱乙状结肠瘘修补术","手术"
nhsa_jbzd_57_8303,"57.8303",True,"膀胱结肠瘘修补术","手术"
nhsa_jbzd_57_8304,"57.8304",True,"膀胱直肠瘘修补术","手术"
nhsa_jbzd_57_8305,"57.8305",True,"膀胱阴道直肠瘘修补术","手术"
nhsa_jbzd_57_8400,"57.8400",True,"膀胱其他瘘管修补术","手术"
nhsa_jbzd_57_8400x004,"57.8400x004",True,"腹腔镜下膀胱-阴道瘘修补术","手术"
nhsa_jbzd_57_8400x005,"57.8400x005",True,"经阴道膀胱-阴道瘘修补术","手术"
nhsa_jbzd_57_8401,"57.8401",True,"膀胱瘘修补术","手术"
nhsa_jbzd_57_8402,"57.8402",True,"膀胱阴道瘘修补术","手术"
nhsa_jbzd_57_8403,"57.8403",True,"膀胱会阴瘘修补术","手术"
nhsa_jbzd_57_8404,"57.8404",True,"膀胱子宫瘘修补术","手术"
nhsa_jbzd_57_8405,"57.8405",True,"膀胱尿道阴道瘘修补术","手术"
nhsa_jbzd_57_8500,"57.8500",True,"膀胱颈的膀胱尿道成形术和整形修补术","手术"
nhsa_jbzd_57_8500x002,"57.8500x002",True,"膀胱颈重建术","手术"
nhsa_jbzd_57_8501,"57.8501",True,"膀胱颈成形术","手术"
nhsa_jbzd_57_8502,"57.8502",True,"膀胱颈V-Y型成形术","手术"
nhsa_jbzd_57_8600,"57.8600",True,"膀胱外翻修补术","手术"
nhsa_jbzd_57_8700,"57.8700",True,"膀胱重建术","手术"
nhsa_jbzd_57_8700x005,"57.8700x005",True,"腹腔镜下回肠代膀胱术","手术"
nhsa_jbzd_57_8700x006,"57.8700x006",True,"腹腔镜下可控性肠代膀胱术","手术"
nhsa_jbzd_57_8700x007,"57.8700x007",True,"腹腔镜下胃代膀胱术","手术"
nhsa_jbzd_57_8700x008,"57.8700x008",True,"腹腔镜下直肠代膀胱术","手术"
nhsa_jbzd_57_8700x009,"57.8700x009",True,"胃代膀胱术","手术"
nhsa_jbzd_57_8700x010,"57.8700x010",True,"回肠浆肌层膀胱扩大术","手术"
nhsa_jbzd_57_8701,"57.8701",True,"回肠代膀胱术","手术"
nhsa_jbzd_57_8702,"57.8702",True,"可控回肠膀胱术","手术"
nhsa_jbzd_57_8703,"57.8703",True,"结肠代膀胱术","手术"
nhsa_jbzd_57_8704,"57.8704",True,"直肠代膀胱术","手术"
nhsa_jbzd_57_8705,"57.8705",True,"膀胱扩大术","手术"
nhsa_jbzd_57_8706,"57.8706",True,"乙状结肠代膀胱术","手术"
nhsa_jbzd_57_8707,"57.8707",True,"乙状结肠膀胱扩大术","手术"
nhsa_jbzd_57_8800,"57.8800",True,"膀胱其他吻合术","手术"
nhsa_jbzd_57_8801,"57.8801",True,"膀胱肠管吻合术","手术"
nhsa_jbzd_57_8802,"57.8802",True,"膀胱结肠吻合术","手术"
nhsa_jbzd_57_8900,"57.8900",True,"膀胱其他修补术","手术"
nhsa_jbzd_57_8900x001,"57.8900x001",True,"膀胱修补术","手术"
nhsa_jbzd_57_8900x003,"57.8900x003",True,"腹腔镜下膀胱颈悬吊术","手术"
nhsa_jbzd_57_8900x004,"57.8900x004",True,"膀胱颈悬吊术","手术"
nhsa_jbzd_57_8901,"57.8901",True,"膀胱固定术","手术"
nhsa_jbzd_57_8902,"57.8902",True,"陈旧性膀胱产科裂伤修补术","手术"
nhsa_jbzd_57_8903,"57.8903",True,"膀胱悬吊术","手术"
nhsa_jbzd_57_8904,"57.8904",True,"膀胱疝修补术","手术"
nhsa_jbzd_57_8905,"57.8905",True,"腹腔镜下膀胱修补术","手术"
nhsa_jbzd_57_9100,"57.9100",True,"膀胱括约肌切开术","手术"
nhsa_jbzd_57_9101,"57.9101",True,"经尿道膀胱颈切开术","手术"
nhsa_jbzd_57_9102,"57.9102",True,"经尿道膀胱颈切断术","手术"
nhsa_jbzd_57_9103,"57.9103",True,"膀胱颈切断术","手术"
nhsa_jbzd_57_9200,"57.9200",True,"膀胱颈扩张","手术"
nhsa_jbzd_57_9201,"57.9201",True,"经尿道膀胱颈扩张术","手术"
nhsa_jbzd_57_9300,"57.9300",True,"膀胱(手术后)出血控制","手术"
nhsa_jbzd_57_9300x001,"57.9300x001",True,"膀胱术后出血止血术","手术"
nhsa_jbzd_57_9300x002,"57.9300x002",True,"膀胱镜下膀胱术后出血止血术","手术"
nhsa_jbzd_57_9301,"57.9301",True,"经尿道膀胱电凝止血术","手术"
nhsa_jbzd_57_9400,"57.9400",True,"留置导尿管的置入术","治疗性操作"
nhsa_jbzd_57_9500,"57.9500",True,"留置导尿管的置换术","治疗性操作"
nhsa_jbzd_57_9600,"57.9600",True,"电子膀胱刺激器置入术","治疗性操作"
nhsa_jbzd_57_9700,"57.9700",True,"电子膀胱刺激器置换术","治疗性操作"
nhsa_jbzd_57_9800,"57.9800",True,"电子膀胱刺激器去除术","治疗性操作"
nhsa_jbzd_57_9900,"57.9900",True,"膀胱其他手术","手术"
nhsa_jbzd_57_9900x001,"57.9900x001",True,"膀胱封闭术","治疗性操作"
nhsa_jbzd_57_9900x002,"57.9900x002",True,"膀胱旷置术","手术"
nhsa_jbzd_58_0x00,"58.0x00",True,"尿道切开术","手术"
nhsa_jbzd_58_0x00x003,"58.0x00x003",True,"尿道切开探查术","手术"
nhsa_jbzd_58_0x00x004,"58.0x00x004",True,"膀胱镜下尿道狭窄切开术","手术"
nhsa_jbzd_58_0x01,"58.0x01",True,"尿道切开取石术","手术"
nhsa_jbzd_58_0x02,"58.0x02",True,"尿道会阴造口术","手术"
nhsa_jbzd_58_0x03,"58.0x03",True,"尿道切开异物取出术","手术"
nhsa_jbzd_58_0x04,"58.0x04",True,"尿道阴道造口术","手术"
nhsa_jbzd_58_0x05,"58.0x05",True,"尿道隔膜切除术","手术"
nhsa_jbzd_58_1x00,"58.1x00",True,"尿道口切开术","手术"
nhsa_jbzd_58_1x01,"58.1x01",True,"尿道外口切开术","手术"
nhsa_jbzd_58_2100,"58.2100",True,"会阴尿道镜检查","诊断性操作"
nhsa_jbzd_58_2200,"58.2200",True,"其他尿道镜检查","诊断性操作"
nhsa_jbzd_58_2200x001,"58.2200x001",True,"尿道镜检查","诊断性操作"
nhsa_jbzd_58_2300,"58.2300",True,"尿道活组织检查","诊断性操作"
nhsa_jbzd_58_2400,"58.2400",True,"尿道周围组织活组织检查","诊断性操作"
nhsa_jbzd_58_2900,"58.2900",True,"尿道和尿道周围组织的其他诊断性操作","诊断性操作"
nhsa_jbzd_58_3100,"58.3100",True,"内镜下尿道病损或组织切除术或破坏术","手术"
nhsa_jbzd_58_3100x001,"58.3100x001",True,"膀胱镜下后尿道瓣膜电切术","手术"
nhsa_jbzd_58_3101,"58.3101",True,"经尿道尿道病损电切术","手术"
nhsa_jbzd_58_3102,"58.3102",True,"经尿道精阜电切术","手术"
nhsa_jbzd_58_3103,"58.3103",True,"经尿道尿道狭窄电切术","手术"
nhsa_jbzd_58_3900,"58.3900",True,"尿道病损或组织的其他局部切除术或破坏术","手术"
nhsa_jbzd_58_3901,"58.3901",True,"尿道病损切除术","手术"
nhsa_jbzd_58_3902,"58.3902",True,"尿道瓣膜切除术","手术"
nhsa_jbzd_58_3903,"58.3903",True,"尿道切除术","手术"
nhsa_jbzd_58_3904,"58.3904",True,"尿道部分切除术","手术"
nhsa_jbzd_58_3905,"58.3905",True,"尿道狭窄切除术","手术"
nhsa_jbzd_58_3906,"58.3906",True,"尿道口病损切除术","手术"
nhsa_jbzd_58_4100,"58.4100",True,"尿道裂伤缝合术","手术"
nhsa_jbzd_58_4200,"58.4200",True,"尿道造口闭合术","手术"
nhsa_jbzd_58_4300,"58.4300",True,"尿道其他瘘管闭合术","手术"
nhsa_jbzd_58_4301,"58.4301",True,"尿道瘘修补术","手术"
nhsa_jbzd_58_4302,"58.4302",True,"尿道阴道瘘修补术","手术"
nhsa_jbzd_58_4303,"58.4303",True,"尿道直肠瘘修补术","手术"
nhsa_jbzd_58_4304,"58.4304",True,"尿道会阴瘘修补术","手术"
nhsa_jbzd_58_4305,"58.4305",True,"腹腔镜下尿道瘘修补术","手术"
nhsa_jbzd_58_4400,"58.4400",True,"尿道再吻合术","手术"
nhsa_jbzd_58_4400x001,"58.4400x001",True,"尿道拖入术","手术"
nhsa_jbzd_58_4401,"58.4401",True,"尿道吻合术","手术"
nhsa_jbzd_58_4500,"58.4500",True,"尿道下裂或尿道上裂修补术","手术"
nhsa_jbzd_58_4500x001,"58.4500x001",True,"尿道下裂Ⅰ期成形术","手术"
nhsa_jbzd_58_4500x002,"58.4500x002",True,"尿道下裂Ⅱ期成形术","手术"
nhsa_jbzd_58_4501,"58.4501",True,"尿道上裂修补术","手术"
nhsa_jbzd_58_4502,"58.4502",True,"尿道下裂修补术","手术"
nhsa_jbzd_58_4503,"58.4503",True,"阴茎皮条法尿道成形术","手术"
nhsa_jbzd_58_4600,"58.4600",True,"尿道其他重建术","手术"
nhsa_jbzd_58_4600x001,"58.4600x001",True,"膀胱粘膜瓣代尿道成形术","手术"
nhsa_jbzd_58_4600x002,"58.4600x002",True,"颊粘膜代尿道成形术","手术"
nhsa_jbzd_58_4600x003,"58.4600x003",True,"结肠粘膜代尿道成形术","手术"
nhsa_jbzd_58_4600x004,"58.4600x004",True,"回肠粘膜代尿道成形术","手术"
nhsa_jbzd_58_4600x005,"58.4600x005",True,"阴唇皮瓣代尿道成形术","手术"
nhsa_jbzd_58_4600x006,"58.4600x006",True,"包皮皮肤代尿道成形术","手术"
nhsa_jbzd_58_4600x007,"58.4600x007",True,"舌黏膜代尿道成形术","手术"
nhsa_jbzd_58_4600x008,"58.4600x008",True,"唇黏膜代尿道成形术","手术"
nhsa_jbzd_58_4600x009,"58.4600x009",True,"阑尾代尿道成形术","手术"
nhsa_jbzd_58_4601,"58.4601",True,"尿道建造术","手术"
nhsa_jbzd_58_4700,"58.4700",True,"尿道口成形术","手术"
nhsa_jbzd_58_4701,"58.4701",True,"尿道口紧缩术","手术"
nhsa_jbzd_58_4702,"58.4702",True,"腹腔镜下尿道口紧缩术","手术"
nhsa_jbzd_58_4900,"58.4900",True,"尿道其他修补术","手术"
nhsa_jbzd_58_4900x003,"58.4900x003",True,"尿道修补术","手术"
nhsa_jbzd_58_4900x005,"58.4900x005",True,"会阴阴囊皮瓣尿道成形术","手术"
nhsa_jbzd_58_4900x006,"58.4900x006",True,"后尿道成形术","手术"
nhsa_jbzd_58_4901,"58.4901",True,"尿道成形术","手术"
nhsa_jbzd_58_4902,"58.4902",True,"尿道折叠术","手术"
nhsa_jbzd_58_5x00,"58.5x00",True,"尿道狭窄松解术","手术"
nhsa_jbzd_58_5x00x002,"58.5x00x002",True,"经尿道尿道切开术","手术"
nhsa_jbzd_58_5x01,"58.5x01",True,"尿道括约肌切开术","手术"
nhsa_jbzd_58_5x02,"58.5x02",True,"内镜下尿道内口切开术","手术"
nhsa_jbzd_58_5x03,"58.5x03",True,"尿道内口切开术","手术"
nhsa_jbzd_58_6x00,"58.6x00",True,"尿道扩张","手术"
nhsa_jbzd_58_6x00x001,"58.6x00x001",True,"尿道-膀胱连接处扩张术","手术"
nhsa_jbzd_58_6x00x003,"58.6x00x003",True,"经内镜尿道结石取出术","手术"
nhsa_jbzd_58_6x00x004,"58.6x00x004",True,"经内镜尿道异物取出术","手术"
nhsa_jbzd_58_6x01,"58.6x01",True,"尿道会师术","手术"
nhsa_jbzd_58_6x03,"58.6x03",True,"前列腺尿道记忆金属支架置入术","手术"
nhsa_jbzd_58_9100,"58.9100",True,"尿道周围组织切开术","手术"
nhsa_jbzd_58_9101,"58.9101",True,"尿道球腺引流术","手术"
nhsa_jbzd_58_9102,"58.9102",True,"尿道旁切开引流术","手术"
nhsa_jbzd_58_9200,"58.9200",True,"尿道周围组织切除术","手术"
nhsa_jbzd_58_9200x002,"58.9200x002",True,"尿道旁腺病损切除术","手术"
nhsa_jbzd_58_9201,"58.9201",True,"尿道旁病损切除术","手术"
nhsa_jbzd_58_9300,"58.9300",True,"人工尿道括约肌[AUS]置入","手术"
nhsa_jbzd_58_9300x001,"58.9300x001",True,"尿道金属支架置入术","手术"
nhsa_jbzd_58_9900,"58.9900",True,"尿道和尿道周围组织的其他手术","手术"
nhsa_jbzd_58_9901,"58.9901",True,"可膨胀的尿道括约肌去除术","手术"
nhsa_jbzd_59_0000,"59.0000",True,"腹膜后清扫术","手术"
nhsa_jbzd_59_0200,"59.0200",True,"肾周或输尿管周围粘连的其他松解术","手术"
nhsa_jbzd_59_0200x007,"59.0200x007",True,"肾周围淋巴管剥脱术","手术"
nhsa_jbzd_59_0201,"59.0201",True,"输尿管狭窄松解术","手术"
nhsa_jbzd_59_0202,"59.0202",True,"输尿管周围粘连松解术","手术"
nhsa_jbzd_59_0203,"59.0203",True,"肾周围粘连松解术","手术"
nhsa_jbzd_59_0300,"59.0300",True,"腹腔镜下肾周或输尿管周围粘连的松解术","手术"
nhsa_jbzd_59_0300x002,"59.0300x002",True,"腹腔镜下肾周围淋巴管剥脱术","手术"
nhsa_jbzd_59_0301,"59.0301",True,"腹腔镜下输尿管狭窄松解术","手术"
nhsa_jbzd_59_0302,"59.0302",True,"腹腔镜下肾周粘连松解术","手术"
nhsa_jbzd_59_0303,"59.0303",True,"腹腔镜下输尿管周围粘连松解术","手术"
nhsa_jbzd_59_0900,"59.0900",True,"肾周或输尿管周围组织的其他切开术","手术"
nhsa_jbzd_59_0901,"59.0901",True,"肾周切开引流术","手术"
nhsa_jbzd_59_0902,"59.0902",True,"肾周血肿清除术","手术"
nhsa_jbzd_59_0903,"59.0903",True,"肾周区域探查术","手术"
nhsa_jbzd_59_0904,"59.0904",True,"腹腔镜下肾周切开引流术","手术"
nhsa_jbzd_59_1100,"59.1100",True,"膀胱周围粘连的其他松解术","手术"
nhsa_jbzd_59_1100x001,"59.1100x001",True,"膀胱周围粘连松解术","手术"
nhsa_jbzd_59_1200,"59.1200",True,"腹腔镜下膀胱周围粘连松解术","手术"
nhsa_jbzd_59_1900,"59.1900",True,"膀胱周围组织其他切开术","手术"
nhsa_jbzd_59_1901,"59.1901",True,"膀胱周围探查术","手术"
nhsa_jbzd_59_1902,"59.1902",True,"耻骨后探查术","手术"
nhsa_jbzd_59_2100,"59.2100",True,"肾周或膀胱周围组织的活组织检查","诊断性操作"
nhsa_jbzd_59_2101,"59.2101",True,"肾周活组织检查","诊断性操作"
nhsa_jbzd_59_2102,"59.2102",True,"膀胱周围活组织检查","诊断性操作"
nhsa_jbzd_59_2900,"59.2900",True,"肾周组织、膀胱周围组织和腹膜后的其他诊断性操作","诊断性操作"
nhsa_jbzd_59_3x00,"59.3x00",True,"尿道膀胱连接处的折叠术","手术"
nhsa_jbzd_59_4x00,"59.4x00",True,"耻骨上尿道膀胱悬吊术","手术"
nhsa_jbzd_59_4x01,"59.4x01",True,"戈-弗-斯氏尿道膀胱悬吊术","手术"
nhsa_jbzd_59_4x02,"59.4x02",True,"米林-里德氏尿道膀胱悬吊术","手术"
nhsa_jbzd_59_4x03,"59.4x03",True,"奥克斯福德尿失禁手术[OXFORD手术]","手术"
nhsa_jbzd_59_4x04,"59.4x04",True,"经耻骨上膀胱尿道悬吊术（SPARC）","手术"
nhsa_jbzd_59_4x05,"59.4x05",True,"斯塔米膀胱颈悬吊术","手术"
nhsa_jbzd_59_5x00,"59.5x00",True,"耻骨后尿道悬吊术","手术"
nhsa_jbzd_59_5x02,"59.5x02",True,"腹腔镜下尿道悬吊术","手术"
nhsa_jbzd_59_6x00,"59.6x00",True,"尿道旁悬吊术","手术"
nhsa_jbzd_59_7100,"59.7100",True,"提肌手术，用于尿道膀胱悬吊术","手术"
nhsa_jbzd_59_7101,"59.7101",True,"膀胱尿道提肌悬吊固定术","手术"
nhsa_jbzd_59_7200,"59.7200",True,"置入物注入尿道和（或）膀胱颈","手术"
nhsa_jbzd_59_7900,"59.7900",True,"压迫性尿失禁的其他修补术","手术"
nhsa_jbzd_59_7900x001,"59.7900x001",True,"前尿道支架固定术","手术"
nhsa_jbzd_59_7900x002,"59.7900x002",True,"经阴道无张力尿道悬吊术（TVT）","手术"
nhsa_jbzd_59_7901,"59.7901",True,"前尿道固定术","手术"
nhsa_jbzd_59_7902,"59.7902",True,"压迫性尿失禁修补术","手术"
nhsa_jbzd_59_7903,"59.7903",True,"经阴道闭孔无张力尿道中段悬吊术(TVT-O)","手术"
nhsa_jbzd_59_7904,"59.7904",True,"单切口经阴道闭孔无张力尿道中段悬吊术（TVT-S）","手术"
nhsa_jbzd_59_8x00,"59.8x00",True,"输尿管导管插入术","治疗性操作"
nhsa_jbzd_59_8x00x001,"59.8x00x001",True,"膀胱镜下输尿管扩张术","手术"
nhsa_jbzd_59_8x00x004,"59.8x00x004",True,"经尿道膀胱镜输尿管导管插入术","治疗性操作"
nhsa_jbzd_59_8x00x005,"59.8x00x005",True,"经尿道膀胱镜输尿管镜输尿管扩张术","治疗性操作"
nhsa_jbzd_59_8x00x006,"59.8x00x006",True,"经尿道膀胱镜输尿管扩张术","治疗性操作"
nhsa_jbzd_59_8x00x007,"59.8x00x007",True,"直视下输尿管支架置入","手术"
nhsa_jbzd_59_8x01,"59.8x01",True,"输尿管扩张术","治疗性操作"
nhsa_jbzd_59_8x02,"59.8x02",True,"肾导管引流术","治疗性操作"
nhsa_jbzd_59_8x03,"59.8x03",True,"经尿道输尿管支架置入术","治疗性操作"
nhsa_jbzd_59_8x04,"59.8x04",True,"经皮肾镜输尿管支架置入术","手术"
nhsa_jbzd_59_8x05,"59.8x05",True,"输尿管膀胱口扩张术","手术"
nhsa_jbzd_59_9100,"59.9100",True,"肾周或膀胱周围组织切除术","手术"
nhsa_jbzd_59_9101,"59.9101",True,"肾周病损切除术","手术"
nhsa_jbzd_59_9200,"59.9200",True,"肾周或膀胱周围组织的其他手术","手术"
nhsa_jbzd_59_9201,"59.9201",True,"肾周穿刺引流术","治疗性操作"
nhsa_jbzd_59_9300,"59.9300",True,"输尿管造口导管置换术","治疗性操作"
nhsa_jbzd_59_9400,"59.9400",True,"膀胱造口导管置换","治疗性操作"
nhsa_jbzd_59_9500,"59.9500",True,"超声泌尿系结石碎裂术","治疗性操作"
nhsa_jbzd_59_9501,"59.9501",True,"尿道超声碎石术","治疗性操作"
nhsa_jbzd_59_9502,"59.9502",True,"肾超声碎石术","治疗性操作"
nhsa_jbzd_59_9900,"59.9900",True,"泌尿系统其他手术","手术"
nhsa_jbzd_59_9900x002,"59.9900x002",True,"输尿管支架取出术","治疗性操作"
nhsa_jbzd_59_9901,"59.9901",True,"输尿管支架置换术","治疗性操作"
nhsa_jbzd_59_9902,"59.9902",True,"输尿管支架调整术","治疗性操作"
nhsa_jbzd_59_9903,"59.9903",True,"尿道悬吊带部分取出术","治疗性操作"
nhsa_jbzd_60_0x00,"60.0x00",True,"前列腺切开术","手术"
nhsa_jbzd_60_0x00x001,"60.0x00x001",True,"经尿道前列腺切开术[TUI-P]","手术"
nhsa_jbzd_60_0x00x003,"60.0x00x003",True,"前列腺脓肿引流术","手术"
nhsa_jbzd_60_0x01,"60.0x01",True,"前列腺切开引流术","手术"
nhsa_jbzd_60_0x02,"60.0x02",True,"前列腺切开取石术","手术"
nhsa_jbzd_60_0x03,"60.0x03",True,"前列腺被膜切开术","手术"
nhsa_jbzd_60_1100,"60.1100",True,"闭合性[经皮][针吸]前列腺活组织检查","诊断性操作"
nhsa_jbzd_60_1100x002,"60.1100x002",True,"超声引导下前列腺穿刺活检","诊断性操作"
nhsa_jbzd_60_1100x003,"60.1100x003",True,"经会阴前列腺穿剌活检术","诊断性操作"
nhsa_jbzd_60_1101,"60.1101",True,"经直肠前列腺穿剌活组织检查","诊断性操作"
nhsa_jbzd_60_1200,"60.1200",True,"开放性前列腺活组织检查","手术"
nhsa_jbzd_60_1300,"60.1300",True,"闭合性[经皮]精囊活组织检查","诊断性操作"
nhsa_jbzd_60_1400,"60.1400",True,"开放性精囊活组织检查","手术"
nhsa_jbzd_60_1500,"60.1500",True,"前列腺周围组织的活组织检查","诊断性操作"
nhsa_jbzd_60_1800,"60.1800",True,"前列腺和前列腺周围组织的其他诊断性操作","诊断性操作"
nhsa_jbzd_60_1900,"60.1900",True,"精囊的其他诊断性操作","诊断性操作"
nhsa_jbzd_60_1901,"60.1901",True,"精囊镜探查术","诊断性操作"
nhsa_jbzd_60_2100,"60.2100",True,"经尿道(超声)激光诱导前列腺切除术(TULIP)","手术"
nhsa_jbzd_60_2100x001,"60.2100x001",True,"经尿道前列腺激光切除术[TULIP手术]","手术"
nhsa_jbzd_60_2100x002,"60.2100x002",True,"经尿道钬激光前列腺切除术[HOLEP]","手术"
nhsa_jbzd_60_2900,"60.2900",True,"其他经尿道前列腺切除术","手术"
nhsa_jbzd_60_2900x003,"60.2900x003",True,"经尿道前列腺绿激光汽化术(PVP)","手术"
nhsa_jbzd_60_2900x004,"60.2900x004",True,"经尿道前列腺等离子电切术","手术"
nhsa_jbzd_60_2901,"60.2901",True,"经尿道前列腺气化电切术[TEVAP手术]","手术"
nhsa_jbzd_60_2902,"60.2902",True,"经尿道前列腺切除术（TURP）","手术"
nhsa_jbzd_60_3x00,"60.3x00",True,"耻骨上前列腺切除术","手术"
nhsa_jbzd_60_3x01,"60.3x01",True,"耻骨上经膀胱前列腺切除术","手术"
nhsa_jbzd_60_4x00,"60.4x00",True,"耻骨后前列腺切除术","手术"
nhsa_jbzd_60_4x01,"60.4x01",True,"耻骨后经膀胱前列腺切除术","手术"
nhsa_jbzd_60_5x00,"60.5x00",True,"根治性前列腺切除术","手术"
nhsa_jbzd_60_5x01,"60.5x01",True,"前列腺精囊切除术","手术"
nhsa_jbzd_60_5x02,"60.5x02",True,"腹腔镜下前列腺根治性切除术","手术"
nhsa_jbzd_60_6100,"60.6100",True,"前列腺病损局部切除术","手术"
nhsa_jbzd_60_6100x001,"60.6100x001",True,"前列腺病损切除术","手术"
nhsa_jbzd_60_6100x002,"60.6100x002",True,"前列腺部分切除术","手术"
nhsa_jbzd_60_6101,"60.6101",True,"腹腔镜下前列腺病损切除术","手术"
nhsa_jbzd_60_6200,"60.6200",True,"经会阴前列腺切除术","手术"
nhsa_jbzd_60_6201,"60.6201",True,"经会阴前列腺冷冻切除术","手术"
nhsa_jbzd_60_6900,"60.6900",True,"其他前列腺切除术","手术"
nhsa_jbzd_60_6900x001,"60.6900x001",True,"前列腺切除术","手术"
nhsa_jbzd_60_6900x002,"60.6900x002",True,"腹腔镜下前列腺切除术","手术"
nhsa_jbzd_60_7100,"60.7100",True,"经皮精囊抽吸术","治疗性操作"
nhsa_jbzd_60_7200,"60.7200",True,"精囊切开术","手术"
nhsa_jbzd_60_7200x002,"60.7200x002",True,"经尿道精囊镜精囊碎石取石术","手术"
nhsa_jbzd_60_7300,"60.7300",True,"精囊切除术","手术"
nhsa_jbzd_60_7300x003,"60.7300x003",True,"腹腔镜下副中肾管[苗勒管]囊肿切除术","手术"
nhsa_jbzd_60_7300x004,"60.7300x004",True,"腹腔镜下精囊切除术","手术"
nhsa_jbzd_60_7301,"60.7301",True,"苗勒管 (副中肾管)囊肿切除术","手术"
nhsa_jbzd_60_7900,"60.7900",True,"精囊其他手术","手术"
nhsa_jbzd_60_7900x002,"60.7900x002",True,"经尿道精囊镜精阜电切术","手术"
nhsa_jbzd_60_7900x003,"60.7900x003",True,"精囊镜下精囊冲洗术","手术"
nhsa_jbzd_60_7900x004,"60.7900x004",True,"精囊镜下精囊血肿清除术","手术"
nhsa_jbzd_60_7901,"60.7901",True,"精囊囊肿切除术","手术"
nhsa_jbzd_60_8100,"60.8100",True,"前列腺周围组织切开术","手术"
nhsa_jbzd_60_8100x001,"60.8100x001",True,"前列腺周围切开引流术","手术"
nhsa_jbzd_60_8101,"60.8101",True,"前列腺周围脓肿引流术","手术"
nhsa_jbzd_60_8200,"60.8200",True,"前列腺周围组织切除术","手术"
nhsa_jbzd_60_8201,"60.8201",True,"前列腺周围组织病损切除术","手术"
nhsa_jbzd_60_9100,"60.9100",True,"经皮前列腺抽吸术","治疗性操作"
nhsa_jbzd_60_9200,"60.9200",True,"前列腺注射测试连接处","治疗性操作"
nhsa_jbzd_60_9201,"60.9201",True,"前列腺药物注射","治疗性操作"
nhsa_jbzd_60_9300,"60.9300",True,"前列腺修补术","手术"
nhsa_jbzd_60_9400,"60.9400",True,"控制前列腺(手术后)出血","手术"
nhsa_jbzd_60_9400x001,"60.9400x001",True,"前列腺术后止血术","手术"
nhsa_jbzd_60_9401,"60.9401",True,"经尿道前列腺电凝止血术","治疗性操作"
nhsa_jbzd_60_9500,"60.9500",True,"经尿道球囊前列腺尿道扩张","手术"
nhsa_jbzd_60_9500x001,"60.9500x001",True,"经尿道前列腺球囊扩张术","手术"
nhsa_jbzd_60_9600,"60.9600",True,"经尿道前列腺组织破坏术，用微波热疗","治疗性操作"
nhsa_jbzd_60_9600x001,"60.9600x001",True,"经尿道前列腺微波治疗","治疗性操作"
nhsa_jbzd_60_9700,"60.9700",True,"其他经尿道的前列腺组织破坏术，用其他热疗法","治疗性操作"
nhsa_jbzd_60_9701,"60.9701",True,"经尿道前列腺射频消融术","治疗性操作"
nhsa_jbzd_60_9702,"60.9702",True,"经尿道前列腺针吸切除术","治疗性操作"
nhsa_jbzd_60_9900,"60.9900",True,"前列腺的其他手术","手术"
nhsa_jbzd_60_9901,"60.9901",True,"经尿道前列腺异物取出术","手术"
nhsa_jbzd_61_0x00,"61.0x00",True,"阴囊和睾丸鞘膜切开引流术","手术"
nhsa_jbzd_61_0x00x003,"61.0x00x003",True,"阴囊切开探查术","手术"
nhsa_jbzd_61_0x01,"61.0x01",True,"睾丸鞘膜切开引流术","手术"
nhsa_jbzd_61_0x02,"61.0x02",True,"阴囊切开引流术","手术"
nhsa_jbzd_61_0x03,"61.0x03",True,"阴囊血肿清除术","手术"
nhsa_jbzd_61_0x04,"61.0x04",True,"阴囊异物取出术","手术"
nhsa_jbzd_61_1100,"61.1100",True,"阴囊或睾丸鞘膜的活组织检查","诊断性操作"
nhsa_jbzd_61_1101,"61.1101",True,"阴囊活组织检查","诊断性操作"
nhsa_jbzd_61_1102,"61.1102",True,"睾丸鞘膜活组织检查","诊断性操作"
nhsa_jbzd_61_1900,"61.1900",True,"阴囊和睾丸鞘膜的其他诊断性操作","诊断性操作"
nhsa_jbzd_61_2x00,"61.2x00",True,"睾丸鞘膜积液切除术","手术"
nhsa_jbzd_61_2x01,"61.2x01",True,"睾丸鞘膜部分切除术","手术"
nhsa_jbzd_61_2x02,"61.2x02",True,"睾丸鞘膜切除术","手术"
nhsa_jbzd_61_3x00,"61.3x00",True,"阴囊病损或阴囊组织切除术或破坏术","手术"
nhsa_jbzd_61_3x00x005,"61.3x00x005",True,"阴囊皮肤和皮下坏死组织切除清创术","手术"
nhsa_jbzd_61_3x00x006,"61.3x00x006",True,"阴囊皮肤和皮下组织非切除性清创","治疗性操作"
nhsa_jbzd_61_3x00x007,"61.3x00x007",True,"阴囊切除术","手术"
nhsa_jbzd_61_3x01,"61.3x01",True,"阴囊病损电灼术","手术"
nhsa_jbzd_61_3x02,"61.3x02",True,"阴囊部分切除术","手术"
nhsa_jbzd_61_3x03,"61.3x03",True,"阴囊病损切除术","手术"
nhsa_jbzd_61_3x04,"61.3x04",True,"阴囊象皮病复位术","手术"
nhsa_jbzd_61_4100,"61.4100",True,"阴囊和睾丸鞘膜裂伤缝合术","手术"
nhsa_jbzd_61_4101,"61.4101",True,"睾丸鞘膜裂伤缝合术","手术"
nhsa_jbzd_61_4102,"61.4102",True,"阴囊裂伤缝合术","手术"
nhsa_jbzd_61_4200,"61.4200",True,"阴囊瘘管修补术","手术"
nhsa_jbzd_61_4201,"61.4201",True,"阴囊输精管瘘修补术","手术"
nhsa_jbzd_61_4202,"61.4202",True,"阴囊皮肤瘘修补术","手术"
nhsa_jbzd_61_4900,"61.4900",True,"阴囊和睾丸鞘膜的其他修补术","手术"
nhsa_jbzd_61_4900x002,"61.4900x002",True,"鞘膜高位结扎术","手术"
nhsa_jbzd_61_4901,"61.4901",True,"睾丸鞘状突高位结扎术","手术"
nhsa_jbzd_61_4902,"61.4902",True,"阴囊修补术","手术"
nhsa_jbzd_61_4903,"61.4903",True,"阴囊再造术","手术"
nhsa_jbzd_61_4904,"61.4904",True,"睾丸鞘膜翻转术","手术"
nhsa_jbzd_61_4905,"61.4905",True,"腹腔镜下鞘状突高位结扎术","手术"
nhsa_jbzd_61_9100,"61.9100",True,"经皮睾丸鞘膜抽吸术","治疗性操作"
nhsa_jbzd_61_9101,"61.9101",True,"睾丸鞘膜积液抽吸术","治疗性操作"
nhsa_jbzd_61_9200,"61.9200",True,"睾丸鞘膜病损切除术，除外水囊肿","手术"
nhsa_jbzd_61_9200x001,"61.9200x001",True,"鞘膜囊肿切除术","手术"
nhsa_jbzd_61_9900,"61.9900",True,"阴囊和睾丸鞘膜的其他手术","手术"
nhsa_jbzd_62_0x00,"62.0x00",True,"睾丸切开术","手术"
nhsa_jbzd_62_0x00x001,"62.0x00x001",True,"睾丸切开探查术","手术"
nhsa_jbzd_62_0x01,"62.0x01",True,"腹腔镜下隐睾探查术","手术"
nhsa_jbzd_62_0x02,"62.0x02",True,"睾丸切开引流术","手术"
nhsa_jbzd_62_0x03,"62.0x03",True,"睾丸切开异物取出术","手术"
nhsa_jbzd_62_1100,"62.1100",True,"闭合性[经皮][针吸]睾丸活组织检查","诊断性操作"
nhsa_jbzd_62_1200,"62.1200",True,"开放性睾丸活组织检查","手术"
nhsa_jbzd_62_1900,"62.1900",True,"睾丸其他诊断性操作","诊断性操作"
nhsa_jbzd_62_2x00,"62.2x00",True,"睾丸病损切除术或破坏术","手术"
nhsa_jbzd_62_2x00x002,"62.2x00x002",True,"睾丸附件切除术","手术"
nhsa_jbzd_62_2x00x003,"62.2x00x003",True,"腹腔镜下单侧睾丸切除术","手术"
nhsa_jbzd_62_2x01,"62.2x01",True,"睾丸病损切除术","手术"
nhsa_jbzd_62_3x00,"62.3x00",True,"单侧睾丸切除术","手术"
nhsa_jbzd_62_3x01,"62.3x01",True,"单侧睾丸附睾切除术","手术"
nhsa_jbzd_62_3x02,"62.3x02",True,"单侧睾丸部分切除术","手术"
nhsa_jbzd_62_3x03,"62.3x03",True,"单侧隐睾切除术","手术"
nhsa_jbzd_62_3x04,"62.3x04",True,"腹腔镜下单侧隐睾切除术","手术"
nhsa_jbzd_62_4100,"62.4100",True,"同一次手术中去除双侧睾丸","手术"
nhsa_jbzd_62_4100x004,"62.4100x004",True,"双侧睾丸切除术","手术"
nhsa_jbzd_62_4101,"62.4101",True,"双侧睾丸附睾切除术","手术"
nhsa_jbzd_62_4102,"62.4102",True,"双侧睾丸根治性切除术","手术"
nhsa_jbzd_62_4103,"62.4103",True,"腹腔镜下双侧睾丸切除术","手术"
nhsa_jbzd_62_4104,"62.4104",True,"双侧隐睾切除术","手术"
nhsa_jbzd_62_4105,"62.4105",True,"腹腔镜下双侧隐睾切除术","手术"
nhsa_jbzd_62_4200,"62.4200",True,"残留睾丸去除","手术"
nhsa_jbzd_62_5x00,"62.5x00",True,"睾丸固定术","手术"
nhsa_jbzd_62_5x01,"62.5x01",True,"腹腔镜睾丸固定术","手术"
nhsa_jbzd_62_5x02,"62.5x02",True,"睾丸复位术","手术"
nhsa_jbzd_62_6100,"62.6100",True,"睾丸裂伤缝合术","手术"
nhsa_jbzd_62_6900,"62.6900",True,"睾丸其他修补术","手术"
nhsa_jbzd_62_6900x001,"62.6900x001",True,"睾丸修补术","手术"
nhsa_jbzd_62_6901,"62.6901",True,"睾丸移植术","手术"
nhsa_jbzd_62_7x00,"62.7x00",True,"睾丸假体置入","手术"
nhsa_jbzd_62_9100,"62.9100",True,"睾丸抽吸术","治疗性操作"
nhsa_jbzd_62_9200,"62.9200",True,"治疗性物质注入睾丸","治疗性操作"
nhsa_jbzd_62_9900,"62.9900",True,"睾丸其他手术","手术"
nhsa_jbzd_62_9900x001,"62.9900x001",True,"显微镜下睾丸切开取精术","手术"
nhsa_jbzd_63_0100,"63.0100",True,"精索、附睾和输精管的活组织检查","诊断性操作"
nhsa_jbzd_63_0101,"63.0101",True,"精索活组织检查","诊断性操作"
nhsa_jbzd_63_0102,"63.0102",True,"附睾活组织检查","诊断性操作"
nhsa_jbzd_63_0103,"63.0103",True,"输精管活组织检查","诊断性操作"
nhsa_jbzd_63_0900,"63.0900",True,"精索、附睾和输精管的其他诊断性操作","诊断性操作"
nhsa_jbzd_63_0900x001,"63.0900x001",True,"输精管穿刺术","诊断性操作"
nhsa_jbzd_63_1x00,"63.1x00",True,"精索静脉曲张和精索积液切除术","手术"
nhsa_jbzd_63_1x00x003,"63.1x00x003",True,"精索鞘膜高位结扎术","手术"
nhsa_jbzd_63_1x00x004,"63.1x00x004",True,"显微镜下精索静脉高位结扎术","手术"
nhsa_jbzd_63_1x00x005,"63.1x00x005",True,"显微镜下精索静脉低位结扎术","手术"
nhsa_jbzd_63_1x01,"63.1x01",True,"精索静脉高位结扎术","手术"
nhsa_jbzd_63_1x02,"63.1x02",True,"精索鞘膜积液切除术","手术"
nhsa_jbzd_63_1x03,"63.1x03",True,"腹腔镜精索静脉高位结扎术","手术"
nhsa_jbzd_63_2x00,"63.2x00",True,"附睾囊肿切除术","手术"
nhsa_jbzd_63_2x01,"63.2x01",True,"精液囊肿切除术","手术"
nhsa_jbzd_63_3x00,"63.3x00",True,"精索和附睾的其他病损或组织切除术","手术"
nhsa_jbzd_63_3x00x001,"63.3x00x001",True,"精索切除术","手术"
nhsa_jbzd_63_3x01,"63.3x01",True,"精索病损切除术","手术"
nhsa_jbzd_63_3x02,"63.3x02",True,"精索鞘膜囊肿切除术","手术"
nhsa_jbzd_63_3x03,"63.3x03",True,"附睾病损切除术","手术"
nhsa_jbzd_63_4x00,"63.4x00",True,"附睾切除术","手术"
nhsa_jbzd_63_5100,"63.5100",True,"精索和附睾裂伤缝合术","手术"
nhsa_jbzd_63_5101,"63.5101",True,"精索裂伤缝合术","手术"
nhsa_jbzd_63_5200,"63.5200",True,"睾丸或精索扭转的复位术","手术"
nhsa_jbzd_63_5200x001,"63.5200x001",True,"附睾裂伤缝合术","手术"
nhsa_jbzd_63_5201,"63.5201",True,"睾丸扭转复位术","手术"
nhsa_jbzd_63_5202,"63.5202",True,"精索扭转复位术","手术"
nhsa_jbzd_63_5203,"63.5203",True,"睾丸附件扭转复位术","手术"
nhsa_jbzd_63_5300,"63.5300",True,"精索移植术","手术"
nhsa_jbzd_63_5900,"63.5900",True,"精索和附睾的其他修补术","手术"
nhsa_jbzd_63_6x00,"63.6x00",True,"输精管切开术","手术"
nhsa_jbzd_63_6x00x001,"63.6x00x001",True,"输精管探查术","手术"
nhsa_jbzd_63_6x00x002,"63.6x00x002",True,"尿道镜下射精管口取石术","手术"
nhsa_jbzd_63_6x00x003,"63.6x00x003",True,"显微镜下输精管探查术","手术"
nhsa_jbzd_63_6x00x004,"63.6x00x004",True,"精囊镜下射精管疏通术","手术"
nhsa_jbzd_63_6x00x005,"63.6x00x005",True,"腹腔镜下输精管切开节育器去除术","手术"
nhsa_jbzd_63_6x01,"63.6x01",True,"输精管造口术","手术"
nhsa_jbzd_63_7000,"63.7000",True,"其他男性绝育术","手术"
nhsa_jbzd_63_7000x001,"63.7000x001",True,"男性绝育术","手术"
nhsa_jbzd_63_7100,"63.7100",True,"输精管结扎术","手术"
nhsa_jbzd_63_7101,"63.7101",True,"输精管切断术","手术"
nhsa_jbzd_63_7200,"63.7200",True,"精索结扎术","手术"
nhsa_jbzd_63_7300,"63.7300",True,"输精管切除术","手术"
nhsa_jbzd_63_7300x003,"63.7300x003",True,"输精管病损切除术","手术"
nhsa_jbzd_63_7301,"63.7301",True,"输精管部分切除术","手术"
nhsa_jbzd_63_8100,"63.8100",True,"输精管和附睾裂伤的缝合术","手术"
nhsa_jbzd_63_8101,"63.8101",True,"输精管裂伤的缝合术","手术"
nhsa_jbzd_63_8102,"63.8102",True,"附睾裂伤的缝合术","手术"
nhsa_jbzd_63_8200,"63.8200",True,"手术切断的输精管重建术","手术"
nhsa_jbzd_63_8200x001,"63.8200x001",True,"输精管吻合术","手术"
nhsa_jbzd_63_8200x002,"63.8200x002",True,"显微镜下输精管吻合术","手术"
nhsa_jbzd_63_8300,"63.8300",True,"附睾输精管吻合术","手术"
nhsa_jbzd_63_8300x001,"63.8300x001",True,"显微镜下附睾输精管吻合术","手术"
nhsa_jbzd_63_8400,"63.8400",True,"输精管结扎去除","手术"
nhsa_jbzd_63_8500,"63.8500",True,"输精管瓣膜去除","手术"
nhsa_jbzd_63_8900,"63.8900",True,"输精管和附睾的其他修补术","手术"
nhsa_jbzd_63_9100,"63.9100",True,"精液囊肿抽吸术","手术"
nhsa_jbzd_63_9200,"63.9200",True,"附睾切开术","手术"
nhsa_jbzd_63_9200x001,"63.9200x001",True,"附睾切开探查术","手术"
nhsa_jbzd_63_9200x002,"63.9200x002",True,"显微镜下附睾探查术","手术"
nhsa_jbzd_63_9300,"63.9300",True,"精索切开术","手术"
nhsa_jbzd_63_9400,"63.9400",True,"精索粘连松解术","手术"
nhsa_jbzd_63_9500,"63.9500",True,"输精管瓣膜置入","手术"
nhsa_jbzd_63_9900,"63.9900",True,"精索、附睾和输精管的其他手术","手术"
nhsa_jbzd_63_9900x001,"63.9900x001",True,"经尿道精囊镜输精管梗阻疏通术","手术"
nhsa_jbzd_63_9900x002,"63.9900x002",True,"经尿道射精管切开术","手术"
nhsa_jbzd_63_9901,"63.9901",True,"附睾穿刺取精子","手术"
nhsa_jbzd_64_0x00,"64.0x00",True,"包皮环切术","手术"
nhsa_jbzd_64_1100,"64.1100",True,"阴茎活组织检查","诊断性操作"
nhsa_jbzd_64_1900,"64.1900",True,"阴茎的其他诊断性操作","诊断性操作"
nhsa_jbzd_64_2x00,"64.2x00",True,"阴茎病损的局部切除术或破坏术","手术"
nhsa_jbzd_64_2x00x001,"64.2x00x001",True,"包皮瘢痕切除术","手术"
nhsa_jbzd_64_2x00x002,"64.2x00x002",True,"包皮病损切除术","手术"
nhsa_jbzd_64_2x00x003,"64.2x00x003",True,"阴茎瘢痕切除术","手术"
nhsa_jbzd_64_2x00x006,"64.2x00x006",True,"阴茎皮肤和皮下坏死组织切除清创术","手术"
nhsa_jbzd_64_2x00x007,"64.2x00x007",True,"阴茎皮肤和皮下组织非切除性清创","治疗性操作"
nhsa_jbzd_64_2x00x008,"64.2x00x008",True,"龟头病损切除术","手术"
nhsa_jbzd_64_2x01,"64.2x01",True,"阴茎病损切除术","手术"
nhsa_jbzd_64_3x00,"64.3x00",True,"阴茎截断术","手术"
nhsa_jbzd_64_3x01,"64.3x01",True,"阴茎部分切除术","手术"
nhsa_jbzd_64_3x02,"64.3x02",True,"阴茎全部切除术","手术"
nhsa_jbzd_64_4100,"64.4100",True,"阴茎裂伤缝合术","手术"
nhsa_jbzd_64_4200,"64.4200",True,"阴茎痛性勃起松解术","手术"
nhsa_jbzd_64_4300,"64.4300",True,"阴茎建造术","手术"
nhsa_jbzd_64_4400,"64.4400",True,"阴茎重建术","手术"
nhsa_jbzd_64_4500,"64.4500",True,"阴茎再植术","手术"
nhsa_jbzd_64_4500x002,"64.4500x002",True,"阴茎海绵体断裂修补术","手术"
nhsa_jbzd_64_4900,"64.4900",True,"阴茎的其他修补术","手术"
nhsa_jbzd_64_4901,"64.4901",True,"阴茎矫直术","手术"
nhsa_jbzd_64_4902,"64.4902",True,"阴茎延长术","手术"
nhsa_jbzd_64_4903,"64.4903",True,"阴茎增粗术","手术"
nhsa_jbzd_64_4904,"64.4904",True,"阴茎海绵体白膜修补术","手术"
nhsa_jbzd_64_4905,"64.4905",True,"转移皮瓣阴茎修补术","手术"
nhsa_jbzd_64_5x00,"64.5x00",True,"性转变手术","手术"
nhsa_jbzd_64_5x00x001,"64.5x00x001",True,"变性手术(男变女)","手术"
nhsa_jbzd_64_9100,"64.9100",True,"阴茎背侧或外侧包皮切开","手术"
nhsa_jbzd_64_9100x002,"64.9100x002",True,"阴茎瘢痕松解术","手术"
nhsa_jbzd_64_9100x003,"64.9100x003",True,"包皮粘连分离术","手术"
nhsa_jbzd_64_9101,"64.9101",True,"包皮切开术","手术"
nhsa_jbzd_64_9200,"64.9200",True,"阴茎切开术","手术"
nhsa_jbzd_64_9300,"64.9300",True,"阴茎粘连切断","手术"
nhsa_jbzd_64_9300x001,"64.9300x001",True,"阴茎粘连松解术","手术"
nhsa_jbzd_64_9400,"64.9400",True,"阴茎外部假体装配","手术"
nhsa_jbzd_64_9500,"64.9500",True,"非可膨胀性阴茎假体的置入或置换","手术"
nhsa_jbzd_64_9501,"64.9501",True,"非可膨胀性阴茎假体置入术","手术"
nhsa_jbzd_64_9502,"64.9502",True,"非可膨胀性阴茎假体置换术","手术"
nhsa_jbzd_64_9600,"64.9600",True,"去除阴茎内部假体","手术"
nhsa_jbzd_64_9700,"64.9700",True,"膨胀性阴茎假体置入或置换","手术"
nhsa_jbzd_64_9701,"64.9701",True,"膨胀性阴茎假体置入术","手术"
nhsa_jbzd_64_9702,"64.9702",True,"膨胀性阴茎假体置换术","手术"
nhsa_jbzd_64_9800,"64.9800",True,"阴茎的其他手术","手术"
nhsa_jbzd_64_9801,"64.9801",True,"阴茎海绵体分流术","手术"
nhsa_jbzd_64_9802,"64.9802",True,"阴茎海绵体冲洗术","手术"
nhsa_jbzd_64_9900,"64.9900",True,"男性生殖器官的其他手术","手术"
nhsa_jbzd_65_0100,"65.0100",True,"腹腔镜卵巢切开术","手术"
nhsa_jbzd_65_0100x002,"65.0100x002",True,"腹腔镜下卵巢切开探查术","手术"
nhsa_jbzd_65_0100x003,"65.0100x003",True,"腹腔镜下卵巢切开引流术","手术"
nhsa_jbzd_65_0101,"65.0101",True,"腹腔镜输卵管卵巢探查术","手术"
nhsa_jbzd_65_0102,"65.0102",True,"腹腔镜卵巢造口术","手术"
nhsa_jbzd_65_0103,"65.0103",True,"腹腔镜卵巢脓肿切开引流术","手术"
nhsa_jbzd_65_0104,"65.0104",True,"腹腔镜卵巢妊娠切开清除术","手术"
nhsa_jbzd_65_0105,"65.0105",True,"腹腔镜卵巢囊肿开窗术","手术"
nhsa_jbzd_65_0900,"65.0900",True,"其他卵巢切开术","手术"
nhsa_jbzd_65_0900x003,"65.0900x003",True,"卵巢切开探查术","手术"
nhsa_jbzd_65_0900x004,"65.0900x004",True,"卵巢切开血肿清除术","手术"
nhsa_jbzd_65_0900x005,"65.0900x005",True,"卵巢切开引流术","手术"
nhsa_jbzd_65_0901,"65.0901",True,"输卵管卵巢切开探查术","手术"
nhsa_jbzd_65_0902,"65.0902",True,"卵巢造口术","手术"
nhsa_jbzd_65_0903,"65.0903",True,"卵巢脓肿切开引流术","手术"
nhsa_jbzd_65_0905,"65.0905",True,"卵巢囊肿开窗术","手术"
nhsa_jbzd_65_1100,"65.1100",True,"卵巢抽吸活组织检查","诊断性操作"
nhsa_jbzd_65_1200,"65.1200",True,"卵巢其他活组织检查","诊断性操作"
nhsa_jbzd_65_1200x001,"65.1200x001",True,"直视下卵巢活检术","手术"
nhsa_jbzd_65_1201,"65.1201",True,"卵巢活组织检查","诊断性操作"
nhsa_jbzd_65_1300,"65.1300",True,"腹腔镜卵巢活组织检查","手术"
nhsa_jbzd_65_1400,"65.1400",True,"腹腔镜卵巢的其他诊断性操作","手术"
nhsa_jbzd_65_1900,"65.1900",True,"卵巢的其他诊断性操作","诊断性操作"
nhsa_jbzd_65_2100,"65.2100",True,"卵巢囊肿袋形缝合术[造袋术]","手术"
nhsa_jbzd_65_2200,"65.2200",True,"卵巢楔形切除术","手术"
nhsa_jbzd_65_2300,"65.2300",True,"腹腔镜卵巢囊肿袋形缝合术[造袋术]","手术"
nhsa_jbzd_65_2400,"65.2400",True,"腹腔镜卵巢楔形部分切除术","手术"
nhsa_jbzd_65_2500,"65.2500",True,"其他腹腔镜卵巢局部切除术或破坏术","手术"
nhsa_jbzd_65_2500x003,"65.2500x003",True,"腹腔镜下卵巢病损烧灼术","手术"
nhsa_jbzd_65_2500x005,"65.2500x005",True,"腹腔镜下卵巢囊肿穿刺术","手术"
nhsa_jbzd_65_2500x011,"65.2500x011",True,"腹腔镜下卵巢电凝术","手术"
nhsa_jbzd_65_2501,"65.2501",True,"腹腔镜卵巢病损切除术","手术"
nhsa_jbzd_65_2502,"65.2502",True,"腹腔镜卵巢病损破坏术","手术"
nhsa_jbzd_65_2503,"65.2503",True,"腹腔镜卵巢黄体切除术","手术"
nhsa_jbzd_65_2504,"65.2504",True,"腹腔镜卵巢黄体破坏术","手术"
nhsa_jbzd_65_2505,"65.2505",True,"腹腔镜卵巢部分切除术","手术"
nhsa_jbzd_65_2900,"65.2900",True,"卵巢的其他局部切除术或破坏术","手术"
nhsa_jbzd_65_2900x001,"65.2900x001",True,"卵巢病损烧灼术","手术"
nhsa_jbzd_65_2900x007,"65.2900x007",True,"卵巢黄体血肿清除术","手术"
nhsa_jbzd_65_2900x011,"65.2900x011",True,"卵巢囊肿穿刺术","手术"
nhsa_jbzd_65_2900x022,"65.2900x022",True,"经阴道卵巢囊肿穿刺术","治疗性操作"
nhsa_jbzd_65_2900x023,"65.2900x023",True,"卵巢黄体切除术","手术"
nhsa_jbzd_65_2901,"65.2901",True,"卵巢病损切除术","手术"
nhsa_jbzd_65_2902,"65.2902",True,"卵巢病损破坏术","手术"
nhsa_jbzd_65_2903,"65.2903",True,"经阴道卵巢病损切除术","手术"
nhsa_jbzd_65_2904,"65.2904",True,"经阴道卵巢病损破坏术","手术"
nhsa_jbzd_65_2906,"65.2906",True,"卵巢部分切除术","手术"
nhsa_jbzd_65_3100,"65.3100",True,"腹腔镜单侧卵巢切除术","手术"
nhsa_jbzd_65_3900,"65.3900",True,"单侧卵巢的其他切除术","手术"
nhsa_jbzd_65_3900x001,"65.3900x001",True,"单侧卵巢切除术","手术"
nhsa_jbzd_65_3900x002,"65.3900x002",True,"经阴道单侧卵巢切除术","手术"
nhsa_jbzd_65_4100,"65.4100",True,"腹腔镜单侧输卵管-卵巢切除术","手术"
nhsa_jbzd_65_4900,"65.4900",True,"单侧输卵管-卵巢的其他切除术","手术"
nhsa_jbzd_65_4900x001,"65.4900x001",True,"单侧输卵管-卵巢切除术","手术"
nhsa_jbzd_65_4901,"65.4901",True,"经阴道单侧输卵管卵巢切除术","手术"
nhsa_jbzd_65_5100,"65.5100",True,"双侧卵巢切除术","手术"
nhsa_jbzd_65_5100x001,"65.5100x001",True,"女性去势术","手术"
nhsa_jbzd_65_5100x003,"65.5100x003",True,"经阴道双侧卵巢切除术","手术"
nhsa_jbzd_65_5200,"65.5200",True,"残留卵巢其他切除","手术"
nhsa_jbzd_65_5200x001,"65.5200x001",True,"残留卵巢切除术","手术"
nhsa_jbzd_65_5300,"65.5300",True,"腹腔镜双侧卵巢切除术","手术"
nhsa_jbzd_65_5400,"65.5400",True,"腹腔镜残留卵巢切除术","手术"
nhsa_jbzd_65_6100,"65.6100",True,"双侧输卵管卵巢切除术","手术"
nhsa_jbzd_65_6101,"65.6101",True,"经阴道双侧输卵管卵巢切除术","手术"
nhsa_jbzd_65_6200,"65.6200",True,"其他残留卵巢和输卵管切除术","手术"
nhsa_jbzd_65_6200x001,"65.6200x001",True,"残留输卵管-卵巢切除术","手术"
nhsa_jbzd_65_6300,"65.6300",True,"腹腔镜双侧卵巢和输卵管切除术","手术"
nhsa_jbzd_65_6300x001,"65.6300x001",True,"腹腔镜下经阴道双侧卵巢和输卵管切除术","手术"
nhsa_jbzd_65_6400,"65.6400",True,"腹腔镜残留卵巢和输卵管切除术","手术"
nhsa_jbzd_65_7100,"65.7100",True,"其他单纯卵巢缝合术","手术"
nhsa_jbzd_65_7100x001,"65.7100x001",True,"卵巢单纯缝合术","手术"
nhsa_jbzd_65_7200,"65.7200",True,"其他卵巢再植入术","手术"
nhsa_jbzd_65_7200x001,"65.7200x001",True,"卵巢再植入术","手术"
nhsa_jbzd_65_7300,"65.7300",True,"其他输卵管卵巢成形术","手术"
nhsa_jbzd_65_7300x001,"65.7300x001",True,"输卵管-卵巢成形术","手术"
nhsa_jbzd_65_7400,"65.7400",True,"腹腔镜卵巢单纯缝合术","手术"
nhsa_jbzd_65_7500,"65.7500",True,"腹腔镜卵巢再植入","手术"
nhsa_jbzd_65_7600,"65.7600",True,"腹腔镜输卵管卵巢成形术","手术"
nhsa_jbzd_65_7900,"65.7900",True,"卵巢其他修补术","手术"
nhsa_jbzd_65_7900x008,"65.7900x008",True,"腹腔镜下卵巢破裂修补术","手术"
nhsa_jbzd_65_7900x009,"65.7900x009",True,"腹腔镜下卵巢破裂止血术","手术"
nhsa_jbzd_65_7900x010,"65.7900x010",True,"卵巢重建术","手术"
nhsa_jbzd_65_7901,"65.7901",True,"卵巢成形术","手术"
nhsa_jbzd_65_7902,"65.7902",True,"卵巢固定术","手术"
nhsa_jbzd_65_7903,"65.7903",True,"卵巢悬吊术","手术"
nhsa_jbzd_65_7904,"65.7904",True,"腹腔镜卵巢悬吊术","手术"
nhsa_jbzd_65_7905,"65.7905",True,"腹腔镜卵巢成形术","手术"
nhsa_jbzd_65_8100,"65.8100",True,"腹腔镜卵巢和输卵管粘连松解术","手术"
nhsa_jbzd_65_8101,"65.8101",True,"腹腔镜卵巢粘连松解术","手术"
nhsa_jbzd_65_8102,"65.8102",True,"腹腔镜输卵管粘连松解术","手术"
nhsa_jbzd_65_8900,"65.8900",True,"卵巢和输卵管粘连的其他松解术","手术"
nhsa_jbzd_65_8900x001,"65.8900x001",True,"输卵管-卵巢粘连松解术","手术"
nhsa_jbzd_65_8901,"65.8901",True,"卵巢粘连松解术","手术"
nhsa_jbzd_65_8902,"65.8902",True,"输卵管粘连松解术","手术"
nhsa_jbzd_65_9100,"65.9100",True,"卵巢抽吸术","手术"
nhsa_jbzd_65_9101,"65.9101",True,"腹腔镜卵巢穿刺抽吸术","手术"
nhsa_jbzd_65_9200,"65.9200",True,"卵巢移植术","手术"
nhsa_jbzd_65_9300,"65.9300",True,"卵巢囊肿手法破裂术","手术"
nhsa_jbzd_65_9400,"65.9400",True,"卵巢去神经术","手术"
nhsa_jbzd_65_9500,"65.9500",True,"卵巢扭转松解术","手术"
nhsa_jbzd_65_9900,"65.9900",True,"卵巢其他手术","手术"
nhsa_jbzd_65_9900x005,"65.9900x005",True,"卵巢卵泡穿刺术","手术"
nhsa_jbzd_65_9900x006,"65.9900x006",True,"腹腔镜下卵巢穿刺取卵术","手术"
nhsa_jbzd_65_9900x007,"65.9900x007",True,"性腺切除术","手术"
nhsa_jbzd_65_9900x008,"65.9900x008",True,"超声引导下卵巢穿刺取卵术","治疗性操作"
nhsa_jbzd_65_9901,"65.9901",True,"卵巢打孔术","手术"
nhsa_jbzd_65_9902,"65.9902",True,"腹腔镜卵巢打孔术","手术"
nhsa_jbzd_66_0100,"66.0100",True,"输卵管切开术","手术"
nhsa_jbzd_66_0100x003,"66.0100x003",True,"腹腔镜下输卵管切开引流术","手术"
nhsa_jbzd_66_0100x005,"66.0100x005",True,"输卵管切开引流术","手术"
nhsa_jbzd_66_0100x006,"66.0100x006",True,"输卵管切开妊娠物去除术","手术"
nhsa_jbzd_66_0100x008,"66.0100x008",True,"输卵管切开探查术","手术"
nhsa_jbzd_66_0101,"66.0101",True,"腹腔镜输卵管探查术","手术"
nhsa_jbzd_66_0102,"66.0102",True,"腹腔镜输卵管切开术","手术"
nhsa_jbzd_66_0103,"66.0103",True,"腹腔镜输卵管妊娠切开去除术","手术"
nhsa_jbzd_66_0200,"66.0200",True,"输卵管造口术","手术"
nhsa_jbzd_66_0201,"66.0201",True,"输卵管造口去除输卵管妊娠术","手术"
nhsa_jbzd_66_0202,"66.0202",True,"腹腔镜输卵管造口术","手术"
nhsa_jbzd_66_0203,"66.0203",True,"腹腔镜输卵管造口去除输卵管妊娠术","手术"
nhsa_jbzd_66_1100,"66.1100",True,"输卵管的活组织检查","诊断性操作"
nhsa_jbzd_66_1101,"66.1101",True,"腹腔镜输卵管活组织检查","手术"
nhsa_jbzd_66_1900,"66.1900",True,"输卵管的其他诊断性操作","诊断性操作"
nhsa_jbzd_66_1900x001,"66.1900x001",True,"输卵管镜检查","诊断性操作"
nhsa_jbzd_66_2100,"66.2100",True,"内镜下双侧输卵管结扎术和挤压术","手术"
nhsa_jbzd_66_2101,"66.2101",True,"腹腔镜双侧输卵管挤压术","手术"
nhsa_jbzd_66_2102,"66.2102",True,"腹腔镜双侧输卵管结扎和挤压术","手术"
nhsa_jbzd_66_2200,"66.2200",True,"双侧输卵管内镜下结扎术和切断术","手术"
nhsa_jbzd_66_2200x001,"66.2200x001",True,"腹腔镜下双侧输卵管切断术","手术"
nhsa_jbzd_66_2201,"66.2201",True,"腹腔镜双侧输卵管结扎和切断术","手术"
nhsa_jbzd_66_2900,"66.2900",True,"双侧输卵管内镜下其他破坏术或闭合术","手术"
nhsa_jbzd_66_2900x001,"66.2900x001",True,"腹腔镜下双侧输卵管电凝术","手术"
nhsa_jbzd_66_2900x003,"66.2900x003",True,"宫腔镜下输卵管栓塞术","手术"
nhsa_jbzd_66_2901,"66.2901",True,"腹腔镜输卵管绝育术","手术"
nhsa_jbzd_66_2902,"66.2902",True,"腹腔镜输卵管激光绝育术","手术"
nhsa_jbzd_66_2903,"66.2903",True,"腹腔镜双侧输卵管结扎术","手术"
nhsa_jbzd_66_3100,"66.3100",True,"双侧输卵管其他结扎术和挤压术","手术"
nhsa_jbzd_66_3200,"66.3200",True,"双侧输卵管其他结扎术和切断术","手术"
nhsa_jbzd_66_3200x001,"66.3200x001",True,"双侧输卵管切断术","手术"
nhsa_jbzd_66_3200x002,"66.3200x002",True,"波罗伊手术[Pomeroy手术]","手术"
nhsa_jbzd_66_3201,"66.3201",True,"双侧输卵管抽芯包埋术","手术"
nhsa_jbzd_66_3900,"66.3900",True,"双侧输卵管其他破坏术或闭合","手术"
nhsa_jbzd_66_3900x001,"66.3900x001",True,"输卵管绝育术","手术"
nhsa_jbzd_66_3900x004,"66.3900x004",True,"双侧输卵管结扎术","手术"
nhsa_jbzd_66_3901,"66.3901",True,"双侧输卵管粘堵术","手术"
nhsa_jbzd_66_3902,"66.3902",True,"双侧输卵管套环绝育术","手术"
nhsa_jbzd_66_4x00,"66.4x00",True,"单侧输卵管全部切除术","手术"
nhsa_jbzd_66_4x01,"66.4x01",True,"经阴道单侧输卵管切除术","手术"
nhsa_jbzd_66_4x02,"66.4x02",True,"腹腔镜单侧输卵管切除术","手术"
nhsa_jbzd_66_5100,"66.5100",True,"双侧输卵管切除术","手术"
nhsa_jbzd_66_5101,"66.5101",True,"经阴道双侧输卵管切除术","手术"
nhsa_jbzd_66_5102,"66.5102",True,"腹腔镜双侧输卵管切除术","手术"
nhsa_jbzd_66_5200,"66.5200",True,"残留输卵管切除术","手术"
nhsa_jbzd_66_5201,"66.5201",True,"腹腔镜残留输卵管切除术","手术"
nhsa_jbzd_66_6100,"66.6100",True,"输卵管病损切除术或破坏术","手术"
nhsa_jbzd_66_6100x001,"66.6100x001",True,"经阴道输卵管病损切除术","手术"
nhsa_jbzd_66_6100x002,"66.6100x002",True,"腹腔镜下泡状附件电灼术","手术"
nhsa_jbzd_66_6100x003,"66.6100x003",True,"腹腔镜下泡状附件切除术","手术"
nhsa_jbzd_66_6100x006,"66.6100x006",True,"腹腔镜下输卵管伞端电凝术","手术"
nhsa_jbzd_66_6100x007,"66.6100x007",True,"腹腔镜下输卵管系膜病损切除术","手术"
nhsa_jbzd_66_6100x008,"66.6100x008",True,"泡状附件切除术","手术"
nhsa_jbzd_66_6100x011,"66.6100x011",True,"输卵管病损烧灼术","手术"
nhsa_jbzd_66_6100x012,"66.6100x012",True,"输卵管系膜病损切除术","手术"
nhsa_jbzd_66_6100x014,"66.6100x014",True,"输卵管血肿清除术","手术"
nhsa_jbzd_66_6101,"66.6101",True,"输卵管病损破坏术","手术"
nhsa_jbzd_66_6102,"66.6102",True,"输卵管病损切除术","手术"
nhsa_jbzd_66_6103,"66.6103",True,"腹腔镜输卵管病损破坏术","手术"
nhsa_jbzd_66_6104,"66.6104",True,"腹腔镜输卵管病损切除术","手术"
nhsa_jbzd_66_6200,"66.6200",True,"输卵管切除术伴去除输卵管妊娠","手术"
nhsa_jbzd_66_6200x003,"66.6200x003",True,"输卵管部分切除伴输卵管妊娠物去除术","手术"
nhsa_jbzd_66_6200x004,"66.6200x004",True,"腹腔镜下输卵管部分切除伴输卵管妊娠物去除术","手术"
nhsa_jbzd_66_6201,"66.6201",True,"腹腔镜输卵管切除伴输卵管妊娠去除术","手术"
nhsa_jbzd_66_6300,"66.6300",True,"双侧输卵管部分切除术","手术"
nhsa_jbzd_66_6301,"66.6301",True,"腹腔镜双侧输卵管部分切除术","手术"
nhsa_jbzd_66_6900,"66.6900",True,"其他部分输卵管切除术","手术"
nhsa_jbzd_66_6901,"66.6901",True,"单侧输卵管部分切除术","手术"
nhsa_jbzd_66_6902,"66.6902",True,"腹腔镜单侧输卵管部分切除术","手术"
nhsa_jbzd_66_69x001,"66.69x001",True,"输卵管伞切除术","手术"
nhsa_jbzd_66_69x002,"66.69x002",True,"腹腔镜下输卵管伞切除术","手术"
nhsa_jbzd_66_7100,"66.7100",True,"单纯输卵管缝合术","手术"
nhsa_jbzd_66_7100x002,"66.7100x002",True,"腹腔镜下输卵管单纯缝合术","手术"
nhsa_jbzd_66_7200,"66.7200",True,"输卵管卵巢吻合术","手术"
nhsa_jbzd_66_7300,"66.7300",True,"输卵管输卵管吻合术","手术"
nhsa_jbzd_66_7301,"66.7301",True,"腹腔镜输卵管输卵管吻合术","手术"
nhsa_jbzd_66_7400,"66.7400",True,"输卵管子宫吻合术","手术"
nhsa_jbzd_66_7401,"66.7401",True,"输卵管子宫角植入术","手术"
nhsa_jbzd_66_7900,"66.7900",True,"输卵管其他修补术","手术"
nhsa_jbzd_66_7900x004,"66.7900x004",True,"输卵管结扎再通术","手术"
nhsa_jbzd_66_7900x008,"66.7900x008",True,"腹腔镜下输卵管导丝复通术","手术"
nhsa_jbzd_66_7900x009,"66.7900x009",True,"腹腔镜下输卵管复位术","手术"
nhsa_jbzd_66_7900x010,"66.7900x010",True,"输卵管复位术","手术"
nhsa_jbzd_66_7901,"66.7901",True,"输卵管成形术","手术"
nhsa_jbzd_66_7902,"66.7902",True,"输卵管移植术","手术"
nhsa_jbzd_66_7903,"66.7903",True,"输卵管结扎去除术","手术"
nhsa_jbzd_66_7904,"66.7904",True,"输卵管切断再通术","手术"
nhsa_jbzd_66_7905,"66.7905",True,"腹腔镜输卵管成形术","手术"
nhsa_jbzd_66_7906,"66.7906",True,"腹腔镜输卵管伞端成形术","手术"
nhsa_jbzd_66_8x00,"66.8x00",True,"输卵管鼓气法","治疗性操作"
nhsa_jbzd_66_8x00x001,"66.8x00x001",True,"输卵管注气术","治疗性操作"
nhsa_jbzd_66_8x00x007,"66.8x00x007",True,"超声引导下输卵管通液术","治疗性操作"
nhsa_jbzd_66_8x01,"66.8x01",True,"输卵管通液术","治疗性操作"
nhsa_jbzd_66_8x02,"66.8x02",True,"腹腔镜输卵管通液术","手术"
nhsa_jbzd_66_8x03,"66.8x03",True,"宫腔镜输卵管通液术","治疗性操作"
nhsa_jbzd_66_9100,"66.9100",True,"输卵管抽吸术","治疗性操作"
nhsa_jbzd_66_9100x003,"66.9100x003",True,"腹腔镜下输卵管穿刺引流术","手术"
nhsa_jbzd_66_9100x004,"66.9100x004",True,"经阴道输卵管穿刺引流术","治疗性操作"
nhsa_jbzd_66_9101,"66.9101",True,"输卵管穿刺术","治疗性操作"
nhsa_jbzd_66_9200,"66.9200",True,"单侧输卵管破坏或闭合","手术"
nhsa_jbzd_66_9200x001,"66.9200x001",True,"阴道式输卵管结扎术","手术"
nhsa_jbzd_66_9201,"66.9201",True,"单侧输卵管挤压术","手术"
nhsa_jbzd_66_9202,"66.9202",True,"单侧输卵管结扎术","手术"
nhsa_jbzd_66_9203,"66.9203",True,"腹腔镜单侧输卵管结扎术","手术"
nhsa_jbzd_66_9204,"66.9204",True,"腹腔镜单侧输卵管切断术","手术"
nhsa_jbzd_66_9205,"66.9205",True,"腹腔镜单侧输卵管破坏术","手术"
nhsa_jbzd_66_9300,"66.9300",True,"输卵管假体置入或置换","手术"
nhsa_jbzd_66_9301,"66.9301",True,"输卵管假体置入术","手术"
nhsa_jbzd_66_9302,"66.9302",True,"输卵管假体置换术","手术"
nhsa_jbzd_66_9400,"66.9400",True,"输卵管假体去除","手术"
nhsa_jbzd_66_9500,"66.9500",True,"治疗性物质吹入输卵管","治疗性操作"
nhsa_jbzd_66_9500x001,"66.9500x001",True,"腹腔镜下输卵管甲氨蝶呤注射术[MTX注射术]","手术"
nhsa_jbzd_66_9500x004,"66.9500x004",True,"输卵管甲氨蝶呤注射术[MTX注射术]","治疗性操作"
nhsa_jbzd_66_9501,"66.9501",True,"输卵管注药术","治疗性操作"
nhsa_jbzd_66_9502,"66.9502",True,"腹腔镜输卵管注药术","手术"
nhsa_jbzd_66_9600,"66.9600",True,"输卵管扩张术","手术"
nhsa_jbzd_66_9600x002,"66.9600x002",True,"腹腔镜下输卵管扩张术","手术"
nhsa_jbzd_66_9600x003,"66.9600x003",True,"宫腔镜下输卵管疏通术","治疗性操作"
nhsa_jbzd_66_9700,"66.9700",True,"输卵管伞埋入子宫壁","手术"
nhsa_jbzd_66_9900,"66.9900",True,"输卵管的其他手术","手术"
nhsa_jbzd_67_0x00,"67.0x00",True,"子宫颈管扩张","治疗性操作"
nhsa_jbzd_67_0x00x002,"67.0x00x002",True,"子宫颈粘连松解术","手术"
nhsa_jbzd_67_0x01,"67.0x01",True,"子宫颈支架置入术","治疗性操作"
nhsa_jbzd_67_1100,"67.1100",True,"子宫颈内活组织检查","诊断性操作"
nhsa_jbzd_67_1200,"67.1200",True,"子宫颈的其他活组织检查","诊断性操作"
nhsa_jbzd_67_1200x001,"67.1200x001",True,"子宫颈活检","诊断性操作"
nhsa_jbzd_67_1900,"67.1900",True,"子宫颈的其他诊断性操作","诊断性操作"
nhsa_jbzd_67_1901,"67.1901",True,"子宫颈管搔刮术","诊断性操作"
nhsa_jbzd_67_2x00,"67.2x00",True,"子宫颈锥形切除术","手术"
nhsa_jbzd_67_2x01,"67.2x01",True,"宫腔镜子宫颈锥形切除术","手术"
nhsa_jbzd_67_3100,"67.3100",True,"子宫颈囊肿袋形缝合术[造袋术]","手术"
nhsa_jbzd_67_3200,"67.3200",True,"子宫颈病损烧灼破坏术","手术"
nhsa_jbzd_67_3200x009,"67.3200x009",True,"子宫颈电凝止血术","手术"
nhsa_jbzd_67_3200x012,"67.3200x012",True,"子宫颈转化区大环形切除术[LLETZ]","手术"
nhsa_jbzd_67_3201,"67.3201",True,"子宫颈环形电切术","手术"
nhsa_jbzd_67_3202,"67.3202",True,"子宫颈锥形电切术","手术"
nhsa_jbzd_67_3203,"67.3203",True,"宫腔镜子宫颈病损电切术","手术"
nhsa_jbzd_67_3300,"67.3300",True,"子宫颈病损冷冻破坏术","手术"
nhsa_jbzd_67_3301,"67.3301",True,"子宫颈冷冻治疗术","手术"
nhsa_jbzd_67_3302,"67.3302",True,"子宫颈冷冻锥形切除术","手术"
nhsa_jbzd_67_3900,"67.3900",True,"子宫颈病损或组织的其他切除术或破坏术","手术"
nhsa_jbzd_67_3900x001,"67.3900x001",True,"经阴道子宫颈病损切除术","手术"
nhsa_jbzd_67_3900x002,"67.3900x002",True,"子宫颈囊肿开窗术","手术"
nhsa_jbzd_67_3901,"67.3901",True,"子宫颈内膜旋切术","手术"
nhsa_jbzd_67_3902,"67.3902",True,"宫腔镜子宫颈病损切除术","手术"
nhsa_jbzd_67_3903,"67.3903",True,"腹腔镜子宫颈病损切除术","手术"
nhsa_jbzd_67_3904,"67.3904",True,"子宫颈病损切除术","手术"
nhsa_jbzd_67_3905,"67.3905",True,"子宫颈肌瘤切除术","手术"
nhsa_jbzd_67_4x00,"67.4x00",True,"子宫颈截断术","手术"
nhsa_jbzd_67_4x00x002,"67.4x00x002",True,"子宫颈广泛性切除术","手术"
nhsa_jbzd_67_4x00x005,"67.4x00x005",True,"子宫颈切除术","手术"
nhsa_jbzd_67_4x00x006,"67.4x00x006",True,"子宫颈部分切除术（阴式）[曼氏手术]","手术"
nhsa_jbzd_67_4x01,"67.4x01",True,"子宫颈部分切除术","手术"
nhsa_jbzd_67_4x02,"67.4x02",True,"残余子宫颈切除术","手术"
nhsa_jbzd_67_4x03,"67.4x03",True,"经阴道子宫颈切除术","手术"
nhsa_jbzd_67_4x04,"67.4x04",True,"子宫颈切除伴阴道缝合术","手术"
nhsa_jbzd_67_4x05,"67.4x05",True,"腹腔镜子宫颈切除术","手术"
nhsa_jbzd_67_4x06,"67.4x06",True,"腹腔镜残余子宫颈切除术","手术"
nhsa_jbzd_67_4x07,"67.4x07",True,"腹腔镜阴式子宫颈切除术","手术"
nhsa_jbzd_67_4x08,"67.4x08",True,"宫腔镜子宫颈切除术","手术"
nhsa_jbzd_67_5100,"67.5100",True,"经腹子宫颈环扎术","手术"
nhsa_jbzd_67_5101,"67.5101",True,"腹腔镜子宫颈环扎术","手术"
nhsa_jbzd_67_5900,"67.5900",True,"子宫颈内口的其他修补术","手术"
nhsa_jbzd_67_5900x001,"67.5900x001",True,"希罗德卡手术[Shirodkar]","手术"
nhsa_jbzd_67_5900x002,"67.5900x002",True,"子宫峡部环扎术","手术"
nhsa_jbzd_67_5900x003,"67.5900x003",True,"子宫颈环扎术[McDonald手术]","手术"
nhsa_jbzd_67_5901,"67.5901",True,"经阴道子宫颈环扎术","手术"
nhsa_jbzd_67_6100,"67.6100",True,"子宫颈裂伤缝合术","手术"
nhsa_jbzd_67_6200,"67.6200",True,"子宫颈瘘管修补术","手术"
nhsa_jbzd_67_6201,"67.6201",True,"子宫颈阴道瘘修补术","手术"
nhsa_jbzd_67_6202,"67.6202",True,"子宫颈乙状结肠瘘修补术","手术"
nhsa_jbzd_67_6900,"67.6900",True,"子宫颈的其他修补术","手术"
nhsa_jbzd_67_6901,"67.6901",True,"子宫颈成形术","手术"
nhsa_jbzd_67_6902,"67.6902",True,"子宫颈陈旧性产科裂伤修补术","手术"
nhsa_jbzd_68_0x00,"68.0x00",True,"子宫切开术","手术"
nhsa_jbzd_68_0x00x004,"68.0x00x004",True,"子宫切开探查术","手术"
nhsa_jbzd_68_0x00x005,"68.0x00x005",True,"子宫切开异物取出术","手术"
nhsa_jbzd_68_0x00x006,"68.0x00x006",True,"腹腔镜下子宫切开异物取出术","手术"
nhsa_jbzd_68_0x00x007,"68.0x00x007",True,"子宫切开葡萄胎去除术","手术"
nhsa_jbzd_68_0x01,"68.0x01",True,"腹腔镜子宫切开术","手术"
nhsa_jbzd_68_1100,"68.1100",True,"子宫指检","诊断性操作"
nhsa_jbzd_68_1200,"68.1200",True,"子宫镜检查","诊断性操作"
nhsa_jbzd_68_1200x001,"68.1200x001",True,"宫腔镜检查","诊断性操作"
nhsa_jbzd_68_1300,"68.1300",True,"开放性子宫活组织检查","手术"
nhsa_jbzd_68_1400,"68.1400",True,"开放性子宫韧带活组织检查","手术"
nhsa_jbzd_68_1500,"68.1500",True,"闭合性子宫韧带活组织检查","诊断性操作"
nhsa_jbzd_68_1501,"68.1501",True,"腹腔镜子宫韧带活组织检查","手术"
nhsa_jbzd_68_1600,"68.1600",True,"闭合性子宫活组织检查","诊断性操作"
nhsa_jbzd_68_1601,"68.1601",True,"腹腔镜子宫活组织检查","手术"
nhsa_jbzd_68_1602,"68.1602",True,"宫腔镜子宫活组织检查","诊断性操作"
nhsa_jbzd_68_1900,"68.1900",True,"子宫和支持结构的其他诊断性操作","诊断性操作"
nhsa_jbzd_68_1901,"68.1901",True,"子宫诊断性探查术","诊断性操作"
nhsa_jbzd_68_2100,"68.2100",True,"子宫内膜粘连切断术","手术"
nhsa_jbzd_68_2100x002,"68.2100x002",True,"子宫内膜粘连松解术","手术"
nhsa_jbzd_68_2101,"68.2101",True,"宫腔镜子宫内膜粘连松解术","手术"
nhsa_jbzd_68_2200,"68.2200",True,"子宫先天性隔膜切开术或切除术","手术"
nhsa_jbzd_68_2201,"68.2201",True,"子宫隔膜切开术","手术"
nhsa_jbzd_68_2202,"68.2202",True,"子宫隔膜切除术","手术"
nhsa_jbzd_68_2203,"68.2203",True,"腹腔镜子宫隔膜切开术","手术"
nhsa_jbzd_68_2204,"68.2204",True,"宫腔镜子宫隔膜切开术","手术"
nhsa_jbzd_68_2205,"68.2205",True,"腹腔镜子宫隔膜切除术","手术"
nhsa_jbzd_68_2206,"68.2206",True,"宫腔镜子宫隔膜切除术","手术"
nhsa_jbzd_68_2300,"68.2300",True,"子宫内膜切除术","手术"
nhsa_jbzd_68_2300x005,"68.2300x005",True,"宫腔镜下子宫内膜热球去除术","手术"
nhsa_jbzd_68_2301,"68.2301",True,"子宫内膜射频消融术","手术"
nhsa_jbzd_68_2302,"68.2302",True,"宫腔镜子宫内膜切除术","手术"
nhsa_jbzd_68_2400,"68.2400",True,"子宫动脉弹簧圈栓塞[UAE]","介入治疗"
nhsa_jbzd_68_2401,"68.2401",True,"腹腔镜子宫动脉弹簧圈栓塞[UAE]","手术"
nhsa_jbzd_68_2500,"68.2500",True,"子宫动脉栓塞[UAE]不伴弹簧圈","介入治疗"
nhsa_jbzd_68_2500x001,"68.2500x001",True,"子宫动脉栓塞术","介入治疗"
nhsa_jbzd_68_2501,"68.2501",True,"腹腔镜子宫动脉栓塞术","手术"
nhsa_jbzd_68_2900,"68.2900",True,"子宫病损的其他切除术或破坏术","手术"
nhsa_jbzd_68_2900x013,"68.2900x013",True,"腹腔镜下子宫断蒂止血术","手术"
nhsa_jbzd_68_2900x028,"68.2900x028",True,"子宫病损烧灼术","手术"
nhsa_jbzd_68_2900x031,"68.2900x031",True,"子宫病损电凝术","手术"
nhsa_jbzd_68_2900x035,"68.2900x035",True,"子宫角部分切除术","手术"
nhsa_jbzd_68_2900x037,"68.2900x037",True,"子宫角楔形切除术","手术"
nhsa_jbzd_68_2900x038,"68.2900x038",True,"子宫内膜病损烧灼术","手术"
nhsa_jbzd_68_2900x048,"68.2900x048",True,"宫腔镜下子宫电凝止血术","手术"
nhsa_jbzd_68_2901,"68.2901",True,"子宫肌瘤切除术","手术"
nhsa_jbzd_68_2902,"68.2902",True,"子宫内膜病损破坏术","手术"
nhsa_jbzd_68_2903,"68.2903",True,"子宫内膜病损切除术","手术"
nhsa_jbzd_68_2904,"68.2904",True,"子宫病损破坏术","手术"
nhsa_jbzd_68_2905,"68.2905",True,"子宫病损射频消融术","手术"
nhsa_jbzd_68_2906,"68.2906",True,"子宫病损切除术","手术"
nhsa_jbzd_68_2907,"68.2907",True,"经阴道子宫病损切除术","手术"
nhsa_jbzd_68_2908,"68.2908",True,"腹腔镜子宫内膜病损烧灼术","手术"
nhsa_jbzd_68_2909,"68.2909",True,"腹腔镜子宫病损电凝术","手术"
nhsa_jbzd_68_2910,"68.2910",True,"腹腔镜子宫病损射频消融术","手术"
nhsa_jbzd_68_2911,"68.2911",True,"腹腔镜子宫病损激光切除术","手术"
nhsa_jbzd_68_2912,"68.2912",True,"腹腔镜子宫病损切除术","手术"
nhsa_jbzd_68_2913,"68.2913",True,"宫腔镜子宫病损电切术","手术"
nhsa_jbzd_68_2914,"68.2914",True,"宫腔镜子宫病损射频消融术","手术"
nhsa_jbzd_68_2915,"68.2915",True,"宫腔镜子宫内膜病损切除术","手术"
nhsa_jbzd_68_2916,"68.2916",True,"宫腔镜子宫内膜成形术","手术"
nhsa_jbzd_68_2917,"68.2917",True,"宫腔镜子宫病损切除术","手术"
nhsa_jbzd_68_2918,"68.2918",True,"腹腔镜辅助经阴道子宫病损切除术","手术"
nhsa_jbzd_68_3100,"68.3100",True,"腹腔镜子宫颈上子宫切除术[LSH]","手术"
nhsa_jbzd_68_3100x002,"68.3100x002",True,"筋膜内子宫切除术[CISH手术]","手术"
nhsa_jbzd_68_3101,"68.3101",True,"标准子宫筋膜内子宫切除术","手术"
nhsa_jbzd_68_3102,"68.3102",True,"腹腔镜子宫次全切除术","手术"
nhsa_jbzd_68_3103,"68.3103",True,"腹腔镜子宫楔形切除术","手术"
nhsa_jbzd_68_3104,"68.3104",True,"腹腔镜残角子宫切除术","手术"
nhsa_jbzd_68_3105,"68.3105",True,"腹腔镜双子宫单侧切除术","手术"
nhsa_jbzd_68_3106,"68.3106",True,"腹腔镜辅助子宫颈上子宫切除术","手术"
nhsa_jbzd_68_3900,"68.3900",True,"其他和未特指的腹部次全子宫切除术","手术"
nhsa_jbzd_68_3900x003,"68.3900x003",True,"子宫颈上子宫切除术","手术"
nhsa_jbzd_68_3901,"68.3901",True,"子宫次全切除术","手术"
nhsa_jbzd_68_3902,"68.3902",True,"子宫部分切除术","手术"
nhsa_jbzd_68_3903,"68.3903",True,"子宫角切除术","手术"
nhsa_jbzd_68_3904,"68.3904",True,"子宫楔形切除术","手术"
nhsa_jbzd_68_3905,"68.3905",True,"残角子宫切除术","手术"
nhsa_jbzd_68_3906,"68.3906",True,"双子宫单侧切除术","手术"
nhsa_jbzd_68_3907,"68.3907",True,"双角子宫切除术","手术"
nhsa_jbzd_68_4100,"68.4100",True,"腹腔镜经腹全子宫切除术","手术"
nhsa_jbzd_68_4101,"68.4101",True,"腹腔镜经腹子宫扩大切除术","手术"
nhsa_jbzd_68_4102,"68.4102",True,"腹腔镜经腹筋膜外子宫切除术","手术"
nhsa_jbzd_68_4103,"68.4103",True,"腹腔镜经腹始基子宫切除术","手术"
nhsa_jbzd_68_4104,"68.4104",True,"腹腔镜经腹双子宫切除术","手术"
nhsa_jbzd_68_4900,"68.4900",True,"其他和未特指的腹式全子宫切除术","手术"
nhsa_jbzd_68_4900x004,"68.4900x004",True,"始基子宫切除术","手术"
nhsa_jbzd_68_4901,"68.4901",True,"经腹全子宫切除术","手术"
nhsa_jbzd_68_4902,"68.4902",True,"经腹筋膜外全子宫切除术","手术"
nhsa_jbzd_68_4903,"68.4903",True,"经腹扩大性全子宫切除术","手术"
nhsa_jbzd_68_4905,"68.4905",True,"经腹双子宫切除术","手术"
nhsa_jbzd_68_5100,"68.5100",True,"腹腔镜辅助阴道子宫切除术(LAVH)","手术"
nhsa_jbzd_68_5100x004,"68.5100x004",True,"腹腔镜辅助经阴道始基子宫切除术","手术"
nhsa_jbzd_68_5100x005,"68.5100x005",True,"腹腔镜辅助经阴道子宫次全切除术","手术"
nhsa_jbzd_68_5101,"68.5101",True,"腹腔镜辅助经阴道子宫扩大切除术","手术"
nhsa_jbzd_68_5102,"68.5102",True,"腹腔镜辅助经阴道筋膜内子宫切除术","手术"
nhsa_jbzd_68_5103,"68.5103",True,"腹腔镜辅助经阴道子宫部分切除术","手术"
nhsa_jbzd_68_5900,"68.5900",True,"其他和未特指的阴道子宫切除术","手术"
nhsa_jbzd_68_5900x002,"68.5900x002",True,"经阴道子宫次全切除术","手术"
nhsa_jbzd_68_5900x003,"68.5900x003",True,"经阴道筋膜外全子宫切除术","手术"
nhsa_jbzd_68_5901,"68.5901",True,"经阴道子宫切除术","手术"
nhsa_jbzd_68_5902,"68.5902",True,"经阴道子宫部分切除术","手术"
nhsa_jbzd_68_6100,"68.6100",True,"腹腔镜根治性腹的子宫切除术","手术"
nhsa_jbzd_68_6100x001,"68.6100x001",True,"腹腔镜下子宫广泛性切除术","手术"
nhsa_jbzd_68_6100x002,"68.6100x002",True,"腹腔镜下子宫改良广泛性切除术","手术"
nhsa_jbzd_68_6101,"68.6101",True,"腹腔镜改良根治性子宫切除术","手术"
nhsa_jbzd_68_6900,"68.6900",True,"其他和未特指的腹式根治性子宫切除术","手术"
nhsa_jbzd_68_6900x001,"68.6900x001",True,"子宫广泛性切除术","手术"
nhsa_jbzd_68_6900x002,"68.6900x002",True,"子宫改良广泛性切除术","手术"
nhsa_jbzd_68_6900x003,"68.6900x003",True,"子宫次广泛切除术","手术"
nhsa_jbzd_68_6901,"68.6901",True,"子宫根治性切除术","手术"
nhsa_jbzd_68_6902,"68.6902",True,"子宫改良根治性切除术","手术"
nhsa_jbzd_68_7100,"68.7100",True,"腹腔镜根治性阴道的子宫切除术[LRVH]","手术"
nhsa_jbzd_68_7100x001,"68.7100x001",True,"腹腔镜辅助经阴道子宫广泛性切除术","手术"
nhsa_jbzd_68_7900,"68.7900",True,"其他和未特指的根治性阴道子宫切除术","手术"
nhsa_jbzd_68_7900x003,"68.7900x003",True,"经阴道子宫广泛性切除术","手术"
nhsa_jbzd_68_7901,"68.7901",True,"经阴道子宫根治性切除术","手术"
nhsa_jbzd_68_8x00,"68.8x00",True,"盆腔脏器去除术","手术"
nhsa_jbzd_68_8x01,"68.8x01",True,"女性盆腔廓清术","手术"
nhsa_jbzd_68_9x00,"68.9x00",True,"其他和未特指子宫切除术","手术"
nhsa_jbzd_69_0100,"69.0100",True,"扩张和刮宫术，用于终止妊娠","治疗性操作"
nhsa_jbzd_69_0100x002,"69.0100x002",True,"人工流产钳刮术","治疗性操作"
nhsa_jbzd_69_0101,"69.0101",True,"终止妊娠刮宫术","治疗性操作"
nhsa_jbzd_69_0200,"69.0200",True,"分娩或流产后的扩张和刮宫术","治疗性操作"
nhsa_jbzd_69_0200x003,"69.0200x003",True,"流产后刮宫术","治疗性操作"
nhsa_jbzd_69_0201,"69.0201",True,"人工流产后刮宫术","治疗性操作"
nhsa_jbzd_69_0202,"69.0202",True,"分娩后刮宫术","治疗性操作"
nhsa_jbzd_69_0900,"69.0900",True,"其他扩张和刮宫术","治疗性操作"
nhsa_jbzd_69_0901,"69.0901",True,"诊断性刮宫术","诊断性操作"
nhsa_jbzd_69_0902,"69.0902",True,"宫腔镜诊断性刮宫术","治疗性操作"
nhsa_jbzd_69_1900,"69.1900",True,"子宫和支持结构的其他切除术或破坏术","手术"
nhsa_jbzd_69_1900x022,"69.1900x022",True,"腹腔镜下阔韧带病损切除术","手术"
nhsa_jbzd_69_1901,"69.1901",True,"子宫骶韧带烧灼术","手术"
nhsa_jbzd_69_1902,"69.1902",True,"子宫骶韧带切除术","手术"
nhsa_jbzd_69_1903,"69.1903",True,"阔韧带病损切除术","手术"
nhsa_jbzd_69_1904,"69.1904",True,"子宫韧带病损切除术","手术"
nhsa_jbzd_69_1905,"69.1905",True,"圆韧带病损切除术","手术"
nhsa_jbzd_69_1906,"69.1906",True,"努克氏管积水鞘膜切除术","手术"
nhsa_jbzd_69_1907,"69.1907",True,"腹腔镜子宫韧带病损切除术","手术"
nhsa_jbzd_69_1908,"69.1908",True,"腹腔镜骶韧带部分切除术","手术"
nhsa_jbzd_69_1909,"69.1909",True,"腹腔镜子宫韧带病损激光烧灼术","手术"
nhsa_jbzd_69_2100,"69.2100",True,"间置手术","手术"
nhsa_jbzd_69_2100x001,"69.2100x001",True,"子宫间置手术","手术"
nhsa_jbzd_69_2101,"69.2101",True,"沃特金斯手术","手术"
nhsa_jbzd_69_2200,"69.2200",True,"其他子宫悬吊术","手术"
nhsa_jbzd_69_2200x006,"69.2200x006",True,"子宫韧带悬吊术","手术"
nhsa_jbzd_69_2200x007,"69.2200x007",True,"腹腔镜下子宫-骶韧带高位悬吊术","手术"
nhsa_jbzd_69_2200x008,"69.2200x008",True,"腹腔镜下子宫-骶棘韧带固定术","手术"
nhsa_jbzd_69_2200x009,"69.2200x009",True,"腹腔镜下子宫-骶前固定术","手术"
nhsa_jbzd_69_2200x010,"69.2200x010",True,"经阴道子宫-骶棘韧带固定术","手术"
nhsa_jbzd_69_2200x011,"69.2200x011",True,"经阴道子宫-骶前固定术","手术"
nhsa_jbzd_69_2200x012,"69.2200x012",True,"经阴道子宫-骶韧带高位悬吊术","手术"
nhsa_jbzd_69_2200x013,"69.2200x013",True,"子宫-骶棘韧带固定术","手术"
nhsa_jbzd_69_2200x014,"69.2200x014",True,"子宫-骶前固定术","手术"
nhsa_jbzd_69_2200x015,"69.2200x015",True,"子宫-骶韧带高位悬吊术","手术"
nhsa_jbzd_69_2200x016,"69.2200x016",True,"腹腔镜下阴道-骶韧带高位悬吊术","手术"
nhsa_jbzd_69_2200x017,"69.2200x017",True,"腹腔镜下阴道-骶棘韧带固定术","手术"
nhsa_jbzd_69_2200x018,"69.2200x018",True,"腹腔镜下阴道-骶前固定术","手术"
nhsa_jbzd_69_2200x019,"69.2200x019",True,"经阴道阴道-骶棘韧带固定术","手术"
nhsa_jbzd_69_2200x020,"69.2200x020",True,"经阴道阴道-骶前固定术","手术"
nhsa_jbzd_69_2200x021,"69.2200x021",True,"经阴道阴道-骶韧带高位悬吊术","手术"
nhsa_jbzd_69_2200x022,"69.2200x022",True,"阴道-骶棘韧带固定术","手术"
nhsa_jbzd_69_2200x023,"69.2200x023",True,"阴道骶前固定术","手术"
nhsa_jbzd_69_2200x024,"69.2200x024",True,"阴道-骶韧带高位悬吊术","手术"
nhsa_jbzd_69_2200x025,"69.2200x025",True,"骶韧带缩短术","手术"
nhsa_jbzd_69_2200x030,"69.2200x030",True,"主韧带缩短术","手术"
nhsa_jbzd_69_2200x031,"69.2200x031",True,"子宫阔韧带缩短术","手术"
nhsa_jbzd_69_2201,"69.2201",True,"曼彻斯特手术","手术"
nhsa_jbzd_69_2202,"69.2202",True,"子宫颈悬吊术","手术"
nhsa_jbzd_69_2203,"69.2203",True,"子宫脱垂复位术","手术"
nhsa_jbzd_69_2204,"69.2204",True,"主韧带悬吊术","手术"
nhsa_jbzd_69_2205,"69.2205",True,"圆韧带悬吊术","手术"
nhsa_jbzd_69_2206,"69.2206",True,"子宫骶韧带悬吊术","手术"
nhsa_jbzd_69_2207,"69.2207",True,"圆韧带缩短术","手术"
nhsa_jbzd_69_2208,"69.2208",True,"腹腔镜圆韧带缩短术","手术"
nhsa_jbzd_69_2209,"69.2209",True,"腹腔镜宫骶韧带缩短术","手术"
nhsa_jbzd_69_2210,"69.2210",True,"腹腔镜高位宫骶韧带悬吊术","手术"
nhsa_jbzd_69_2211,"69.2211",True,"腹腔镜子宫韧带加固术","手术"
nhsa_jbzd_69_2212,"69.2212",True,"腹腔镜子宫悬吊术","手术"
nhsa_jbzd_69_2300,"69.2300",True,"经阴道慢性子宫内翻修补术","手术"
nhsa_jbzd_69_2900,"69.2900",True,"子宫和支持结构的其他修补术","手术"
nhsa_jbzd_69_2901,"69.2901",True,"子宫韧带修补术","手术"
nhsa_jbzd_69_3x00,"69.3x00",True,"子宫颈周围子宫去神经术","手术"
nhsa_jbzd_69_3x01,"69.3x01",True,"子宫骶韧带切断术","手术"
nhsa_jbzd_69_3x02,"69.3x02",True,"腹腔镜子宫骶韧带切断术","手术"
nhsa_jbzd_69_4100,"69.4100",True,"子宫裂伤缝合术","手术"
nhsa_jbzd_69_4200,"69.4200",True,"子宫瘘管闭合术","手术"
nhsa_jbzd_69_4201,"69.4201",True,"腹腔镜子宫瘘闭合术","手术"
nhsa_jbzd_69_4900,"69.4900",True,"子宫的其他修补术","手术"
nhsa_jbzd_69_4900x005,"69.4900x005",True,"子宫修补术","手术"
nhsa_jbzd_69_4900x006,"69.4900x006",True,"宫腔镜下子宫修补术","手术"
nhsa_jbzd_69_4901,"69.4901",True,"子宫陈旧性产科裂伤修补术","手术"
nhsa_jbzd_69_4902,"69.4902",True,"腹腔镜子宫陈旧性产科裂伤修补术","手术"
nhsa_jbzd_69_4903,"69.4903",True,"腹腔镜子宫修补术","手术"
nhsa_jbzd_69_4904,"69.4904",True,"宫腔镜子宫陈旧性产科裂伤修补术","手术"
nhsa_jbzd_69_5100,"69.5100",True,"抽吸刮宫术，用于终止妊娠","治疗性操作"
nhsa_jbzd_69_5101,"69.5101",True,"电吸人流术","治疗性操作"
nhsa_jbzd_69_5102,"69.5102",True,"超声引导下电吸人流术","治疗性操作"
nhsa_jbzd_69_5103,"69.5103",True,"宫腔镜电吸人流术","治疗性操作"
nhsa_jbzd_69_5200,"69.5200",True,"分娩或流产后抽吸刮宫术","治疗性操作"
nhsa_jbzd_69_5201,"69.5201",True,"分娩后电吸刮宫术","治疗性操作"
nhsa_jbzd_69_5202,"69.5202",True,"流产后电吸刮宫术","治疗性操作"
nhsa_jbzd_69_5900,"69.5900",True,"其他抽吸刮宫术","治疗性操作"
nhsa_jbzd_69_5901,"69.5901",True,"电吸刮宫术","治疗性操作"
nhsa_jbzd_69_6x00,"69.6x00",True,"月经抽吸或调节","治疗性操作"
nhsa_jbzd_69_6x01,"69.6x01",True,"月经抽吸术","治疗性操作"
nhsa_jbzd_69_7x00,"69.7x00",True,"子宫内避孕装置置入","治疗性操作"
nhsa_jbzd_69_9100,"69.9100",True,"子宫治疗性装置置入","治疗性操作"
nhsa_jbzd_69_9100x001,"69.9100x001",True,"宫腔引流术","治疗性操作"
nhsa_jbzd_69_9100x002,"69.9100x002",True,"子宫球囊放置术","治疗性操作"
nhsa_jbzd_69_9101,"69.9101",True,"宫腔填塞止血术","治疗性操作"
nhsa_jbzd_69_9200,"69.9200",True,"人工授精","治疗性操作"
nhsa_jbzd_69_9200x004,"69.9200x004",True,"胚胎移植术","治疗性操作"
nhsa_jbzd_69_9200x006,"69.9200x006",True,"胚胎移植术（IVF-ET）","治疗性操作"
nhsa_jbzd_69_9200x007,"69.9200x007",True,"人工授精(AID)","治疗性操作"
nhsa_jbzd_69_9200x008,"69.9200x008",True,"人工授精(AIH)","治疗性操作"
nhsa_jbzd_69_9201,"69.9201",True,"卵巢穿刺取卵术","治疗性操作"
nhsa_jbzd_69_9202,"69.9202",True,"人工胚胎移植术（IVF-FT）","治疗性操作"
nhsa_jbzd_69_9300,"69.9300",True,"昆布属植物置入","治疗性操作"
nhsa_jbzd_69_9400,"69.9400",True,"内翻子宫手法复位","治疗性操作"
nhsa_jbzd_69_9500,"69.9500",True,"子宫颈切开术","手术"
nhsa_jbzd_69_9500x001,"69.9500x001",True,"宫颈闭锁切开术","手术"
nhsa_jbzd_69_9600,"69.9600",True,"去除子宫颈环扎材料","治疗性操作"
nhsa_jbzd_69_9700,"69.9700",True,"去除子宫颈其他穿透性异物","治疗性操作"
nhsa_jbzd_69_9800,"69.9800",True,"子宫支持结构的其他手术","手术"
nhsa_jbzd_69_9900,"69.9900",True,"子宫颈和子宫的其他手术","手术"
nhsa_jbzd_70_0x00,"70.0x00",True,"后穹隆穿刺术","治疗性操作"
nhsa_jbzd_70_0x00x002,"70.0x00x002",True,"后穹窿穿刺引流术","治疗性操作"
nhsa_jbzd_70_0x00x003,"70.0x00x003",True,"经阴道腹腔穿刺引流术","治疗性操作"
nhsa_jbzd_70_1100,"70.1100",True,"处女膜切开术","手术"
nhsa_jbzd_70_1200,"70.1200",True,"直肠子宫陷凹切开术","手术"
nhsa_jbzd_70_1200x001,"70.1200x001",True,"后穹窿切开引流术","手术"
nhsa_jbzd_70_1200x002,"70.1200x002",True,"腹腔镜女性盆腔血肿引流术","手术"
nhsa_jbzd_70_1201,"70.1201",True,"女性盆腔脓肿引流术","手术"
nhsa_jbzd_70_1202,"70.1202",True,"腹腔镜女性盆腔脓肿引流术","手术"
nhsa_jbzd_70_1300,"70.1300",True,"阴道管腔内粘连松解术","手术"
nhsa_jbzd_70_1400,"70.1400",True,"阴道其他切开术","手术"
nhsa_jbzd_70_1400x002,"70.1400x002",True,"腹腔镜下阴道纵隔切开术","手术"
nhsa_jbzd_70_1400x007,"70.1400x007",True,"阴道切开术","手术"
nhsa_jbzd_70_1400x011,"70.1400x011",True,"阴道血肿切开引流术","手术"
nhsa_jbzd_70_1400x012,"70.1400x012",True,"阴道纵隔切除术","手术"
nhsa_jbzd_70_1401,"70.1401",True,"阴道隔切断术","手术"
nhsa_jbzd_70_1402,"70.1402",True,"阴道狭窄切开术","手术"
nhsa_jbzd_70_1403,"70.1403",True,"阴道侧壁切开术","手术"
nhsa_jbzd_70_1404,"70.1404",True,"阴道闭锁切开术","手术"
nhsa_jbzd_70_1405,"70.1405",True,"阴道切开异物取出术","手术"
nhsa_jbzd_70_1406,"70.1406",True,"阴道切开引流术","手术"
nhsa_jbzd_70_1407,"70.1407",True,"腹腔镜阴道隔切断术","手术"
nhsa_jbzd_70_1408,"70.1408",True,"宫腔镜阴道隔切断术","手术"
nhsa_jbzd_70_2100,"70.2100",True,"阴道镜检查","诊断性操作"
nhsa_jbzd_70_2200,"70.2200",True,"陷凹镜检查(后穹窿镜检查)","诊断性操作"
nhsa_jbzd_70_2300,"70.2300",True,"直肠子宫陷凹的活组织检查","诊断性操作"
nhsa_jbzd_70_2301,"70.2301",True,"腹腔镜子宫直肠陷凹活组织检查","手术"
nhsa_jbzd_70_2400,"70.2400",True,"阴道活组织检查","诊断性操作"
nhsa_jbzd_70_2900,"70.2900",True,"阴道和直肠子宫陷凹的其他诊断性操作","诊断性操作"
nhsa_jbzd_70_2901,"70.2901",True,"阴道探查","诊断性操作"
nhsa_jbzd_70_3100,"70.3100",True,"处女膜切除术","手术"
nhsa_jbzd_70_3101,"70.3101",True,"处女膜部分切除术","手术"
nhsa_jbzd_70_3200,"70.3200",True,"直肠子宫陷凹病损切除术或破坏术","手术"
nhsa_jbzd_70_3200x002,"70.3200x002",True,"直肠子宫陷凹病损切除术","手术"
nhsa_jbzd_70_3201,"70.3201",True,"腹腔镜直肠子宫陷凹病损切除术","手术"
nhsa_jbzd_70_3300,"70.3300",True,"阴道病损切除术或破坏术","手术"
nhsa_jbzd_70_3300x003,"70.3300x003",True,"阴道病损电切术","手术"
nhsa_jbzd_70_3301,"70.3301",True,"阴道病损切除术","手术"
nhsa_jbzd_70_3302,"70.3302",True,"阴道病损破坏术","手术"
nhsa_jbzd_70_3303,"70.3303",True,"阴道囊肿袋形缝合术","手术"
nhsa_jbzd_70_3304,"70.3304",True,"处女膜病损切除术","手术"
nhsa_jbzd_70_3305,"70.3305",True,"腹腔镜阴道病损切除术","手术"
nhsa_jbzd_70_4x00,"70.4x00",True,"阴道封闭术和全部切除术","手术"
nhsa_jbzd_70_4x00x001,"70.4x00x001",True,"腹腔镜辅助人工阴道切除术","手术"
nhsa_jbzd_70_4x01,"70.4x01",True,"阴道切除术","手术"
nhsa_jbzd_70_4x02,"70.4x02",True,"阴道部分切除术","手术"
nhsa_jbzd_70_4x03,"70.4x03",True,"阴道闭合术","手术"
nhsa_jbzd_70_4x04,"70.4x04",True,"阴道部分闭合术","手术"
nhsa_jbzd_70_4x05,"70.4x05",True,"腹腔镜辅助阴道切除术","手术"
nhsa_jbzd_70_5000,"70.5000",True,"膀胱膨出和直肠膨出修补术","手术"
nhsa_jbzd_70_5001,"70.5001",True,"阴道前后壁修补术","手术"
nhsa_jbzd_70_5002,"70.5002",True,"腹腔镜阴道前后壁修补术","手术"
nhsa_jbzd_70_5100,"70.5100",True,"膀胱膨出修补术","手术"
nhsa_jbzd_70_5101,"70.5101",True,"阴道前壁修补术","手术"
nhsa_jbzd_70_5102,"70.5102",True,"腹腔镜阴道前壁修补术","手术"
nhsa_jbzd_70_5200,"70.5200",True,"直肠膨出修补术","手术"
nhsa_jbzd_70_5201,"70.5201",True,"阴道后壁修补术","手术"
nhsa_jbzd_70_5202,"70.5202",True,"腹腔镜阴道后壁修补术","手术"
nhsa_jbzd_70_5300,"70.5300",True,"用移植物或假体的膀胱膨出和直肠膨出修补术","手术"
nhsa_jbzd_70_5300x001,"70.5300x001",True,"阴道前后壁修补术伴生物补片植入","手术"
nhsa_jbzd_70_5300x002,"70.5300x002",True,"阴道前后壁修补术伴人工补片置入","手术"
nhsa_jbzd_70_5301,"70.5301",True,"PROSIMA全盆底重建术","手术"
nhsa_jbzd_70_5302,"70.5302",True,"PROLIFT全盆底重建术","手术"
nhsa_jbzd_70_5303,"70.5303",True,"AVAULTA全盆底重建术","手术"
nhsa_jbzd_70_5304,"70.5304",True,"改良性全盆底重建术","手术"
nhsa_jbzd_70_5305,"70.5305",True,"全盆底重建术","手术"
nhsa_jbzd_70_5400,"70.5400",True,"用移植物或假体的膀胱膨出修补术","手术"
nhsa_jbzd_70_5400x001,"70.5400x001",True,"阴道前壁修补术伴生物补片植入","手术"
nhsa_jbzd_70_5400x002,"70.5400x002",True,"阴道前壁修补术伴人工补片置入","手术"
nhsa_jbzd_70_5500,"70.5500",True,"用移植物或假体的直肠膨出修补术","手术"
nhsa_jbzd_70_5500x001,"70.5500x001",True,"阴道后壁修补术伴生物补片植入","手术"
nhsa_jbzd_70_5500x002,"70.5500x002",True,"阴道后壁修补术伴人工补片置入","手术"
nhsa_jbzd_70_6100,"70.6100",True,"阴道建造术","手术"
nhsa_jbzd_70_6101,"70.6101",True,"腹腔镜阴道建造术","手术"
nhsa_jbzd_70_6200,"70.6200",True,"阴道重建术","手术"
nhsa_jbzd_70_6200x001,"70.6200x001",True,"人工阴道成形术","手术"
nhsa_jbzd_70_6200x002,"70.6200x002",True,"阴道成形术","手术"
nhsa_jbzd_70_6300,"70.6300",True,"用移植物或假体的阴道建造术","手术"
nhsa_jbzd_70_6300x001,"70.6300x001",True,"腹腔镜下腹膜代阴道术","手术"
nhsa_jbzd_70_6300x002,"70.6300x002",True,"腹腔镜下回肠代阴道术","手术"
nhsa_jbzd_70_6300x003,"70.6300x003",True,"腹腔镜下乙状结肠代阴道术","手术"
nhsa_jbzd_70_6301,"70.6301",True,"生物补片的阴道建造术","手术"
nhsa_jbzd_70_6400,"70.6400",True,"用移植物或假体的阴道重建术","手术"
nhsa_jbzd_70_6400x001,"70.6400x001",True,"人工阴道重建术","手术"
nhsa_jbzd_70_7100,"70.7100",True,"阴道裂伤缝合术","手术"
nhsa_jbzd_70_7101,"70.7101",True,"后穹窿裂伤缝合术","手术"
nhsa_jbzd_70_7200,"70.7200",True,"结肠阴道瘘修补术","手术"
nhsa_jbzd_70_7300,"70.7300",True,"直肠阴道瘘修补术","手术"
nhsa_jbzd_70_7400,"70.7400",True,"其他阴道肠瘘的修补术","手术"
nhsa_jbzd_70_7400x001,"70.7400x001",True,"小肠-阴道瘘修补术","手术"
nhsa_jbzd_70_7401,"70.7401",True,"小肠-阴道瘘切除术","手术"
nhsa_jbzd_70_7500,"70.7500",True,"阴道其他瘘管的修补术","手术"
nhsa_jbzd_70_7501,"70.7501",True,"阴道瘘修补术","手术"
nhsa_jbzd_70_7600,"70.7600",True,"处女膜缝合术","手术"
nhsa_jbzd_70_7700,"70.7700",True,"阴道悬吊术和固定术","手术"
nhsa_jbzd_70_7700x004,"70.7700x004",True,"腹腔镜下阴道悬吊术","手术"
nhsa_jbzd_70_7701,"70.7701",True,"阴道悬吊术","手术"
nhsa_jbzd_70_7702,"70.7702",True,"骶棘韧带悬吊术","手术"
nhsa_jbzd_70_7703,"70.7703",True,"耻骨梳韧带悬吊术","手术"
nhsa_jbzd_70_7800,"70.7800",True,"用移植物或假体的阴道悬吊和固定术","手术"
nhsa_jbzd_70_7800x001,"70.7800x001",True,"阴道固定术(使用移植物或假体)","手术"
nhsa_jbzd_70_7800x002,"70.7800x002",True,"阴道悬吊术(使用移植物或假体)","手术"
nhsa_jbzd_70_7801,"70.7801",True,"阴道移植物固定术","手术"
nhsa_jbzd_70_7802,"70.7802",True,"腹腔镜阴道移植物固定术","手术"
nhsa_jbzd_70_7900,"70.7900",True,"阴道的其他修补术","手术"
nhsa_jbzd_70_7900x005,"70.7900x005",True,"阴道断蒂缝合术","手术"
nhsa_jbzd_70_7900x006,"70.7900x006",True,"阴道断蒂止血术","手术"
nhsa_jbzd_70_7900x010,"70.7900x010",True,"阴道黏膜瓣移植术","手术"
nhsa_jbzd_70_7901,"70.7901",True,"阴道延长术","手术"
nhsa_jbzd_70_7902,"70.7902",True,"阴道扩张术","手术"
nhsa_jbzd_70_7903,"70.7903",True,"阴道缩窄术","手术"
nhsa_jbzd_70_7904,"70.7904",True,"阴道断蒂术","手术"
nhsa_jbzd_70_7905,"70.7905",True,"阴道残端缝合术","手术"
nhsa_jbzd_70_7906,"70.7906",True,"阴道会阴成形术","手术"
nhsa_jbzd_70_7907,"70.7907",True,"阴道穹窿修补术","手术"
nhsa_jbzd_70_7908,"70.7908",True,"阴道陈旧性产科裂伤修补术","手术"
nhsa_jbzd_70_7909,"70.7909",True,"腹腔镜阴道会阴成形术","手术"
nhsa_jbzd_70_8x00,"70.8x00",True,"阴道穹隆封闭术","手术"
nhsa_jbzd_70_9100,"70.9100",True,"阴道的其他手术","手术"
nhsa_jbzd_70_9100x001,"70.9100x001",True,"阴道黏膜剥脱术","手术"
nhsa_jbzd_70_9200,"70.9200",True,"直肠子宫陷凹的其他手术","手术"
nhsa_jbzd_70_9200x001,"70.9200x001",True,"阴道后疝修补术","手术"
nhsa_jbzd_70_9201,"70.9201",True,"直肠子宫陷凹封闭术","手术"
nhsa_jbzd_70_9300,"70.9300",True,"其他直肠子宫陷凹手术伴移植物或假体","手术"
nhsa_jbzd_70_9300x001,"70.9300x001",True,"阴道小肠膨出修补术(用移植物或假体)","手术"
nhsa_jbzd_70_9400,"70.9400",True,"生物移植物的置入术","手术"
nhsa_jbzd_70_9400x001,"70.9400x001",True,"膀胱/直肠/阴道同种异体补片植入","手术"
nhsa_jbzd_70_9400x002,"70.9400x002",True,"膀胱/直肠/阴道自体补片植入","手术"
nhsa_jbzd_70_9400x003,"70.9400x003",True,"膀胱/直肠/阴道异种补片植入","手术"
nhsa_jbzd_70_9500,"70.9500",True,"人造移植物或假体的置入术","手术"
nhsa_jbzd_70_9500x001,"70.9500x001",True,"膀胱/直肠/阴道人工补片置入","手术"
nhsa_jbzd_71_0100,"71.0100",True,"外阴粘连松解术","手术"
nhsa_jbzd_71_0100x002,"71.0100x002",True,"小阴唇粘连松解术","手术"
nhsa_jbzd_71_0100x003,"71.0100x003",True,"大阴唇粘连松解术","手术"
nhsa_jbzd_71_0100x004,"71.0100x004",True,"阴唇粘连松解术","手术"
nhsa_jbzd_71_0900,"71.0900",True,"外阴和会阴的其他切开术","手术"
nhsa_jbzd_71_0900x001,"71.0900x001",True,"会阴切开引流术","手术"
nhsa_jbzd_71_0900x004,"71.0900x004",True,"外阴血肿清除术","手术"
nhsa_jbzd_71_0900x006,"71.0900x006",True,"外阴脓肿穿刺术","治疗性操作"
nhsa_jbzd_71_0901,"71.0901",True,"阴道入口切开扩大术","手术"
nhsa_jbzd_71_0902,"71.0902",True,"外阴切开引流术","手术"
nhsa_jbzd_71_0903,"71.0903",True,"会阴造口术","手术"
nhsa_jbzd_71_0904,"71.0904",True,"会阴切开术","手术"
nhsa_jbzd_71_0905,"71.0905",True,"会阴切开异物取出术","手术"
nhsa_jbzd_71_1100,"71.1100",True,"外阴活组织检查","诊断性操作"
nhsa_jbzd_71_1900,"71.1900",True,"外阴的其他诊断性操作","诊断性操作"
nhsa_jbzd_71_2100,"71.2100",True,"经皮巴多林腺(囊肿)抽吸术","治疗性操作"
nhsa_jbzd_71_2100x001,"71.2100x001",True,"前庭大腺囊肿抽吸术","治疗性操作"
nhsa_jbzd_71_2200x001,"71.2200x001",True,"前庭大腺囊肿切开术","治疗性操作"
nhsa_jbzd_71_2200x002,"71.2200x002",True,"前庭大腺脓肿切开引流术","治疗性操作"
nhsa_jbzd_71_2300,"71.2300",True,"巴多林腺(囊肿)袋形合缝术[造袋术]","手术"
nhsa_jbzd_71_2300x001,"71.2300x001",True,"前庭大腺造袋术","手术"
nhsa_jbzd_71_2400,"71.2400",True,"巴多林腺(囊肿)切除术或其他破坏术","手术"
nhsa_jbzd_71_2400x001,"71.2400x001",True,"前庭大腺病损切除术","手术"
nhsa_jbzd_71_2400x003,"71.2400x003",True,"前庭大腺切除术","手术"
nhsa_jbzd_71_2401,"71.2401",True,"巴多林腺病损切除术","手术"
nhsa_jbzd_71_2900,"71.2900",True,"巴多林腺的其他手术","手术"
nhsa_jbzd_71_2900x001,"71.2900x001",True,"前庭大腺瘘管切除术","手术"
nhsa_jbzd_71_2900x002,"71.2900x002",True,"前庭大腺造口术","手术"
nhsa_jbzd_71_3x00,"71.3x00",True,"外阴和会阴的其他局部切除术或破坏术","手术"
nhsa_jbzd_71_3x00x001,"71.3x00x001",True,"大阴唇病损切除术","手术"
nhsa_jbzd_71_3x00x007,"71.3x00x007",True,"女性会阴部瘢痕切除术","手术"
nhsa_jbzd_71_3x00x011,"71.3x00x011",True,"外阴病损烧灼术","手术"
nhsa_jbzd_71_3x00x013,"71.3x00x013",True,"外阴窦道切除术","手术"
nhsa_jbzd_71_3x00x021,"71.3x00x021",True,"女性会阴皮肤和皮下坏死组织切除清创术","手术"
nhsa_jbzd_71_3x00x022,"71.3x00x022",True,"女性会阴皮肤和皮下组织非切除性清创","治疗性操作"
nhsa_jbzd_71_3x00x023,"71.3x00x023",True,"女性外阴皮肤和皮下坏死组织切除清创术","手术"
nhsa_jbzd_71_3x00x024,"71.3x00x024",True,"女性外阴皮肤和皮下组织非切除性清创","治疗性操作"
nhsa_jbzd_71_3x00x025,"71.3x00x025",True,"小阴唇病损切除术","手术"
nhsa_jbzd_71_3x01,"71.3x01",True,"会阴病损切除术","手术"
nhsa_jbzd_71_3x02,"71.3x02",True,"会阴部异物取出术","手术"
nhsa_jbzd_71_3x03,"71.3x03",True,"外阴部分切除术","手术"
nhsa_jbzd_71_3x04,"71.3x04",True,"外阴病损切除术","手术"
nhsa_jbzd_71_3x05,"71.3x05",True,"外阴病损破坏术","手术"
nhsa_jbzd_71_4x00,"71.4x00",True,"阴蒂手术","手术"
nhsa_jbzd_71_4x01,"71.4x01",True,"阴蒂病损切除术","手术"
nhsa_jbzd_71_4x02,"71.4x02",True,"阴蒂切除术","手术"
nhsa_jbzd_71_4x03,"71.4x03",True,"阴蒂部分切除术","手术"
nhsa_jbzd_71_4x04,"71.4x04",True,"阴蒂成形术","手术"
nhsa_jbzd_71_4x05,"71.4x05",True,"阴蒂保留血管神经复位术","手术"
nhsa_jbzd_71_5x00,"71.5x00",True,"根治性外阴切除术","手术"
nhsa_jbzd_71_5x00x001,"71.5x00x001",True,"外阴广泛性切除术","手术"
nhsa_jbzd_71_5x00x003,"71.5x00x003",True,"外阴根治性局部扩大切除术","手术"
nhsa_jbzd_71_5x00x004,"71.5x00x004",True,"外阴根治性局部切除术","手术"
nhsa_jbzd_71_6100,"71.6100",True,"单侧外阴切除术","手术"
nhsa_jbzd_71_6200,"71.6200",True,"双侧外阴切除术","手术"
nhsa_jbzd_71_6200x002,"71.6200x002",True,"外阴单纯切除术","手术"
nhsa_jbzd_71_7100,"71.7100",True,"外阴或会阴裂伤缝合术","手术"
nhsa_jbzd_71_7101,"71.7101",True,"外阴裂伤缝合术","手术"
nhsa_jbzd_71_7102,"71.7102",True,"会阴裂伤缝合术","手术"
nhsa_jbzd_71_7200,"71.7200",True,"外阴或会阴瘘修补术","手术"
nhsa_jbzd_71_7201,"71.7201",True,"外阴瘘修补术","手术"
nhsa_jbzd_71_7202,"71.7202",True,"会阴瘘修补术","手术"
nhsa_jbzd_71_7900,"71.7900",True,"外阴和会阴的其他修补术","手术"
nhsa_jbzd_71_7900x001,"71.7900x001",True,"会阴陈旧性产科裂伤修补术","手术"
nhsa_jbzd_71_7900x008,"71.7900x008",True,"小阴唇成形术","手术"
nhsa_jbzd_71_7900x009,"71.7900x009",True,"大阴唇成形术","手术"
nhsa_jbzd_71_7900x010,"71.7900x010",True,"后盆底重建术","手术"
nhsa_jbzd_71_7900x011,"71.7900x011",True,"前盆底重建术","手术"
nhsa_jbzd_71_7900x012,"71.7900x012",True,"阴唇黏膜游离移植术","手术"
nhsa_jbzd_71_7900x013,"71.7900x013",True,"阴唇成形术","手术"
nhsa_jbzd_71_7901,"71.7901",True,"外阴成形术","手术"
nhsa_jbzd_71_7902,"71.7902",True,"外阴陈旧性产科裂伤修补术","手术"
nhsa_jbzd_71_7903,"71.7903",True,"会阴成形术","手术"
nhsa_jbzd_71_7904,"71.7904",True,"会阴陈旧性裂伤修补术","手术"
nhsa_jbzd_71_8x00,"71.8x00",True,"外阴的其他手术","手术"
nhsa_jbzd_71_9x00,"71.9x00",True,"女性生殖器官的其他手术","手术"
nhsa_jbzd_72_0x00,"72.0x00",True,"低位产钳手术","治疗性操作"
nhsa_jbzd_72_1x00,"72.1x00",True,"低位产钳手术伴外阴切开术","手术"
nhsa_jbzd_72_2100,"72.2100",True,"中位产钳手术伴外阴切开术","手术"
nhsa_jbzd_72_2900,"72.2900",True,"其他中位产钳手术","治疗性操作"
nhsa_jbzd_72_2900x001,"72.2900x001",True,"中位产钳术","治疗性操作"
nhsa_jbzd_72_3100,"72.3100",True,"高位产钳手术伴外阴切开术","手术"
nhsa_jbzd_72_3900,"72.3900",True,"其他高位产钳手术","治疗性操作"
nhsa_jbzd_72_3900x001,"72.3900x001",True,"高位产钳术","治疗性操作"
nhsa_jbzd_72_4x00,"72.4x00",True,"产钳胎头旋转","治疗性操作"
nhsa_jbzd_72_5100,"72.5100",True,"部分臀位牵引头后出产钳助产","治疗性操作"
nhsa_jbzd_72_5100x001,"72.5100x001",True,"后出头产钳伴部分臀牵引术","治疗性操作"
nhsa_jbzd_72_5200,"72.5200",True,"其他部分臀位牵引","治疗性操作"
nhsa_jbzd_72_5200x001,"72.5200x001",True,"部分臀位牵引术","治疗性操作"
nhsa_jbzd_72_5300,"72.5300",True,"完全臀位牵引头后出产钳助产","治疗性操作"
nhsa_jbzd_72_5400,"72.5400",True,"其他全部臀位牵引","治疗性操作"
nhsa_jbzd_72_5400x001,"72.5400x001",True,"全部臀位牵引术","治疗性操作"
nhsa_jbzd_72_6x00,"72.6x00",True,"头后出产钳助产","治疗性操作"
nhsa_jbzd_72_7100,"72.7100",True,"真空吸引术伴外阴切开术","手术"
nhsa_jbzd_72_7100x001,"72.7100x001",True,"胎头吸引伴会阴切开术","手术"
nhsa_jbzd_72_7900,"72.7900",True,"其他真空吸引术","治疗性操作"
nhsa_jbzd_72_7900x001,"72.7900x001",True,"胎头吸引术","治疗性操作"
nhsa_jbzd_72_8x00,"72.8x00",True,"其他特定器械的分娩","治疗性操作"
nhsa_jbzd_72_9x00,"72.9x00",True,"器械分娩","治疗性操作"
nhsa_jbzd_73_0100,"73.0100",True,"人工破膜引产","治疗性操作"
nhsa_jbzd_73_0900,"73.0900",True,"其他人工破膜","治疗性操作"
nhsa_jbzd_73_0900x001,"73.0900x001",True,"分娩时人工破膜","治疗性操作"
nhsa_jbzd_73_1x00,"73.1x00",True,"其他手术引产","治疗性操作"
nhsa_jbzd_73_1x00x001,"73.1x00x001",True,"剥膜引产","治疗性操作"
nhsa_jbzd_73_1x00x002,"73.1x00x002",True,"子宫颈扩张引产","治疗性操作"
nhsa_jbzd_73_1x00x003,"73.1x00x003",True,"放置探条引产术","治疗性操作"
nhsa_jbzd_73_1x01,"73.1x01",True,"水囊引产","治疗性操作"
nhsa_jbzd_73_1x02,"73.1x02",True,"子宫颈扩张球囊引产","治疗性操作"
nhsa_jbzd_73_2100,"73.2100",True,"内倒转术与联合倒转术不伴牵引术","治疗性操作"
nhsa_jbzd_73_2100x001,"73.2100x001",True,"内倒转助产","治疗性操作"
nhsa_jbzd_73_2200,"73.2200",True,"内倒转术与联合倒转术伴牵引术","治疗性操作"
nhsa_jbzd_73_3x00,"73.3x00",True,"产钳助产失败","治疗性操作"
nhsa_jbzd_73_3x00x001,"73.3x00x001",True,"试用产钳","治疗性操作"
nhsa_jbzd_73_4x00,"73.4x00",True,"药物引产","治疗性操作"
nhsa_jbzd_73_4x00x004,"73.4x00x004",True,"米非司酮+米索引产","治疗性操作"
nhsa_jbzd_73_4x00x008,"73.4x00x008",True,"前列腺素促子宫颈成熟[普贝生引产]","治疗性操作"
nhsa_jbzd_73_4x00x009,"73.4x00x009",True,"营养饮食引产","治疗性操作"
nhsa_jbzd_73_4x01,"73.4x01",True,"催产素引产","治疗性操作"
nhsa_jbzd_73_4x02,"73.4x02",True,"米索前列醇引产","治疗性操作"
nhsa_jbzd_73_4x03,"73.4x03",True,"米非司酮引产","治疗性操作"
nhsa_jbzd_73_4x04,"73.4x04",True,"前列腺素引产","治疗性操作"
nhsa_jbzd_73_5100,"73.5100",True,"手法旋转胎头","治疗性操作"
nhsa_jbzd_73_5900,"73.5900",True,"其他手法助产","治疗性操作"
nhsa_jbzd_73_5900x001,"73.5900x001",True,"臀助产术","治疗性操作"
nhsa_jbzd_73_5900x002,"73.5900x002",True,"头位阴道助产","治疗性操作"
nhsa_jbzd_73_5900x003,"73.5900x003",True,"克勒德手法助产[Crede]","治疗性操作"
nhsa_jbzd_73_6x00,"73.6x00",True,"外阴切开术","手术"
nhsa_jbzd_73_6x00x002,"73.6x00x002",True,"会阴中切缝合术","手术"
nhsa_jbzd_73_6x01,"73.6x01",True,"会阴侧切缝合术","手术"
nhsa_jbzd_73_6x02,"73.6x02",True,"会阴直切缝合术","手术"
nhsa_jbzd_73_8x00,"73.8x00",True,"对胎儿手术帮助分娩","治疗性操作"
nhsa_jbzd_73_8x00x002,"73.8x00x002",True,"毁胎术","治疗性操作"
nhsa_jbzd_73_8x00x003,"73.8x00x003",True,"钳夹术","治疗性操作"
nhsa_jbzd_73_8x00x005,"73.8x00x005",True,"胎儿脑积水穿刺放液","治疗性操作"
nhsa_jbzd_73_8x00x006,"73.8x00x006",True,"胎儿锁骨切断助产术","治疗性操作"
nhsa_jbzd_73_8x01,"73.8x01",True,"选择性减胎术","治疗性操作"
nhsa_jbzd_73_8x02,"73.8x02",True,"碎胎术","治疗性操作"
nhsa_jbzd_73_9100,"73.9100",True,"胎位外倒转术","治疗性操作"
nhsa_jbzd_73_9200,"73.9200",True,"脐带脱垂复位","治疗性操作"
nhsa_jbzd_73_9300,"73.9300",True,"子宫颈切开助产","手术"
nhsa_jbzd_73_9400,"73.9400",True,"耻骨切开助产","手术"
nhsa_jbzd_73_9900,"73.9900",True,"其他助产手术","治疗性操作"
nhsa_jbzd_74_0x00,"74.0x00",True,"古典式剖宫产","手术"
nhsa_jbzd_74_0x00x001,"74.0x00x001",True,"子宫体剖宫产","手术"
nhsa_jbzd_74_0x00x002,"74.0x00x002",True,"子宫上段剖宫产","手术"
nhsa_jbzd_74_1x00,"74.1x00",True,"低位子宫下段剖宫产","手术"
nhsa_jbzd_74_1x01,"74.1x01",True,"剖宫产术，子宫下段横切口","手术"
nhsa_jbzd_74_1x02,"74.1x02",True,"剖宫产术，子宫下段直切口","手术"
nhsa_jbzd_74_2x00,"74.2x00",True,"腹膜外剖宫产","手术"
nhsa_jbzd_74_3x00,"74.3x00",True,"输卵管外异位妊娠清除术","手术"
nhsa_jbzd_74_3x00x006,"74.3x00x006",True,"子宫韧带妊娠物去除术","手术"
nhsa_jbzd_74_3x00x010,"74.3x00x010",True,"经阴道子宫颈妊娠物穿刺术","治疗性操作"
nhsa_jbzd_74_3x00x011,"74.3x00x011",True,"经阴道输卵管间质部妊娠物穿刺术","治疗性操作"
nhsa_jbzd_74_3x00x012,"74.3x00x012",True,"腹腔镜下卵巢切开胚胎清除术","手术"
nhsa_jbzd_74_3x00x013,"74.3x00x013",True,"卵巢切开胚胎清除术","手术"
nhsa_jbzd_74_3x00x014,"74.3x00x014",True,"腹腔镜下子宫韧带妊娠清除术","手术"
nhsa_jbzd_74_3x00x015,"74.3x00x015",True,"腹腔镜下残角子宫妊娠清除术","手术"
nhsa_jbzd_74_3x00x016,"74.3x00x016",True,"宫腔镜下子宫颈娠清除术","手术"
nhsa_jbzd_74_3x00x017,"74.3x00x017",True,"宫腔镜下子宫角妊娠清除术","手术"
nhsa_jbzd_74_3x00x018,"74.3x00x018",True,"宫腔镜下子宫瘢痕妊娠清除术","手术"
nhsa_jbzd_74_3x00x019,"74.3x00x019",True,"经阴道子宫瘢痕妊娠切除术","手术"
nhsa_jbzd_74_3x01,"74.3x01",True,"腹腔妊娠清除术","手术"
nhsa_jbzd_74_3x02,"74.3x02",True,"子宫角妊娠清除术","手术"
nhsa_jbzd_74_3x03,"74.3x03",True,"子宫颈妊娠清除术","手术"
nhsa_jbzd_74_3x04,"74.3x04",True,"子宫瘢痕妊娠清除术","手术"
nhsa_jbzd_74_3x05,"74.3x05",True,"腹腔镜腹腔妊娠清除术","手术"
nhsa_jbzd_74_3x06,"74.3x06",True,"腹腔镜子宫角妊娠清除术","手术"
nhsa_jbzd_74_3x07,"74.3x07",True,"腹腔镜子宫肌壁间妊娠清除术","手术"
nhsa_jbzd_74_3x08,"74.3x08",True,"腹腔镜子宫瘢痕妊娠清除术","手术"
nhsa_jbzd_74_3x09,"74.3x09",True,"宫腔镜子宫肌壁间妊娠清除术","手术"
nhsa_jbzd_74_4x00,"74.4x00",True,"其他特指类型的剖宫产","手术"
nhsa_jbzd_74_4x01,"74.4x01",True,"腹腔妊娠剖宫产术","手术"
nhsa_jbzd_74_9100,"74.9100",True,"子宫切开终止妊娠","手术"
nhsa_jbzd_74_9100x001,"74.9100x001",True,"腹腔镜下子宫切开的治疗性流产","手术"
nhsa_jbzd_74_9101,"74.9101",True,"腹腔镜子宫切开终止妊娠","手术"
nhsa_jbzd_74_9900,"74.9900",True,"其他剖宫产","手术"
nhsa_jbzd_75_0x00,"75.0x00",True,"羊膜腔内注射用于流产","治疗性操作"
nhsa_jbzd_75_0x01,"75.0x01",True,"前列腺素羊膜腔内注射终止妊娠","治疗性操作"
nhsa_jbzd_75_0x01x001,"75.0x01x001",True,"药物羊膜腔内注射终止妊娠","治疗性操作"
nhsa_jbzd_75_0x02,"75.0x02",True,"利凡诺羊膜腔内注射终止妊娠","治疗性操作"
nhsa_jbzd_75_0x03,"75.0x03",True,"黄芫花羊膜腔内注射终止妊娠","治疗性操作"
nhsa_jbzd_75_1x00,"75.1x00",True,"诊断性羊膜穿刺","诊断性操作"
nhsa_jbzd_75_1x00x002,"75.1x00x002",True,"绒毛穿刺","诊断性操作"
nhsa_jbzd_75_2x00,"75.2x00",True,"子宫内输血","治疗性操作"
nhsa_jbzd_75_2x00x001,"75.2x00x001",True,"胎儿宫内输血","治疗性操作"
nhsa_jbzd_75_3100,"75.3100",True,"羊膜镜检查","诊断性操作"
nhsa_jbzd_75_3101,"75.3101",True,"胎儿镜检查","诊断性操作"
nhsa_jbzd_75_3200,"75.3200",True,"胎儿心电图(头皮)","诊断性操作"
nhsa_jbzd_75_3300,"75.3300",True,"胎儿血样和活组织检查","诊断性操作"
nhsa_jbzd_75_3300x001,"75.3300x001",True,"胎儿血样检查","诊断性操作"
nhsa_jbzd_75_3300x002,"75.3300x002",True,"超声引导下经腹脐血采样术","诊断性操作"
nhsa_jbzd_75_3301,"75.3301",True,"经腹绒毛取样术","诊断性操作"
nhsa_jbzd_75_3302,"75.3302",True,"经宫颈绒毛取样术","诊断性操作"
nhsa_jbzd_75_3303,"75.3303",True,"胎儿活组织检查","诊断性操作"
nhsa_jbzd_75_3400,"75.3400",True,"其他胎儿监测","诊断性操作"
nhsa_jbzd_75_3400x001,"75.3400x001",True,"胎心监测","诊断性操作"
nhsa_jbzd_75_3500,"75.3500",True,"胎儿和羊膜的其他诊断性操作","诊断性操作"
nhsa_jbzd_75_3500x001,"75.3500x001",True,"催产素激惹实验(oct)","诊断性操作"
nhsa_jbzd_75_3500x003,"75.3500x003",True,"子宫内压力测定","诊断性操作"
nhsa_jbzd_75_3600,"75.3600",True,"胎儿缺陷矫正术","手术"
nhsa_jbzd_75_3600x002,"75.3600x002",True,"胎儿镜下胎盘交通血管激光凝固术","治疗性操作"
nhsa_jbzd_75_3700,"75.3700",True,"羊膜腔内灌注","治疗性操作"
nhsa_jbzd_75_3800,"75.3800",True,"胎儿脉搏血氧计","治疗性操作"
nhsa_jbzd_75_4x00,"75.4x00",True,"手法取出滞留的胎盘","治疗性操作"
nhsa_jbzd_75_4x00x001,"75.4x00x001",True,"手取胎膜","治疗性操作"
nhsa_jbzd_75_4x00x002,"75.4x00x002",True,"手取胎盘","治疗性操作"
nhsa_jbzd_75_4x00x003,"75.4x00x003",True,"胎盘钳夹术","治疗性操作"
nhsa_jbzd_75_5000,"75.5000",True,"子宫近期产科裂伤修补术","手术"
nhsa_jbzd_75_5100,"75.5100",True,"子宫颈近期产科裂伤修补术","手术"
nhsa_jbzd_75_5200,"75.5200",True,"子宫体近期产科裂伤修补术","手术"
nhsa_jbzd_75_6100,"75.6100",True,"膀胱和尿道近期产科裂伤修补术","手术"
nhsa_jbzd_75_6101,"75.6101",True,"膀胱近期产科裂伤修补术","手术"
nhsa_jbzd_75_6102,"75.6102",True,"尿道近期产科裂伤修补术","手术"
nhsa_jbzd_75_6200,"75.6200",True,"直肠和肛门括约肌近期产科裂伤修补术","手术"
nhsa_jbzd_75_6201,"75.6201",True,"直肠近期产科裂伤修补术","手术"
nhsa_jbzd_75_6202,"75.6202",True,"肛门括约肌近期产科裂伤修补术","手术"
nhsa_jbzd_75_6900,"75.6900",True,"其他近期产科裂伤修补术","手术"
nhsa_jbzd_75_6900x003,"75.6900x003",True,"近期产科阴道裂伤修补术","手术"
nhsa_jbzd_75_6901,"75.6901",True,"近期产科盆底裂伤修补术","手术"
nhsa_jbzd_75_6902,"75.6902",True,"近期产科会阴裂伤修补术","手术"
nhsa_jbzd_75_6903,"75.6903",True,"近期产科外阴裂伤修补术","手术"
nhsa_jbzd_75_6904,"75.6904",True,"近期产科外阴切开Ⅱ期缝合术","手术"
nhsa_jbzd_75_7x00,"75.7x00",True,"产后子宫腔手法探查","诊断性操作"
nhsa_jbzd_75_8x00,"75.8x00",True,"子宫或阴道产科填塞","治疗性操作"
nhsa_jbzd_75_8x00x001,"75.8x00x001",True,"子宫产科填塞","治疗性操作"
nhsa_jbzd_75_8x00x002,"75.8x00x002",True,"阴道产科填塞","治疗性操作"
nhsa_jbzd_75_9100,"75.9100",True,"会阴产科切口血肿排除术","手术"
nhsa_jbzd_75_9100x001,"75.9100x001",True,"产科会阴血肿去除术","手术"
nhsa_jbzd_75_9200,"75.9200",True,"外阴或阴道的其他血肿排除术","手术"
nhsa_jbzd_75_9200x001,"75.9200x001",True,"产科外阴血肿去除术","手术"
nhsa_jbzd_75_9200x002,"75.9200x002",True,"产科阴道血肿去除术","手术"
nhsa_jbzd_75_9200x003,"75.9200x003",True,"子宫韧带血肿清除术","手术"
nhsa_jbzd_75_9201,"75.9201",True,"外阴产科血肿排除术","手术"
nhsa_jbzd_75_9202,"75.9202",True,"阴道产科血肿排除术","手术"
nhsa_jbzd_75_9300,"75.9300",True,"内翻子宫的手术矫正术","手术"
nhsa_jbzd_75_9400,"75.9400",True,"内翻子宫手法复位（产后即刻）","治疗性操作"
nhsa_jbzd_75_9400x001,"75.9400x001",True,"产科内翻子宫手法复位","治疗性操作"
nhsa_jbzd_75_9900,"75.9900",True,"其他产科手术","手术"
nhsa_jbzd_75_9900x001,"75.9900x001",True,"产后子宫颈探查术","诊断性操作"
nhsa_jbzd_75_9900x002,"75.9900x002",True,"超声引导下羊水减量","治疗性操作"
nhsa_jbzd_75_9900x004,"75.9900x004",True,"多胎妊娠减胎术","治疗性操作"
nhsa_jbzd_75_9900x005,"75.9900x005",True,"产时宫外治疗（EXIT）","治疗性操作"
nhsa_jbzd_75_9900x006,"75.9900x006",True,"宫颈提拉式缝合术","手术"
nhsa_jbzd_75_9900x007,"75.9900x007",True,"子宫缝合术","手术"
nhsa_jbzd_75_9901,"75.9901",True,"子宫捆绑术","手术"
nhsa_jbzd_76_0100,"76.0100",True,"面骨死骨切除术","手术"
nhsa_jbzd_76_0101,"76.0101",True,"下颌骨死骨切除术","手术"
nhsa_jbzd_76_0102,"76.0102",True,"上颌骨死骨切除术","手术"
nhsa_jbzd_76_0900,"76.0900",True,"面骨的其他切开术","手术"
nhsa_jbzd_76_0900x001,"76.0900x001",True,"面骨切开术","手术"
nhsa_jbzd_76_0900x003,"76.0900x003",True,"下颌骨劈开术","手术"
nhsa_jbzd_76_0900x004,"76.0900x004",True,"颌骨探查术","手术"
nhsa_jbzd_76_0900x005,"76.0900x005",True,"眶骨切开引流术","手术"
nhsa_jbzd_76_0901,"76.0901",True,"下颌骨切开引流术","手术"
nhsa_jbzd_76_0902,"76.0902",True,"上颌骨切开引流术","手术"
nhsa_jbzd_76_0903,"76.0903",True,"面骨骨折碎片取出术","手术"
nhsa_jbzd_76_0904,"76.0904",True,"颌骨囊肿开窗引流术","手术"
nhsa_jbzd_76_0905,"76.0905",True,"面骨开窗术","手术"
nhsa_jbzd_76_1100,"76.1100",True,"面骨活组织检查","手术"
nhsa_jbzd_76_1101,"76.1101",True,"颌骨活组织检查术","手术"
nhsa_jbzd_76_1900,"76.1900",True,"面骨和关节的其他诊断性操作","手术"
nhsa_jbzd_76_1901,"76.1901",True,"关节镜颞颌关节检查术","手术"
nhsa_jbzd_76_2x00,"76.2x00",True,"面骨病损的局部切除术或破坏术","手术"
nhsa_jbzd_76_2x00x014,"76.2x00x014",True,"面骨病损局部切除术","手术"
nhsa_jbzd_76_2x01,"76.2x01",True,"下颌骨病损切除术","手术"
nhsa_jbzd_76_2x02,"76.2x02",True,"上颌骨病损切除术","手术"
nhsa_jbzd_76_2x03,"76.2x03",True,"面骨骨折清创术","手术"
nhsa_jbzd_76_2x04,"76.2x04",True,"颌骨囊肿摘除术","手术"
nhsa_jbzd_76_3100,"76.3100",True,"部分下颌骨切除术","手术"
nhsa_jbzd_76_3100x001,"76.3100x001",True,"下颌骨部分切除术伴植骨术","手术"
nhsa_jbzd_76_3100x009,"76.3100x009",True,"髁突高位切除术","手术"
nhsa_jbzd_76_3100x010,"76.3100x010",True,"髁突摘除术","手术"
nhsa_jbzd_76_3100x011,"76.3100x011",True,"下颌骨部分切除术","手术"
nhsa_jbzd_76_3100x012,"76.3100x012",True,"鼻内镜下下颌骨部分切除术","手术"
nhsa_jbzd_76_3101,"76.3101",True,"下颌骨次全切除术","手术"
nhsa_jbzd_76_3102,"76.3102",True,"半下颌骨切除术","手术"
nhsa_jbzd_76_3103,"76.3103",True,"下颌骨角切骨术","手术"
nhsa_jbzd_76_3104,"76.3104",True,"下颌骨体切骨术","手术"
nhsa_jbzd_76_3900,"76.3900",True,"其他面骨部分骨切除术","手术"
nhsa_jbzd_76_3900x003,"76.3900x003",True,"鼻内窥镜下上颌骨部分切除术","手术"
nhsa_jbzd_76_3900x013,"76.3900x013",True,"面骨部分切除术","手术"
nhsa_jbzd_76_3900x014,"76.3900x014",True,"上颌骨部分切除伴人工骨置入术","手术"
nhsa_jbzd_76_3900x016,"76.3900x016",True,"上颌骨次全切除术","手术"
nhsa_jbzd_76_3901,"76.3901",True,"上颌骨部分切除伴植骨术","手术"
nhsa_jbzd_76_3902,"76.3902",True,"上颌骨部分切除术","手术"
nhsa_jbzd_76_3903,"76.3903",True,"颧骨部分切除术","手术"
nhsa_jbzd_76_3904,"76.3904",True,"上颌骨部分切除伴假体置入术","手术"
nhsa_jbzd_76_3905,"76.3905",True,"上颌骨切骨术","手术"
nhsa_jbzd_76_4100,"76.4100",True,"下颌骨全部切除术同时伴重建术","手术"
nhsa_jbzd_76_4200,"76.4200",True,"其他下颌骨全部切除术","手术"
nhsa_jbzd_76_4200x002,"76.4200x002",True,"下颌骨全部切除术","手术"
nhsa_jbzd_76_4300,"76.4300",True,"下颌骨其他重建术","手术"
nhsa_jbzd_76_4300x003,"76.4300x003",True,"下颌骨重建术","手术"
nhsa_jbzd_76_4301,"76.4301",True,"下颌骨缺损修复术","手术"
nhsa_jbzd_76_4400,"76.4400",True,"其他面骨的骨全部切除术同时伴重建术","手术"
nhsa_jbzd_76_4400x002,"76.4400x002",True,"面骨骨全部切除伴重建术","手术"
nhsa_jbzd_76_4400x003,"76.4400x003",True,"上颌骨全部切除伴重建术","手术"
nhsa_jbzd_76_4500,"76.4500",True,"其他面骨的其他骨全部切除术","手术"
nhsa_jbzd_76_4500x003,"76.4500x003",True,"面骨骨全部切除术","手术"
nhsa_jbzd_76_4501,"76.4501",True,"眶骨切除术","手术"
nhsa_jbzd_76_4502,"76.4502",True,"上颌骨全部切除术","手术"
nhsa_jbzd_76_4503,"76.4503",True,"颧骨全切术","手术"
nhsa_jbzd_76_4600,"76.4600",True,"其他面骨的其他重建术","手术"
nhsa_jbzd_76_4600x001,"76.4600x001",True,"额骨重建术","手术"
nhsa_jbzd_76_4600x003,"76.4600x003",True,"眶外壁重建术","手术"
nhsa_jbzd_76_4600x004,"76.4600x004",True,"眉弓重建术","手术"
nhsa_jbzd_76_4600x005,"76.4600x005",True,"颧骨重建术","手术"
nhsa_jbzd_76_4600x007,"76.4600x007",True,"上颌骨重建术","手术"
nhsa_jbzd_76_5x00,"76.5x00",True,"颞下颌关节成形术","手术"
nhsa_jbzd_76_5x00x001,"76.5x00x001",True,"关节镜下颞颌关节成形术","手术"
nhsa_jbzd_76_6100,"76.6100",True,"下颌支闭合性骨成形术[骨切开术]","手术"
nhsa_jbzd_76_6200,"76.6200",True,"开放性下颌支骨成形术[骨切开术]","手术"
nhsa_jbzd_76_6300,"76.6300",True,"下颌骨体骨成形术[骨切开术]","手术"
nhsa_jbzd_76_6400,"76.6400",True,"下颌骨的其他颌骨矫形手术","手术"
nhsa_jbzd_76_6400x002,"76.6400x002",True,"下颌下缘去骨成形术","手术"
nhsa_jbzd_76_6400x008,"76.6400x008",True,"下颌角成形术","手术"
nhsa_jbzd_76_6400x016,"76.6400x016",True,"下颌根尖下截骨成形术","手术"
nhsa_jbzd_76_6400x017,"76.6400x017",True,"下颌矢状劈开术","手术"
nhsa_jbzd_76_6401,"76.6401",True,"下颌骨成形术","手术"
nhsa_jbzd_76_6402,"76.6402",True,"下颌骨截骨成形术","手术"
nhsa_jbzd_76_6403,"76.6403",True,"下颌后退术","手术"
nhsa_jbzd_76_6404,"76.6404",True,"下颌前徙术","手术"
nhsa_jbzd_76_6500,"76.6500",True,"上颌骨节段骨成形术[骨切开术]","手术"
nhsa_jbzd_76_6500x004,"76.6500x004",True,"上颌骨部分骨成形术","手术"
nhsa_jbzd_76_6500x006,"76.6500x006",True,"上颌LeFortΙ型分块截骨成形术","手术"
nhsa_jbzd_76_6500x008,"76.6500x008",True,"上颌LeFortⅡ型分块截骨成形术","手术"
nhsa_jbzd_76_6500x009,"76.6500x009",True,"上颌LefortⅢ型截骨成形术","手术"
nhsa_jbzd_76_6501,"76.6501",True,"上颌骨成形术","手术"
nhsa_jbzd_76_6502,"76.6502",True,"上颌LefortⅠ型截骨成形术","手术"
nhsa_jbzd_76_6503,"76.6503",True,"上颌LefortⅡ型截骨成形术","手术"
nhsa_jbzd_76_6600,"76.6600",True,"上颌骨全骨成形术[骨切开术]","手术"
nhsa_jbzd_76_6700,"76.6700",True,"颏缩小成形术","手术"
nhsa_jbzd_76_6800,"76.6800",True,"增大性颏成形术","手术"
nhsa_jbzd_76_6800x002,"76.6800x002",True,"颏成形术","手术"
nhsa_jbzd_76_6800x003,"76.6800x003",True,"颏增大成形术","手术"
nhsa_jbzd_76_6801,"76.6801",True,"颏硅胶植入增大成形术","手术"
nhsa_jbzd_76_6802,"76.6802",True,"隆颏术","手术"
nhsa_jbzd_76_6900,"76.6900",True,"其他面骨修补术","手术"
nhsa_jbzd_76_6900x003,"76.6900x003",True,"颧弓降低术","手术"
nhsa_jbzd_76_6900x004,"76.6900x004",True,"髁突成形术","手术"
nhsa_jbzd_76_6901,"76.6901",True,"颌骨修整术","手术"
nhsa_jbzd_76_6902,"76.6902",True,"面骨成形术","手术"
nhsa_jbzd_76_6903,"76.6903",True,"颧骨成形术","手术"
nhsa_jbzd_76_6904,"76.6904",True,"颧弓成形术","手术"
nhsa_jbzd_76_6905,"76.6905",True,"颧骨增高术","手术"
nhsa_jbzd_76_7000,"76.7000",True,"面骨骨折复位术","手术"
nhsa_jbzd_76_7100,"76.7100",True,"颧骨骨折闭合性复位术","手术"
nhsa_jbzd_76_7200,"76.7200",True,"颧骨骨折开放性复位术","手术"
nhsa_jbzd_76_7200x001,"76.7200x001",True,"颧弓骨折切开复位术","手术"
nhsa_jbzd_76_7201,"76.7201",True,"颧骨骨折切开复位内固定术","手术"
nhsa_jbzd_76_7300,"76.7300",True,"上颌骨骨折闭合性复位术","治疗性操作"
nhsa_jbzd_76_7300x001,"76.7300x001",True,"鼻内窥镜下上颌骨骨折闭合复位术","手术"
nhsa_jbzd_76_7301,"76.7301",True,"上颌骨折闭合复位伴牙弓夹板结扎固定术","治疗性操作"
nhsa_jbzd_76_7400,"76.7400",True,"上颌骨骨折开放性复位术","手术"
nhsa_jbzd_76_7401,"76.7401",True,"上颌骨骨折切开复位内固定术","手术"
nhsa_jbzd_76_7500,"76.7500",True,"下颌骨骨折闭合性复位术","治疗性操作"
nhsa_jbzd_76_7501,"76.7501",True,"下颌骨骨折闭合复位伴牙弓夹板结扎固定术","治疗性操作"
nhsa_jbzd_76_7600,"76.7600",True,"下颌骨骨折开放性复位术","手术"
nhsa_jbzd_76_7601,"76.7601",True,"髁状突骨折切开复位内固定术","手术"
nhsa_jbzd_76_7602,"76.7602",True,"下颌骨骨折切开复位内固定术","手术"
nhsa_jbzd_76_7700,"76.7700",True,"牙槽骨折开放性复位术","手术"
nhsa_jbzd_76_7701,"76.7701",True,"牙槽骨折切开复位内固定术","手术"
nhsa_jbzd_76_7702,"76.7702",True,"牙槽骨骨折切开复位伴牙齿栓结术","手术"
nhsa_jbzd_76_7800,"76.7800",True,"面骨骨折的其他闭合性复位术","手术"
nhsa_jbzd_76_7800x001,"76.7800x001",True,"面骨骨折闭合复位拉力螺钉内固定术","手术"
nhsa_jbzd_76_7800x003,"76.7800x003",True,"齿槽骨折闭合复位内固定术","手术"
nhsa_jbzd_76_7800x004,"76.7800x004",True,"齿槽骨折闭合复位术","手术"
nhsa_jbzd_76_7801,"76.7801",True,"眶骨骨折闭合复位术","手术"
nhsa_jbzd_76_7802,"76.7802",True,"内镜下眶壁骨折整复术","手术"
nhsa_jbzd_76_7900,"76.7900",True,"面骨骨折的其他开放性复位术","手术"
nhsa_jbzd_76_7900x001,"76.7900x001",True,"眶壁骨折切开复位术","手术"
nhsa_jbzd_76_7900x006,"76.7900x006",True,"面骨骨折切开复位术","手术"
nhsa_jbzd_76_7900x013,"76.7900x013",True,"髁突骨折切开复位内固定术","手术"
nhsa_jbzd_76_7900x014,"76.7900x014",True,"鼻内镜下眶骨骨折切开复位术","手术"
nhsa_jbzd_76_7901,"76.7901",True,"面骨骨折切开复位内固定术","手术"
nhsa_jbzd_76_7902,"76.7902",True,"眶骨骨折切开复位术","手术"
nhsa_jbzd_76_7903,"76.7903",True,"眶骨骨折切开复位内固定术","手术"
nhsa_jbzd_76_9100,"76.9100",True,"面骨骨移植","手术"
nhsa_jbzd_76_9100x002,"76.9100x002",True,"面骨自体骨植入术","手术"
nhsa_jbzd_76_9100x004,"76.9100x004",True,"上颌骨自体骨植入术","手术"
nhsa_jbzd_76_9100x007,"76.9100x007",True,"下颌骨自体骨植入术","手术"
nhsa_jbzd_76_9100x008,"76.9100x008",True,"眼眶骨片垫高术","手术"
nhsa_jbzd_76_9100x009,"76.9100x009",True,"眶骨缺损修复术","手术"
nhsa_jbzd_76_9100x010,"76.9100x010",True,"颧骨自体骨植入术","手术"
nhsa_jbzd_76_9100x011,"76.9100x011",True,"颧骨异体骨植入术","手术"
nhsa_jbzd_76_9101,"76.9101",True,"下颌骨骨移植术","手术"
nhsa_jbzd_76_9102,"76.9102",True,"上颌骨骨移植术","手术"
nhsa_jbzd_76_9200,"76.9200",True,"合成物面骨植入","手术"
nhsa_jbzd_76_9200x001,"76.9200x001",True,"面骨硅胶假体置入术","手术"
nhsa_jbzd_76_9200x003,"76.9200x003",True,"面骨钛网置入术","手术"
nhsa_jbzd_76_9200x004,"76.9200x004",True,"下颌骨钛板置入术","手术"
nhsa_jbzd_76_9200x005,"76.9200x005",True,"面部生物材料充填术","手术"
nhsa_jbzd_76_9200x006,"76.9200x006",True,"眶骨异质成形物置入术","手术"
nhsa_jbzd_76_9200x007,"76.9200x007",True,"面骨钛网修补术","手术"
nhsa_jbzd_76_9200x008,"76.9200x008",True,"面骨人工骨置入术","手术"
nhsa_jbzd_76_9200x009,"76.9200x009",True,"面骨人工珊瑚置入术","手术"
nhsa_jbzd_76_9200x010,"76.9200x010",True,"面骨表面植骨术","手术"
nhsa_jbzd_76_9200x011,"76.9200x011",True,"上颌骨钛板置入术","手术"
nhsa_jbzd_76_9200x012,"76.9200x012",True,"上颌骨人工假体置入术","手术"
nhsa_jbzd_76_9200x013,"76.9200x013",True,"下颌骨人工假体置入术","手术"
nhsa_jbzd_76_9201,"76.9201",True,"上颌骨合成物植入术","手术"
nhsa_jbzd_76_9202,"76.9202",True,"下颌骨合成物植入术","手术"
nhsa_jbzd_76_9300,"76.9300",True,"颞下颌脱位闭合性复位术","治疗性操作"
nhsa_jbzd_76_9400,"76.9400",True,"颞下颌脱位开放性复位术","手术"
nhsa_jbzd_76_9500,"76.9500",True,"颞下颌关节的其他操作","手术"
nhsa_jbzd_76_9500x003,"76.9500x003",True,"颞下颌关节病损切除术","手术"
nhsa_jbzd_76_9500x004,"76.9500x004",True,"颞下颌关节置换术","手术"
nhsa_jbzd_76_9500x005,"76.9500x005",True,"颞颌关节盘切除术","手术"
nhsa_jbzd_76_9500x006,"76.9500x006",True,"颞颌髁突切除术","手术"
nhsa_jbzd_76_9500x007,"76.9500x007",True,"颞颌关节盘固定术","手术"
nhsa_jbzd_76_9501,"76.9501",True,"颞下颌关节松解术","手术"
nhsa_jbzd_76_9600,"76.9600",True,"颞下颌关节治疗性物质注入","治疗性操作"
nhsa_jbzd_76_9601,"76.9601",True,"颞下颌关节腔的灌洗治疗","治疗性操作"
nhsa_jbzd_76_9700,"76.9700",True,"去除面骨内固定装置","手术"
nhsa_jbzd_76_9700x001,"76.9700x001",True,"眶骨内固定装置取出术","手术"
nhsa_jbzd_76_9700x002,"76.9700x002",True,"颧骨内固定装置取出术","手术"
nhsa_jbzd_76_9701,"76.9701",True,"下颌骨内固定装置取出术","手术"
nhsa_jbzd_76_9702,"76.9702",True,"上颌骨内固定装置取出术","手术"
nhsa_jbzd_76_9900,"76.9900",True,"面骨和关节的其他手术","手术"
nhsa_jbzd_76_9901,"76.9901",True,"面骨假体取出术","手术"
nhsa_jbzd_77_0000,"77.0000",True,"死骨切除术","手术"
nhsa_jbzd_77_0100,"77.0100",True,"肩胛骨，锁骨和胸廓［肋骨和胸骨］死骨切除术","手术"
nhsa_jbzd_77_0101,"77.0101",True,"肩胛骨死骨去除术","手术"
nhsa_jbzd_77_0102,"77.0102",True,"锁骨死骨去除术","手术"
nhsa_jbzd_77_0103,"77.0103",True,"肋骨死骨去除术","手术"
nhsa_jbzd_77_0104,"77.0104",True,"胸骨死骨去除术","手术"
nhsa_jbzd_77_0200,"77.0200",True,"肱骨死骨去除术","手术"
nhsa_jbzd_77_0300,"77.0300",True,"桡骨和尺骨死骨去除术","手术"
nhsa_jbzd_77_0301,"77.0301",True,"桡骨死骨去除术","手术"
nhsa_jbzd_77_0302,"77.0302",True,"尺骨死骨去除术","手术"
nhsa_jbzd_77_0400,"77.0400",True,"腕骨和掌骨死骨去除术","手术"
nhsa_jbzd_77_0401,"77.0401",True,"腕骨死骨去除术","手术"
nhsa_jbzd_77_0402,"77.0402",True,"掌骨死骨去除术","手术"
nhsa_jbzd_77_0500,"77.0500",True,"股骨死骨去除术","手术"
nhsa_jbzd_77_0600,"77.0600",True,"髌骨死骨去除术","手术"
nhsa_jbzd_77_0700,"77.0700",True,"胫骨和腓骨死骨去除术","手术"
nhsa_jbzd_77_0701,"77.0701",True,"胫骨死骨去除术","手术"
nhsa_jbzd_77_0702,"77.0702",True,"腓骨死骨去除术","手术"
nhsa_jbzd_77_0800,"77.0800",True,"跗骨和跖骨死骨去除术","手术"
nhsa_jbzd_77_0800x001,"77.0800x001",True,"跟骨死骨切除术","手术"
nhsa_jbzd_77_0800x002,"77.0800x002",True,"距骨死骨切除术","手术"
nhsa_jbzd_77_0801,"77.0801",True,"跗骨死骨去除术","手术"
nhsa_jbzd_77_0802,"77.0802",True,"跖骨死骨去除术","手术"
nhsa_jbzd_77_0900,"77.0900",True,"其他死骨去除术","手术"
nhsa_jbzd_77_0900x004,"77.0900x004",True,"足骨死骨去除术","手术"
nhsa_jbzd_77_0900x005,"77.0900x005",True,"坐骨死骨切除术","手术"
nhsa_jbzd_77_0901,"77.0901",True,"骨盆死骨去除术","手术"
nhsa_jbzd_77_0902,"77.0902",True,"指骨死骨去除术","手术"
nhsa_jbzd_77_0903,"77.0903",True,"趾骨死骨去除术","手术"
nhsa_jbzd_77_0904,"77.0904",True,"椎骨死骨去除术","手术"
nhsa_jbzd_77_1000,"77.1000",True,"骨其他切开术不伴切断术","手术"
nhsa_jbzd_77_1001,"77.1001",True,"骨切开引流术","手术"
nhsa_jbzd_77_1002,"77.1002",True,"骨碎片去除术","手术"
nhsa_jbzd_77_1003,"77.1003",True,"骨钻孔减压术","手术"
nhsa_jbzd_77_1100,"77.1100",True,"肩胛骨，锁骨和胸廓［肋骨和胸骨］其他切开术不伴切断术","手术"
nhsa_jbzd_77_1101,"77.1101",True,"肩胛骨切开术不伴切断术","手术"
nhsa_jbzd_77_1102,"77.1102",True,"锁骨切开术不伴切断术","手术"
nhsa_jbzd_77_1103,"77.1103",True,"肋骨切开术不伴切断术","手术"
nhsa_jbzd_77_1104,"77.1104",True,"胸骨切开术不伴切断术","手术"
nhsa_jbzd_77_1200,"77.1200",True,"肱骨其他切开术不伴切断术","手术"
nhsa_jbzd_77_1200x001,"77.1200x001",True,"肱骨开窗引流术","手术"
nhsa_jbzd_77_1200x002,"77.1200x002",True,"肱骨减压术","手术"
nhsa_jbzd_77_1300,"77.1300",True,"桡骨和尺骨其他切开术不伴切断术","手术"
nhsa_jbzd_77_1300x001,"77.1300x001",True,"尺骨开窗引流术","手术"
nhsa_jbzd_77_1301,"77.1301",True,"桡骨切开术不伴切断术","手术"
nhsa_jbzd_77_1302,"77.1302",True,"尺骨切开术不伴切断术","手术"
nhsa_jbzd_77_1400,"77.1400",True,"腕骨和掌骨其他切开术不伴切断术","手术"
nhsa_jbzd_77_1401,"77.1401",True,"腕骨切开术不伴切断术","手术"
nhsa_jbzd_77_1402,"77.1402",True,"掌骨切开术不伴切断术","手术"
nhsa_jbzd_77_1500,"77.1500",True,"股骨其他切开术不伴切断术","手术"
nhsa_jbzd_77_1500x001,"77.1500x001",True,"股骨颈开窗引流术","手术"
nhsa_jbzd_77_1500x002,"77.1500x002",True,"股骨开窗引流术","手术"
nhsa_jbzd_77_1500x003,"77.1500x003",True,"股骨头开窗引流术","手术"
nhsa_jbzd_77_1500x005,"77.1500x005",True,"股骨髁开窗引流术","手术"
nhsa_jbzd_77_1500x006,"77.1500x006",True,"股骨钻孔减压术","手术"
nhsa_jbzd_77_1501,"77.1501",True,"股骨切开引流术","手术"
nhsa_jbzd_77_1502,"77.1502",True,"股骨减压术","手术"
nhsa_jbzd_77_1600,"77.1600",True,"髌骨其他切开术不伴切断术","手术"
nhsa_jbzd_77_1600x001,"77.1600x001",True,"髌骨开窗引流术","手术"
nhsa_jbzd_77_1601,"77.1601",True,"髌骨减压术","手术"
nhsa_jbzd_77_1700,"77.1700",True,"胫骨和腓骨其他切开术不伴切断术","手术"
nhsa_jbzd_77_1700x001,"77.1700x001",True,"胫骨开窗引流术","手术"
nhsa_jbzd_77_1700x002,"77.1700x002",True,"胫骨切开异物去除术","手术"
nhsa_jbzd_77_1700x003,"77.1700x003",True,"腓骨开窗引流术","手术"
nhsa_jbzd_77_1701,"77.1701",True,"胫骨切开引流术","手术"
nhsa_jbzd_77_1702,"77.1702",True,"胫骨减压术","手术"
nhsa_jbzd_77_1703,"77.1703",True,"腓骨切开引流术","手术"
nhsa_jbzd_77_1800,"77.1800",True,"跗骨和跖骨其他切开术不伴切断术","手术"
nhsa_jbzd_77_1800x001,"77.1800x001",True,"距骨减压术","手术"
nhsa_jbzd_77_1801,"77.1801",True,"跗骨切开引流术","手术"
nhsa_jbzd_77_1802,"77.1802",True,"跗骨减压术","手术"
nhsa_jbzd_77_1803,"77.1803",True,"跖骨切开引流术","手术"
nhsa_jbzd_77_1900,"77.1900",True,"其他骨其他切开术不伴切断术","手术"
nhsa_jbzd_77_1900x001,"77.1900x001",True,"胫腓骨骺开放术","手术"
nhsa_jbzd_77_1900x004,"77.1900x004",True,"椎骨负压引流管置入术","手术"
nhsa_jbzd_77_1901,"77.1901",True,"骨盆切开引流术","手术"
nhsa_jbzd_77_1902,"77.1902",True,"指骨切开引流术","手术"
nhsa_jbzd_77_1903,"77.1903",True,"趾骨切开引流术","手术"
nhsa_jbzd_77_1904,"77.1904",True,"椎骨切开引流术","手术"
nhsa_jbzd_77_2100,"77.2100",True,"肩胛骨，锁骨和胸廓［肋骨和胸骨］楔形骨切开术","手术"
nhsa_jbzd_77_2100x001,"77.2100x001",True,"肩胛骨截骨术","手术"
nhsa_jbzd_77_2100x002,"77.2100x002",True,"锁骨截骨术","手术"
nhsa_jbzd_77_2101,"77.2101",True,"肩胛骨楔形截骨术","手术"
nhsa_jbzd_77_2102,"77.2102",True,"锁骨楔形截骨术","手术"
nhsa_jbzd_77_2103,"77.2103",True,"肋骨楔形截骨术","手术"
nhsa_jbzd_77_2104,"77.2104",True,"胸骨楔形截骨术","手术"
nhsa_jbzd_77_2200,"77.2200",True,"肱骨楔形骨切开术","手术"
nhsa_jbzd_77_2200x001,"77.2200x001",True,"肱骨截骨术","手术"
nhsa_jbzd_77_2200x002,"77.2200x002",True,"肱骨外科颈部分切骨术","手术"
nhsa_jbzd_77_2200x003,"77.2200x003",True,"肱骨髁上截骨术","手术"
nhsa_jbzd_77_2300,"77.2300",True,"桡骨和尺骨楔形骨切开术","手术"
nhsa_jbzd_77_2300x001,"77.2300x001",True,"尺骨截骨术","手术"
nhsa_jbzd_77_2300x002,"77.2300x002",True,"桡骨截骨术","手术"
nhsa_jbzd_77_2301,"77.2301",True,"桡骨楔形截骨术","手术"
nhsa_jbzd_77_2302,"77.2302",True,"尺骨楔形截骨术","手术"
nhsa_jbzd_77_2400,"77.2400",True,"腕骨和掌骨楔形骨切开术","手术"
nhsa_jbzd_77_2400x002,"77.2400x002",True,"掌骨截骨术","手术"
nhsa_jbzd_77_2401,"77.2401",True,"腕骨楔形截骨术","手术"
nhsa_jbzd_77_2402,"77.2402",True,"掌骨楔形截骨术","手术"
nhsa_jbzd_77_2500,"77.2500",True,"股骨楔形骨切开术","手术"
nhsa_jbzd_77_2500x001,"77.2500x001",True,"股骨截骨术","手术"
nhsa_jbzd_77_2500x002,"77.2500x002",True,"股骨上端截骨术","手术"
nhsa_jbzd_77_2500x003,"77.2500x003",True,"股骨粗隆间截骨术","手术"
nhsa_jbzd_77_2500x004,"77.2500x004",True,"股骨粗隆下截骨术","手术"
nhsa_jbzd_77_2500x005,"77.2500x005",True,"股骨麦氏截骨术","手术"
nhsa_jbzd_77_2500x006,"77.2500x006",True,"股骨髁上截骨术","手术"
nhsa_jbzd_77_2500x007,"77.2500x007",True,"股骨下端截骨术","手术"
nhsa_jbzd_77_2500x008,"77.2500x008",True,"股骨粗隆部旋转截骨术","手术"
nhsa_jbzd_77_2500x009,"77.2500x009",True,"股骨粗隆下内收截骨术","手术"
nhsa_jbzd_77_2600,"77.2600",True,"髌骨楔形骨切开术","手术"
nhsa_jbzd_77_2700,"77.2700",True,"胫骨和腓骨楔形骨切开术","手术"
nhsa_jbzd_77_2700x001,"77.2700x001",True,"腓骨截骨术","手术"
nhsa_jbzd_77_2700x003,"77.2700x003",True,"胫骨截骨术","手术"
nhsa_jbzd_77_2701,"77.2701",True,"胫骨楔形截骨术","手术"
nhsa_jbzd_77_2702,"77.2702",True,"胫骨上端高位截骨术","手术"
nhsa_jbzd_77_2703,"77.2703",True,"腓骨楔形截骨术","手术"
nhsa_jbzd_77_2800,"77.2800",True,"跗骨和跖骨楔形骨切开术","手术"
nhsa_jbzd_77_2800x001,"77.2800x001",True,"跗骨截骨术","手术"
nhsa_jbzd_77_2800x002,"77.2800x002",True,"跖骨截骨术","手术"
nhsa_jbzd_77_2800x003,"77.2800x003",True,"舟骨截骨术","手术"
nhsa_jbzd_77_2800x004,"77.2800x004",True,"骰骨截骨术","手术"
nhsa_jbzd_77_2800x005,"77.2800x005",True,"距骨截骨术","手术"
nhsa_jbzd_77_2800x006,"77.2800x006",True,"跟骨截骨术","手术"
nhsa_jbzd_77_2801,"77.2801",True,"跗骨楔形切骨术","手术"
nhsa_jbzd_77_2802,"77.2802",True,"跖骨楔形截骨术","手术"
nhsa_jbzd_77_2900,"77.2900",True,"其他骨楔形骨切开术","手术"
nhsa_jbzd_77_2900x001,"77.2900x001",True,"骨盆截骨术","手术"
nhsa_jbzd_77_2900x003,"77.2900x003",True,"指骨截骨术","手术"
nhsa_jbzd_77_2900x004,"77.2900x004",True,"椎骨截骨术","手术"
nhsa_jbzd_77_2900x005,"77.2900x005",True,"趾骨截骨术","手术"
nhsa_jbzd_77_2900x007,"77.2900x007",True,"髋脱位髋骨截骨术","手术"
nhsa_jbzd_77_2900x008,"77.2900x008",True,"髂骨截骨术","手术"
nhsa_jbzd_77_2901,"77.2901",True,"骨盆楔形截骨术","手术"
nhsa_jbzd_77_2902,"77.2902",True,"指骨楔形截骨术","手术"
nhsa_jbzd_77_2903,"77.2903",True,"趾骨楔形截骨术","手术"
nhsa_jbzd_77_2904,"77.2904",True,"椎骨楔形截骨术","手术"
nhsa_jbzd_77_3000,"77.3000",True,"骨切断术","手术"
nhsa_jbzd_77_3001,"77.3001",True,"骨关节切开术","手术"
nhsa_jbzd_77_3100,"77.3100",True,"肩胛骨，锁骨和胸廓［肋骨和胸骨］切断术","手术"
nhsa_jbzd_77_3101,"77.3101",True,"肩胛骨切断术","手术"
nhsa_jbzd_77_3102,"77.3102",True,"锁骨切断术","手术"
nhsa_jbzd_77_3103,"77.3103",True,"肋骨切断术","手术"
nhsa_jbzd_77_3104,"77.3104",True,"胸骨切断术","手术"
nhsa_jbzd_77_3200,"77.3200",True,"肱骨切断术","手术"
nhsa_jbzd_77_3300,"77.3300",True,"桡骨和尺骨切断术","手术"
nhsa_jbzd_77_3301,"77.3301",True,"桡骨切断术","手术"
nhsa_jbzd_77_3302,"77.3302",True,"尺骨切断术","手术"
nhsa_jbzd_77_3400,"77.3400",True,"腕骨和掌骨切断术","手术"
nhsa_jbzd_77_3401,"77.3401",True,"腕骨切断术","手术"
nhsa_jbzd_77_3402,"77.3402",True,"掌骨切断术","手术"
nhsa_jbzd_77_3500,"77.3500",True,"股骨切断术","手术"
nhsa_jbzd_77_3600,"77.3600",True,"髌骨切断术","手术"
nhsa_jbzd_77_3700,"77.3700",True,"胫骨和腓骨切断术","手术"
nhsa_jbzd_77_3701,"77.3701",True,"胫骨切断术","手术"
nhsa_jbzd_77_3702,"77.3702",True,"腓骨切断术","手术"
nhsa_jbzd_77_3800,"77.3800",True,"跗骨和跖骨切断术","手术"
nhsa_jbzd_77_3801,"77.3801",True,"跗骨切断术","手术"
nhsa_jbzd_77_3802,"77.3802",True,"跖骨切断术","手术"
nhsa_jbzd_77_3900,"77.3900",True,"其他骨切断术","手术"
nhsa_jbzd_77_3901,"77.3901",True,"骨盆切开术","手术"
nhsa_jbzd_77_3902,"77.3902",True,"髂骨切开术","手术"
nhsa_jbzd_77_3903,"77.3903",True,"耻骨切开术","手术"
nhsa_jbzd_77_3904,"77.3904",True,"坐骨耻骨切开术","手术"
nhsa_jbzd_77_3905,"77.3905",True,"耻骨联合切开术","手术"
nhsa_jbzd_77_3906,"77.3906",True,"指骨切断术","手术"
nhsa_jbzd_77_3907,"77.3907",True,"趾骨切断术","手术"
nhsa_jbzd_77_3908,"77.3908",True,"椎骨切开术","手术"
nhsa_jbzd_77_4000,"77.4000",True,"骨活组织检查","手术"
nhsa_jbzd_77_4100,"77.4100",True,"肩胛骨，锁骨和胸廓［肋骨和胸骨］活组织检查","手术"
nhsa_jbzd_77_4101,"77.4101",True,"肩胛骨活组织检查","手术"
nhsa_jbzd_77_4102,"77.4102",True,"锁骨活组织检查","手术"
nhsa_jbzd_77_4103,"77.4103",True,"肋骨活组织检查","手术"
nhsa_jbzd_77_4104,"77.4104",True,"胸骨活组织检查","手术"
nhsa_jbzd_77_4200,"77.4200",True,"肱骨活组织检查","手术"
nhsa_jbzd_77_4300,"77.4300",True,"桡骨和尺骨活组织检查","手术"
nhsa_jbzd_77_4301,"77.4301",True,"桡骨活组织检查","手术"
nhsa_jbzd_77_4302,"77.4302",True,"尺骨活组织检查","手术"
nhsa_jbzd_77_4400,"77.4400",True,"腕骨和掌骨活组织检查","手术"
nhsa_jbzd_77_4401,"77.4401",True,"腕骨活组织检查","手术"
nhsa_jbzd_77_4402,"77.4402",True,"掌骨活组织检查","手术"
nhsa_jbzd_77_4500,"77.4500",True,"股骨活组织检查","手术"
nhsa_jbzd_77_4600,"77.4600",True,"髌骨活组织检查","手术"
nhsa_jbzd_77_4700,"77.4700",True,"胫骨和腓骨活组织检查","手术"
nhsa_jbzd_77_4701,"77.4701",True,"胫骨活组织检查","手术"
nhsa_jbzd_77_4702,"77.4702",True,"腓骨活组织检查","手术"
nhsa_jbzd_77_4800,"77.4800",True,"跗骨和跖骨活组织检查","手术"
nhsa_jbzd_77_4800x001,"77.4800x001",True,"距骨活检术","手术"
nhsa_jbzd_77_4800x002,"77.4800x002",True,"跟骨活检术","手术"
nhsa_jbzd_77_4800x003,"77.4800x003",True,"楔骨活检术","手术"
nhsa_jbzd_77_4801,"77.4801",True,"跗骨活组织检查","手术"
nhsa_jbzd_77_4802,"77.4802",True,"跖骨活组织检查","手术"
nhsa_jbzd_77_4900,"77.4900",True,"其他骨活组织检查","手术"
nhsa_jbzd_77_4900x007,"77.4900x007",True,"髂骨活检术","手术"
nhsa_jbzd_77_4901,"77.4901",True,"骨盆活组织检查","手术"
nhsa_jbzd_77_4902,"77.4902",True,"指骨活组织检查","手术"
nhsa_jbzd_77_4903,"77.4903",True,"趾骨活组织检查","手术"
nhsa_jbzd_77_4904,"77.4904",True,"椎骨活组织检查","手术"
nhsa_jbzd_77_5100,"77.5100",True,"𧿹囊肿切除术伴软组织矫正术和第一跖骨切开术","手术"
nhsa_jbzd_77_5200,"77.5200",True,"𧿹囊肿切除术伴软组织矫正术和关节固定术","手术"
nhsa_jbzd_77_5300,"77.5300",True,"其他𧿹囊肿切除术伴软组织矫正术","手术"
nhsa_jbzd_77_5301,"77.5301",True,"McBride手术","手术"
nhsa_jbzd_77_5400,"77.5400",True,"小趾囊肿切除术或矫正术","手术"
nhsa_jbzd_77_5400x001,"77.5400x001",True,"小趾囊肿切除矫正术","手术"
nhsa_jbzd_77_5600,"77.5600",True,"锤状趾修补术","手术"
nhsa_jbzd_77_5600x002,"77.5600x002",True,"锤状趾矫正术","手术"
nhsa_jbzd_77_5700,"77.5700",True,"爪形趾修补术","手术"
nhsa_jbzd_77_5700x001,"77.5700x001",True,"爪形趾矫正术","手术"
nhsa_jbzd_77_5800,"77.5800",True,"趾的其他切除术、融合和修补术","手术"
nhsa_jbzd_77_5800x007,"77.5800x007",True,"巨趾矫正术","手术"
nhsa_jbzd_77_5800x008,"77.5800x008",True,"裂趾成形术","手术"
nhsa_jbzd_77_5801,"77.5801",True,"翘趾修补术","手术"
nhsa_jbzd_77_5802,"77.5802",True,"叠交趾修补术","手术"
nhsa_jbzd_77_5900,"77.5900",True,"其他𧿹囊肿切除术","手术"
nhsa_jbzd_77_5900x001,"77.5900x001",True,"(足母)囊切除术","手术"
nhsa_jbzd_77_5900x002,"77.5900x002",True,"凯勒手术（Keller术）","手术"
nhsa_jbzd_77_6000,"77.6000",True,"骨病损或组织的局部切除术","手术"
nhsa_jbzd_77_6100,"77.6100",True,"肩胛骨，锁骨和胸廓［肋骨和胸骨］病损或组织的局部切除术","手术"
nhsa_jbzd_77_6100x008,"77.6100x008",True,"胸廓骨病损切除术","手术"
nhsa_jbzd_77_6101,"77.6101",True,"肩胛骨病损切除术","手术"
nhsa_jbzd_77_6102,"77.6102",True,"锁骨病损切除术","手术"
nhsa_jbzd_77_6103,"77.6103",True,"肋骨病损切除术","手术"
nhsa_jbzd_77_6104,"77.6104",True,"胸骨病损切除术","手术"
nhsa_jbzd_77_6200,"77.6200",True,"肱骨病损或组织的局部切除术","手术"
nhsa_jbzd_77_6201,"77.6201",True,"肱骨病损切除术","手术"
nhsa_jbzd_77_6300,"77.6300",True,"桡骨和尺骨病损或组织的局部切除术","手术"
nhsa_jbzd_77_6301,"77.6301",True,"桡骨病损切除术","手术"
nhsa_jbzd_77_6302,"77.6302",True,"尺骨病损切除术","手术"
nhsa_jbzd_77_6400,"77.6400",True,"腕骨和掌骨病损或组织的局部切除术","手术"
nhsa_jbzd_77_6401,"77.6401",True,"腕骨病损切除术","手术"
nhsa_jbzd_77_6402,"77.6402",True,"掌骨病损切除术","手术"
nhsa_jbzd_77_6500,"77.6500",True,"股骨病损或组织的局部切除术","手术"
nhsa_jbzd_77_6501,"77.6501",True,"股骨病损切除术","手术"
nhsa_jbzd_77_6600,"77.6600",True,"髌骨病损或组织的局部切除术","手术"
nhsa_jbzd_77_6601,"77.6601",True,"髌骨病损切除术","手术"
nhsa_jbzd_77_6700,"77.6700",True,"胫骨和腓骨病损或组织的局部切除术","手术"
nhsa_jbzd_77_6701,"77.6701",True,"胫骨病损切除术","手术"
nhsa_jbzd_77_6702,"77.6702",True,"腓骨病损切除术","手术"
nhsa_jbzd_77_6800,"77.6800",True,"跗骨和跖骨病损或组织的局部切除术","手术"
nhsa_jbzd_77_6800x001,"77.6800x001",True,"距骨病损切除术","手术"
nhsa_jbzd_77_6800x002,"77.6800x002",True,"跟骨病损切除术","手术"
nhsa_jbzd_77_6801,"77.6801",True,"跗骨病损切除术","手术"
nhsa_jbzd_77_6802,"77.6802",True,"跖骨病损切除术","手术"
nhsa_jbzd_77_6900,"77.6900",True,"其他骨病损或组织的局部切除术","手术"
nhsa_jbzd_77_6900x001,"77.6900x001",True,"耻骨病损切除术","手术"
nhsa_jbzd_77_6900x004,"77.6900x004",True,"骶骨病损切除术","手术"
nhsa_jbzd_77_6900x013,"77.6900x013",True,"踝骨病损切除术","手术"
nhsa_jbzd_77_6900x025,"77.6900x025",True,"髂骨病损切除术","手术"
nhsa_jbzd_77_6900x032,"77.6900x032",True,"胸椎病损切除术","手术"
nhsa_jbzd_77_6900x039,"77.6900x039",True,"腰椎病损切除术","手术"
nhsa_jbzd_77_6900x047,"77.6900x047",True,"足骨病损切除术","手术"
nhsa_jbzd_77_6900x055,"77.6900x055",True,"颈椎病损切除术","手术"
nhsa_jbzd_77_6900x056,"77.6900x056",True,"骶椎病损切除术","手术"
nhsa_jbzd_77_6900x057,"77.6900x057",True,"髋臼病损切除术","手术"
nhsa_jbzd_77_6900x058,"77.6900x058",True,"坐骨病损切除术","手术"
nhsa_jbzd_77_6901,"77.6901",True,"骨盆病损切除术","手术"
nhsa_jbzd_77_6902,"77.6902",True,"指骨病损切除术","手术"
nhsa_jbzd_77_6903,"77.6903",True,"趾骨病损切除术","手术"
nhsa_jbzd_77_6904,"77.6904",True,"椎骨病损切除术","手术"
nhsa_jbzd_77_6905,"77.6905",True,"内镜下脊柱病灶清除术","手术"
nhsa_jbzd_77_6906,"77.6906",True,"内镜下椎间隙病灶清除引流术","手术"
nhsa_jbzd_77_7000,"77.7000",True,"骨切除术用作移植物","手术"
nhsa_jbzd_77_7100,"77.7100",True,"肩胛骨，锁骨和胸廓［肋骨和胸骨］切除术用作移植物","手术"
nhsa_jbzd_77_7101,"77.7101",True,"肩胛骨切除术用作移植物","手术"
nhsa_jbzd_77_7102,"77.7102",True,"肋骨切除术用作移植物","手术"
nhsa_jbzd_77_7200,"77.7200",True,"肱骨切除术用作移植物","手术"
nhsa_jbzd_77_7300,"77.7300",True,"桡骨和尺骨切除术用作移植物","手术"
nhsa_jbzd_77_7301,"77.7301",True,"桡骨切除术用作移植物","手术"
nhsa_jbzd_77_7302,"77.7302",True,"尺骨切除术用作移植物","手术"
nhsa_jbzd_77_7400,"77.7400",True,"腕骨和掌骨切除术用作移植物","手术"
nhsa_jbzd_77_7500,"77.7500",True,"股骨切除术用作移植物","手术"
nhsa_jbzd_77_7600,"77.7600",True,"髌骨切除术用作移植物","手术"
nhsa_jbzd_77_7700,"77.7700",True,"胫骨和腓骨切除术用作移植物","手术"
nhsa_jbzd_77_7701,"77.7701",True,"胫骨切除术用作移植物","手术"
nhsa_jbzd_77_7702,"77.7702",True,"腓骨切除术用作移植物","手术"
nhsa_jbzd_77_7800,"77.7800",True,"跗骨和跖骨切除术用作移植物","手术"
nhsa_jbzd_77_7800x001,"77.7800x001",True,"跟骨取骨术","手术"
nhsa_jbzd_77_7900,"77.7900",True,"其他骨切除术用作移植物","手术"
nhsa_jbzd_77_7900x005,"77.7900x005",True,"椎骨取骨术","手术"
nhsa_jbzd_77_7900x006,"77.7900x006",True,"趾骨取骨术","手术"
nhsa_jbzd_77_7901,"77.7901",True,"髂骨切除术用作移植物","手术"
nhsa_jbzd_77_8000,"77.8000",True,"骨部分切除术","手术"
nhsa_jbzd_77_8100,"77.8100",True,"肩胛骨，锁骨和胸廓［肋骨和胸骨］部分骨切除术","手术"
nhsa_jbzd_77_8100x007,"77.8100x007",True,"第一肋骨部分切除术","手术"
nhsa_jbzd_77_8100x009,"77.8100x009",True,"多根肋骨切除术","手术"
nhsa_jbzd_77_8101,"77.8101",True,"肩胛骨部分切除术","手术"
nhsa_jbzd_77_8102,"77.8102",True,"肩峰切除术 ","手术"
nhsa_jbzd_77_8103,"77.8103",True,"肋骨部分切除术","手术"
nhsa_jbzd_77_8104,"77.8104",True,"锁骨部分切除术","手术"
nhsa_jbzd_77_8105,"77.8105",True,"锁骨头切除术","手术"
nhsa_jbzd_77_8106,"77.8106",True,"胸骨部分切除术","手术"
nhsa_jbzd_77_8107,"77.8107",True,"剑突切除术","手术"
nhsa_jbzd_77_8200,"77.8200",True,"肱骨部分骨切除术","手术"
nhsa_jbzd_77_8200x002,"77.8200x002",True,"肱骨髁部分切除术","手术"
nhsa_jbzd_77_8300,"77.8300",True,"桡骨和尺骨部分骨切除术","手术"
nhsa_jbzd_77_8300x002,"77.8300x002",True,"尺骨头切除术","手术"
nhsa_jbzd_77_8300x005,"77.8300x005",True,"桡骨茎突切除术","手术"
nhsa_jbzd_77_8300x006,"77.8300x006",True,"桡骨小头切除术","手术"
nhsa_jbzd_77_8300x007,"77.8300x007",True,"关节镜下桡骨小头切除术","手术"
nhsa_jbzd_77_8301,"77.8301",True,"桡骨部分切除术","手术"
nhsa_jbzd_77_8302,"77.8302",True,"桡骨头切除术","手术"
nhsa_jbzd_77_8303,"77.8303",True,"尺骨部分切除术","手术"
nhsa_jbzd_77_8400,"77.8400",True,"腕骨和掌骨部分骨切除术","手术"
nhsa_jbzd_77_8400x001,"77.8400x001",True,"月骨切除术","手术"
nhsa_jbzd_77_8401,"77.8401",True,"腕骨部分切除术","手术"
nhsa_jbzd_77_8402,"77.8402",True,"掌骨部分切除术","手术"
nhsa_jbzd_77_8500,"77.8500",True,"股骨部分骨切除术","手术"
nhsa_jbzd_77_8501,"77.8501",True,"股骨头颈切除术","手术"
nhsa_jbzd_77_8502,"77.8502",True,"髋臼部分切除术","手术"
nhsa_jbzd_77_8600,"77.8600",True,"髌骨部分骨切除术","手术"
nhsa_jbzd_77_8700,"77.8700",True,"胫骨和腓骨部分骨切除术","手术"
nhsa_jbzd_77_8700x003,"77.8700x003",True,"腓骨小头切除术","手术"
nhsa_jbzd_77_8700x004,"77.8700x004",True,"关节镜下胫骨部分切除术","手术"
nhsa_jbzd_77_8701,"77.8701",True,"胫骨部分切除术","手术"
nhsa_jbzd_77_8702,"77.8702",True,"腓骨部分切除术","手术"
nhsa_jbzd_77_8800,"77.8800",True,"跗骨和跖骨部分骨切除术","手术"
nhsa_jbzd_77_8800x001,"77.8800x001",True,"跟骨部分切除术","手术"
nhsa_jbzd_77_8800x002,"77.8800x002",True,"副舟骨切除术","手术"
nhsa_jbzd_77_8801,"77.8801",True,"跗骨部分切除术","手术"
nhsa_jbzd_77_8802,"77.8802",True,"跖骨部分切除术","手术"
nhsa_jbzd_77_8900,"77.8900",True,"其他骨部分骨切除术","手术"
nhsa_jbzd_77_8900x002,"77.8900x002",True,"耻骨部分切除术","手术"
nhsa_jbzd_77_8900x004,"77.8900x004",True,"骨盆部分切除术","手术"
nhsa_jbzd_77_8900x005,"77.8900x005",True,"髋臼周围截骨术","手术"
nhsa_jbzd_77_8900x008,"77.8900x008",True,"脊椎后弓切除术","手术"
nhsa_jbzd_77_8900x013,"77.8900x013",True,"椎体部分切除术","手术"
nhsa_jbzd_77_8900x017,"77.8900x017",True,"髂骨部分切除术","手术"
nhsa_jbzd_77_8900x026,"77.8900x026",True,"足骨部分切除术","手术"
nhsa_jbzd_77_8901,"77.8901",True,"坐骨部分切除术","手术"
nhsa_jbzd_77_8902,"77.8902",True,"骶骨部分切除术","手术"
nhsa_jbzd_77_8903,"77.8903",True,"指骨部分切除术","手术"
nhsa_jbzd_77_8904,"77.8904",True,"趾骨部分切除术","手术"
nhsa_jbzd_77_8905,"77.8905",True,"椎骨部分切除术","手术"
nhsa_jbzd_77_8906,"77.8906",True,"棘突切除术","手术"
nhsa_jbzd_77_8907,"77.8907",True,"椎骨关节面切除术","手术"
nhsa_jbzd_77_8908,"77.8908",True,"尾骨部分切除术","手术"
nhsa_jbzd_77_8909,"77.8909",True,"经口咽入路齿状突磨除术","手术"
nhsa_jbzd_77_9000,"77.9000",True,"骨全部切除术","手术"
nhsa_jbzd_77_9100,"77.9100",True,"肩胛骨，锁骨和胸廓［肋骨和胸骨］全部切除术","手术"
nhsa_jbzd_77_9101,"77.9101",True,"肩胛骨全部切除术","手术"
nhsa_jbzd_77_9102,"77.9102",True,"锁骨全部切除术","手术"
nhsa_jbzd_77_9103,"77.9103",True,"肋骨骨全部切除术","手术"
nhsa_jbzd_77_9104,"77.9104",True,"肋骨椎骨横突切除术","手术"
nhsa_jbzd_77_9105,"77.9105",True,"颈肋切除术","手术"
nhsa_jbzd_77_9106,"77.9106",True,"胸骨全部切除术","手术"
nhsa_jbzd_77_9200,"77.9200",True,"肱骨全部切除术","手术"
nhsa_jbzd_77_9300,"77.9300",True,"桡骨和尺骨全部切除术","手术"
nhsa_jbzd_77_9301,"77.9301",True,"桡骨全部切除术","手术"
nhsa_jbzd_77_9302,"77.9302",True,"尺骨全部切除术","手术"
nhsa_jbzd_77_9400,"77.9400",True,"腕骨和掌骨全部切除术","手术"
nhsa_jbzd_77_9401,"77.9401",True,"腕骨切除术","手术"
nhsa_jbzd_77_9402,"77.9402",True,"掌骨全部切除术","手术"
nhsa_jbzd_77_9500,"77.9500",True,"股骨全部切除术","手术"
nhsa_jbzd_77_9600,"77.9600",True,"髌骨全部切除术","手术"
nhsa_jbzd_77_9700,"77.9700",True,"胫骨和腓骨全部切除术","手术"
nhsa_jbzd_77_9701,"77.9701",True,"胫骨全部切除术","手术"
nhsa_jbzd_77_9702,"77.9702",True,"腓骨全部切除术","手术"
nhsa_jbzd_77_9800,"77.9800",True,"跗骨和跖骨全部切除术","手术"
nhsa_jbzd_77_9801,"77.9801",True,"跗骨切除术","手术"
nhsa_jbzd_77_9802,"77.9802",True,"距骨切除术","手术"
nhsa_jbzd_77_9803,"77.9803",True,"Kidner手术","手术"
nhsa_jbzd_77_9804,"77.9804",True,"跖骨切除术","手术"
nhsa_jbzd_77_9805,"77.9805",True,"籽骨切除术","手术"
nhsa_jbzd_77_9900,"77.9900",True,"其他骨全部切除术","手术"
nhsa_jbzd_77_9900x003,"77.9900x003",True,"骨盆切除术","手术"
nhsa_jbzd_77_9900x004,"77.9900x004",True,"前入路胸椎椎体切除术","手术"
nhsa_jbzd_77_9901,"77.9901",True,"坐骨全部切除术","手术"
nhsa_jbzd_77_9902,"77.9902",True,"指骨全部切除术","手术"
nhsa_jbzd_77_9903,"77.9903",True,"趾骨全部切除术","手术"
nhsa_jbzd_77_9904,"77.9904",True,"全椎体切除术","手术"
nhsa_jbzd_77_9905,"77.9905",True,"骶骨全部切除术","手术"
nhsa_jbzd_77_9906,"77.9906",True,"尾骨全部切除术","手术"
nhsa_jbzd_78_0000,"78.0000",True,"骨移植术","手术"
nhsa_jbzd_78_0000x003,"78.0000x003",True,"同种异体骨植骨术","手术"
nhsa_jbzd_78_0100,"78.0100",True,"肩胛骨，锁骨和胸廓［肋骨和胸骨］移植术","手术"
nhsa_jbzd_78_0100x002,"78.0100x002",True,"锁骨人工骨植骨术","手术"
nhsa_jbzd_78_0101,"78.0101",True,"肩胛骨植骨术","手术"
nhsa_jbzd_78_0102,"78.0102",True,"锁骨植骨术","手术"
nhsa_jbzd_78_0103,"78.0103",True,"肋骨植骨术","手术"
nhsa_jbzd_78_0104,"78.0104",True,"胸骨植骨术","手术"
nhsa_jbzd_78_0200,"78.0200",True,"肱骨移植术","手术"
nhsa_jbzd_78_0200x001,"78.0200x001",True,"肱骨植骨术","手术"
nhsa_jbzd_78_0200x002,"78.0200x002",True,"肱骨人工骨植骨术","手术"
nhsa_jbzd_78_0300,"78.0300",True,"桡骨和尺骨移植术","手术"
nhsa_jbzd_78_0300x004,"78.0300x004",True,"尺骨人工骨植骨术","手术"
nhsa_jbzd_78_0300x005,"78.0300x005",True,"桡骨人工骨植骨术","手术"
nhsa_jbzd_78_0301,"78.0301",True,"桡骨植骨术","手术"
nhsa_jbzd_78_0302,"78.0302",True,"尺骨植骨术","手术"
nhsa_jbzd_78_0400,"78.0400",True,"腕骨和掌骨移植术","手术"
nhsa_jbzd_78_0400x001,"78.0400x001",True,"掌骨人工骨植骨术","手术"
nhsa_jbzd_78_0401,"78.0401",True,"腕骨植骨术","手术"
nhsa_jbzd_78_0402,"78.0402",True,"舟状骨植骨术","手术"
nhsa_jbzd_78_0403,"78.0403",True,"掌骨植骨术","手术"
nhsa_jbzd_78_0500,"78.0500",True,"股骨移植术","手术"
nhsa_jbzd_78_0500x001,"78.0500x001",True,"股骨植骨术","手术"
nhsa_jbzd_78_0500x002,"78.0500x002",True,"股骨人工骨植骨术","手术"
nhsa_jbzd_78_0501,"78.0501",True,"股骨颈骨折骨栓植入术","手术"
nhsa_jbzd_78_0600,"78.0600",True,"髌骨移植术","手术"
nhsa_jbzd_78_0600x001,"78.0600x001",True,"髌骨植骨术","手术"
nhsa_jbzd_78_0600x003,"78.0600x003",True,"髌骨人工骨植骨术","手术"
nhsa_jbzd_78_0700,"78.0700",True,"胫骨和腓骨移植术","手术"
nhsa_jbzd_78_0700x004,"78.0700x004",True,"胫骨人工骨植骨术","手术"
nhsa_jbzd_78_0700x005,"78.0700x005",True,"带血管蒂腓骨移植术","手术"
nhsa_jbzd_78_0700x006,"78.0700x006",True,"腓骨人工骨植骨术","手术"
nhsa_jbzd_78_0701,"78.0701",True,"胫骨植骨术","手术"
nhsa_jbzd_78_0702,"78.0702",True,"腓骨植骨术","手术"
nhsa_jbzd_78_0800,"78.0800",True,"跗骨和跖骨移植术","手术"
nhsa_jbzd_78_0800x001,"78.0800x001",True,"距骨植骨术","手术"
nhsa_jbzd_78_0800x002,"78.0800x002",True,"距骨人工骨植骨术","手术"
nhsa_jbzd_78_0800x003,"78.0800x003",True,"跟骨植骨术","手术"
nhsa_jbzd_78_0800x004,"78.0800x004",True,"跟骨人工骨植骨术","手术"
nhsa_jbzd_78_0801,"78.0801",True,"跗骨植骨术","手术"
nhsa_jbzd_78_0802,"78.0802",True,"跖骨植骨术","手术"
nhsa_jbzd_78_0900,"78.0900",True,"其他骨移植术","手术"
nhsa_jbzd_78_0900x008,"78.0900x008",True,"颈椎植骨术","手术"
nhsa_jbzd_78_0900x009,"78.0900x009",True,"胸椎植骨术","手术"
nhsa_jbzd_78_0900x010,"78.0900x010",True,"腰椎植骨术","手术"
nhsa_jbzd_78_0900x011,"78.0900x011",True,"骶椎植骨术","手术"
nhsa_jbzd_78_0900x012,"78.0900x012",True,"髋骨植骨术","手术"
nhsa_jbzd_78_0900x013,"78.0900x013",True,"骶椎人工骨植骨术","手术"
nhsa_jbzd_78_0900x015,"78.0900x015",True,"颈椎人工骨植骨术","手术"
nhsa_jbzd_78_0900x016,"78.0900x016",True,"髋骨人工骨植骨术","手术"
nhsa_jbzd_78_0900x017,"78.0900x017",True,"髂骨人工骨植骨术","手术"
nhsa_jbzd_78_0900x018,"78.0900x018",True,"胸椎人工骨植骨术","手术"
nhsa_jbzd_78_0900x019,"78.0900x019",True,"腰椎人工骨植骨术","手术"
nhsa_jbzd_78_0900x020,"78.0900x020",True,"指骨人工骨植骨术","手术"
nhsa_jbzd_78_0900x021,"78.0900x021",True,"趾骨人工骨植骨术","手术"
nhsa_jbzd_78_0900x022,"78.0900x022",True,"髂骨植骨术","手术"
nhsa_jbzd_78_0900x023,"78.0900x023",True,"耻骨植骨术","手术"
nhsa_jbzd_78_0900x024,"78.0900x024",True,"坐骨植骨术","手术"
nhsa_jbzd_78_0901,"78.0901",True,"骨盆植骨术","手术"
nhsa_jbzd_78_0902,"78.0902",True,"指骨植骨术","手术"
nhsa_jbzd_78_0903,"78.0903",True,"趾骨植骨术","手术"
nhsa_jbzd_78_0904,"78.0904",True,"椎骨植骨术","手术"
nhsa_jbzd_78_1000,"78.1000",True,"使用外固定装置","手术"
nhsa_jbzd_78_1100,"78.1100",True,"肩胛骨，锁骨和胸廓［肋骨和胸骨］使用外固定装置","手术"
nhsa_jbzd_78_1101,"78.1101",True,"肩胛骨外固定架固定术","手术"
nhsa_jbzd_78_1102,"78.1102",True,"锁骨外固定术","手术"
nhsa_jbzd_78_1103,"78.1103",True,"肋骨外固定架固定术","手术"
nhsa_jbzd_78_1104,"78.1104",True,"胸骨外固定架固定术","手术"
nhsa_jbzd_78_1200,"78.1200",True,"肱骨使用外固定装置","手术"
nhsa_jbzd_78_1201,"78.1201",True,"肱骨外固定术","手术"
nhsa_jbzd_78_1300,"78.1300",True,"桡骨和尺骨使用外固定装置","手术"
nhsa_jbzd_78_1301,"78.1301",True,"桡骨外固定术","手术"
nhsa_jbzd_78_1302,"78.1302",True,"尺骨外固定术","手术"
nhsa_jbzd_78_1400,"78.1400",True,"腕骨和掌骨使用外固定装置","手术"
nhsa_jbzd_78_1401,"78.1401",True,"腕骨外固定术","手术"
nhsa_jbzd_78_1402,"78.1402",True,"掌骨外固定术","手术"
nhsa_jbzd_78_1500,"78.1500",True,"股骨使用外固定装置","手术"
nhsa_jbzd_78_1501,"78.1501",True,"股骨外固定术","手术"
nhsa_jbzd_78_1600,"78.1600",True,"髌骨使用外固定装置","手术"
nhsa_jbzd_78_1601,"78.1601",True,"髌骨外固定术","手术"
nhsa_jbzd_78_1700,"78.1700",True,"胫骨和腓骨使用外固定装置","手术"
nhsa_jbzd_78_1701,"78.1701",True,"胫骨外固定术","手术"
nhsa_jbzd_78_1702,"78.1702",True,"腓骨外固定术","手术"
nhsa_jbzd_78_1800,"78.1800",True,"跗骨和跖骨使用外固定装置","手术"
nhsa_jbzd_78_1801,"78.1801",True,"跗骨外固定术","手术"
nhsa_jbzd_78_1802,"78.1802",True,"跖骨外固定术","手术"
nhsa_jbzd_78_1900,"78.1900",True,"其他骨使用外固定装置","手术"
nhsa_jbzd_78_1900x004,"78.1900x004",True,"椎骨外固定架固定术","手术"
nhsa_jbzd_78_1901,"78.1901",True,"盆骨外固定术","手术"
nhsa_jbzd_78_1902,"78.1902",True,"指骨外固定术","手术"
nhsa_jbzd_78_1903,"78.1903",True,"趾骨外固定术","手术"
nhsa_jbzd_78_2000,"78.2000",True,"肢体缩短手术","手术"
nhsa_jbzd_78_2001,"78.2001",True,"骨骺固定术","手术"
nhsa_jbzd_78_2002,"78.2002",True,"开放性骨骺骨干固定术","手术"
nhsa_jbzd_78_2003,"78.2003",True,"经皮骨骺骨干固定术","手术"
nhsa_jbzd_78_2200,"78.2200",True,"肱骨缩短手术","手术"
nhsa_jbzd_78_2300,"78.2300",True,"桡骨和尺骨缩短手术","手术"
nhsa_jbzd_78_2300x001,"78.2300x001",True,"关节镜下尺骨短缩术","手术"
nhsa_jbzd_78_2301,"78.2301",True,"桡骨缩短术","手术"
nhsa_jbzd_78_2302,"78.2302",True,"尺骨缩短术","手术"
nhsa_jbzd_78_2400,"78.2400",True,"腕骨和掌骨缩短手术","手术"
nhsa_jbzd_78_2500,"78.2500",True,"股骨缩短术","手术"
nhsa_jbzd_78_2501,"78.2501",True,"布朗特手术","手术"
nhsa_jbzd_78_2700,"78.2700",True,"胫骨和腓骨缩短术","手术"
nhsa_jbzd_78_2701,"78.2701",True,"胫骨缩短术","手术"
nhsa_jbzd_78_2702,"78.2702",True,"腓骨缩短术","手术"
nhsa_jbzd_78_2800,"78.2800",True,"跗骨和跖骨缩短术","手术"
nhsa_jbzd_78_2900,"78.2900",True,"其他骨缩短术","手术"
nhsa_jbzd_78_2901,"78.2901",True,"指骨短缩术","手术"
nhsa_jbzd_78_2902,"78.2902",True,"趾骨短缩术","手术"
nhsa_jbzd_78_2903,"78.2903",True,"巨指畸形骨骺阻滞术","手术"
nhsa_jbzd_78_3000,"78.3000",True,"肢体延伸术","手术"
nhsa_jbzd_78_3200,"78.3200",True,"肱骨延伸术","手术"
nhsa_jbzd_78_3200x001,"78.3200x001",True,"肱骨延长术","手术"
nhsa_jbzd_78_3300,"78.3300",True,"桡骨和尺骨延伸术","手术"
nhsa_jbzd_78_3301,"78.3301",True,"桡骨延长术","手术"
nhsa_jbzd_78_3302,"78.3302",True,"尺骨延长术","手术"
nhsa_jbzd_78_3400,"78.3400",True,"腕骨和掌骨延伸术","手术"
nhsa_jbzd_78_3400x001,"78.3400x001",True,"腕骨延长术","手术"
nhsa_jbzd_78_3401,"78.3401",True,"掌骨延长术","手术"
nhsa_jbzd_78_3500,"78.3500",True,"股骨延伸术","手术"
nhsa_jbzd_78_3500x001,"78.3500x001",True,"股骨延长术","手术"
nhsa_jbzd_78_3700,"78.3700",True,"胫骨和腓骨延伸术","手术"
nhsa_jbzd_78_3701,"78.3701",True,"胫骨延长术","手术"
nhsa_jbzd_78_3702,"78.3702",True,"腓骨延长术","手术"
nhsa_jbzd_78_3800,"78.3800",True,"跗骨和跖骨延伸术","手术"
nhsa_jbzd_78_3800x001,"78.3800x001",True,"跗骨延长术","手术"
nhsa_jbzd_78_3800x002,"78.3800x002",True,"跖骨延长术","手术"
nhsa_jbzd_78_3900,"78.3900",True,"其他骨的延长术","手术"
nhsa_jbzd_78_3900x001,"78.3900x001",True,"指骨延长术","手术"
nhsa_jbzd_78_4000,"78.4000",True,"骨的其他修补术或整形术","手术"
nhsa_jbzd_78_4100,"78.4100",True,"肩胛骨，锁骨和胸廓［肋骨和胸骨］其他修补术或整形术","手术"
nhsa_jbzd_78_4101,"78.4101",True,"肩胛骨成形术","手术"
nhsa_jbzd_78_4102,"78.4102",True,"肩胛固定术","手术"
nhsa_jbzd_78_4103,"78.4103",True,"锁骨成形术","手术"
nhsa_jbzd_78_4104,"78.4104",True,"肋骨成形术","手术"
nhsa_jbzd_78_4105,"78.4105",True,"胸骨成形术","手术"
nhsa_jbzd_78_4106,"78.4106",True,"胸骨缺损修补术","手术"
nhsa_jbzd_78_4200,"78.4200",True,"肱骨其他修补术或整形术","手术"
nhsa_jbzd_78_4201,"78.4201",True,"肱骨成形术","手术"
nhsa_jbzd_78_4300,"78.4300",True,"桡骨和尺骨其他修补术或整形术","手术"
nhsa_jbzd_78_4301,"78.4301",True,"桡骨成形术","手术"
nhsa_jbzd_78_4302,"78.4302",True,"尺骨成形术","手术"
nhsa_jbzd_78_4400,"78.4400",True,"腕骨和掌骨其他修补术或整形术","手术"
nhsa_jbzd_78_4401,"78.4401",True,"腕骨成形术","手术"
nhsa_jbzd_78_4402,"78.4402",True,"掌骨成形术","手术"
nhsa_jbzd_78_4500,"78.4500",True,"股骨其他修补术或整形术","手术"
nhsa_jbzd_78_4501,"78.4501",True,"股骨成形术","手术"
nhsa_jbzd_78_4600,"78.4600",True,"髌骨其他修补术或整形术","手术"
nhsa_jbzd_78_4600x002,"78.4600x002",True,"髌骨成形术","手术"
nhsa_jbzd_78_4600x003,"78.4600x003",True,"膝关节镜下髌骨成形术","手术"
nhsa_jbzd_78_4700,"78.4700",True,"胫骨和腓骨其他修补术或整形术","手术"
nhsa_jbzd_78_4700x001,"78.4700x001",True,"胫骨结节移位术","手术"
nhsa_jbzd_78_4701,"78.4701",True,"胫骨成形术","手术"
nhsa_jbzd_78_4702,"78.4702",True,"腓骨成形术","手术"
nhsa_jbzd_78_4800,"78.4800",True,"跗骨和跖骨其他修补术或整形术","手术"
nhsa_jbzd_78_4800x001,"78.4800x001",True,"跟骨修补术","手术"
nhsa_jbzd_78_4801,"78.4801",True,"跗骨成形术","手术"
nhsa_jbzd_78_4802,"78.4802",True,"跖骨成形术","手术"
nhsa_jbzd_78_4900,"78.4900",True,"其他骨其他修补术或整形术","手术"
nhsa_jbzd_78_4900x005,"78.4900x005",True,"指骨修补术","手术"
nhsa_jbzd_78_4900x006,"78.4900x006",True,"趾骨矫正术","手术"
nhsa_jbzd_78_4900x007,"78.4900x007",True,"骨盆重建术","手术"
nhsa_jbzd_78_4900x008,"78.4900x008",True,"髂骨修补术","手术"
nhsa_jbzd_78_4900x009,"78.4900x009",True,"耻骨成形术","手术"
nhsa_jbzd_78_4901,"78.4901",True,"骨盆成形术","手术"
nhsa_jbzd_78_4902,"78.4902",True,"指骨成形术","手术"
nhsa_jbzd_78_4903,"78.4903",True,"趾骨成形术","手术"
nhsa_jbzd_78_4904,"78.4904",True,"椎骨成形术","手术"
nhsa_jbzd_78_5000,"78.5000",True,"骨内固定不伴骨折复位术","手术"
nhsa_jbzd_78_5100,"78.5100",True,"肩胛骨，锁骨和胸廓［肋骨和胸骨］内固定不伴骨折复位术","手术"
nhsa_jbzd_78_5100x003,"78.5100x003",True,"胸骨内固定装置再置入术","手术"
nhsa_jbzd_78_5100x004,"78.5100x004",True,"锁骨髓内针内固定术","手术"
nhsa_jbzd_78_5100x005,"78.5100x005",True,"胸骨钢板内固定术","手术"
nhsa_jbzd_78_5100x006,"78.5100x006",True,"胸骨钢针内固定术","手术"
nhsa_jbzd_78_5100x007,"78.5100x007",True,"胸骨螺钉内固定术","手术"
nhsa_jbzd_78_5100x009,"78.5100x009",True,"肋骨钢板内固定术","手术"
nhsa_jbzd_78_5100x010,"78.5100x010",True,"肋骨钢针内固定术","手术"
nhsa_jbzd_78_5100x011,"78.5100x011",True,"肋骨螺钉内固定术","手术"
nhsa_jbzd_78_5100x012,"78.5100x012",True,"肋骨髓内针内固定术","手术"
nhsa_jbzd_78_5100x013,"78.5100x013",True,"肩胛骨钢板内固定术","手术"
nhsa_jbzd_78_5100x014,"78.5100x014",True,"肩胛骨钢针内固定术","手术"
nhsa_jbzd_78_5100x015,"78.5100x015",True,"肩胛骨螺钉内固定术","手术"
nhsa_jbzd_78_5100x016,"78.5100x016",True,"锁骨钢板内固定术","手术"
nhsa_jbzd_78_5100x017,"78.5100x017",True,"锁骨钢针内固定术","手术"
nhsa_jbzd_78_5100x018,"78.5100x018",True,"锁骨螺钉内固定术","手术"
nhsa_jbzd_78_5101,"78.5101",True,"肩胛骨内固定术","手术"
nhsa_jbzd_78_5102,"78.5102",True,"锁骨内固定术","手术"
nhsa_jbzd_78_5103,"78.5103",True,"胸骨内固定术","手术"
nhsa_jbzd_78_5104,"78.5104",True,"肋骨内固定术","手术"
nhsa_jbzd_78_5200,"78.5200",True,"肱骨内固定不伴骨折复位术","手术"
nhsa_jbzd_78_5200x003,"78.5200x003",True,"肱骨螺钉内固定术","手术"
nhsa_jbzd_78_5200x004,"78.5200x004",True,"肱骨髓内针内固定术","手术"
nhsa_jbzd_78_5200x005,"78.5200x005",True,"肱骨钢板内固定术","手术"
nhsa_jbzd_78_5200x006,"78.5200x006",True,"肱骨钢针内固定术","手术"
nhsa_jbzd_78_5201,"78.5201",True,"肱骨内固定术","手术"
nhsa_jbzd_78_5300,"78.5300",True,"桡骨和尺骨内固定不伴骨折复位术","手术"
nhsa_jbzd_78_5300x002,"78.5300x002",True,"尺骨钢针内固定术","手术"
nhsa_jbzd_78_5300x003,"78.5300x003",True,"尺骨螺钉内固定术","手术"
nhsa_jbzd_78_5300x004,"78.5300x004",True,"尺骨髓内针内固定术","手术"
nhsa_jbzd_78_5300x005,"78.5300x005",True,"桡骨钢板内固定术","手术"
nhsa_jbzd_78_5300x006,"78.5300x006",True,"桡骨钢针内固定术","手术"
nhsa_jbzd_78_5300x007,"78.5300x007",True,"桡骨螺钉内固定术","手术"
nhsa_jbzd_78_5300x008,"78.5300x008",True,"桡骨髓内针内固定术","手术"
nhsa_jbzd_78_5300x009,"78.5300x009",True,"尺骨钢板内固定术","手术"
nhsa_jbzd_78_5301,"78.5301",True,"桡骨内固定术","手术"
nhsa_jbzd_78_5302,"78.5302",True,"尺骨内固定术","手术"
nhsa_jbzd_78_5400,"78.5400",True,"腕骨和掌骨内固定不伴骨折复位术","手术"
nhsa_jbzd_78_5400x003,"78.5400x003",True,"腕骨螺钉内固定术","手术"
nhsa_jbzd_78_5400x004,"78.5400x004",True,"腕骨空心钉内固定术","手术"
nhsa_jbzd_78_5400x005,"78.5400x005",True,"掌骨钢板内固定术","手术"
nhsa_jbzd_78_5400x006,"78.5400x006",True,"掌骨钢针内固定术","手术"
nhsa_jbzd_78_5400x007,"78.5400x007",True,"掌骨螺钉内固定术","手术"
nhsa_jbzd_78_5400x008,"78.5400x008",True,"掌骨髓内针内固定术","手术"
nhsa_jbzd_78_5400x009,"78.5400x009",True,"腕骨钢板内固定术","手术"
nhsa_jbzd_78_5400x010,"78.5400x010",True,"腕骨钢针内固定术","手术"
nhsa_jbzd_78_5400x011,"78.5400x011",True,"掌骨钢丝内固定术","手术"
nhsa_jbzd_78_5400x012,"78.5400x012",True,"腕关节镜下舟骨骨折固定术","手术"
nhsa_jbzd_78_5401,"78.5401",True,"腕骨内固定术","手术"
nhsa_jbzd_78_5402,"78.5402",True,"掌骨内固定术","手术"
nhsa_jbzd_78_5500,"78.5500",True,"股骨内固定不伴骨折复位术","手术"
nhsa_jbzd_78_5500x003,"78.5500x003",True,"股骨髓内针内固定术","手术"
nhsa_jbzd_78_5500x005,"78.5500x005",True,"股骨钢板内固定术","手术"
nhsa_jbzd_78_5500x006,"78.5500x006",True,"股骨钢针内固定术","手术"
nhsa_jbzd_78_5500x007,"78.5500x007",True,"股骨螺钉内固定术","手术"
nhsa_jbzd_78_5500x008,"78.5500x008",True,"股骨头重建棒置入术","手术"
nhsa_jbzd_78_5501,"78.5501",True,"股骨内固定术","手术"
nhsa_jbzd_78_5600,"78.5600",True,"髌骨内固定不伴骨折复位术","手术"
nhsa_jbzd_78_5600x001,"78.5600x001",True,"髌骨钢板内固定术","手术"
nhsa_jbzd_78_5600x002,"78.5600x002",True,"髌骨钢针内固定术","手术"
nhsa_jbzd_78_5600x003,"78.5600x003",True,"髌骨螺钉内固定术","手术"
nhsa_jbzd_78_5601,"78.5601",True,"髌骨内固定术","手术"
nhsa_jbzd_78_5700,"78.5700",True,"胫骨和腓骨内固定不伴骨折复位术","手术"
nhsa_jbzd_78_5700x003,"78.5700x003",True,"腓骨螺钉内固定术","手术"
nhsa_jbzd_78_5700x004,"78.5700x004",True,"腓骨髓内针内固定术","手术"
nhsa_jbzd_78_5700x005,"78.5700x005",True,"胫骨钢板内固定术","手术"
nhsa_jbzd_78_5700x006,"78.5700x006",True,"胫骨钢针内固定术","手术"
nhsa_jbzd_78_5700x007,"78.5700x007",True,"胫骨螺钉内固定术","手术"
nhsa_jbzd_78_5700x008,"78.5700x008",True,"胫骨髓内针内固定术","手术"
nhsa_jbzd_78_5700x009,"78.5700x009",True,"腓骨钢板内固定术","手术"
nhsa_jbzd_78_5700x010,"78.5700x010",True,"腓骨钢针内固定术","手术"
nhsa_jbzd_78_5700x012,"78.5700x012",True,"膝关节镜下胫骨髁间棘骨折固定术","手术"
nhsa_jbzd_78_5700x013,"78.5700x013",True,"关节镜下胫骨钢丝内固定术","手术"
nhsa_jbzd_78_5701,"78.5701",True,"胫骨内固定术","手术"
nhsa_jbzd_78_5702,"78.5702",True,"腓骨内固定术","手术"
nhsa_jbzd_78_5800,"78.5800",True,"跗骨和跖骨内固定不伴骨折复位术","手术"
nhsa_jbzd_78_5800x002,"78.5800x002",True,"跗骨钢针内固定术","手术"
nhsa_jbzd_78_5800x003,"78.5800x003",True,"跗骨螺钉内固定术","手术"
nhsa_jbzd_78_5800x005,"78.5800x005",True,"跖骨钢板内固定术","手术"
nhsa_jbzd_78_5800x006,"78.5800x006",True,"跖骨钢针内固定术","手术"
nhsa_jbzd_78_5800x007,"78.5800x007",True,"跖骨螺钉内固定术","手术"
nhsa_jbzd_78_5800x008,"78.5800x008",True,"跖骨髓内针内固定术","手术"
nhsa_jbzd_78_5800x009,"78.5800x009",True,"跗骨钢板内固定术","手术"
nhsa_jbzd_78_5801,"78.5801",True,"跗骨内固定术","手术"
nhsa_jbzd_78_5802,"78.5802",True,"跖骨内固定术","手术"
nhsa_jbzd_78_5900,"78.5900",True,"其他骨内固定不伴骨折复位术","手术"
nhsa_jbzd_78_5900x019,"78.5900x019",True,"指骨钢板内固定术","手术"
nhsa_jbzd_78_5900x020,"78.5900x020",True,"趾骨钢板内固定术","手术"
nhsa_jbzd_78_5900x022,"78.5900x022",True,"椎弓根钉内固定术","手术"
nhsa_jbzd_78_5900x025,"78.5900x025",True,"椎骨内固定修正术","手术"
nhsa_jbzd_78_5900x026,"78.5900x026",True,"脊柱可调节装置置入术(生长棒)","手术"
nhsa_jbzd_78_5900x027,"78.5900x027",True,"骨盆钢板内固定术","手术"
nhsa_jbzd_78_5900x028,"78.5900x028",True,"骨盆钢针内固定术","手术"
nhsa_jbzd_78_5900x029,"78.5900x029",True,"骨盆螺钉内固定术","手术"
nhsa_jbzd_78_5900x030,"78.5900x030",True,"骨盆髓内针内固定术","手术"
nhsa_jbzd_78_5900x031,"78.5900x031",True,"指骨钢针内固定术","手术"
nhsa_jbzd_78_5900x032,"78.5900x032",True,"指骨螺钉内固定术","手术"
nhsa_jbzd_78_5900x033,"78.5900x033",True,"指骨髓内针内固定术","手术"
nhsa_jbzd_78_5900x034,"78.5900x034",True,"趾骨钢针内固定术","手术"
nhsa_jbzd_78_5900x035,"78.5900x035",True,"趾骨螺钉内固定术","手术"
nhsa_jbzd_78_5900x036,"78.5900x036",True,"趾骨髓内针内固定术","手术"
nhsa_jbzd_78_5900x037,"78.5900x037",True,"脊柱可调节装置调整术","手术"
nhsa_jbzd_78_5901,"78.5901",True,"骨盆内固定术","手术"
nhsa_jbzd_78_5902,"78.5902",True,"指骨内固定术","手术"
nhsa_jbzd_78_5903,"78.5903",True,"趾骨内固定术","手术"
nhsa_jbzd_78_5904,"78.5904",True,"椎骨内固定术","手术"
nhsa_jbzd_78_6000,"78.6000",True,"骨置入装置去除","手术"
nhsa_jbzd_78_6100,"78.6100",True,"肩胛骨，锁骨和胸廓［肋骨和胸骨］置入装置去除","手术"
nhsa_jbzd_78_6100x004,"78.6100x004",True,"肩锁关节内固定物取出术","手术"
nhsa_jbzd_78_6101,"78.6101",True,"肩胛骨内固定装置去除术","手术"
nhsa_jbzd_78_6102,"78.6102",True,"肩胛骨外固定装置去除术","手术"
nhsa_jbzd_78_6103,"78.6103",True,"锁骨内固定装置去除术","手术"
nhsa_jbzd_78_6104,"78.6104",True,"锁骨外固定装置去除术","手术"
nhsa_jbzd_78_6105,"78.6105",True,"肋骨内固定装置去除术","手术"
nhsa_jbzd_78_6106,"78.6106",True,"肋骨外固定装置去除术","手术"
nhsa_jbzd_78_6107,"78.6107",True,"胸骨内固定装置去除术","手术"
nhsa_jbzd_78_6108,"78.6108",True,"胸骨外固定装置去除术","手术"
nhsa_jbzd_78_6200,"78.6200",True,"肱骨置入装置去除","手术"
nhsa_jbzd_78_6201,"78.6201",True,"肱骨内固定装置去除术","手术"
nhsa_jbzd_78_6202,"78.6202",True,"肱骨外固定装置去除术","手术"
nhsa_jbzd_78_6300,"78.6300",True,"桡骨和尺骨置入装置去除","手术"
nhsa_jbzd_78_6301,"78.6301",True,"桡骨内固定装置去除术","手术"
nhsa_jbzd_78_6302,"78.6302",True,"桡骨外固定装置去除术","手术"
nhsa_jbzd_78_6303,"78.6303",True,"尺骨内固定装置去除术","手术"
nhsa_jbzd_78_6304,"78.6304",True,"尺骨外固定装置去除术","手术"
nhsa_jbzd_78_6400,"78.6400",True,"腕骨和掌骨置入装置去除","手术"
nhsa_jbzd_78_6401,"78.6401",True,"腕骨内固定装置去除术","手术"
nhsa_jbzd_78_6402,"78.6402",True,"腕骨外固定装置去除术","手术"
nhsa_jbzd_78_6403,"78.6403",True,"掌骨内固定装置去除术","手术"
nhsa_jbzd_78_6404,"78.6404",True,"掌骨外固定装置去除术","手术"
nhsa_jbzd_78_6500,"78.6500",True,"股骨置入装置去除","手术"
nhsa_jbzd_78_6501,"78.6501",True,"股骨内固定装置去除术","手术"
nhsa_jbzd_78_6502,"78.6502",True,"股骨外固定装置去除术","手术"
nhsa_jbzd_78_6600,"78.6600",True,"髌骨置入装置去除","手术"
nhsa_jbzd_78_6600x002,"78.6600x002",True,"膝关节内固定物取出术","手术"
nhsa_jbzd_78_6600x003,"78.6600x003",True,"膝关节镜下内固定物取出术","手术"
nhsa_jbzd_78_6601,"78.6601",True,"髌骨内固定装置去除术","手术"
nhsa_jbzd_78_6602,"78.6602",True,"髌骨外固定装置去除术","手术"
nhsa_jbzd_78_6700,"78.6700",True,"胫骨和腓骨置入装置去除","手术"
nhsa_jbzd_78_6701,"78.6701",True,"胫骨内固定装置去除术","手术"
nhsa_jbzd_78_6702,"78.6702",True,"胫骨外固定装置去除术","手术"
nhsa_jbzd_78_6703,"78.6703",True,"腓骨内固定装置去除术","手术"
nhsa_jbzd_78_6704,"78.6704",True,"腓骨外固定装置去除术","手术"
nhsa_jbzd_78_6705,"78.6705",True,"踝关节内固定装置去除术","手术"
nhsa_jbzd_78_6706,"78.6706",True,"踝关节外固定装置去除术","手术"
nhsa_jbzd_78_6800,"78.6800",True,"跗骨和跖骨置入装置去除","手术"
nhsa_jbzd_78_6800x005,"78.6800x005",True,"楔骨内固定物取出术","手术"
nhsa_jbzd_78_6800x006,"78.6800x006",True,"跟骨内固定物取出术","手术"
nhsa_jbzd_78_6801,"78.6801",True,"跗骨内固定装置去除术","手术"
nhsa_jbzd_78_6802,"78.6802",True,"跗骨外固定装置去除术","手术"
nhsa_jbzd_78_6803,"78.6803",True,"跖骨内固定装置去除术","手术"
nhsa_jbzd_78_6804,"78.6804",True,"跖骨外固定装置去除术","手术"
nhsa_jbzd_78_6900,"78.6900",True,"其他骨置入装置去除","手术"
nhsa_jbzd_78_6900x008,"78.6900x008",True,"髋关节内固定物取出术","手术"
nhsa_jbzd_78_6900x010,"78.6900x010",True,"椎骨内固定物取出术","手术"
nhsa_jbzd_78_6900x016,"78.6900x016",True,"椎骨外固定架去除术","手术"
nhsa_jbzd_78_6900x017,"78.6900x017",True,"髂骨内固定装置去除术","手术"
nhsa_jbzd_78_6901,"78.6901",True,"骨盆内固定装置去除术","手术"
nhsa_jbzd_78_6902,"78.6902",True,"骨盆外固定装置去除术","手术"
nhsa_jbzd_78_6903,"78.6903",True,"指骨内固定装置去除术","手术"
nhsa_jbzd_78_6904,"78.6904",True,"指骨外固定装置去除术","手术"
nhsa_jbzd_78_6905,"78.6905",True,"趾骨内固定装置去除术","手术"
nhsa_jbzd_78_6906,"78.6906",True,"趾骨外固定装置去除术","手术"
nhsa_jbzd_78_6907,"78.6907",True,"脊柱内固定装置去除术","手术"
nhsa_jbzd_78_6908,"78.6908",True,"脊柱外固定装置去除术","手术"
nhsa_jbzd_78_7000,"78.7000",True,"折骨术","手术"
nhsa_jbzd_78_7100,"78.7100",True,"肩胛骨，锁骨和胸廓［肋骨和胸骨］折骨术","手术"
nhsa_jbzd_78_7101,"78.7101",True,"肩胛骨折骨术","手术"
nhsa_jbzd_78_7102,"78.7102",True,"锁骨折骨术","手术"
nhsa_jbzd_78_7103,"78.7103",True,"肋骨折骨术","手术"
nhsa_jbzd_78_7104,"78.7104",True,"胸骨折骨术","手术"
nhsa_jbzd_78_7200,"78.7200",True,"肱骨折骨术","手术"
nhsa_jbzd_78_7300,"78.7300",True,"桡骨和尺骨折骨术","手术"
nhsa_jbzd_78_7301,"78.7301",True,"桡骨折骨术","手术"
nhsa_jbzd_78_7302,"78.7302",True,"尺骨折骨术","手术"
nhsa_jbzd_78_7400,"78.7400",True,"腕骨和掌骨折骨术","手术"
nhsa_jbzd_78_7401,"78.7401",True,"腕骨折骨术","手术"
nhsa_jbzd_78_7402,"78.7402",True,"掌骨折骨术","手术"
nhsa_jbzd_78_7500,"78.7500",True,"股骨折骨术","手术"
nhsa_jbzd_78_7600,"78.7600",True,"髌骨折骨术","手术"
nhsa_jbzd_78_7700,"78.7700",True,"胫骨和腓骨折骨术","手术"
nhsa_jbzd_78_7701,"78.7701",True,"胫骨折骨术","手术"
nhsa_jbzd_78_7702,"78.7702",True,"腓骨折骨术","手术"
nhsa_jbzd_78_7800,"78.7800",True,"跗骨和跖骨折骨术","手术"
nhsa_jbzd_78_7801,"78.7801",True,"跗骨折骨术","手术"
nhsa_jbzd_78_7802,"78.7802",True,"跖骨折骨术","手术"
nhsa_jbzd_78_7900,"78.7900",True,"其他骨折骨术","手术"
nhsa_jbzd_78_7901,"78.7901",True,"骨盆折骨术","手术"
nhsa_jbzd_78_7902,"78.7902",True,"指骨折骨术","手术"
nhsa_jbzd_78_7903,"78.7903",True,"趾骨折骨术","手术"
nhsa_jbzd_78_7904,"78.7904",True,"椎骨折骨术","手术"
nhsa_jbzd_78_8000,"78.8000",True,"骨诊断性操作","诊断性操作"
nhsa_jbzd_78_8100,"78.8100",True,"肩胛骨，锁骨和胸廓［肋骨和胸骨］诊断性操作","诊断性操作"
nhsa_jbzd_78_8100x001,"78.8100x001",True,"肩胛骨穿刺活组织检查","诊断性操作"
nhsa_jbzd_78_8100x002,"78.8100x002",True,"锁骨穿刺活组织检查","诊断性操作"
nhsa_jbzd_78_8100x003,"78.8100x003",True,"肋骨穿刺活组织检查","诊断性操作"
nhsa_jbzd_78_8100x004,"78.8100x004",True,"胸骨穿刺活组织检查","诊断性操作"
nhsa_jbzd_78_8200,"78.8200",True,"肱骨诊断性操作","诊断性操作"
nhsa_jbzd_78_8200x001,"78.8200x001",True,"肱骨穿刺活组织检查","诊断性操作"
nhsa_jbzd_78_8300,"78.8300",True,"桡骨和尺骨诊断性操作","诊断性操作"
nhsa_jbzd_78_8300x001,"78.8300x001",True,"桡骨穿刺活组织检查","诊断性操作"
nhsa_jbzd_78_8300x002,"78.8300x002",True,"尺骨穿刺活组织检查","诊断性操作"
nhsa_jbzd_78_8400,"78.8400",True,"腕骨和掌骨诊断性操作","诊断性操作"
nhsa_jbzd_78_8400x001,"78.8400x001",True,"腕骨穿刺活组织检查","诊断性操作"
nhsa_jbzd_78_8400x002,"78.8400x002",True,"掌骨穿刺活组织检查","诊断性操作"
nhsa_jbzd_78_8500,"78.8500",True,"股骨诊断性操作","诊断性操作"
nhsa_jbzd_78_8500x001,"78.8500x001",True,"股骨穿刺活组织检查","诊断性操作"
nhsa_jbzd_78_8600,"78.8600",True,"髌骨诊断性操作","诊断性操作"
nhsa_jbzd_78_8600x001,"78.8600x001",True,"髌骨穿刺活组织检查","诊断性操作"
nhsa_jbzd_78_8700,"78.8700",True,"胫骨和腓骨诊断性操作","诊断性操作"
nhsa_jbzd_78_8700x001,"78.8700x001",True,"胫骨穿刺活组织检查","诊断性操作"
nhsa_jbzd_78_8700x002,"78.8700x002",True,"腓骨穿刺活组织检查","诊断性操作"
nhsa_jbzd_78_8800,"78.8800",True,"跗骨和跖骨诊断性操作","诊断性操作"
nhsa_jbzd_78_8800x001,"78.8800x001",True,"跗骨穿刺活组织检查","诊断性操作"
nhsa_jbzd_78_8800x002,"78.8800x002",True,"跖骨穿刺活组织检查","诊断性操作"
nhsa_jbzd_78_8900,"78.8900",True,"其他骨诊断性操作","诊断性操作"
nhsa_jbzd_78_8900x001,"78.8900x001",True,"骨盆穿刺活组织检查","诊断性操作"
nhsa_jbzd_78_8900x002,"78.8900x002",True,"椎骨穿刺活组织检查","诊断性操作"
nhsa_jbzd_78_9000,"78.9000",True,"骨生长刺激器的置入","手术"
nhsa_jbzd_78_9100,"78.9100",True,"肩胛骨，锁骨和胸廓［肋骨和胸骨］生长刺激器的置入","手术"
nhsa_jbzd_78_9200,"78.9200",True,"肱骨生长刺激器的置入","手术"
nhsa_jbzd_78_9300,"78.9300",True,"桡骨和尺骨生长刺激器的置入","手术"
nhsa_jbzd_78_9301,"78.9301",True,"桡骨生长刺激器的置入","手术"
nhsa_jbzd_78_9302,"78.9302",True,"尺骨生长刺激器的置入","手术"
nhsa_jbzd_78_9400,"78.9400",True,"腕骨和掌骨生长刺激器的置入","手术"
nhsa_jbzd_78_9500,"78.9500",True,"股骨生长刺激器的置入","手术"
nhsa_jbzd_78_9600,"78.9600",True,"髌骨生长刺激器的置入","手术"
nhsa_jbzd_78_9700,"78.9700",True,"胫骨和腓骨生长刺激器的置入","手术"
nhsa_jbzd_78_9701,"78.9701",True,"胫骨生长刺激器的置入","手术"
nhsa_jbzd_78_9800,"78.9800",True,"跗骨和跖骨生长刺激器的置入","手术"
nhsa_jbzd_78_9900,"78.9900",True,"其他骨生长刺激器的置入","手术"
nhsa_jbzd_78_9900x001,"78.9900x001",True,"骨牵拉延长器置入术","手术"
nhsa_jbzd_79_0000,"79.0000",True,"骨折闭合性复位术不伴内固定","治疗性操作"
nhsa_jbzd_79_0100,"79.0100",True,"肱骨骨折闭合性复位术不伴内固定","治疗性操作"
nhsa_jbzd_79_0100x001,"79.0100x001",True,"肱骨骨折闭合复位术","手术"
nhsa_jbzd_79_0200,"79.0200",True,"桡骨和尺骨骨折闭合性复位术不伴内固定","治疗性操作"
nhsa_jbzd_79_0201,"79.0201",True,"桡骨骨折闭合性复位术","治疗性操作"
nhsa_jbzd_79_0202,"79.0202",True,"尺骨骨折闭合性复位术","治疗性操作"
nhsa_jbzd_79_0300,"79.0300",True,"腕骨和掌骨骨折闭合性复位术不伴内固定","治疗性操作"
nhsa_jbzd_79_0301,"79.0301",True,"腕骨骨折闭合性复位术","治疗性操作"
nhsa_jbzd_79_0302,"79.0302",True,"掌骨骨折闭合性复位术","治疗性操作"
nhsa_jbzd_79_0400,"79.0400",True,"手指骨折闭合性复位术不伴内固定","治疗性操作"
nhsa_jbzd_79_0400x004,"79.0400x004",True,"指关节骨折闭合复位术(腕掌关节、掌指关节、指间关节)","手术"
nhsa_jbzd_79_0401,"79.0401",True,"指骨骨折闭合性复位术","治疗性操作"
nhsa_jbzd_79_0500,"79.0500",True,"股骨骨折闭合性复位术不伴内固定","治疗性操作"
nhsa_jbzd_79_0500x002,"79.0500x002",True,"股骨骨折闭合复位术","手术"
nhsa_jbzd_79_0600,"79.0600",True,"胫骨和腓骨骨折闭合性复位术不伴内固定","治疗性操作"
nhsa_jbzd_79_0601,"79.0601",True,"胫骨骨折闭合性复位术","治疗性操作"
nhsa_jbzd_79_0602,"79.0602",True,"腓骨骨折闭合性复位术","治疗性操作"
nhsa_jbzd_79_0603,"79.0603",True,"踝关节骨折闭合性复位术","治疗性操作"
nhsa_jbzd_79_0604,"79.0604",True,"髌骨骨折闭合性复位术","治疗性操作"
nhsa_jbzd_79_0700,"79.0700",True,"跗骨和跖骨骨折闭合性复位术不伴内固定","治疗性操作"
nhsa_jbzd_79_0700x002,"79.0700x002",True,"距骨骨折闭合复位术","手术"
nhsa_jbzd_79_0700x005,"79.0700x005",True,"跟骨骨折闭合复位术","手术"
nhsa_jbzd_79_0701,"79.0701",True,"跗骨骨折闭合性复位术","治疗性操作"
nhsa_jbzd_79_0702,"79.0702",True,"跖骨骨折闭合性复位术","治疗性操作"
nhsa_jbzd_79_0800,"79.0800",True,"趾骨骨折闭合性复位术不伴内固定","治疗性操作"
nhsa_jbzd_79_0801,"79.0801",True,"趾骨骨折闭合性复位术","治疗性操作"
nhsa_jbzd_79_0900,"79.0900",True,"其他骨骨折闭合性复位术不伴内固定","治疗性操作"
nhsa_jbzd_79_0901,"79.0901",True,"锁骨骨折闭合性复位术","治疗性操作"
nhsa_jbzd_79_0902,"79.0902",True,"骨盆骨折闭合性复位术","治疗性操作"
nhsa_jbzd_79_1000,"79.1000",True,"骨折闭合性复位术伴内固定","手术"
nhsa_jbzd_79_1100,"79.1100",True,"肱骨骨折闭合性复位术伴内固定","手术"
nhsa_jbzd_79_1100x002,"79.1100x002",True,"肱骨骨折闭合复位钢针内固定术","手术"
nhsa_jbzd_79_1100x003,"79.1100x003",True,"肱骨骨折闭合复位螺钉内固定术","手术"
nhsa_jbzd_79_1100x004,"79.1100x004",True,"肱骨骨折闭合复位髓内针内固定术","手术"
nhsa_jbzd_79_1100x005,"79.1100x005",True,"肱骨骨折闭合复位钢板内固定术","手术"
nhsa_jbzd_79_1200,"79.1200",True,"桡骨和尺骨骨折闭合性复位术伴内固定","手术"
nhsa_jbzd_79_1200x003,"79.1200x003",True,"尺骨骨折闭合复位钢针内固定术","手术"
nhsa_jbzd_79_1200x004,"79.1200x004",True,"桡骨骨折闭合复位钢针内固定术","手术"
nhsa_jbzd_79_1200x005,"79.1200x005",True,"尺骨骨折闭合复位螺钉内固定术","手术"
nhsa_jbzd_79_1200x006,"79.1200x006",True,"桡骨骨折闭合复位螺钉内固定术","手术"
nhsa_jbzd_79_1200x007,"79.1200x007",True,"尺骨骨折闭合复位髓内针内固定术","手术"
nhsa_jbzd_79_1200x008,"79.1200x008",True,"桡骨骨折闭合复位髓内针内固定术","手术"
nhsa_jbzd_79_1200x009,"79.1200x009",True,"尺骨骨折闭合复位钢板内固定术","手术"
nhsa_jbzd_79_1200x010,"79.1200x010",True,"桡骨骨折闭合复位钢板内固定术","手术"
nhsa_jbzd_79_1201,"79.1201",True,"桡骨骨折闭合复位内固定术","手术"
nhsa_jbzd_79_1202,"79.1202",True,"尺骨骨折闭合复位内固定术","手术"
nhsa_jbzd_79_1300,"79.1300",True,"腕骨和掌骨骨折闭合性复位术伴内固定","手术"
nhsa_jbzd_79_1300x003,"79.1300x003",True,"腕骨骨折闭合复位钢针内固定术","手术"
nhsa_jbzd_79_1300x004,"79.1300x004",True,"掌骨骨折闭合复位钢针内固定术","手术"
nhsa_jbzd_79_1300x005,"79.1300x005",True,"腕骨骨折闭合复位螺钉内固定术","手术"
nhsa_jbzd_79_1300x006,"79.1300x006",True,"掌骨骨折闭合复位螺钉内固定术","手术"
nhsa_jbzd_79_1300x007,"79.1300x007",True,"腕骨骨折闭合复位空心钉内固定术","手术"
nhsa_jbzd_79_1300x008,"79.1300x008",True,"掌骨骨折闭合复位髓内针内固定术","手术"
nhsa_jbzd_79_1300x009,"79.1300x009",True,"掌骨骨折闭合复位钢板内固定术","手术"
nhsa_jbzd_79_1301,"79.1301",True,"腕骨骨折闭合复位内固定术","手术"
nhsa_jbzd_79_1302,"79.1302",True,"掌骨骨折闭合复位内固定术","手术"
nhsa_jbzd_79_1400,"79.1400",True,"手指骨折闭合性复位术伴内固定","手术"
nhsa_jbzd_79_1400x002,"79.1400x002",True,"指骨骨折闭合复位钢针内固定术","手术"
nhsa_jbzd_79_1400x003,"79.1400x003",True,"指骨骨折闭合复位螺钉内固定术","手术"
nhsa_jbzd_79_1400x004,"79.1400x004",True,"指骨骨折闭合复位髓内针内固定术","手术"
nhsa_jbzd_79_1500,"79.1500",True,"股骨骨折闭合性复位术伴内固定","手术"
nhsa_jbzd_79_1500x006,"79.1500x006",True,"股骨骨折闭合复位髓内针内固定术","手术"
nhsa_jbzd_79_1500x007,"79.1500x007",True,"股骨骨折闭合复位钢针内固定术","手术"
nhsa_jbzd_79_1500x008,"79.1500x008",True,"股骨骨折闭合复位螺钉内固定术","手术"
nhsa_jbzd_79_1600,"79.1600",True,"胫骨和腓骨骨折闭合性复位术伴内固定","手术"
nhsa_jbzd_79_1600x004,"79.1600x004",True,"胫骨骨折闭合复位髓内针内固定术","手术"
nhsa_jbzd_79_1600x006,"79.1600x006",True,"胫骨骨折闭合复位螺钉内固定术","手术"
nhsa_jbzd_79_1600x007,"79.1600x007",True,"踝关节骨折闭合复位髓内针内固定术","手术"
nhsa_jbzd_79_1600x008,"79.1600x008",True,"踝关节骨折闭合复位钢针内固定术","手术"
nhsa_jbzd_79_1600x009,"79.1600x009",True,"腓骨骨折闭合复位髓内针内固定术","手术"
nhsa_jbzd_79_1600x010,"79.1600x010",True,"腓骨骨折闭合复位钢针内固定术","手术"
nhsa_jbzd_79_1600x011,"79.1600x011",True,"腓骨骨折闭合复位螺钉内固定术","手术"
nhsa_jbzd_79_1600x012,"79.1600x012",True,"胫骨骨折闭合复位钢板内固定术","手术"
nhsa_jbzd_79_1600x013,"79.1600x013",True,"踝关节骨折闭合复位螺钉内固定术","手术"
nhsa_jbzd_79_1600x014,"79.1600x014",True,"腓骨骨折闭合复位钢板内固定术","手术"
nhsa_jbzd_79_1601,"79.1601",True,"胫骨骨折闭合复位内固定术","手术"
nhsa_jbzd_79_1602,"79.1602",True,"腓骨骨折闭合复位内固定术","手术"
nhsa_jbzd_79_1603,"79.1603",True,"踝关节骨折闭合复位内固定术","手术"
nhsa_jbzd_79_1700,"79.1700",True,"跗骨和跖骨骨折闭合性复位术伴内固定","手术"
nhsa_jbzd_79_1700x005,"79.1700x005",True,"跖骨骨折闭合复位钢针内固定术","手术"
nhsa_jbzd_79_1700x006,"79.1700x006",True,"跖骨骨折闭合复位螺钉内固定术","手术"
nhsa_jbzd_79_1700x007,"79.1700x007",True,"跗骨骨折闭合复位螺钉内固定术","手术"
nhsa_jbzd_79_1700x009,"79.1700x009",True,"跟骨骨折闭合复位钢针内固定术","手术"
nhsa_jbzd_79_1700x010,"79.1700x010",True,"跟骨骨折闭合复位螺钉内固定术","手术"
nhsa_jbzd_79_1700x011,"79.1700x011",True,"跖骨骨折闭合复位髓内针内固定术","手术"
nhsa_jbzd_79_1700x012,"79.1700x012",True,"跗骨骨折闭合复位钢针内固定术","手术"
nhsa_jbzd_79_1700x013,"79.1700x013",True,"跟骨骨折闭合复位内固定术","手术"
nhsa_jbzd_79_1701,"79.1701",True,"跗骨骨折闭合复位内固定术","手术"
nhsa_jbzd_79_1702,"79.1702",True,"跖骨骨折闭合复位内固定术","手术"
nhsa_jbzd_79_1800,"79.1800",True,"趾骨骨折闭合性复位术伴内固定","手术"
nhsa_jbzd_79_1800x002,"79.1800x002",True,"趾骨骨折闭合复位钢针内固定术","手术"
nhsa_jbzd_79_1800x003,"79.1800x003",True,"趾骨骨折闭合复位髓内针内固定术","手术"
nhsa_jbzd_79_1900,"79.1900",True,"其他骨骨折闭合性复位术伴内固定","手术"
nhsa_jbzd_79_1900x005,"79.1900x005",True,"髌骨骨折闭合复位空心钉内固定术","手术"
nhsa_jbzd_79_1900x006,"79.1900x006",True,"锁骨骨折闭合复位钢板内固定术","手术"
nhsa_jbzd_79_1900x007,"79.1900x007",True,"锁骨骨折闭合复位钢针内固定术","手术"
nhsa_jbzd_79_1900x008,"79.1900x008",True,"锁骨骨折闭合复位螺钉内固定术","手术"
nhsa_jbzd_79_1900x009,"79.1900x009",True,"锁骨骨折闭合复位髓内针内固定术","手术"
nhsa_jbzd_79_1901,"79.1901",True,"肋骨骨折闭合复位内固定术","手术"
nhsa_jbzd_79_1902,"79.1902",True,"锁骨骨折闭合复位内固定术","手术"
nhsa_jbzd_79_1903,"79.1903",True,"骨盆骨折闭合复位内固定术","手术"
nhsa_jbzd_79_2000,"79.2000",True,"骨折开放性复位术不伴内固定","手术"
nhsa_jbzd_79_2100,"79.2100",True,"肱骨骨折开放性复位术不伴内固定","手术"
nhsa_jbzd_79_2101,"79.2101",True,"肱骨骨折切开复位术","手术"
nhsa_jbzd_79_2200,"79.2200",True,"桡骨和尺骨骨折开放性复位术不伴内固定","手术"
nhsa_jbzd_79_2201,"79.2201",True,"桡骨骨折切开复位术","手术"
nhsa_jbzd_79_2202,"79.2202",True,"尺骨骨折切开复位术","手术"
nhsa_jbzd_79_2300,"79.2300",True,"腕骨和掌骨骨折开放性复位术不伴内固定","手术"
nhsa_jbzd_79_2301,"79.2301",True,"腕骨骨折切开复位术","手术"
nhsa_jbzd_79_2302,"79.2302",True,"掌骨骨折切开复位术","手术"
nhsa_jbzd_79_2400,"79.2400",True,"手指骨折开放性复位术不伴内固定","手术"
nhsa_jbzd_79_2400x002,"79.2400x002",True,"指关节骨折切开复位术(腕掌关节、掌指关节、指间关节)","手术"
nhsa_jbzd_79_2401,"79.2401",True,"指骨骨折切开复位术","手术"
nhsa_jbzd_79_2500,"79.2500",True,"股骨骨折开放性复位术不伴内固定","手术"
nhsa_jbzd_79_2501,"79.2501",True,"股骨骨折切开复位术","手术"
nhsa_jbzd_79_2600,"79.2600",True,"胫骨和腓骨骨折开放性复位术不伴内固定","手术"
nhsa_jbzd_79_2601,"79.2601",True,"胫骨骨折切开复位术","手术"
nhsa_jbzd_79_2602,"79.2602",True,"腓骨骨折切开复位术","手术"
nhsa_jbzd_79_2603,"79.2603",True,"踝关节骨折切开复位术","手术"
nhsa_jbzd_79_2700,"79.2700",True,"跗骨和跖骨骨折开放性复位术不伴内固定","手术"
nhsa_jbzd_79_2700x004,"79.2700x004",True,"跟骨骨折切开复位术","手术"
nhsa_jbzd_79_2701,"79.2701",True,"跗骨骨折切开复位术","手术"
nhsa_jbzd_79_2702,"79.2702",True,"跖骨骨折切开复位术","手术"
nhsa_jbzd_79_2800,"79.2800",True,"趾骨骨折开放性复位术不伴内固定","手术"
nhsa_jbzd_79_2801,"79.2801",True,"趾骨骨折切开复位术","手术"
nhsa_jbzd_79_2900,"79.2900",True,"其他骨骨折开放性复位术不伴内固定","手术"
nhsa_jbzd_79_2900x004,"79.2900x004",True,"髌骨骨折切开复位术","手术"
nhsa_jbzd_79_2901,"79.2901",True,"锁骨骨折切开复位术","手术"
nhsa_jbzd_79_3000,"79.3000",True,"骨折开放性复位术伴内固定","手术"
nhsa_jbzd_79_3100,"79.3100",True,"肱骨骨折开放性复位术伴内固定","手术"
nhsa_jbzd_79_3100x004,"79.3100x004",True,"肱骨骨折切开复位钢针内固定术","手术"
nhsa_jbzd_79_3100x005,"79.3100x005",True,"肱骨骨折切开复位钢板内固定术","手术"
nhsa_jbzd_79_3100x006,"79.3100x006",True,"肱骨骨折切开复位螺钉内固定术","手术"
nhsa_jbzd_79_3100x007,"79.3100x007",True,"肱骨骨折切开复位髓内针内固定术","手术"
nhsa_jbzd_79_3100x008,"79.3100x008",True,"肱骨骨折切开复位空心钉内固定术","手术"
nhsa_jbzd_79_3100x009,"79.3100x009",True,"肱骨骨折切开复位TiNi环抱器内固定术","手术"
nhsa_jbzd_79_3101,"79.3101",True,"肱骨骨折切开复位内固定术","手术"
nhsa_jbzd_79_3200,"79.3200",True,"桡骨和尺骨骨折开放性复位术伴内固定","手术"
nhsa_jbzd_79_3200x001,"79.3200x001",True,"尺骨骨折切开复位钢板内固定术","手术"
nhsa_jbzd_79_3200x002,"79.3200x002",True,"尺骨骨折切开复位髓内针内固定术","手术"
nhsa_jbzd_79_3200x009,"79.3200x009",True,"尺骨骨折切开复位螺钉内固定术","手术"
nhsa_jbzd_79_3200x010,"79.3200x010",True,"尺骨骨折切开复位钢针内固定术","手术"
nhsa_jbzd_79_3200x011,"79.3200x011",True,"桡骨骨折切开复位钢板内固定术","手术"
nhsa_jbzd_79_3200x012,"79.3200x012",True,"桡骨骨折切开复位螺钉内固定术","手术"
nhsa_jbzd_79_3200x013,"79.3200x013",True,"桡骨骨折切开复位髓内针内固定术","手术"
nhsa_jbzd_79_3200x014,"79.3200x014",True,"桡骨骨折切开复位钢针内固定术","手术"
nhsa_jbzd_79_3201,"79.3201",True,"桡骨骨折切开复位内固定术","手术"
nhsa_jbzd_79_3202,"79.3202",True,"尺骨骨折切开复位内固定术","手术"
nhsa_jbzd_79_3300,"79.3300",True,"腕骨和掌骨骨折开放性复位术伴内固定","手术"
nhsa_jbzd_79_3300x005,"79.3300x005",True,"掌骨骨折切开复位钢板内固定术","手术"
nhsa_jbzd_79_3300x006,"79.3300x006",True,"掌骨骨折切开复位螺钉内固定术","手术"
nhsa_jbzd_79_3300x007,"79.3300x007",True,"掌骨骨折切开复位髓内针内固定术","手术"
nhsa_jbzd_79_3300x008,"79.3300x008",True,"掌骨骨折切开复位钢针内固定术","手术"
nhsa_jbzd_79_3300x009,"79.3300x009",True,"腕骨骨折切开复位钢板内固定术","手术"
nhsa_jbzd_79_3300x010,"79.3300x010",True,"腕骨骨折切开复位螺钉内固定术","手术"
nhsa_jbzd_79_3300x012,"79.3300x012",True,"腕骨骨折切开复位钢针内固定术","手术"
nhsa_jbzd_79_3300x013,"79.3300x013",True,"腕骨骨折切开复位空心钉内固定术","手术"
nhsa_jbzd_79_3301,"79.3301",True,"腕骨骨折切开复位内固定术","手术"
nhsa_jbzd_79_3302,"79.3302",True,"掌骨骨折切开复位内固定术","手术"
nhsa_jbzd_79_3400,"79.3400",True,"手指骨折开放性复位术伴内固定","手术"
nhsa_jbzd_79_3400x002,"79.3400x002",True,"指骨骨折切开复位螺钉内固定术","手术"
nhsa_jbzd_79_3400x003,"79.3400x003",True,"指骨骨折切开复位髓内针内固定术","手术"
nhsa_jbzd_79_3400x004,"79.3400x004",True,"指骨骨折切开复位钢针内固定术","手术"
nhsa_jbzd_79_3400x005,"79.3400x005",True,"指骨骨折切开复位钢板内固定术","手术"
nhsa_jbzd_79_3400x006,"79.3400x006",True,"指关节骨折切开复位内固定术(腕掌关节、掌指关节、指间关节)","手术"
nhsa_jbzd_79_3401,"79.3401",True,"指骨骨折切开复位内固定术","手术"
nhsa_jbzd_79_3500,"79.3500",True,"股骨骨折开放性复位术伴内固定","手术"
nhsa_jbzd_79_3500x016,"79.3500x016",True,"股骨骨折切开复位钢板内固定术","手术"
nhsa_jbzd_79_3500x017,"79.3500x017",True,"股骨骨折切开复位螺钉内固定术","手术"
nhsa_jbzd_79_3500x018,"79.3500x018",True,"股骨骨折切开复位髓内针内固定术","手术"
nhsa_jbzd_79_3500x019,"79.3500x019",True,"股骨骨折切开复位钢针内固定术","手术"
nhsa_jbzd_79_3500x020,"79.3500x020",True,"股骨骨折切开复位钢丝内固定术","手术"
nhsa_jbzd_79_3501,"79.3501",True,"股骨骨折切开复位内固定术","手术"
nhsa_jbzd_79_3600,"79.3600",True,"胫骨和腓骨骨折开放性复位术伴内固定","手术"
nhsa_jbzd_79_3600x008,"79.3600x008",True,"腓骨骨折切开复位钢针内固定术","手术"
nhsa_jbzd_79_3600x009,"79.3600x009",True,"踝关节骨折切开复位钢板内固定术","手术"
nhsa_jbzd_79_3600x010,"79.3600x010",True,"踝关节骨折切开复位螺钉内固定术","手术"
nhsa_jbzd_79_3600x011,"79.3600x011",True,"踝关节骨折切开复位髓内针内固定术","手术"
nhsa_jbzd_79_3600x012,"79.3600x012",True,"踝关节骨折切开复位钢针内固定术","手术"
nhsa_jbzd_79_3600x013,"79.3600x013",True,"胫骨骨折切开复位钢板内固定术","手术"
nhsa_jbzd_79_3600x014,"79.3600x014",True,"胫骨骨折切开复位螺钉内固定术","手术"
nhsa_jbzd_79_3600x015,"79.3600x015",True,"胫骨骨折切开复位髓内针内固定术","手术"
nhsa_jbzd_79_3600x016,"79.3600x016",True,"胫骨骨折切开复位钢针内固定术","手术"
nhsa_jbzd_79_3600x017,"79.3600x017",True,"腓骨骨折切开复位钢板内固定术","手术"
nhsa_jbzd_79_3600x018,"79.3600x018",True,"腓骨骨折切开复位螺钉内固定术","手术"
nhsa_jbzd_79_3600x019,"79.3600x019",True,"腓骨骨折切开复位髓内针内固定术","手术"
nhsa_jbzd_79_3600x020,"79.3600x020",True,"膝关节镜下前交叉韧带止点撕脱骨折复位固定术","手术"
nhsa_jbzd_79_3600x021,"79.3600x021",True,"膝关节镜下后交叉韧带止点撕脱骨折复位固定术","手术"
nhsa_jbzd_79_3600x022,"79.3600x022",True,"关节镜胫骨骨折切开复位内固定术","手术"
nhsa_jbzd_79_3601,"79.3601",True,"胫骨骨折切开复位内固定术","手术"
nhsa_jbzd_79_3602,"79.3602",True,"腓骨骨折切开复位内固定术","手术"
nhsa_jbzd_79_3603,"79.3603",True,"踝关节骨折切开复位内固定术","手术"
nhsa_jbzd_79_3604,"79.3604",True,"髌骨骨折切开复位内固定术","手术"
nhsa_jbzd_79_3700,"79.3700",True,"跗骨和跖骨骨折开放性复位术伴内固定","手术"
nhsa_jbzd_79_3700x010,"79.3700x010",True,"跗骨骨折切开复位螺钉内固定术","手术"
nhsa_jbzd_79_3700x011,"79.3700x011",True,"跗骨骨折切开复位髓内针内固定术","手术"
nhsa_jbzd_79_3700x012,"79.3700x012",True,"跗骨骨折切开复位钢针内固定术","手术"
nhsa_jbzd_79_3700x013,"79.3700x013",True,"跟骨骨折切开复位钢板内固定术","手术"
nhsa_jbzd_79_3700x014,"79.3700x014",True,"跟骨骨折切开复位螺钉内固定术","手术"
nhsa_jbzd_79_3700x015,"79.3700x015",True,"跖骨骨折切开复位螺钉内固定术","手术"
nhsa_jbzd_79_3700x016,"79.3700x016",True,"跖骨骨折切开复位髓内针内固定术","手术"
nhsa_jbzd_79_3700x017,"79.3700x017",True,"跖骨骨折切开复位钢针内固定术","手术"
nhsa_jbzd_79_3700x018,"79.3700x018",True,"跟骨骨折切开复位钢针内固定术","手术"
nhsa_jbzd_79_3700x019,"79.3700x019",True,"跖骨骨折切开复位钢板内固定术","手术"
nhsa_jbzd_79_3700x020,"79.3700x020",True,"楔骨骨折切开复位螺钉内固定术","手术"
nhsa_jbzd_79_3700x021,"79.3700x021",True,"跟骨骨折切开复位内固定术","手术"
nhsa_jbzd_79_3700x022,"79.3700x022",True,"楔骨骨折切开复位内固定术","手术"
nhsa_jbzd_79_3700x023,"79.3700x023",True,"舟状骨骨折切开复位内固定术","手术"
nhsa_jbzd_79_3700x024,"79.3700x024",True,"骰骨骨折切开复位内固定术","手术"
nhsa_jbzd_79_3700x025,"79.3700x025",True,"距骨骨折切开复位螺钉内固定术","手术"
nhsa_jbzd_79_3700x026,"79.3700x026",True,"距骨骨折切开复位钢针内固定术","手术"
nhsa_jbzd_79_3700x027,"79.3700x027",True,"距骨骨折切开复位钢板内固定术","手术"
nhsa_jbzd_79_3701,"79.3701",True,"跗骨骨折切开复位内固定术","手术"
nhsa_jbzd_79_3702,"79.3702",True,"跖骨骨折切开复位内固定术","手术"
nhsa_jbzd_79_3800,"79.3800",True,"趾骨骨折开放性复位术伴内固定","手术"
nhsa_jbzd_79_3800x002,"79.3800x002",True,"趾骨骨折切开复位螺钉内固定术","手术"
nhsa_jbzd_79_3800x003,"79.3800x003",True,"趾骨骨折切开复位髓内针内固定术","手术"
nhsa_jbzd_79_3800x004,"79.3800x004",True,"趾骨骨折切开复位钢针内固定术","手术"
nhsa_jbzd_79_3800x005,"79.3800x005",True,"趾骨骨折切开复位钢板内固定术","手术"
nhsa_jbzd_79_3900,"79.3900",True,"其他骨骨折开放性复位术伴内固定","手术"
nhsa_jbzd_79_3900x001,"79.3900x001",True,"髌骨骨折切开复位张力带钢丝内固定术","手术"
nhsa_jbzd_79_3900x002,"79.3900x002",True,"髌骨骨折切开复位螺钉内固定术","手术"
nhsa_jbzd_79_3900x025,"79.3900x025",True,"骨盆骨折切开复位螺钉内固定术","手术"
nhsa_jbzd_79_3900x026,"79.3900x026",True,"骨盆骨折切开复位髓内针内固定术","手术"
nhsa_jbzd_79_3900x027,"79.3900x027",True,"骨盆骨折切开复位钢针内固定术","手术"
nhsa_jbzd_79_3900x028,"79.3900x028",True,"肩胛骨骨折切开复位螺钉内固定术","手术"
nhsa_jbzd_79_3900x030,"79.3900x030",True,"肩胛骨骨折切开复位钢针内固定术","手术"
nhsa_jbzd_79_3900x034,"79.3900x034",True,"肋骨骨折切开复位螺钉内固定术","手术"
nhsa_jbzd_79_3900x036,"79.3900x036",True,"肋骨骨折切开复位钢针内固定术","手术"
nhsa_jbzd_79_3900x037,"79.3900x037",True,"髂骨骨折切开复位螺钉内固定术","手术"
nhsa_jbzd_79_3900x039,"79.3900x039",True,"髂骨骨折切开复位钢针内固定术","手术"
nhsa_jbzd_79_3900x040,"79.3900x040",True,"锁骨骨折切开复位螺钉内固定术","手术"
nhsa_jbzd_79_3900x041,"79.3900x041",True,"锁骨骨折切开复位髓内针内固定术","手术"
nhsa_jbzd_79_3900x042,"79.3900x042",True,"锁骨骨折切开复位钢针内固定术","手术"
nhsa_jbzd_79_3900x043,"79.3900x043",True,"骨盆骨折切开复位钢板内固定术","手术"
nhsa_jbzd_79_3900x044,"79.3900x044",True,"肩胛骨骨折切开复位钢板内固定术","手术"
nhsa_jbzd_79_3900x045,"79.3900x045",True,"髋骨骨折切开复位钢板内固定术","手术"
nhsa_jbzd_79_3900x046,"79.3900x046",True,"髋骨骨折切开复位螺钉内固定术","手术"
nhsa_jbzd_79_3900x048,"79.3900x048",True,"髋骨骨折切开复位钢针内固定术","手术"
nhsa_jbzd_79_3900x049,"79.3900x049",True,"肋骨骨折切开复位钢板内固定术","手术"
nhsa_jbzd_79_3900x050,"79.3900x050",True,"髂骨骨折切开复位钢板内固定术","手术"
nhsa_jbzd_79_3900x051,"79.3900x051",True,"锁骨骨折切开复位钢板内固定术","手术"
nhsa_jbzd_79_3900x052,"79.3900x052",True,"髌骨骨折切开复位聚髌器内固定术","手术"
nhsa_jbzd_79_3900x053,"79.3900x053",True,"胸骨骨折切开复位钢板内固定术","手术"
nhsa_jbzd_79_3900x054,"79.3900x054",True,"胸骨骨折切开复位螺钉内固定术","手术"
nhsa_jbzd_79_3900x056,"79.3900x056",True,"髂骨骨折切开复位内固定术","手术"
nhsa_jbzd_79_3900x057,"79.3900x057",True,"耻骨骨折切开复位内固定术","手术"
nhsa_jbzd_79_3900x058,"79.3900x058",True,"骶骨骨折切开复位内固定术","手术"
nhsa_jbzd_79_3901,"79.3901",True,"盆骨骨折切开复位内固定术","手术"
nhsa_jbzd_79_3902,"79.3902",True,"肩胛骨骨折切开复位内固定术","手术"
nhsa_jbzd_79_3903,"79.3903",True,"肋骨骨折切开复位内固定术","手术"
nhsa_jbzd_79_3904,"79.3904",True,"锁骨骨折切开复位内固定术","手术"
nhsa_jbzd_79_3905,"79.3905",True,"胸骨骨折切开复位内固定术","手术"
nhsa_jbzd_79_4000,"79.4000",True,"骨骺分离的闭合性复位术","手术"
nhsa_jbzd_79_4100,"79.4100",True,"肱骨骨骺分离的闭合性复位术","手术"
nhsa_jbzd_79_4101,"79.4101",True,"肱骨骨骺分离闭合复位术","手术"
nhsa_jbzd_79_4200,"79.4200",True,"桡骨和尺骨骨骺分离的闭合性复位术","手术"
nhsa_jbzd_79_4201,"79.4201",True,"桡骨骨骺分离闭合复位术","手术"
nhsa_jbzd_79_4202,"79.4202",True,"尺骨骨骺分离闭合复位术","手术"
nhsa_jbzd_79_4500,"79.4500",True,"股骨骨骺分离的闭合性复位术","手术"
nhsa_jbzd_79_4501,"79.4501",True,"股骨骨骺分离闭合复位术","手术"
nhsa_jbzd_79_4600,"79.4600",True,"胫骨和腓骨骨骺分离的闭合性复位术","手术"
nhsa_jbzd_79_4601,"79.4601",True,"胫骨骨骺分离闭合复位术","手术"
nhsa_jbzd_79_4602,"79.4602",True,"腓骨骨骺分离闭合复位术","手术"
nhsa_jbzd_79_4900,"79.4900",True,"其他骨骨骺分离的闭合性复位术","手术"
nhsa_jbzd_79_5000,"79.5000",True,"骨骺分离的开放性复位术","手术"
nhsa_jbzd_79_5100,"79.5100",True,"肱骨骨骺分离的开放性复位术","手术"
nhsa_jbzd_79_5200,"79.5200",True,"桡骨和尺骨骨骺分离的开放性复位术","手术"
nhsa_jbzd_79_5201,"79.5201",True,"桡骨骨骺分离切开复位术","手术"
nhsa_jbzd_79_5202,"79.5202",True,"尺骨骨骺分离切开复位术","手术"
nhsa_jbzd_79_5500,"79.5500",True,"股骨骨骺分离的开放性复位术","手术"
nhsa_jbzd_79_5501,"79.5501",True,"股骨骨骺分离切开复位术","手术"
nhsa_jbzd_79_5600,"79.5600",True,"胫骨和腓骨骨骺分离的开放性复位术","手术"
nhsa_jbzd_79_5601,"79.5601",True,"胫骨骨骺分离切开复位术","手术"
nhsa_jbzd_79_5602,"79.5602",True,"腓骨骨骺分离切开复位术","手术"
nhsa_jbzd_79_5900,"79.5900",True,"其他骨骨骺分离的开放性复位术","手术"
nhsa_jbzd_79_6000,"79.6000",True,"开放性骨折部位的清创术","手术"
nhsa_jbzd_79_6100,"79.6100",True,"肱骨开放性骨折部位的清创术","手术"
nhsa_jbzd_79_6200,"79.6200",True,"桡骨和尺骨开放性骨折部位的清创术","手术"
nhsa_jbzd_79_6201,"79.6201",True,"桡骨开放性骨折清创术","手术"
nhsa_jbzd_79_6202,"79.6202",True,"尺骨开放性骨折清创术","手术"
nhsa_jbzd_79_6300,"79.6300",True,"腕骨和掌骨开放性骨折部位的清创术","手术"
nhsa_jbzd_79_6301,"79.6301",True,"腕骨开放性骨折清创术","手术"
nhsa_jbzd_79_6302,"79.6302",True,"掌骨开放性骨折清创术","手术"
nhsa_jbzd_79_6400,"79.6400",True,"手指开放性骨折部位的清创术","手术"
nhsa_jbzd_79_6500,"79.6500",True,"股骨开放性骨折部位的清创术","手术"
nhsa_jbzd_79_6600,"79.6600",True,"胫骨和腓骨开放性骨折部位的清创术","手术"
nhsa_jbzd_79_6601,"79.6601",True,"胫骨开放性骨折清创术","手术"
nhsa_jbzd_79_6602,"79.6602",True,"腓骨开放性骨折清创术","手术"
nhsa_jbzd_79_6700,"79.6700",True,"跗骨和跖骨开放性骨折部位的清创术","手术"
nhsa_jbzd_79_6701,"79.6701",True,"跗骨开放性骨折清创术","手术"
nhsa_jbzd_79_6702,"79.6702",True,"跖骨开放性骨折清创术","手术"
nhsa_jbzd_79_6800,"79.6800",True,"趾开放性骨折部位的清创术","手术"
nhsa_jbzd_79_6900,"79.6900",True,"其他骨开放性骨折部位的清创术","手术"
nhsa_jbzd_79_6900x002,"79.6900x002",True,"髌骨开放性骨折清创术","手术"
nhsa_jbzd_79_6900x003,"79.6900x003",True,"锁骨开放性骨折清创术","手术"
nhsa_jbzd_79_6900x004,"79.6900x004",True,"踝骨开放性骨折清创术","手术"
nhsa_jbzd_79_7000,"79.7000",True,"脱位的闭合性复位术","治疗性操作"
nhsa_jbzd_79_7100,"79.7100",True,"肩脱位闭合性复位术","治疗性操作"
nhsa_jbzd_79_7200,"79.7200",True,"肘脱位闭合性复位术","治疗性操作"
nhsa_jbzd_79_7300,"79.7300",True,"腕脱位闭合性复位术","治疗性操作"
nhsa_jbzd_79_7400,"79.7400",True,"手和指脱位的闭合性复位术","治疗性操作"
nhsa_jbzd_79_7401,"79.7401",True,"掌指关节脱位闭合性复位术","治疗性操作"
nhsa_jbzd_79_7402,"79.7402",True,"指关节脱位闭合复位术","治疗性操作"
nhsa_jbzd_79_7500,"79.7500",True,"髋脱位闭合性复位术","治疗性操作"
nhsa_jbzd_79_7600,"79.7600",True,"膝脱位闭合性复位术","治疗性操作"
nhsa_jbzd_79_7600x001,"79.7600x001",True,"髌骨脱位闭合复位术","手术"
nhsa_jbzd_79_7700,"79.7700",True,"踝脱位闭合性复位术","治疗性操作"
nhsa_jbzd_79_7800,"79.7800",True,"足和趾脱位的闭合性复位术","治疗性操作"
nhsa_jbzd_79_7800x001,"79.7800x001",True,"足关节脱位闭合复位术","治疗性操作"
nhsa_jbzd_79_7801,"79.7801",True,"跖关节脱位闭合复位术","治疗性操作"
nhsa_jbzd_79_7802,"79.7802",True,"趾关节脱位闭合性复位术","治疗性操作"
nhsa_jbzd_79_7900,"79.7900",True,"其他特指部位脱位的闭合性复位术","治疗性操作"
nhsa_jbzd_79_7900x002,"79.7900x002",True,"环杓关节脱位闭合复位术","手术"
nhsa_jbzd_79_7900x003,"79.7900x003",True,"颈椎脱位闭合复位术","手术"
nhsa_jbzd_79_7900x005,"79.7900x005",True,"桡尺关节脱位闭合复位术","手术"
nhsa_jbzd_79_7900x006,"79.7900x006",True,"腰椎脱位闭合复位术","手术"
nhsa_jbzd_79_7900x007,"79.7900x007",True,"骶髂关节脱位闭合复位术","手术"
nhsa_jbzd_79_8000,"79.8000",True,"脱位的开放性复位术","手术"
nhsa_jbzd_79_8100,"79.8100",True,"肩脱位开放性复位术","手术"
nhsa_jbzd_79_8100x003,"79.8100x003",True,"肩关节脱位切开复位内固定术","手术"
nhsa_jbzd_79_8100x004,"79.8100x004",True,"肩锁关节脱位切开复位术","手术"
nhsa_jbzd_79_8100x006,"79.8100x006",True,"肩锁关节脱位切开复位内固定术","手术"
nhsa_jbzd_79_8200,"79.8200",True,"肘脱位开放性复位术","手术"
nhsa_jbzd_79_8200x001,"79.8200x001",True,"肘关节脱位切开复位内固定术","手术"
nhsa_jbzd_79_8201,"79.8201",True,"桡骨头脱位切开复位术","手术"
nhsa_jbzd_79_8300,"79.8300",True,"腕脱位开放性复位术","手术"
nhsa_jbzd_79_8300x001,"79.8300x001",True,"腕关节脱位切开复位内固定术","手术"
nhsa_jbzd_79_8301,"79.8301",True,"腕掌关节脱位切开复位术","手术"
nhsa_jbzd_79_8400,"79.8400",True,"手和指脱位开放性复位术","手术"
nhsa_jbzd_79_8401,"79.8401",True,"指关节脱位切开复位术","手术"
nhsa_jbzd_79_8402,"79.8402",True,"掌指关节脱位切开复位术","手术"
nhsa_jbzd_79_8500,"79.8500",True,"髋脱位开放性复位术","手术"
nhsa_jbzd_79_8500x001,"79.8500x001",True,"髋关节脱位切开复位内固定术","手术"
nhsa_jbzd_79_8600,"79.8600",True,"膝脱位开放性复位术","手术"
nhsa_jbzd_79_8600x002,"79.8600x002",True,"胫骨结节内下移位术[改良Hauser手术]","手术"
nhsa_jbzd_79_8700,"79.8700",True,"踝脱位开放性复位术","手术"
nhsa_jbzd_79_8800,"79.8800",True,"足和趾脱位的开放性复位术","手术"
nhsa_jbzd_79_8800x001,"79.8800x001",True,"跖趾关节脱位切开复位术","手术"
nhsa_jbzd_79_8800x002,"79.8800x002",True,"距舟关节脱位切开复位术","手术"
nhsa_jbzd_79_8801,"79.8801",True,"趾关节脱位切开复位术","手术"
nhsa_jbzd_79_8802,"79.8802",True,"距下关节脱位切开复位术","手术"
nhsa_jbzd_79_8803,"79.8803",True,"跖跗关节脱位切开复位术","手术"
nhsa_jbzd_79_8900,"79.8900",True,"其他特指部位脱位的开放性复位术","手术"
nhsa_jbzd_79_8900x001,"79.8900x001",True,"尺桡关节脱位切开复位术","手术"
nhsa_jbzd_79_8900x002,"79.8900x002",True,"颈椎脱位切开复位内固定术","手术"
nhsa_jbzd_79_8900x003,"79.8900x003",True,"颈椎脱位切开复位术","手术"
nhsa_jbzd_79_8900x005,"79.8900x005",True,"腕掌关节切开复位内固定术","手术"
nhsa_jbzd_79_8900x006,"79.8900x006",True,"腰椎脱位切开复位内固定术","手术"
nhsa_jbzd_79_8900x007,"79.8900x007",True,"腰椎脱位切开复位术","手术"
nhsa_jbzd_79_8900x008,"79.8900x008",True,"胸锁关节脱位切开复位内固定术","手术"
nhsa_jbzd_79_8900x009,"79.8900x009",True,"胸椎脱位切开复位术","手术"
nhsa_jbzd_79_8900x010,"79.8900x010",True,"胸椎脱位切开复位内固定术","手术"
nhsa_jbzd_79_8901,"79.8901",True,"胸锁关节切开复位术","手术"
nhsa_jbzd_79_8904,"79.8904",True,"颈后入路寰枢椎复位内固定术","手术"
nhsa_jbzd_79_9000,"79.9000",True,"骨损伤的手术","手术"
nhsa_jbzd_79_9100,"79.9100",True,"肱骨损伤的手术","手术"
nhsa_jbzd_79_9200,"79.9200",True,"桡骨和尺骨损伤的手术","手术"
nhsa_jbzd_79_9300,"79.9300",True,"腕骨和掌骨损伤的手术","手术"
nhsa_jbzd_79_9400,"79.9400",True,"手指骨损伤的手术","手术"
nhsa_jbzd_79_9500,"79.9500",True,"股骨损伤的手术","手术"
nhsa_jbzd_79_9600,"79.9600",True,"胫骨和腓骨损伤的手术","手术"
nhsa_jbzd_79_9700,"79.9700",True,"跗骨和跖骨损伤的手术","手术"
nhsa_jbzd_79_9800,"79.9800",True,"趾骨损伤的手术","手术"
nhsa_jbzd_79_9900,"79.9900",True,"其他骨损伤的手术","手术"
nhsa_jbzd_80_0000,"80.0000",True,"关节切开术用于去除假体不伴置换","手术"
nhsa_jbzd_80_0100,"80.0100",True,"肩关节切开术用于去除假体不伴置换","手术"
nhsa_jbzd_80_0100x001,"80.0100x001",True,"肩关节假体取出术","手术"
nhsa_jbzd_80_0100x002,"80.0100x002",True,"肩关节旷置术","手术"
nhsa_jbzd_80_0101,"80.0101",True,"肩关节切开假体去除关节旷置术","手术"
nhsa_jbzd_80_0200,"80.0200",True,"肘关节切开术用于去除假体不伴置换","手术"
nhsa_jbzd_80_0200x001,"80.0200x001",True,"肘关节假体取出术","手术"
nhsa_jbzd_80_0200x002,"80.0200x002",True,"肘关节旷置术","手术"
nhsa_jbzd_80_0201,"80.0201",True,"肘关节切开假体去除关节旷置术","手术"
nhsa_jbzd_80_0300,"80.0300",True,"腕关节切开术用于去除假体不伴置换","手术"
nhsa_jbzd_80_0300x001,"80.0300x001",True,"腕关节假体取出术","手术"
nhsa_jbzd_80_0300x002,"80.0300x002",True,"腕关节旷置术","手术"
nhsa_jbzd_80_0301,"80.0301",True,"腕关节切开假体去除关节旷置术","手术"
nhsa_jbzd_80_0400,"80.0400",True,"手和指关节切开术用于去除假体不伴置换","手术"
nhsa_jbzd_80_0400x001,"80.0400x001",True,"指关节假体取出术","手术"
nhsa_jbzd_80_0400x002,"80.0400x002",True,"指关节旷置术","手术"
nhsa_jbzd_80_0401,"80.0401",True,"指关节切开假体去除关节旷置术","手术"
nhsa_jbzd_80_0500,"80.0500",True,"髋关节切开术用于去除假体不伴置换","手术"
nhsa_jbzd_80_0500x001,"80.0500x001",True,"髋关节假体取出术","手术"
nhsa_jbzd_80_0500x003,"80.0500x003",True,"髋关节旷置术","手术"
nhsa_jbzd_80_0501,"80.0501",True,"髋关节切开假体去除关节旷置术","手术"
nhsa_jbzd_80_0600,"80.0600",True,"膝关节切开术用于去除假体不伴置换","手术"
nhsa_jbzd_80_0600x001,"80.0600x001",True,"膝关节假体取出术","手术"
nhsa_jbzd_80_0600x002,"80.0600x002",True,"膝关节旷置术","手术"
nhsa_jbzd_80_0601,"80.0601",True,"膝关节切开假体去除关节旷置术","手术"
nhsa_jbzd_80_0700,"80.0700",True,"踝关节切开术用于去除假体不伴置换","手术"
nhsa_jbzd_80_0700x001,"80.0700x001",True,"踝关节假体取出术","手术"
nhsa_jbzd_80_0700x002,"80.0700x002",True,"踝关节旷置术","手术"
nhsa_jbzd_80_0701,"80.0701",True,"踝关节切开假体去除关节旷置术","手术"
nhsa_jbzd_80_0800,"80.0800",True,"足和趾关节切开术用于去除假体不伴置换","手术"
nhsa_jbzd_80_0800x001,"80.0800x001",True,"趾关节假体取出术","手术"
nhsa_jbzd_80_0800x002,"80.0800x002",True,"趾关节旷置术","手术"
nhsa_jbzd_80_0801,"80.0801",True,"趾关节切开假体去除关节旷置术","手术"
nhsa_jbzd_80_0900,"80.0900",True,"其他特指部位关节切开术用于去除假体不伴置换","手术"
nhsa_jbzd_80_0900x001,"80.0900x001",True,"人工椎体取出术","手术"
nhsa_jbzd_80_1000,"80.1000",True,"关节切开术","手术"
nhsa_jbzd_80_1100,"80.1100",True,"肩关节切开术","手术"
nhsa_jbzd_80_1100x001,"80.1100x001",True,"肩关节切开引流术","手术"
nhsa_jbzd_80_1101,"80.1101",True,"关节镜肩关节游离体取出术","手术"
nhsa_jbzd_80_1200,"80.1200",True,"肘关节切开术","手术"
nhsa_jbzd_80_1200x001,"80.1200x001",True,"肘关节切开引流术","手术"
nhsa_jbzd_80_1200x002,"80.1200x002",True,"肘关节切开异物去除术","手术"
nhsa_jbzd_80_1201,"80.1201",True,"关节镜肘关节游离体取出术","手术"
nhsa_jbzd_80_1300,"80.1300",True,"腕关节切开术","手术"
nhsa_jbzd_80_1300x002,"80.1300x002",True,"腕关节镜下游离体取出术","手术"
nhsa_jbzd_80_1400,"80.1400",True,"手和指关节切开术","手术"
nhsa_jbzd_80_1500,"80.1500",True,"髋关节切开术","手术"
nhsa_jbzd_80_1500x001,"80.1500x001",True,"髋关节切开引流术","手术"
nhsa_jbzd_80_1500x002,"80.1500x002",True,"髋关节切开异物去除术","手术"
nhsa_jbzd_80_1501,"80.1501",True,"关节镜髋关节游离体取出术","手术"
nhsa_jbzd_80_1600,"80.1600",True,"膝关节切开术","手术"
nhsa_jbzd_80_1600x001,"80.1600x001",True,"膝关节切开引流术","手术"
nhsa_jbzd_80_1601,"80.1601",True,"膝关节游离体取出术","手术"
nhsa_jbzd_80_1602,"80.1602",True,"膝关节异物取出术","手术"
nhsa_jbzd_80_1603,"80.1603",True,"膝关节血肿清除术","手术"
nhsa_jbzd_80_1604,"80.1604",True,"关节镜膝关节游离体取出术","手术"
nhsa_jbzd_80_1700,"80.1700",True,"踝关节切开术","手术"
nhsa_jbzd_80_1700x001,"80.1700x001",True,"踝关节切开引流术","手术"
nhsa_jbzd_80_1700x002,"80.1700x002",True,"关节镜踝关节游离体取出术","手术"
nhsa_jbzd_80_1701,"80.1701",True,"踝关节游离体取出术","手术"
nhsa_jbzd_80_1800,"80.1800",True,"足和趾关节切开术","手术"
nhsa_jbzd_80_1800x003,"80.1800x003",True,"跖趾关节镜下游离体取出术","手术"
nhsa_jbzd_80_1801,"80.1801",True,"跖趾关节切开术","手术"
nhsa_jbzd_80_1802,"80.1802",True,"趾关节切开术","手术"
nhsa_jbzd_80_1900,"80.1900",True,"其他特指部位关节切开术","手术"
nhsa_jbzd_80_2000,"80.2000",True,"关节镜检查","手术"
nhsa_jbzd_80_2100,"80.2100",True,"关节镜肩关节检查","手术"
nhsa_jbzd_80_2200,"80.2200",True,"关节镜肘关节检查","手术"
nhsa_jbzd_80_2300,"80.2300",True,"关节镜腕关节检查","手术"
nhsa_jbzd_80_2400,"80.2400",True,"关节镜手和指关节检查","手术"
nhsa_jbzd_80_2401,"80.2401",True,"关节镜指关节检查","手术"
nhsa_jbzd_80_2500,"80.2500",True,"关节镜髋关节检查","手术"
nhsa_jbzd_80_2600,"80.2600",True,"关节镜膝关节检查","手术"
nhsa_jbzd_80_2700,"80.2700",True,"关节镜踝关节检查","手术"
nhsa_jbzd_80_2800,"80.2800",True,"关节镜足和趾关节检查","手术"
nhsa_jbzd_80_2801,"80.2801",True,"关节镜趾关节检查","手术"
nhsa_jbzd_80_2900,"80.2900",True,"关节镜其他特指关节检查","手术"
nhsa_jbzd_80_3000,"80.3000",True,"关节结构的活组织检查","手术"
nhsa_jbzd_80_3100,"80.3100",True,"肩关节结构的活组织检查","手术"
nhsa_jbzd_80_3200,"80.3200",True,"肘关节结构的活组织检查","手术"
nhsa_jbzd_80_3300,"80.3300",True,"腕关节结构的活组织检查","手术"
nhsa_jbzd_80_3400,"80.3400",True,"手和指关节结构的活组织检查","手术"
nhsa_jbzd_80_3401,"80.3401",True,"指关节活组织检查","手术"
nhsa_jbzd_80_3500,"80.3500",True,"髋关节结构的活组织检查","手术"
nhsa_jbzd_80_3600,"80.3600",True,"膝关节结构的活组织检查","手术"
nhsa_jbzd_80_3700,"80.3700",True,"踝关节结构的活组织检查","手术"
nhsa_jbzd_80_3800,"80.3800",True,"足和趾关节结构的活组织检查","手术"
nhsa_jbzd_80_3900,"80.3900",True,"其他特指部位关节结构的活组织检查","手术"
nhsa_jbzd_80_3900x001,"80.3900x001",True,"骶髂关节活组织检查","手术"
nhsa_jbzd_80_3901,"80.3901",True,"胸锁关节活组织检查","手术"
nhsa_jbzd_80_3902,"80.3902",True,"脊柱关节活组织检查","手术"
nhsa_jbzd_80_4000,"80.4000",True,"关节切断关节囊、韧带或软骨","手术"
nhsa_jbzd_80_4100,"80.4100",True,"肩关节切断关节囊、韧带或软骨","手术"
nhsa_jbzd_80_4101,"80.4101",True,"肩关节松解术","手术"
nhsa_jbzd_80_4102,"80.4102",True,"关节镜肩关节松解术","手术"
nhsa_jbzd_80_4200,"80.4200",True,"肘关节切断关节囊、韧带或软骨","手术"
nhsa_jbzd_80_4201,"80.4201",True,"肘关节松解术","手术"
nhsa_jbzd_80_4202,"80.4202",True,"关节镜肘关节松解术","手术"
nhsa_jbzd_80_4300,"80.4300",True,"腕关节切断关节囊、韧带或软骨","手术"
nhsa_jbzd_80_4300x001,"80.4300x001",True,"腕关节松解术","手术"
nhsa_jbzd_80_4301,"80.4301",True,"关节镜腕关节松解术","手术"
nhsa_jbzd_80_4302,"80.4302",True,"腕韧带松解术","手术"
nhsa_jbzd_80_4400,"80.4400",True,"手和指关节切断关节囊、韧带或软骨","手术"
nhsa_jbzd_80_4400x001,"80.4400x001",True,"指关节囊松解术","手术"
nhsa_jbzd_80_4400x004,"80.4400x004",True,"掌指关节侧副韧带松解术","手术"
nhsa_jbzd_80_4400x005,"80.4400x005",True,"关节镜下指关节松解术","手术"
nhsa_jbzd_80_4401,"80.4401",True,"指关节松解术","手术"
nhsa_jbzd_80_4402,"80.4402",True,"指韧带松解术","手术"
nhsa_jbzd_80_4500,"80.4500",True,"髋关节切断关节囊、韧带或软骨","手术"
nhsa_jbzd_80_4500x001,"80.4500x001",True,"髋关节囊松解术","手术"
nhsa_jbzd_80_4501,"80.4501",True,"髋关节松解术","手术"
nhsa_jbzd_80_4502,"80.4502",True,"关节镜髋关节松解术","手术"
nhsa_jbzd_80_4600,"80.4600",True,"膝关节切断关节囊、韧带或软骨","手术"
nhsa_jbzd_80_4601,"80.4601",True,"膝关节松解术","手术"
nhsa_jbzd_80_4602,"80.4602",True,"髌韧带松解术","手术"
nhsa_jbzd_80_4603,"80.4603",True,"关节镜膝关节松解术","手术"
nhsa_jbzd_80_4700,"80.4700",True,"踝关节切断关节囊、韧带或软骨","手术"
nhsa_jbzd_80_4700x002,"80.4700x002",True,"踝关节囊松解术","手术"
nhsa_jbzd_80_4701,"80.4701",True,"踝关节松解术","手术"
nhsa_jbzd_80_4702,"80.4702",True,"关节镜踝关节松解术","手术"
nhsa_jbzd_80_4800,"80.4800",True,"足和趾关节切断关节囊、韧带或软骨","手术"
nhsa_jbzd_80_4800x002,"80.4800x002",True,"(足母)趾关节松解术","手术"
nhsa_jbzd_80_4800x005,"80.4800x005",True,"距下关节囊松解术","手术"
nhsa_jbzd_80_4801,"80.4801",True,"跖关节松解术","手术"
nhsa_jbzd_80_4802,"80.4802",True,"趾关节松解术","手术"
nhsa_jbzd_80_4803,"80.4803",True,"关节镜趾关节松解术","手术"
nhsa_jbzd_80_4804,"80.4804",True,"足韧带松解术","手术"
nhsa_jbzd_80_4900,"80.4900",True,"其他特指部位关节切断关节囊、韧带或软骨","手术"
nhsa_jbzd_80_4900x002,"80.4900x002",True,"脊柱关节松解术","手术"
nhsa_jbzd_80_4901,"80.4901",True,"骶韧带切断术","手术"
nhsa_jbzd_80_4902,"80.4902",True,"脊柱韧带切断术","手术"
nhsa_jbzd_80_5000,"80.5000",True,"椎间盘切除术或破坏术","手术"
nhsa_jbzd_80_5100,"80.5100",True,"椎间盘切除术","手术"
nhsa_jbzd_80_5100x008,"80.5100x008",True,"前入路颈椎间盘切除术","手术"
nhsa_jbzd_80_5100x011,"80.5100x011",True,"后入路胸椎间盘切除术","手术"
nhsa_jbzd_80_5100x013,"80.5100x013",True,"后入路腰椎间盘切除术","手术"
nhsa_jbzd_80_5100x023,"80.5100x023",True,"颈椎间盘切除伴椎板切除术","手术"
nhsa_jbzd_80_5100x024,"80.5100x024",True,"颈椎间盘切除伴半椎板切除术","手术"
nhsa_jbzd_80_5100x025,"80.5100x025",True,"颈椎间盘髓核切除术","手术"
nhsa_jbzd_80_5100x026,"80.5100x026",True,"椎间盘镜下后入路颈椎间盘切除术","手术"
nhsa_jbzd_80_5100x027,"80.5100x027",True,"胸椎间盘切除伴椎板切除术","手术"
nhsa_jbzd_80_5100x028,"80.5100x028",True,"胸椎间盘切除伴半椎板切除术","手术"
nhsa_jbzd_80_5100x029,"80.5100x029",True,"胸椎间盘髓核切除术","手术"
nhsa_jbzd_80_5100x030,"80.5100x030",True,"椎间盘镜下后入路胸椎间盘切除术","手术"
nhsa_jbzd_80_5100x031,"80.5100x031",True,"椎间盘镜下前入路胸椎间盘切除术","手术"
nhsa_jbzd_80_5100x032,"80.5100x032",True,"椎间盘镜下前入路颈椎间盘切除术","手术"
nhsa_jbzd_80_5100x033,"80.5100x033",True,"椎间盘镜下后入路腰椎间盘切除术","手术"
nhsa_jbzd_80_5100x034,"80.5100x034",True,"椎间盘镜下前入路腰椎间盘切除术","手术"
nhsa_jbzd_80_5100x035,"80.5100x035",True,"腰椎间盘切除伴椎板切除术","手术"
nhsa_jbzd_80_5100x036,"80.5100x036",True,"腰椎间盘切除伴半椎板切除术","手术"
nhsa_jbzd_80_5100x037,"80.5100x037",True,"经皮腰椎间盘髓核切吸术","手术"
nhsa_jbzd_80_5100x038,"80.5100x038",True,"腰椎间盘髓核切除伴椎板切除术","手术"
nhsa_jbzd_80_5100x039,"80.5100x039",True,"前外侧入路腰椎间盘切除术","手术"
nhsa_jbzd_80_5101,"80.5101",True,"颈椎间盘切除术","手术"
nhsa_jbzd_80_5102,"80.5102",True,"颈椎间盘切除伴椎管减压术","手术"
nhsa_jbzd_80_5103,"80.5103",True,"内镜下颈椎间盘切除术","手术"
nhsa_jbzd_80_5104,"80.5104",True,"胸椎间盘切除术","手术"
nhsa_jbzd_80_5105,"80.5105",True,"胸椎间盘切除伴椎管减压术","手术"
nhsa_jbzd_80_5106,"80.5106",True,"内镜下胸椎间盘切除术","手术"
nhsa_jbzd_80_5107,"80.5107",True,"腰椎间盘切除术","手术"
nhsa_jbzd_80_5108,"80.5108",True,"腰椎间盘切除伴椎管减压术","手术"
nhsa_jbzd_80_5109,"80.5109",True,"腰椎髓核切除术","手术"
nhsa_jbzd_80_5110,"80.5110",True,"内镜下腰椎间盘切除术","手术"
nhsa_jbzd_80_5111,"80.5111",True,"内镜下腰椎髓核切除术","手术"
nhsa_jbzd_80_5200,"80.5200",True,"椎间盘化学溶解术","手术"
nhsa_jbzd_80_5300,"80.5300",True,"纤维环修补术伴移植物或假体","手术"
nhsa_jbzd_80_5400,"80.5400",True,"其他和未特指的椎间盘纤维环修补术","手术"
nhsa_jbzd_80_5400x001,"80.5400x001",True,"经皮椎间盘电热纤维环成形术(IDET)","治疗性操作"
nhsa_jbzd_80_5401,"80.5401",True,"腰椎间盘纤维环缝合术","手术"
nhsa_jbzd_80_5900,"80.5900",True,"椎间盘的其他破坏术","手术"
nhsa_jbzd_80_5900x001,"80.5900x001",True,"椎间盘射频消融术","手术"
nhsa_jbzd_80_5900x003,"80.5900x003",True,"椎间盘激光汽化术","手术"
nhsa_jbzd_80_6x00,"80.6x00",True,"膝半月软骨切除术","手术"
nhsa_jbzd_80_6x00x002,"80.6x00x002",True,"膝半月板切除术","手术"
nhsa_jbzd_80_6x00x010,"80.6x00x010",True,"膝关节镜下外侧半月板切除术","手术"
nhsa_jbzd_80_6x00x011,"80.6x00x011",True,"膝关节镜下内侧半月板切除术","手术"
nhsa_jbzd_80_6x01,"80.6x01",True,"膝内侧半月板切除术","手术"
nhsa_jbzd_80_6x02,"80.6x02",True,"膝外侧半月板切除术","手术"
nhsa_jbzd_80_6x03,"80.6x03",True,"膝半月板部分切除术","手术"
nhsa_jbzd_80_6x04,"80.6x04",True,"膝盘状半月板切除术","手术"
nhsa_jbzd_80_6x05,"80.6x05",True,"关节镜膝关节半月板切除术","手术"
nhsa_jbzd_80_6x06,"80.6x06",True,"关节镜膝关节半月板部分切除术","手术"
nhsa_jbzd_80_6x07,"80.6x07",True,"关节镜膝内侧半月板部分切除术","手术"
nhsa_jbzd_80_6x08,"80.6x08",True,"关节镜膝外侧半月板部分切除术","手术"
nhsa_jbzd_80_7000,"80.7000",True,"关节滑膜切除术","手术"
nhsa_jbzd_80_7100,"80.7100",True,"肩关节滑膜切除术","手术"
nhsa_jbzd_80_7101,"80.7101",True,"关节镜肩关节滑膜切除术","手术"
nhsa_jbzd_80_7200,"80.7200",True,"肘关节滑膜切除术","手术"
nhsa_jbzd_80_7201,"80.7201",True,"关节镜肘关节滑膜切除术","手术"
nhsa_jbzd_80_7300,"80.7300",True,"腕关节滑膜切除术","手术"
nhsa_jbzd_80_7301,"80.7301",True,"关节镜腕关节滑膜切除术","手术"
nhsa_jbzd_80_7400,"80.7400",True,"手和指关节滑膜切除术","手术"
nhsa_jbzd_80_7401,"80.7401",True,"关节镜指关节滑膜切除术","手术"
nhsa_jbzd_80_7500,"80.7500",True,"髋关节滑膜切除术","手术"
nhsa_jbzd_80_7501,"80.7501",True,"关节镜髋关节滑膜切除术","手术"
nhsa_jbzd_80_7600,"80.7600",True,"膝关节滑膜切除术","手术"
nhsa_jbzd_80_7601,"80.7601",True,"关节镜膝关节滑膜切除术","手术"
nhsa_jbzd_80_7700,"80.7700",True,"踝关节滑膜切除术","手术"
nhsa_jbzd_80_7701,"80.7701",True,"关节镜踝关节滑膜切除术","手术"
nhsa_jbzd_80_7800,"80.7800",True,"足和趾关节滑膜切除术","手术"
nhsa_jbzd_80_7800x002,"80.7800x002",True,"跖关节镜下跖关节滑膜切除术","手术"
nhsa_jbzd_80_7801,"80.7801",True,"关节镜趾关节滑膜切除术","手术"
nhsa_jbzd_80_7900,"80.7900",True,"其他特指部位关节滑膜切除术","手术"
nhsa_jbzd_80_7901,"80.7901",True,"关节镜脊柱关节滑膜切除术","手术"
nhsa_jbzd_80_8000,"80.8000",True,"关节病损的其他局部切除术或破坏术","手术"
nhsa_jbzd_80_8100,"80.8100",True,"肩关节病损的其他局部切除术或破坏术","手术"
nhsa_jbzd_80_8101,"80.8101",True,"肩关节病损切除术","手术"
nhsa_jbzd_80_8102,"80.8102",True,"关节镜肩关节病损切除术","手术"
nhsa_jbzd_80_8200,"80.8200",True,"肘关节病损的其他局部切除术或破坏术","手术"
nhsa_jbzd_80_8200x003,"80.8200x003",True,"肘关节镜下微骨折术","手术"
nhsa_jbzd_80_8201,"80.8201",True,"肘关节病损切除术","手术"
nhsa_jbzd_80_8202,"80.8202",True,"关节镜肘关节病损切除术","手术"
nhsa_jbzd_80_8300,"80.8300",True,"腕关节病损的其他局部切除术或破坏术","手术"
nhsa_jbzd_80_8301,"80.8301",True,"腕关节病损切除术","手术"
nhsa_jbzd_80_8302,"80.8302",True,"关节镜腕关节病损切除术","手术"
nhsa_jbzd_80_8400,"80.8400",True,"手和指关节病损的其他局部切除术或破坏术","手术"
nhsa_jbzd_80_8401,"80.8401",True,"指关节病损切除术","手术"
nhsa_jbzd_80_8402,"80.8402",True,"关节镜指关节病损切除术","手术"
nhsa_jbzd_80_8500,"80.8500",True,"髋关节病损的其他局部切除术或破坏术","手术"
nhsa_jbzd_80_8501,"80.8501",True,"髋关节病损切除术","手术"
nhsa_jbzd_80_8502,"80.8502",True,"关节镜髋关节病损切除术","手术"
nhsa_jbzd_80_8600,"80.8600",True,"膝关节病损的其他局部切除术或破坏术","手术"
nhsa_jbzd_80_8600x009,"80.8600x009",True,"膝关节镜下微骨折术","手术"
nhsa_jbzd_80_8601,"80.8601",True,"膝关节病损切除术","手术"
nhsa_jbzd_80_8602,"80.8602",True,"关节镜膝关节病损切除术","手术"
nhsa_jbzd_80_8700,"80.8700",True,"踝关节病损的其他局部切除术或破坏术","手术"
nhsa_jbzd_80_8700x007,"80.8700x007",True,"踝关节镜下微骨折术","手术"
nhsa_jbzd_80_8701,"80.8701",True,"踝关节病损切除术","手术"
nhsa_jbzd_80_8702,"80.8702",True,"关节镜踝关节病损切除术","手术"
nhsa_jbzd_80_8800,"80.8800",True,"足和趾关节病损的其他局部切除术或破坏术","手术"
nhsa_jbzd_80_8800x003,"80.8800x003",True,"(足母)囊病损切除术","手术"
nhsa_jbzd_80_8800x004,"80.8800x004",True,"跖趾关节镜下病损切除术","手术"
nhsa_jbzd_80_8801,"80.8801",True,"趾关节病损切除术","手术"
nhsa_jbzd_80_8802,"80.8802",True,"关节镜趾关节病损切除术","手术"
nhsa_jbzd_80_8900,"80.8900",True,"其他特指部位关节病损的其他局部切除术或破坏术","手术"
nhsa_jbzd_80_8900x001,"80.8900x001",True,"骶髂关节病损切除术","手术"
nhsa_jbzd_80_8900x004,"80.8900x004",True,"项韧带病损切除术","手术"
nhsa_jbzd_80_8900x005,"80.8900x005",True,"胸锁关节病损切除术","手术"
nhsa_jbzd_80_8901,"80.8901",True,"脊柱关节病损切除术","手术"
nhsa_jbzd_80_9000,"80.9000",True,"关节的其他切除术","手术"
nhsa_jbzd_80_9100,"80.9100",True,"肩关节的其他切除术","手术"
nhsa_jbzd_80_9200,"80.9200",True,"肘关节的其他切除术","手术"
nhsa_jbzd_80_9300,"80.9300",True,"腕关节的其他切除术","手术"
nhsa_jbzd_80_9400,"80.9400",True,"手和指关节的其他切除术","手术"
nhsa_jbzd_80_9500,"80.9500",True,"髋关节的其他切除术","手术"
nhsa_jbzd_80_9600,"80.9600",True,"膝关节的其他切除术","手术"
nhsa_jbzd_80_9700,"80.9700",True,"踝关节的其他切除术","手术"
nhsa_jbzd_80_9800,"80.9800",True,"足和趾关节的其他切除术","手术"
nhsa_jbzd_80_9800x001,"80.9800x001",True,"跖趾关节切除术","手术"
nhsa_jbzd_80_9900,"80.9900",True,"其他特指部位关节的其他切除术","手术"
nhsa_jbzd_80_9900x001,"80.9900x001",True,"黄韧带部分切除术","手术"
nhsa_jbzd_80_9900x002,"80.9900x002",True,"假关节切除术","手术"
nhsa_jbzd_80_9900x003,"80.9900x003",True,"颈椎后路小关节切除术","手术"
nhsa_jbzd_80_9900x004,"80.9900x004",True,"肋软骨切除术","手术"
nhsa_jbzd_80_9900x005,"80.9900x005",True,"项韧带切除术","手术"
nhsa_jbzd_80_9900x006,"80.9900x006",True,"颈椎前路小关节切除术","手术"
nhsa_jbzd_80_9901,"80.9901",True,"椎体切除术伴椎间盘切除术","手术"
nhsa_jbzd_80_9902,"80.9902",True,"椎体部分切除伴椎间盘切除术","手术"
nhsa_jbzd_80_9903,"80.9903",True,"椎体次全切除伴椎间盘切除术","手术"
nhsa_jbzd_81_0000,"81.0000",True,"脊柱融合","手术"
nhsa_jbzd_81_0100,"81.0100",True,"寰-枢脊柱融合","手术"
nhsa_jbzd_81_0100x001,"81.0100x001",True,"前入路寰-枢椎融合术","手术"
nhsa_jbzd_81_0101,"81.0101",True,"寰-枢椎融合术，经口","手术"
nhsa_jbzd_81_0102,"81.0102",True,"寰-枢椎融合术，后入路","手术"
nhsa_jbzd_81_0103,"81.0103",True,"枕-颈融合术，前入路","手术"
nhsa_jbzd_81_0104,"81.0104",True,"枕-颈融合术，经口","手术"
nhsa_jbzd_81_0105,"81.0105",True,"枕-颈融合术，后入路","手术"
nhsa_jbzd_81_0200,"81.0200",True,"前柱其他颈融合，前路法","手术"
nhsa_jbzd_81_0200x001,"81.0200x001",True,"前入路颈椎融合术","手术"
nhsa_jbzd_81_0200x002,"81.0200x002",True,"前外侧入路颈椎融合术","手术"
nhsa_jbzd_81_0300,"81.0300",True,"后柱其他颈融合，后路法","手术"
nhsa_jbzd_81_0300x001,"81.0300x001",True,"后入路颈椎融合术","手术"
nhsa_jbzd_81_0300x002,"81.0300x002",True,"后外侧入路颈椎融合术","手术"
nhsa_jbzd_81_0400,"81.0400",True,"前柱背和背腰融合，前路法","手术"
nhsa_jbzd_81_0400x004,"81.0400x004",True,"前外侧入路胸椎融合术","手术"
nhsa_jbzd_81_0400x005,"81.0400x005",True,"前外侧入路胸腰椎融合术","手术"
nhsa_jbzd_81_0401,"81.0401",True,"胸椎椎体间融合术，前入路","手术"
nhsa_jbzd_81_0402,"81.0402",True,"胸腰椎椎体间融合术，前入路","手术"
nhsa_jbzd_81_0500,"81.0500",True,"背和背腰融合，后路法","手术"
nhsa_jbzd_81_0500x005,"81.0500x005",True,"后外侧入路胸椎融合术","手术"
nhsa_jbzd_81_0500x006,"81.0500x006",True,"后外侧入路胸腰椎融合术","手术"
nhsa_jbzd_81_0501,"81.0501",True,"胸椎融合术，后入路","手术"
nhsa_jbzd_81_0502,"81.0502",True,"胸腰椎融合术，后入路","手术"
nhsa_jbzd_81_0600,"81.0600",True,"前柱腰和腰骶部融合，前路法","手术"
nhsa_jbzd_81_0600x005,"81.0600x005",True,"前外侧入路腰椎融合术","手术"
nhsa_jbzd_81_0600x006,"81.0600x006",True,"前外侧入路腰骶椎融合术","手术"
nhsa_jbzd_81_0601,"81.0601",True,"腰椎椎体间融合术，前入路","手术"
nhsa_jbzd_81_0602,"81.0602",True,"腰骶椎椎体间融合术，前入路","手术"
nhsa_jbzd_81_0700,"81.0700",True,"后柱腰和腰骶部融合，后路法","手术"
nhsa_jbzd_81_0700x002,"81.0700x002",True,"腰骶外侧横突融合术","手术"
nhsa_jbzd_81_0701,"81.0701",True,"腰椎后柱融合术，后入路","手术"
nhsa_jbzd_81_0702,"81.0702",True,"腰骶椎后柱融合术，后入路","手术"
nhsa_jbzd_81_0800,"81.0800",True,"前柱腰和腰骶部融合，后路法","手术"
nhsa_jbzd_81_0800x016,"81.0800x016",True,"后外侧入路腰椎融合术","手术"
nhsa_jbzd_81_0800x017,"81.0800x017",True,"后外侧入路腰骶椎融合术","手术"
nhsa_jbzd_81_0800x018,"81.0800x018",True,"经椎间孔入路腰椎体融合术","手术"
nhsa_jbzd_81_0801,"81.0801",True,"腰椎椎体间融合术，后入路","手术"
nhsa_jbzd_81_0802,"81.0802",True,"腰骶椎椎体间融合术，后入路","手术"
nhsa_jbzd_81_1100,"81.1100",True,"踝融合术","手术"
nhsa_jbzd_81_1100x003,"81.1100x003",True,"踝关节镜下踝关节融合术","手术"
nhsa_jbzd_81_1101,"81.1101",True,"胫距关节融合术","手术"
nhsa_jbzd_81_1200,"81.1200",True,"三关节固定术","手术"
nhsa_jbzd_81_1200x001,"81.1200x001",True,"足三关节融合术","手术"
nhsa_jbzd_81_1300,"81.1300",True,"距骨下融合术","手术"
nhsa_jbzd_81_1300x003,"81.1300x003",True,"距下关节融合术","手术"
nhsa_jbzd_81_1300x004,"81.1300x004",True,"踝关节镜下距下关节融合术","手术"
nhsa_jbzd_81_1400,"81.1400",True,"跗骨间融合术","手术"
nhsa_jbzd_81_1400x002,"81.1400x002",True,"足外侧柱延长术","手术"
nhsa_jbzd_81_1401,"81.1401",True,"跟骰关节融合术","手术"
nhsa_jbzd_81_1500,"81.1500",True,"跗跖融合术","手术"
nhsa_jbzd_81_1500x001,"81.1500x001",True,"跖楔关节融合术","手术"
nhsa_jbzd_81_1600,"81.1600",True,"跖趾融合术","手术"
nhsa_jbzd_81_1700,"81.1700",True,"足的其他融合术","手术"
nhsa_jbzd_81_1700x001,"81.1700x001",True,"跟骨关节融合术","手术"
nhsa_jbzd_81_1700x003,"81.1700x003",True,"趾关节融合术","手术"
nhsa_jbzd_81_1800,"81.1800",True,"距下关节关节制动术","手术"
nhsa_jbzd_81_2000,"81.2000",True,"关节固定术","手术"
nhsa_jbzd_81_2100,"81.2100",True,"髋关节固定术","手术"
nhsa_jbzd_81_2101,"81.2101",True,"髋关节融合术","手术"
nhsa_jbzd_81_2200,"81.2200",True,"膝关节固定术","手术"
nhsa_jbzd_81_2201,"81.2201",True,"膝关节融合术","手术"
nhsa_jbzd_81_2300,"81.2300",True,"肩关节固定术","手术"
nhsa_jbzd_81_2300x002,"81.2300x002",True,"肩关节喙突截骨移位固定术[Latajet手术]","手术"
nhsa_jbzd_81_2300x003,"81.2300x003",True,"肩关节肩盂植骨固定术","手术"
nhsa_jbzd_81_2300x004,"81.2300x004",True,"肩关节镜下盂唇固定术","手术"
nhsa_jbzd_81_2300x005,"81.2300x005",True,"肩关节盂唇固定术","手术"
nhsa_jbzd_81_2301,"81.2301",True,"肩关节融合术","手术"
nhsa_jbzd_81_2400,"81.2400",True,"肘关节固定术","手术"
nhsa_jbzd_81_2401,"81.2401",True,"肘关节融合术","手术"
nhsa_jbzd_81_2500,"81.2500",True,"腕桡融合术","手术"
nhsa_jbzd_81_2500x002,"81.2500x002",True,"全腕关节融合术","手术"
nhsa_jbzd_81_2500x003,"81.2500x003",True,"腕骨间融合术","手术"
nhsa_jbzd_81_2500x004,"81.2500x004",True,"腕中关节融合术","手术"
nhsa_jbzd_81_2501,"81.2501",True,"腕桡关节固定术","手术"
nhsa_jbzd_81_2600,"81.2600",True,"掌腕融合术","手术"
nhsa_jbzd_81_2601,"81.2601",True,"掌腕关节固定术","手术"
nhsa_jbzd_81_2700,"81.2700",True,"掌指融合术","手术"
nhsa_jbzd_81_2701,"81.2701",True,"掌指关节固定术","手术"
nhsa_jbzd_81_2800,"81.2800",True,"指间融合术","手术"
nhsa_jbzd_81_2801,"81.2801",True,"指间关节固定术","手术"
nhsa_jbzd_81_2900,"81.2900",True,"其他特指关节的关节固定术","手术"
nhsa_jbzd_81_2901,"81.2901",True,"骶髂关节融合术","手术"
nhsa_jbzd_81_2902,"81.2902",True,"胸锁关节融合术","手术"
nhsa_jbzd_81_3000,"81.3000",True,"脊柱再融合术","手术"
nhsa_jbzd_81_3100,"81.3100",True,"寰-枢脊柱再融合术","手术"
nhsa_jbzd_81_3101,"81.3101",True,"寰-枢椎再融合术，前入路","手术"
nhsa_jbzd_81_3102,"81.3102",True,"寰-枢椎再融合术，经口","手术"
nhsa_jbzd_81_3103,"81.3103",True,"寰-枢椎再融合术，后入路","手术"
nhsa_jbzd_81_3104,"81.3104",True,"枕-颈再融合术，前入路","手术"
nhsa_jbzd_81_3105,"81.3105",True,"枕-颈再融合术，经口","手术"
nhsa_jbzd_81_3106,"81.3106",True,"枕-颈再融合术，后入路","手术"
nhsa_jbzd_81_3200,"81.3200",True,"其他颈椎再融合，前柱，前路法","手术"
nhsa_jbzd_81_3200x001,"81.3200x001",True,"前入路颈椎翻修术","手术"
nhsa_jbzd_81_3200x002,"81.3200x002",True,"前外侧入路颈椎翻修术","手术"
nhsa_jbzd_81_3300,"81.3300",True,"其他颈椎再融合，后柱，后路法","手术"
nhsa_jbzd_81_3300x001,"81.3300x001",True,"后入路颈椎翻修术","手术"
nhsa_jbzd_81_3300x002,"81.3300x002",True,"后外侧入路颈椎翻修术","手术"
nhsa_jbzd_81_3400,"81.3400",True,"背和背腰椎再融合，前柱，前路法","手术"
nhsa_jbzd_81_3400x003,"81.3400x003",True,"前外侧入路胸椎翻修术","手术"
nhsa_jbzd_81_3400x004,"81.3400x004",True,"前外侧入路胸腰椎翻修术","手术"
nhsa_jbzd_81_3401,"81.3401",True,"胸椎椎体间再融合术，前入路","手术"
nhsa_jbzd_81_3402,"81.3402",True,"胸腰椎椎体间再融合术，前入路","手术"
nhsa_jbzd_81_3500,"81.3500",True,"背和背腰椎再融合，后路法","手术"
nhsa_jbzd_81_3500x003,"81.3500x003",True,"后外侧入路胸椎翻修术","手术"
nhsa_jbzd_81_3500x004,"81.3500x004",True,"后外侧入路胸腰椎翻修术","手术"
nhsa_jbzd_81_3501,"81.3501",True,"胸椎再融合术，后入路","手术"
nhsa_jbzd_81_3502,"81.3502",True,"胸腰椎再融合术，后入路","手术"
nhsa_jbzd_81_3600,"81.3600",True,"腰和腰骶部脊椎再融合，前柱，前路法","手术"
nhsa_jbzd_81_3600x003,"81.3600x003",True,"前外侧入路腰椎翻修术","手术"
nhsa_jbzd_81_3600x004,"81.3600x004",True,"前外侧入路腰骶椎翻修术","手术"
nhsa_jbzd_81_3601,"81.3601",True,"腰椎椎体间再融合术，前入路","手术"
nhsa_jbzd_81_3602,"81.3602",True,"腰骶椎椎体间再融合术，前入路","手术"
nhsa_jbzd_81_3700,"81.3700",True,"腰和腰骶部脊椎再融合，后柱，后路法","手术"
nhsa_jbzd_81_3700x001,"81.3700x001",True,"腰椎外侧横突翻修术","手术"
nhsa_jbzd_81_3700x002,"81.3700x002",True,"腰骶外侧横突翻修术","手术"
nhsa_jbzd_81_3701,"81.3701",True,"腰椎后柱再融合术，后入路","手术"
nhsa_jbzd_81_3702,"81.3702",True,"腰骶椎后柱再融合术，后入路","手术"
nhsa_jbzd_81_3800,"81.3800",True,"腰和腰骶部脊椎再融合，前柱，后路法","手术"
nhsa_jbzd_81_3800x003,"81.3800x003",True,"后外侧入路腰椎翻修术","手术"
nhsa_jbzd_81_3800x004,"81.3800x004",True,"后外侧入路腰骶椎翻修术","手术"
nhsa_jbzd_81_3800x005,"81.3800x005",True,"经椎间孔入路腰椎体翻修术","手术"
nhsa_jbzd_81_3801,"81.3801",True,"腰椎椎体间再融合术，后入路","手术"
nhsa_jbzd_81_3802,"81.3802",True,"腰骶椎椎体间再融合术，后入路","手术"
nhsa_jbzd_81_3900,"81.3900",True,"脊柱其他部位再融合术","手术"
nhsa_jbzd_81_4000,"81.4000",True,"髋修补术","手术"
nhsa_jbzd_81_4000x004,"81.4000x004",True,"髋关节镜下髋关节成形术","手术"
nhsa_jbzd_81_4000x005,"81.4000x005",True,"髋关节镜下盂唇修补术","手术"
nhsa_jbzd_81_4000x006,"81.4000x006",True,"髋关节镜下软骨成形术","手术"
nhsa_jbzd_81_4001,"81.4001",True,"髋臼成形术","手术"
nhsa_jbzd_81_4200,"81.4200",True,"膝五合一修补术","手术"
nhsa_jbzd_81_4300,"81.4300",True,"膝关节三联修补术","手术"
nhsa_jbzd_81_4400,"81.4400",True,"髌骨稳定术","手术"
nhsa_jbzd_81_4401,"81.4401",True,"关节镜髌骨稳定术","手术"
nhsa_jbzd_81_4402,"81.4402",True,"髌骨支持带外侧松解，内侧紧缩术","手术"
nhsa_jbzd_81_4403,"81.4403",True,"髌骨习惯性脱位韧带成形术","手术"
nhsa_jbzd_81_4500,"81.4500",True,"交叉韧带的其他修补术","手术"
nhsa_jbzd_81_4501,"81.4501",True,"膝关节前交叉韧带重建术","手术"
nhsa_jbzd_81_4502,"81.4502",True,"膝关节后交叉韧带重建术","手术"
nhsa_jbzd_81_4503,"81.4503",True,"关节镜膝关节交叉韧带重建术","手术"
nhsa_jbzd_81_4504,"81.4504",True,"关节镜膝关节前交叉韧带重建术","手术"
nhsa_jbzd_81_4505,"81.4505",True,"关节镜膝关节后交叉韧带重建术","手术"
nhsa_jbzd_81_4600,"81.4600",True,"副韧带的其他修补术","手术"
nhsa_jbzd_81_4600x001,"81.4600x001",True,"副韧带修补术","手术"
nhsa_jbzd_81_4601,"81.4601",True,"关节镜膝关节副韧带修补术","手术"
nhsa_jbzd_81_4700,"81.4700",True,"膝关节的其他修补术","手术"
nhsa_jbzd_81_4700x001,"81.4700x001",True,"膝关节半月板成形术","手术"
nhsa_jbzd_81_4700x005,"81.4700x005",True,"膝关节镜下半月板成形术","手术"
nhsa_jbzd_81_4700x012,"81.4700x012",True,"膝关节镜下异体外侧半月板移植术","手术"
nhsa_jbzd_81_4700x013,"81.4700x013",True,"膝关节镜下半月板缝合术","手术"
nhsa_jbzd_81_4700x014,"81.4700x014",True,"膝关节镜下半月板移植术","手术"
nhsa_jbzd_81_4700x015,"81.4700x015",True,"膝关节镜下软骨成形术","手术"
nhsa_jbzd_81_4700x016,"81.4700x016",True,"膝关节镜下软骨细胞移植术","手术"
nhsa_jbzd_81_4700x017,"81.4700x017",True,"膝关节镜下软骨修复术","手术"
nhsa_jbzd_81_4700x018,"81.4700x018",True,"膝关节镜下异体骨软骨移植术","手术"
nhsa_jbzd_81_4700x019,"81.4700x019",True,"膝关节镜下自体骨软骨移植术","手术"
nhsa_jbzd_81_4701,"81.4701",True,"鹅足转移术","手术"
nhsa_jbzd_81_4900,"81.4900",True,"踝关节的其他修补术","手术"
nhsa_jbzd_81_4900x001,"81.4900x001",True,"踝关节修补术","手术"
nhsa_jbzd_81_4900x002,"81.4900x002",True,"踝关节镜下软骨成形术","手术"
nhsa_jbzd_81_4900x003,"81.4900x003",True,"踝关节镜下软骨修复术","手术"
nhsa_jbzd_81_4900x004,"81.4900x004",True,"踝关节镜下异体骨软骨移植术","手术"
nhsa_jbzd_81_4900x005,"81.4900x005",True,"踝关节镜下自体骨软骨移植术","手术"
nhsa_jbzd_81_4900x006,"81.4900x006",True,"踝关节软骨镜下软骨细胞移植术","手术"
nhsa_jbzd_81_4901,"81.4901",True,"踝关节内侧韧带修补术","手术"
nhsa_jbzd_81_4902,"81.4902",True,"踝关节外侧韧带修补术","手术"
nhsa_jbzd_81_5100,"81.5100",True,"全髋关节置换","手术"
nhsa_jbzd_81_5200,"81.5200",True,"髋关节部分置换","手术"
nhsa_jbzd_81_5200x004,"81.5200x004",True,"人工双动股骨头置换术","手术"
nhsa_jbzd_81_5201,"81.5201",True,"人工股骨头置换术","手术"
nhsa_jbzd_81_5202,"81.5202",True,"人工髋臼置换术","手术"
nhsa_jbzd_81_5300,"81.5300",True,"髋关节置换修正术","手术"
nhsa_jbzd_81_5400,"81.5400",True,"全部膝关节置换","手术"
nhsa_jbzd_81_5400x004,"81.5400x004",True,"膝关节单髁表面置换术","手术"
nhsa_jbzd_81_5400x005,"81.5400x005",True,"膝关节髌股表面置换术","手术"
nhsa_jbzd_81_5400x007,"81.5400x007",True,"膝关节双间室置换术","手术"
nhsa_jbzd_81_5400x008,"81.5400x008",True,"铰链式人工膝关节置换术","手术"
nhsa_jbzd_81_5401,"81.5401",True,"部分膝关节置换术","手术"
nhsa_jbzd_81_5500,"81.5500",True,"膝关节置换修正术","手术"
nhsa_jbzd_81_5600,"81.5600",True,"踝关节全部置换","手术"
nhsa_jbzd_81_5700,"81.5700",True,"足和趾关节置换","手术"
nhsa_jbzd_81_5700x001,"81.5700x001",True,"跖趾关节置换术","手术"
nhsa_jbzd_81_5700x002,"81.5700x002",True,"趾关节置换术","手术"
nhsa_jbzd_81_5900,"81.5900",True,"下肢关节置换修复术","手术"
nhsa_jbzd_81_6200,"81.6200",True,"2-3个椎骨融合或再融合","手术"
nhsa_jbzd_81_6300,"81.6300",True,"4-8个椎骨融合或再融合","手术"
nhsa_jbzd_81_6400,"81.6400",True,"9个或更多椎骨的融合或再融合","手术"
nhsa_jbzd_81_6400x003,"81.6400x003",True,"多块椎骨融合","手术"
nhsa_jbzd_81_6500,"81.6500",True,"经皮椎骨成形术","手术"
nhsa_jbzd_81_6600,"81.6600",True,"经皮椎体增强","手术"
nhsa_jbzd_81_6600x001,"81.6600x001",True,"经皮穿刺脊柱后凸成形术","手术"
nhsa_jbzd_81_6600x002,"81.6600x002",True,"腰椎骨折球囊扩张成形术","手术"
nhsa_jbzd_81_6600x003,"81.6600x003",True,"胸椎骨折球囊扩张成形术","手术"
nhsa_jbzd_81_6601,"81.6601",True,"经皮椎体球囊扩张成形术","手术"
nhsa_jbzd_81_7100,"81.7100",True,"掌指关节和指间关节成形术伴植入","手术"
nhsa_jbzd_81_7100x001,"81.7100x001",True,"掌指关节成形术伴植入","手术"
nhsa_jbzd_81_7100x002,"81.7100x002",True,"人工指关节置换术","手术"
nhsa_jbzd_81_7100x003,"81.7100x003",True,"指间关节成形术伴植入","手术"
nhsa_jbzd_81_7100x004,"81.7100x004",True,"异体指关节游离移植术","手术"
nhsa_jbzd_81_7100x005,"81.7100x005",True,"人工掌指关节置换术","手术"
nhsa_jbzd_81_7200,"81.7200",True,"掌指关节和指间关节成形术不伴植入","手术"
nhsa_jbzd_81_7200x002,"81.7200x002",True,"掌指关节成形术","手术"
nhsa_jbzd_81_7200x003,"81.7200x003",True,"指间关节成形术","手术"
nhsa_jbzd_81_7200x004,"81.7200x004",True,"掌板紧缩术","手术"
nhsa_jbzd_81_7200x005,"81.7200x005",True,"掌板修复术","手术"
nhsa_jbzd_81_7200x006,"81.7200x006",True,"指关节软骨重建术","手术"
nhsa_jbzd_81_7300,"81.7300",True,"腕关节全部置换","手术"
nhsa_jbzd_81_7300x001,"81.7300x001",True,"人工腕关节置换术","手术"
nhsa_jbzd_81_7400,"81.7400",True,"腕腕关节或腕掌关节成形术伴植入","手术"
nhsa_jbzd_81_7400x001,"81.7400x001",True,"腕关节成形术伴植入","手术"
nhsa_jbzd_81_7400x002,"81.7400x002",True,"腕掌关节成形术伴植入","手术"
nhsa_jbzd_81_7500,"81.7500",True,"腕腕关节或腕掌关节成形术不伴植入","手术"
nhsa_jbzd_81_7500x001,"81.7500x001",True,"腕关节成形术","手术"
nhsa_jbzd_81_7500x002,"81.7500x002",True,"腕掌关节成形术","手术"
nhsa_jbzd_81_7500x003,"81.7500x003",True,"腕关节镜下TFCC成形术","手术"
nhsa_jbzd_81_7500x004,"81.7500x004",True,"腕关节镜下TFCC修补术","手术"
nhsa_jbzd_81_7500x005,"81.7500x005",True,"腕关节镜下软骨成形术","手术"
nhsa_jbzd_81_7900,"81.7900",True,"手、指和腕关节的其他修补术","手术"
nhsa_jbzd_81_8000,"81.8000",True,"肩关节全部置换","手术"
nhsa_jbzd_81_8000x003,"81.8000x003",True,"肩关节表面置换术","手术"
nhsa_jbzd_81_8100,"81.8100",True,"肩关节部分置换","手术"
nhsa_jbzd_81_8101,"81.8101",True,"人工肱骨头置换术","手术"
nhsa_jbzd_81_8200,"81.8200",True,"复发性肩脱位的修补术","手术"
nhsa_jbzd_81_8201,"81.8201",True,"关节镜习惯性肩关节脱位修补术","手术"
nhsa_jbzd_81_8300,"81.8300",True,"肩关节的其他修补术","手术"
nhsa_jbzd_81_8300x001,"81.8300x001",True,"肩关节成形术","手术"
nhsa_jbzd_81_8300x003,"81.8300x003",True,"肩关节囊修复重建术","手术"
nhsa_jbzd_81_8300x004,"81.8300x004",True,"肩关节修补术","手术"
nhsa_jbzd_81_8300x006,"81.8300x006",True,"肩袖修补术","手术"
nhsa_jbzd_81_8300x007,"81.8300x007",True,"肩关节镜下关节囊热紧缩术","手术"
nhsa_jbzd_81_8300x008,"81.8300x008",True,"肩关节镜下肩袖修补术","手术"
nhsa_jbzd_81_8300x009,"81.8300x009",True,"肩关节镜下盂唇修补术","手术"
nhsa_jbzd_81_8301,"81.8301",True,"肩峰成形术","手术"
nhsa_jbzd_81_8302,"81.8302",True,"肩关节盂成形术","手术"
nhsa_jbzd_81_8303,"81.8303",True,"肩锁关节修补术","手术"
nhsa_jbzd_81_8304,"81.8304",True,"高肩胛症松解术","手术"
nhsa_jbzd_81_8305,"81.8305",True,"肩关节成形翻修术","手术"
nhsa_jbzd_81_8400,"81.8400",True,"肘关节全部置换","手术"
nhsa_jbzd_81_8400x002,"81.8400x002",True,"人工桡骨头置换术","手术"
nhsa_jbzd_81_8401,"81.8401",True,"肘关节部分置换术","手术"
nhsa_jbzd_81_8500,"81.8500",True,"肘关节的其他修补术","手术"
nhsa_jbzd_81_8500x001,"81.8500x001",True,"肱骨髁间成形术","手术"
nhsa_jbzd_81_8500x002,"81.8500x002",True,"肘关节成形术","手术"
nhsa_jbzd_81_8500x004,"81.8500x004",True,"肘关节镜下软骨成形术","手术"
nhsa_jbzd_81_8500x005,"81.8500x005",True,"肘关节镜下软骨修复术","手术"
nhsa_jbzd_81_8500x006,"81.8500x006",True,"肘关节镜下异体骨软骨移植术","手术"
nhsa_jbzd_81_8500x007,"81.8500x007",True,"肘关节镜下自体骨软骨移植术","手术"
nhsa_jbzd_81_8500x008,"81.8500x008",True,"肘关节镜下软骨细胞移植术","手术"
nhsa_jbzd_81_8800,"81.8800",True,"反向全肩关节置换术","手术"
nhsa_jbzd_81_9100,"81.9100",True,"关节穿刺术","治疗性操作"
nhsa_jbzd_81_9101,"81.9101",True,"关节抽吸术","治疗性操作"
nhsa_jbzd_81_9200,"81.9200",True,"关节或韧带治疗性药物注射","治疗性操作"
nhsa_jbzd_81_9201,"81.9201",True,"关节治疗性物质注射","治疗性操作"
nhsa_jbzd_81_9202,"81.9202",True,"韧带治疗性物质注射","治疗性操作"
nhsa_jbzd_81_9300,"81.9300",True,"上肢关节囊或韧带缝合术","手术"
nhsa_jbzd_81_9300x003,"81.9300x003",True,"指间关节侧副韧带重建术","手术"
nhsa_jbzd_81_9300x004,"81.9300x004",True,"腕关节镜下韧带重建术","手术"
nhsa_jbzd_81_9300x005,"81.9300x005",True,"腕关节韧带重建术","手术"
nhsa_jbzd_81_9300x006,"81.9300x006",True,"腕关节韧带紧缩术","手术"
nhsa_jbzd_81_9300x007,"81.9300x007",True,"指关节囊缝合术","手术"
nhsa_jbzd_81_9300x008,"81.9300x008",True,"指间关节侧副韧带缝合术","手术"
nhsa_jbzd_81_9300x009,"81.9300x009",True,"肘关节镜下韧带重建术","手术"
nhsa_jbzd_81_9300x010,"81.9300x010",True,"肘关节韧带修补术","手术"
nhsa_jbzd_81_9301,"81.9301",True,"上肢关节囊缝合术","手术"
nhsa_jbzd_81_9302,"81.9302",True,"上肢韧带缝合术","手术"
nhsa_jbzd_81_9400,"81.9400",True,"踝关节和足关节囊或韧带缝合术","手术"
nhsa_jbzd_81_9400x001,"81.9400x001",True,"踝关节韧带修补术","手术"
nhsa_jbzd_81_9400x006,"81.9400x006",True,"踝关节镜下韧带修补术","手术"
nhsa_jbzd_81_9400x007,"81.9400x007",True,"踝关节镜下韧带重建术","手术"
nhsa_jbzd_81_9401,"81.9401",True,"踝关节囊缝合术","手术"
nhsa_jbzd_81_9402,"81.9402",True,"踝关节韧带缝合术","手术"
nhsa_jbzd_81_9403,"81.9403",True,"足关节囊缝合术","手术"
nhsa_jbzd_81_9404,"81.9404",True,"足韧带缝合术","手术"
nhsa_jbzd_81_9500,"81.9500",True,"其他下肢关节囊或韧带缝合术","手术"
nhsa_jbzd_81_9500x001,"81.9500x001",True,"髌韧带缝合术","手术"
nhsa_jbzd_81_9501,"81.9501",True,"下肢关节囊缝合术","手术"
nhsa_jbzd_81_9502,"81.9502",True,"下肢韧带缝合术","手术"
nhsa_jbzd_81_9600,"81.9600",True,"关节其他修补术","手术"
nhsa_jbzd_81_9600x003,"81.9600x003",True,"髌韧带重建术","手术"
nhsa_jbzd_81_9600x009,"81.9600x009",True,"关节软骨修复术","手术"
nhsa_jbzd_81_9600x015,"81.9600x015",True,"韧带修补术","手术"
nhsa_jbzd_81_9600x017,"81.9600x017",True,"跖趾关节镜下软骨成形术","手术"
nhsa_jbzd_81_9600x018,"81.9600x018",True,"跖趾关节镜下软骨修复术","手术"
nhsa_jbzd_81_9600x019,"81.9600x019",True,"足趾关节游离移植术","手术"
nhsa_jbzd_81_9600x020,"81.9600x020",True,"膝关节镜下膝关节后外侧角重建术","手术"
nhsa_jbzd_81_9600x021,"81.9600x021",True,"膝关节后外侧角重建术","手术"
nhsa_jbzd_81_9600x022,"81.9600x022",True,"膝关节镜下膝关节内侧髌股韧带重建术","手术"
nhsa_jbzd_81_9600x023,"81.9600x023",True,"膝关节内侧髌股韧带重建术","手术"
nhsa_jbzd_81_9600x024,"81.9600x024",True,"膝关节镜下膝后十字韧带再附着术","手术"
nhsa_jbzd_81_9600x025,"81.9600x025",True,"膝后十字韧带再附着术","手术"
nhsa_jbzd_81_9600x026,"81.9600x026",True,"膝关节镜下髌骨内侧支持带紧缩缝合术","手术"
nhsa_jbzd_81_9600x027,"81.9600x027",True,"髌骨内侧支持带紧缩缝合术","手术"
nhsa_jbzd_81_9600x028,"81.9600x028",True,"膝关节镜下髌韧带移位术","手术"
nhsa_jbzd_81_9600x029,"81.9600x029",True,"髌韧带移位术","手术"
nhsa_jbzd_81_9600x030,"81.9600x030",True,"膝关节镜下髌骨外侧支持带松解术","手术"
nhsa_jbzd_81_9600x031,"81.9600x031",True,"髌骨外侧支持带松解术","手术"
nhsa_jbzd_81_9600x032,"81.9600x032",True,"膝关节镜下髌韧带重建术","手术"
nhsa_jbzd_81_9700,"81.9700",True,"上肢关节置换修正术","手术"
nhsa_jbzd_81_9700x002,"81.9700x002",True,"肘关节翻修术","手术"
nhsa_jbzd_81_9701,"81.9701",True,"肩关节置换修复术","手术"
nhsa_jbzd_81_9702,"81.9702",True,"肘关节置换修复术","手术"
nhsa_jbzd_81_9703,"81.9703",True,"腕关节置换修复术","手术"
nhsa_jbzd_81_9704,"81.9704",True,"指关节置换修复术","手术"
nhsa_jbzd_81_9800,"81.9800",True,"关节结构的其他诊断性操作","手术"
nhsa_jbzd_81_9900,"81.9900",True,"关节结构的其他手术","手术"
nhsa_jbzd_82_0100,"82.0100",True,"手腱鞘探查术","手术"
nhsa_jbzd_82_0101,"82.0101",True,"手部腱鞘松解术","手术"
nhsa_jbzd_82_0102,"82.0102",True,"手腱鞘切开探查术","手术"
nhsa_jbzd_82_0103,"82.0103",True,"手部肌腱切开异物去除术","手术"
nhsa_jbzd_82_0200,"82.0200",True,"手肌切开术","手术"
nhsa_jbzd_82_0200x001,"82.0200x001",True,"手部肌肉切开减压术","手术"
nhsa_jbzd_82_0201,"82.0201",True,"手部肌肉异物去除术","手术"
nhsa_jbzd_82_0300,"82.0300",True,"手黏液囊切开术","手术"
nhsa_jbzd_82_0400,"82.0400",True,"掌间隙或鱼际间隙切开引流术","手术"
nhsa_jbzd_82_0401,"82.0401",True,"掌间隙切开引流术","手术"
nhsa_jbzd_82_0402,"82.0402",True,"鱼际间隙切开引流术","手术"
nhsa_jbzd_82_0900,"82.0900",True,"手软组织的其他切开术","手术"
nhsa_jbzd_82_0901,"82.0901",True,"手部软组织切开术","手术"
nhsa_jbzd_82_0902,"82.0902",True,"手部软组织切开异物去除术","手术"
nhsa_jbzd_82_1100,"82.1100",True,"手肌腱切开术","手术"
nhsa_jbzd_82_1100x002,"82.1100x002",True,"侧腱束切断术","手术"
nhsa_jbzd_82_1101,"82.1101",True,"手部肌腱切断术","手术"
nhsa_jbzd_82_1200,"82.1200",True,"手筋膜切开术","手术"
nhsa_jbzd_82_1200x002,"82.1200x002",True,"掌筋膜切断术","手术"
nhsa_jbzd_82_1201,"82.1201",True,"手部筋膜切断术","手术"
nhsa_jbzd_82_1202,"82.1202",True,"手部筋膜粘连松解术","手术"
nhsa_jbzd_82_1900,"82.1900",True,"手软组织的其他切断","手术"
nhsa_jbzd_82_1900x002,"82.1900x002",True,"手部肌肉松解术","手术"
nhsa_jbzd_82_1901,"82.1901",True,"手部肌肉切断术","手术"
nhsa_jbzd_82_2100,"82.2100",True,"手腱鞘病损切除术","手术"
nhsa_jbzd_82_2101,"82.2101",True,"手部腱鞘囊肿切除术","手术"
nhsa_jbzd_82_2200,"82.2200",True,"手肌肉病损切除术","手术"
nhsa_jbzd_82_2900,"82.2900",True,"手软组织的其他病损切除术","手术"
nhsa_jbzd_82_2900x001,"82.2900x001",True,"手部软组织病损切除术","手术"
nhsa_jbzd_82_3100,"82.3100",True,"手黏液囊切除术","手术"
nhsa_jbzd_82_3200,"82.3200",True,"手肌腱切除术用做移植物","手术"
nhsa_jbzd_82_3200x001,"82.3200x001",True,"手肌腱切取术","手术"
nhsa_jbzd_82_3300,"82.3300",True,"手的其他肌腱切除术","手术"
nhsa_jbzd_82_3301,"82.3301",True,"手部腱鞘切除术","手术"
nhsa_jbzd_82_3400,"82.3400",True,"手肌或筋膜切除术用做移植物","手术"
nhsa_jbzd_82_3400x001,"82.3400x001",True,"手肌肉切取术","手术"
nhsa_jbzd_82_3400x002,"82.3400x002",True,"手筋膜切除用于移植","手术"
nhsa_jbzd_82_3500,"82.3500",True,"手的其他筋膜切除术","手术"
nhsa_jbzd_82_3500x001,"82.3500x001",True,"掌腱膜部分切除术","手术"
nhsa_jbzd_82_3500x002,"82.3500x002",True,"掌腱膜切除术","手术"
nhsa_jbzd_82_3501,"82.3501",True,"掌腱膜挛缩松解术","手术"
nhsa_jbzd_82_3600,"82.3600",True,"手的其他肌肉切除术","手术"
nhsa_jbzd_82_3600x001,"82.3600x001",True,"手部肌肉切除术","手术"
nhsa_jbzd_82_3601,"82.3601",True,"手部肌肉清创术","手术"
nhsa_jbzd_82_3900,"82.3900",True,"手软组织的其他切除术","手术"
nhsa_jbzd_82_3900x001,"82.3900x001",True,"手部软组织切除术","手术"
nhsa_jbzd_82_4100,"82.4100",True,"手腱鞘缝合术","手术"
nhsa_jbzd_82_4200,"82.4200",True,"手屈肌腱延迟性缝合术","手术"
nhsa_jbzd_82_4300,"82.4300",True,"手的其他肌腱延迟性缝合术","手术"
nhsa_jbzd_82_4300x001,"82.4300x001",True,"手部肌腱延迟性缝合术","手术"
nhsa_jbzd_82_4301,"82.4301",True,"手部伸肌腱延迟性缝合术","手术"
nhsa_jbzd_82_4400,"82.4400",True,"手部屈肌腱的其他缝合术","手术"
nhsa_jbzd_82_4400x001,"82.4400x001",True,"屈腕肌腱缝合术","手术"
nhsa_jbzd_82_4400x002,"82.4400x002",True,"屈指肌腱缝合术","手术"
nhsa_jbzd_82_4500,"82.4500",True,"手的其他肌腱其他缝合术","手术"
nhsa_jbzd_82_4500x001,"82.4500x001",True,"拇长伸肌腱缝合术","手术"
nhsa_jbzd_82_4500x009,"82.4500x009",True,"伸指总肌腱缝合术","手术"
nhsa_jbzd_82_4500x010,"82.4500x010",True,"伸指肌腱侧束缝合术","手术"
nhsa_jbzd_82_4500x011,"82.4500x011",True,"伸指肌腱中央束缝合术","手术"
nhsa_jbzd_82_4500x012,"82.4500x012",True,"伸腕肌腱缝合术","手术"
nhsa_jbzd_82_4500x013,"82.4500x013",True,"伸指肌腱缝合术","手术"
nhsa_jbzd_82_4501,"82.4501",True,"手部伸肌腱缝合术","手术"
nhsa_jbzd_82_4600,"82.4600",True,"手部肌肉或筋膜缝合术","手术"
nhsa_jbzd_82_4601,"82.4601",True,"手部筋膜缝合术","手术"
nhsa_jbzd_82_4602,"82.4602",True,"手部肌肉缝合术","手术"
nhsa_jbzd_82_5100,"82.5100",True,"手肌腱前徙术","手术"
nhsa_jbzd_82_5200,"82.5200",True,"手肌腱后徙术","手术"
nhsa_jbzd_82_5300,"82.5300",True,"手肌腱再附着","手术"
nhsa_jbzd_82_5301,"82.5301",True,"手部肌腱止点重建术","手术"
nhsa_jbzd_82_5400,"82.5400",True,"手肌肉再附着","手术"
nhsa_jbzd_82_5401,"82.5401",True,"手部肌肉止点重建术","手术"
nhsa_jbzd_82_5500,"82.5500",True,"手肌或腱长度的其他改变","手术"
nhsa_jbzd_82_5501,"82.5501",True,"手部肌腱延长术","手术"
nhsa_jbzd_82_5502,"82.5502",True,"手部肌腱缩短术","手术"
nhsa_jbzd_82_5600,"82.5600",True,"其他手肌腱转移或移植术","手术"
nhsa_jbzd_82_5600x002,"82.5600x002",True,"手部自体肌腱移植术","手术"
nhsa_jbzd_82_5600x003,"82.5600x003",True,"手部异体肌腱移植术","手术"
nhsa_jbzd_82_5600x004,"82.5600x004",True,"手部带腱帽异体肌腱移植术","手术"
nhsa_jbzd_82_5600x005,"82.5600x005",True,"手部带鞘管异体肌腱移植术","手术"
nhsa_jbzd_82_5601,"82.5601",True,"手部肌腱移植术","手术"
nhsa_jbzd_82_5602,"82.5602",True,"对掌肌成形术","手术"
nhsa_jbzd_82_5700,"82.5700",True,"其他手肌腱移位术","手术"
nhsa_jbzd_82_5700x001,"82.5700x001",True,"手部肌腱移位术","手术"
nhsa_jbzd_82_5800,"82.5800",True,"其他手肌转移或移植术","手术"
nhsa_jbzd_82_5801,"82.5801",True,"手部肌肉移植术","手术"
nhsa_jbzd_82_5900,"82.5900",True,"其他手肌移位术","手术"
nhsa_jbzd_82_5900x001,"82.5900x001",True,"手部肌肉移位术","手术"
nhsa_jbzd_82_6100,"82.6100",True,"保留神经和血供应的拇指整复术","手术"
nhsa_jbzd_82_6100x002,"82.6100x002",True,"拇指整复术","手术"
nhsa_jbzd_82_6101,"82.6101",True,"足趾转位代拇指术","手术"
nhsa_jbzd_82_6102,"82.6102",True,"手指转位代拇指术","手术"
nhsa_jbzd_82_6900,"82.6900",True,"拇指的其他重建术","手术"
nhsa_jbzd_82_6900x002,"82.6900x002",True,"拇指重建术","手术"
nhsa_jbzd_82_6901,"82.6901",True,"拇指残端拇化术","手术"
nhsa_jbzd_82_7100,"82.7100",True,"手肌腱滑车重建术","手术"
nhsa_jbzd_82_7100x001,"82.7100x001",True,"拇外展功能重建术","手术"
nhsa_jbzd_82_7100x002,"82.7100x002",True,"指浅屈肌替代法屈肌腱滑车重建术","手术"
nhsa_jbzd_82_7100x003,"82.7100x003",True,"游离腱片法屈肌腱滑车重建术","手术"
nhsa_jbzd_82_7100x004,"82.7100x004",True,"腱环法屈肌腱滑车重建术","手术"
nhsa_jbzd_82_7101,"82.7101",True,"拇对掌肌功能重建术","手术"
nhsa_jbzd_82_7200,"82.7200",True,"手肌肉或筋膜移植物的整形术","手术"
nhsa_jbzd_82_7201,"82.7201",True,"手肌肉移植物的整形术","手术"
nhsa_jbzd_82_7202,"82.7202",True,"手筋膜移植物整形术","手术"
nhsa_jbzd_82_7900,"82.7900",True,"手的其他移植物或置入物的整形术","手术"
nhsa_jbzd_82_7900x001,"82.7900x001",True,"手肌腱移植的整形术","手术"
nhsa_jbzd_82_7901,"82.7901",True,"手肌腱硅条成形术","手术"
nhsa_jbzd_82_8100,"82.8100",True,"手指转移术，除外拇指","手术"
nhsa_jbzd_82_8100x001,"82.8100x001",True,"手指移位术","手术"
nhsa_jbzd_82_8101,"82.8101",True,"手指代手指再造术","手术"
nhsa_jbzd_82_8102,"82.8102",True,"足趾代手指再造术","手术"
nhsa_jbzd_82_8200,"82.8200",True,"裂手畸形修补术","手术"
nhsa_jbzd_82_8201,"82.8201",True,"裂指畸形修补术","手术"
nhsa_jbzd_82_8300,"82.8300",True,"巨指畸形修补术","手术"
nhsa_jbzd_82_8300x001,"82.8300x001",True,"巨指矫正术","手术"
nhsa_jbzd_82_8400,"82.8400",True,"槌状指修补术","手术"
nhsa_jbzd_82_8400x001,"82.8400x001",True,"槌状指矫正术","手术"
nhsa_jbzd_82_8500,"82.8500",True,"手其他肌腱固定术","手术"
nhsa_jbzd_82_8500x001,"82.8500x001",True,"手部肌腱固定术","手术"
nhsa_jbzd_82_8500x002,"82.8500x002",True,"屈指浅肌腱近指间关节固定术","手术"
nhsa_jbzd_82_8600,"82.8600",True,"手其他肌腱成形术","手术"
nhsa_jbzd_82_8600x001,"82.8600x001",True,"手部肌腱成形术","手术"
nhsa_jbzd_82_8600x006,"82.8600x006",True,"手指肌腱成形术","手术"
nhsa_jbzd_82_8600x010,"82.8600x010",True,"指深-浅屈肌腱交叉延长术","手术"
nhsa_jbzd_82_8600x011,"82.8600x011",True,"伸指肌腱中央束重建术[Matev法]","手术"
nhsa_jbzd_82_8600x012,"82.8600x012",True,"伸指肌腱中央束重建术[Carroll法]","手术"
nhsa_jbzd_82_8600x013,"82.8600x013",True,"伸指肌腱中央束重建术[Fowler法]","手术"
nhsa_jbzd_82_8900,"82.8900",True,"手其他整形术","手术"
nhsa_jbzd_82_8900x002,"82.8900x002",True,"镜影手畸形矫正术","手术"
nhsa_jbzd_82_8900x003,"82.8900x003",True,"缩窄环畸形矫正术","手术"
nhsa_jbzd_82_8901,"82.8901",True,"手筋膜疝修补术","手术"
nhsa_jbzd_82_8902,"82.8902",True,"手筋膜折叠术","手术"
nhsa_jbzd_82_9100,"82.9100",True,"手粘连松解","手术"
nhsa_jbzd_82_9100x004,"82.9100x004",True,"手指肌腱松解术","手术"
nhsa_jbzd_82_9101,"82.9101",True,"手部筋膜松解术","手术"
nhsa_jbzd_82_9102,"82.9102",True,"手部肌肉粘连松解术","手术"
nhsa_jbzd_82_9103,"82.9103",True,"手部肌腱粘连松解术","手术"
nhsa_jbzd_82_9200,"82.9200",True,"手黏液囊抽吸术","治疗性操作"
nhsa_jbzd_82_9300,"82.9300",True,"手其他软组织抽吸术","治疗性操作"
nhsa_jbzd_82_9300x001,"82.9300x001",True,"手软组织抽吸术","手术"
nhsa_jbzd_82_9400,"82.9400",True,"手黏液囊治疗性药物注入","治疗性操作"
nhsa_jbzd_82_9500,"82.9500",True,"手肌腱治疗性药物注入","治疗性操作"
nhsa_jbzd_82_9501,"82.9501",True,"手部腱鞘封闭术","治疗性操作"
nhsa_jbzd_82_9600,"82.9600",True,"手软组织局部作用治疗性物质的其他注入","治疗性操作"
nhsa_jbzd_82_9600x001,"82.9600x001",True,"手软组织局部作用治疗性物质注射","手术"
nhsa_jbzd_82_9900,"82.9900",True,"手肌、腱和筋膜的其他手术","手术"
nhsa_jbzd_83_0100,"83.0100",True,"腱鞘探查术","手术"
nhsa_jbzd_83_0100x001,"83.0100x001",True,"肌腱探查术","手术"
nhsa_jbzd_83_0101,"83.0101",True,"腱鞘切开术","手术"
nhsa_jbzd_83_0102,"83.0102",True,"腱鞘松解术","手术"
nhsa_jbzd_83_0103,"83.0103",True,"腱鞘米粒样小体去除术","手术"
nhsa_jbzd_83_0200,"83.0200",True,"肌切开术","手术"
nhsa_jbzd_83_0200x005,"83.0200x005",True,"前臂切开减压术","手术"
nhsa_jbzd_83_0200x006,"83.0200x006",True,"小腿减张术","手术"
nhsa_jbzd_83_0201,"83.0201",True,"肌肉筋膜切开减压术","手术"
nhsa_jbzd_83_0202,"83.0202",True,"肌肉切开探查术","手术"
nhsa_jbzd_83_0203,"83.0203",True,"肌肉切开异物取出术","手术"
nhsa_jbzd_83_0204,"83.0204",True,"肌肉切开引流术","手术"
nhsa_jbzd_83_0205,"83.0205",True,"臀中肌综合症减压术","手术"
nhsa_jbzd_83_0300,"83.0300",True,"黏液囊切开术","手术"
nhsa_jbzd_83_0301,"83.0301",True,"去除黏液囊钙质沉积物","手术"
nhsa_jbzd_83_0900,"83.0900",True,"软组织的其他切开术","手术"
nhsa_jbzd_83_0900x003,"83.0900x003",True,"筋膜间隙切开减压术","手术"
nhsa_jbzd_83_0901,"83.0901",True,"筋膜切开术","手术"
nhsa_jbzd_83_0902,"83.0902",True,"软组织探查术","手术"
nhsa_jbzd_83_0903,"83.0903",True,"软组织切开异物取出术","手术"
nhsa_jbzd_83_0904,"83.0904",True,"软组织切开引流术","手术"
nhsa_jbzd_83_1100,"83.1100",True,"跟腱切断术","手术"
nhsa_jbzd_83_1101,"83.1101",True,"跟腱挛缩松解术","手术"
nhsa_jbzd_83_1200,"83.1200",True,"髋部内收肌腱切断术","手术"
nhsa_jbzd_83_1201,"83.1201",True,"股内收肌松解术","手术"
nhsa_jbzd_83_1202,"83.1202",True,"臀大肌切断术","手术"
nhsa_jbzd_83_1300,"83.1300",True,"其他腱切断术","手术"
nhsa_jbzd_83_1300x001,"83.1300x001",True,"腓肠肌腱膜松解术","手术"
nhsa_jbzd_83_1300x004,"83.1300x004",True,"前臂肌腱松解术","手术"
nhsa_jbzd_83_1300x006,"83.1300x006",True,"下肢肌腱松解术","手术"
nhsa_jbzd_83_1300x007,"83.1300x007",True,"肌腱松解术","手术"
nhsa_jbzd_83_1300x008,"83.1300x008",True,"跖腱膜切断术","手术"
nhsa_jbzd_83_1301,"83.1301",True,"足部肌腱松解术","手术"
nhsa_jbzd_83_1302,"83.1302",True,"髂腰肌腱切断术","手术"
nhsa_jbzd_83_1303,"83.1303",True,"腕部屈肌腱松解术","手术"
nhsa_jbzd_83_1400,"83.1400",True,"筋膜切断术","手术"
nhsa_jbzd_83_1400x006,"83.1400x006",True,"跖筋膜切断术","手术"
nhsa_jbzd_83_1400x007,"83.1400x007",True,"福耳克曼挛缩松解伴筋膜切断术","手术"
nhsa_jbzd_83_1400x008,"83.1400x008",True,"趾筋膜切断术","手术"
nhsa_jbzd_83_1401,"83.1401",True,"筋膜剥脱术","手术"
nhsa_jbzd_83_1402,"83.1402",True,"足筋膜切断术","手术"
nhsa_jbzd_83_1403,"83.1403",True,"臀筋膜切断术","手术"
nhsa_jbzd_83_1404,"83.1404",True,"腿筋膜松解术","手术"
nhsa_jbzd_83_1405,"83.1405",True,"髂胫束切断术","手术"
nhsa_jbzd_83_1900,"83.1900",True,"其他软组织的切断术","手术"
nhsa_jbzd_83_1900x001,"83.1900x001",True,"股内收肌切断术","手术"
nhsa_jbzd_83_1900x003,"83.1900x003",True,"腘绳肌切断术","手术"
nhsa_jbzd_83_1900x005,"83.1900x005",True,"环咽肌切断术","手术"
nhsa_jbzd_83_1900x008,"83.1900x008",True,"肩胛提肌切断术","手术"
nhsa_jbzd_83_1900x009,"83.1900x009",True,"单侧内收肌和髂腰肌切断术","手术"
nhsa_jbzd_83_1900x010,"83.1900x010",True,"内收肌切断术","手术"
nhsa_jbzd_83_1900x012,"83.1900x012",True,"髂腰肌切断术","手术"
nhsa_jbzd_83_1900x013,"83.1900x013",True,"前斜角肌切断术","手术"
nhsa_jbzd_83_1900x017,"83.1900x017",True,"臀肌切断术","手术"
nhsa_jbzd_83_1900x018,"83.1900x018",True,"斜颈腱性条索切断术","手术"
nhsa_jbzd_83_1900x019,"83.1900x019",True,"胸腔镜下胸锁乳突肌切断术","手术"
nhsa_jbzd_83_1900x020,"83.1900x020",True,"胸锁乳突肌部分切断术","手术"
nhsa_jbzd_83_1900x023,"83.1900x023",True,"髋关节镜下髂腰肌松解术","手术"
nhsa_jbzd_83_1900x024,"83.1900x024",True,"中、前斜角肌切断术","手术"
nhsa_jbzd_83_1900x025,"83.1900x025",True,"腓肠肌切断术","手术"
nhsa_jbzd_83_1900x026,"83.1900x026",True,"缝匠肌切断术","手术"
nhsa_jbzd_83_1900x027,"83.1900x027",True,"股四头肌切断术","手术"
nhsa_jbzd_83_1900x028,"83.1900x028",True,"股直肌切断术","手术"
nhsa_jbzd_83_1900x030,"83.1900x030",True,"阔筋膜张肌切断术","手术"
nhsa_jbzd_83_1900x031,"83.1900x031",True,"胸小肌切断术","手术"
nhsa_jbzd_83_1901,"83.1901",True,"肌肉松解术","手术"
nhsa_jbzd_83_1902,"83.1902",True,"肌肉切断术","手术"
nhsa_jbzd_83_1903,"83.1903",True,"胸锁乳突肌切断术","手术"
nhsa_jbzd_83_1904,"83.1904",True,"胸腔出口综合症减压术","手术"
nhsa_jbzd_83_2100,"83.2100",True,"软组织活组织检查","手术"
nhsa_jbzd_83_2900,"83.2900",True,"肌、腱、筋膜和黏液囊的其他诊断性操作，包括手的","手术"
nhsa_jbzd_83_2900x001,"83.2900x001",True,"肌腱、血管、神经探查术","手术"
nhsa_jbzd_83_2900x002,"83.2900x002",True,"手肌腱、血管、神经探查术","手术"
nhsa_jbzd_83_2900x003,"83.2900x003",True,"足血管、神经、肌腱探查术","手术"
nhsa_jbzd_83_3100,"83.3100",True,"腱鞘病损切除术","手术"
nhsa_jbzd_83_3100x001,"83.3100x001",True,"跟腱病损切除术","手术"
nhsa_jbzd_83_3100x008,"83.3100x008",True,"踝关节镜下跟腱病损切除术","手术"
nhsa_jbzd_83_3101,"83.3101",True,"腱鞘囊肿切除术","手术"
nhsa_jbzd_83_3200,"83.3200",True,"肌肉病损切除术","手术"
nhsa_jbzd_83_3200x001,"83.3200x001",True,"背部肌肉病损切除术","手术"
nhsa_jbzd_83_3200x007,"83.3200x007",True,"躯干肌肉病损切除术","手术"
nhsa_jbzd_83_3200x009,"83.3200x009",True,"上肢肌肉病损切除术","手术"
nhsa_jbzd_83_3200x012,"83.3200x012",True,"下肢肌肉病损切除术","手术"
nhsa_jbzd_83_3201,"83.3201",True,"骨化性肌炎切除术","手术"
nhsa_jbzd_83_3900,"83.3900",True,"其他软组织病损的切除术","手术"
nhsa_jbzd_83_3900x001,"83.3900x001",True,"腘窝病损切除术","手术"
nhsa_jbzd_83_3900x016,"83.3900x016",True,"滑囊病损切除术","手术"
nhsa_jbzd_83_3900x017,"83.3900x017",True,"软组织病损切除术","手术"
nhsa_jbzd_83_3900x018,"83.3900x018",True,"软组织病损破坏术","手术"
nhsa_jbzd_83_3901,"83.3901",True,"肌腱病损切除术","手术"
nhsa_jbzd_83_3902,"83.3902",True,"腘窝囊肿切除术","手术"
nhsa_jbzd_83_3903,"83.3903",True,"筋膜病损切除术","手术"
nhsa_jbzd_83_3904,"83.3904",True,"颈部软组织病损切除术","手术"
nhsa_jbzd_83_4100,"83.4100",True,"肌腱切除术用作移植物","手术"
nhsa_jbzd_83_4100x001,"83.4100x001",True,"肌腱切取术","手术"
nhsa_jbzd_83_4200,"83.4200",True,"其他腱切除术","手术"
nhsa_jbzd_83_4200x002,"83.4200x002",True,"腱膜切除术","手术"
nhsa_jbzd_83_4201,"83.4201",True,"肌腱切除术","手术"
nhsa_jbzd_83_4202,"83.4202",True,"腱鞘切除术","手术"
nhsa_jbzd_83_4300,"83.4300",True,"肌或筋膜切除术用作移植物","手术"
nhsa_jbzd_83_4300x001,"83.4300x001",True,"肌肉切取术","手术"
nhsa_jbzd_83_4301,"83.4301",True,"肌肉切取用做移植物","手术"
nhsa_jbzd_83_4302,"83.4302",True,"筋膜切取用做移植物","手术"
nhsa_jbzd_83_4400,"83.4400",True,"其他筋膜切除术","手术"
nhsa_jbzd_83_4400x001,"83.4400x001",True,"筋膜切除术","手术"
nhsa_jbzd_83_4400x002,"83.4400x002",True,"阔筋膜部分切除术","手术"
nhsa_jbzd_83_4400x003,"83.4400x003",True,"足筋膜切除术","手术"
nhsa_jbzd_83_4500,"83.4500",True,"其他肌肉切除术","手术"
nhsa_jbzd_83_4500x001,"83.4500x001",True,"肌肉切除术","手术"
nhsa_jbzd_83_4500x003,"83.4500x003",True,"肩胛舌骨肌部分切除术","手术"
nhsa_jbzd_83_4500x004,"83.4500x004",True,"颈伸肌部分切除术","手术"
nhsa_jbzd_83_4500x005,"83.4500x005",True,"前斜角肌切除术","手术"
nhsa_jbzd_83_4500x006,"83.4500x006",True,"咬肌部分切除术","手术"
nhsa_jbzd_83_4500x007,"83.4500x007",True,"中斜角肌部分切除术","手术"
nhsa_jbzd_83_4500x008,"83.4500x008",True,"耻骨直肠肌部分切除术","手术"
nhsa_jbzd_83_4500x013,"83.4500x013",True,"肌肉部分切除术","手术"
nhsa_jbzd_83_4501,"83.4501",True,"肌肉清创术","手术"
nhsa_jbzd_83_4502,"83.4502",True,"斜角肌切除术","手术"
nhsa_jbzd_83_4900,"83.4900",True,"软组织的其他切除术","手术"
nhsa_jbzd_83_5x00,"83.5x00",True,"黏液囊切除术","手术"
nhsa_jbzd_83_6100,"83.6100",True,"腱鞘缝合术","手术"
nhsa_jbzd_83_6200,"83.6200",True,"腱延迟性缝合术","手术"
nhsa_jbzd_83_6201,"83.6201",True,"肌腱延迟缝合术","手术"
nhsa_jbzd_83_6300,"83.6300",True,"回旋肌环带修补术","手术"
nhsa_jbzd_83_6301,"83.6301",True,"冈上肌修补术","手术"
nhsa_jbzd_83_6400,"83.6400",True,"腱的其他缝合术","手术"
nhsa_jbzd_83_6400x007,"83.6400x007",True,"前臂肌腱缝合术","手术"
nhsa_jbzd_83_6400x008,"83.6400x008",True,"上肢肌腱缝合术","手术"
nhsa_jbzd_83_6400x009,"83.6400x009",True,"腕部肌腱缝合术","手术"
nhsa_jbzd_83_6400x011,"83.6400x011",True,"下肢肌腱缝合术","手术"
nhsa_jbzd_83_6400x013,"83.6400x013",True,"趾肌腱缝合术","手术"
nhsa_jbzd_83_6400x015,"83.6400x015",True,"(足母)长伸肌腱缝合术","手术"
nhsa_jbzd_83_6401,"83.6401",True,"肌腱缝合术","手术"
nhsa_jbzd_83_6402,"83.6402",True,"跟腱缝合术","手术"
nhsa_jbzd_83_6403,"83.6403",True,"腱膜缝合术","手术"
nhsa_jbzd_83_6500,"83.6500",True,"肌肉或筋膜的其他缝合术","手术"
nhsa_jbzd_83_6500x001,"83.6500x001",True,"腹直肌缝合术","手术"
nhsa_jbzd_83_6500x002,"83.6500x002",True,"肱二头肌缝合术","手术"
nhsa_jbzd_83_6500x003,"83.6500x003",True,"肱三头肌缝合术","手术"
nhsa_jbzd_83_6500x005,"83.6500x005",True,"股二头肌缝合术","手术"
nhsa_jbzd_83_6500x006,"83.6500x006",True,"股四头肌缝合术","手术"
nhsa_jbzd_83_6500x011,"83.6500x011",True,"胫前肌缝合术","手术"
nhsa_jbzd_83_6500x012,"83.6500x012",True,"前臂肌缝合术","手术"
nhsa_jbzd_83_6500x013,"83.6500x013",True,"三角肌缝合术","手术"
nhsa_jbzd_83_6500x014,"83.6500x014",True,"提肛肌缝合术","手术"
nhsa_jbzd_83_6500x015,"83.6500x015",True,"臀部肌缝合术","手术"
nhsa_jbzd_83_6500x016,"83.6500x016",True,"下肢肌肉缝合术","手术"
nhsa_jbzd_83_6500x017,"83.6500x017",True,"胸锁乳突肌缝合术","手术"
nhsa_jbzd_83_6500x018,"83.6500x018",True,"上肢肌肉缝合术","手术"
nhsa_jbzd_83_6500x019,"83.6500x019",True,"头面部肌肉缝合术","手术"
nhsa_jbzd_83_6500x020,"83.6500x020",True,"颈部肌肉缝合术","手术"
nhsa_jbzd_83_6500x021,"83.6500x021",True,"躯干部肌肉缝合术","手术"
nhsa_jbzd_83_6501,"83.6501",True,"肌肉缝合术","手术"
nhsa_jbzd_83_6502,"83.6502",True,"筋膜缝合术","手术"
nhsa_jbzd_83_6503,"83.6503",True,"腹直肌分离修补术","手术"
nhsa_jbzd_83_7100,"83.7100",True,"腱前徙术","手术"
nhsa_jbzd_83_7200,"83.7200",True,"腱后徙术","手术"
nhsa_jbzd_83_7300,"83.7300",True,"腱再附着","手术"
nhsa_jbzd_83_7300x002,"83.7300x002",True,"肌腱再接术","手术"
nhsa_jbzd_83_7400,"83.7400",True,"肌再附着","手术"
nhsa_jbzd_83_7400x001,"83.7400x001",True,"肌肉再接术","手术"
nhsa_jbzd_83_7500,"83.7500",True,"腱转移或移植术","手术"
nhsa_jbzd_83_7500x003,"83.7500x003",True,"前臂肌腱移位术","手术"
nhsa_jbzd_83_7500x004,"83.7500x004",True,"跟腱异体肌腱移植修补术","手术"
nhsa_jbzd_83_7500x005,"83.7500x005",True,"跟腱带蒂腱膜转移修补术","手术"
nhsa_jbzd_83_7501,"83.7501",True,"肌腱转移术","手术"
nhsa_jbzd_83_7600,"83.7600",True,"其他肌腱移位术","手术"
nhsa_jbzd_83_7600x002,"83.7600x002",True,"胫前肌腱移位术","手术"
nhsa_jbzd_83_7600x003,"83.7600x003",True,"髂胫束移位术","手术"
nhsa_jbzd_83_7600x005,"83.7600x005",True,"足趾肌腱移位术","手术"
nhsa_jbzd_83_7600x006,"83.7600x006",True,"腓骨短肌腱移位术","手术"
nhsa_jbzd_83_7600x007,"83.7600x007",True,"肱桡肌腱移位术","手术"
nhsa_jbzd_83_7600x008,"83.7600x008",True,"股方肌腱移位术","手术"
nhsa_jbzd_83_7600x009,"83.7600x009",True,"屈腕肌腱移位术","手术"
nhsa_jbzd_83_7600x010,"83.7600x010",True,"屈指肌腱移位术","手术"
nhsa_jbzd_83_7600x011,"83.7600x011",True,"伸腕肌腱移位术","手术"
nhsa_jbzd_83_7600x012,"83.7600x012",True,"旋前圆肌腱移位术","手术"
nhsa_jbzd_83_7600x013,"83.7600x013",True,"掌长肌腱移位术","手术"
nhsa_jbzd_83_7700,"83.7700",True,"肌转移或移植术","手术"
nhsa_jbzd_83_7700x001,"83.7700x001",True,"下肢肌肉移植术","手术"
nhsa_jbzd_83_7700x003,"83.7700x003",True,"胫后肌移植术","手术"
nhsa_jbzd_83_7700x004,"83.7700x004",True,"福耳克曼挛缩松解伴肌游离移植术","手术"
nhsa_jbzd_83_7700x005,"83.7700x005",True,"肩内收功能重建伴肌移位术","手术"
nhsa_jbzd_83_7700x006,"83.7700x006",True,"上肢肌拇内收功能重建伴肌移位术","手术"
nhsa_jbzd_83_7700x007,"83.7700x007",True,"上肢肌拇外展功能重建伴肌移位术","手术"
nhsa_jbzd_83_7700x008,"83.7700x008",True,"上肢肌屈拇功能重建伴肌移位术","手术"
nhsa_jbzd_83_7700x009,"83.7700x009",True,"上肢肌屈拇功能重建伴肌游离移植术","手术"
nhsa_jbzd_83_7700x010,"83.7700x010",True,"上肢肌屈腕功能重建伴肌移位术","手术"
nhsa_jbzd_83_7700x011,"83.7700x011",True,"上肢肌屈腕功能重建伴肌游离移植术","手术"
nhsa_jbzd_83_7700x012,"83.7700x012",True,"上肢肌屈指功能重建伴肌移位术","手术"
nhsa_jbzd_83_7700x013,"83.7700x013",True,"上肢肌屈指功能重建伴肌游离移植术","手术"
nhsa_jbzd_83_7700x014,"83.7700x014",True,"上肢肌屈肘功能重建伴肌移位术","手术"
nhsa_jbzd_83_7700x015,"83.7700x015",True,"上肢肌屈肘功能重建伴肌游离移植术","手术"
nhsa_jbzd_83_7700x016,"83.7700x016",True,"上肢肌伸拇功能重建伴肌移位术","手术"
nhsa_jbzd_83_7700x017,"83.7700x017",True,"上肢肌伸拇功能重建伴肌游离移植术","手术"
nhsa_jbzd_83_7700x018,"83.7700x018",True,"上肢肌伸腕功能重建伴肌移位术","手术"
nhsa_jbzd_83_7700x019,"83.7700x019",True,"上肢肌伸腕功能重建伴肌游离移植术","手术"
nhsa_jbzd_83_7700x020,"83.7700x020",True,"上肢肌伸指功能重建伴肌移位术","手术"
nhsa_jbzd_83_7700x021,"83.7700x021",True,"上肢肌伸指功能重建伴肌游离移植术","手术"
nhsa_jbzd_83_7700x022,"83.7700x022",True,"上肢肌伸肘功能重建伴肌移位术","手术"
nhsa_jbzd_83_7700x023,"83.7700x023",True,"上肢肌伸肘功能重建伴肌游离移植术","手术"
nhsa_jbzd_83_7700x024,"83.7700x024",True,"上肢肌旋后功能重建伴肌移位术","手术"
nhsa_jbzd_83_7700x025,"83.7700x025",True,"上肢肌旋前功能重建伴肌移位术","手术"
nhsa_jbzd_83_7700x026,"83.7700x026",True,"下肢肌屈踝功能重建伴肌移位术","手术"
nhsa_jbzd_83_7700x027,"83.7700x027",True,"下肢肌屈踇功能重建伴肌移位术","手术"
nhsa_jbzd_83_7700x028,"83.7700x028",True,"下肢肌屈膝功能重建伴肌移位术","手术"
nhsa_jbzd_83_7700x029,"83.7700x029",True,"下肢肌屈趾功能重建伴肌移位术","手术"
nhsa_jbzd_83_7700x030,"83.7700x030",True,"下肢肌伸踝功能重建伴肌移位术","手术"
nhsa_jbzd_83_7700x031,"83.7700x031",True,"下肢肌伸踇功能重建伴肌移位术","手术"
nhsa_jbzd_83_7700x032,"83.7700x032",True,"下肢肌伸膝功能重建伴肌移位术","手术"
nhsa_jbzd_83_7700x033,"83.7700x033",True,"下肢肌伸趾功能重建伴肌移位术","手术"
nhsa_jbzd_83_7701,"83.7701",True,"肌肉转移术","手术"
nhsa_jbzd_83_7702,"83.7702",True,"肌皮瓣转移术","手术"
nhsa_jbzd_83_7900,"83.7900",True,"其他肌移位术","手术"
nhsa_jbzd_83_7900x001,"83.7900x001",True,"肌肉移位术","手术"
nhsa_jbzd_83_7900x002,"83.7900x002",True,"胫后肌前移术","手术"
nhsa_jbzd_83_7900x003,"83.7900x003",True,"胫前肌外移术","手术"
nhsa_jbzd_83_7900x004,"83.7900x004",True,"斜方肌代三角肌术","手术"
nhsa_jbzd_83_7900x005,"83.7900x005",True,"背阔肌移位术","手术"
nhsa_jbzd_83_7900x006,"83.7900x006",True,"比目鱼肌移位术","手术"
nhsa_jbzd_83_7900x007,"83.7900x007",True,"大腿肌移位术","手术"
nhsa_jbzd_83_7900x008,"83.7900x008",True,"大圆肌移位术","手术"
nhsa_jbzd_83_7900x009,"83.7900x009",True,"腓肠肌移位术","手术"
nhsa_jbzd_83_7900x010,"83.7900x010",True,"腹部肌移位术","手术"
nhsa_jbzd_83_7900x011,"83.7900x011",True,"三角肌移位术","手术"
nhsa_jbzd_83_7900x012,"83.7900x012",True,"臀大肌移位术","手术"
nhsa_jbzd_83_7900x013,"83.7900x013",True,"胸大肌移位术","手术"
nhsa_jbzd_83_8100,"83.8100",True,"肌腱移植","手术"
nhsa_jbzd_83_8100x003,"83.8100x003",True,"人工肌腱移植术","手术"
nhsa_jbzd_83_8101,"83.8101",True,"异体肌腱移植术","手术"
nhsa_jbzd_83_8200,"83.8200",True,"肌或筋膜移植","手术"
nhsa_jbzd_83_8200x001,"83.8200x001",True,"背阔肌移植术","手术"
nhsa_jbzd_83_8200x005,"83.8200x005",True,"颞筋膜移植术","手术"
nhsa_jbzd_83_8200x007,"83.8200x007",True,"背阔肌游离移植术","手术"
nhsa_jbzd_83_8200x008,"83.8200x008",True,"肌肉游离移植术","手术"
nhsa_jbzd_83_8200x009,"83.8200x009",True,"股薄肌移植术","手术"
nhsa_jbzd_83_8200x010,"83.8200x010",True,"斜方肌移植术","手术"
nhsa_jbzd_83_8200x011,"83.8200x011",True,"胸大肌移植术","手术"
nhsa_jbzd_83_8201,"83.8201",True,"肌肉移植术","手术"
nhsa_jbzd_83_8202,"83.8202",True,"筋膜移植术","手术"
nhsa_jbzd_83_8300,"83.8300",True,"肌腱滑车重建术","手术"
nhsa_jbzd_83_8400,"83.8400",True,"畸形足松解术","手术"
nhsa_jbzd_83_8401,"83.8401",True,"畸形足埃文斯(EVANS)手术","手术"
nhsa_jbzd_83_8500,"83.8500",True,"其他肌或腱长度的改变","手术"
nhsa_jbzd_83_8500x001,"83.8500x001",True,"腓骨长短肌腱延长术","手术"
nhsa_jbzd_83_8500x002,"83.8500x002",True,"跟腱缩短术","手术"
nhsa_jbzd_83_8500x003,"83.8500x003",True,"跟腱延长术","手术"
nhsa_jbzd_83_8500x004,"83.8500x004",True,"肱二头肌腱延长术","手术"
nhsa_jbzd_83_8500x005,"83.8500x005",True,"腘肌延长术","手术"
nhsa_jbzd_83_8500x008,"83.8500x008",True,"伸趾肌腱延长术","手术"
nhsa_jbzd_83_8500x009,"83.8500x009",True,"足屈肌腱延长术","手术"
nhsa_jbzd_83_8500x010,"83.8500x010",True,"足伸肌腱延长术","手术"
nhsa_jbzd_83_8500x011,"83.8500x011",True,"半腱肌延长术","手术"
nhsa_jbzd_83_8500x012,"83.8500x012",True,"背阔肌延长术","手术"
nhsa_jbzd_83_8500x013,"83.8500x013",True,"肱桡肌腱缩短术","手术"
nhsa_jbzd_83_8500x014,"83.8500x014",True,"肱桡肌腱延长术","手术"
nhsa_jbzd_83_8500x015,"83.8500x015",True,"肱三头肌腱缩短术","手术"
nhsa_jbzd_83_8500x016,"83.8500x016",True,"肱三头肌腱延长术","手术"
nhsa_jbzd_83_8500x017,"83.8500x017",True,"股二头肌腱缩短术","手术"
nhsa_jbzd_83_8500x018,"83.8500x018",True,"股二头肌腱延长术","手术"
nhsa_jbzd_83_8500x019,"83.8500x019",True,"股内收肌腱缩短术","手术"
nhsa_jbzd_83_8500x020,"83.8500x020",True,"股内收肌腱延长术","手术"
nhsa_jbzd_83_8500x021,"83.8500x021",True,"股三头肌腱缩短术","手术"
nhsa_jbzd_83_8500x022,"83.8500x022",True,"股三头肌腱延长术","手术"
nhsa_jbzd_83_8500x023,"83.8500x023",True,"股四头肌腱缩短术","手术"
nhsa_jbzd_83_8500x024,"83.8500x024",True,"股四头肌腱延长术","手术"
nhsa_jbzd_83_8500x025,"83.8500x025",True,"股直肌腱缩短术","手术"
nhsa_jbzd_83_8500x026,"83.8500x026",True,"股直肌腱延长术","手术"
nhsa_jbzd_83_8500x027,"83.8500x027",True,"肩胛下肌延长术","手术"
nhsa_jbzd_83_8500x028,"83.8500x028",True,"胫后肌腱缩短术","手术"
nhsa_jbzd_83_8500x029,"83.8500x029",True,"胫后肌腱延长术","手术"
nhsa_jbzd_83_8500x030,"83.8500x030",True,"胫前肌腱缩短术","手术"
nhsa_jbzd_83_8500x031,"83.8500x031",True,"胫前肌腱延长术","手术"
nhsa_jbzd_83_8500x032,"83.8500x032",True,"胫前肌延长术","手术"
nhsa_jbzd_83_8500x033,"83.8500x033",True,"足屈肌腱缩短术","手术"
nhsa_jbzd_83_8500x034,"83.8500x034",True,"足伸肌腱缩短术","手术"
nhsa_jbzd_83_8500x035,"83.8500x035",True,"胸大肌延长术","手术"
nhsa_jbzd_83_8500x036,"83.8500x036",True,"胸大肌缩短术","手术"
nhsa_jbzd_83_8500x037,"83.8500x037",True,"肱二头肌腱缩短术","手术"
nhsa_jbzd_83_8500x038,"83.8500x038",True,"半腱肌缩短术","手术"
nhsa_jbzd_83_8500x039,"83.8500x039",True,"旋前圆肌延长术","手术"
nhsa_jbzd_83_8500x040,"83.8500x040",True,"旋前圆肌缩短术","手术"
nhsa_jbzd_83_8500x041,"83.8500x041",True,"腕伸肌腱延长术","手术"
nhsa_jbzd_83_8500x042,"83.8500x042",True,"腕伸肌腱缩短术","手术"
nhsa_jbzd_83_8500x043,"83.8500x043",True,"腕屈肌腱延长术","手术"
nhsa_jbzd_83_8500x044,"83.8500x044",True,"腕屈肌腱缩短术","手术"
nhsa_jbzd_83_8500x045,"83.8500x045",True,"拇长屈肌腱延长术","手术"
nhsa_jbzd_83_8500x046,"83.8500x046",True,"拇长屈肌腱缩短术","手术"
nhsa_jbzd_83_8500x047,"83.8500x047",True,"拇长伸肌腱延长术","手术"
nhsa_jbzd_83_8500x048,"83.8500x048",True,"拇长伸肌腱缩短术","手术"
nhsa_jbzd_83_8500x049,"83.8500x049",True,"拇长展肌腱延长术","手术"
nhsa_jbzd_83_8500x050,"83.8500x050",True,"拇长展肌腱缩短术","手术"
nhsa_jbzd_83_8500x051,"83.8500x051",True,"指伸肌腱延长术","手术"
nhsa_jbzd_83_8500x052,"83.8500x052",True,"指伸肌腱缩短术","手术"
nhsa_jbzd_83_8500x053,"83.8500x053",True,"指屈肌腱延长术","手术"
nhsa_jbzd_83_8500x054,"83.8500x054",True,"指屈肌腱缩短术","手术"
nhsa_jbzd_83_8500x055,"83.8500x055",True,"腓骨长短肌腱缩短术","手术"
nhsa_jbzd_83_8501,"83.8501",True,"肌腱紧缩术","手术"
nhsa_jbzd_83_8502,"83.8502",True,"肌腱延长术","手术"
nhsa_jbzd_83_8600,"83.8600",True,"股四头肌成形术","手术"
nhsa_jbzd_83_8700,"83.8700",True,"肌其他整形术","手术"
nhsa_jbzd_83_8700x001,"83.8700x001",True,"肌肉成形术","手术"
nhsa_jbzd_83_8700x003,"83.8700x003",True,"肩关节肌肉成形术","手术"
nhsa_jbzd_83_8700x005,"83.8700x005",True,"三角肌重建术","手术"
nhsa_jbzd_83_8700x007,"83.8700x007",True,"下肢肌肉成形术","手术"
nhsa_jbzd_83_8700x009,"83.8700x009",True,"胸大肌成形术","手术"
nhsa_jbzd_83_8701,"83.8701",True,"肌肉修补术","手术"
nhsa_jbzd_83_8800,"83.8800",True,"腱的其他整形术","手术"
nhsa_jbzd_83_8800x001,"83.8800x001",True,"跟腱修补术","手术"
nhsa_jbzd_83_8800x010,"83.8800x010",True,"距腓韧带缝合修补术","手术"
nhsa_jbzd_83_8800x012,"83.8800x012",True,"足肌腱成形术","手术"
nhsa_jbzd_83_8800x014,"83.8800x014",True,"肩关节镜下肱二头肌肌腱长头固定术","手术"
nhsa_jbzd_83_8800x015,"83.8800x015",True,"冈上肌腱修补术","手术"
nhsa_jbzd_83_8800x016,"83.8800x016",True,"胫前肌腱修补术","手术"
nhsa_jbzd_83_8800x017,"83.8800x017",True,"上肢肌腱固定术","手术"
nhsa_jbzd_83_8800x018,"83.8800x018",True,"下肢肌腱固定术","手术"
nhsa_jbzd_83_8801,"83.8801",True,"肌腱固定术","手术"
nhsa_jbzd_83_8802,"83.8802",True,"肌腱成形术","手术"
nhsa_jbzd_83_8803,"83.8803",True,"肌腱修补术","手术"
nhsa_jbzd_83_8900,"83.8900",True,"筋膜的其他整形术","手术"
nhsa_jbzd_83_8900x002,"83.8900x002",True,"筋膜断蒂术","手术"
nhsa_jbzd_83_8901,"83.8901",True,"筋膜成形术","手术"
nhsa_jbzd_83_8902,"83.8902",True,"筋膜延长术","手术"
nhsa_jbzd_83_8903,"83.8903",True,"筋膜疝修补术","手术"
nhsa_jbzd_83_8904,"83.8904",True,"筋膜折叠术","手术"
nhsa_jbzd_83_8905,"83.8905",True,"筋膜固定术","手术"
nhsa_jbzd_83_9100,"83.9100",True,"肌、腱、筋膜和黏液囊粘连的松解术","手术"
nhsa_jbzd_83_9100x001,"83.9100x001",True,"关节镜下臀肌挛缩松解术","手术"
nhsa_jbzd_83_9100x004,"83.9100x004",True,"前臂束带松解术","手术"
nhsa_jbzd_83_9100x005,"83.9100x005",True,"上肢肌腱粘连松解术","手术"
nhsa_jbzd_83_9100x007,"83.9100x007",True,"臀肌粘连松解术","手术"
nhsa_jbzd_83_9100x008,"83.9100x008",True,"下肢肌腱粘连松解术","手术"
nhsa_jbzd_83_9100x009,"83.9100x009",True,"下肢束带松解术","手术"
nhsa_jbzd_83_9101,"83.9101",True,"肌腱粘连松解术","手术"
nhsa_jbzd_83_9102,"83.9102",True,"肌肉粘连松解术","手术"
nhsa_jbzd_83_9103,"83.9103",True,"臀筋膜挛缩松解术","手术"
nhsa_jbzd_83_9104,"83.9104",True,"筋膜松解术","手术"
nhsa_jbzd_83_9105,"83.9105",True,"针刀松解术","手术"
nhsa_jbzd_83_9200,"83.9200",True,"骨骼肌刺激器的置入或置换","手术"
nhsa_jbzd_83_9201,"83.9201",True,"骨骼肌刺激器置入术","手术"
nhsa_jbzd_83_9202,"83.9202",True,"骨骼肌刺激器置换术","手术"
nhsa_jbzd_83_9300,"83.9300",True,"去除骨骼肌刺激器","手术"
nhsa_jbzd_83_9400,"83.9400",True,"黏液囊抽吸术","治疗性操作"
nhsa_jbzd_83_9500,"83.9500",True,"其他软组织抽吸","治疗性操作"
nhsa_jbzd_83_9500x001,"83.9500x001",True,"软组织抽吸","治疗性操作"
nhsa_jbzd_83_9501,"83.9501",True,"超声引导下躯干软组织病损抽吸术","治疗性操作"
nhsa_jbzd_83_9502,"83.9502",True,"超声引导下颈部软组织病损抽吸术","治疗性操作"
nhsa_jbzd_83_9600,"83.9600",True,"黏液囊治疗性药物注入","治疗性操作"
nhsa_jbzd_83_9700,"83.9700",True,"腱治疗性药物注入","治疗性操作"
nhsa_jbzd_83_9800,"83.9800",True,"其他软组织局部作用治疗性药物注入","治疗性操作"
nhsa_jbzd_83_9800x001,"83.9800x001",True,"软组织治疗性药物局部注射","治疗性操作"
nhsa_jbzd_83_9900,"83.9900",True,"肌、腱、筋膜和黏液囊的其他手术","手术"
nhsa_jbzd_83_9900x003,"83.9900x003",True,"肌腱打孔术","手术"
nhsa_jbzd_83_9901,"83.9901",True,"黏液囊缝合术","手术"
nhsa_jbzd_84_0000,"84.0000",True,"上肢截断术","手术"
nhsa_jbzd_84_0100,"84.0100",True,"手指截断术和手指关节离断术","手术"
nhsa_jbzd_84_0100x001,"84.0100x001",True,"多指截指术","手术"
nhsa_jbzd_84_0100x002,"84.0100x002",True,"手指关节离断术","手术"
nhsa_jbzd_84_0100x004,"84.0100x004",True,"手指离断术","手术"
nhsa_jbzd_84_0101,"84.0101",True,"指关节离断术","手术"
nhsa_jbzd_84_0102,"84.0102",True,"手指截断术，拇指除外","手术"
nhsa_jbzd_84_0103,"84.0103",True,"掌指关节离断术","手术"
nhsa_jbzd_84_0200,"84.0200",True,"拇指截断术和拇指关节离断术","手术"
nhsa_jbzd_84_0201,"84.0201",True,"拇指截断术","手术"
nhsa_jbzd_84_0202,"84.0202",True,"拇指关节离断术","手术"
nhsa_jbzd_84_0300,"84.0300",True,"经手截断术","手术"
nhsa_jbzd_84_0301,"84.0301",True,"手截断术","手术"
nhsa_jbzd_84_0302,"84.0302",True,"掌截断术","手术"
nhsa_jbzd_84_0400,"84.0400",True,"腕关节离断术","手术"
nhsa_jbzd_84_0500,"84.0500",True,"经前臂截断术","手术"
nhsa_jbzd_84_0600,"84.0600",True,"肘关节离断术","手术"
nhsa_jbzd_84_0700,"84.0700",True,"经肱骨截断术","手术"
nhsa_jbzd_84_0701,"84.0701",True,"上臂截断术","手术"
nhsa_jbzd_84_0800,"84.0800",True,"肩关节离断术","手术"
nhsa_jbzd_84_0900,"84.0900",True,"胸肩胛骨截断术","手术"
nhsa_jbzd_84_0900x001,"84.0900x001",True,"肩胛带离断术","手术"
nhsa_jbzd_84_1000,"84.1000",True,"下肢截断术","手术"
nhsa_jbzd_84_1100,"84.1100",True,"趾截断术","手术"
nhsa_jbzd_84_1101,"84.1101",True,"趾关节离断术","手术"
nhsa_jbzd_84_1102,"84.1102",True,"多趾截除术","手术"
nhsa_jbzd_84_1103,"84.1103",True,"跖骨头截断术","手术"
nhsa_jbzd_84_1200,"84.1200",True,"经足截断术","手术"
nhsa_jbzd_84_1300,"84.1300",True,"踝关节离断术","手术"
nhsa_jbzd_84_1400,"84.1400",True,"经胫骨和腓骨踝部的踝截断术","手术"
nhsa_jbzd_84_1500,"84.1500",True,"膝关节下的其他截断术","手术"
nhsa_jbzd_84_1500x002,"84.1500x002",True,"经胫骨和腓骨的小腿离断术","手术"
nhsa_jbzd_84_1501,"84.1501",True,"小腿截断术","手术"
nhsa_jbzd_84_1600,"84.1600",True,"膝关节离断术","手术"
nhsa_jbzd_84_1700,"84.1700",True,"膝上截断术","手术"
nhsa_jbzd_84_1701,"84.1701",True,"大腿截断术","手术"
nhsa_jbzd_84_1800,"84.1800",True,"髋关节离断术","手术"
nhsa_jbzd_84_1900,"84.1900",True,"腹骨盆截断术","手术"
nhsa_jbzd_84_1901,"84.1901",True,"半侧骨盆截断术","手术"
nhsa_jbzd_84_2100,"84.2100",True,"拇指再附着","手术"
nhsa_jbzd_84_2101,"84.2101",True,"拇指断指再植术","手术"
nhsa_jbzd_84_2200,"84.2200",True,"手指再附着","手术"
nhsa_jbzd_84_2201,"84.2201",True,"手指断指再植术","手术"
nhsa_jbzd_84_2300,"84.2300",True,"前臂、腕或手的再附着","手术"
nhsa_jbzd_84_2301,"84.2301",True,"前臂断肢再植术","手术"
nhsa_jbzd_84_2302,"84.2302",True,"断手再植术","手术"
nhsa_jbzd_84_2303,"84.2303",True,"断腕再植术","手术"
nhsa_jbzd_84_2304,"84.2304",True,"断掌再植术","手术"
nhsa_jbzd_84_2400,"84.2400",True,"上臂再附着","手术"
nhsa_jbzd_84_2401,"84.2401",True,"上臂断肢再植术","手术"
nhsa_jbzd_84_2500,"84.2500",True,"趾再附着","手术"
nhsa_jbzd_84_2501,"84.2501",True,"断趾再植术","手术"
nhsa_jbzd_84_2600,"84.2600",True,"足再附着","手术"
nhsa_jbzd_84_2601,"84.2601",True,"断足再植术","手术"
nhsa_jbzd_84_2700,"84.2700",True,"小腿或踝的再附着","手术"
nhsa_jbzd_84_2701,"84.2701",True,"小腿断肢再植术","手术"
nhsa_jbzd_84_2800,"84.2800",True,"大腿再附着","手术"
nhsa_jbzd_84_2801,"84.2801",True,"大腿断肢再植术","手术"
nhsa_jbzd_84_2900,"84.2900",True,"其他再附着","手术"
nhsa_jbzd_84_2901,"84.2901",True,"断肢再植术","手术"
nhsa_jbzd_84_3x00,"84.3x00",True,"截断残端的修复术","手术"
nhsa_jbzd_84_4000,"84.4000",True,"假肢装置的置入或安装","治疗性操作"
nhsa_jbzd_84_4100,"84.4100",True,"上臂和肩假体安装","治疗性操作"
nhsa_jbzd_84_4101,"84.4101",True,"上臂假体安装","治疗性操作"
nhsa_jbzd_84_4102,"84.4102",True,"肩假体安装","治疗性操作"
nhsa_jbzd_84_4200,"84.4200",True,"前臂和手假体安装","治疗性操作"
nhsa_jbzd_84_4201,"84.4201",True,"前臂假体安装","治疗性操作"
nhsa_jbzd_84_4202,"84.4202",True,"手假体安装","治疗性操作"
nhsa_jbzd_84_4300,"84.4300",True,"臂假体安装","治疗性操作"
nhsa_jbzd_84_4400,"84.4400",True,"臂假体装置置入","治疗性操作"
nhsa_jbzd_84_4500,"84.4500",True,"膝上假体安装","治疗性操作"
nhsa_jbzd_84_4600,"84.4600",True,"膝下假体安装","治疗性操作"
nhsa_jbzd_84_4700,"84.4700",True,"小腿假体安装","治疗性操作"
nhsa_jbzd_84_4800,"84.4800",True,"小腿假体装置置入","治疗性操作"
nhsa_jbzd_84_5100,"84.5100",True,"椎体脊椎融合装置的置入","手术"
nhsa_jbzd_84_5100x002,"84.5100x002",True,"碳纤维脊椎融合物置入术","手术"
nhsa_jbzd_84_5100x003,"84.5100x003",True,"陶瓷脊椎融合物置入术","手术"
nhsa_jbzd_84_5100x004,"84.5100x004",True,"金属脊椎融合物置入术","手术"
nhsa_jbzd_84_5100x005,"84.5100x005",True,"塑胶脊椎融合物置入术","手术"
nhsa_jbzd_84_5100x006,"84.5100x006",True,"钛合金脊椎融合物置入术","手术"
nhsa_jbzd_84_5100x007,"84.5100x007",True,"3D打印脊椎融合物置入术","手术"
nhsa_jbzd_84_5200,"84.5200",True,"重组骨形态形成蛋白的置入","手术"
nhsa_jbzd_84_5300,"84.5300",True,"肢体内部延长装置置入伴动力分离术","手术"
nhsa_jbzd_84_5400,"84.5400",True,"其他肢体内部延长装置的置入","手术"
nhsa_jbzd_84_5400x001,"84.5400x001",True,"肢体内部延长装置置入术","手术"
nhsa_jbzd_84_5500,"84.5500",True,"骨空隙填补物置入","手术"
nhsa_jbzd_84_5500x003,"84.5500x003",True,"丙烯酸水泥骨空隙填充","手术"
nhsa_jbzd_84_5500x004,"84.5500x004",True,"钙质骨空隙填充","手术"
nhsa_jbzd_84_5500x005,"84.5500x005",True,"聚甲基丙烯酸甲酯骨空隙填充","手术"
nhsa_jbzd_84_5501,"84.5501",True,"骨空隙骨水泥填充术","手术"
nhsa_jbzd_84_5600,"84.5600",True,"填充物(水泥)置入或置换","手术"
nhsa_jbzd_84_5600x001,"84.5600x001",True,"水泥间隔物置入术","手术"
nhsa_jbzd_84_5601,"84.5601",True,"关节腔隙骨水泥填充术","手术"
nhsa_jbzd_84_5700,"84.5700",True,"去除填充物(水泥)","手术"
nhsa_jbzd_84_5700x001,"84.5700x001",True,"水泥间隔物取出术","手术"
nhsa_jbzd_84_5900,"84.5900",True,"其他脊椎装置的置入","手术"
nhsa_jbzd_84_5900x002,"84.5900x002",True,"椎体间减压装置置入术","手术"
nhsa_jbzd_84_6000,"84.6000",True,"椎间盘假体置入","手术"
nhsa_jbzd_84_6001,"84.6001",True,"人工椎间盘置换","手术"
nhsa_jbzd_84_6100,"84.6100",True,"颈部分椎间盘假体置入","手术"
nhsa_jbzd_84_6101,"84.6101",True,"颈部分椎间盘置换","手术"
nhsa_jbzd_84_6200,"84.6200",True,"颈全椎间盘假体置入","手术"
nhsa_jbzd_84_6201,"84.6201",True,"颈全椎间盘假体置换","手术"
nhsa_jbzd_84_6300,"84.6300",True,"胸椎间盘假体置入","手术"
nhsa_jbzd_84_6300x002,"84.6300x002",True,"胸椎全部间盘假体置入术","手术"
nhsa_jbzd_84_6300x003,"84.6300x003",True,"胸椎部分间盘假体置入术","手术"
nhsa_jbzd_84_6301,"84.6301",True,"胸椎间盘假体置换","手术"
nhsa_jbzd_84_6400,"84.6400",True,"腰骶部分椎间盘假体置入","手术"
nhsa_jbzd_84_6400x001,"84.6400x001",True,"腰椎部分间盘假体置入术","手术"
nhsa_jbzd_84_6400x003,"84.6400x003",True,"腰椎棘突间腰椎稳定器置入术","手术"
nhsa_jbzd_84_6401,"84.6401",True,"腰骶部分椎间盘假体置换","手术"
nhsa_jbzd_84_6500,"84.6500",True,"腰骶全椎间盘假体置入","手术"
nhsa_jbzd_84_6501,"84.6501",True,"腹腔镜辅助下腰椎前路椎间盘置换术","手术"
nhsa_jbzd_84_6600,"84.6600",True,"颈人工椎间盘修复术或假体置换","手术"
nhsa_jbzd_84_6600x001,"84.6600x001",True,"颈人工椎间盘翻修术","手术"
nhsa_jbzd_84_6601,"84.6601",True,"颈人工椎间盘假体置换术","手术"
nhsa_jbzd_84_6700,"84.6700",True,"胸人工椎间盘修复术或假体置换","手术"
nhsa_jbzd_84_6700x002,"84.6700x002",True,"胸人工椎间盘翻修术","手术"
nhsa_jbzd_84_6701,"84.6701",True,"胸人工椎间盘假体置换术","手术"
nhsa_jbzd_84_6800,"84.6800",True,"腰骶部人工椎间盘修复术或假体置换","手术"
nhsa_jbzd_84_6800x001,"84.6800x001",True,"腰人工椎间盘翻修术","手术"
nhsa_jbzd_84_6801,"84.6801",True,"腰人工椎间盘假体置换术","手术"
nhsa_jbzd_84_6900,"84.6900",True,"人工椎间盘假体的修复术或置换","手术"
nhsa_jbzd_84_7100,"84.7100",True,"外部固定装置应用，单相系统","手术"
nhsa_jbzd_84_7100x001,"84.7100x001",True,"应用单平面外固定架","手术"
nhsa_jbzd_84_7200,"84.7200",True,"外部固定装置的应用，环型系统","手术"
nhsa_jbzd_84_7200x001,"84.7200x001",True,"应用环形外固定架系统","手术"
nhsa_jbzd_84_7300,"84.7300",True,"混合外部固定装置的应用","手术"
nhsa_jbzd_84_7300x001,"84.7300x001",True,"应用组合外固定架系统","手术"
nhsa_jbzd_84_8000,"84.8000",True,"棘突装置的置入或置换","手术"
nhsa_jbzd_84_8001,"84.8001",True,"棘突装置的置入","手术"
nhsa_jbzd_84_8002,"84.8002",True,"棘突装置的置换","手术"
nhsa_jbzd_84_8100,"84.8100",True,"棘突装置的修复术","手术"
nhsa_jbzd_84_8200,"84.8200",True,"椎弓根动力稳定装置的置入或置换术","手术"
nhsa_jbzd_84_8201,"84.8201",True,"椎弓根动力稳定装置置入术","手术"
nhsa_jbzd_84_8202,"84.8202",True,"椎弓根动力稳定装置置换术","手术"
nhsa_jbzd_84_8203,"84.8203",True,"脊柱生长阀置入术","手术"
nhsa_jbzd_84_8204,"84.8204",True,"脊柱生长阀置换术","手术"
nhsa_jbzd_84_8205,"84.8205",True,"经皮椎弓根钉内固定术","手术"
nhsa_jbzd_84_8300,"84.8300",True,"椎弓根动力稳定装置的修复术","手术"
nhsa_jbzd_84_8301,"84.8301",True,"脊柱生长阀修复术","手术"
nhsa_jbzd_84_8400,"84.8400",True,"椎骨关节面置换装置的置入或置换术","手术"
nhsa_jbzd_84_8401,"84.8401",True,"椎骨关节面置换装置的置入","手术"
nhsa_jbzd_84_8402,"84.8402",True,"椎骨关节面置换装置的置换","手术"
nhsa_jbzd_84_8500,"84.8500",True,"椎骨关节面置换装置的修复术","手术"
nhsa_jbzd_84_9100,"84.9100",True,"截断术","手术"
nhsa_jbzd_84_9200,"84.9200",True,"等份联体双胎分离术","手术"
nhsa_jbzd_84_9300,"84.9300",True,"联体双胎不等份分离术","手术"
nhsa_jbzd_84_9400,"84.9400",True,"胸骨插入刚性板固定装置","手术"
nhsa_jbzd_84_9900,"84.9900",True,"肌肉骨骼系统的其他手术","手术"
nhsa_jbzd_85_0x00,"85.0x00",True,"乳房切开术","手术"
nhsa_jbzd_85_0x00x002,"85.0x00x002",True,"乳房切开引流术","手术"
nhsa_jbzd_85_0x00x003,"85.0x00x003",True,"乳房切开探查术","手术"
nhsa_jbzd_85_0x01,"85.0x01",True,"乳房皮肤切开引流术","手术"
nhsa_jbzd_85_0x02,"85.0x02",True,"乳腺导管切开引流术","手术"
nhsa_jbzd_85_1100,"85.1100",True,"闭合性[经皮][针吸]乳房活组织检查","诊断性操作"
nhsa_jbzd_85_1100x001,"85.1100x001",True,"乳房穿刺活检","诊断性操作"
nhsa_jbzd_85_1100x003,"85.1100x003",True,"乳管镜下乳腺活检","诊断性操作"
nhsa_jbzd_85_1200,"85.1200",True,"开放性乳房活组织检查","手术"
nhsa_jbzd_85_1200x001,"85.1200x001",True,"乳腺活检术","手术"
nhsa_jbzd_85_1900,"85.1900",True,"乳房其他诊断性操作","手术"
nhsa_jbzd_85_1900x002,"85.1900x002",True,"乳管镜检查","诊断性操作"
nhsa_jbzd_85_2000,"85.2000",True,"乳房组织切除术或破坏术","手术"
nhsa_jbzd_85_2000x001,"85.2000x001",True,"乳房皮肤和皮下坏死组织切除清创术","手术"
nhsa_jbzd_85_2000x002,"85.2000x002",True,"乳房皮肤和皮下组织非切除性清创","治疗性操作"
nhsa_jbzd_85_2100,"85.2100",True,"乳房病损局部切除术","手术"
nhsa_jbzd_85_2100x003,"85.2100x003",True,"乳房病损切除术","手术"
nhsa_jbzd_85_2100x004,"85.2100x004",True,"乳房病损微创旋切术","手术"
nhsa_jbzd_85_2100x019,"85.2100x019",True,"乳房腺体区段切除术","手术"
nhsa_jbzd_85_2100x020,"85.2100x020",True,"腔镜下乳房病损切除术","手术"
nhsa_jbzd_85_2100x021,"85.2100x021",True,"乳腺导管选择性切除术(单根)","手术"
nhsa_jbzd_85_2100x022,"85.2100x022",True,"乳房病损消融术","手术"
nhsa_jbzd_85_2100x023,"85.2100x023",True,"腔镜下乳房腺体区段切除术","手术"
nhsa_jbzd_85_2200,"85.2200",True,"乳房象限切除术","手术"
nhsa_jbzd_85_2300,"85.2300",True,"乳房次全切除术","手术"
nhsa_jbzd_85_2300x001,"85.2300x001",True,"乳腺局部扩大切除术","手术"
nhsa_jbzd_85_2301,"85.2301",True,"乳腺部分切除术","手术"
nhsa_jbzd_85_2400,"85.2400",True,"异位乳房组织切除术","手术"
nhsa_jbzd_85_2400x004,"85.2400x004",True,"腔镜下双侧副乳切除术","手术"
nhsa_jbzd_85_2400x005,"85.2400x005",True,"腔镜下单侧副乳切除术","手术"
nhsa_jbzd_85_2400x006,"85.2400x006",True,"副乳病损切除术","手术"
nhsa_jbzd_85_2401,"85.2401",True,"副乳腺切除术","手术"
nhsa_jbzd_85_2402,"85.2402",True,"副乳头切除术","手术"
nhsa_jbzd_85_2500,"85.2500",True,"乳头切除术","手术"
nhsa_jbzd_85_3100,"85.3100",True,"单侧缩小性乳房成形术","手术"
nhsa_jbzd_85_3200,"85.3200",True,"双侧缩小性乳房成形术","手术"
nhsa_jbzd_85_3300,"85.3300",True,"单侧皮下乳房切除术伴同时植入术","手术"
nhsa_jbzd_85_3300x001,"85.3300x001",True,"单侧乳房腺体切除伴假体置入术","手术"
nhsa_jbzd_85_3400,"85.3400",True,"其他单侧皮下乳房切除术","手术"
nhsa_jbzd_85_3400x002,"85.3400x002",True,"单侧皮下乳房切除术","手术"
nhsa_jbzd_85_3401,"85.3401",True,"保留乳头的单侧皮下乳房切除术","手术"
nhsa_jbzd_85_3500,"85.3500",True,"双侧皮下乳房切除术伴同时植入术","手术"
nhsa_jbzd_85_3500x001,"85.3500x001",True,"双侧皮下乳房切除伴假体置入术","手术"
nhsa_jbzd_85_3600,"85.3600",True,"其他双侧皮下乳房切除术","手术"
nhsa_jbzd_85_3600x001,"85.3600x001",True,"双侧皮下乳房切除术","手术"
nhsa_jbzd_85_3601,"85.3601",True,"保留乳头的双侧皮下乳房切除术","手术"
nhsa_jbzd_85_4100,"85.4100",True,"单侧单纯乳房切除术","手术"
nhsa_jbzd_85_4100x001,"85.4100x001",True,"单侧乳房切除术","手术"
nhsa_jbzd_85_4200,"85.4200",True,"双侧单纯乳房切除术","手术"
nhsa_jbzd_85_4200x001,"85.4200x001",True,"双侧乳房切除术","手术"
nhsa_jbzd_85_4200x003,"85.4200x003",True,"腔镜下双侧乳房切除术","手术"
nhsa_jbzd_85_4300,"85.4300",True,"单侧扩大的单纯乳房切除术","手术"
nhsa_jbzd_85_4300x003,"85.4300x003",True,"单侧乳房切除伴同侧腋窝淋巴结活检术","手术"
nhsa_jbzd_85_4300x004,"85.4300x004",True,"腔镜下单侧乳房改良根治术","手术"
nhsa_jbzd_85_4301,"85.4301",True,"单侧乳腺改良根治术","手术"
nhsa_jbzd_85_4302,"85.4302",True,"单侧保乳乳腺改良根治术","手术"
nhsa_jbzd_85_4303,"85.4303",True,"单侧单纯乳房切除术伴区域性淋巴结切除术","手术"
nhsa_jbzd_85_4400,"85.4400",True,"双侧扩大的单纯乳房切除术","手术"
nhsa_jbzd_85_4401,"85.4401",True,"双侧乳腺改良根治术","手术"
nhsa_jbzd_85_4402,"85.4402",True,"双侧保乳乳腺改良根治术","手术"
nhsa_jbzd_85_4403,"85.4403",True,"双侧单纯乳房切除术伴区域性淋巴结切除术","手术"
nhsa_jbzd_85_4500,"85.4500",True,"单侧根治性乳房切除术","手术"
nhsa_jbzd_85_4500x001,"85.4500x001",True,"单侧乳房根治性切除伴同侧腋窝前哨淋巴结活检术","手术"
nhsa_jbzd_85_4500x003,"85.4500x003",True,"腔镜下单侧乳房根治性切除伴同侧腋窝前哨淋巴结活检术","手术"
nhsa_jbzd_85_4501,"85.4501",True,"腔镜单侧乳腺根治性切术","手术"
nhsa_jbzd_85_4600,"85.4600",True,"双侧根治性乳房切除术","手术"
nhsa_jbzd_85_4700,"85.4700",True,"单侧扩大根治性乳房切除术","手术"
nhsa_jbzd_85_4800,"85.4800",True,"双侧扩大根治性乳房切除术","手术"
nhsa_jbzd_85_5000,"85.5000",True,"增大性乳房成形术","手术"
nhsa_jbzd_85_5100,"85.5100",True,"单侧乳房注入，为了增大","手术"
nhsa_jbzd_85_5100x001,"85.5100x001",True,"单侧乳房注射隆胸术","治疗性操作"
nhsa_jbzd_85_5200,"85.5200",True,"双侧乳房注入，为了增大","手术"
nhsa_jbzd_85_5200x001,"85.5200x001",True,"双侧乳房注射隆胸术","治疗性操作"
nhsa_jbzd_85_5300,"85.5300",True,"单侧乳房植入术","手术"
nhsa_jbzd_85_5300x001,"85.5300x001",True,"单侧乳房假体置入术","手术"
nhsa_jbzd_85_5400,"85.5400",True,"双侧乳房植入术","手术"
nhsa_jbzd_85_5400x001,"85.5400x001",True,"双侧乳房假体置入术","手术"
nhsa_jbzd_85_5500,"85.5500",True,"乳房脂肪移植","手术"
nhsa_jbzd_85_5500x001,"85.5500x001",True,"单侧乳房自体脂肪颗粒注射隆胸术","手术"
nhsa_jbzd_85_5500x002,"85.5500x002",True,"双侧乳房自体脂肪颗粒注射隆胸术","手术"
nhsa_jbzd_85_6x00,"85.6x00",True,"乳房固定术","手术"
nhsa_jbzd_85_6x00x001,"85.6x00x001",True,"乳房悬吊术","手术"
nhsa_jbzd_85_7000,"85.7000",True,"乳房全部再造术","手术"
nhsa_jbzd_85_7000x001,"85.7000x001",True,"乳房重建术","手术"
nhsa_jbzd_85_7100,"85.7100",True,"背阔肌肌皮瓣全乳房重建术","手术"
nhsa_jbzd_85_7100x001,"85.7100x001",True,"乳房重建术应用背阔肌肌皮瓣","手术"
nhsa_jbzd_85_7200,"85.7200",True,"横行腹直肌肌皮(TRAM)瓣，带蒂的，全乳房重建术","手术"
nhsa_jbzd_85_7200x001,"85.7200x001",True,"乳房重建术应用带蒂横向腹直肌(TRAM)肌皮瓣","手术"
nhsa_jbzd_85_7300,"85.7300",True,"横行腹直肌肌皮(TRAM)瓣，游离的，全乳房重建术","手术"
nhsa_jbzd_85_7300x001,"85.7300x001",True,"乳房重建术应用游离横向腹直肌(TRAM)肌皮瓣","手术"
nhsa_jbzd_85_7400,"85.7400",True,"腹壁下动脉穿支(DIEP)皮瓣，游离的，全乳房重建术","手术"
nhsa_jbzd_85_7400x001,"85.7400x001",True,"乳房重建术应用游离腹壁下动脉穿支(DIEP)皮瓣","手术"
nhsa_jbzd_85_7500,"85.7500",True,"下腹壁浅动脉(SIEA)皮瓣，游离的，全乳房重建术","手术"
nhsa_jbzd_85_7500x001,"85.7500x001",True,"乳房重建术应用游离腹壁下浅动脉(SIEA)皮瓣","手术"
nhsa_jbzd_85_7600,"85.7600",True,"臀动脉穿支(GAP)皮瓣，游离的，全乳房重建术","手术"
nhsa_jbzd_85_7600x001,"85.7600x001",True,"乳房重建术应用游离臀动脉穿支(GAP)皮瓣","手术"
nhsa_jbzd_85_7900,"85.7900",True,"其他全乳房再造术","手术"
nhsa_jbzd_85_7900x001,"85.7900x001",True,"乳房重建术应用游离胸大肌","手术"
nhsa_jbzd_85_8100,"85.8100",True,"乳房裂伤缝合术","手术"
nhsa_jbzd_85_8200,"85.8200",True,"中厚皮片移植至乳房","手术"
nhsa_jbzd_85_8300,"85.8300",True,"全层皮片移植至乳房","手术"
nhsa_jbzd_85_8400,"85.8400",True,"带蒂皮瓣移植至乳房","手术"
nhsa_jbzd_85_8500,"85.8500",True,"肌瓣移植至乳房","手术"
nhsa_jbzd_85_8600,"85.8600",True,"乳头移位术","手术"
nhsa_jbzd_85_8601,"85.8601",True,"乳头乳晕移位术","手术"
nhsa_jbzd_85_8700,"85.8700",True,"乳头其他修补术或重建术","手术"
nhsa_jbzd_85_8700x003,"85.8700x003",True,"乳头缩小术","手术"
nhsa_jbzd_85_8701,"85.8701",True,"乳头成形术","手术"
nhsa_jbzd_85_8702,"85.8702",True,"乳头重建术","手术"
nhsa_jbzd_85_8900,"85.8900",True,"其他乳房成形术","手术"
nhsa_jbzd_85_8900x005,"85.8900x005",True,"乳晕再造术","手术"
nhsa_jbzd_85_8900x006,"85.8900x006",True,"乳房下垂矫正术","手术"
nhsa_jbzd_85_8900x007,"85.8900x007",True,"乳房瘢痕松解术","手术"
nhsa_jbzd_85_8900x008,"85.8900x008",True,"乳房下皱襞成形术","手术"
nhsa_jbzd_85_8901,"85.8901",True,"乳晕缩小术","手术"
nhsa_jbzd_85_9100,"85.9100",True,"乳房抽吸术","治疗性操作"
nhsa_jbzd_85_9200,"85.9200",True,"乳房治疗性药物注入","治疗性操作"
nhsa_jbzd_85_9200x001,"85.9200x001",True,"乳房抗生素注射","治疗性操作"
nhsa_jbzd_85_9300,"85.9300",True,"乳房植入物修复术","手术"
nhsa_jbzd_85_9400,"85.9400",True,"去除乳房植入物","手术"
nhsa_jbzd_85_9500,"85.9500",True,"乳房组织扩张器置入","手术"
nhsa_jbzd_85_9600,"85.9600",True,"乳房组织扩张器去除","手术"
nhsa_jbzd_85_9900,"85.9900",True,"乳房其他手术","手术"
nhsa_jbzd_86_0100,"86.0100",True,"皮肤和皮下组织抽吸术","治疗性操作"
nhsa_jbzd_86_0100x002,"86.0100x002",True,"皮肤和皮下组织脓肿抽吸术","手术"
nhsa_jbzd_86_0100x003,"86.0100x003",True,"皮肤和皮下组织血肿抽吸术","手术"
nhsa_jbzd_86_0100x004,"86.0100x004",True,"甲下脓肿抽吸术","手术"
nhsa_jbzd_86_0100x005,"86.0100x005",True,"疱液抽取术","治疗性操作"
nhsa_jbzd_86_0101,"86.0101",True,"帽状腱膜下血肿穿刺吸引术","治疗性操作"
nhsa_jbzd_86_0200,"86.0200",True,"皮肤病损或缺损注射或文身","治疗性操作"
nhsa_jbzd_86_0200x003,"86.0200x003",True,"皮肤着色","治疗性操作"
nhsa_jbzd_86_0200x004,"86.0200x004",True,"皮肤充填物质置入术","治疗性操作"
nhsa_jbzd_86_0200x005,"86.0200x005",True,"皮肤充填物质注射术","治疗性操作"
nhsa_jbzd_86_0200x006,"86.0200x006",True,"细胞再生喷涂治疗(ReCell)","治疗性操作"
nhsa_jbzd_86_0201,"86.0201",True,"文身","治疗性操作"
nhsa_jbzd_86_0202,"86.0202",True,"皮肤硅胶填充术","手术"
nhsa_jbzd_86_0300,"86.0300",True,"藏毛窦或囊肿切开术","手术"
nhsa_jbzd_86_0301,"86.0301",True,"藏毛窦切开术","手术"
nhsa_jbzd_86_0302,"86.0302",True,"藏毛囊肿切开术","手术"
nhsa_jbzd_86_0400,"86.0400",True,"皮肤和皮下组织的其他切开术伴引流术","手术"
nhsa_jbzd_86_0400x011,"86.0400x011",True,"皮肤和皮下组织切开引流术","手术"
nhsa_jbzd_86_0401,"86.0401",True,"创面封闭式负压引流术（VSD)","手术"
nhsa_jbzd_86_0402,"86.0402",True,"男性会阴切开引流术","手术"
nhsa_jbzd_86_0500,"86.0500",True,"皮肤和皮下组织切开术伴异物或装置去除","手术"
nhsa_jbzd_86_0500x007,"86.0500x007",True,"皮下引流装置取出术","手术"
nhsa_jbzd_86_0500x008,"86.0500x008",True,"皮下植入装置取出术","治疗性操作"
nhsa_jbzd_86_0500x009,"86.0500x009",True,"脊髓神经刺激器去除术","手术"
nhsa_jbzd_86_0500x010,"86.0500x010",True,"骶神经电刺激器取出术","手术"
nhsa_jbzd_86_0501,"86.0501",True,"皮下神经刺激器去除","手术"
nhsa_jbzd_86_0502,"86.0502",True,"皮肤和皮下组织异物切开取出术","手术"
nhsa_jbzd_86_0503,"86.0503",True,"皮肤组织扩张器取出术","手术"
nhsa_jbzd_86_0600,"86.0600",True,"完全可植入型的输注泵置入","手术"
nhsa_jbzd_86_0600x004,"86.0600x004",True,"药物治疗泵置入","治疗性操作"
nhsa_jbzd_86_0601,"86.0601",True,"输注泵置入术","手术"
nhsa_jbzd_86_0602,"86.0602",True,"输注泵置换术","手术"
nhsa_jbzd_86_0603,"86.0603",True,"化疗泵置入术","手术"
nhsa_jbzd_86_0700,"86.0700",True,"完全可植入型血管通路装置的置入[VAD]","手术"
nhsa_jbzd_86_0701,"86.0701",True,"静脉输液港植入术","手术"
nhsa_jbzd_86_0900,"86.0900",True,"皮肤和皮下组织的其他切开术","手术"
nhsa_jbzd_86_0900x002,"86.0900x002",True,"皮肤和皮下组织切开探查术","手术"
nhsa_jbzd_86_0900x006,"86.0900x006",True,"化疗泵管位置调整","治疗性操作"
nhsa_jbzd_86_0900x007,"86.0900x007",True,"皮下药物置入术","治疗性操作"
nhsa_jbzd_86_0900x008,"86.0900x008",True,"腹部埋藏手取出术","手术"
nhsa_jbzd_86_0900x010,"86.0900x010",True,"皮肤和皮下组织切开减压术","手术"
nhsa_jbzd_86_0901,"86.0901",True,"皮肤焦痂切开术","手术"
nhsa_jbzd_86_0902,"86.0902",True,"皮肤窦道切开术","手术"
nhsa_jbzd_86_0903,"86.0903",True,"甲切开术","手术"
nhsa_jbzd_86_1100,"86.1100",True,"皮肤和皮下组织的活组织检查","手术"
nhsa_jbzd_86_1900,"86.1900",True,"皮肤和皮下组织的其他诊断性操作","手术"
nhsa_jbzd_86_2100,"86.2100",True,"藏毛囊肿或窦的切除术","手术"
nhsa_jbzd_86_2101,"86.2101",True,"藏毛囊肿切除术","手术"
nhsa_jbzd_86_2102,"86.2102",True,"藏毛窦切除术","手术"
nhsa_jbzd_86_2200,"86.2200",True,"伤口、感染或烧伤的切除性清创术","手术"
nhsa_jbzd_86_2200x011,"86.2200x011",True,"皮肤和皮下坏死组织切除清创术","手术"
nhsa_jbzd_86_2201,"86.2201",True,"皮肤伤口切除性清创术","手术"
nhsa_jbzd_86_2202,"86.2202",True,"焦痂切除术","手术"
nhsa_jbzd_86_2203,"86.2203",True,"中医化腐清创术","手术"
nhsa_jbzd_86_2300,"86.2300",True,"指(趾)甲、甲床或甲褶去除","手术"
nhsa_jbzd_86_2300x001,"86.2300x001",True,"甲床去除术","手术"
nhsa_jbzd_86_2300x002,"86.2300x002",True,"甲根部分去除术","手术"
nhsa_jbzd_86_2300x003,"86.2300x003",True,"甲褶去除术","手术"
nhsa_jbzd_86_2300x005,"86.2300x005",True,"拔甲术","治疗性操作"
nhsa_jbzd_86_2301,"86.2301",True,"指(趾)甲去除术","手术"
nhsa_jbzd_86_2400,"86.2400",True,"皮肤化学外科","手术"
nhsa_jbzd_86_2400x001,"86.2400x001",True,"皮肤病损显微外科手术[Mohs手术]","手术"
nhsa_jbzd_86_2500,"86.2500",True,"磨皮术","手术"
nhsa_jbzd_86_2600,"86.2600",True,"皮肤附件结扎术","治疗性操作"
nhsa_jbzd_86_2600x004,"86.2600x004",True,"指赘结扎术","治疗性操作"
nhsa_jbzd_86_2600x005,"86.2600x005",True,"趾赘结扎术","治疗性操作"
nhsa_jbzd_86_2601,"86.2601",True,"多余指切除术","手术"
nhsa_jbzd_86_2602,"86.2602",True,"多余趾切除术","手术"
nhsa_jbzd_86_2700,"86.2700",True,"指(趾)甲、指(趾)甲床或指(趾)甲褶清创术","手术"
nhsa_jbzd_86_2701,"86.2701",True,"甲床清创术","手术"
nhsa_jbzd_86_2800,"86.2800",True,"伤口、感染或烧伤的非切除性清创术","治疗性操作"
nhsa_jbzd_86_2800x012,"86.2800x012",True,"皮肤和皮下组织非切除性清创","治疗性操作"
nhsa_jbzd_86_3x00,"86.3x00",True,"皮肤和皮下组织的病损或组织其他局部切除术或破坏术","手术"
nhsa_jbzd_86_3x01,"86.3x01",True,"皮肤瘢痕切除术","手术"
nhsa_jbzd_86_3x02,"86.3x02",True,"皮肤病损切除术","手术"
nhsa_jbzd_86_3x03,"86.3x03",True,"皮下组织病损切除术","手术"
nhsa_jbzd_86_3x04,"86.3x04",True,"男性会阴病损切除术","手术"
nhsa_jbzd_86_3x05,"86.3x05",True,"腋嗅切除术","手术"
nhsa_jbzd_86_3x06,"86.3x06",True,"皮肤Z型成形伴病损切除术","手术"
nhsa_jbzd_86_3x07,"86.3x07",True,"文身切除术","手术"
nhsa_jbzd_86_3x08,"86.3x08",True,"汗腺病损切除术","手术"
nhsa_jbzd_86_3x09,"86.3x09",True,"皮肤病损冷冻治疗","治疗性操作"
nhsa_jbzd_86_3x10,"86.3x10",True,"皮肤病损烧灼治疗","治疗性操作"
nhsa_jbzd_86_3x10x038,"86.3x10x038",True,"腋下汗腺切除术","手术"
nhsa_jbzd_86_3x10x067,"86.3x10x067",True,"腔镜下皮下组织病损切除术","手术"
nhsa_jbzd_86_3x10x068,"86.3x10x068",True,"指赘切除术","手术"
nhsa_jbzd_86_3x10x069,"86.3x10x069",True,"趾赘切除术","手术"
nhsa_jbzd_86_3x10x070,"86.3x10x070",True,"皮肤病损挤刮治疗","治疗性操作"
nhsa_jbzd_86_3x10x071,"86.3x10x071",True,"皮肤病损电解治疗","治疗性操作"
nhsa_jbzd_86_3x10x072,"86.3x10x072",True,"皮肤病损微波治疗","治疗性操作"
nhsa_jbzd_86_3x11,"86.3x11",True,"皮肤病损电灼治疗","治疗性操作"
nhsa_jbzd_86_3x12,"86.3x12",True,"皮肤病损激光治疗","治疗性操作"
nhsa_jbzd_86_3x13,"86.3x13",True,"颈部皮下组织病损切除术","手术"
nhsa_jbzd_86_3x14,"86.3x14",True,"皮肤色素痣切除术","手术"
nhsa_jbzd_86_3x15,"86.3x15",True,"皮肤及皮下血管瘤切除术","手术"
nhsa_jbzd_86_3x16,"86.3x16",True,"瘢痕单纯切除,Z字改形修复术"
nhsa_jbzd_86_4x00,"86.4x00",True,"皮肤病损根治性切除术","手术"
nhsa_jbzd_86_4x01,"86.4x01",True,"头.面.颈皮肤病损根治切除术","手术"
nhsa_jbzd_86_4x02,"86.4x02",True,"躯干皮肤病损根治性切除术","手术"
nhsa_jbzd_86_4x03,"86.4x03",True,"肢体皮肤病损根治切除术","手术"
nhsa_jbzd_86_5100,"86.5100",True,"头皮再植术","手术"
nhsa_jbzd_86_5900,"86.5900",True,"其他部位的皮肤和皮下组织闭合术","手术"
nhsa_jbzd_86_5900x006,"86.5900x006",True,"皮肤缝合术","手术"
nhsa_jbzd_86_5901,"86.5901",True,"伤口裂开缝合术","手术"
nhsa_jbzd_86_5902,"86.5902",True,"头皮缝合术","手术"
nhsa_jbzd_86_5903,"86.5903",True,"男性会阴皮肤缝合术","手术"
nhsa_jbzd_86_6000,"86.6000",True,"游离皮肤移植","手术"
nhsa_jbzd_86_6100,"86.6100",True,"手的全层皮肤移植","手术"
nhsa_jbzd_86_6101,"86.6101",True,"手全厚皮片游离移植术","手术"
nhsa_jbzd_86_6200,"86.6200",True,"手的其他皮肤移植","手术"
nhsa_jbzd_86_6200x002,"86.6200x002",True,"指皮肤游离移植术","手术"
nhsa_jbzd_86_6201,"86.6201",True,"手中厚皮片游离移植术","手术"
nhsa_jbzd_86_6202,"86.6202",True,"手刃厚皮片游离移植术","手术"
nhsa_jbzd_86_6300,"86.6300",True,"其他部位全层皮肤移植术","手术"
nhsa_jbzd_86_6300x001,"86.6300x001",True,"腹部全厚皮片移植术","手术"
nhsa_jbzd_86_6301,"86.6301",True,"头面颈全厚皮片移植术","手术"
nhsa_jbzd_86_6302,"86.6302",True,"躯干全厚皮片移植术","手术"
nhsa_jbzd_86_6303,"86.6303",True,"上肢全厚皮片移植术","手术"
nhsa_jbzd_86_6304,"86.6304",True,"下肢全厚皮片移植术","手术"
nhsa_jbzd_86_6400,"86.6400",True,"毛发移植","手术"
nhsa_jbzd_86_6400x002,"86.6400x002",True,"毛发种植术","治疗性操作"
nhsa_jbzd_86_6400x003,"86.6400x003",True,"毛囊种植术","治疗性操作"
nhsa_jbzd_86_6500,"86.6500",True,"异种移植物至皮肤","手术"
nhsa_jbzd_86_6501,"86.6501",True,"猪皮移植术","手术"
nhsa_jbzd_86_6600,"86.6600",True,"同种移植物至皮肤","手术"
nhsa_jbzd_86_6601,"86.6601",True,"同种皮片移植术","手术"
nhsa_jbzd_86_6700,"86.6700",True,"皮肤再生移植物","手术"
nhsa_jbzd_86_6701,"86.6701",True,"脱细胞异体真皮植皮术","手术"
nhsa_jbzd_86_6702,"86.6702",True,"人工皮肤移植术","手术"
nhsa_jbzd_86_6900,"86.6900",True,"其他皮肤移植物至其他部位","手术"
nhsa_jbzd_86_6900x010,"86.6900x010",True,"全厚皮片移植术","手术"
nhsa_jbzd_86_6901,"86.6901",True,"刃厚皮片移植术","手术"
nhsa_jbzd_86_6902,"86.6902",True,"中厚皮片移植术","手术"
nhsa_jbzd_86_6903,"86.6903",True,"头面颈部植皮术","手术"
nhsa_jbzd_86_6904,"86.6904",True,"躯干部植皮术","手术"
nhsa_jbzd_86_6905,"86.6905",True,"上肢植皮术","手术"
nhsa_jbzd_86_6906,"86.6906",True,"下肢植皮术","手术"
nhsa_jbzd_86_7000,"86.7000",True,"带蒂皮瓣或皮瓣移植","手术"
nhsa_jbzd_86_700x0013,"86.700x0013",True,"游离皮瓣移植术","手术"
nhsa_jbzd_86_700x0014,"86.700x0014",True,"皮瓣转移术","手术"
nhsa_jbzd_86_700x0015,"86.700x0015",True,"扩张皮瓣转移术","手术"
nhsa_jbzd_86_7100,"86.7100",True,"带蒂皮瓣或皮瓣移植物的切割术和修补术","手术"
nhsa_jbzd_86_7100x009,"86.7100x009",True,"皮瓣预制术","手术"
nhsa_jbzd_86_7101,"86.7101",True,"带蒂皮瓣断蒂术","手术"
nhsa_jbzd_86_7102,"86.7102",True,"皮管成形术","手术"
nhsa_jbzd_86_7103,"86.7103",True,"带蒂皮瓣延迟术","手术"
nhsa_jbzd_86_7104,"86.7104",True,"腹部埋藏皮瓣术","手术"
nhsa_jbzd_86_7105,"86.7105",True,"带蒂皮瓣制备术","手术"
nhsa_jbzd_86_7200,"86.7200",True,"带蒂皮瓣移植物前徙术","手术"
nhsa_jbzd_86_7200x001,"86.7200x001",True,"带蒂皮瓣迁徙术","手术"
nhsa_jbzd_86_7300,"86.7300",True,"手的带蒂皮瓣或皮瓣移植物附着术","手术"
nhsa_jbzd_86_7300x003,"86.7300x003",True,"手带蒂皮瓣移植术","手术"
nhsa_jbzd_86_7300x004,"86.7300x004",True,"手游离皮瓣移植术","手术"
nhsa_jbzd_86_7301,"86.7301",True,"邻指皮瓣术","手术"
nhsa_jbzd_86_7302,"86.7302",True,"鱼际皮瓣术","手术"
nhsa_jbzd_86_7303,"86.7303",True,"指蹼成形术","手术"
nhsa_jbzd_86_7400,"86.7400",True,"其他部位的带蒂皮瓣或皮瓣移植物附着术","手术"
nhsa_jbzd_86_7400x026,"86.7400x026",True,"带蒂皮瓣移植术","手术"
nhsa_jbzd_86_7400x031,"86.7400x031",True,"筋膜皮瓣移植术","手术"
nhsa_jbzd_86_7400x032,"86.7400x032",True,"皮下蒂皮瓣移植术","手术"
nhsa_jbzd_86_7400x033,"86.7400x033",True,"岛状皮瓣移植术","手术"
nhsa_jbzd_86_7400x034,"86.7400x034",True,"肌皮瓣游离移植术","手术"
nhsa_jbzd_86_7400x035,"86.7400x035",True,"腓动脉穿支腓骨皮瓣游离移植修复","手术"
nhsa_jbzd_86_7400x036,"86.7400x036",True,"带血管化腓骨肌皮瓣移植术","手术"
nhsa_jbzd_86_7400x037,"86.7400x037",True,"腓骨肌皮瓣移植术","手术"
nhsa_jbzd_86_7400x038,"86.7400x038",True,"腹股沟皮瓣转移术","手术"
nhsa_jbzd_86_7400x039,"86.7400x039",True,"二级串联游离植皮术","手术"
nhsa_jbzd_86_7400x040,"86.7400x040",True,"岛状皮瓣转移术","手术"
nhsa_jbzd_86_7400x041,"86.7400x041",True,"皮下筋膜瓣术","手术"
nhsa_jbzd_86_7400x042,"86.7400x042",True,"游离脂肪瓣移植术","手术"
nhsa_jbzd_86_7401,"86.7401",True,"前徙皮瓣移植术","手术"
nhsa_jbzd_86_7402,"86.7402",True,"滑动皮瓣移植术","手术"
nhsa_jbzd_86_7403,"86.7403",True,"双带蒂皮瓣移植术","手术"
nhsa_jbzd_86_7404,"86.7404",True,"旋转皮瓣移植术","手术"
nhsa_jbzd_86_7405,"86.7405",True,"管状皮瓣移植术","手术"
nhsa_jbzd_86_7406,"86.7406",True,"面部洞穿性缺损修复术","手术"
nhsa_jbzd_86_7407,"86.7407",True,"颌面局部皮瓣转移术","手术"
nhsa_jbzd_86_7500,"86.7500",True,"带蒂皮瓣或皮瓣移植的修复术","手术"
nhsa_jbzd_86_7500x001,"86.7500x001",True,"带蒂皮瓣修整术","手术"
nhsa_jbzd_86_7500x010,"86.7500x010",True,"带蒂皮瓣去脂术","手术"
nhsa_jbzd_86_7500x011,"86.7500x011",True,"邻近皮瓣修复术","手术"
nhsa_jbzd_86_7500x012,"86.7500x012",True,"皮瓣探查术","手术"
nhsa_jbzd_86_7501,"86.7501",True,"皮瓣清创术","手术"
nhsa_jbzd_86_7502,"86.7502",True,"皮瓣去脂术","手术"
nhsa_jbzd_86_7503,"86.7503",True,"皮瓣修整术","手术"
nhsa_jbzd_86_7504,"86.7504",True,"复杂性皮瓣、肌皮瓣、超薄皮瓣修复术","手术"
nhsa_jbzd_86_8100,"86.8100",True,"面部松驰修补术","手术"
nhsa_jbzd_86_8100x002,"86.8100x002",True,"面肌悬吊术","手术"
nhsa_jbzd_86_8100x003,"86.8100x003",True,"额肌悬吊术","手术"
nhsa_jbzd_86_8100x004,"86.8100x004",True,"颊肌悬吊术","手术"
nhsa_jbzd_86_8100x005,"86.8100x005",True,"颈肌悬吊术","手术"
nhsa_jbzd_86_8100x006,"86.8100x006",True,"颞肌悬吊术","手术"
nhsa_jbzd_86_8200,"86.8200",True,"面部的皱纹切除术","手术"
nhsa_jbzd_86_8200x006,"86.8200x006",True,"颊部皱纹切除术","手术"
nhsa_jbzd_86_8200x007,"86.8200x007",True,"内窥镜下额皮肤悬吊术","手术"
nhsa_jbzd_86_8200x008,"86.8200x008",True,"内窥镜下颊皮肤悬吊术","手术"
nhsa_jbzd_86_8200x009,"86.8200x009",True,"内窥镜下颈皮肤悬吊术","手术"
nhsa_jbzd_86_8200x010,"86.8200x010",True,"内窥镜下颞皮肤悬吊术","手术"
nhsa_jbzd_86_8200x011,"86.8200x011",True,"内窥镜下面部皮肤提升术","手术"
nhsa_jbzd_86_8201,"86.8201",True,"面部提升术","手术"
nhsa_jbzd_86_8202,"86.8202",True,"多层除皱术","手术"
nhsa_jbzd_86_8203,"86.8203",True,"骨膜下面部除皱术","手术"
nhsa_jbzd_86_8300,"86.8300",True,"体积缩小性整形术","手术"
nhsa_jbzd_86_8300x031,"86.8300x031",True,"脂肪垫切除术","手术"
nhsa_jbzd_86_8300x032,"86.8300x032",True,"脂肪切除术","手术"
nhsa_jbzd_86_8300x033,"86.8300x033",True,"下肢吸脂术","手术"
nhsa_jbzd_86_8300x034,"86.8300x034",True,"上肢吸脂术","手术"
nhsa_jbzd_86_8300x035,"86.8300x035",True,"腰部吸脂术","手术"
nhsa_jbzd_86_8300x036,"86.8300x036",True,"背部吸脂术","手术"
nhsa_jbzd_86_8300x037,"86.8300x037",True,"面部吸脂术","手术"
nhsa_jbzd_86_8301,"86.8301",True,"吸脂术","手术"
nhsa_jbzd_86_8302,"86.8302",True,"腹部吸脂术","手术"
nhsa_jbzd_86_8303,"86.8303",True,"臀部吸脂术","手术"
nhsa_jbzd_86_8304,"86.8304",True,"大腿吸脂术","手术"
nhsa_jbzd_86_8305,"86.8305",True,"腹壁整形术","手术"
nhsa_jbzd_86_8306,"86.8306",True,"腹壁去脂术","手术"
nhsa_jbzd_86_8400,"86.8400",True,"皮肤瘢痕或蹼状挛缩松驰术","手术"
nhsa_jbzd_86_8401,"86.8401",True,"皮肤瘢痕松解术","手术"
nhsa_jbzd_86_8402,"86.8402",True,"皮肤蹼状挛缩松解术","手术"
nhsa_jbzd_86_8403,"86.8403",True,"皮肤Z型成形术","手术"
nhsa_jbzd_86_8500,"86.8500",True,"并指（趾）矫正术","手术"
nhsa_jbzd_86_8501,"86.8501",True,"并指矫正术","手术"
nhsa_jbzd_86_8502,"86.8502",True,"并趾矫正术","手术"
nhsa_jbzd_86_8600x001,"86.8600x001",True,"甲成形术","手术"
nhsa_jbzd_86_8700,"86.8700",True,"皮肤与皮下组织的脂肪移植","手术"
nhsa_jbzd_86_8700x001,"86.8700x001",True,"皮下脂肪移植术","手术"
nhsa_jbzd_86_8701,"86.8701",True,"自体脂肪移植术","手术"
nhsa_jbzd_86_8702,"86.8702",True,"颞部脂肪移植充填术","手术"
nhsa_jbzd_86_8900,"86.8900",True,"皮肤和皮下组织的其他修补术和重建术","手术"
nhsa_jbzd_86_8900x002,"86.8900x002",True,"面部皮肤部分切除整形术","手术"
nhsa_jbzd_86_8900x010,"86.8900x010",True,"脐整形术","手术"
nhsa_jbzd_86_8900x011,"86.8900x011",True,"残端皮肤修整术","手术"
nhsa_jbzd_86_8900x014,"86.8900x014",True,"颈部皮肤部分切除整形术","手术"
nhsa_jbzd_86_8901,"86.8901",True,"皮肤V-Y缝合术","手术"
nhsa_jbzd_86_8902,"86.8902",True,"“酒窝”成形术","手术"
nhsa_jbzd_86_9000,"86.9000",True,"为移植或库存的脂肪抽吸","手术"
nhsa_jbzd_86_9000x001,"86.9000x001",True,"脂肪抽吸术(用于脂肪移植)","手术"
nhsa_jbzd_86_9100,"86.9100",True,"皮肤切除用作移植物","手术"
nhsa_jbzd_86_9100x001,"86.9100x001",True,"供体皮肤切除术","手术"
nhsa_jbzd_86_9100x002,"86.9100x002",True,"皮片取皮术","手术"
nhsa_jbzd_86_9200,"86.9200",True,"皮肤的电解和其他除毛术","手术"
nhsa_jbzd_86_9200x002,"86.9200x002",True,"皮肤电解除毛术","治疗性操作"
nhsa_jbzd_86_9201,"86.9201",True,"除毛术","治疗性操作"
nhsa_jbzd_86_9300,"86.9300",True,"组织扩张器置入","手术"
nhsa_jbzd_86_9301,"86.9301",True,"皮肤扩张器植入术","手术"
nhsa_jbzd_86_9302,"86.9302",True,"皮肤扩张器调整术","治疗性操作"
nhsa_jbzd_86_9303,"86.9303",True,"头皮扩张器植入术","手术"
nhsa_jbzd_86_9305,"86.9305",True,"肢体皮肤扩张器植入术","手术"
nhsa_jbzd_86_9306,"86.9306",True,"躯干皮肤扩张器植入术","手术"
nhsa_jbzd_86_9400,"86.9400",True,"单列神经刺激脉冲发生器置入或置换，未指明为可充电型","手术"
nhsa_jbzd_86_9401,"86.9401",True,"单列神经刺激脉冲发生器的置入","手术"
nhsa_jbzd_86_9402,"86.9402",True,"单列神经刺激脉冲发生器的置换","手术"
nhsa_jbzd_86_9500,"86.9500",True,"双列神经刺激脉冲发生器的置入或置换，未指明为可充电型","手术"
nhsa_jbzd_86_9500x001,"86.9500x001",True,"多列神经刺激脉冲发生器置入术","手术"
nhsa_jbzd_86_9500x002,"86.9500x002",True,"多列神经刺激脉冲发生器置换术","手术"
nhsa_jbzd_86_9501,"86.9501",True,"双列神经刺激脉冲发生器的置入","手术"
nhsa_jbzd_86_9502,"86.9502",True,"双列神经刺激脉冲发生器的置换","手术"
nhsa_jbzd_86_9600,"86.9600",True,"其他神经刺激器的置入或置换","手术"
nhsa_jbzd_86_9600x001,"86.9600x001",True,"皮层电极刺激器植入术","手术"
nhsa_jbzd_86_9600x002,"86.9600x002",True,"迷走神经刺激器置入术（VNS）","手术"
nhsa_jbzd_86_9600x003,"86.9600x003",True,"脊髓神经刺激器置入术","手术"
nhsa_jbzd_86_9600x004,"86.9600x004",True,"脊髓神经刺激器置换术","手术"
nhsa_jbzd_86_9600x005,"86.9600x005",True,"骶神经神经刺激器置入术","手术"
nhsa_jbzd_86_9600x006,"86.9600x006",True,"周围神经刺激器置入术","手术"
nhsa_jbzd_86_9600x007,"86.9600x007",True,"周围神经刺激器置换术","手术"
nhsa_jbzd_86_9600x008,"86.9600x008",True,"皮下神经电刺激器置入术","手术"
nhsa_jbzd_86_9601,"86.9601",True,"其他神经刺激器的置入","手术"
nhsa_jbzd_86_9602,"86.9602",True,"其他神经刺激器的置换","手术"
nhsa_jbzd_86_9700,"86.9700",True,"单列可充电型神经刺激器脉冲发生器的置换或置入","手术"
nhsa_jbzd_86_9701,"86.9701",True,"可充电单列神经刺激脉冲发生器的置入","手术"
nhsa_jbzd_86_9702,"86.9702",True,"可充电单列神经刺激脉冲发生器的置换","手术"
nhsa_jbzd_86_9800,"86.9800",True,"多列（两列或更多列）可充电型神经刺激器脉冲发生器的置换或置入","手术"
nhsa_jbzd_86_9800x001,"86.9800x001",True,"可充电多列神经刺激脉冲发生器置入术","手术"
nhsa_jbzd_86_9800x002,"86.9800x002",True,"可充电多列神经刺激脉冲发生器置换术","手术"
nhsa_jbzd_86_9801,"86.9801",True,"可充电双列神经刺激脉冲发生器的置入","手术"
nhsa_jbzd_86_9802,"86.9802",True,"可充电双列神经刺激脉冲发生器置换术","手术"
nhsa_jbzd_86_9900,"86.9900",True,"皮肤和皮下组织的其他手术","手术"
nhsa_jbzd_87_0100,"87.0100",True,"气脑造影图","诊断性操作"
nhsa_jbzd_87_0200,"87.0200",True,"大脑和颅骨的其他对比剂造影图","诊断性操作"
nhsa_jbzd_87_0201,"87.0201",True,"脑室充气造影","诊断性操作"
nhsa_jbzd_87_0300,"87.0300",True,"头部计算机轴向断层照相术","诊断性操作"
nhsa_jbzd_87_0300x001,"87.0300x001",True,"头部CT检查","诊断性操作"
nhsa_jbzd_87_0301,"87.0301",True,"脑CT检查","诊断性操作"
nhsa_jbzd_87_0302,"87.0302",True,"头颈部CTA","诊断性操作"
nhsa_jbzd_87_0400,"87.0400",True,"头部其他断层照相术","诊断性操作"
nhsa_jbzd_87_0400x001,"87.0400x001",True,"头颈部血管CT显像","诊断性操作"
nhsa_jbzd_87_0500,"87.0500",True,"对比剂泪囊造影图","诊断性操作"
nhsa_jbzd_87_0501,"87.0501",True,"泪囊造影","诊断性操作"
nhsa_jbzd_87_0600,"87.0600",True,"对比剂鼻咽造影图","诊断性操作"
nhsa_jbzd_87_0600x001,"87.0600x001",True,"鼻咽造影","诊断性操作"
nhsa_jbzd_87_0700,"87.0700",True,"对比剂喉造影图","诊断性操作"
nhsa_jbzd_87_0700x001,"87.0700x001",True,"喉造影","诊断性操作"
nhsa_jbzd_87_0800,"87.0800",True,"颈淋巴管造影图","诊断性操作"
nhsa_jbzd_87_0800x002,"87.0800x002",True,"颈淋巴管造影","诊断性操作"
nhsa_jbzd_87_0900,"87.0900",True,"面、头和颈的其他软组织X线检查","诊断性操作"
nhsa_jbzd_87_0900x001,"87.0900x001",True,"腮腺造影","诊断性操作"
nhsa_jbzd_87_0900x002,"87.0900x002",True,"下颌下腺造影","诊断性操作"
nhsa_jbzd_87_0901,"87.0901",True,"颈部X线检查","诊断性操作"
nhsa_jbzd_87_1100,"87.1100",True,"全口牙X线检查","诊断性操作"
nhsa_jbzd_87_1200,"87.1200",True,"其他牙X线检查","诊断性操作"
nhsa_jbzd_87_1200x001,"87.1200x001",True,"牙X线检查","诊断性操作"
nhsa_jbzd_87_1201,"87.1201",True,"根管X线检查","诊断性操作"
nhsa_jbzd_87_1300,"87.1300",True,"对比剂颞下颌关节造影图","诊断性操作"
nhsa_jbzd_87_1300x001,"87.1300x001",True,"颞下颌关节造影","诊断性操作"
nhsa_jbzd_87_1400,"87.1400",True,"对比剂眼眶造影图","诊断性操作"
nhsa_jbzd_87_1400x001,"87.1400x001",True,"眼眶造影","诊断性操作"
nhsa_jbzd_87_1500,"87.1500",True,"对比剂鼻窦造影图","诊断性操作"
nhsa_jbzd_87_1500x001,"87.1500x001",True,"鼻窦造影","诊断性操作"
nhsa_jbzd_87_1600,"87.1600",True,"面骨其他X线检查","诊断性操作"
nhsa_jbzd_87_1600x006,"87.1600x006",True,"颧骨X线检查","诊断性操作"
nhsa_jbzd_87_1600x007,"87.1600x007",True,"面部骨X线检查","诊断性操作"
nhsa_jbzd_87_1601,"87.1601",True,"下颌骨X线检查","诊断性操作"
nhsa_jbzd_87_1602,"87.1602",True,"上颌骨X线检查","诊断性操作"
nhsa_jbzd_87_1603,"87.1603",True,"鼻窦X线检查","诊断性操作"
nhsa_jbzd_87_1604,"87.1604",True,"鼻X线检查","诊断性操作"
nhsa_jbzd_87_1605,"87.1605",True,"眼眶X线检查","诊断性操作"
nhsa_jbzd_87_1700,"87.1700",True,"颅骨其他X线检查","诊断性操作"
nhsa_jbzd_87_1700x001,"87.1700x001",True,"颅骨X线检查","诊断性操作"
nhsa_jbzd_87_2100,"87.2100",True,"对比剂脊髓造影图","诊断性操作"
nhsa_jbzd_87_2100x002,"87.2100x002",True,"椎管造影","诊断性操作"
nhsa_jbzd_87_2101,"87.2101",True,"椎间盘造影","诊断性操作"
nhsa_jbzd_87_2102,"87.2102",True,"脊髓造影","诊断性操作"
nhsa_jbzd_87_2200,"87.2200",True,"颈椎其他X线检查","诊断性操作"
nhsa_jbzd_87_2200x001,"87.2200x001",True,"颈椎X线检查","诊断性操作"
nhsa_jbzd_87_2200x002,"87.2200x002",True,"颈椎间盘造影","诊断性操作"
nhsa_jbzd_87_2300,"87.2300",True,"胸椎其他X线检查","诊断性操作"
nhsa_jbzd_87_2300x001,"87.2300x001",True,"胸椎X线检查","诊断性操作"
nhsa_jbzd_87_2300x002,"87.2300x002",True,"胸椎间盘造影","诊断性操作"
nhsa_jbzd_87_2400,"87.2400",True,"腰骶椎其他X线检查","诊断性操作"
nhsa_jbzd_87_2400x001,"87.2400x001",True,"腰椎间盘造影","诊断性操作"
nhsa_jbzd_87_2400x004,"87.2400x004",True,"骶尾X线检查","诊断性操作"
nhsa_jbzd_87_2401,"87.2401",True,"腰椎X线检查","诊断性操作"
nhsa_jbzd_87_2402,"87.2402",True,"腰骶椎X线检查","诊断性操作"
nhsa_jbzd_87_2900,"87.2900",True,"脊柱其他X线检查","诊断性操作"
nhsa_jbzd_87_2900x001,"87.2900x001",True,"脊柱X线检查","诊断性操作"
nhsa_jbzd_87_3100,"87.3100",True,"气管内支气管造影术","诊断性操作"
nhsa_jbzd_87_3100x001,"87.3100x001",True,"支气管造影","诊断性操作"
nhsa_jbzd_87_3200,"87.3200",True,"其他对比剂支气管造影图","诊断性操作"
nhsa_jbzd_87_3201,"87.3201",True,"经环状软骨支气管造影","诊断性操作"
nhsa_jbzd_87_3300,"87.3300",True,"纵隔充气造影图","诊断性操作"
nhsa_jbzd_87_3400,"87.3400",True,"胸内淋巴管造影图","诊断性操作"
nhsa_jbzd_87_3400x001,"87.3400x001",True,"纵隔淋巴管造影","诊断性操作"
nhsa_jbzd_87_3500,"87.3500",True,"对比剂乳腺管造影图","诊断性操作"
nhsa_jbzd_87_3501,"87.3501",True,"乳腺导管造影","诊断性操作"
nhsa_jbzd_87_3600,"87.3600",True,"乳房干版X线照相术","诊断性操作"
nhsa_jbzd_87_3600x001,"87.3600x001",True,"乳腺钼靶像","诊断性操作"
nhsa_jbzd_87_3700,"87.3700",True,"其他乳腺造影术","诊断性操作"
nhsa_jbzd_87_3701,"87.3701",True,"乳腺钼钯检查","诊断性操作"
nhsa_jbzd_87_3800,"87.3800",True,"胸壁窦道X线照相","诊断性操作"
nhsa_jbzd_87_3801,"87.3801",True,"胸壁瘘管造影图","诊断性操作"
nhsa_jbzd_87_3900,"87.3900",True,"胸壁其他软组织X线","诊断性操作"
nhsa_jbzd_87_4100,"87.4100",True,"胸计算机轴向断层照相术","诊断性操作"
nhsa_jbzd_87_4100x004,"87.4100x004",True,"胸部血管CT显像","诊断性操作"
nhsa_jbzd_87_4101,"87.4101",True,"胸部CT检查","诊断性操作"
nhsa_jbzd_87_4102,"87.4102",True,"肺CT检查","诊断性操作"
nhsa_jbzd_87_4103,"87.4103",True,"冠状动脉CT血管显像","诊断性操作"
nhsa_jbzd_87_4104,"87.4104",True,"心脏CT检查","诊断性操作"
nhsa_jbzd_87_4200,"87.4200",True,"胸其他断层照相术","诊断性操作"
nhsa_jbzd_87_4300,"87.4300",True,"肋骨、胸骨和锁骨X线检查","诊断性操作"
nhsa_jbzd_87_4300x004,"87.4300x004",True,"肋骨胸骨锁骨X线检查","诊断性操作"
nhsa_jbzd_87_4301,"87.4301",True,"肋骨X线检查","诊断性操作"
nhsa_jbzd_87_4302,"87.4302",True,"胸骨X线检查","诊断性操作"
nhsa_jbzd_87_4303,"87.4303",True,"锁骨X线检查","诊断性操作"
nhsa_jbzd_87_4400,"87.4400",True,"常规胸部X线","诊断性操作"
nhsa_jbzd_87_4401,"87.4401",True,"胸部X线检查","诊断性操作"
nhsa_jbzd_87_4900,"87.4900",True,"其他胸部X线检查","诊断性操作"
nhsa_jbzd_87_4900x001,"87.4900x001",True,"心脏X线检查","诊断性操作"
nhsa_jbzd_87_5100,"87.5100",True,"经皮肝胆管造影图","诊断性操作"
nhsa_jbzd_87_5101,"87.5101",True,"经皮肝穿刺胆管造影","诊断性操作"
nhsa_jbzd_87_5200,"87.5200",True,"静脉胆管造影图","诊断性操作"
nhsa_jbzd_87_5300,"87.5300",True,"手术中胆管造影图","诊断性操作"
nhsa_jbzd_87_5400,"87.5400",True,"其他胆管造影图","诊断性操作"
nhsa_jbzd_87_5400x003,"87.5400x003",True,"胰胆管造影","诊断性操作"
nhsa_jbzd_87_5401,"87.5401",True,"胆管造影","诊断性操作"
nhsa_jbzd_87_5402,"87.5402",True,"胆总管造影","诊断性操作"
nhsa_jbzd_87_5403,"87.5403",True,"胆道T管造影","诊断性操作"
nhsa_jbzd_87_5900,"87.5900",True,"其他胆管X线检查","诊断性操作"
nhsa_jbzd_87_5900x002,"87.5900x002",True,"术中胆囊造影","诊断性操作"
nhsa_jbzd_87_5900x003,"87.5900x003",True,"内镜下胆囊造影","诊断性操作"
nhsa_jbzd_87_5901,"87.5901",True,"胆囊造影","诊断性操作"
nhsa_jbzd_87_6100,"87.6100",True,"吞钡","诊断性操作"
nhsa_jbzd_87_6101,"87.6101",True,"钡餐造影","诊断性操作"
nhsa_jbzd_87_6200,"87.6200",True,"上消化道系列造影检查","诊断性操作"
nhsa_jbzd_87_6200x001,"87.6200x001",True,"上消化道造影","诊断性操作"
nhsa_jbzd_87_6300,"87.6300",True,"小肠造影","诊断性操作"
nhsa_jbzd_87_6400,"87.6400",True,"下消化道系列造影检查","诊断性操作"
nhsa_jbzd_87_6400x001,"87.6400x001",True,"下消化道造影","诊断性操作"
nhsa_jbzd_87_6401,"87.6401",True,"结肠钡灌肠造影","诊断性操作"
nhsa_jbzd_87_6500,"87.6500",True,"肠的其他X线检查","诊断性操作"
nhsa_jbzd_87_6600,"87.6600",True,"对比剂胰腺造影图","诊断性操作"
nhsa_jbzd_87_6600x001,"87.6600x001",True,"胰腺造影","诊断性操作"
nhsa_jbzd_87_6900,"87.6900",True,"其他消化道X线检查","诊断性操作"
nhsa_jbzd_87_6900x001,"87.6900x001",True,"全消化道造影","诊断性操作"
nhsa_jbzd_87_6901,"87.6901",True,"全胃肠造影","诊断性操作"
nhsa_jbzd_87_7100,"87.7100",True,"肾计算机轴向断层照相术","诊断性操作"
nhsa_jbzd_87_7101,"87.7101",True,"肾CT检查","诊断性操作"
nhsa_jbzd_87_7102,"87.7102",True,"肾血管CT显像","诊断性操作"
nhsa_jbzd_87_7200,"87.7200",True,"其他肾断层照相图","诊断性操作"
nhsa_jbzd_87_7300,"87.7300",True,"静脉内肾盂造影图","诊断性操作"
nhsa_jbzd_87_7301,"87.7301",True,"静脉输尿管肾盂造影","诊断性操作"
nhsa_jbzd_87_7302,"87.7302",True,"尿路造影","诊断性操作"
nhsa_jbzd_87_7400,"87.7400",True,"逆行肾盂造影图","诊断性操作"
nhsa_jbzd_87_7401,"87.7401",True,"逆行输尿管造影","诊断性操作"
nhsa_jbzd_87_7402,"87.7402",True,"逆行输尿管肾盂造影","诊断性操作"
nhsa_jbzd_87_7403,"87.7403",True,"逆行尿路造影","诊断性操作"
nhsa_jbzd_87_7500,"87.7500",True,"经皮肾盂造影图","诊断性操作"
nhsa_jbzd_87_7600,"87.7600",True,"逆行膀胱尿道造影图","诊断性操作"
nhsa_jbzd_87_7700,"87.7700",True,"其他膀胱造影图","诊断性操作"
nhsa_jbzd_87_7700x001,"87.7700x001",True,"膀胱造影","诊断性操作"
nhsa_jbzd_87_7800,"87.7800",True,"回肠代膀胱造影图","诊断性操作"
nhsa_jbzd_87_7900,"87.7900",True,"泌尿系统的其他X线检查","诊断性操作"
nhsa_jbzd_87_7901,"87.7901",True,"尿路平片（KUB)","诊断性操作"
nhsa_jbzd_87_8100,"87.8100",True,"妊娠子宫X线检查","诊断性操作"
nhsa_jbzd_87_8200,"87.8200",True,"气体对比剂子宫输卵管造影图","诊断性操作"
nhsa_jbzd_87_8201,"87.8201",True,"子宫-输卵管充气造影","诊断性操作"
nhsa_jbzd_87_8300,"87.8300",True,"不透光染色对比剂子宫输卵管造影图","诊断性操作"
nhsa_jbzd_87_8300x001,"87.8300x001",True,"子宫-输卵管造影","诊断性操作"
nhsa_jbzd_87_8300x002,"87.8300x002",True,"输卵管碘油造影","诊断性操作"
nhsa_jbzd_87_8400,"87.8400",True,"经皮子宫造影图","诊断性操作"
nhsa_jbzd_87_8500,"87.8500",True,"输卵管和子宫的其他X线检查","诊断性操作"
nhsa_jbzd_87_8501,"87.8501",True,"子宫造影","诊断性操作"
nhsa_jbzd_87_8502,"87.8502",True,"输卵管造影","诊断性操作"
nhsa_jbzd_87_8900,"87.8900",True,"女性生殖器官的其他X线检查","诊断性操作"
nhsa_jbzd_87_9100,"87.9100",True,"对比剂精囊造影图","诊断性操作"
nhsa_jbzd_87_9200,"87.9200",True,"前列腺和精囊的其他X线检查","诊断性操作"
nhsa_jbzd_87_9201,"87.9201",True,"前列腺造影","诊断性操作"
nhsa_jbzd_87_9202,"87.9202",True,"精囊造影","诊断性操作"
nhsa_jbzd_87_9300,"87.9300",True,"对比剂附睾造影图","诊断性操作"
nhsa_jbzd_87_9300x001,"87.9300x001",True,"附睾造影","诊断性操作"
nhsa_jbzd_87_9400,"87.9400",True,"对比剂输精管造影图","诊断性操作"
nhsa_jbzd_87_9400x001,"87.9400x001",True,"输精管造影","诊断性操作"
nhsa_jbzd_87_9500,"87.9500",True,"附睾和输精管的其他X线检查","诊断性操作"
nhsa_jbzd_87_9501,"87.9501",True,"附睾的其他X线检查","诊断性操作"
nhsa_jbzd_87_9502,"87.9502",True,"输精管的其他X线检查","诊断性操作"
nhsa_jbzd_87_9900,"87.9900",True,"男性生殖器官的其他X线检查","诊断性操作"
nhsa_jbzd_88_0100,"88.0100",True,"腹部计算机轴向断层照相术","诊断性操作"
nhsa_jbzd_88_0100x001,"88.0100x001",True,"腹部CT检查","诊断性操作"
nhsa_jbzd_88_0100x002,"88.0100x002",True,"腹部血管CT显像","诊断性操作"
nhsa_jbzd_88_0101,"88.0101",True,"肝脏CT检查","诊断性操作"
nhsa_jbzd_88_0102,"88.0102",True,"胰腺CT检查","诊断性操作"
nhsa_jbzd_88_0103,"88.0103",True,"盆腔CT检查","诊断性操作"
nhsa_jbzd_88_0104,"88.0104",True,"肾上腺CT检查","诊断性操作"
nhsa_jbzd_88_0200,"88.0200",True,"其他腹部断层照相图","诊断性操作"
nhsa_jbzd_88_0300,"88.0300",True,"腹壁窦道造影图","诊断性操作"
nhsa_jbzd_88_0400,"88.0400",True,"腹淋巴管造影图","诊断性操作"
nhsa_jbzd_88_0401,"88.0401",True,"盆腔淋巴管造影","诊断性操作"
nhsa_jbzd_88_0900,"88.0900",True,"腹壁的其他软组织X线检查","诊断性操作"
nhsa_jbzd_88_1100,"88.1100",True,"盆腔不透光染色对比放射照相术","诊断性操作"
nhsa_jbzd_88_1101,"88.1101",True,"盆腔造影","诊断性操作"
nhsa_jbzd_88_1200,"88.1200",True,"盆腔气体对比放射照相术","诊断性操作"
nhsa_jbzd_88_1201,"88.1201",True,"盆腔充气造影","诊断性操作"
nhsa_jbzd_88_1300,"88.1300",True,"其他腹腔充气造影图","诊断性操作"
nhsa_jbzd_88_1400,"88.1400",True,"腹膜后瘘管造影图","诊断性操作"
nhsa_jbzd_88_1500,"88.1500",True,"腹膜后充气造影图","诊断性操作"
nhsa_jbzd_88_1600,"88.1600",True,"其他腹膜后X线检查","诊断性操作"
nhsa_jbzd_88_1900,"88.1900",True,"腹部其他X线检查","诊断性操作"
nhsa_jbzd_88_1901,"88.1901",True,"腹部平片","诊断性操作"
nhsa_jbzd_88_2100,"88.2100",True,"肩和上臂的骨骼X线检查","诊断性操作"
nhsa_jbzd_88_2101,"88.2101",True,"肩关节X线检查","诊断性操作"
nhsa_jbzd_88_2102,"88.2102",True,"上臂X线检查","诊断性操作"
nhsa_jbzd_88_2200,"88.2200",True,"肘和前臂的骨骼X线检查","诊断性操作"
nhsa_jbzd_88_2201,"88.2201",True,"肘关节X线检查","诊断性操作"
nhsa_jbzd_88_2202,"88.2202",True,"前臂X线检查","诊断性操作"
nhsa_jbzd_88_2300,"88.2300",True,"腕和手的骨骼X线检查","诊断性操作"
nhsa_jbzd_88_2301,"88.2301",True,"腕关节X线检查","诊断性操作"
nhsa_jbzd_88_2302,"88.2302",True,"手X线检查","诊断性操作"
nhsa_jbzd_88_2303,"88.2303",True,"手指X线检查","诊断性操作"
nhsa_jbzd_88_2400,"88.2400",True,"上肢骨骼X线检查","诊断性操作"
nhsa_jbzd_88_2500,"88.2500",True,"骨盆测量","诊断性操作"
nhsa_jbzd_88_2600,"88.2600",True,"骨盆和髋的其他骨骼X线检查","诊断性操作"
nhsa_jbzd_88_2601,"88.2601",True,"髋关节X线检查","诊断性操作"
nhsa_jbzd_88_2602,"88.2602",True,"骨盆X线检查","诊断性操作"
nhsa_jbzd_88_2603,"88.2603",True,"骶骼关节X线检查","诊断性操作"
nhsa_jbzd_88_2700,"88.2700",True,"大腿、膝和小腿的骨骼X线检查","诊断性操作"
nhsa_jbzd_88_2701,"88.2701",True,"股骨X线检查","诊断性操作"
nhsa_jbzd_88_2702,"88.2702",True,"膝关节X线检查","诊断性操作"
nhsa_jbzd_88_2703,"88.2703",True,"胫腓骨X线检查","诊断性操作"
nhsa_jbzd_88_2800,"88.2800",True,"踝和足的骨骼X线检查","诊断性操作"
nhsa_jbzd_88_2801,"88.2801",True,"踝关节X线检查","诊断性操作"
nhsa_jbzd_88_2802,"88.2802",True,"足X线检查","诊断性操作"
nhsa_jbzd_88_2900,"88.2900",True,"下肢骨骼X线检查","诊断性操作"
nhsa_jbzd_88_3100,"88.3100",True,"骨骼摄片","诊断性操作"
nhsa_jbzd_88_3200,"88.3200",True,"对比剂关节造影图","诊断性操作"
nhsa_jbzd_88_3200x001,"88.3200x001",True,"关节造影","诊断性操作"
nhsa_jbzd_88_3201,"88.3201",True,"肩关节造影","诊断性操作"
nhsa_jbzd_88_3202,"88.3202",True,"肘关节造影","诊断性操作"
nhsa_jbzd_88_3203,"88.3203",True,"腕关节造影","诊断性操作"
nhsa_jbzd_88_3204,"88.3204",True,"髋关节造影","诊断性操作"
nhsa_jbzd_88_3205,"88.3205",True,"膝关节造影","诊断性操作"
nhsa_jbzd_88_3206,"88.3206",True,"踝关节造影","诊断性操作"
nhsa_jbzd_88_3300,"88.3300",True,"其他骨骼X线检查","诊断性操作"
nhsa_jbzd_88_3301,"88.3301",True,"骨龄测量","诊断性操作"
nhsa_jbzd_88_3400,"88.3400",True,"上肢淋巴管造影图","诊断性操作"
nhsa_jbzd_88_3500,"88.3500",True,"上肢的其他软组织X线检查","诊断性操作"
nhsa_jbzd_88_3600,"88.3600",True,"下肢的淋巴管造影图","诊断性操作"
nhsa_jbzd_88_3700,"88.3700",True,"下肢的其他软组织X线检查","诊断性操作"
nhsa_jbzd_88_3800,"88.3800",True,"其他计算机轴向断层照相术","诊断性操作"
nhsa_jbzd_88_3800x002,"88.3800x002",True,"颈椎CT检查","诊断性操作"
nhsa_jbzd_88_3800x003,"88.3800x003",True,"胸椎CT检查","诊断性操作"
nhsa_jbzd_88_3800x004,"88.3800x004",True,"腰椎CT检查","诊断性操作"
nhsa_jbzd_88_3800x005,"88.3800x005",True,"肘关节CT检查","诊断性操作"
nhsa_jbzd_88_3800x006,"88.3800x006",True,"踝关节CT检查","诊断性操作"
nhsa_jbzd_88_3800x007,"88.3800x007",True,"髋关节CT检查","诊断性操作"
nhsa_jbzd_88_3800x008,"88.3800x008",True,"膝关节CT检查","诊断性操作"
nhsa_jbzd_88_3800x014,"88.3800x014",True,"甲状腺CT检查","诊断性操作"
nhsa_jbzd_88_3800x015,"88.3800x015",True,"生殖系CT检查","诊断性操作"
nhsa_jbzd_88_3800x016,"88.3800x016",True,"泌尿系CT检查","诊断性操作"
nhsa_jbzd_88_3800x017,"88.3800x017",True,"肱骨CT检查","诊断性操作"
nhsa_jbzd_88_3800x018,"88.3800x018",True,"尺骨CT检查","诊断性操作"
nhsa_jbzd_88_3800x019,"88.3800x019",True,"桡骨CT检查","诊断性操作"
nhsa_jbzd_88_3800x020,"88.3800x020",True,"腕骨CT检查","诊断性操作"
nhsa_jbzd_88_3800x021,"88.3800x021",True,"掌骨CT检查","诊断性操作"
nhsa_jbzd_88_3800x022,"88.3800x022",True,"指骨CT检查","诊断性操作"
nhsa_jbzd_88_3800x023,"88.3800x023",True,"股骨CT检查","诊断性操作"
nhsa_jbzd_88_3800x024,"88.3800x024",True,"胫骨CT检查","诊断性操作"
nhsa_jbzd_88_3800x025,"88.3800x025",True,"腓骨CT检查","诊断性操作"
nhsa_jbzd_88_3800x026,"88.3800x026",True,"跗骨CT检查","诊断性操作"
nhsa_jbzd_88_3800x027,"88.3800x027",True,"跖骨CT检查","诊断性操作"
nhsa_jbzd_88_3800x028,"88.3800x028",True,"趾骨CT检查","诊断性操作"
nhsa_jbzd_88_3800x029,"88.3800x029",True,"骨盆CT检查","诊断性操作"
nhsa_jbzd_88_3800x030,"88.3800x030",True,"肩关节CT检查","诊断性操作"
nhsa_jbzd_88_3800x031,"88.3800x031",True,"腕关节CT检查","诊断性操作"
nhsa_jbzd_88_3800x032,"88.3800x032",True,"指关节CT检查","诊断性操作"
nhsa_jbzd_88_3800x033,"88.3800x033",True,"趾关节CT检查","诊断性操作"
nhsa_jbzd_88_3800x034,"88.3800x034",True,"骶髂关节CT检查","诊断性操作"
nhsa_jbzd_88_3800x035,"88.3800x035",True,"跟骨CT检查","诊断性操作"
nhsa_jbzd_88_3800x036,"88.3800x036",True,"距骨CT检查","诊断性操作"
nhsa_jbzd_88_3800x037,"88.3800x037",True,"上颌骨CT检查","诊断性操作"
nhsa_jbzd_88_3800x038,"88.3800x038",True,"咽喉部CT检查","诊断性操作"
nhsa_jbzd_88_3800x039,"88.3800x039",True,"锁骨下血管CT显像","诊断性操作"
nhsa_jbzd_88_3800x040,"88.3800x040",True,"脊髓血管CT显像","诊断性操作"
nhsa_jbzd_88_3800x041,"88.3800x041",True,"上肢血管CT显像","诊断性操作"
nhsa_jbzd_88_3800x042,"88.3800x042",True,"下肢血管CT显像","诊断性操作"
nhsa_jbzd_88_3800x043,"88.3800x043",True,"骶尾椎CT检查","诊断性操作"
nhsa_jbzd_88_3800x044,"88.3800x044",True,"颈部CT检查","诊断性操作"
nhsa_jbzd_88_3801,"88.3801",True,"脊柱CT检查","诊断性操作"
nhsa_jbzd_88_3802,"88.3802",True,"关节CT检查","诊断性操作"
nhsa_jbzd_88_3803,"88.3803",True,"肢体CT检查","诊断性操作"
nhsa_jbzd_88_3804,"88.3804",True,"鼻窦CT检查","诊断性操作"
nhsa_jbzd_88_3805,"88.3805",True,"眼CT检查","诊断性操作"
nhsa_jbzd_88_3900,"88.3900",True,"X线检查","诊断性操作"
nhsa_jbzd_88_3900x001,"88.3900x001",True,"全身淋巴管造影","诊断性操作"
nhsa_jbzd_88_4000,"88.4000",True,"对比剂动脉造影术","诊断性操作"
nhsa_jbzd_88_4100,"88.4100",True,"脑动脉造影术","诊断性操作"
nhsa_jbzd_88_4100x001,"88.4100x001",True,"基底动脉造影","诊断性操作"
nhsa_jbzd_88_4101,"88.4101",True,"脑血管造影","诊断性操作"
nhsa_jbzd_88_4102,"88.4102",True,"脊髓血管造影","诊断性操作"
nhsa_jbzd_88_4103,"88.4103",True,"颈动脉造影术","诊断性操作"
nhsa_jbzd_88_4104,"88.4104",True,"椎动脉造影","诊断性操作"
nhsa_jbzd_88_4200,"88.4200",True,"主动脉造影术","诊断性操作"
nhsa_jbzd_88_4201,"88.4201",True,"主动脉弓造影","诊断性操作"
nhsa_jbzd_88_4202,"88.4202",True,"胸主动脉造影","诊断性操作"
nhsa_jbzd_88_4203,"88.4203",True,"升主动脉造影","诊断性操作"
nhsa_jbzd_88_4204,"88.4204",True,"腹主动脉造影","诊断性操作"
nhsa_jbzd_88_4205,"88.4205",True,"降主动脉造影","诊断性操作"
nhsa_jbzd_88_4300,"88.4300",True,"肺动脉造影术","诊断性操作"
nhsa_jbzd_88_4300x002,"88.4300x002",True,"体-肺侧支造影[MAPCAS]","诊断性操作"
nhsa_jbzd_88_4400,"88.4400",True,"其他胸内动脉造影术","诊断性操作"
nhsa_jbzd_88_4400x001,"88.4400x001",True,"乳内动脉造影","诊断性操作"
nhsa_jbzd_88_4401,"88.4401",True,"锁骨下动脉造影","诊断性操作"
nhsa_jbzd_88_4402,"88.4402",True,"无名动脉造影","诊断性操作"
nhsa_jbzd_88_4403,"88.4403",True,"支气管动脉造影","诊断性操作"
nhsa_jbzd_88_4404,"88.4404",True,"膈动脉造影","诊断性操作"
nhsa_jbzd_88_4405,"88.4405",True,"肋间动脉造影","诊断性操作"
nhsa_jbzd_88_4500,"88.4500",True,"肾动脉造影术","诊断性操作"
nhsa_jbzd_88_4600,"88.4600",True,"胎盘动脉造影术","诊断性操作"
nhsa_jbzd_88_4700,"88.4700",True,"其他腹内动脉造影术","诊断性操作"
nhsa_jbzd_88_4700x001,"88.4700x001",True,"肾上腺动脉造影","诊断性操作"
nhsa_jbzd_88_4700x002,"88.4700x002",True,"腹腔干动脉造影","诊断性操作"
nhsa_jbzd_88_4701,"88.4701",True,"肝动脉造影","诊断性操作"
nhsa_jbzd_88_4702,"88.4702",True,"脾动脉造影","诊断性操作"
nhsa_jbzd_88_4703,"88.4703",True,"胃动脉造影","诊断性操作"
nhsa_jbzd_88_4704,"88.4704",True,"胰腺动脉造影","诊断性操作"
nhsa_jbzd_88_4705,"88.4705",True,"肠系膜上动脉造影","诊断性操作"
nhsa_jbzd_88_4706,"88.4706",True,"肠系膜下动脉造影","诊断性操作"
nhsa_jbzd_88_4707,"88.4707",True,"腹腔动脉造影","诊断性操作"
nhsa_jbzd_88_4800,"88.4800",True,"股和其他下肢动脉造影术","诊断性操作"
nhsa_jbzd_88_4800x005,"88.4800x005",True,"下肢动脉造影","诊断性操作"
nhsa_jbzd_88_4800x006,"88.4800x006",True,"腘动脉造影","诊断性操作"
nhsa_jbzd_88_4801,"88.4801",True,"股动脉造影","诊断性操作"
nhsa_jbzd_88_4900,"88.4900",True,"其他特指部位的动脉造影","诊断性操作"
nhsa_jbzd_88_4900x005,"88.4900x005",True,"全身动脉造影","诊断性操作"
nhsa_jbzd_88_4900x006,"88.4900x006",True,"肩峰动脉造影","诊断性操作"
nhsa_jbzd_88_4900x007,"88.4900x007",True,"阴茎动脉造影","诊断性操作"
nhsa_jbzd_88_4901,"88.4901",True,"上肢动脉造影","诊断性操作"
nhsa_jbzd_88_4902,"88.4902",True,"盆腔动脉造影","诊断性操作"
nhsa_jbzd_88_4903,"88.4903",True,"子宫动脉造影","诊断性操作"
nhsa_jbzd_88_4904,"88.4904",True,"髂动脉造影","诊断性操作"
nhsa_jbzd_88_5000,"88.5000",True,"心血管造影术","诊断性操作"
nhsa_jbzd_88_5100,"88.5100",True,"腔静脉心血管造影术","诊断性操作"
nhsa_jbzd_88_5101,"88.5101",True,"上腔静脉造影","诊断性操作"
nhsa_jbzd_88_5102,"88.5102",True,"下腔静脉造影","诊断性操作"
nhsa_jbzd_88_5200,"88.5200",True,"右心脏结构的心血管造影术","诊断性操作"
nhsa_jbzd_88_5201,"88.5201",True,"右心房造影","诊断性操作"
nhsa_jbzd_88_5202,"88.5202",True,"右心室造影","诊断性操作"
nhsa_jbzd_88_5300,"88.5300",True,"左心结构的心血管造影术","诊断性操作"
nhsa_jbzd_88_5301,"88.5301",True,"左心房造影","诊断性操作"
nhsa_jbzd_88_5302,"88.5302",True,"左心室造影","诊断性操作"
nhsa_jbzd_88_5400,"88.5400",True,"联合的右和左心脏心血管造影术","诊断性操作"
nhsa_jbzd_88_5400x001,"88.5400x001",True,"左右心联合造影","诊断性操作"
nhsa_jbzd_88_5500,"88.5500",True,"单根导管的冠状动脉造影术","诊断性操作"
nhsa_jbzd_88_5500x002,"88.5500x002",True,"单根导管冠状动脉搭桥术后桥血管造影","诊断性操作"
nhsa_jbzd_88_5600,"88.5600",True,"用两根导管的冠状动脉造影术","诊断性操作"
nhsa_jbzd_88_5600x002,"88.5600x002",True,"两根导管冠状动脉搭桥术后桥血管造影","诊断性操作"
nhsa_jbzd_88_5700,"88.5700",True,"其他和未特指的冠状动脉造影术","诊断性操作"
nhsa_jbzd_88_5700x003,"88.5700x003",True,"多根导管冠状动脉搭桥术后桥血管造影","诊断性操作"
nhsa_jbzd_88_5701,"88.5701",True,"多根导管冠状动脉造影","诊断性操作"
nhsa_jbzd_88_5800,"88.5800",True,"负对比剂心脏X线照相术","诊断性操作"
nhsa_jbzd_88_5900,"88.5900",True,"手术中冠状动脉荧光血管造影术","诊断性操作"
nhsa_jbzd_88_6000,"88.6000",True,"用对比剂静脉造影术，未特指的部位","诊断性操作"
nhsa_jbzd_88_6100,"88.6100",True,"用对比剂头和颈部静脉造影术","诊断性操作"
nhsa_jbzd_88_6101,"88.6101",True,"脑静脉造影","诊断性操作"
nhsa_jbzd_88_6102,"88.6102",True,"颈静脉造影","诊断性操作"
nhsa_jbzd_88_6103,"88.6103",True,"锁骨下静脉造影","诊断性操作"
nhsa_jbzd_88_6200,"88.6200",True,"用对比剂肺静脉造影术","诊断性操作"
nhsa_jbzd_88_6200x001,"88.6200x001",True,"肺静脉造影","诊断性操作"
nhsa_jbzd_88_6300,"88.6300",True,"用对比剂其他胸内静脉造影术","诊断性操作"
nhsa_jbzd_88_6400,"88.6400",True,"用对比剂门静脉系统静脉造影术","诊断性操作"
nhsa_jbzd_88_6400x001,"88.6400x001",True,"肝门静脉造影","诊断性操作"
nhsa_jbzd_88_6400x002,"88.6400x002",True,"门静脉造影","诊断性操作"
nhsa_jbzd_88_6400x003,"88.6400x003",True,"脾门静脉造影","诊断性操作"
nhsa_jbzd_88_6401,"88.6401",True,"肝静脉造影","诊断性操作"
nhsa_jbzd_88_6500,"88.6500",True,"用对比剂其他腹内静脉静脉造影术","诊断性操作"
nhsa_jbzd_88_6500x002,"88.6500x002",True,"腹内静脉造影","诊断性操作"
nhsa_jbzd_88_6500x005,"88.6500x005",True,"髂外静脉造影","诊断性操作"
nhsa_jbzd_88_6500x006,"88.6500x006",True,"肾上腺静脉造影","诊断性操作"
nhsa_jbzd_88_6501,"88.6501",True,"肠系膜静脉造影","诊断性操作"
nhsa_jbzd_88_6502,"88.6502",True,"肾静脉造影","诊断性操作"
nhsa_jbzd_88_6503,"88.6503",True,"卵巢静脉造影","诊断性操作"
nhsa_jbzd_88_6600,"88.6600",True,"用对比剂股和其他下肢静脉的静脉造影术","诊断性操作"
nhsa_jbzd_88_6600x002,"88.6600x002",True,"下肢静脉造影","诊断性操作"
nhsa_jbzd_88_6601,"88.6601",True,"股静脉造影","诊断性操作"
nhsa_jbzd_88_6700,"88.6700",True,"用对比剂其他特指部位的静脉造影术","诊断性操作"
nhsa_jbzd_88_6700x001,"88.6700x001",True,"垂直静脉造影","诊断性操作"
nhsa_jbzd_88_6701,"88.6701",True,"脊髓静脉造影","诊断性操作"
nhsa_jbzd_88_6702,"88.6702",True,"上肢静脉造影","诊断性操作"
nhsa_jbzd_88_6703,"88.6703",True,"髂静脉造影","诊断性操作"
nhsa_jbzd_88_6800,"88.6800",True,"阻抗静脉造影术","诊断性操作"
nhsa_jbzd_88_7100,"88.7100",True,"头和颈部的诊断性超声","诊断性操作"
nhsa_jbzd_88_7100x001,"88.7100x001",True,"颈部超声检查","诊断性操作"
nhsa_jbzd_88_7100x002,"88.7100x002",True,"头部超声检查","诊断性操作"
nhsa_jbzd_88_7100x004,"88.7100x004",True,"经颅多普勒颈动脉血流图","诊断性操作"
nhsa_jbzd_88_7100x005,"88.7100x005",True,"经颅多普勒眶动脉脑血流图","诊断性操作"
nhsa_jbzd_88_7101,"88.7101",True,"颈动脉多普勒氏超声检查","诊断性操作"
nhsa_jbzd_88_7102,"88.7102",True,"脑回波检查法","诊断性操作"
nhsa_jbzd_88_7103,"88.7103",True,"甲状腺超声检查","诊断性操作"
nhsa_jbzd_88_7104,"88.7104",True,"经颅多普勒超声检查(TCD)","诊断性操作"
nhsa_jbzd_88_7200,"88.7200",True,"心脏诊断性超声","诊断性操作"
nhsa_jbzd_88_7200x004,"88.7200x004",True,"心脏多普勒血流图","诊断性操作"
nhsa_jbzd_88_7201,"88.7201",True,"超声心动图","诊断性操作"
nhsa_jbzd_88_7202,"88.7202",True,"经食道超声心动图","诊断性操作"
nhsa_jbzd_88_7300,"88.7300",True,"胸的其他部位的诊断性超声","诊断性操作"
nhsa_jbzd_88_7300x003,"88.7300x003",True,"胸部超声检查","诊断性操作"
nhsa_jbzd_88_7300x004,"88.7300x004",True,"肺彩色超声检查","诊断性操作"
nhsa_jbzd_88_7300x005,"88.7300x005",True,"乳房彩色超声检查","诊断性操作"
nhsa_jbzd_88_7301,"88.7301",True,"肺超声检查","诊断性操作"
nhsa_jbzd_88_7302,"88.7302",True,"乳房超声检查","诊断性操作"
nhsa_jbzd_88_7303,"88.7303",True,"主动脉弓超声检查","诊断性操作"
nhsa_jbzd_88_7400,"88.7400",True,"消化系统的诊断性超声","诊断性操作"
nhsa_jbzd_88_7400x001,"88.7400x001",True,"食管超声检查","诊断性操作"
nhsa_jbzd_88_7400x002,"88.7400x002",True,"胃超声检查","诊断性操作"
nhsa_jbzd_88_7400x003,"88.7400x003",True,"食管彩色超声检查","诊断性操作"
nhsa_jbzd_88_7400x004,"88.7400x004",True,"胃彩色超声检查","诊断性操作"
nhsa_jbzd_88_7400x005,"88.7400x005",True,"直肠超声检查","诊断性操作"
nhsa_jbzd_88_7400x006,"88.7400x006",True,"消化道系统超声检查","诊断性操作"
nhsa_jbzd_88_7400x007,"88.7400x007",True,"肝脏超声造影","诊断性操作"
nhsa_jbzd_88_7401,"88.7401",True,"肝胆胰超声检查","诊断性操作"
nhsa_jbzd_88_7402,"88.7402",True,"肝血管超声声学造影","诊断性操作"
nhsa_jbzd_88_7403,"88.7403",True,"肝超声检查","诊断性操作"
nhsa_jbzd_88_7404,"88.7404",True,"胆道超声检查","诊断性操作"
nhsa_jbzd_88_7500,"88.7500",True,"泌尿系统的诊断性超声","诊断性操作"
nhsa_jbzd_88_7500x001,"88.7500x001",True,"泌尿系超声检查","诊断性操作"
nhsa_jbzd_88_7501,"88.7501",True,"经直肠前列腺诊断性超声","诊断性操作"
nhsa_jbzd_88_7502,"88.7502",True,"前列腺超声检查","诊断性操作"
nhsa_jbzd_88_7503,"88.7503",True,"肾超声检查","诊断性操作"
nhsa_jbzd_88_7504,"88.7504",True,"膀胱超声检查","诊断性操作"
nhsa_jbzd_88_7600,"88.7600",True,"腹部和腹膜后的诊断性超声","诊断性操作"
nhsa_jbzd_88_7600x001,"88.7600x001",True,"腹部超声检查","诊断性操作"
nhsa_jbzd_88_7600x002,"88.7600x002",True,"腹部彩色超声检查","诊断性操作"
nhsa_jbzd_88_7601,"88.7601",True,"肝胆胰脾超声检查","诊断性操作"
nhsa_jbzd_88_7700,"88.7700",True,"周围血管的诊断性超声","诊断性操作"
nhsa_jbzd_88_7700x001,"88.7700x001",True,"下肢血管超声检查","诊断性操作"
nhsa_jbzd_88_7700x002,"88.7700x002",True,"上肢血管超声检查","诊断性操作"
nhsa_jbzd_88_7700x003,"88.7700x003",True,"颈部血管超声检查","诊断性操作"
nhsa_jbzd_88_7700x004,"88.7700x004",True,"胸部血管超声检查","诊断性操作"
nhsa_jbzd_88_7700x005,"88.7700x005",True,"肾血管超声检查","诊断性操作"
nhsa_jbzd_88_7700x006,"88.7700x006",True,"腹部血管超声检查","诊断性操作"
nhsa_jbzd_88_7700x007,"88.7700x007",True,"锁骨下动脉超声检查","诊断性操作"
nhsa_jbzd_88_7701,"88.7701",True,"肢体血管超声检查","诊断性操作"
nhsa_jbzd_88_7800,"88.7800",True,"妊娠子宫的诊断性超声","诊断性操作"
nhsa_jbzd_88_7801,"88.7801",True,"经阴道妊娠子宫超声检查","诊断性操作"
nhsa_jbzd_88_7900,"88.7900",True,"其他诊断性超声","诊断性操作"
nhsa_jbzd_88_7900x001,"88.7900x001",True,"盆腔超声检查","诊断性操作"
nhsa_jbzd_88_7900x004,"88.7900x004",True,"子宫超声检查","诊断性操作"
nhsa_jbzd_88_7900x005,"88.7900x005",True,"腕关节超声检查","诊断性操作"
nhsa_jbzd_88_7900x007,"88.7900x007",True,"背部超声检查","诊断性操作"
nhsa_jbzd_88_7900x008,"88.7900x008",True,"肩关节超声检查","诊断性操作"
nhsa_jbzd_88_7900x009,"88.7900x009",True,"膝关节超声检查","诊断性操作"
nhsa_jbzd_88_7900x010,"88.7900x010",True,"经阴道子宫超声检查","诊断性操作"
nhsa_jbzd_88_7900x013,"88.7900x013",True,"髋关节超声检查","诊断性操作"
nhsa_jbzd_88_7901,"88.7901",True,"经腹妇科超声检查","诊断性操作"
nhsa_jbzd_88_7902,"88.7902",True,"经阴道妇科超声检查","诊断性操作"
nhsa_jbzd_88_7903,"88.7903",True,"经直肠妇科超声检查","诊断性操作"
nhsa_jbzd_88_7904,"88.7904",True,"关节超声检查","诊断性操作"
nhsa_jbzd_88_7905,"88.7905",True,"浅表淋巴结超声检查","诊断性操作"
nhsa_jbzd_88_7906,"88.7906",True,"阴囊超声检查","诊断性操作"
nhsa_jbzd_88_7907,"88.7907",True,"软组织超声检查","诊断性操作"
nhsa_jbzd_88_8100,"88.8100",True,"脑热影像图","诊断性操作"
nhsa_jbzd_88_8200,"88.8200",True,"眼热影像图","诊断性操作"
nhsa_jbzd_88_8300,"88.8300",True,"骨热影像图","诊断性操作"
nhsa_jbzd_88_8300x002,"88.8300x002",True,"骨关节热影像图","诊断性操作"
nhsa_jbzd_88_8400,"88.8400",True,"肌热影像图","诊断性操作"
nhsa_jbzd_88_8500,"88.8500",True,"乳房热影像图","诊断性操作"
nhsa_jbzd_88_8600,"88.8600",True,"血管热影像图","诊断性操作"
nhsa_jbzd_88_8900,"88.8900",True,"其他部位热影像图","诊断性操作"
nhsa_jbzd_88_8901,"88.8901",True,"淋巴热像图","诊断性操作"
nhsa_jbzd_88_9000,"88.9000",True,"诊断性影像","诊断性操作"
nhsa_jbzd_88_9000x001,"88.9000x001",True,"眼光学相干断层扫描(OCT)","诊断性操作"
nhsa_jbzd_88_9100,"88.9100",True,"大脑和脑干的磁共振成像","诊断性操作"
nhsa_jbzd_88_9100x003,"88.9100x003",True,"头部血管核磁共振检查","诊断性操作"
nhsa_jbzd_88_9101,"88.9101",True,"头部磁共振检查","诊断性操作"
nhsa_jbzd_88_9200,"88.9200",True,"胸和心肌的磁共振成像","诊断性操作"
nhsa_jbzd_88_9201,"88.9201",True,"心脏磁共振检查","诊断性操作"
nhsa_jbzd_88_9202,"88.9202",True,"胸部磁共振检查","诊断性操作"
nhsa_jbzd_88_9203,"88.9203",True,"乳腺磁共振检查","诊断性操作"
nhsa_jbzd_88_9300,"88.9300",True,"椎管磁共振成像","诊断性操作"
nhsa_jbzd_88_9301,"88.9301",True,"颈椎磁共振检查","诊断性操作"
nhsa_jbzd_88_9302,"88.9302",True,"胸椎磁共振检查","诊断性操作"
nhsa_jbzd_88_9303,"88.9303",True,"腰椎磁共振检查","诊断性操作"
nhsa_jbzd_88_9304,"88.9304",True,"骶尾椎磁共振检查","诊断性操作"
nhsa_jbzd_88_9400,"88.9400",True,"肌肉骨骼的磁共振成像","诊断性操作"
nhsa_jbzd_88_9401,"88.9401",True,"上肢磁共振检查","诊断性操作"
nhsa_jbzd_88_9402,"88.9402",True,"下肢磁共振检查","诊断性操作"
nhsa_jbzd_88_9500,"88.9500",True,"骨盆、前列腺和膀胱的磁共振成像","诊断性操作"
nhsa_jbzd_88_9501,"88.9501",True,"骨盆磁共振检查","诊断性操作"
nhsa_jbzd_88_9502,"88.9502",True,"前列腺磁共振检查","诊断性操作"
nhsa_jbzd_88_9503,"88.9503",True,"膀胱磁共振检查","诊断性操作"
nhsa_jbzd_88_9504,"88.9504",True,"核磁共振泌尿系造影(MRU)","诊断性操作"
nhsa_jbzd_88_9600,"88.9600",True,"其他手术中磁共振影像","诊断性操作"
nhsa_jbzd_88_9700,"88.9700",True,"其他和未特指部位的磁共振成像","诊断性操作"
nhsa_jbzd_88_9700x002,"88.9700x002",True,"眼眶核磁共振检查","诊断性操作"
nhsa_jbzd_88_9700x004,"88.9700x004",True,"颈部核磁共振检查","诊断性操作"
nhsa_jbzd_88_9700x006,"88.9700x006",True,"核磁共振胰胆管造影(MRCP)","诊断性操作"
nhsa_jbzd_88_9700x007,"88.9700x007",True,"核磁共振排粪检查","诊断性操作"
nhsa_jbzd_88_9701,"88.9701",True,"鼻窦核磁共振检查","诊断性操作"
nhsa_jbzd_88_9702,"88.9702",True,"颈部磁共振检查","诊断性操作"
nhsa_jbzd_88_9703,"88.9703",True,"腹部磁共振检查","诊断性操作"
nhsa_jbzd_88_9704,"88.9704",True,"眼磁共振检查","诊断性操作"
nhsa_jbzd_88_9705,"88.9705",True,"颈部血管核磁共振检查","诊断性操作"
nhsa_jbzd_88_9800,"88.9800",True,"骨矿物质密度检查","诊断性操作"
nhsa_jbzd_89_0100,"89.0100",True,"简单会谈和评估","诊断性操作"
nhsa_jbzd_89_0200,"89.0200",True,"局限性会谈和评估","诊断性操作"
nhsa_jbzd_89_0300,"89.0300",True,"全面会谈和评估","诊断性操作"
nhsa_jbzd_89_0301,"89.0301",True,"人体残伤测定","诊断性操作"
nhsa_jbzd_89_0400,"89.0400",True,"其他会谈和评估","诊断性操作"
nhsa_jbzd_89_0500,"89.0500",True,"诊断性会谈和评估","诊断性操作"
nhsa_jbzd_89_0600,"89.0600",True,"局限性会诊","诊断性操作"
nhsa_jbzd_89_0601,"89.0601",True,"单科会诊","诊断性操作"
nhsa_jbzd_89_0700,"89.0700",True,"全面会诊","诊断性操作"
nhsa_jbzd_89_0800,"89.0800",True,"其他会诊","诊断性操作"
nhsa_jbzd_89_0800x002,"89.0800x002",True,"远程会诊","诊断性操作"
nhsa_jbzd_89_0801,"89.0801",True,"院外会诊","诊断性操作"
nhsa_jbzd_89_0900,"89.0900",True,"会诊","诊断性操作"
nhsa_jbzd_89_1000,"89.1000",True,"颈内动脉异戊巴比妥试验","诊断性操作"
nhsa_jbzd_89_1100,"89.1100",True,"眼压测量法","诊断性操作"
nhsa_jbzd_89_1200,"89.1200",True,"鼻功能性检查","诊断性操作"
nhsa_jbzd_89_1201,"89.1201",True,"嗅觉检测","诊断性操作"
nhsa_jbzd_89_1300,"89.1300",True,"神经系统检查","诊断性操作"
nhsa_jbzd_89_1301,"89.1301",True,"脑干听觉诱发电位","诊断性操作"
nhsa_jbzd_89_1400,"89.1400",True,"脑电图","诊断性操作"
nhsa_jbzd_89_1500,"89.1500",True,"其他非手术性神经功能试验","诊断性操作"
nhsa_jbzd_89_1500x001,"89.1500x001",True,"体感诱发电位[SEP]","诊断性操作"
nhsa_jbzd_89_1600,"89.1600",True,"新生儿颅骨透照法","诊断性操作"
nhsa_jbzd_89_1700,"89.1700",True,"睡眠脑电图","诊断性操作"
nhsa_jbzd_89_1700x001,"89.1700x001",True,"多导睡眠脑电图","诊断性操作"
nhsa_jbzd_89_1701,"89.1701",True,"睡眠监测","诊断性操作"
nhsa_jbzd_89_1702,"89.1702",True,"多导睡眠呼吸监测","诊断性操作"
nhsa_jbzd_89_1800,"89.1800",True,"其他睡眠疾患功能试验","诊断性操作"
nhsa_jbzd_89_1800x001,"89.1800x001",True,"多导睡眠监测","诊断性操作"
nhsa_jbzd_89_1900,"89.1900",True,"视频和无线电遥控脑电图监测","诊断性操作"
nhsa_jbzd_89_1900x001,"89.1900x001",True,"视频脑电图监测","诊断性操作"
nhsa_jbzd_89_1900x002,"89.1900x002",True,"脑电双频指数监测[BIS]","诊断性操作"
nhsa_jbzd_89_2100,"89.2100",True,"尿路压力测定","诊断性操作"
nhsa_jbzd_89_2200,"89.2200",True,"膀胱内压图","诊断性操作"
nhsa_jbzd_89_2300,"89.2300",True,"尿道括约肌肌电图","诊断性操作"
nhsa_jbzd_89_2400,"89.2400",True,"尿流量测定[UFR]","诊断性操作"
nhsa_jbzd_89_2500,"89.2500",True,"尿道压力分布图[UPP]","诊断性操作"
nhsa_jbzd_89_2600,"89.2600",True,"妇科检查","诊断性操作"
nhsa_jbzd_89_2600x001,"89.2600x001",True,"妇科手法检查","诊断性操作"
nhsa_jbzd_89_2600x003,"89.2600x003",True,"骨盆内外测量","诊断性操作"
nhsa_jbzd_89_2900,"89.2900",True,"其他非手术性泌尿生殖系统测量","诊断性操作"
nhsa_jbzd_89_2901,"89.2901",True,"尿生物测定","诊断性操作"
nhsa_jbzd_89_2902,"89.2902",True,"尿化学检查","诊断性操作"
nhsa_jbzd_89_3100,"89.3100",True,"牙科检查","诊断性操作"
nhsa_jbzd_89_3200,"89.3200",True,"食管压力测定","诊断性操作"
nhsa_jbzd_89_3300,"89.3300",True,"肠造口指检","诊断性操作"
nhsa_jbzd_89_3300x002,"89.3300x002",True,"结肠造口指检","诊断性操作"
nhsa_jbzd_89_3400,"89.3400",True,"直肠指检","诊断性操作"
nhsa_jbzd_89_3500,"89.3500",True,"鼻窦透照法","诊断性操作"
nhsa_jbzd_89_3600,"89.3600",True,"乳房手法检查","诊断性操作"
nhsa_jbzd_89_3700,"89.3700",True,"肺活量测定","诊断性操作"
nhsa_jbzd_89_3700x001,"89.3700x001",True,"跨肺压监测","诊断性操作"
nhsa_jbzd_89_3701,"89.3701",True,"肺功能测定","诊断性操作"
nhsa_jbzd_89_3702,"89.3702",True,"肺功能康复评定","诊断性操作"
nhsa_jbzd_89_3800,"89.3800",True,"其他非手术性呼吸测量","诊断性操作"
nhsa_jbzd_89_3801,"89.3801",True,"气道激发试验","诊断性操作"
nhsa_jbzd_89_3900,"89.3900",True,"其他非手术性测量和检查","诊断性操作"
nhsa_jbzd_89_3900x001,"89.3900x001",True,"营养状态评估","诊断性操作"
nhsa_jbzd_89_3901,"89.3901",True,"13C-尿素呼气试验","诊断性操作"
nhsa_jbzd_89_3902,"89.3902",True,"肛门直肠压力测定","诊断性操作"
nhsa_jbzd_89_3903,"89.3903",True,"食管内24小时PH监测","诊断性操作"
nhsa_jbzd_89_4100,"89.4100",True,"踏旋器运动测验测定心血管应激功能","诊断性操作"
nhsa_jbzd_89_4101,"89.4101",True,"活动平板运动试验","诊断性操作"
nhsa_jbzd_89_4200,"89.4200",True,"马斯特斯二阶应激试验","诊断性操作"
nhsa_jbzd_89_4300,"89.4300",True,"自行车测力计测定心血管应激功能","诊断性操作"
nhsa_jbzd_89_4301,"89.4301",True,"蹬车运动试验","诊断性操作"
nhsa_jbzd_89_4400,"89.4400",True,"其他心血管应激试验","诊断性操作"
nhsa_jbzd_89_4401,"89.4401",True,"铊应激试验伴经食管心室起搏","诊断性操作"
nhsa_jbzd_89_4402,"89.4402",True,"铊应激试验不伴经食管心室起搏","诊断性操作"
nhsa_jbzd_89_4500,"89.4500",True,"人工起搏器速率检查","诊断性操作"
nhsa_jbzd_89_4501,"89.4501",True,"人工起搏器功能检查","诊断性操作"
nhsa_jbzd_89_4600,"89.4600",True,"人工起搏器伪差波形检查","诊断性操作"
nhsa_jbzd_89_4700,"89.4700",True,"人工起搏器电极阻抗检查","诊断性操作"
nhsa_jbzd_89_4800,"89.4800",True,"人工起搏器电压或电流阈值检查","诊断性操作"
nhsa_jbzd_89_4900,"89.4900",True,"自动化可置入的复率器（或）除颤器(AICD)检查","诊断性操作"
nhsa_jbzd_89_5000,"89.5000",True,"流动心脏监测","诊断性操作"
nhsa_jbzd_89_5001,"89.5001",True,"24小时动态心电图","诊断性操作"
nhsa_jbzd_89_5100,"89.5100",True,"节律心电图","诊断性操作"
nhsa_jbzd_89_5200,"89.5200",True,"心电图","诊断性操作"
nhsa_jbzd_89_5300,"89.5300",True,"心电向量图(用ECG)","诊断性操作"
nhsa_jbzd_89_5400,"89.5400",True,"心电监测","诊断性操作"
nhsa_jbzd_89_5500,"89.5500",True,"用ECG导联的心音图","诊断性操作"
nhsa_jbzd_89_5501,"89.5501",True,"心音图","诊断性操作"
nhsa_jbzd_89_5600,"89.5600",True,"用ECG导联的颈动脉搏动","诊断性操作"
nhsa_jbzd_89_5700,"89.5700",True,"心尖心动图(用ECG导联)","诊断性操作"
nhsa_jbzd_89_5800,"89.5800",True,"体积描记图","诊断性操作"
nhsa_jbzd_89_5801,"89.5801",True,"Rigiscan检查","诊断性操作"
nhsa_jbzd_89_5900,"89.5900",True,"其他非手术性心脏和血管测量","诊断性操作"
nhsa_jbzd_89_5900x002,"89.5900x002",True,"动脉硬化检测","诊断性操作"
nhsa_jbzd_89_5900x003,"89.5900x003",True,"直立倾斜试验","诊断性操作"
nhsa_jbzd_89_5900x004,"89.5900x004",True,"经食道心脏调搏术","治疗性操作"
nhsa_jbzd_89_5901,"89.5901",True,"心电生理检查","诊断性操作"
nhsa_jbzd_89_6000,"89.6000",True,"持续性动脉内血气监测","诊断性操作"
nhsa_jbzd_89_6000x001,"89.6000x001",True,"连续血氧饱和度监测","诊断性操作"
nhsa_jbzd_89_6100,"89.6100",True,"全身动脉压监测","诊断性操作"
nhsa_jbzd_89_6100x001,"89.6100x001",True,"24小时血压监测","诊断性操作"
nhsa_jbzd_89_6200,"89.6200",True,"中心静脉压监测","诊断性操作"
nhsa_jbzd_89_6300,"89.6300",True,"肺动脉压监测","诊断性操作"
nhsa_jbzd_89_6400,"89.6400",True,"肺动脉楔形监测","诊断性操作"
nhsa_jbzd_89_6400x001,"89.6400x001",True,"漂浮导管检查[Swan-Ganz导管插入]","诊断性操作"
nhsa_jbzd_89_6400x003,"89.6400x003",True,"肺动脉嵌入压监测","诊断性操作"
nhsa_jbzd_89_6500,"89.6500",True,"全身动脉血气测量","诊断性操作"
nhsa_jbzd_89_6500x002,"89.6500x002",True,"动脉血气分析","诊断性操作"
nhsa_jbzd_89_6600,"89.6600",True,"混合静脉血气测量","诊断性操作"
nhsa_jbzd_89_6700,"89.6700",True,"心脏排出量监测，用氧耗技术","诊断性操作"
nhsa_jbzd_89_6800,"89.6800",True,"心脏排出量监测，其他技术","诊断性操作"
nhsa_jbzd_89_6800x001,"89.6800x001",True,"持续心排量监测（非有创）(NICCO)","诊断性操作"
nhsa_jbzd_89_6801,"89.6801",True,"心脏排出量监测（PICCO）","诊断性操作"
nhsa_jbzd_89_6900,"89.6900",True,"冠状动脉血流监测","诊断性操作"
nhsa_jbzd_89_7x00,"89.7x00",True,"全身体格检查","诊断性操作"
nhsa_jbzd_89_8x00,"89.8x00",True,"尸检","诊断性操作"
nhsa_jbzd_90_0x00,"90.0x00",True,"神经系统标本和脊髓液的显微镜检查","诊断性操作"
nhsa_jbzd_90_1x00,"90.1x00",True,"内分泌腺标本的显微镜检查","诊断性操作"
nhsa_jbzd_90_2x00,"90.2x00",True,"眼标本的显微镜检查","诊断性操作"
nhsa_jbzd_90_3x00,"90.3x00",True,"耳、鼻、咽和喉标本的显微镜检查","诊断性操作"
nhsa_jbzd_90_4x00,"90.4x00",True,"气管、支气管、胸膜、肺标本和其他胸部标本和痰的显微镜检查","诊断性操作"
nhsa_jbzd_90_5x00,"90.5x00",True,"血显微镜检查","诊断性操作"
nhsa_jbzd_90_6x00,"90.6x00",True,"脾和骨髓的标本显微镜检查","诊断性操作"
nhsa_jbzd_90_6x01,"90.6x01",True,"骨髓涂片显微镜检查","诊断性操作"
nhsa_jbzd_90_7x00,"90.7x00",True,"淋巴结和淋巴标本的显微镜检查","诊断性操作"
nhsa_jbzd_90_8x00,"90.8x00",True,"上消化道标本和呕吐物的显微镜检查","诊断性操作"
nhsa_jbzd_90_9x00,"90.9x00",True,"下消化道标本和大便的显微镜检查","诊断性操作"
nhsa_jbzd_91_0x00,"91.0x00",True,"肝、胆管和胰腺标本的显微镜检查","诊断性操作"
nhsa_jbzd_91_1x00,"91.1x00",True,"腹膜和腹膜后标本的显微镜检查","诊断性操作"
nhsa_jbzd_91_2x00,"91.2x00",True,"肾、子宫、肾周和输尿管周围组织标本的显微镜检查","诊断性操作"
nhsa_jbzd_91_3x00,"91.3x00",True,"膀胱、尿道、前列腺、精囊、膀胱周围组织标本和尿及精液的显微镜检查","诊断性操作"
nhsa_jbzd_91_4x00,"91.4x00",True,"女性生殖道标本的显微镜检查","诊断性操作"
nhsa_jbzd_91_5x00,"91.5x00",True,"肌肉骨骼系统标本和关节积液的显微镜检查","诊断性操作"
nhsa_jbzd_91_6x00,"91.6x00",True,"皮肤和其他体被标本的显微镜检查","诊断性操作"
nhsa_jbzd_91_7x00,"91.7x00",True,"手术伤口标本的显微镜检查","诊断性操作"
nhsa_jbzd_91_8x00,"91.8x00",True,"其他部位标本的显微镜检查","诊断性操作"
nhsa_jbzd_91_9x00,"91.9x00",True,"标本显微镜检查","诊断性操作"
nhsa_jbzd_92_0100,"92.0100",True,"甲状腺扫描和放射性核素功能检查","诊断性操作"
nhsa_jbzd_92_0101,"92.0101",True,"甲状腺核素扫描","诊断性操作"
nhsa_jbzd_92_0200,"92.0200",True,"肝扫描和放射性核素功能检查","诊断性操作"
nhsa_jbzd_92_0201,"92.0201",True,"肝核素扫描","诊断性操作"
nhsa_jbzd_92_0300,"92.0300",True,"肾扫描和放射性核素功能检查","诊断性操作"
nhsa_jbzd_92_0300x002,"92.0300x002",True,"肾清除率检查","诊断性操作"
nhsa_jbzd_92_0301,"92.0301",True,"肾核素扫描","诊断性操作"
nhsa_jbzd_92_0400,"92.0400",True,"胃肠扫描和放射性核素功能检查","诊断性操作"
nhsa_jbzd_92_0400x001,"92.0400x001",True,"胃食管核素检查","诊断性操作"
nhsa_jbzd_92_0401,"92.0401",True,"胃肠核素扫描","诊断性操作"
nhsa_jbzd_92_0500,"92.0500",True,"心血管和造血系统扫描和放射性核素功能检查","诊断性操作"
nhsa_jbzd_92_0500x001,"92.0500x001",True,"心肌核素显像","诊断性操作"
nhsa_jbzd_92_0501,"92.0501",True,"心血管核素扫描","诊断性操作"
nhsa_jbzd_92_0502,"92.0502",True,"骨髓核素扫描","诊断性操作"
nhsa_jbzd_92_0503,"92.0503",True,"脾核素扫描","诊断性操作"
nhsa_jbzd_92_0900,"92.0900",True,"其他放射性核素功能检查","诊断性操作"
nhsa_jbzd_92_0900x001,"92.0900x001",True,"肾上腺核素扫描","诊断性操作"
nhsa_jbzd_92_0900x002,"92.0900x002",True,"其他放射性核素扫描","诊断性操作"
nhsa_jbzd_92_1100,"92.1100",True,"脑扫描","诊断性操作"
nhsa_jbzd_92_1101,"92.1101",True,"脑核素扫描","诊断性操作"
nhsa_jbzd_92_1200,"92.1200",True,"头其他部位的扫描","诊断性操作"
nhsa_jbzd_92_1201,"92.1201",True,"腮腺核素扫描","诊断性操作"
nhsa_jbzd_92_1202,"92.1202",True,"耳咽管核素扫描","诊断性操作"
nhsa_jbzd_92_1300,"92.1300",True,"甲状旁腺扫描","诊断性操作"
nhsa_jbzd_92_1300x001,"92.1300x001",True,"甲状旁腺核素扫描","诊断性操作"
nhsa_jbzd_92_1400,"92.1400",True,"骨扫描","诊断性操作"
nhsa_jbzd_92_1401,"92.1401",True,"骨核素扫描","诊断性操作"
nhsa_jbzd_92_1500,"92.1500",True,"肺扫描","诊断性操作"
nhsa_jbzd_92_1501,"92.1501",True,"肺核素扫描","诊断性操作"
nhsa_jbzd_92_1600,"92.1600",True,"淋巴系统扫描","诊断性操作"
nhsa_jbzd_92_1601,"92.1601",True,"淋巴系统核素扫描","诊断性操作"
nhsa_jbzd_92_1700,"92.1700",True,"胎盘扫描","诊断性操作"
nhsa_jbzd_92_1701,"92.1701",True,"胎盘核素扫描","诊断性操作"
nhsa_jbzd_92_1800,"92.1800",True,"全身扫描","诊断性操作"
nhsa_jbzd_92_1800x001,"92.1800x001",True,"全身核素扫描","诊断性操作"
nhsa_jbzd_92_1800x002,"92.1800x002",True,"PET-CT扫描","诊断性操作"
nhsa_jbzd_92_1801,"92.1801",True,"全身正子X线断层显像-计算机断层显像","诊断性操作"
nhsa_jbzd_92_1900,"92.1900",True,"其他部位扫描","诊断性操作"
nhsa_jbzd_92_1900x001,"92.1900x001",True,"唾液腺核素扫描","诊断性操作"
nhsa_jbzd_92_1901,"92.1901",True,"肢体静脉核素扫描","诊断性操作"
nhsa_jbzd_92_1902,"92.1902",True,"肢体动脉核素扫描","诊断性操作"
nhsa_jbzd_92_1903,"92.1903",True,"腹部核素扫描","诊断性操作"
nhsa_jbzd_92_1904,"92.1904",True,"盆腔核素扫描","诊断性操作"
nhsa_jbzd_92_1905,"92.1905",True,"乳房核素扫描","诊断性操作"
nhsa_jbzd_92_2000,"92.2000",True,"短程放射性核素治疗的液体输注","治疗性操作"
nhsa_jbzd_92_2001,"92.2001",True,"碘-125放射性同位素近距离治疗","治疗性操作"
nhsa_jbzd_92_2100,"92.2100",True,"表浅放射治疗","治疗性操作"
nhsa_jbzd_92_2200,"92.2200",True,"正电压放射治疗","治疗性操作"
nhsa_jbzd_92_2201,"92.2201",True,"深部放射治疗","治疗性操作"
nhsa_jbzd_92_2300,"92.2300",True,"放射性核素远距离放射疗法","治疗性操作"
nhsa_jbzd_92_2301,"92.2301",True,"碘-125放射性同位素远距离治疗","治疗性操作"
nhsa_jbzd_92_2302,"92.2302",True,"放射性铯远距离治疗","治疗性操作"
nhsa_jbzd_92_2303,"92.2303",True,"钴-60放射性同位素远距离治疗","治疗性操作"
nhsa_jbzd_92_2400,"92.2400",True,"光子远距离放射疗法","治疗性操作"
nhsa_jbzd_92_2400x002,"92.2400x002",True,"三维适形放射治疗[3D-CRT]","治疗性操作"
nhsa_jbzd_92_2400x003,"92.2400x003",True,"调强适形放射治疗[IMRT]","治疗性操作"
nhsa_jbzd_92_2400x004,"92.2400x004",True,"体部立体定向放射治疗[SBRT]","治疗性操作"
nhsa_jbzd_92_2400x005,"92.2400x005",True,"容积弧形调强放射治疗[VMAT]","治疗性操作"
nhsa_jbzd_92_2400x006,"92.2400x006",True,"影像引导调强适形放射治疗[IGRT]","治疗性操作"
nhsa_jbzd_92_2400x007,"92.2400x007",True,"螺旋断层放射治疗[TOMO]","治疗性操作"
nhsa_jbzd_92_2500,"92.2500",True,"电子远距离放射疗法","治疗性操作"
nhsa_jbzd_92_2501,"92.2501",True,"β-粒子放疗","治疗性操作"
nhsa_jbzd_92_2600,"92.2600",True,"其他粒子辐射的远距离放射疗法","治疗性操作"
nhsa_jbzd_92_2601,"92.2601",True,"质子远距离放射治疗","治疗性操作"
nhsa_jbzd_92_2602,"92.2602",True,"中子远距离放射治疗","治疗性操作"
nhsa_jbzd_92_2700,"92.2700",True,"放射性元素的植入或置入","治疗性操作"
nhsa_jbzd_92_2700x002,"92.2700x002",True,"放射性粒子置入放射治疗","治疗性操作"
nhsa_jbzd_92_2700x004,"92.2700x004",True,"腔内近距离放射治疗","治疗性操作"
nhsa_jbzd_92_2701,"92.2701",True,"血管内近距离放射治疗","治疗性操作"
nhsa_jbzd_92_2702,"92.2702",True,"前列腺放射性粒子置入术","治疗性操作"
nhsa_jbzd_92_2703,"92.2703",True,"食管放射性粒子置入术","治疗性操作"
nhsa_jbzd_92_2704,"92.2704",True,"甲状腺放射性粒子置入术","治疗性操作"
nhsa_jbzd_92_2705,"92.2705",True,"鼻咽放射性粒子置入术","治疗性操作"
nhsa_jbzd_92_2706,"92.2706",True,"肺放射性粒子置入术","治疗性操作"
nhsa_jbzd_92_2800,"92.2800",True,"放射性核素注射或滴入","治疗性操作"
nhsa_jbzd_92_2801,"92.2801",True,"碘-131放射性同位素注射治疗","治疗性操作"
nhsa_jbzd_92_2900,"92.2900",True,"其他放射疗法操作","治疗性操作"
nhsa_jbzd_92_2900x001,"92.2900x001",True,"放射治疗","治疗性操作"
nhsa_jbzd_92_2900x002,"92.2900x002",True,"后装组织间放射治疗","治疗性操作"
nhsa_jbzd_92_2900x003,"92.2900x003",True,"后装腔内放射治疗","治疗性操作"
nhsa_jbzd_92_3000,"92.3000",True,"立体定向放射外科","治疗性操作"
nhsa_jbzd_92_3001,"92.3001",True,"脑立体定向双侧扣带回毁损术","治疗性操作"
nhsa_jbzd_92_3002,"92.3002",True,"脑立体定向药瘾戒断术","治疗性操作"
nhsa_jbzd_92_3100,"92.3100",True,"单源光子放射外科","治疗性操作"
nhsa_jbzd_92_3101,"92.3101",True,"直线加速器放射治疗","治疗性操作"
nhsa_jbzd_92_3102,"92.3102",True,"X刀放射治疗","治疗性操作"
nhsa_jbzd_92_3200,"92.3200",True,"多源光子放射外科","治疗性操作"
nhsa_jbzd_92_3200x001,"92.3200x001",True,"伽马刀放射外科治疗","治疗性操作"
nhsa_jbzd_92_3201,"92.3201",True,"立体定向γ放射治疗","治疗性操作"
nhsa_jbzd_92_3202,"92.3202",True,"钴-60放射治疗","治疗性操作"
nhsa_jbzd_92_3300,"92.3300",True,"粒子放射外科","治疗性操作"
nhsa_jbzd_92_3900,"92.3900",True,"其他立体定向放射外科治疗","治疗性操作"
nhsa_jbzd_92_4100,"92.4100",True,"手术中电子放射治疗","治疗性操作"
nhsa_jbzd_93_0100,"93.0100",True,"功能性评估","诊断性操作"
nhsa_jbzd_93_0100x002,"93.0100x002",True,"手功能评估","诊断性操作"
nhsa_jbzd_93_0101,"93.0101",True,"构音功能评估","诊断性操作"
nhsa_jbzd_93_0102,"93.0102",True,"记忆广度检查","诊断性操作"
nhsa_jbzd_93_0103,"93.0103",True,"康复评定","诊断性操作"
nhsa_jbzd_93_0104,"93.0104",True,"徒手平衡功能检查","诊断性操作"
nhsa_jbzd_93_0105,"93.0105",True,"多频稳态检测","诊断性操作"
nhsa_jbzd_93_0106,"93.0106",True,"记忆力评定","诊断性操作"
nhsa_jbzd_93_0107,"93.0107",True,"日常生活能力评定","诊断性操作"
nhsa_jbzd_93_0108,"93.0108",True,"失用失认评定","诊断性操作"
nhsa_jbzd_93_0109,"93.0109",True,"认知知觉功能检查","诊断性操作"
nhsa_jbzd_93_0200,"93.0200",True,"矫正评估","诊断性操作"
nhsa_jbzd_93_0300,"93.0300",True,"假体评估","诊断性操作"
nhsa_jbzd_93_0400,"93.0400",True,"肌功能手法测试","诊断性操作"
nhsa_jbzd_93_0401,"93.0401",True,"等速肌力测定","诊断性操作"
nhsa_jbzd_93_0500,"93.0500",True,"运动范围试验","诊断性操作"
nhsa_jbzd_93_0600,"93.0600",True,"肢体长度测量","诊断性操作"
nhsa_jbzd_93_0700,"93.0700",True,"体测量","诊断性操作"
nhsa_jbzd_93_0700x001,"93.0700x001",True,"身体测量","诊断性操作"
nhsa_jbzd_93_0701,"93.0701",True,"头围测量","诊断性操作"
nhsa_jbzd_93_0702,"93.0702",True,"腰围测量","诊断性操作"
nhsa_jbzd_93_0703,"93.0703",True,"皮褶厚度测量","诊断性操作"
nhsa_jbzd_93_0800,"93.0800",True,"肌电描记法","诊断性操作"
nhsa_jbzd_93_0800x002,"93.0800x002",True,"肌电图","诊断性操作"
nhsa_jbzd_93_0900,"93.0900",True,"其他诊断性物理治疗操作","诊断性操作"
nhsa_jbzd_93_0900x001,"93.0900x001",True,"诊断性物理治疗操作","诊断性操作"
nhsa_jbzd_93_1100,"93.1100",True,"辅助运动训练","治疗性操作"
nhsa_jbzd_93_1101,"93.1101",True,"悬吊治疗","治疗性操作"
nhsa_jbzd_93_1102,"93.1102",True,"电动起立床训练","治疗性操作"
nhsa_jbzd_93_1103,"93.1103",True,"减重支持系统训练","治疗性操作"
nhsa_jbzd_93_1200,"93.1200",True,"其他活动肌肉骨骼的运动训练","治疗性操作"
nhsa_jbzd_93_1200x001,"93.1200x001",True,"肌肉骨骼运动训练","治疗性操作"
nhsa_jbzd_93_1300,"93.1300",True,"对抗阻力的辅助运动训练","治疗性操作"
nhsa_jbzd_93_1300x001,"93.1300x001",True,"对抗阻力辅助运动训练","治疗性操作"
nhsa_jbzd_93_1301,"93.1301",True,"等速肌力训练","治疗性操作"
nhsa_jbzd_93_1400,"93.1400",True,"关节运动训练","治疗性操作"
nhsa_jbzd_93_1500,"93.1500",True,"脊柱松动法","治疗性操作"
nhsa_jbzd_93_1600,"93.1600",True,"其他关节松动法","治疗性操作"
nhsa_jbzd_93_1600x001,"93.1600x001",True,"关节松动法","治疗性操作"
nhsa_jbzd_93_1700,"93.1700",True,"其他被动性肌肉骨骼的运动训练","治疗性操作"
nhsa_jbzd_93_1700x001,"93.1700x001",True,"被动性肌肉骨骼运动训练","治疗性操作"
nhsa_jbzd_93_1800,"93.1800",True,"呼吸训练","治疗性操作"
nhsa_jbzd_93_1900,"93.1900",True,"训练","治疗性操作"
nhsa_jbzd_93_1900x001,"93.1900x001",True,"运动训练","治疗性操作"
nhsa_jbzd_93_2100,"93.2100",True,"手法和机械性牵引","治疗性操作"
nhsa_jbzd_93_2200,"93.2200",True,"行走和步态训练","治疗性操作"
nhsa_jbzd_93_2300,"93.2300",True,"矫形装置安装","治疗性操作"
nhsa_jbzd_93_2400,"93.2400",True,"使用假体或矫形装置的训练","治疗性操作"
nhsa_jbzd_93_2400x002,"93.2400x002",True,"假肢功能训练","治疗性操作"
nhsa_jbzd_93_2400x003,"93.2400x003",True,"矫形器功能训练","治疗性操作"
nhsa_jbzd_93_2401,"93.2401",True,"用拐行走训练","治疗性操作"
nhsa_jbzd_93_2500,"93.2500",True,"肢体强迫伸展","治疗性操作"
nhsa_jbzd_93_2600,"93.2600",True,"关节粘连的手法破裂","治疗性操作"
nhsa_jbzd_93_2600x001,"93.2600x001",True,"关节粘连手法松解术","治疗性操作"
nhsa_jbzd_93_2600x002,"93.2600x002",True,"大关节粘连手法松解术","治疗性操作"
nhsa_jbzd_93_2700,"93.2700",True,"肌或腱伸展","治疗性操作"
nhsa_jbzd_93_2700x001,"93.2700x001",True,"肌腱伸展训练","治疗性操作"
nhsa_jbzd_93_2800,"93.2800",True,"筋膜伸展","治疗性操作"
nhsa_jbzd_93_2900,"93.2900",True,"畸形的其他强制性矫正","治疗性操作"
nhsa_jbzd_93_2900x001,"93.2900x001",True,"畸形强制性矫正训练","治疗性操作"
nhsa_jbzd_93_2901,"93.2901",True,"畸形足手法矫正","治疗性操作"
nhsa_jbzd_93_3100,"93.3100",True,"水池中辅助训练","治疗性操作"
nhsa_jbzd_93_3200,"93.3200",True,"漩涡内运动治疗","治疗性操作"
nhsa_jbzd_93_3300,"93.3300",True,"其他水疗","治疗性操作"
nhsa_jbzd_93_3300x001,"93.3300x001",True,"水疗","治疗性操作"
nhsa_jbzd_93_3400,"93.3400",True,"透热疗法","治疗性操作"
nhsa_jbzd_93_3400x002,"93.3400x002",True,"前列腺微波热疗","治疗性操作"
nhsa_jbzd_93_3500,"93.3500",True,"其他热疗法","治疗性操作"
nhsa_jbzd_93_3500x004,"93.3500x004",True,"热疗","治疗性操作"
nhsa_jbzd_93_3500x005,"93.3500x005",True,"艾灸","治疗性操作"
nhsa_jbzd_93_3500x006,"93.3500x006",True,"针灸伴艾灸","治疗性操作"
nhsa_jbzd_93_3500x008,"93.3500x008",True,"激光照射治疗","治疗性操作"
nhsa_jbzd_93_3500x009,"93.3500x009",True,"麦粒灸治疗","治疗性操作"
nhsa_jbzd_93_3500x010,"93.3500x010",True,"隔物灸治疗","治疗性操作"
nhsa_jbzd_93_3500x011,"93.3500x011",True,"悬灸治疗","治疗性操作"
nhsa_jbzd_93_3500x012,"93.3500x012",True,"三伏天灸治疗","治疗性操作"
nhsa_jbzd_93_3500x013,"93.3500x013",True,"温针灸治疗","治疗性操作"
nhsa_jbzd_93_3500x014,"93.3500x014",True,"热敏灸治疗","治疗性操作"
nhsa_jbzd_93_3500x015,"93.3500x015",True,"雷火灸治疗","治疗性操作"
nhsa_jbzd_93_3500x016,"93.3500x016",True,"超声波联合治疗","治疗性操作"
nhsa_jbzd_93_3501,"93.3501",True,"超声疗法","治疗性操作"
nhsa_jbzd_93_3502,"93.3502",True,"超短波短波疗法","治疗性操作"
nhsa_jbzd_93_3503,"93.3503",True,"红外线照射","治疗性操作"
nhsa_jbzd_93_3504,"93.3504",True,"微波疗法","治疗性操作"
nhsa_jbzd_93_3505,"93.3505",True,"磁热疗","治疗性操作"
nhsa_jbzd_93_3506,"93.3506",True,"蜡疗","治疗性操作"
nhsa_jbzd_93_3507,"93.3507",True,"石蜡浴","治疗性操作"
nhsa_jbzd_93_3508,"93.3508",True,"热敷","治疗性操作"
nhsa_jbzd_93_3509,"93.3509",True,"子宫内膜热疗术","治疗性操作"
nhsa_jbzd_93_3510,"93.3510",True,"针灸","治疗性操作"
nhsa_jbzd_93_3511,"93.3511",True,"直接灸","治疗性操作"
nhsa_jbzd_93_3512,"93.3512",True,"隔物灸","治疗性操作"
nhsa_jbzd_93_3513,"93.3513",True,"悬灸","治疗性操作"
nhsa_jbzd_93_3514,"93.3514",True,"热敏灸","治疗性操作"
nhsa_jbzd_93_3515,"93.3515",True,"火针","治疗性操作"
nhsa_jbzd_93_3516,"93.3516",True,"火针烙法","治疗性操作"
nhsa_jbzd_93_3517,"93.3517",True,"中药热敷疗法","治疗性操作"
nhsa_jbzd_93_3518,"93.3518",True,"中药热湿敷","治疗性操作"
nhsa_jbzd_93_3519,"93.3519",True,"火罐治疗","治疗性操作"
nhsa_jbzd_93_3520,"93.3520",True,"中药泡洗","治疗性操作"
nhsa_jbzd_93_3521,"93.3521",True,"中药坐浴","治疗性操作"
nhsa_jbzd_93_3522,"93.3522",True,"中药浸浴","治疗性操作"
nhsa_jbzd_93_3523,"93.3523",True,"中药熏治","治疗性操作"
nhsa_jbzd_93_3600,"93.3600",True,"心脏再训练","治疗性操作"
nhsa_jbzd_93_3700,"93.3700",True,"产前训练","治疗性操作"
nhsa_jbzd_93_3800,"93.3800",True,"联合的物理治疗，未提及组成方法","治疗性操作"
nhsa_jbzd_93_3800x001,"93.3800x001",True,"联合物理治疗","治疗性操作"
nhsa_jbzd_93_3801,"93.3801",True,"脑瘫肢体综合训练","治疗性操作"
nhsa_jbzd_93_3802,"93.3802",True,"偏瘫肢体综合训练","治疗性操作"
nhsa_jbzd_93_3803,"93.3803",True,"平衡功能训练","治疗性操作"
nhsa_jbzd_93_3804,"93.3804",True,"截瘫肢体综合训练","治疗性操作"
nhsa_jbzd_93_3900,"93.3900",True,"其他物理治疗","治疗性操作"
nhsa_jbzd_93_3900x001,"93.3900x001",True,"物理疗法","治疗性操作"
nhsa_jbzd_93_3900x003,"93.3900x003",True,"按摩手法治疗","治疗性操作"
nhsa_jbzd_93_3900x004,"93.3900x004",True,"冷喷治疗","治疗性操作"
nhsa_jbzd_93_3900x005,"93.3900x005",True,"冲击波治疗","治疗性操作"
nhsa_jbzd_93_3902,"93.3902",True,"低频脉冲电治疗","治疗性操作"
nhsa_jbzd_93_3904,"93.3904",True,"场效应治疗","治疗性操作"
nhsa_jbzd_93_3905,"93.3905",True,"小儿捏脊","治疗性操作"
nhsa_jbzd_93_3906,"93.3906",True,"小儿推拿按摩","治疗性操作"
nhsa_jbzd_93_3907,"93.3907",True,"中医按摩手法治疗","治疗性操作"
nhsa_jbzd_93_3908,"93.3908",True,"中药贴敷","治疗性操作"
nhsa_jbzd_93_3909,"93.3909",True,"中药冷湿敷","治疗性操作"
nhsa_jbzd_93_3910,"93.3910",True,"穴位贴敷","治疗性操作"
nhsa_jbzd_93_3911,"93.3911",True,"三九贴","治疗性操作"
nhsa_jbzd_93_3912,"93.3912",True,"三伏贴","治疗性操作"
nhsa_jbzd_93_4100,"93.4100",True,"用颅骨装置的脊柱牵引","治疗性操作"
nhsa_jbzd_93_4100x001,"93.4100x001",True,"头颅环牵引","治疗性操作"
nhsa_jbzd_93_4101,"93.4101",True,"头颅骨盆环牵引术","治疗性操作"
nhsa_jbzd_93_4102,"93.4102",True,"颅骨牵引术","治疗性操作"
nhsa_jbzd_93_4200,"93.4200",True,"其他脊柱牵引","治疗性操作"
nhsa_jbzd_93_4200x004,"93.4200x004",True,"脊柱牵引","治疗性操作"
nhsa_jbzd_93_4201,"93.4201",True,"颈椎牵引术","治疗性操作"
nhsa_jbzd_93_4202,"93.4202",True,"Halo-Vest架外固定术","治疗性操作"
nhsa_jbzd_93_4300,"93.4300",True,"间歇性骨骼牵引","治疗性操作"
nhsa_jbzd_93_4400,"93.4400",True,"其他骨骼牵引","治疗性操作"
nhsa_jbzd_93_4400x003,"93.4400x003",True,"股骨牵引","治疗性操作"
nhsa_jbzd_93_4400x009,"93.4400x009",True,"颅颌牵引","治疗性操作"
nhsa_jbzd_93_4400x011,"93.4400x011",True,"尺骨牵引","治疗性操作"
nhsa_jbzd_93_4401,"93.4401",True,"经尺骨鹰嘴骨牵引术","治疗性操作"
nhsa_jbzd_93_4402,"93.4402",True,"骨盆带牵引术","治疗性操作"
nhsa_jbzd_93_4403,"93.4403",True,"骨盆悬吊","治疗性操作"
nhsa_jbzd_93_4404,"93.4404",True,"股骨髁上牵引","治疗性操作"
nhsa_jbzd_93_4405,"93.4405",True,"髌骨牵引","治疗性操作"
nhsa_jbzd_93_4406,"93.4406",True,"胫骨结节牵引","治疗性操作"
nhsa_jbzd_93_4407,"93.4407",True,"跟骨牵引术","治疗性操作"
nhsa_jbzd_93_4500,"93.4500",True,"托马斯夹板牵引","治疗性操作"
nhsa_jbzd_93_4600,"93.4600",True,"肢体的其他皮肤牵引","治疗性操作"
nhsa_jbzd_93_4600x001,"93.4600x001",True,"皮牵引","治疗性操作"
nhsa_jbzd_93_5100,"93.5100",True,"石膏背心应用","治疗性操作"
nhsa_jbzd_93_5100x001,"93.5100x001",True,"石膏背心固定","治疗性操作"
nhsa_jbzd_93_5200,"93.5200",True,"颈支持物应用","治疗性操作"
nhsa_jbzd_93_5201,"93.5201",True,"颈托固定","治疗性操作"
nhsa_jbzd_93_5300,"93.5300",True,"其他石膏管型的应用","治疗性操作"
nhsa_jbzd_93_5300x001,"93.5300x001",True,"石膏绷带固定","治疗性操作"
nhsa_jbzd_93_5400,"93.5400",True,"夹板应用","治疗性操作"
nhsa_jbzd_93_5400x001,"93.5400x001",True,"夹板外固定","治疗性操作"
nhsa_jbzd_93_5401,"93.5401",True,"石膏夹板固定","治疗性操作"
nhsa_jbzd_93_5402,"93.5402",True,"石膏托固定术","治疗性操作"
nhsa_jbzd_93_5403,"93.5403",True,"肢体夹板固定术","治疗性操作"
nhsa_jbzd_93_5404,"93.5404",True,"肢体支具固定术","治疗性操作"
nhsa_jbzd_93_5405,"93.5405",True,"中医小夹板固定术","治疗性操作"
nhsa_jbzd_93_5500,"93.5500",True,"牙栓结术","治疗性操作"
nhsa_jbzd_93_5500x001,"93.5500x001",True,"颌间结扎","治疗性操作"
nhsa_jbzd_93_5600,"93.5600",True,"压力敷料应用","治疗性操作"
nhsa_jbzd_93_5601,"93.5601",True,"压力绷带固定","治疗性操作"
nhsa_jbzd_93_5602,"93.5602",True,"弹力绷带固定","治疗性操作"
nhsa_jbzd_93_5700,"93.5700",True,"其他伤口敷料的应用","治疗性操作"
nhsa_jbzd_93_5700x001,"93.5700x001",True,"生物敷料固定","治疗性操作"
nhsa_jbzd_93_5800,"93.5800",True,"压力裤的应用","治疗性操作"
nhsa_jbzd_93_5900,"93.5900",True,"其他制动术、压迫和伤口维护","治疗性操作"
nhsa_jbzd_93_5900x002,"93.5900x002",True,"外固定架固定","治疗性操作"
nhsa_jbzd_93_5900x005,"93.5900x005",True,"头部立体定向框架固定","治疗性操作"
nhsa_jbzd_93_5901,"93.5901",True,"伤口高压氧治疗","治疗性操作"
nhsa_jbzd_93_5902,"93.5902",True,"气压止血带绑缚","治疗性操作"
nhsa_jbzd_93_5903,"93.5903",True,"弹力袜使用","治疗性操作"
nhsa_jbzd_93_5904,"93.5904",True,"绑腿使用","治疗性操作"
nhsa_jbzd_93_5905,"93.5905",True,"立体定向头部框架固定","治疗性操作"
nhsa_jbzd_93_6100,"93.6100",True,"全身松动的整骨推拿疗法","治疗性操作"
nhsa_jbzd_93_6200,"93.6200",True,"用高速、低幅力的整骨推拿疗法","治疗性操作"
nhsa_jbzd_93_6300,"93.6300",True,"用低速、高幅力的整骨推拿疗法","治疗性操作"
nhsa_jbzd_93_6400,"93.6400",True,"用等张、同样大小力的整骨推拿疗法","治疗性操作"
nhsa_jbzd_93_6500,"93.6500",True,"用间接力的整骨推拿疗法","治疗性操作"
nhsa_jbzd_93_6600,"93.6600",True,"移动组织液的整骨推拿疗法","治疗性操作"
nhsa_jbzd_93_6700,"93.6700",True,"其他特指的整骨推拿疗法","治疗性操作"
nhsa_jbzd_93_6701,"93.6701",True,"骨病手法治疗","治疗性操作"
nhsa_jbzd_93_6702,"93.6702",True,"传统特色中医正骨疗法","治疗性操作"
nhsa_jbzd_93_7100,"93.7100",True,"诵读训练","治疗性操作"
nhsa_jbzd_93_7200,"93.7200",True,"语言障碍训练","治疗性操作"
nhsa_jbzd_93_7300,"93.7300",True,"食管说话训练","治疗性操作"
nhsa_jbzd_93_7400,"93.7400",True,"语言缺损训练","治疗性操作"
nhsa_jbzd_93_7500,"93.7500",True,"其他语言训练和治疗","治疗性操作"
nhsa_jbzd_93_7500x001,"93.7500x001",True,"语言治疗","治疗性操作"
nhsa_jbzd_93_7600,"93.7600",True,"训练盲人使用导盲犬","治疗性操作"
nhsa_jbzd_93_7700,"93.7700",True,"盲文或穆恩盲读训练","治疗性操作"
nhsa_jbzd_93_7701,"93.7701",True,"盲文阅读训练","治疗性操作"
nhsa_jbzd_93_7800,"93.7800",True,"盲人的其他康复疗法","治疗性操作"
nhsa_jbzd_93_8100,"93.8100",True,"娱乐治疗","治疗性操作"
nhsa_jbzd_93_8200,"93.8200",True,"教育治疗","治疗性操作"
nhsa_jbzd_93_8300,"93.8300",True,"职业治疗","治疗性操作"
nhsa_jbzd_93_8300x001,"93.8300x001",True,"文体活动疗法","治疗性操作"
nhsa_jbzd_93_8300x002,"93.8300x002",True,"日常生活动作训练","治疗性操作"
nhsa_jbzd_93_8301,"93.8301",True,"作业疗法","治疗性操作"
nhsa_jbzd_93_8400,"93.8400",True,"音乐治疗","治疗性操作"
nhsa_jbzd_93_8500,"93.8500",True,"职业康复","治疗性操作"
nhsa_jbzd_93_8900,"93.8900",True,"康复","治疗性操作"
nhsa_jbzd_93_8900x002,"93.8900x002",True,"特殊工娱治疗","治疗性操作"
nhsa_jbzd_93_9000,"93.9000",True,"无创机械性通气","治疗性操作"
nhsa_jbzd_93_9000x002,"93.9000x002",True,"无创呼吸机辅助通气(双水平气道正压[BiPAP])","治疗性操作"
nhsa_jbzd_93_9000x003,"93.9000x003",True,"无创呼吸机辅助通气(高频通气[HFPPV])","治疗性操作"
nhsa_jbzd_93_9001,"93.9001",True,"持续性气道正压通气（CPAP）","治疗性操作"
nhsa_jbzd_93_9100,"93.9100",True,"间歇性正压通气[IPPB]","治疗性操作"
nhsa_jbzd_93_9300,"93.9300",True,"非机械性方法复苏","治疗性操作"
nhsa_jbzd_93_9301,"93.9301",True,"人工呼吸","治疗性操作"
nhsa_jbzd_93_9400,"93.9400",True,"喷雾法给予呼吸药物","治疗性操作"
nhsa_jbzd_93_9401,"93.9401",True,"雾化吸入","治疗性操作"
nhsa_jbzd_93_9500,"93.9500",True,"高压给氧","治疗性操作"
nhsa_jbzd_93_9600,"93.9600",True,"其他富氧疗法","治疗性操作"
nhsa_jbzd_93_9601,"93.9601",True,"吸氧","治疗性操作"
nhsa_jbzd_93_9700,"93.9700",True,"减压仓疗法","治疗性操作"
nhsa_jbzd_93_9800,"93.9800",True,"其他控制气压和空气成分的疗法","治疗性操作"
nhsa_jbzd_93_9900,"93.9900",True,"其他呼吸操作","治疗性操作"
nhsa_jbzd_94_0100,"94.0100",True,"施行智力测验","诊断性操作"
nhsa_jbzd_94_0100x002,"94.0100x002",True,"韦克斯勒成人智力测验","诊断性操作"
nhsa_jbzd_94_0100x003,"94.0100x003",True,"韦克斯勒儿童智力测验","诊断性操作"
nhsa_jbzd_94_0100x004,"94.0100x004",True,"中国奈比智力测验","诊断性操作"
nhsa_jbzd_94_0101,"94.0101",True,"成人智商测验","诊断性操作"
nhsa_jbzd_94_0102,"94.0102",True,"儿童智商测验","诊断性操作"
nhsa_jbzd_94_0200,"94.0200",True,"施行心理测验","诊断性操作"
nhsa_jbzd_94_0200x004,"94.0200x004",True,"症状自评量表测验","诊断性操作"
nhsa_jbzd_94_0200x005,"94.0200x005",True,"Zung抑郁自评量表评定","诊断性操作"
nhsa_jbzd_94_0200x010,"94.0200x010",True,"威斯康星卡片分类测验","诊断性操作"
nhsa_jbzd_94_0200x011,"94.0200x011",True,"汉密尔顿焦虑量表评定","诊断性操作"
nhsa_jbzd_94_0200x012,"94.0200x012",True,"抑郁自评量表测验","诊断性操作"
nhsa_jbzd_94_0200x013,"94.0200x013",True,"焦虑自评量表测验","诊断性操作"
nhsa_jbzd_94_0201,"94.0201",True,"明尼苏达多相人格测验","诊断性操作"
nhsa_jbzd_94_0202,"94.0202",True,"韦克斯勒记忆测量","诊断性操作"
nhsa_jbzd_94_0203,"94.0203",True,"注意缺陷多动障碍评定","诊断性操作"
nhsa_jbzd_94_0204,"94.0204",True,"汉米尔顿抑郁评定","诊断性操作"
nhsa_jbzd_94_0300,"94.0300",True,"性格分析","诊断性操作"
nhsa_jbzd_94_0301,"94.0301",True,"艾森克人格评定","诊断性操作"
nhsa_jbzd_94_0800,"94.0800",True,"其他心理学的评估和测验","诊断性操作"
nhsa_jbzd_94_0800x001,"94.0800x001",True,"眼球运动轨迹检查","诊断性操作"
nhsa_jbzd_94_0800x002,"94.0800x002",True,"认知功能评定","诊断性操作"
nhsa_jbzd_94_0900,"94.0900",True,"其他心理学的精神状态测定","诊断性操作"
nhsa_jbzd_94_1100,"94.1100",True,"精神病学的精神状态测定","诊断性操作"
nhsa_jbzd_94_1100x005,"94.1100x005",True,"躁狂量表评定","诊断性操作"
nhsa_jbzd_94_1101,"94.1101",True,"精神状态测定","诊断性操作"
nhsa_jbzd_94_1102,"94.1102",True,"攻击风险评估","诊断性操作"
nhsa_jbzd_94_1103,"94.1103",True,"自杀风险评估","诊断性操作"
nhsa_jbzd_94_1104,"94.1104",True,"犯罪责任评估","诊断性操作"
nhsa_jbzd_94_1105,"94.1105",True,"简易精神状况评定","诊断性操作"
nhsa_jbzd_94_1200,"94.1200",True,"精神科常规访视","诊断性操作"
nhsa_jbzd_94_1200x002,"94.1200x002",True,"精神病人护理观察量表监测","诊断性操作"
nhsa_jbzd_94_1300,"94.1300",True,"精神科托管评估","诊断性操作"
nhsa_jbzd_94_1900,"94.1900",True,"其他精神科会谈和评估","诊断性操作"
nhsa_jbzd_94_1900x001,"94.1900x001",True,"治疗副反应量表评定","诊断性操作"
nhsa_jbzd_94_2100,"94.2100",True,"麻醉分析法","治疗性操作"
nhsa_jbzd_94_2101,"94.2101",True,"麻醉综合法","治疗性操作"
nhsa_jbzd_94_2200,"94.2200",True,"锂治疗","治疗性操作"
nhsa_jbzd_94_2300,"94.2300",True,"精神抵制药治疗","治疗性操作"
nhsa_jbzd_94_2300x001,"94.2300x001",True,"常温人工冬眠治疗","治疗性操作"
nhsa_jbzd_94_2300x002,"94.2300x002",True,"抗精神病药物治疗","治疗性操作"
nhsa_jbzd_94_2300x003,"94.2300x003",True,"氟哌啶醇快速治疗","治疗性操作"
nhsa_jbzd_94_2301,"94.2301",True,"精神安定剂治疗","治疗性操作"
nhsa_jbzd_94_2400,"94.2400",True,"化学休克治疗","治疗性操作"
nhsa_jbzd_94_2500,"94.2500",True,"其他精神病学药物治疗","治疗性操作"
nhsa_jbzd_94_2500x002,"94.2500x002",True,"促大脑代谢药物治疗","治疗性操作"
nhsa_jbzd_94_2501,"94.2501",True,"氯氮平治疗","治疗性操作"
nhsa_jbzd_94_2600,"94.2600",True,"亚抽搐电休克治疗","治疗性操作"
nhsa_jbzd_94_2700,"94.2700",True,"其他电休克治疗","治疗性操作"
nhsa_jbzd_94_2701,"94.2701",True,"电抽搐治疗[ECT]","治疗性操作"
nhsa_jbzd_94_2702,"94.2702",True,"电休克疗法[EST]","治疗性操作"
nhsa_jbzd_94_2900,"94.2900",True,"其他精神病学躯体疗法","治疗性操作"
nhsa_jbzd_94_2900x002,"94.2900x002",True,"脑循环功能治疗[CVFT]","治疗性操作"
nhsa_jbzd_94_2901,"94.2901",True,"重复经颅磁刺激[RTMS]","治疗性操作"
nhsa_jbzd_94_3100,"94.3100",True,"精神分析","治疗性操作"
nhsa_jbzd_94_3200,"94.3200",True,"催眠疗法","治疗性操作"
nhsa_jbzd_94_3300,"94.3300",True,"行为治疗","治疗性操作"
nhsa_jbzd_94_3301,"94.3301",True,"行为矫正治疗","治疗性操作"
nhsa_jbzd_94_3302,"94.3302",True,"行为脱敏治疗","治疗性操作"
nhsa_jbzd_94_3400,"94.3400",True,"精神性性功能不良的个人单独治疗","治疗性操作"
nhsa_jbzd_94_3500,"94.3500",True,"危象处置","治疗性操作"
nhsa_jbzd_94_3500x001,"94.3500x001",True,"危机干预","治疗性操作"
nhsa_jbzd_94_3600,"94.3600",True,"游戏精神（心理）疗法","治疗性操作"
nhsa_jbzd_94_3700,"94.3700",True,"探索性语言精神（心理）疗法","治疗性操作"
nhsa_jbzd_94_3800,"94.3800",True,"支持性语言精神（心理）疗法","治疗性操作"
nhsa_jbzd_94_3900,"94.3900",True,"其他个人单独精神（心理）疗法","治疗性操作"
nhsa_jbzd_94_3900x004,"94.3900x004",True,"个人心理治疗","治疗性操作"
nhsa_jbzd_94_3901,"94.3901",True,"生物反馈治疗","治疗性操作"
nhsa_jbzd_94_3902,"94.3902",True,"森田治疗","治疗性操作"
nhsa_jbzd_94_3903,"94.3903",True,"工娱治疗","治疗性操作"
nhsa_jbzd_94_4100,"94.4100",True,"精神性性功能不良团体治疗","治疗性操作"
nhsa_jbzd_94_4200,"94.4200",True,"家庭治疗","治疗性操作"
nhsa_jbzd_94_4300,"94.4300",True,"心理剧疗法","治疗性操作"
nhsa_jbzd_94_4400,"94.4400",True,"其他团体治疗","治疗性操作"
nhsa_jbzd_94_4401,"94.4401",True,"集体心理治疗","治疗性操作"
nhsa_jbzd_94_4500,"94.4500",True,"药物瘾咨询","治疗性操作"
nhsa_jbzd_94_4600,"94.4600",True,"酒精中毒咨询","治疗性操作"
nhsa_jbzd_94_4600x001,"94.4600x001",True,"酒精瘾咨询","治疗性操作"
nhsa_jbzd_94_4900,"94.4900",True,"其他咨询","治疗性操作"
nhsa_jbzd_94_4901,"94.4901",True,"心理咨询","治疗性操作"
nhsa_jbzd_94_5100,"94.5100",True,"精神（心理）疗法转诊","治疗性操作"
nhsa_jbzd_94_5200,"94.5200",True,"精神疗法后转诊","治疗性操作"
nhsa_jbzd_94_5300,"94.5300",True,"酒精中毒康复转诊","治疗性操作"
nhsa_jbzd_94_5400,"94.5400",True,"药物瘾康复转诊","治疗性操作"
nhsa_jbzd_94_5500,"94.5500",True,"职业康复转诊","治疗性操作"
nhsa_jbzd_94_5900,"94.5900",True,"其他心理康复转诊","治疗性操作"
nhsa_jbzd_94_5900x001,"94.5900x001",True,"心理康复转诊","治疗性操作"
nhsa_jbzd_94_6100,"94.6100",True,"乙醇康复","治疗性操作"
nhsa_jbzd_94_6101,"94.6101",True,"酒精康复疗法","治疗性操作"
nhsa_jbzd_94_6200,"94.6200",True,"乙醇脱瘾疗法","治疗性操作"
nhsa_jbzd_94_6300,"94.6300",True,"乙醇康复和脱瘾疗法","治疗性操作"
nhsa_jbzd_94_6400,"94.6400",True,"药物康复","治疗性操作"
nhsa_jbzd_94_6500,"94.6500",True,"药物脱瘾疗法","治疗性操作"
nhsa_jbzd_94_6600,"94.6600",True,"药物康复和脱瘾疗法","治疗性操作"
nhsa_jbzd_94_6700,"94.6700",True,"乙醇和药物联合的康复","治疗性操作"
nhsa_jbzd_94_6800,"94.6800",True,"乙醇和药物联合的脱瘾疗法","治疗性操作"
nhsa_jbzd_94_6900,"94.6900",True,"乙醇和药物联合的康复及脱瘾疗法","治疗性操作"
nhsa_jbzd_95_0100,"95.0100",True,"局限性眼检查","诊断性操作"
nhsa_jbzd_95_0101,"95.0101",True,"配镜检查","诊断性操作"
nhsa_jbzd_95_0102,"95.0102",True,"视力检查","诊断性操作"
nhsa_jbzd_95_0104,"95.0104",True,"角膜内皮镜检查","诊断性操作"
nhsa_jbzd_95_0105,"95.0105",True,"角膜曲率检查","诊断性操作"
nhsa_jbzd_95_0200,"95.0200",True,"综合性眼检查","诊断性操作"
nhsa_jbzd_95_0300,"95.0300",True,"扩大眼科病情检查","诊断性操作"
nhsa_jbzd_95_0300x004,"95.0300x004",True,"巩膜透照","诊断性操作"
nhsa_jbzd_95_0301,"95.0301",True,"青光眼检查","诊断性操作"
nhsa_jbzd_95_0302,"95.0302",True,"神经性眼病检查","诊断性操作"
nhsa_jbzd_95_0303,"95.0303",True,"视网膜疾病检查","诊断性操作"
nhsa_jbzd_95_0400,"95.0400",True,"麻醉下眼检查","诊断性操作"
nhsa_jbzd_95_0500,"95.0500",True,"视野检查","诊断性操作"
nhsa_jbzd_95_0600,"95.0600",True,"色觉检查","诊断性操作"
nhsa_jbzd_95_0700,"95.0700",True,"黑暗适应检查","诊断性操作"
nhsa_jbzd_95_0900,"95.0900",True,"眼检查","诊断性操作"
nhsa_jbzd_95_0901,"95.0901",True,"视觉检查","诊断性操作"
nhsa_jbzd_95_1100,"95.1100",True,"眼底照相术","诊断性操作"
nhsa_jbzd_95_1200,"95.1200",True,"眼荧光素血管造影或毛细血管显微镜检查","诊断性操作"
nhsa_jbzd_95_1200x003,"95.1200x003",True,"吲哚青绿脉络膜血管造影","诊断性操作"
nhsa_jbzd_95_1201,"95.1201",True,"眼荧光素血管造影","诊断性操作"
nhsa_jbzd_95_1202,"95.1202",True,"眼毛细血管显微镜检查","诊断性操作"
nhsa_jbzd_95_1300,"95.1300",True,"眼超声检查","诊断性操作"
nhsa_jbzd_95_1300x002,"95.1300x002",True,"超声生物显微镜检查[UBM检查]","诊断性操作"
nhsa_jbzd_95_1400,"95.1400",True,"眼X线检查","诊断性操作"
nhsa_jbzd_95_1500,"95.1500",True,"眼运动检查","诊断性操作"
nhsa_jbzd_95_1600,"95.1600",True,"眼P32和其他示踪剂检查","诊断性操作"
nhsa_jbzd_95_1601,"95.1601",True,"光学相干性视网膜扫描","诊断性操作"
nhsa_jbzd_95_2100,"95.2100",True,"视网膜电图[ERG]","诊断性操作"
nhsa_jbzd_95_2200,"95.2200",True,"眼动图[EOG]","诊断性操作"
nhsa_jbzd_95_2300,"95.2300",True,"视觉诱发电位[VEP]","诊断性操作"
nhsa_jbzd_95_2400,"95.2400",True,"眼震电流描记图[ENG]","诊断性操作"
nhsa_jbzd_95_2500,"95.2500",True,"眼肌电图[EMG]","诊断性操作"
nhsa_jbzd_95_2600,"95.2600",True,"张力描记法、激发测验和其他青光眼测验","诊断性操作"
nhsa_jbzd_95_2600x001,"95.2600x001",True,"角膜地形图检查","诊断性操作"
nhsa_jbzd_95_3100,"95.3100",True,"眼镜安装和配备","治疗性操作"
nhsa_jbzd_95_3101,"95.3101",True,"配镜","治疗性操作"
nhsa_jbzd_95_3200,"95.3200",True,"接触（隐形）镜片的处方、安装和配备","治疗性操作"
nhsa_jbzd_95_3200x001,"95.3200x001",True,"角膜接触镜配镜","治疗性操作"
nhsa_jbzd_95_3300,"95.3300",True,"其他视力低下辅助器的配备","治疗性操作"
nhsa_jbzd_95_3301,"95.3301",True,"助视镜安装","治疗性操作"
nhsa_jbzd_95_3400,"95.3400",True,"眼假体","治疗性操作"
nhsa_jbzd_95_3500,"95.3500",True,"视轴矫正训练","治疗性操作"
nhsa_jbzd_95_3600,"95.3600",True,"眼科咨询和指导","治疗性操作"
nhsa_jbzd_95_4100,"95.4100",True,"听力测定","诊断性操作"
nhsa_jbzd_95_4101,"95.4101",True,"电测听检查","诊断性操作"
nhsa_jbzd_95_4102,"95.4102",True,"耳声发射","诊断性操作"
nhsa_jbzd_95_4200,"95.4200",True,"临床听力试验","诊断性操作"
nhsa_jbzd_95_4201,"95.4201",True,"音叉听力试验","诊断性操作"
nhsa_jbzd_95_4202,"95.4202",True,"耳语听力试验","诊断性操作"
nhsa_jbzd_95_4300,"95.4300",True,"听力评估","诊断性操作"
nhsa_jbzd_95_4301,"95.4301",True,"韦伯听力评估","诊断性操作"
nhsa_jbzd_95_4400,"95.4400",True,"临床前庭功能试验","诊断性操作"
nhsa_jbzd_95_4401,"95.4401",True,"前庭功能热试验","诊断性操作"
nhsa_jbzd_95_4500,"95.4500",True,"旋转测验","诊断性操作"
nhsa_jbzd_95_4600,"95.4600",True,"其他听力和前庭功能试验","诊断性操作"
nhsa_jbzd_95_4601,"95.4601",True,"前庭功能检查","诊断性操作"
nhsa_jbzd_95_4700,"95.4700",True,"听力检查","诊断性操作"
nhsa_jbzd_95_4700x002,"95.4700x002",True,"听觉诱发电位[AEP]","诊断性操作"
nhsa_jbzd_95_4800,"95.4800",True,"助听器安装","治疗性操作"
nhsa_jbzd_95_4900,"95.4900",True,"其他与听力相关的非手术性操作","治疗性操作"
nhsa_jbzd_95_4900x001,"95.4900x001",True,"人工耳蜗调试","治疗性操作"
nhsa_jbzd_96_0100,"96.0100",True,"鼻咽导气管的置入","治疗性操作"
nhsa_jbzd_96_0200,"96.0200",True,"口咽导气管置入","治疗性操作"
nhsa_jbzd_96_0300,"96.0300",True,"食管阻塞导气管置入","治疗性操作"
nhsa_jbzd_96_0400,"96.0400",True,"气管内插管","治疗性操作"
nhsa_jbzd_96_0500,"96.0500",True,"呼吸道的其他插管术","治疗性操作"
nhsa_jbzd_96_0500x001,"96.0500x001",True,"气管支架置入","治疗性操作"
nhsa_jbzd_96_0500x002,"96.0500x002",True,"喉罩插入","治疗性操作"
nhsa_jbzd_96_0501,"96.0501",True,"支气管支架置入术","治疗性操作"
nhsa_jbzd_96_0502,"96.0502",True,"主支气管支架置入术","治疗性操作"
nhsa_jbzd_96_0600,"96.0600",True,"森斯塔管置入","治疗性操作"
nhsa_jbzd_96_0601,"96.0601",True,"三腔二囊管插管术","治疗性操作"
nhsa_jbzd_96_0700,"96.0700",True,"其他(鼻-)胃管置入","治疗性操作"
nhsa_jbzd_96_0700x001,"96.0700x001",True,"胃插管减压","治疗性操作"
nhsa_jbzd_96_0700x002,"96.0700x002",True,"NAVA导管插入","治疗性操作"
nhsa_jbzd_96_0800,"96.0800",True,"(鼻-)肠管置入","治疗性操作"
nhsa_jbzd_96_0800x001,"96.0800x001",True,"肠插管减压","治疗性操作"
nhsa_jbzd_96_0900,"96.0900",True,"直肠导管置入","治疗性操作"
nhsa_jbzd_96_0901,"96.0901",True,"直肠导管置换","治疗性操作"
nhsa_jbzd_96_1100,"96.1100",True,"外耳道填塞","治疗性操作"
nhsa_jbzd_96_1400,"96.1400",True,"阴道填塞","治疗性操作"
nhsa_jbzd_96_1500,"96.1500",True,"阴道塑模置入","治疗性操作"
nhsa_jbzd_96_1600,"96.1600",True,"其他阴道扩张","治疗性操作"
nhsa_jbzd_96_1600x001,"96.1600x001",True,"阴道扩张","治疗性操作"
nhsa_jbzd_96_1601,"96.1601",True,"阴道口手法扩张术","治疗性操作"
nhsa_jbzd_96_1700,"96.1700",True,"阴道隔膜置入","治疗性操作"
nhsa_jbzd_96_1800,"96.1800",True,"其他阴道子宫托置入","治疗性操作"
nhsa_jbzd_96_1800x001,"96.1800x001",True,"子宫颈托放置","治疗性操作"
nhsa_jbzd_96_1900,"96.1900",True,"直肠填塞","治疗性操作"
nhsa_jbzd_96_2100,"96.2100",True,"额鼻管扩张","治疗性操作"
nhsa_jbzd_96_2200,"96.2200",True,"直肠扩张","治疗性操作"
nhsa_jbzd_96_2300,"96.2300",True,"肛门括约肌扩张","治疗性操作"
nhsa_jbzd_96_2400,"96.2400",True,"肠造口扩张和手法操作","治疗性操作"
nhsa_jbzd_96_2400x001,"96.2400x001",True,"肠造口扩张","治疗性操作"
nhsa_jbzd_96_2401,"96.2401",True,"结肠造口手法扩张","治疗性操作"
nhsa_jbzd_96_2500,"96.2500",True,"膀胱治疗性扩张","治疗性操作"
nhsa_jbzd_96_2501,"96.2501",True,"膀胱水扩张疗法","治疗性操作"
nhsa_jbzd_96_2600,"96.2600",True,"直肠脱垂手法复位术","治疗性操作"
nhsa_jbzd_96_2700,"96.2700",True,"疝手法复位术","治疗性操作"
nhsa_jbzd_96_2800,"96.2800",True,"肠造口脱垂手法复位术","治疗性操作"
nhsa_jbzd_96_2900,"96.2900",True,"消化道肠套迭复位术","治疗性操作"
nhsa_jbzd_96_3100,"96.3100",True,"胃冷却","治疗性操作"
nhsa_jbzd_96_3100x001,"96.3100x001",True,"胃低温","治疗性操作"
nhsa_jbzd_96_3200,"96.3200",True,"胃冷冻","治疗性操作"
nhsa_jbzd_96_3300,"96.3300",True,"胃灌洗","治疗性操作"
nhsa_jbzd_96_3400,"96.3400",True,"(鼻-)胃管的其他冲洗","治疗性操作"
nhsa_jbzd_96_3400x001,"96.3400x001",True,"鼻-胃管冲洗","治疗性操作"
nhsa_jbzd_96_3500,"96.3500",True,"胃强饲法（胃管）","治疗性操作"
nhsa_jbzd_96_3500x001,"96.3500x001",True,"鼻饲","治疗性操作"
nhsa_jbzd_96_3600,"96.3600",True,"胃造口或肠造口的冲洗","治疗性操作"
nhsa_jbzd_96_3601,"96.3601",True,"胃造口冲洗","治疗性操作"
nhsa_jbzd_96_3602,"96.3602",True,"肠造口冲洗","治疗性操作"
nhsa_jbzd_96_3700,"96.3700",True,"直肠滴注法","治疗性操作"
nhsa_jbzd_96_3700x001,"96.3700x001",True,"菌群移植治疗","治疗性操作"
nhsa_jbzd_96_3700x002,"96.3700x002",True,"结肠水疗","治疗性操作"
nhsa_jbzd_96_3700x003,"96.3700x003",True,"经直肠中药滴入治疗","治疗性操作"
nhsa_jbzd_96_3700x004,"96.3700x004",True,"肛周药物注射封闭治疗","治疗性操作"
nhsa_jbzd_96_3700x005,"96.3700x005",True,"肛周穴位药物注射封闭治疗","治疗性操作"
nhsa_jbzd_96_3701,"96.3701",True,"中药直肠滴入","治疗性操作"
nhsa_jbzd_96_3800,"96.3800",True,"嵌塞粪便去除","治疗性操作"
nhsa_jbzd_96_3900,"96.3900",True,"其他经肛门灌肠","治疗性操作"
nhsa_jbzd_96_3901,"96.3901",True,"直肠冲洗","治疗性操作"
nhsa_jbzd_96_3902,"96.3902",True,"中药结肠透析","治疗性操作"
nhsa_jbzd_96_3903,"96.3903",True,"小儿中药灌肠退热术","治疗性操作"
nhsa_jbzd_96_3904,"96.3904",True,"中药保留灌肠","治疗性操作"
nhsa_jbzd_96_4100,"96.4100",True,"胆囊造口和其他胆管冲洗术","治疗性操作"
nhsa_jbzd_96_4101,"96.4101",True,"胆囊造口冲洗","治疗性操作"
nhsa_jbzd_96_4102,"96.4102",True,"胆管冲洗","治疗性操作"
nhsa_jbzd_96_4200,"96.4200",True,"胰管冲洗术","治疗性操作"
nhsa_jbzd_96_4300,"96.4300",True,"消化道滴注，除外胃饲法（胃管）","治疗性操作"
nhsa_jbzd_96_4400,"96.4400",True,"阴道冲洗","治疗性操作"
nhsa_jbzd_96_4500,"96.4500",True,"肾造口和肾盂造口冲洗术","治疗性操作"
nhsa_jbzd_96_4501,"96.4501",True,"肾造口冲洗","治疗性操作"
nhsa_jbzd_96_4502,"96.4502",True,"肾盂造口冲洗","治疗性操作"
nhsa_jbzd_96_4600,"96.4600",True,"输尿管造口和输尿管导管的冲洗术","治疗性操作"
nhsa_jbzd_96_4601,"96.4601",True,"输尿管造口冲洗","治疗性操作"
nhsa_jbzd_96_4602,"96.4602",True,"输尿管导管冲洗","治疗性操作"
nhsa_jbzd_96_4700,"96.4700",True,"膀胱造口冲洗术","治疗性操作"
nhsa_jbzd_96_4800,"96.4800",True,"其他留置的泌尿系导管冲洗术","治疗性操作"
nhsa_jbzd_96_4801,"96.4801",True,"导尿管冲洗","治疗性操作"
nhsa_jbzd_96_4900,"96.4900",True,"其他泌尿生殖道滴注","治疗性操作"
nhsa_jbzd_96_4901,"96.4901",True,"膀胱灌注","治疗性操作"
nhsa_jbzd_96_4902,"96.4902",True,"前列腺素栓剂置入，用于流产","治疗性操作"
nhsa_jbzd_96_5100,"96.5100",True,"眼冲洗术","治疗性操作"
nhsa_jbzd_96_5200,"96.5200",True,"耳冲洗术","治疗性操作"
nhsa_jbzd_96_5200x001,"96.5200x001",True,"耳耵聍去除","治疗性操作"
nhsa_jbzd_96_5200x002,"96.5200x002",True,"外耳道冲洗","治疗性操作"
nhsa_jbzd_96_5201,"96.5201",True,"耵聍冲洗术","治疗性操作"
nhsa_jbzd_96_5300,"96.5300",True,"鼻道冲洗术","治疗性操作"
nhsa_jbzd_96_5400,"96.5400",True,"洁牙、牙磨光和除垢","治疗性操作"
nhsa_jbzd_96_5400x001,"96.5400x001",True,"洁牙","治疗性操作"
nhsa_jbzd_96_5400x002,"96.5400x002",True,"龈下刮治术","治疗性操作"
nhsa_jbzd_96_5401,"96.5401",True,"超声洁牙术","治疗性操作"
nhsa_jbzd_96_5500,"96.5500",True,"气管造口洗涤","治疗性操作"
nhsa_jbzd_96_5600,"96.5600",True,"支气管和气管的其他灌洗","治疗性操作"
nhsa_jbzd_96_5601,"96.5601",True,"支气管灌洗","治疗性操作"
nhsa_jbzd_96_5602,"96.5602",True,"气管灌洗术","治疗性操作"
nhsa_jbzd_96_5700,"96.5700",True,"血管导管冲洗术","治疗性操作"
nhsa_jbzd_96_5800,"96.5800",True,"伤口导管冲洗术","治疗性操作"
nhsa_jbzd_96_5900,"96.5900",True,"伤口的其他冲洗术","治疗性操作"
nhsa_jbzd_96_5900x001,"96.5900x001",True,"清洁伤口","治疗性操作"
nhsa_jbzd_96_6x00,"96.6x00",True,"浓缩营养物的肠内输注","治疗性操作"
nhsa_jbzd_96_6x00x001,"96.6x00x001",True,"经鼻肠营养管调整术","治疗性操作"
nhsa_jbzd_96_6x01,"96.6x01",True,"肠内高营养","治疗性操作"
nhsa_jbzd_96_6x02,"96.6x02",True,"胃肠内高营养","治疗性操作"
nhsa_jbzd_96_6x03,"96.6x03",True,"鼻空肠营养管置入术","治疗性操作"
nhsa_jbzd_96_6x04,"96.6x04",True,"鼻十二指肠营养管置入术","治疗性操作"
nhsa_jbzd_96_6x05,"96.6x05",True,"经鼻肠营养管置入术","治疗性操作"
nhsa_jbzd_96_7000,"96.7000",True,"未特指时间的持续性侵入性机械性通气","治疗性操作"
nhsa_jbzd_96_7100,"96.7100",True,"少于96小时连续的持续性侵入性机械性通气","治疗性操作"
nhsa_jbzd_96_7101,"96.7101",True,"呼吸机治疗[小于96小时]","治疗性操作"
nhsa_jbzd_96_7200,"96.7200",True,"等于或大于96小时连续的持续性侵入性机械性通气","治疗性操作"
nhsa_jbzd_96_7201,"96.7201",True,"呼吸机治疗[大于等于96小时]","治疗性操作"
nhsa_jbzd_97_0100,"97.0100",True,"(鼻-)胃或食管造口术导管置换","治疗性操作"
nhsa_jbzd_97_0101,"97.0101",True,"鼻-胃管置换","治疗性操作"
nhsa_jbzd_97_0200,"97.0200",True,"胃造口导管置换","治疗性操作"
nhsa_jbzd_97_0300,"97.0300",True,"小肠导管或肠造口术装置置换","治疗性操作"
nhsa_jbzd_97_0301,"97.0301",True,"小肠造口导管置换","治疗性操作"
nhsa_jbzd_97_0302,"97.0302",True,"空肠造口管置换术","治疗性操作"
nhsa_jbzd_97_0400,"97.0400",True,"大肠导管或肠造口术装置置换","治疗性操作"
nhsa_jbzd_97_0401,"97.0401",True,"大肠造口导管置换","治疗性操作"
nhsa_jbzd_97_0500,"97.0500",True,"胆管或胰管内支架(管)的置换","治疗性操作"
nhsa_jbzd_97_0501,"97.0501",True,"胆管引流管置换术","治疗性操作"
nhsa_jbzd_97_0502,"97.0502",True,"胆管支架置换术","治疗性操作"
nhsa_jbzd_97_0503,"97.0503",True,"胰管套管置换","治疗性操作"
nhsa_jbzd_97_0504,"97.0504",True,"胆囊引流管置换术","治疗性操作"
nhsa_jbzd_97_1100,"97.1100",True,"置换上肢石膏管型","治疗性操作"
nhsa_jbzd_97_1200,"97.1200",True,"置换下肢石膏管型","治疗性操作"
nhsa_jbzd_97_1300,"97.1300",True,"置换其他石膏管型","治疗性操作"
nhsa_jbzd_97_1300x001,"97.1300x001",True,"石膏置换","治疗性操作"
nhsa_jbzd_97_1400,"97.1400",True,"置换肌肉骨骼固定的其他装置","治疗性操作"
nhsa_jbzd_97_1400x001,"97.1400x001",True,"外固定置换","治疗性操作"
nhsa_jbzd_97_1500,"97.1500",True,"置换伤口引流管","治疗性操作"
nhsa_jbzd_97_1600,"97.1600",True,"置换伤口填塞或引流物","治疗性操作"
nhsa_jbzd_97_1600x001,"97.1600x001",True,"伤口填塞物置换","治疗性操作"
nhsa_jbzd_97_1600x002,"97.1600x002",True,"伤口引流条置换","治疗性操作"
nhsa_jbzd_97_2100,"97.2100",True,"鼻填塞物的置换","治疗性操作"
nhsa_jbzd_97_2200,"97.2200",True,"牙填塞物的置换","治疗性操作"
nhsa_jbzd_97_2300,"97.2300",True,"气管造口导管的置换","治疗性操作"
nhsa_jbzd_97_2301,"97.2301",True,"气管套管置换术","治疗性操作"
nhsa_jbzd_97_2400,"97.2400",True,"阴道隔膜置换和再装","治疗性操作"
nhsa_jbzd_97_2400x001,"97.2400x001",True,"阴道隔膜置换","治疗性操作"
nhsa_jbzd_97_2500,"97.2500",True,"其他阴道子宫托的置换","治疗性操作"
nhsa_jbzd_97_2500x001,"97.2500x001",True,"子宫托置换","治疗性操作"
nhsa_jbzd_97_2600,"97.2600",True,"阴道或外阴填塞或引流物的置换","治疗性操作"
nhsa_jbzd_97_2601,"97.2601",True,"阴道填塞物置换","治疗性操作"
nhsa_jbzd_97_2602,"97.2602",True,"阴道引流物置换","治疗性操作"
nhsa_jbzd_97_2900,"97.2900",True,"其他非手术性置换","治疗性操作"
nhsa_jbzd_97_2900x001,"97.2900x001",True,"耳内填塞物置换","治疗性操作"
nhsa_jbzd_97_3100,"97.3100",True,"去除眼假体","治疗性操作"
nhsa_jbzd_97_3200,"97.3200",True,"去除鼻填塞物","治疗性操作"
nhsa_jbzd_97_3300,"97.3300",True,"去除牙钢丝栓结术","治疗性操作"
nhsa_jbzd_97_3300x001,"97.3300x001",True,"颌间结扎去除","治疗性操作"
nhsa_jbzd_97_3400,"97.3400",True,"去除牙填塞物","治疗性操作"
nhsa_jbzd_97_3500,"97.3500",True,"去除牙假体","治疗性操作"
nhsa_jbzd_97_3600,"97.3600",True,"去除其他下颌骨外部固定装置","治疗性操作"
nhsa_jbzd_97_3600x002,"97.3600x002",True,"颌骨外固定去除","治疗性操作"
nhsa_jbzd_97_3601,"97.3601",True,"颌骨牵引器去除","治疗性操作"
nhsa_jbzd_97_3700,"97.3700",True,"去除气管造口导管","治疗性操作"
nhsa_jbzd_97_3700x001,"97.3700x001",True,"气管插管去除","治疗性操作"
nhsa_jbzd_97_3800,"97.3800",True,"去除头和颈部缝线","治疗性操作"
nhsa_jbzd_97_3800x001,"97.3800x001",True,"口腔缝线去除","治疗性操作"
nhsa_jbzd_97_3801,"97.3801",True,"角膜缝线去除","治疗性操作"
nhsa_jbzd_97_3802,"97.3802",True,"结膜缝线去除","治疗性操作"
nhsa_jbzd_97_3803,"97.3803",True,"眼部缝线去除","治疗性操作"
nhsa_jbzd_97_3804,"97.3804",True,"头部缝线去除","治疗性操作"
nhsa_jbzd_97_3805,"97.3805",True,"颈部缝线去除","治疗性操作"
nhsa_jbzd_97_3806,"97.3806",True,"腭部缝线去除","治疗性操作"
nhsa_jbzd_97_3900,"97.3900",True,"去除头和颈部其他治疗性装置","治疗性操作"
nhsa_jbzd_97_3901,"97.3901",True,"颈部治疗性装置去除","治疗性操作"
nhsa_jbzd_97_3902,"97.3902",True,"头部治疗性装置去除","治疗性操作"
nhsa_jbzd_97_3903,"97.3903",True,"鼻后孔成形管取出术","治疗性操作"
nhsa_jbzd_97_3904,"97.3904",True,"头盆环牵引去除","治疗性操作"
nhsa_jbzd_97_3905,"97.3905",True,"鼻泪管支架取出术","治疗性操作"
nhsa_jbzd_97_4100,"97.4100",True,"去除胸廓切开导管或胸膜腔引流物","治疗性操作"
nhsa_jbzd_97_4101,"97.4101",True,"胸腔引流管取出术","治疗性操作"
nhsa_jbzd_97_4200,"97.4200",True,"去除纵隔引流物","治疗性操作"
nhsa_jbzd_97_4300,"97.4300",True,"去除胸缝线","治疗性操作"
nhsa_jbzd_97_4400,"97.4400",True,"非手术性去除心脏辅助系统","治疗性操作"
nhsa_jbzd_97_4400x003,"97.4400x003",True,"主动脉球囊反搏装置去除[IABP装置去除]","治疗性操作"
nhsa_jbzd_97_4401,"97.4401",True,"循环辅助装置去除","治疗性操作"
nhsa_jbzd_97_4402,"97.4402",True,"心脏辅助装置去除","治疗性操作"
nhsa_jbzd_97_4900,"97.4900",True,"去除胸的其他装置","治疗性操作"
nhsa_jbzd_97_5100,"97.5100",True,"去除胃造口导管","治疗性操作"
nhsa_jbzd_97_5101,"97.5101",True,"内镜下胃造瘘管取出术","治疗性操作"
nhsa_jbzd_97_5200,"97.5200",True,"去除小肠导管","治疗性操作"
nhsa_jbzd_97_5201,"97.5201",True,"内镜下空肠造瘘管取出术","治疗性操作"
nhsa_jbzd_97_5300,"97.5300",True,"去除大肠或阑尾导管","治疗性操作"
nhsa_jbzd_97_5301,"97.5301",True,"直肠导管去除","治疗性操作"
nhsa_jbzd_97_5400,"97.5400",True,"去除胆囊造口导管","治疗性操作"
nhsa_jbzd_97_5500,"97.5500",True,"去除T型管、其他胆管导管或肝导管","治疗性操作"
nhsa_jbzd_97_5501,"97.5501",True,"去除胆管支架","治疗性操作"
nhsa_jbzd_97_5502,"97.5502",True,"胆管引流管取出术","治疗性操作"
nhsa_jbzd_97_5503,"97.5503",True,"去除T型管术","治疗性操作"
nhsa_jbzd_97_5504,"97.5504",True,"肝引流管取出术","治疗性操作"
nhsa_jbzd_97_5505,"97.5505",True,"经皮胆总管支架取出术","治疗性操作"
nhsa_jbzd_97_5506,"97.5506",True,"内镜下胆管支架取出术","治疗性操作"
nhsa_jbzd_97_5600,"97.5600",True,"去除胰腺导管或引流管","治疗性操作"
nhsa_jbzd_97_5601,"97.5601",True,"内镜下胰管支架去除","治疗性操作"
nhsa_jbzd_97_5602,"97.5602",True,"胰腺引流管去除","治疗性操作"
nhsa_jbzd_97_5603,"97.5603",True,"去除胰腺导管","治疗性操作"
nhsa_jbzd_97_5900,"97.5900",True,"去除消化系统其他装置","治疗性操作"
nhsa_jbzd_97_5900x001,"97.5900x001",True,"内镜下结肠支架取出术","治疗性操作"
nhsa_jbzd_97_5900x002,"97.5900x002",True,"内镜下十二指肠支架取出术","治疗性操作"
nhsa_jbzd_97_5901,"97.5901",True,"食道扩张支架去除","治疗性操作"
nhsa_jbzd_97_5902,"97.5902",True,"内镜下食管支架取出术","治疗性操作"
nhsa_jbzd_97_5903,"97.5903",True,"内镜下胃支架取出术","治疗性操作"
nhsa_jbzd_97_6100,"97.6100",True,"去除肾盂造口和肾造口导管","治疗性操作"
nhsa_jbzd_97_6101,"97.6101",True,"肾造口导管取出术","治疗性操作"
nhsa_jbzd_97_6102,"97.6102",True,"肾盂造口导管取出术","治疗性操作"
nhsa_jbzd_97_6200,"97.6200",True,"去除输尿管造口导管和输尿管导管","治疗性操作"
nhsa_jbzd_97_6201,"97.6201",True,"输尿管导管去除","治疗性操作"
nhsa_jbzd_97_6202,"97.6202",True,"输尿管造口导管去除","治疗性操作"
nhsa_jbzd_97_6203,"97.6203",True,"输尿管双“J”管取出术","治疗性操作"
nhsa_jbzd_97_6204,"97.6204",True,"输尿管镜输尿管支架取出术","治疗性操作"
nhsa_jbzd_97_6205,"97.6205",True,"膀胱镜输尿管支架取出术","治疗性操作"
nhsa_jbzd_97_6300,"97.6300",True,"去除膀胱造口导管","治疗性操作"
nhsa_jbzd_97_6400,"97.6400",True,"去除其他泌尿系统引流装置","治疗性操作"
nhsa_jbzd_97_6400x001,"97.6400x001",True,"导尿管去除","治疗性操作"
nhsa_jbzd_97_6401,"97.6401",True,"去除留置的泌尿系统导管","治疗性操作"
nhsa_jbzd_97_6402,"97.6402",True,"膀胱镜D-J管取出术","治疗性操作"
nhsa_jbzd_97_6500,"97.6500",True,"去除尿道支架","治疗性操作"
nhsa_jbzd_97_6501,"97.6501",True,"去除尿道支撑物","治疗性操作"
nhsa_jbzd_97_6900,"97.6900",True,"去除泌尿系统其他装置","治疗性操作"
nhsa_jbzd_97_6901,"97.6901",True,"膀胱支架去除","治疗性操作"
nhsa_jbzd_97_6902,"97.6902",True,"前列腺支架去除","治疗性操作"
nhsa_jbzd_97_7100,"97.7100",True,"取出子宫内避孕装置","治疗性操作"
nhsa_jbzd_97_7101,"97.7101",True,"子宫内避孕器取出术","治疗性操作"
nhsa_jbzd_97_7102,"97.7102",True,"宫腔镜子宫内避孕器取出术","治疗性操作"
nhsa_jbzd_97_7200,"97.7200",True,"取出子宫内填塞物","治疗性操作"
nhsa_jbzd_97_7300,"97.7300",True,"取出阴道隔膜","治疗性操作"
nhsa_jbzd_97_7400,"97.7400",True,"取出其他阴道子宫托","治疗性操作"
nhsa_jbzd_97_7400x001,"97.7400x001",True,"子宫托去除","治疗性操作"
nhsa_jbzd_97_7500,"97.7500",True,"取出阴道或外阴填塞物","治疗性操作"
nhsa_jbzd_97_7500x001,"97.7500x001",True,"阴道填塞物去除","治疗性操作"
nhsa_jbzd_97_7900,"97.7900",True,"取出生殖道其他装置","治疗性操作"
nhsa_jbzd_97_7900x003,"97.7900x003",True,"外阴缝线去除","治疗性操作"
nhsa_jbzd_97_7900x004,"97.7900x004",True,"阴茎缝线去除","治疗性操作"
nhsa_jbzd_97_7901,"97.7901",True,"阴道缝线去除","治疗性操作"
nhsa_jbzd_97_7902,"97.7902",True,"宫颈缝线去除","治疗性操作"
nhsa_jbzd_97_7903,"97.7903",True,"宫颈管支架取出术","治疗性操作"
nhsa_jbzd_97_7904,"97.7904",True,"宫腔支架取出术","治疗性操作"
nhsa_jbzd_97_8100,"97.8100",True,"去除腹膜后引流装置","治疗性操作"
nhsa_jbzd_97_8200,"97.8200",True,"去除腹膜引流装置","治疗性操作"
nhsa_jbzd_97_8300,"97.8300",True,"去除腹壁缝线","治疗性操作"
nhsa_jbzd_97_8400,"97.8400",True,"去除躯干缝线","治疗性操作"
nhsa_jbzd_97_8500,"97.8500",True,"去除躯干填塞物","治疗性操作"
nhsa_jbzd_97_8600,"97.8600",True,"去除腹部其他装置","治疗性操作"
nhsa_jbzd_97_8600x004,"97.8600x004",True,"腹腔化疗泵去除","治疗性操作"
nhsa_jbzd_97_8600x006,"97.8600x006",True,"盆腔化疗泵去除","治疗性操作"
nhsa_jbzd_97_8600x007,"97.8600x007",True,"腹膜透析导丝法拔管","治疗性操作"
nhsa_jbzd_97_8600x008,"97.8600x008",True,"腹膜透析腹腔法拔管","治疗性操作"
nhsa_jbzd_97_8600x009,"97.8600x009",True,"腹膜透析手工法拔管","治疗性操作"
nhsa_jbzd_97_8601,"97.8601",True,"腹膜透析管去除","治疗性操作"
nhsa_jbzd_97_8602,"97.8602",True,"腹腔DDS泵取出术","治疗性操作"
nhsa_jbzd_97_8603,"97.8603",True,"肝动脉泵取出术","治疗性操作"
nhsa_jbzd_97_8700,"97.8700",True,"去除躯干其他装置","治疗性操作"
nhsa_jbzd_97_8700x001,"97.8700x001",True,"躯干装置去除","治疗性操作"
nhsa_jbzd_97_8800,"97.8800",True,"去除外部制动装置","治疗性操作"
nhsa_jbzd_97_8801,"97.8801",True,"外固定装置取出术","治疗性操作"
nhsa_jbzd_97_8802,"97.8802",True,"石膏外固定去除","治疗性操作"
nhsa_jbzd_97_8900,"97.8900",True,"去除其他治疗性装置","治疗性操作"
nhsa_jbzd_97_8900x003,"97.8900x003",True,"肢体缝线去除","治疗性操作"
nhsa_jbzd_97_8900x004,"97.8900x004",True,"为肾透析的半永久静脉导管拔管","治疗性操作"
nhsa_jbzd_97_8900x005,"97.8900x005",True,"为肾透析的临时静脉导管拔管","治疗性操作"
nhsa_jbzd_97_8901,"97.8901",True,"皮肤扩张器取出术","治疗性操作"
nhsa_jbzd_97_8902,"97.8902",True,"输注泵取出术","治疗性操作"
nhsa_jbzd_97_8903,"97.8903",True,"化疗泵取出术","治疗性操作"
nhsa_jbzd_97_8904,"97.8904",True,"缝线去除","治疗性操作"
nhsa_jbzd_97_8905,"97.8905",True,"PICC管去除","治疗性操作"
nhsa_jbzd_98_0100,"98.0100",True,"口腔内异物的不切开去除","治疗性操作"
nhsa_jbzd_98_0101,"98.0101",True,"口腔异物取出术","治疗性操作"
nhsa_jbzd_98_0200,"98.0200",True,"食管管腔内异物的不切开去除","治疗性操作"
nhsa_jbzd_98_0200x001,"98.0200x001",True,"食管内异物去除","治疗性操作"
nhsa_jbzd_98_0201,"98.0201",True,"食管镜食管异物取出术","治疗性操作"
nhsa_jbzd_98_0300,"98.0300",True,"胃和小肠管腔内异物的不切开去除","治疗性操作"
nhsa_jbzd_98_0301,"98.0301",True,"内镜下胃内异物去除","治疗性操作"
nhsa_jbzd_98_0302,"98.0302",True,"内镜下十二指肠内异物去除","治疗性操作"
nhsa_jbzd_98_0303,"98.0303",True,"内镜下小肠内异物取出术","治疗性操作"
nhsa_jbzd_98_0400,"98.0400",True,"大肠管腔内异物的不切开去除","治疗性操作"
nhsa_jbzd_98_0401,"98.0401",True,"内镜下大肠内异物去除","治疗性操作"
nhsa_jbzd_98_0500,"98.0500",True,"直肠和肛门管腔内异物的不切开去除","治疗性操作"
nhsa_jbzd_98_0500x003,"98.0500x003",True,"内镜下直肠内异物去除","治疗性操作"
nhsa_jbzd_98_0501,"98.0501",True,"肛管内异物的不切开去除","治疗性操作"
nhsa_jbzd_98_0502,"98.0502",True,"直肠异物的不切开去除","治疗性操作"
nhsa_jbzd_98_1100,"98.1100",True,"耳腔内异物的不切开去除","治疗性操作"
nhsa_jbzd_98_1100x001,"98.1100x001",True,"耳内异物去除","治疗性操作"
nhsa_jbzd_98_1200,"98.1200",True,"鼻腔内异物的不切开去除","治疗性操作"
nhsa_jbzd_98_1200x001,"98.1200x001",True,"鼻腔内异物去除","治疗性操作"
nhsa_jbzd_98_1201,"98.1201",True,"内镜下鼻腔异物取出术","治疗性操作"
nhsa_jbzd_98_1300,"98.1300",True,"咽管腔内异物的不切开去除","治疗性操作"
nhsa_jbzd_98_1300x001,"98.1300x001",True,"咽内异物去除","治疗性操作"
nhsa_jbzd_98_1400,"98.1400",True,"喉管腔内异物的不切开去除","治疗性操作"
nhsa_jbzd_98_1400x001,"98.1400x001",True,"喉内异物去除","治疗性操作"
nhsa_jbzd_98_1400x002,"98.1400x002",True,"内镜下喉模去除","治疗性操作"
nhsa_jbzd_98_1500,"98.1500",True,"气管和支气管管腔内异物的不切开去除","治疗性操作"
nhsa_jbzd_98_1501,"98.1501",True,"非切开气管异物取出术","治疗性操作"
nhsa_jbzd_98_1502,"98.1502",True,"非切开支气管异物取出术","治疗性操作"
nhsa_jbzd_98_1503,"98.1503",True,"气管镜支气管异物取出术","治疗性操作"
nhsa_jbzd_98_1504,"98.1504",True,"气管镜气管异物取出术","治疗性操作"
nhsa_jbzd_98_1600,"98.1600",True,"子宫管腔内异物的不切开去除","治疗性操作"
nhsa_jbzd_98_1600x001,"98.1600x001",True,"子宫内异物去除","治疗性操作"
nhsa_jbzd_98_1600x002,"98.1600x002",True,"宫腔镜下子宫内异物去除","治疗性操作"
nhsa_jbzd_98_1601,"98.1601",True,"非切开宫颈异物取出术","治疗性操作"
nhsa_jbzd_98_1700,"98.1700",True,"阴道内异物的不切开去除","治疗性操作"
nhsa_jbzd_98_1700x001,"98.1700x001",True,"阴道内异物去除","治疗性操作"
nhsa_jbzd_98_1800,"98.1800",True,"人工造口管腔内异物的不切开去除","治疗性操作"
nhsa_jbzd_98_1800x001,"98.1800x001",True,"造口腔内异物去除","治疗性操作"
nhsa_jbzd_98_1900,"98.1900",True,"尿道管内异物的不切开去除","治疗性操作"
nhsa_jbzd_98_1900x001,"98.1900x001",True,"尿道内异物去除","治疗性操作"
nhsa_jbzd_98_2000,"98.2000",True,"去除异物","治疗性操作"
nhsa_jbzd_98_2100,"98.2100",True,"眼表浅异物的不切开去除","治疗性操作"
nhsa_jbzd_98_2100x001,"98.2100x001",True,"眼表浅异物去除","治疗性操作"
nhsa_jbzd_98_2101,"98.2101",True,"眶内表浅异物去除","治疗性操作"
nhsa_jbzd_98_2200,"98.2200",True,"头和颈部其他异物的不切开去除","治疗性操作"
nhsa_jbzd_98_2200x001,"98.2200x001",True,"结膜嵌入异物去除","治疗性操作"
nhsa_jbzd_98_2200x004,"98.2200x004",True,"眼睑嵌入异物去除","治疗性操作"
nhsa_jbzd_98_2200x005,"98.2200x005",True,"角膜嵌入异物去除","治疗性操作"
nhsa_jbzd_98_2201,"98.2201",True,"非切开头皮异物去除","治疗性操作"
nhsa_jbzd_98_2202,"98.2202",True,"非切开眼睑异物取出术","治疗性操作"
nhsa_jbzd_98_2203,"98.2203",True,"非切开结膜异物取出术","治疗性操作"
nhsa_jbzd_98_2204,"98.2204",True,"非切开颈部异物去除","治疗性操作"
nhsa_jbzd_98_2300,"98.2300",True,"外阴异物的不切开去除","治疗性操作"
nhsa_jbzd_98_2300x001,"98.2300x001",True,"外阴异物去除","治疗性操作"
nhsa_jbzd_98_2400,"98.2400",True,"阴囊或阴茎异物的不切开去除","治疗性操作"
nhsa_jbzd_98_2401,"98.2401",True,"阴茎异物去除","治疗性操作"
nhsa_jbzd_98_2402,"98.2402",True,"阴囊异物去除","治疗性操作"
nhsa_jbzd_98_2500,"98.2500",True,"躯干其他异物不切开去除，除外阴囊，阴茎或外阴","治疗性操作"
nhsa_jbzd_98_2501,"98.2501",True,"非切开躯干异物取出术","治疗性操作"
nhsa_jbzd_98_2600,"98.2600",True,"手异物的不切开去除","治疗性操作"
nhsa_jbzd_98_2600x001,"98.2600x001",True,"手异物去除","治疗性操作"
nhsa_jbzd_98_2700,"98.2700",True,"上肢异物的不切开去除，除外手","治疗性操作"
nhsa_jbzd_98_2700x001,"98.2700x001",True,"上肢异物去除","治疗性操作"
nhsa_jbzd_98_2800,"98.2800",True,"足异物的不切开去除","治疗性操作"
nhsa_jbzd_98_2800x001,"98.2800x001",True,"足异物去除","治疗性操作"
nhsa_jbzd_98_2900,"98.2900",True,"下肢异物的不切开去除，除外足","治疗性操作"
nhsa_jbzd_98_2900x001,"98.2900x001",True,"下肢异物去除","治疗性操作"
nhsa_jbzd_98_5100,"98.5100",True,"肾、输尿管和（或）膀胱体外休克波碎石[ESWL]","治疗性操作"
nhsa_jbzd_98_5101,"98.5101",True,"肾体外冲击波碎石术","治疗性操作"
nhsa_jbzd_98_5102,"98.5102",True,"膀胱体外冲击波碎石术","治疗性操作"
nhsa_jbzd_98_5103,"98.5103",True,"输尿管体外冲击波碎石术","治疗性操作"
nhsa_jbzd_98_5104,"98.5104",True,"肾盂体外冲击波碎石术","治疗性操作"
nhsa_jbzd_98_5200,"98.5200",True,"胆囊和（或）胆管体外休克波碎石[ESWL]","治疗性操作"
nhsa_jbzd_98_5201,"98.5201",True,"胆管体外冲击波碎石","治疗性操作"
nhsa_jbzd_98_5202,"98.5202",True,"胆囊体外冲击波碎石术","治疗性操作"
nhsa_jbzd_98_5900,"98.5900",True,"其他部位体外休克波碎石","治疗性操作"
nhsa_jbzd_98_5900x002,"98.5900x002",True,"子宫结石体外冲击波碎石","治疗性操作"
nhsa_jbzd_98_5900x003,"98.5900x003",True,"胰腺结石体外冲击波碎石","治疗性操作"
nhsa_jbzd_99_0000,"99.0000",True,"围手术期自体输全血或血成分","治疗性操作"
nhsa_jbzd_99_0000x002,"99.0000x002",True,"自体血回输(术中)","治疗性操作"
nhsa_jbzd_99_0001,"99.0001",True,"自体血液回输","治疗性操作"
nhsa_jbzd_99_0100,"99.0100",True,"交换输血","治疗性操作"
nhsa_jbzd_99_0100x001,"99.0100x001",True,"供者采血","治疗性操作"
nhsa_jbzd_99_0100x003,"99.0100x003",True,"全血置换","治疗性操作"
nhsa_jbzd_99_0101,"99.0101",True,"动脉输血术","治疗性操作"
nhsa_jbzd_99_0102,"99.0102",True,"换血术","治疗性操作"
nhsa_jbzd_99_0200,"99.0200",True,"输以前收集的自体血","治疗性操作"
nhsa_jbzd_99_0200x001,"99.0200x001",True,"自体血回输","治疗性操作"
nhsa_jbzd_99_0300,"99.0300",True,"全血的其他输入","治疗性操作"
nhsa_jbzd_99_0301,"99.0301",True,"输血","治疗性操作"
nhsa_jbzd_99_0400,"99.0400",True,"血细胞压积输入","治疗性操作"
nhsa_jbzd_99_0400x001,"99.0400x001",True,"成份血细胞输入","治疗性操作"
nhsa_jbzd_99_0401,"99.0401",True,"红细胞输入","治疗性操作"
nhsa_jbzd_99_0500,"99.0500",True,"输入血小板","治疗性操作"
nhsa_jbzd_99_0600,"99.0600",True,"输入凝血因子","治疗性操作"
nhsa_jbzd_99_0601,"99.0601",True,"输入抗血友病因子","治疗性操作"
nhsa_jbzd_99_0700,"99.0700",True,"输入其他血清","治疗性操作"
nhsa_jbzd_99_0701,"99.0701",True,"血浆输入","治疗性操作"
nhsa_jbzd_99_0800,"99.0800",True,"血容量扩充药的输入","治疗性操作"
nhsa_jbzd_99_0900,"99.0900",True,"输入其他物质","治疗性操作"
nhsa_jbzd_99_0900x001,"99.0900x001",True,"间充质干细胞回输","治疗性操作"
nhsa_jbzd_99_0901,"99.0901",True,"人造血浆输入","治疗性操作"
nhsa_jbzd_99_1000,"99.1000",True,"血栓溶解药的注射或输注","治疗性操作"
nhsa_jbzd_99_1000x006,"99.1000x006",True,"腹主动脉导管溶栓","治疗性操作"
nhsa_jbzd_99_1000x007,"99.1000x007",True,"髂动脉导管溶栓","治疗性操作"
nhsa_jbzd_99_1000x008,"99.1000x008",True,"髂静脉导管溶栓","治疗性操作"
nhsa_jbzd_99_1000x009,"99.1000x009",True,"上肢动脉导管溶栓","治疗性操作"
nhsa_jbzd_99_1000x010,"99.1000x010",True,"上肢静脉导管溶栓","治疗性操作"
nhsa_jbzd_99_1000x011,"99.1000x011",True,"下腔静脉导管溶栓","治疗性操作"
nhsa_jbzd_99_1001,"99.1001",True,"下肢动脉溶栓术","治疗性操作"
nhsa_jbzd_99_1002,"99.1002",True,"股动脉置管溶栓术","治疗性操作"
nhsa_jbzd_99_1003,"99.1003",True,"下肢静脉置管溶栓术","治疗性操作"
nhsa_jbzd_99_1004,"99.1004",True,"肾动脉血栓溶解剂灌注","治疗性操作"
nhsa_jbzd_99_1005,"99.1005",True,"脑动脉血栓溶解剂灌注","治疗性操作"
nhsa_jbzd_99_1006,"99.1006",True,"颈动脉血栓溶解剂灌注","治疗性操作"
nhsa_jbzd_99_1007,"99.1007",True,"肺动脉血栓溶解剂灌注","治疗性操作"
nhsa_jbzd_99_1008,"99.1008",True,"脑动脉内溶栓术","治疗性操作"
nhsa_jbzd_99_1009,"99.1009",True,"脑静脉窦溶栓术","治疗性操作"
nhsa_jbzd_99_1100,"99.1100",True,"注射Rh免疫球蛋白","治疗性操作"
nhsa_jbzd_99_1200,"99.1200",True,"变态反应免疫接种","治疗性操作"
nhsa_jbzd_99_1201,"99.1201",True,"脱敏疗法","治疗性操作"
nhsa_jbzd_99_1300,"99.1300",True,"自体免疫病的免疫接种","治疗性操作"
nhsa_jbzd_99_1400,"99.1400",True,"丙球蛋白注射或输注","治疗性操作"
nhsa_jbzd_99_1401,"99.1401",True,"免疫血清注射","治疗性操作"
nhsa_jbzd_99_1500,"99.1500",True,"胃肠外输注浓缩营养物质","治疗性操作"
nhsa_jbzd_99_1501,"99.1501",True,"全部胃肠外营养","治疗性操作"
nhsa_jbzd_99_1502,"99.1502",True,"周围胃肠外营养","治疗性操作"
nhsa_jbzd_99_1600,"99.1600",True,"解毒药注射","治疗性操作"
nhsa_jbzd_99_1600x003,"99.1600x003",True,"肉毒素注射","治疗性操作"
nhsa_jbzd_99_1601,"99.1601",True,"抗蛇毒素注射","治疗性操作"
nhsa_jbzd_99_1602,"99.1602",True,"重金属拮抗剂注射","治疗性操作"
nhsa_jbzd_99_1700,"99.1700",True,"注射胰岛素","治疗性操作"
nhsa_jbzd_99_1800,"99.1800",True,"注射或输注电解质","治疗性操作"
nhsa_jbzd_99_1800x001,"99.1800x001",True,"电解质制剂注射","治疗性操作"
nhsa_jbzd_99_1800x002,"99.1800x002",True,"电解质制剂输注","治疗性操作"
nhsa_jbzd_99_1900,"99.1900",True,"注射凝血药","治疗性操作"
nhsa_jbzd_99_1900x001,"99.1900x001",True,"注射抗凝血药","治疗性操作"
nhsa_jbzd_99_2000,"99.2000",True,"血小板抑制药的注射或输注","治疗性操作"
nhsa_jbzd_99_2000x001,"99.2000x001",True,"血小板抑制剂注射","治疗性操作"
nhsa_jbzd_99_2000x002,"99.2000x002",True,"血小板抑制剂输注","治疗性操作"
nhsa_jbzd_99_2100,"99.2100",True,"注射抗生素","治疗性操作"
nhsa_jbzd_99_2200,"99.2200",True,"注射其他抗感染药物","治疗性操作"
nhsa_jbzd_99_2200x001,"99.2200x001",True,"抗感染药物注射","治疗性操作"
nhsa_jbzd_99_2300,"99.2300",True,"类固醇注射","治疗性操作"
nhsa_jbzd_99_2400,"99.2400",True,"其他激素注射","治疗性操作"
nhsa_jbzd_99_2400x001,"99.2400x001",True,"肾上腺皮质激素类药物注射","治疗性操作"
nhsa_jbzd_99_2401,"99.2401",True,"骨囊肿激素注射术","治疗性操作"
nhsa_jbzd_99_2500,"99.2500",True,"注射或输注癌瘤化学治疗药物","治疗性操作"
nhsa_jbzd_99_2500x017,"99.2500x017",True,"化学物质栓塞","治疗性操作"
nhsa_jbzd_99_2500x037,"99.2500x037",True,"超声内镜下化疗药物注射","治疗性操作"
nhsa_jbzd_99_2500x038,"99.2500x038",True,"皮下注射化疗药物","治疗性操作"
nhsa_jbzd_99_2500x039,"99.2500x039",True,"子宫颈注射化疗药物","治疗性操作"
nhsa_jbzd_99_2501,"99.2501",True,"动脉化疗栓塞","治疗性操作"
nhsa_jbzd_99_2502,"99.2502",True,"动脉注射化疗药物","治疗性操作"
nhsa_jbzd_99_2503,"99.2503",True,"静脉注射化疗药物","治疗性操作"
nhsa_jbzd_99_2504,"99.2504",True,"肌肉注射化疗药物","治疗性操作"
nhsa_jbzd_99_2505,"99.2505",True,"化疗药物灌注","治疗性操作"
nhsa_jbzd_99_2506,"99.2506",True,"膀胱灌注化疗","治疗性操作"
nhsa_jbzd_99_2600,"99.2600",True,"注射镇静药","治疗性操作"
nhsa_jbzd_99_2700,"99.2700",True,"电离子透入疗法","治疗性操作"
nhsa_jbzd_99_2800,"99.2800",True,"注射或输注作为一种抗肿瘤药的生物治疗调节[BRM]","治疗性操作"
nhsa_jbzd_99_2800x003,"99.2800x003",True,"抗肿瘤基因治疗","治疗性操作"
nhsa_jbzd_99_2800x004,"99.2800x004",True,"肌肉注射免疫抑制剂治疗","治疗性操作"
nhsa_jbzd_99_2800x005,"99.2800x005",True,"静脉注射免疫制剂治疗","治疗性操作"
nhsa_jbzd_99_2800x006,"99.2800x006",True,"分子靶向治疗","治疗性操作"
nhsa_jbzd_99_2801,"99.2801",True,"抗肿瘤免疫治疗","治疗性操作"
nhsa_jbzd_99_2802,"99.2802",True,"小剂量白介素治疗","治疗性操作"
nhsa_jbzd_99_2803,"99.2803",True,"溶瘤腺病毒注射术","治疗性操作"
nhsa_jbzd_99_2900,"99.2900",True,"注射或输注其他治疗性或预防性药物","治疗性操作"
nhsa_jbzd_99_2900x005,"99.2900x005",True,"肛周湿疹封闭","治疗性操作"
nhsa_jbzd_99_2900x006,"99.2900x006",True,"玻尿酸注射","治疗性操作"
nhsa_jbzd_99_2901,"99.2901",True,"异位妊娠化疗药物注射","治疗性操作"
nhsa_jbzd_99_2902,"99.2902",True,"穴位注射","治疗性操作"
nhsa_jbzd_99_2903,"99.2903",True,"膀胱颈硬化剂注射","治疗性操作"
nhsa_jbzd_99_2904,"99.2904",True,"血管瘤硬化剂注射","治疗性操作"
nhsa_jbzd_99_2905,"99.2905",True,"血管瘤平阳霉素注射","治疗性操作"
nhsa_jbzd_99_2906,"99.2906",True,"颞部充填术（透明质酸钠注射）","治疗性操作"
nhsa_jbzd_99_2907,"99.2907",True,"超声定位下肉毒素注射","治疗性操作"
nhsa_jbzd_99_2908,"99.2908",True,"肌电定位下肉毒素注射","治疗性操作"
nhsa_jbzd_99_3100,"99.3100",True,"抗霍乱接种","治疗性操作"
nhsa_jbzd_99_3200,"99.3200",True,"抗伤寒和副伤寒接种","治疗性操作"
nhsa_jbzd_99_3300,"99.3300",True,"抗结核接种","治疗性操作"
nhsa_jbzd_99_3400,"99.3400",True,"抗鼠疫接种","治疗性操作"
nhsa_jbzd_99_3500,"99.3500",True,"抗兔热病接种","治疗性操作"
nhsa_jbzd_99_3600,"99.3600",True,"应用白喉类毒素","治疗性操作"
nhsa_jbzd_99_3700,"99.3700",True,"接种抗百日咳","治疗性操作"
nhsa_jbzd_99_3800,"99.3800",True,"破伤风类毒素应用","治疗性操作"
nhsa_jbzd_99_3900,"99.3900",True,"白喉-百日咳-破伤风的三联混合菌应用","治疗性操作"
nhsa_jbzd_99_4100,"99.4100",True,"脊髓灰质炎疫苗应用","治疗性操作"
nhsa_jbzd_99_4200,"99.4200",True,"抗天花接种","治疗性操作"
nhsa_jbzd_99_4300,"99.4300",True,"抗黄热病接种","治疗性操作"
nhsa_jbzd_99_4400,"99.4400",True,"抗狂犬病接种","治疗性操作"
nhsa_jbzd_99_4500,"99.4500",True,"抗麻疹接种","治疗性操作"
nhsa_jbzd_99_4600,"99.4600",True,"抗流行性腮腺炎接种","治疗性操作"
nhsa_jbzd_99_4700,"99.4700",True,"抗风疹接种","治疗性操作"
nhsa_jbzd_99_4800,"99.4800",True,"使用麻疹-流行性腮腺炎-风疹疫苗","治疗性操作"
nhsa_jbzd_99_5100,"99.5100",True,"抗感冒的预防性接种","治疗性操作"
nhsa_jbzd_99_5200,"99.5200",True,"抗流行性感冒的预防性接种","治疗性操作"
nhsa_jbzd_99_5300,"99.5300",True,"抗节肢动物传播的病毒性脑炎的预防性接种","治疗性操作"
nhsa_jbzd_99_5300x001,"99.5300x001",True,"病毒性脑炎疫苗预防性接种","治疗性操作"
nhsa_jbzd_99_5400,"99.5400",True,"抗节肢动物传播的病毒性疾病的预防性接种","治疗性操作"
nhsa_jbzd_99_5500,"99.5500",True,"抗其他疾病的预防性疫苗应用","治疗性操作"
nhsa_jbzd_99_5600,"99.5600",True,"应用破伤风抗毒素","治疗性操作"
nhsa_jbzd_99_5600x001,"99.5600x001",True,"破伤风抗毒素治疗","治疗性操作"
nhsa_jbzd_99_5700,"99.5700",True,"应用肉毒中毒抗毒素","治疗性操作"
nhsa_jbzd_99_5700x001,"99.5700x001",True,"肉毒中毒抗毒素治疗","治疗性操作"
nhsa_jbzd_99_5800,"99.5800",True,"应用其他抗毒素","治疗性操作"
nhsa_jbzd_99_5801,"99.5801",True,"气性坏疽抗毒素治疗","治疗性操作"
nhsa_jbzd_99_5802,"99.5802",True,"猩红热抗毒素治疗","治疗性操作"
nhsa_jbzd_99_5900,"99.5900",True,"其他种痘和接种","治疗性操作"
nhsa_jbzd_99_6000,"99.6000",True,"心肺复苏","治疗性操作"
nhsa_jbzd_99_6100,"99.6100",True,"心房复律术","治疗性操作"
nhsa_jbzd_99_6200,"99.6200",True,"心脏其他电抗休克","治疗性操作"
nhsa_jbzd_99_6200x001,"99.6200x001",True,"电除颤","治疗性操作"
nhsa_jbzd_99_6201,"99.6201",True,"心律电复律","治疗性操作"
nhsa_jbzd_99_6202,"99.6202",True,"心室内除颤","治疗性操作"
nhsa_jbzd_99_6300,"99.6300",True,"闭合性胸部心脏按摩","治疗性操作"
nhsa_jbzd_99_6300x001,"99.6300x001",True,"心外按压","治疗性操作"
nhsa_jbzd_99_6400,"99.6400",True,"颈动脉窦剌激","治疗性操作"
nhsa_jbzd_99_6900,"99.6900",True,"其他心律复转","治疗性操作"
nhsa_jbzd_99_7100,"99.7100",True,"治疗性血浆去除术","治疗性操作"
nhsa_jbzd_99_7200,"99.7200",True,"治疗性白细胞去除术","治疗性操作"
nhsa_jbzd_99_7200x002,"99.7200x002",True,"治疗性淋巴细胞去除","治疗性操作"
nhsa_jbzd_99_7200x003,"99.7200x003",True,"治疗性粒细胞去除","治疗性操作"
nhsa_jbzd_99_7300,"99.7300",True,"治疗性红细胞去除术","治疗性操作"
nhsa_jbzd_99_7400,"99.7400",True,"治疗性血小板去除术","治疗性操作"
nhsa_jbzd_99_7500,"99.7500",True,"神经保护药的使用","治疗性操作"
nhsa_jbzd_99_7600,"99.7600",True,"体外免疫吸附","治疗性操作"
nhsa_jbzd_99_7700,"99.7700",True,"使用或应用粘连屏障物","治疗性操作"
nhsa_jbzd_99_7700x001,"99.7700x001",True,"屏障物置入","治疗性操作"
nhsa_jbzd_99_7700x002,"99.7700x002",True,"子宫粘连屏障物置入","治疗性操作"
nhsa_jbzd_99_7800,"99.7800",True,"液体平衡疗法","治疗性操作"
nhsa_jbzd_99_7900,"99.7900",True,"其他治疗性血浆分离置换法或其他治疗性或预防性药物的注射、使用或输注","治疗性操作"
nhsa_jbzd_99_7901,"99.7901",True,"干细胞采集","治疗性操作"
nhsa_jbzd_99_8100,"99.8100",True,"低温(中枢)(局部)","治疗性操作"
nhsa_jbzd_99_8100x001,"99.8100x001",True,"体表物理降温","治疗性操作"
nhsa_jbzd_99_8200,"99.8200",True,"紫外线光疗法","治疗性操作"
nhsa_jbzd_99_8200x002,"99.8200x002",True,"局部红外线照射","治疗性操作"
nhsa_jbzd_99_8200x003,"99.8200x003",True,"新生儿紫外线照射","治疗性操作"
nhsa_jbzd_99_8200x004,"99.8200x004",True,"局部紫外线照射","治疗性操作"
nhsa_jbzd_99_8300,"99.8300",True,"其他光疗法","治疗性操作"
nhsa_jbzd_99_8300x003,"99.8300x003",True,"强脉冲光治疗","治疗性操作"
nhsa_jbzd_99_8300x004,"99.8300x004",True,"红光治疗","治疗性操作"
nhsa_jbzd_99_8300x005,"99.8300x005",True,"蓝光照射治疗","治疗性操作"
nhsa_jbzd_99_8301,"99.8301",True,"新生儿蓝光治疗","治疗性操作"
nhsa_jbzd_99_8400,"99.8400",True,"隔离","治疗性操作"
nhsa_jbzd_99_8500,"99.8500",True,"癌症高热疗法","治疗性操作"
nhsa_jbzd_99_8500x001,"99.8500x001",True,"微波治疗","治疗性操作"
nhsa_jbzd_99_8500x002,"99.8500x002",True,"振荡波治疗","治疗性操作"
nhsa_jbzd_99_8500x003,"99.8500x003",True,"热疗(用于癌症)","治疗性操作"
nhsa_jbzd_99_8500x004,"99.8500x004",True,"高强度聚焦超声治疗[HIFU]","治疗性操作"
nhsa_jbzd_99_8501,"99.8501",True,"癌瘤微波治疗术","治疗性操作"
nhsa_jbzd_99_8502,"99.8502",True,"体外聚焦热疗[FEP]","治疗性操作"
nhsa_jbzd_99_8503,"99.8503",True,"温热化疗术","治疗性操作"
nhsa_jbzd_99_8600,"99.8600",True,"非侵袭性放置骨生长刺激器","治疗性操作"
nhsa_jbzd_99_8601,"99.8601",True,"骨创伤治疗仪使用","治疗性操作"
nhsa_jbzd_99_8800,"99.8800",True,"治疗性光细胞分离法","治疗性操作"
nhsa_jbzd_99_8800x002,"99.8800x002",True,"光化学疗法[PUVA]","治疗性操作"
nhsa_jbzd_99_8801,"99.8801",True,"光动力学疗法","治疗性操作"
nhsa_jbzd_99_8802,"99.8802",True,"胆管癌光化学疗法[PUVA]","治疗性操作"
nhsa_jbzd_99_8803,"99.8803",True,"食管癌光化学疗法[PUVA]","治疗性操作"
nhsa_jbzd_99_8804,"99.8804",True,"胃癌光化学疗法[PUVA]","治疗性操作"
nhsa_jbzd_99_9100,"99.9100",True,"针刺用于麻醉","治疗性操作"
nhsa_jbzd_99_9200,"99.9200",True,"针刺","治疗性操作"
nhsa_jbzd_99_9200x001,"99.9200x001",True,"头针治疗","治疗性操作"
nhsa_jbzd_99_9200x002,"99.9200x002",True,"腹针治疗","治疗性操作"
nhsa_jbzd_99_9200x003,"99.9200x003",True,"眼针治疗","治疗性操作"
nhsa_jbzd_99_9200x004,"99.9200x004",True,"手针治疗","治疗性操作"
nhsa_jbzd_99_9200x005,"99.9200x005",True,"腕踝针治疗","治疗性操作"
nhsa_jbzd_99_9200x006,"99.9200x006",True,"平衡针治疗","治疗性操作"
nhsa_jbzd_99_9200x007,"99.9200x007",True,"醒脑开窍针刺治疗","治疗性操作"
nhsa_jbzd_99_9200x008,"99.9200x008",True,"靳三针治疗","治疗性操作"
nhsa_jbzd_99_9200x009,"99.9200x009",True,"三棱针治疗","治疗性操作"
nhsa_jbzd_99_9200x010,"99.9200x010",True,"皮内针治疗","治疗性操作"
nhsa_jbzd_99_9200x011,"99.9200x011",True,"火针治疗","治疗性操作"
nhsa_jbzd_99_9200x012,"99.9200x012",True,"皮肤针治疗","治疗性操作"
nhsa_jbzd_99_9200x013,"99.9200x013",True,"芒针治疗","治疗性操作"
nhsa_jbzd_99_9200x014,"99.9200x014",True,"穴位注射治疗","治疗性操作"
nhsa_jbzd_99_9200x015,"99.9200x015",True,"鍉针治疗","治疗性操作"
nhsa_jbzd_99_9200x016,"99.9200x016",True,"电针治疗","治疗性操作"
nhsa_jbzd_99_9200x017,"99.9200x017",True,"贺氏三通治疗","治疗性操作"
nhsa_jbzd_99_9200x018,"99.9200x018",True,"浮针治疗","治疗性操作"
nhsa_jbzd_99_9200x019,"99.9200x019",True,"针刀治疗","治疗性操作"
nhsa_jbzd_99_9200x020,"99.9200x020",True,"脊柱针刀治疗","治疗性操作"
nhsa_jbzd_99_9200x021,"99.9200x021",True,"四肢关节针刀治疗","治疗性操作"
nhsa_jbzd_99_9200x022,"99.9200x022",True,"手足针刀治疗","治疗性操作"
nhsa_jbzd_99_9200x023,"99.9200x023",True,"带刃针疗法","治疗性操作"
nhsa_jbzd_99_9200x024,"99.9200x024",True,"脊柱带刃针治疗","治疗性操作"
nhsa_jbzd_99_9200x025,"99.9200x025",True,"水针刀治疗","治疗性操作"
nhsa_jbzd_99_9200x026,"99.9200x026",True,"钩针治疗","治疗性操作"
nhsa_jbzd_99_9200x027,"99.9200x027",True,"刃针治疗","治疗性操作"
nhsa_jbzd_99_9200x028,"99.9200x028",True,"手足刃针治疗","治疗性操作"
nhsa_jbzd_99_9200x029,"99.9200x029",True,"脊柱刃针治疗","治疗性操作"
nhsa_jbzd_99_9200x030,"99.9200x030",True,"四肢关节刃针治疗","治疗性操作"
nhsa_jbzd_99_9200x031,"99.9200x031",True,"长圆针治疗","治疗性操作"
nhsa_jbzd_99_9200x032,"99.9200x032",True,"松解针松解治疗","治疗性操作"
nhsa_jbzd_99_9200x033,"99.9200x033",True,"铍针治疗","治疗性操作"
nhsa_jbzd_99_9200x034,"99.9200x034",True,"针刀刺营治疗急性扁桃体炎治疗","治疗性操作"
nhsa_jbzd_99_9200x035,"99.9200x035",True,"火针洞式引流治疗","治疗性操作"
nhsa_jbzd_99_9201,"99.9201",True,"毫针刺法","治疗性操作"
nhsa_jbzd_99_9202,"99.9202",True,"金针","治疗性操作"
nhsa_jbzd_99_9203,"99.9203",True,"电针经络氧疗法","治疗性操作"
nhsa_jbzd_99_9204,"99.9204",True,"电针脉冲疗法","治疗性操作"
nhsa_jbzd_99_9205,"99.9205",True,"耳针","治疗性操作"
nhsa_jbzd_99_9206,"99.9206",True,"丛针浅刺法","治疗性操作"
nhsa_jbzd_99_9207,"99.9207",True,"大椎放血","治疗性操作"
nhsa_jbzd_99_9208,"99.9208",True,"耳尖放血","治疗性操作"
nhsa_jbzd_99_9209,"99.9209",True,"十宣放血","治疗性操作"
nhsa_jbzd_99_9210,"99.9210",True,"其它针刺放血法","治疗性操作"
nhsa_jbzd_99_9211,"99.9211",True,"砭针疗法","治疗性操作"
nhsa_jbzd_99_9300,"99.9300",True,"直肠按摩(用于提肛肌痉挛)","治疗性操作"
nhsa_jbzd_99_9400,"99.9400",True,"前列腺按摩","治疗性操作"
nhsa_jbzd_99_9500,"99.9500",True,"包皮伸长","治疗性操作"
nhsa_jbzd_99_9600,"99.9600",True,"收集精液用于人工授精","治疗性操作"
nhsa_jbzd_99_9700,"99.9700",True,"安装牙托","治疗性操作"
nhsa_jbzd_99_9800,"99.9800",True,"授乳乳房的乳汁抽吸","治疗性操作"
nhsa_jbzd_99_9900,"99.9900",True,"其他各类操作","治疗性操作"
nhsa_jbzd_99_9900x010,"99.9900x010",True,"氩气刀治疗","治疗性操作"
nhsa_jbzd_99_9900x011,"99.9900x011",True,"口服免疫抑制剂治疗","治疗性操作"
nhsa_jbzd_99_9901,"99.9901",True,"水蛭疗法","治疗性操作"
nhsa_jbzd_99_9902,"99.9902",True,"蜂针疗法","治疗性操作"
