id,name,primary_classification,secondary_classification,tertiary_classification,common_name,material,characteristics,payment_category,payment_standard,description
gz_nhsa_consumables_C01010100101001,C01010100101001,非血管介入治疗类材料,呼吸介入材料,气管支气管支架,支架,镍钛合金,全覆膜,乙类,8085.00,
gz_nhsa_consumables_C01010100101004,C01010100101004,非血管介入治疗类材料,呼吸介入材料,气管支气管支架,支架,镍钛合金,半覆膜,乙类,7350.00,
gz_nhsa_consumables_C01010100101007,C01010100101007,非血管介入治疗类材料,呼吸介入材料,气管支气管支架,支架,镍钛合金,非覆膜,乙类,2552.00,
gz_nhsa_consumables_C01010100102001,C01010100102001,非血管介入治疗类材料,呼吸介入材料,气管支气管支架,支架,不锈钢,全覆膜,乙类,6897.00,
gz_nhsa_consumables_C01010100103001,C01010100103001,非血管介入治疗类材料,呼吸介入材料,气管支气管支架,支架,硅酮,全覆膜,乙类,16800.00,
gz_nhsa_consumables_C01010200201001,C01010200201001,非血管介入治疗类材料,呼吸介入材料,气道球囊,球囊,嵌段聚醚酰胺树脂（Pebax）,止血球囊/单级球囊/普通,乙类,3880.00,
gz_nhsa_consumables_C01010200201005,C01010200201005,非血管介入治疗类材料,呼吸介入材料,气道球囊,球囊,嵌段聚醚酰胺树脂（Pebax）,扩张球囊/单级球囊/普通,乙类,2749.30,
gz_nhsa_consumables_C01010200201006,C01010200201006,非血管介入治疗类材料,呼吸介入材料,气道球囊,球囊,嵌段聚醚酰胺树脂（Pebax）,扩张球囊/单级球囊/可过导丝,乙类,1464.94,
gz_nhsa_consumables_C01010200201007,C01010200201007,非血管介入治疗类材料,呼吸介入材料,气道球囊,球囊,嵌段聚醚酰胺树脂（Pebax）,扩张球囊/多级球囊/普通,乙类,3533.10,
gz_nhsa_consumables_C01010200201008,C01010200201008,非血管介入治疗类材料,呼吸介入材料,气道球囊,球囊,嵌段聚醚酰胺树脂（Pebax）,扩张球囊/多级球囊/可过导丝,乙类,3648.42,
gz_nhsa_consumables_C01010300301001,C01010300301001,非血管介入治疗类材料,呼吸介入材料,气道导丝,导丝,镍钛合金,末端有亲水涂层,乙类,981.72,
gz_nhsa_consumables_C01010300301002,C01010300301002,非血管介入治疗类材料,呼吸介入材料,气道导丝,导丝,镍钛合金,末端无亲水涂层,乙类,120.84,
gz_nhsa_consumables_C01010400400001,C01010400400001,非血管介入治疗类材料,呼吸介入材料,气道射频导管,导管,不区分,单电极,乙类,264.76,
gz_nhsa_consumables_C01010400400003,C01010400400003,非血管介入治疗类材料,呼吸介入材料,气道射频导管,导管,不区分,多电极,乙类,55.00,
gz_nhsa_consumables_C01010600600000,C01010600600000,非血管介入治疗类材料,呼吸介入材料,呼吸类细胞刷,细胞刷,不区分,常规,乙类,55.72,
gz_nhsa_consumables_C01010700700001,C01010700700001,非血管介入治疗类材料,呼吸介入材料,呼吸活检钳,活检材料,不区分,带针/带齿/带外,乙类,80.29,
gz_nhsa_consumables_C01010700700003,C01010700700003,非血管介入治疗类材料,呼吸介入材料,呼吸活检钳,活检材料,不区分,-带管针/不带齿/带外鞘管,乙类,65.84,
gz_nhsa_consumables_C01010700700004,C01010700700004,非血管介入治疗类材料,呼吸介入材料,呼吸活检钳,活检材料,不区分,带针/不带齿/无外鞘管,乙类,48.49,
gz_nhsa_consumables_C01010700700005,C01010700700005,非血管介入治疗类材料,呼吸介入材料,呼吸活检钳,活检材料,不区分,不带针/带齿/带外鞘管,乙类,54.76,
gz_nhsa_consumables_C01010700700006,C01010700700006,非血管介入治疗类材料,呼吸介入材料,呼吸活检钳,活检材料,不区分,不带针/带齿/无外鞘管,乙类,60.00,
gz_nhsa_consumables_C01010700700007,C01010700700007,非血管介入治疗类材料,呼吸介入材料,呼吸活检钳,活检材料,不区分,不带针/不带齿/带外鞘管,乙类,54.10,
gz_nhsa_consumables_C01010700700008,C01010700700008,非血管介入治疗类材料,呼吸介入材料,呼吸活检钳,活检材料,不区分,不带针/不带齿/无外鞘管,乙类,57.95,
gz_nhsa_consumables_C01010800700000,C01010800700000,非血管介入治疗类材料,呼吸介入材料,呼吸内镜用热活检钳,活检材料,不区分,常规,乙类,807.84,
gz_nhsa_consumables_C01010900700001,C01010900700001,非血管介入治疗类材料,呼吸介入材料,呼吸内镜介入活检针,活检材料,不区分,经超声/组织针,乙类,1250.61,
gz_nhsa_consumables_C01010900700002,C01010900700002,非血管介入治疗类材料,呼吸介入材料,呼吸内镜介入活检针,活检材料,不区分,经超声/细胞针,乙类,1100.00,
gz_nhsa_consumables_C01010900700003,C01010900700003,非血管介入治疗类材料,呼吸介入材料,呼吸内镜介入活检针,活检材料,不区分,不经超声/组织针,乙类,1308.04,
gz_nhsa_consumables_C01010900700004,C01010900700004,非血管介入治疗类材料,呼吸介入材料,呼吸内镜介入活检针,活检材料,不区分,不经超声/细胞针,乙类,520.00,
gz_nhsa_consumables_C01011000800000,C01011000800000,非血管介入治疗类材料,呼吸介入材料,支气管镜用异物钳,异物钳,不区分,常规,乙类,1414.07,
gz_nhsa_consumables_C01011100900000,C01011100900000,非血管介入治疗类材料,呼吸介入材料,支气管镜用灌洗管,灌洗管,不区分,常规,乙类,210.00,
gz_nhsa_consumables_C01011201000000,C01011201000000,非血管介入治疗类材料,呼吸介入材料,支气管镜用造影管,管路,不区分,常规,乙类,39.13,
gz_nhsa_consumables_C01011301100000,C01011301100000,非血管介入治疗类材料,呼吸介入材料,支气管镜用电圈套器,圈套器,不区分,常规,乙类,289.04,
gz_nhsa_consumables_C01012101800000,C01012101800000,非血管介入治疗类材料,呼吸介入材料,气道超声水囊,水囊,不区分,常规,乙类,2424.86,
gz_nhsa_consumables_C01012201900000,C01012201900000,非血管介入治疗类材料,呼吸介入材料,气道异物网篮,网篮,不区分,常规,乙类,1147.00,
gz_nhsa_consumables_C01012300400000,C01012300400000,非血管介入治疗类材料,呼吸介入材料,吸引导管,导管,不区分,常规,乙类,1.97,
gz_nhsa_consumables_C01012402000000,C01012402000000,非血管介入治疗类材料,呼吸介入材料,一次性胸壁穿刺套管,套管,不区分,常规,乙类,1.80,
gz_nhsa_consumables_C01012500400002,C01012500400002,非血管介入治疗类材料,呼吸介入材料,其他呼吸介入材料,导管,不区分,导管,乙类,2000.00,
gz_nhsa_consumables_C01012522500003,C01012522500003,非血管介入治疗类材料,呼吸介入材料,其他呼吸介入材料,通气道,不区分,通气道,乙类,8.56,
gz_nhsa_consumables_C01020100200003,C01020100200003,非血管介入治疗类材料,消化介入材料,贲门球囊,球囊,不区分,注液体/带导丝,乙类,3880.00,
gz_nhsa_consumables_C01020100200004,C01020100200004,非血管介入治疗类材料,消化介入材料,贲门球囊,球囊,不区分,注液体/不带导丝,乙类,2258.15,
gz_nhsa_consumables_C01020200201001,C01020200201001,非血管介入治疗类材料,消化介入材料,食道球囊,球囊,嵌段聚醚酰胺树脂（Pebax）,单级扩张球囊/不带导丝,乙类,1080.00,
gz_nhsa_consumables_C01020200201002,C01020200201002,非血管介入治疗类材料,消化介入材料,食道球囊,球囊,嵌段聚醚酰胺树脂（Pebax）,单级扩张球囊/带导丝,乙类,2244.52,
gz_nhsa_consumables_C01020200201003,C01020200201003,非血管介入治疗类材料,消化介入材料,食道球囊,球囊,嵌段聚醚酰胺树脂（Pebax）,多级扩张球囊/不带导丝,乙类,3339.32,
gz_nhsa_consumables_C01020200201004,C01020200201004,非血管介入治疗类材料,消化介入材料,食道球囊,球囊,嵌段聚醚酰胺树脂（Pebax）,多级扩张球囊/带导丝,乙类,2517.70,
gz_nhsa_consumables_C01020200202001,C01020200202001,非血管介入治疗类材料,消化介入材料,食道球囊,球囊,聚对苯二甲酸乙二醇脂（PET）,单级扩张球囊/不带导丝,乙类,1590.17,
gz_nhsa_consumables_C01020200202002,C01020200202002,非血管介入治疗类材料,消化介入材料,食道球囊,球囊,聚对苯二甲酸乙二醇脂（PET）,单级扩张球囊/带导丝,乙类,3880.00,
gz_nhsa_consumables_C01020200202003,C01020200202003,非血管介入治疗类材料,消化介入材料,食道球囊,球囊,聚对苯二甲酸乙二醇脂（PET）,多级扩张球囊/不带导丝,乙类,3880.00,
gz_nhsa_consumables_C01020300201001,C01020300201001,非血管介入治疗类材料,消化介入材料,肠道扩张球囊,球囊,嵌段聚醚酰胺树脂（Pebax）,单级扩张球囊/带导丝,乙类,2374.06,
gz_nhsa_consumables_C01020300201002,C01020300201002,非血管介入治疗类材料,消化介入材料,肠道扩张球囊,球囊,嵌段聚醚酰胺树脂（Pebax）,单级扩张球囊/不带导丝,乙类,1870.94,
gz_nhsa_consumables_C01020300201004,C01020300201004,非血管介入治疗类材料,消化介入材料,肠道扩张球囊,球囊,嵌段聚醚酰胺树脂（Pebax）,多级扩张球囊/不带导丝,乙类,2900.00,
gz_nhsa_consumables_C01020300202001,C01020300202001,非血管介入治疗类材料,消化介入材料,肠道扩张球囊,球囊,聚对苯二甲酸乙二醇脂（PET）,单级扩张球囊/带导丝,乙类,2374.06,
gz_nhsa_consumables_C01020300202002,C01020300202002,非血管介入治疗类材料,消化介入材料,肠道扩张球囊,球囊,聚对苯二甲酸乙二醇脂（PET）,单级扩张球囊/不带导丝,乙类,1228.25,
gz_nhsa_consumables_C01020300202003,C01020300202003,非血管介入治疗类材料,消化介入材料,肠道扩张球囊,球囊,聚对苯二甲酸乙二醇脂（PET）,多级扩张球囊/带导丝,乙类,3967.10,
gz_nhsa_consumables_C01020400201001,C01020400201001,非血管介入治疗类材料,消化介入材料,胆胰扩张球囊,球囊,嵌段聚醚酰胺树脂（Pebax）,扩张胆管/传统长交换方式/单出水口球囊,乙类,295.00,
gz_nhsa_consumables_C01020400201002,C01020400201002,非血管介入治疗类材料,消化介入材料,胆胰扩张球囊,球囊,嵌段聚醚酰胺树脂（Pebax）,扩张胆管/传统长交换方式/双出水口球囊,乙类,1215.10,
gz_nhsa_consumables_C01020400201003,C01020400201003,非血管介入治疗类材料,消化介入材料,胆胰扩张球囊,球囊,嵌段聚醚酰胺树脂（Pebax）,扩张胆管/快速短交换方式/单出水口球囊,乙类,4572.00,
gz_nhsa_consumables_C01020400201004,C01020400201004,非血管介入治疗类材料,消化介入材料,胆胰扩张球囊,球囊,嵌段聚醚酰胺树脂（Pebax）,扩张胆管/快速短交换方式/双出水口球囊,乙类,3880.00,
gz_nhsa_consumables_C01020400201005,C01020400201005,非血管介入治疗类材料,消化介入材料,胆胰扩张球囊,球囊,嵌段聚醚酰胺树脂（Pebax）,扩张乳头/传统长交换方式/单出水口球囊,乙类,552.00,
gz_nhsa_consumables_C01020400201006,C01020400201006,非血管介入治疗类材料,消化介入材料,胆胰扩张球囊,球囊,嵌段聚醚酰胺树脂（Pebax）,扩张乳头/传统长交换方式/双出水口球囊,乙类,1621.18,
gz_nhsa_consumables_C01020400201007,C01020400201007,非血管介入治疗类材料,消化介入材料,胆胰扩张球囊,球囊,嵌段聚醚酰胺树脂（Pebax）,扩张乳头/快速短交换方式/单出水口球囊,乙类,3880.00,
gz_nhsa_consumables_C01020400201008,C01020400201008,非血管介入治疗类材料,消化介入材料,胆胰扩张球囊,球囊,嵌段聚醚酰胺树脂（Pebax）,扩张乳头/快速短交换方式/双出水口球囊,乙类,3880.00,
gz_nhsa_consumables_C01020400201009,C01020400201009,非血管介入治疗类材料,消化介入材料,胆胰扩张球囊,球囊,嵌段聚醚酰胺树脂（Pebax）,扩张胰管/传统长交换方式/单出水口球囊,乙类,3880.00,
gz_nhsa_consumables_C01020400201010,C01020400201010,非血管介入治疗类材料,消化介入材料,胆胰扩张球囊,球囊,嵌段聚醚酰胺树脂（Pebax）,扩张胰管/传统长交换方式/双出水口球囊,乙类,3880.00,
gz_nhsa_consumables_C01020400201011,C01020400201011,非血管介入治疗类材料,消化介入材料,胆胰扩张球囊,球囊,嵌段聚醚酰胺树脂（Pebax）,扩张胰管/快速短交换方式/单出水口球囊,乙类,3880.00,
gz_nhsa_consumables_C01020400202001,C01020400202001,非血管介入治疗类材料,消化介入材料,胆胰扩张球囊,球囊,聚对苯二甲酸乙二醇脂（PET）,扩张胆管/传统长交换方式/单出水口球,乙类,1203.91,
gz_nhsa_consumables_C01020400202002,C01020400202002,非血管介入治疗类材料,消化介入材料,胆胰扩张球囊,球囊,聚对苯二甲酸乙二醇脂（PET）,扩囊张胆管/传统长交换方式/双出水口球,乙类,3563.00,
gz_nhsa_consumables_C01020400202004,C01020400202004,非血管介入治疗类材料,消化介入材料,胆胰扩张球囊,球囊,聚对苯二甲酸乙二醇脂（PET）,扩囊张胆管/快速短交换方式/双出水口球,乙类,3058.60,
gz_nhsa_consumables_C01020500200001,C01020500200001,非血管介入治疗类材料,消化介入材料,胆胰取石球囊,球囊,不区分,-双腔,乙类,1642.50,
gz_nhsa_consumables_C01020500200005,C01020500200005,非血管介入治疗类材料,消化介入材料,胆胰取石球囊,球囊,不区分,三腔,乙类,1528.56,
gz_nhsa_consumables_C01020600101001,C01020600101001,非血管介入治疗类材料,消化介入材料,食道支架,支架,不锈钢,全覆膜支架/鞘管释放,乙类,3360.00,
gz_nhsa_consumables_C01020600102001,C01020600102001,非血管介入治疗类材料,消化介入材料,食道支架,支架,镍钛合金,全覆膜支架/鞘管释放,乙类,3238.26,
gz_nhsa_consumables_C01020600102002,C01020600102002,非血管介入治疗类材料,消化介入材料,食道支架,支架,镍钛合金,全覆膜支架/拉线释放,乙类,9933.94,
gz_nhsa_consumables_C01020600102003,C01020600102003,非血管介入治疗类材料,消化介入材料,食道支架,支架,镍钛合金,部分覆膜支架/鞘管释放,乙类,9890.00,
gz_nhsa_consumables_C01020600102004,C01020600102004,非血管介入治疗类材料,消化介入材料,食道支架,支架,镍钛合金,部分覆膜支架/拉线释放,乙类,9558.00,
gz_nhsa_consumables_C01020600102005,C01020600102005,非血管介入治疗类材料,消化介入材料,食道支架,支架,镍钛合金,裸支架/鞘管释放,乙类,5600.00,
gz_nhsa_consumables_C01020600102006,C01020600102006,非血管介入治疗类材料,消化介入材料,食道支架,支架,镍钛合金,裸支架/拉线释放,乙类,3360.00,
gz_nhsa_consumables_C01020700100001,C01020700100001,非血管介入治疗类材料,消化介入材料,肠道支架,支架,不区分,覆膜支架/可通过内镜活检孔,乙类,3360.00,
gz_nhsa_consumables_C01020700100002,C01020700100002,非血管介入治疗类材料,消化介入材料,肠道支架,支架,不区分,裸道支架/可通过内镜活检孔道,乙类,9552.69,
gz_nhsa_consumables_C01020700100003,C01020700100003,非血管介入治疗类材料,消化介入材料,肠道支架,支架,不区分,覆膜支架/不可通过内镜活检孔道,乙类,3360.00,
gz_nhsa_consumables_C01020700100004,C01020700100004,非血管介入治疗类材料,消化介入材料,肠道支架,支架,不区分,裸支架/不可通过内镜活检孔,乙类,4800.00,
gz_nhsa_consumables_C01020800100001,C01020800100001,非血管介入治疗类材料,消化介入材料,胰管支架,支架,不区分,单件,乙类,752.84,
gz_nhsa_consumables_C01020800100002,C01020800100002,非血管介入治疗类材料,消化介入材料,胰管支架,支架,不区分,套装,乙类,40250.00,
gz_nhsa_consumables_C01020900101002,C01020900101002,非血管介入治疗类材料,消化介入材料,胆道支架,支架,聚合物,裸支架/一体式,乙类,1064.06,
gz_nhsa_consumables_C01020900101004,C01020900101004,非血管介入治疗类材料,消化介入材料,胆道支架,支架,聚合物,裸支架/分体式,乙类,704.88,
gz_nhsa_consumables_C01020900105001,C01020900105001,非血管介入治疗类材料,消化介入材料,胆道支架,支架,合金,覆膜支架/一体式,乙类,10690.71,
gz_nhsa_consumables_C01020900105002,C01020900105002,非血管介入治疗类材料,消化介入材料,胆道支架,支架,合金,裸支架/一体式,乙类,12748.74,
gz_nhsa_consumables_C01020900105004,C01020900105004,非血管介入治疗类材料,消化介入材料,胆道支架,支架,合金,裸支架/分体式,乙类,2200.00,
gz_nhsa_consumables_C01021000600001,C01021000600001,非血管介入治疗类材料,消化介入材料,消化道细胞刷,细胞刷,不区分,通导丝,乙类,1530.00,
gz_nhsa_consumables_C01021000600002,C01021000600002,非血管介入治疗类材料,消化介入材料,消化道细胞刷,细胞刷,不区分,不通导丝,乙类,45.13,
gz_nhsa_consumables_C01021100400002,C01021100400002,非血管介入治疗类材料,消化介入材料,胆胰导管,导管,不区分,电子成像,乙类,960.00,
gz_nhsa_consumables_C01021200400001,C01021200400001,非血管介入治疗类材料,消化介入材料,消化介入/止血导管,导管,不区分,电凝止血导管/带,乙类,833.00,
gz_nhsa_consumables_C01021200400003,C01021200400003,非血管介入治疗类材料,消化介入材料,消化介入/止血导管,导管,不区分,注针射止血导管/带,乙类,960.00,
gz_nhsa_consumables_C01021200400006,C01021200400006,非血管介入治疗类材料,消化介入材料,消化介入/止血导管,导管,不区分,喷针洒止血导管/不带针,乙类,960.00,
gz_nhsa_consumables_C01021300400001,C01021300400001,非血管介入治疗类材料,消化介入材料,消化扩张导管,导管,不区分,胃肠,乙类,960.00,
gz_nhsa_consumables_C01021300400002,C01021300400002,非血管介入治疗类材料,消化介入材料,消化扩张导管,导管,不区分,胆胰,乙类,950.00,
gz_nhsa_consumables_C01021500400001,C01021500400001,非血管介入治疗类材料,消化介入材料,消化介入造影导管,导管,不区分,单腔造影管,乙类,428.00,
gz_nhsa_consumables_C01021500400002,C01021500400002,非血管介入治疗类材料,消化介入材料,消化介入造影导管,导管,不区分,多腔造影管,乙类,195.20,
gz_nhsa_consumables_C01021600300001,C01021600300001,非血管介入治疗类材料,消化介入材料,消化道导丝,导丝,不区分,ERCP消化道导丝/双头导丝/,乙类,1887.03,
gz_nhsa_consumables_C01021600300002,C01021600300002,非血管介入治疗类材料,消化介入材料,消化道导丝,导丝,不区分,-ER头CP消化道导丝/双头导丝/,乙类,480.00,
gz_nhsa_consumables_C01021600300003,C01021600300003,非血管介入治疗类材料,消化介入材料,消化道导丝,导丝,不区分,-ER头CP消化道导丝/单头导丝/,乙类,1608.02,
gz_nhsa_consumables_C01021600300004,C01021600300004,非血管介入治疗类材料,消化介入材料,消化道导丝,导丝,不区分,-ER头CP消化道导丝/单头导丝/,乙类,1791.23,
gz_nhsa_consumables_C01021600300005,C01021600300005,非血管介入治疗类材料,消化介入材料,消化道导丝,导丝,不区分,普通消化道导丝/双头导丝/,乙类,480.00,
gz_nhsa_consumables_C01021600300006,C01021600300006,非血管介入治疗类材料,消化介入材料,消化道导丝,导丝,不区分,-普头通消化道导丝/双头导丝/,乙类,480.00,
gz_nhsa_consumables_C01021600300007,C01021600300007,非血管介入治疗类材料,消化介入材料,消化道导丝,导丝,不区分,-普头通消化道导丝/单头导丝/,乙类,690.72,
gz_nhsa_consumables_C01021600300008,C01021600300008,非血管介入治疗类材料,消化介入材料,消化道导丝,导丝,不区分,-普头通消化道导丝/单头导丝/,乙类,480.00,
gz_nhsa_consumables_C01021701901001,C01021701901001,非血管介入治疗类材料,消化介入材料,消化介入网篮,网篮,不锈钢,-可头连接碎石器/可过导丝,乙类,1566.00,
gz_nhsa_consumables_C01021701901002,C01021701901002,非血管介入治疗类材料,消化介入材料,消化介入网篮,网篮,不锈钢,可连接碎石器/普,乙类,1497.12,
gz_nhsa_consumables_C01021701901003,C01021701901003,非血管介入治疗类材料,消化介入材料,消化介入网篮,网篮,不锈钢,不通可连碎石器/可过导丝,乙类,3406.32,
gz_nhsa_consumables_C01021701901004,C01021701901004,非血管介入治疗类材料,消化介入材料,消化介入网篮,网篮,不锈钢,不可连碎石器/普,乙类,1881.10,
gz_nhsa_consumables_C01021701901005,C01021701901005,非血管介入治疗类材料,消化介入材料,消化介入网篮,网篮,不锈钢,取通碎石一体/可过导丝,乙类,2343.81,
gz_nhsa_consumables_C01021701902001,C01021701902001,非血管介入治疗类材料,消化介入材料,消化介入网篮,网篮,合金,可连接碎石器/可过导丝,乙类,2295.56,
gz_nhsa_consumables_C01021701902002,C01021701902002,非血管介入治疗类材料,消化介入材料,消化介入网篮,网篮,合金,可连接碎石器/普,乙类,2320.95,
gz_nhsa_consumables_C01021701902003,C01021701902003,非血管介入治疗类材料,消化介入材料,消化介入网篮,网篮,合金,不通可连碎石器/可过导丝,乙类,1571.43,
gz_nhsa_consumables_C01021701902004,C01021701902004,非血管介入治疗类材料,消化介入材料,消化介入网篮,网篮,合金,不可连碎石器/普,乙类,1697.55,
gz_nhsa_consumables_C01022002300001,C01022002300001,非血管介入治疗类材料,消化介入材料,静脉曲张/组织套扎器,套扎器,不区分,-单环,乙类,736.86,
gz_nhsa_consumables_C01022002300003,C01022002300003,非血管介入治疗类材料,消化介入材料,静脉曲张/组织套扎器,套扎器,不区分,多环,乙类,2074.07,
gz_nhsa_consumables_C01022102300000,C01022102300000,非血管介入治疗类材料,消化介入材料,痔套扎器,套扎器,不区分,常规,乙类,2579.06,
gz_nhsa_consumables_C01022201100001,C01022201100001,非血管介入治疗类材料,消化介入材料,圈套器（息肉勒除器）,圈套器,不区分,软丝圈套器/不可旋转/通电,乙类,348.81,
gz_nhsa_consumables_C01022201100003,C01022201100003,非血管介入治疗类材料,消化介入材料,圈套器（息肉勒除器）,圈套器,不区分,软丝圈套器/可旋转/通电,乙类,308.14,
gz_nhsa_consumables_C01022201100005,C01022201100005,非血管介入治疗类材料,消化介入材料,圈套器（息肉勒除器）,圈套器,不区分,硬丝圈套器/不可旋转/通电,乙类,331.08,
gz_nhsa_consumables_C01022201100007,C01022201100007,非血管介入治疗类材料,消化介入材料,圈套器（息肉勒除器）,圈套器,不区分,硬丝圈套器/可旋转/通电,乙类,249.94,
gz_nhsa_consumables_C01022302400001,C01022302400001,非血管介入治疗类材料,消化介入材料,消化道造瘘管,造瘘管,不区分,胃造瘘/单件,乙类,3119.00,
gz_nhsa_consumables_C01022302400002,C01022302400002,非血管介入治疗类材料,消化介入材料,消化道造瘘管,造瘘管,不区分,胃造瘘/套装,乙类,2752.67,
gz_nhsa_consumables_C01022302400003,C01022302400003,非血管介入治疗类材料,消化介入材料,消化道造瘘管,造瘘管,不区分,空肠造瘘/单件,乙类,25.00,
gz_nhsa_consumables_C01022302400004,C01022302400004,非血管介入治疗类材料,消化介入材料,消化道造瘘管,造瘘管,不区分,空肠造瘘/套装,乙类,500.00,
gz_nhsa_consumables_C01022502601001,C01022502601001,非血管介入治疗类材料,消化介入材料,消化道超声穿刺针,穿刺器,不锈钢,组织针/硬管鞘,乙类,3252.76,
gz_nhsa_consumables_C01022502601002,C01022502601002,非血管介入治疗类材料,消化介入材料,消化道超声穿刺针,穿刺器,不锈钢,组织针/弹簧鞘,乙类,34.80,
gz_nhsa_consumables_C01022502601003,C01022502601003,非血管介入治疗类材料,消化介入材料,消化道超声穿刺针,穿刺器,不锈钢,细胞针/硬管鞘,乙类,3800.00,
gz_nhsa_consumables_C01022502601004,C01022502601004,非血管介入治疗类材料,消化介入材料,消化道超声穿刺针,穿刺器,不锈钢,细胞针/弹簧鞘,乙类,3800.00,
gz_nhsa_consumables_C01022502602001,C01022502602001,非血管介入治疗类材料,消化介入材料,消化道超声穿刺针,穿刺器,合金,组织针/硬管鞘,乙类,3906.98,
gz_nhsa_consumables_C01022502602002,C01022502602002,非血管介入治疗类材料,消化介入材料,消化道超声穿刺针,穿刺器,合金,组织针/弹簧鞘,乙类,5140.00,
gz_nhsa_consumables_C01022502602003,C01022502602003,非血管介入治疗类材料,消化介入材料,消化道超声穿刺针,穿刺器,合金,细胞针/硬管鞘,乙类,1100.00,
gz_nhsa_consumables_C01022600700001,C01022600700001,非血管介入治疗类材料,消化介入材料,活检钳,活检材料,不区分,带针/有涂层/成,乙类,52.29,
gz_nhsa_consumables_C01022600700002,C01022600700002,非血管介入治疗类材料,消化介入材料,活检钳,活检材料,不区分,带针/有涂层/小,乙类,21.66,
gz_nhsa_consumables_C01022600700003,C01022600700003,非血管介入治疗类材料,消化介入材料,活检钳,活检材料,不区分,儿带针/无涂层/成,乙类,49.84,
gz_nhsa_consumables_C01022600700004,C01022600700004,非血管介入治疗类材料,消化介入材料,活检钳,活检材料,不区分,人带针/无涂层/小,乙类,1000.00,
gz_nhsa_consumables_C01022600700005,C01022600700005,非血管介入治疗类材料,消化介入材料,活检钳,活检材料,不区分,不儿带针/有涂层/成,乙类,49.99,
gz_nhsa_consumables_C01022600700006,C01022600700006,非血管介入治疗类材料,消化介入材料,活检钳,活检材料,不区分,不人带针/有涂层/小,乙类,44.12,
gz_nhsa_consumables_C01022600700007,C01022600700007,非血管介入治疗类材料,消化介入材料,活检钳,活检材料,不区分,不儿带针/无涂层/成,乙类,56.53,
gz_nhsa_consumables_C01022600700008,C01022600700008,非血管介入治疗类材料,消化介入材料,活检钳,活检材料,不区分,不人带针/无涂层/小,乙类,56.81,
gz_nhsa_consumables_C01022700700000,C01022700700000,非血管介入治疗类材料,消化介入材料,热活检钳,活检材料,不区分,-常规,乙类,514.86,
gz_nhsa_consumables_C01022800800001,C01022800800001,非血管介入治疗类材料,消化介入材料,消化介入异物钳,异物钳,不区分,网篮,乙类,220.00,
gz_nhsa_consumables_C01022800800002,C01022800800002,非血管介入治疗类材料,消化介入材料,消化介入异物钳,异物钳,不区分,爪形,乙类,264.78,
gz_nhsa_consumables_C01022800800003,C01022800800003,非血管介入治疗类材料,消化介入材料,消化介入异物钳,异物钳,不区分,钳形,乙类,256.65,
gz_nhsa_consumables_C01023202800000,C01023202800000,非血管介入治疗类材料,消化介入材料,消化介入内镜吻合夹系统,吻合夹,不区分,常规,乙类,193.38,
gz_nhsa_consumables_C01023600200000,C01023600200000,非血管介入治疗类材料,消化介入材料,小肠镜球囊,球囊,不区分,常规,乙类,3880.00,
gz_nhsa_consumables_C01023803201001,C01023803201001,非血管介入治疗类材料,消化介入材料,消化介入注射针,注射针,不锈钢,针长可调节/可锁定/透明,乙类,46.00,
gz_nhsa_consumables_C01023803201002,C01023803201002,非血管介入治疗类材料,消化介入材料,消化介入注射针,注射针,不锈钢,针长可调节/可锁定/不透明,乙类,661.17,
gz_nhsa_consumables_C01023803201004,C01023803201004,非血管介入治疗类材料,消化介入材料,消化介入注射针,注射针,不锈钢,针长可调节/不可锁定/不透,乙类,298.67,
gz_nhsa_consumables_C01023803201005,C01023803201005,非血管介入治疗类材料,消化介入材料,消化介入注射针,注射针,不锈钢,针明长不可调节/可锁定/透明,乙类,369.69,
gz_nhsa_consumables_C01023803201006,C01023803201006,非血管介入治疗类材料,消化介入材料,消化介入注射针,注射针,不锈钢,针长不可调节/可锁定/不透,乙类,258.29,
gz_nhsa_consumables_C01023803201007,C01023803201007,非血管介入治疗类材料,消化介入材料,消化介入注射针,注射针,不锈钢,针明长不可调节/不可锁定/透,乙类,1000.00,
gz_nhsa_consumables_C01023803202001,C01023803202001,非血管介入治疗类材料,消化介入材料,消化介入注射针,注射针,聚丙烯,针明长可调节/可锁定/透明,乙类,276.53,
gz_nhsa_consumables_C01023803202005,C01023803202005,非血管介入治疗类材料,消化介入材料,消化介入注射针,注射针,聚丙烯,针长不可调节/可锁定/透明,乙类,274.21,
gz_nhsa_consumables_C01023803202006,C01023803202006,非血管介入治疗类材料,消化介入材料,消化介入注射针,注射针,聚丙烯,针长不可调节/可锁定/不透,乙类,407.06,
gz_nhsa_consumables_C01023903300001,C01023903300001,非血管介入治疗类材料,消化介入材料,组织切开刀,切开刀,不区分,先明端绝缘/带注液,乙类,3991.68,
gz_nhsa_consumables_C01023903300002,C01023903300002,非血管介入治疗类材料,消化介入材料,组织切开刀,切开刀,不区分,先端绝缘/不带注,乙类,3991.68,
gz_nhsa_consumables_C01023903300003,C01023903300003,非血管介入治疗类材料,消化介入材料,组织切开刀,切开刀,不区分,先液端不绝缘/带注,乙类,3991.68,
gz_nhsa_consumables_C01023903300004,C01023903300004,非血管介入治疗类材料,消化介入材料,组织切开刀,切开刀,不区分,先液端不绝缘/不带注液,乙类,1671.74,
gz_nhsa_consumables_C01024003300001,C01024003300001,非血管介入治疗类材料,消化介入材料,乳头切开刀,切开刀,不区分,单件/不带绝缘涂层/弓状刀,乙类,1289.25,
gz_nhsa_consumables_C01024003300002,C01024003300002,非血管介入治疗类材料,消化介入材料,乳头切开刀,切开刀,不区分,单件/不带绝缘涂层/针状刀,乙类,1808.91,
gz_nhsa_consumables_C01024003300004,C01024003300004,非血管介入治疗类材料,消化介入材料,乳头切开刀,切开刀,不区分,单件/带绝缘涂层的/弓状刀,乙类,1956.92,
gz_nhsa_consumables_C01024003300005,C01024003300005,非血管介入治疗类材料,消化介入材料,乳头切开刀,切开刀,不区分,单件/带绝缘涂层的/针状刀,乙类,2130.10,
gz_nhsa_consumables_C01024003300007,C01024003300007,非血管介入治疗类材料,消化介入材料,乳头切开刀,切开刀,不区分,套装/不带绝缘涂层/弓状刀,乙类,1860.00,
gz_nhsa_consumables_C01030100101001,C01030100101001,非血管介入治疗类材料,泌尿介入材料,输尿管支架,支架,聚合物,单根/有涂层/单猪尾/留置时间＜180,乙类,544.69,
gz_nhsa_consumables_C01030100101003,C01030100101003,非血管介入治疗类材料,泌尿介入材料,输尿管支架,支架,聚合物,天单根/有涂层/单猪尾/留置时间≥365天,乙类,418.06,
gz_nhsa_consumables_C01030100101004,C01030100101004,非血管介入治疗类材料,泌尿介入材料,输尿管支架,支架,聚合物,单根/有涂层/双猪尾/留置时间＜180,乙类,623.68,
gz_nhsa_consumables_C01030100101006,C01030100101006,非血管介入治疗类材料,泌尿介入材料,输尿管支架,支架,聚合物,天单根/有涂层/双猪尾/留置时间≥365天,乙类,885.97,
gz_nhsa_consumables_C01030100101007,C01030100101007,非血管介入治疗类材料,泌尿介入材料,输尿管支架,支架,聚合物,单根/有涂层/其他形状/留置时间＜,乙类,600.00,
gz_nhsa_consumables_C01030100101009,C01030100101009,非血管介入治疗类材料,泌尿介入材料,输尿管支架,支架,聚合物,8-单0天根/有涂层/其他形状/留置时间≥365,乙类,3005.08,
gz_nhsa_consumables_C01030100101010,C01030100101010,非血管介入治疗类材料,泌尿介入材料,输尿管支架,支架,聚合物,天单根/无涂层/单猪尾/留置时间＜180,乙类,248.53,
gz_nhsa_consumables_C01030100101011,C01030100101011,非血管介入治疗类材料,泌尿介入材料,输尿管支架,支架,聚合物,天单根/无涂层/单猪尾/180≤留置时间＜,乙类,1072.89,
gz_nhsa_consumables_C01030100101013,C01030100101013,非血管介入治疗类材料,泌尿介入材料,输尿管支架,支架,聚合物,单根/无涂层/双猪尾/留置时间＜180,乙类,321.67,
gz_nhsa_consumables_C01030100101014,C01030100101014,非血管介入治疗类材料,泌尿介入材料,输尿管支架,支架,聚合物,天单根/无涂层/双猪尾/180≤留置时间＜,乙类,431.26,
gz_nhsa_consumables_C01030100101015,C01030100101015,非血管介入治疗类材料,泌尿介入材料,输尿管支架,支架,聚合物,56 -单5天 根/无涂层/双猪尾/留置时间≥365天,乙类,546.63,
gz_nhsa_consumables_C01030100101016,C01030100101016,非血管介入治疗类材料,泌尿介入材料,输尿管支架,支架,聚合物,单根/无涂层/其他形状/留置时间＜,乙类,1353.54,
gz_nhsa_consumables_C01030100101019,C01030100101019,非血管介入治疗类材料,泌尿介入材料,输尿管支架,支架,聚合物,8-套0天装/有涂层/单猪尾/留置时间＜180,乙类,933.94,
gz_nhsa_consumables_C01030100101022,C01030100101022,非血管介入治疗类材料,泌尿介入材料,输尿管支架,支架,聚合物,天套装/有涂层/双猪尾/留置时间＜180,乙类,647.73,
gz_nhsa_consumables_C01030100101024,C01030100101024,非血管介入治疗类材料,泌尿介入材料,输尿管支架,支架,聚合物,天套装/有涂层/双猪尾/留置时间≥365天,乙类,3586.28,
gz_nhsa_consumables_C01030100101025,C01030100101025,非血管介入治疗类材料,泌尿介入材料,输尿管支架,支架,聚合物,套装/有涂层/其他形状/留置时间＜,乙类,600.00,
gz_nhsa_consumables_C01030100101028,C01030100101028,非血管介入治疗类材料,泌尿介入材料,输尿管支架,支架,聚合物,8-套0天装/无涂层/单猪尾/留置时间＜180,乙类,762.25,
gz_nhsa_consumables_C01030100101031,C01030100101031,非血管介入治疗类材料,泌尿介入材料,输尿管支架,支架,聚合物,套装/无涂层/双猪尾/留置时间＜180,乙类,505.21,
gz_nhsa_consumables_C01030100101032,C01030100101032,非血管介入治疗类材料,泌尿介入材料,输尿管支架,支架,聚合物,天套装/无涂层/双猪尾/180≤留置时间＜,乙类,752.30,
gz_nhsa_consumables_C01030100101033,C01030100101033,非血管介入治疗类材料,泌尿介入材料,输尿管支架,支架,聚合物,36 -套5天 装/无涂层/双猪尾/留置时间≥365天,乙类,2444.54,
gz_nhsa_consumables_C01030100101034,C01030100101034,非血管介入治疗类材料,泌尿介入材料,输尿管支架,支架,聚合物,套装/无涂层/其他形状/留置时间＜,乙类,1819.09,
gz_nhsa_consumables_C01030100105027,C01030100105027,非血管介入治疗类材料,泌尿介入材料,输尿管支架,支架,合金,8-套0天装/有涂层/其他形状/留置时间≥365,乙类,48000.00,
gz_nhsa_consumables_C01030100105033,C01030100105033,非血管介入治疗类材料,泌尿介入材料,输尿管支架,支架,合金,天套装/无涂层/双猪尾/留置时间≥365天,乙类,9124.00,
gz_nhsa_consumables_C01030200102000,C01030200102000,非血管介入治疗类材料,泌尿介入材料,尿道支架,支架,合金,常规,乙类,29931.00,
gz_nhsa_consumables_C01030300200001,C01030300200001,非血管介入治疗类材料,泌尿介入材料,泌尿介入球囊,球囊,不区分,输尿管/带泵,乙类,5849.03,
gz_nhsa_consumables_C01030300200002,C01030300200002,非血管介入治疗类材料,泌尿介入材料,泌尿介入球囊,球囊,不区分,输尿管/不带泵,乙类,4119.16,
gz_nhsa_consumables_C01030300200003,C01030300200003,非血管介入治疗类材料,泌尿介入材料,泌尿介入球囊,球囊,不区分,肾造瘘/带泵,乙类,2000.00,
gz_nhsa_consumables_C01030300200004,C01030300200004,非血管介入治疗类材料,泌尿介入材料,泌尿介入球囊,球囊,不区分,肾造瘘/不带泵,乙类,3880.00,
gz_nhsa_consumables_C01030300200006,C01030300200006,非血管介入治疗类材料,泌尿介入材料,泌尿介入球囊,球囊,不区分,尿道/不带泵,乙类,3880.00,
gz_nhsa_consumables_C01030300200007,C01030300200007,非血管介入治疗类材料,泌尿介入材料,泌尿介入球囊,球囊,不区分,输尿管封堵/带泵,乙类,3880.00,
gz_nhsa_consumables_C01030300200008,C01030300200008,非血管介入治疗类材料,泌尿介入材料,泌尿介入球囊,球囊,不区分,输尿管封堵/不带,乙类,1600.00,
gz_nhsa_consumables_C01030403700001,C01030403700001,非血管介入治疗类材料,泌尿介入材料,泌尿扩张器,扩张器,不区分,-输尿管,乙类,0.96,
gz_nhsa_consumables_C01030403700002,C01030403700002,非血管介入治疗类材料,泌尿介入材料,泌尿扩张器,扩张器,不区分,经皮肾,乙类,872.11,
gz_nhsa_consumables_C01030403700003,C01030403700003,非血管介入治疗类材料,泌尿介入材料,泌尿扩张器,扩张器,不区分,尿道,乙类,1104.71,
gz_nhsa_consumables_C01030500301001,C01030500301001,非血管介入治疗类材料,泌尿介入材料,泌尿介入导丝,导丝,不锈钢,有涂层/单软头/带内芯,乙类,1079.78,
gz_nhsa_consumables_C01030500301002,C01030500301002,非血管介入治疗类材料,泌尿介入材料,泌尿介入导丝,导丝,不锈钢,有涂层/单软头/无内芯,乙类,2246.43,
gz_nhsa_consumables_C01030500301005,C01030500301005,非血管介入治疗类材料,泌尿介入材料,泌尿介入导丝,导丝,不锈钢,无涂层/单软头/带内芯,乙类,640.36,
gz_nhsa_consumables_C01030500301007,C01030500301007,非血管介入治疗类材料,泌尿介入材料,泌尿介入导丝,导丝,不锈钢,无涂层/双软头/带内芯,乙类,709.88,
gz_nhsa_consumables_C01030500302001,C01030500302001,非血管介入治疗类材料,泌尿介入材料,泌尿介入导丝,导丝,合金,有涂层/单软头/带内芯,乙类,1097.41,
gz_nhsa_consumables_C01030500302002,C01030500302002,非血管介入治疗类材料,泌尿介入材料,泌尿介入导丝,导丝,合金,有涂层/单软头/无内芯,乙类,480.00,
gz_nhsa_consumables_C01030500302003,C01030500302003,非血管介入治疗类材料,泌尿介入材料,泌尿介入导丝,导丝,合金,有涂层/双软头/带内芯,乙类,1510.00,
gz_nhsa_consumables_C01030500302005,C01030500302005,非血管介入治疗类材料,泌尿介入材料,泌尿介入导丝,导丝,合金,无涂层/单软头/带内芯,乙类,1156.46,
gz_nhsa_consumables_C01030500302006,C01030500302006,非血管介入治疗类材料,泌尿介入材料,泌尿介入导丝,导丝,合金,无涂层/单软头/无内芯,乙类,901.57,
gz_nhsa_consumables_C01030500302008,C01030500302008,非血管介入治疗类材料,泌尿介入材料,泌尿介入导丝,导丝,合金,无涂层/双软头/无内芯,乙类,272.87,
gz_nhsa_consumables_C01030600400002,C01030600400002,非血管介入治疗类材料,泌尿介入材料,泌尿介入导管,导管,不区分,肾造瘘/端孔/多腔,乙类,3939.66,
gz_nhsa_consumables_C01030600400003,C01030600400003,非血管介入治疗类材料,泌尿介入材料,泌尿介入导管,导管,不区分,肾造瘘/侧孔/单腔,乙类,52.44,
gz_nhsa_consumables_C01030600400005,C01030600400005,非血管介入治疗类材料,泌尿介入材料,泌尿介入导管,导管,不区分,输尿管/端孔/单腔,乙类,12.21,
gz_nhsa_consumables_C01030600400006,C01030600400006,非血管介入治疗类材料,泌尿介入材料,泌尿介入导管,导管,不区分,输尿管/端孔/多腔,乙类,2243.82,
gz_nhsa_consumables_C01030600400007,C01030600400007,非血管介入治疗类材料,泌尿介入材料,泌尿介入导管,导管,不区分,输尿管/侧孔/单腔,乙类,18.26,
gz_nhsa_consumables_C01030600400008,C01030600400008,非血管介入治疗类材料,泌尿介入材料,泌尿介入导管,导管,不区分,输尿管/侧孔/多腔,乙类,960.00,
gz_nhsa_consumables_C01030801901003,C01030801901003,非血管介入治疗类材料,泌尿介入材料,泌尿取石网篮,网篮,不锈钢,硬镜用/梭型,乙类,2400.00,
gz_nhsa_consumables_C01030801901005,C01030801901005,非血管介入治疗类材料,泌尿介入材料,泌尿取石网篮,网篮,不锈钢,软镜用/渔网状,乙类,3800.00,
gz_nhsa_consumables_C01030801902001,C01030801902001,非血管介入治疗类材料,泌尿介入材料,泌尿取石网篮,网篮,合金,硬镜用/三爪状,乙类,2836.31,
gz_nhsa_consumables_C01030801902002,C01030801902002,非血管介入治疗类材料,泌尿介入材料,泌尿取石网篮,网篮,合金,硬镜用/渔网状,乙类,2315.47,
gz_nhsa_consumables_C01030801902003,C01030801902003,非血管介入治疗类材料,泌尿介入材料,泌尿取石网篮,网篮,合金,硬镜用/梭型,乙类,4101.40,
gz_nhsa_consumables_C01030801902004,C01030801902004,非血管介入治疗类材料,泌尿介入材料,泌尿取石网篮,网篮,合金,软镜用/三爪状,乙类,3235.32,
gz_nhsa_consumables_C01030801902005,C01030801902005,非血管介入治疗类材料,泌尿介入材料,泌尿取石网篮,网篮,合金,软镜用/渔网状,乙类,3419.52,
gz_nhsa_consumables_C01030801902006,C01030801902006,非血管介入治疗类材料,泌尿介入材料,泌尿取石网篮,网篮,合金,软镜用/梭型,乙类,4042.15,
gz_nhsa_consumables_C01030801902009,C01030801902009,非血管介入治疗类材料,泌尿介入材料,泌尿取石网篮,网篮,合金,经皮肾镜用/梭型,乙类,3357.43,
gz_nhsa_consumables_C01030901900000,C01030901900000,非血管介入治疗类材料,泌尿介入材料,泌尿拦截网篮,网篮,不区分,常规,乙类,1735.46,
gz_nhsa_consumables_C01031101500001,C01031101500001,非血管介入治疗类材料,泌尿介入材料,泌尿介入鞘,鞘管,不区分,输尿管/可撕开鞘/单腔,乙类,1050.59,
gz_nhsa_consumables_C01031101500003,C01031101500003,非血管介入治疗类材料,泌尿介入材料,泌尿介入鞘,鞘管,不区分,输尿管/不可撕开鞘/单腔,乙类,2732.95,
gz_nhsa_consumables_C01031101500004,C01031101500004,非血管介入治疗类材料,泌尿介入材料,泌尿介入鞘,鞘管,不区分,输尿管/不可撕开鞘/双腔,乙类,2404.22,
gz_nhsa_consumables_C01031101500005,C01031101500005,非血管介入治疗类材料,泌尿介入材料,泌尿介入鞘,鞘管,不区分,肾/可撕开鞘/单,乙类,1343.04,
gz_nhsa_consumables_C01031101500006,C01031101500006,非血管介入治疗类材料,泌尿介入材料,泌尿介入鞘,鞘管,不区分,腔肾/可撕开鞘/双,乙类,2522.55,
gz_nhsa_consumables_C01031101500007,C01031101500007,非血管介入治疗类材料,泌尿介入材料,泌尿介入鞘,鞘管,不区分,腔肾/不可撕开鞘/,乙类,2215.68,
gz_nhsa_consumables_C01031101500008,C01031101500008,非血管介入治疗类材料,泌尿介入材料,泌尿介入鞘,鞘管,不区分,-肾腔/不可撕开鞘/,乙类,650.00,
gz_nhsa_consumables_C01031203800003,C01031203800003,非血管介入治疗类材料,泌尿介入材料,泌尿介入封堵器,封堵器,不区分,-抗腔激光/400μm＜直径≤1000μ,乙类,2825.66,
gz_nhsa_consumables_C01031203800006,C01031203800006,非血管介入治疗类材料,泌尿介入材料,泌尿介入封堵器,封堵器,不区分,不m抗激光/400μm＜直径≤1000μm,乙类,3226.72,
gz_nhsa_consumables_C01031503900000,C01031503900000,非血管介入治疗类材料,泌尿介入材料,膀胱冲洗器,冲洗器,不区分,常规,乙类,22.14,
gz_nhsa_consumables_C01031700400000,C01031700400000,非血管介入治疗类材料,泌尿介入材料,软镜导管,导管,不区分,常规,乙类,5217.45,
gz_nhsa_consumables_C01031800400001,C01031800400001,非血管介入治疗类材料,泌尿介入材料,输尿管成像导管,导管,不区分,单腔,乙类,4435.81,
gz_nhsa_consumables_C01031800400002,C01031800400002,非血管介入治疗类材料,泌尿介入材料,输尿管成像导管,导管,不区分,多腔,乙类,960.00,
gz_nhsa_consumables_C01031903700001,C01031903700001,非血管介入治疗类材料,泌尿介入材料,肾造瘘套件,扩张器,不区分,单件,乙类,933.56,
gz_nhsa_consumables_C01031903700003,C01031903700003,非血管介入治疗类材料,泌尿介入材料,肾造瘘套件,扩张器,不区分,套装,乙类,2473.29,
gz_nhsa_consumables_C01032003500001,C01032003500001,非血管介入治疗类材料,泌尿介入材料,肾造瘘引流导管,引流装置,不区分,球囊形,乙类,393.91,
gz_nhsa_consumables_C01032003500002,C01032003500002,非血管介入治疗类材料,泌尿介入材料,肾造瘘引流导管,引流装置,不区分,菊花头形,乙类,1000.00,
gz_nhsa_consumables_C01032003500003,C01032003500003,非血管介入治疗类材料,泌尿介入材料,肾造瘘引流导管,引流装置,不区分,猪尾形,乙类,345.63,
gz_nhsa_consumables_C01032003500004,C01032003500004,非血管介入治疗类材料,泌尿介入材料,肾造瘘引流导管,引流装置,不区分,其他,乙类,74.42,
gz_nhsa_consumables_C01032104100001,C01032104100001,非血管介入治疗类材料,泌尿介入材料,膀胱造瘘导入器,造瘘套件,不区分,可剥,乙类,1000.00,
gz_nhsa_consumables_C01032204100001,C01032204100001,非血管介入治疗类材料,泌尿介入材料,膀胱造瘘套件,造瘘套件,不区分,单件,乙类,758.21,
gz_nhsa_consumables_C01032204100002,C01032204100002,非血管介入治疗类材料,泌尿介入材料,膀胱造瘘套件,造瘘套件,不区分,套装,乙类,1289.33,
gz_nhsa_consumables_C01032302600001,C01032302600001,非血管介入治疗类材料,泌尿介入材料,泌尿介入穿刺针,穿刺器,不区分,超声穿刺针,乙类,508.57,
gz_nhsa_consumables_C01032302600002,C01032302600002,非血管介入治疗类材料,泌尿介入材料,泌尿介入穿刺针,穿刺器,不区分,套管式穿刺针,乙类,210.66,
gz_nhsa_consumables_C01032400700001,C01032400700001,非血管介入治疗类材料,泌尿介入材料,泌尿介入活检针,活检材料,不区分,全自动/带枪,乙类,300.00,
gz_nhsa_consumables_C01032500700001,C01032500700001,非血管介入治疗类材料,泌尿介入材料,泌尿介入活检钳,活检材料,不区分,软镜专用,乙类,4198.00,
gz_nhsa_consumables_C01032704200004,C01032704200004,非血管介入治疗类材料,泌尿介入材料,吊带,吊带,不区分,经耻骨/不带锚钉钩/吊带长度≥20cm,乙类,7881.22,
gz_nhsa_consumables_C01032704200007,C01032704200007,非血管介入治疗类材料,泌尿介入材料,吊带,吊带,不区分,经闭孔/不带锚钉钩/吊带长度＜20cm,乙类,10051.72,
gz_nhsa_consumables_C01032704200008,C01032704200008,非血管介入治疗类材料,泌尿介入材料,吊带,吊带,不区分,经闭孔/不带锚钉钩/吊带长度≥20cm,乙类,5021.08,
gz_nhsa_consumables_C01040102600002,C01040102600002,非血管介入治疗类材料,乳腺介入材料,乳腺活检装置,穿刺器,不区分,旋切,乙类,3523.03,
gz_nhsa_consumables_C01040204301004,C01040204301004,非血管介入治疗类材料,乳腺介入材料,乳腺定位针,定位针,不锈钢,单钩导丝/不带串珠/超声款,乙类,410.56,
gz_nhsa_consumables_C01040204301006,C01040204301006,非血管介入治疗类材料,乳腺介入材料,乳腺定位针,定位针,不锈钢,单钩导丝/不带串珠/X线,乙类,480.00,
gz_nhsa_consumables_C01040204301010,C01040204301010,非血管介入治疗类材料,乳腺介入材料,乳腺定位针,定位针,不锈钢,双钩导丝/不带串珠/超声款,乙类,1000.00,
gz_nhsa_consumables_C01040204301012,C01040204301012,非血管介入治疗类材料,乳腺介入材料,乳腺定位针,定位针,不锈钢,双钩导丝/不带串珠/X线,乙类,521.43,
gz_nhsa_consumables_C01040304302001,C01040304302001,非血管介入治疗类材料,乳腺介入材料,乳腺标记定位针(物),定位针,合金,圈状,乙类,1000.00,
gz_nhsa_consumables_C01040304303002,C01040304303002,非血管介入治疗类材料,乳腺介入材料,乳腺标记定位针(物),定位针,聚合物,翼状,乙类,1100.00,
gz_nhsa_consumables_C01040304303003,C01040304303003,非血管介入治疗类材料,乳腺介入材料,乳腺标记定位针(物),定位针,聚合物,带状,乙类,1500.27,
gz_nhsa_consumables_C01050100102001,C01050100102001,非血管介入治疗类材料,肿瘤介入材料,经皮胆道支架,支架,合金,自膨/编织,乙类,3682.00,
gz_nhsa_consumables_C01050100102002,C01050100102002,非血管介入治疗类材料,肿瘤介入材料,经皮胆道支架,支架,合金,自膨/激光雕刻,乙类,10800.00,
gz_nhsa_consumables_C01050300700001,C01050300700001,非血管介入治疗类材料,肿瘤介入材料,组织穿刺活检针,活检材料,不区分,经皮穿刺入路/细胞学活检,乙类,272.42,
gz_nhsa_consumables_C01050300700002,C01050300700002,非血管介入治疗类材料,肿瘤介入材料,组织穿刺活检针,活检材料,不区分,经皮穿刺入路/软组织活检,乙类,463.34,
gz_nhsa_consumables_C01050300700004,C01050300700004,非血管介入治疗类材料,肿瘤介入材料,组织穿刺活检针,活检材料,不区分,经颈静脉穿刺入路/软组织活,乙类,1100.00,
gz_nhsa_consumables_C01050402600001,C01050402600001,非血管介入治疗类材料,肿瘤介入材料,胆道引流套管针,穿刺器,不区分,-一步式,乙类,534.00,
gz_nhsa_consumables_C01050402600002,C01050402600002,非血管介入治疗类材料,肿瘤介入材料,胆道引流套管针,穿刺器,不区分,分步式,乙类,1829.21,
gz_nhsa_consumables_C01050602100001,C01050602100001,非血管介入治疗类材料,肿瘤介入材料,射频消融电极（针）,电极,不区分,单针,乙类,6964.44,
gz_nhsa_consumables_C01050602100002,C01050602100002,非血管介入治疗类材料,肿瘤介入材料,射频消融电极（针）,电极,不区分,伞型针,乙类,8000.00,
gz_nhsa_consumables_C01050702100002,C01050702100002,非血管介入治疗类材料,肿瘤介入材料,微波消融电极（针、刀）,电极,不区分,水冷型,乙类,10009.50,
gz_nhsa_consumables_C01051100100002,C01051100100002,非血管介入治疗类材料,肿瘤介入材料,可植入支架,支架,不区分,放射粒子支架,乙类,4500.00,
gz_nhsa_consumables_C01060102600001,C01060102600001,非血管介入治疗类材料,非血管介入通用材料,非血管介入通用穿刺针,穿刺器,不区分,普通穿刺/微穿刺针＜18G,乙类,464.34,
gz_nhsa_consumables_C01060102600002,C01060102600002,非血管介入治疗类材料,非血管介入通用材料,非血管介入通用穿刺针,穿刺器,不区分,普通穿刺/常规穿刺针≥18G,乙类,984.45,
gz_nhsa_consumables_C01060102600003,C01060102600003,非血管介入治疗类材料,非血管介入通用材料,非血管介入通用穿刺针,穿刺器,不区分,影像引导穿刺/微穿刺针＜,乙类,119.42,
gz_nhsa_consumables_C01060102600004,C01060102600004,非血管介入治疗类材料,非血管介入通用材料,非血管介入通用穿刺针,穿刺器,不区分,1影8G像引导穿刺/常规穿刺针≥,乙类,284.31,
gz_nhsa_consumables_C01060200700001,C01060200700001,非血管介入治疗类材料,非血管介入通用材料,非血管介入通用活检针,活检材料,不区分,1细8G胞学活检/全自,乙类,335.17,
gz_nhsa_consumables_C01060200700003,C01060200700003,非血管介入治疗类材料,非血管介入通用材料,非血管介入通用活检针,活检材料,不区分,细动胞学活检/手动,乙类,224.90,
gz_nhsa_consumables_C01060200700004,C01060200700004,非血管介入治疗类材料,非血管介入通用材料,非血管介入通用活检针,活检材料,不区分,软组织活检/全自,乙类,579.96,
gz_nhsa_consumables_C01060200700005,C01060200700005,非血管介入治疗类材料,非血管介入通用材料,非血管介入通用活检针,活检材料,不区分,软动组织活检/半自,乙类,547.58,
gz_nhsa_consumables_C01060200700006,C01060200700006,非血管介入治疗类材料,非血管介入通用材料,非血管介入通用活检针,活检材料,不区分,软动组织活检/手动,乙类,351.53,
gz_nhsa_consumables_C01060200700009,C01060200700009,非血管介入治疗类材料,非血管介入通用材料,非血管介入通用活检针,活检材料,不区分,骨活检/手动,乙类,722.23,
gz_nhsa_consumables_C01060200700011,C01060200700011,非血管介入治疗类材料,非血管介入通用材料,非血管介入通用活检针,活检材料,不区分,软组织活检/一体,乙类,1816.47,
gz_nhsa_consumables_C01060303501001,C01060303501001,非血管介入治疗类材料,非血管介入通用材料,非血管介入引流管,引流装置,聚合物,式套装/J型,乙类,829.12,
gz_nhsa_consumables_C01060303501002,C01060303501002,非血管介入治疗类材料,非血管介入通用材料,非血管介入引流管,引流装置,聚合物,套装/猪尾型,乙类,355.42,
gz_nhsa_consumables_C01060303501003,C01060303501003,非血管介入治疗类材料,非血管介入通用材料,非血管介入引流管,引流装置,聚合物,单件/J型,乙类,447.60,
gz_nhsa_consumables_C01060303501004,C01060303501004,非血管介入治疗类材料,非血管介入通用材料,非血管介入引流管,引流装置,聚合物,单件/猪尾型,乙类,1568.12,
gz_nhsa_consumables_C01060303503002,C01060303503002,非血管介入治疗类材料,非血管介入通用材料,非血管介入引流管,引流装置,不锈钢,套装/猪尾型,乙类,1000.00,
gz_nhsa_consumables_C01060303503004,C01060303503004,非血管介入治疗类材料,非血管介入通用材料,非血管介入引流管,引流装置,不锈钢,单件/猪尾型,乙类,1000.00,
gz_nhsa_consumables_C01060303504002,C01060303504002,非血管介入治疗类材料,非血管介入通用材料,非血管介入引流管,引流装置,合金,套装/猪尾型,乙类,1021.89,
gz_nhsa_consumables_C01060303504004,C01060303504004,非血管介入治疗类材料,非血管介入通用材料,非血管介入引流管,引流装置,合金,单件/猪尾型,乙类,1328.40,
gz_nhsa_consumables_C01060404700000,C01060404700000,非血管介入治疗类材料,非血管介入通用材料,压力泵,压力泵,不区分,常规,乙类,303.82,
gz_nhsa_consumables_C01060504400001,C01060504400001,非血管介入治疗类材料,非血管介入通用材料,经皮气管切开导入器套装,导入器,不区分,含扩张器/牛角式/带亲水涂层,乙类,470.23,
gz_nhsa_consumables_C01060504400003,C01060504400003,非血管介入治疗类材料,非血管介入通用材料,经皮气管切开导入器套装,导入器,不区分,含扩张器/螺旋式/带亲水涂层,乙类,1452.93,
gz_nhsa_consumables_C01060504400004,C01060504400004,非血管介入治疗类材料,非血管介入通用材料,经皮气管切开导入器套装,导入器,不区分,含扩张器/螺旋式/无亲水涂层,乙类,2016.32,
gz_nhsa_consumables_C01060604800001,C01060604800001,非血管介入治疗类材料,非血管介入通用材料,取出器,取出器,不区分,带密封鞘/单次取,乙类,229.83,
gz_nhsa_consumables_C01060604800003,C01060604800003,非血管介入治疗类材料,非血管介入通用材料,取出器,取出器,不区分,不出带密封鞘/单次取出,乙类,185.28,
gz_nhsa_consumables_C01060702000000,C01060702000000,非血管介入治疗类材料,非血管介入通用材料,穿刺套管,套管,不区分,常规,乙类,548.77,
gz_nhsa_consumables_C01061122600001,C01061122600001,非血管介入治疗类材料,非血管介入通用材料,其他非血管介入通用材料,取物袋,不区分,取物袋,乙类,481.07,
gz_nhsa_consumables_C01061202100000,C01061202100000,非血管介入治疗类材料,非血管介入通用材料,神经射频电极,电极,不区分,常规,乙类,299.82,
gz_nhsa_consumables_C01061300400000,C01061300400000,非血管介入治疗类材料,非血管介入通用材料,造影导管,导管,不区分,其他,乙类,4.14,
gz_nhsa_consumables_C01061300400003,C01061300400003,非血管介入治疗类材料,非血管介入通用材料,造影导管,导管,不区分,子宫,乙类,7.86,
gz_nhsa_consumables_C01070200400002,C01070200400002,非血管介入治疗类材料,其他非血管介入材料,耳鼻咽喉球囊导管,导管,不区分,咽鼓管,乙类,6683.75,
gz_nhsa_consumables_C01070405000001,C01070405000001,非血管介入治疗类材料,其他非血管介入材料,输卵管疏通装置,疏通装置,不区分,X线,乙类,1280.74,
gz_nhsa_consumables_C01070405000002,C01070405000002,非血管介入治疗类材料,其他非血管介入材料,输卵管疏通装置,疏通装置,不区分,内镜,乙类,1135.61,
gz_nhsa_consumables_C01070605100001,C01070605100001,非血管介入治疗类材料,其他非血管介入材料,异物提取装置,网兜套圈,不区分,钳,乙类,34.00,
gz_nhsa_consumables_C01070605100003,C01070605100003,非血管介入治疗类材料,其他非血管介入材料,异物提取装置,网兜套圈,不区分,套圈,乙类,981.52,
gz_nhsa_consumables_C02010105200001,C02010105200001,血管介入治疗类材料,电生理类材料,房间隔穿刺鞘组,鞘组,不区分,固定弯/带电极,乙类,175.00,
gz_nhsa_consumables_C02010105200002,C02010105200002,血管介入治疗类材料,电生理类材料,房间隔穿刺鞘组,鞘组,不区分,固定弯/不带电极,乙类,800.00,
gz_nhsa_consumables_C02010105200003,C02010105200003,血管介入治疗类材料,电生理类材料,房间隔穿刺鞘组,鞘组,不区分,可调弯/带电极,乙类,4712.00,
gz_nhsa_consumables_C02010105200004,C02010105200004,血管介入治疗类材料,电生理类材料,房间隔穿刺鞘组,鞘组,不区分,可调弯/不带电极,乙类,3790.00,
gz_nhsa_consumables_C02010201500001,C02010201500001,血管介入治疗类材料,电生理类材料,电生理导管鞘,鞘管,不区分,固定弯,乙类,1045.00,
gz_nhsa_consumables_C02010201500002,C02010201500002,血管介入治疗类材料,电生理类材料,电生理导管鞘,鞘管,不区分,可调弯,乙类,5840.00,
gz_nhsa_consumables_C02010302600001,C02010302600001,血管介入治疗类材料,电生理类材料,房间隔穿刺针,穿刺器,不区分,长度＜80cm,乙类,2800.00,
gz_nhsa_consumables_C02010302600002,C02010302600002,血管介入治疗类材料,电生理类材料,房间隔穿刺针,穿刺器,不区分,长度≥80cm,乙类,2900.00,
gz_nhsa_consumables_C02010402100001,C02010402100001,血管介入治疗类材料,电生理类材料,体表定位参考电极,电极,不区分,电定位,乙类,5464.00,
gz_nhsa_consumables_C02010402100003,C02010402100003,血管介入治疗类材料,电生理类材料,体表定位参考电极,电极,不区分,磁定位,乙类,4365.00,
gz_nhsa_consumables_C02010402100005,C02010402100005,血管介入治疗类材料,电生理类材料,体表定位参考电极,电极,不区分,磁电定位,乙类,5685.00,
gz_nhsa_consumables_C02010501000000,C02010501000000,血管介入治疗类材料,电生理类材料,灌注管路,管路,不区分,常规,乙类,423.00,
gz_nhsa_consumables_C02010605300001,C02010605300001,血管介入治疗类材料,电生理类材料,导管连线,连接线,不区分,诊断型,乙类,1095.60,
gz_nhsa_consumables_C02010605300002,C02010605300002,血管介入治疗类材料,电生理类材料,导管连线,连接线,不区分,治疗型,乙类,1642.81,
gz_nhsa_consumables_C02010702100001,C02010702100001,血管介入治疗类材料,电生理类材料,临时起搏电极,电极,不区分,固定弯/带漂浮气,乙类,1198.88,
gz_nhsa_consumables_C02010702100002,C02010702100002,血管介入治疗类材料,电生理类材料,临时起搏电极,电极,不区分,固定弯/不带漂浮气囊,乙类,1137.34,
gz_nhsa_consumables_C02010702100003,C02010702100003,血管介入治疗类材料,电生理类材料,临时起搏电极,电极,不区分,可调弯/带漂浮气,乙类,2200.00,
gz_nhsa_consumables_C02010702100004,C02010702100004,血管介入治疗类材料,电生理类材料,临时起搏电极,电极,不区分,可调弯/不带漂浮气囊,乙类,1153.60,
gz_nhsa_consumables_C02010800400001,C02010800400001,血管介入治疗类材料,电生理类材料,电定位诊断导管,导管,不区分,固定弯/线形/＜10个电极,乙类,2400.00,
gz_nhsa_consumables_C02010800400002,C02010800400002,血管介入治疗类材料,电生理类材料,电定位诊断导管,导管,不区分,固定弯/线形/10-19个电极,乙类,3500.00,
gz_nhsa_consumables_C02010800400007,C02010800400007,血管介入治疗类材料,电生理类材料,电定位诊断导管,导管,不区分,固定弯/环形/＜10个电极,乙类,21000.00,
gz_nhsa_consumables_C02010800400008,C02010800400008,血管介入治疗类材料,电生理类材料,电定位诊断导管,导管,不区分,固定弯/环形/10-19个电极,乙类,21000.00,
gz_nhsa_consumables_C02010800400009,C02010800400009,血管介入治疗类材料,电生理类材料,电定位诊断导管,导管,不区分,固定弯/环形/≥20个电极,乙类,4150.00,
gz_nhsa_consumables_C02010800400019,C02010800400019,血管介入治疗类材料,电生理类材料,电定位诊断导管,导管,不区分,可调弯/线形/＜10个电极,乙类,4000.00,
gz_nhsa_consumables_C02010800400020,C02010800400020,血管介入治疗类材料,电生理类材料,电定位诊断导管,导管,不区分,可调弯/线形/10-19个电极,乙类,4000.00,
gz_nhsa_consumables_C02010800400021,C02010800400021,血管介入治疗类材料,电生理类材料,电定位诊断导管,导管,不区分,可调弯/线形/≥20个电极,乙类,5300.00,
gz_nhsa_consumables_C02010800400026,C02010800400026,血管介入治疗类材料,电生理类材料,电定位诊断导管,导管,不区分,可调弯/环形/10-19个电极,乙类,10399.00,
gz_nhsa_consumables_C02010800400027,C02010800400027,血管介入治疗类材料,电生理类材料,电定位诊断导管,导管,不区分,可调弯/环形/≥20个电极,乙类,5000.00,
gz_nhsa_consumables_C02010800400033,C02010800400033,血管介入治疗类材料,电生理类材料,电定位诊断导管,导管,不区分,可调弯/球囊形/≥20个电极,乙类,2200.00,
gz_nhsa_consumables_C02010900400001,C02010900400001,血管介入治疗类材料,电生理类材料,磁定位诊断导管,导管,不区分,线形/≤20个电极,乙类,5000.00,
gz_nhsa_consumables_C02010900400007,C02010900400007,血管介入治疗类材料,电生理类材料,磁定位诊断导管,导管,不区分,环形/≤20个电极,乙类,17999.00,
gz_nhsa_consumables_C02010900400014,C02010900400014,血管介入治疗类材料,电生理类材料,磁定位诊断导管,导管,不区分,星形/21-50个电,乙类,24000.00,
gz_nhsa_consumables_C02010900400019,C02010900400019,血管介入治疗类材料,电生理类材料,磁定位诊断导管,导管,不区分,异极形/≤20个电极,乙类,12399.00,
gz_nhsa_consumables_C02010900400021,C02010900400021,血管介入治疗类材料,电生理类材料,磁定位诊断导管,导管,不区分,异形/＞50个电极,乙类,35666.00,
gz_nhsa_consumables_C02011000400001,C02011000400001,血管介入治疗类材料,电生理类材料,心内超声导管,导管,不区分,二维/环形,乙类,960.00,
gz_nhsa_consumables_C02011000400002,C02011000400002,血管介入治疗类材料,电生理类材料,心内超声导管,导管,不区分,二维/扇形,乙类,13507.00,
gz_nhsa_consumables_C02011000400004,C02011000400004,血管介入治疗类材料,电生理类材料,心内超声导管,导管,不区分,三维/扇形,乙类,13507.00,
gz_nhsa_consumables_C02011200400004,C02011200400004,血管介入治疗类材料,电生理类材料,电定位治疗导管,导管,不区分,单弯/带压力感应/不带微电极/12孔以,乙类,26794.71,
gz_nhsa_consumables_C02011200400007,C02011200400007,血管介入治疗类材料,电生理类材料,电定位治疗导管,导管,不区分,下单弯/不带压力感应/带微电极/12孔以,乙类,8047.00,
gz_nhsa_consumables_C02011200400010,C02011200400010,血管介入治疗类材料,电生理类材料,电定位治疗导管,导管,不区分,下单弯/不带压力感应/不带微电极/12孔,乙类,8928.00,
gz_nhsa_consumables_C02011200400011,C02011200400011,血管介入治疗类材料,电生理类材料,电定位治疗导管,导管,不区分,-单下弯/不带压力感应/不带微电极/12-50,乙类,4950.00,
gz_nhsa_consumables_C02011200400012,C02011200400012,血管介入治疗类材料,电生理类材料,电定位治疗导管,导管,不区分,孔单弯/不带压力感应/不带微电极/50孔以上（含缝隙式）,乙类,11280.00,
gz_nhsa_consumables_C02011200400019,C02011200400019,血管介入治疗类材料,电生理类材料,电定位治疗导管,导管,不区分,双弯/不带压力感应/带微电极/12孔以,乙类,9000.00,
gz_nhsa_consumables_C02011200400022,C02011200400022,血管介入治疗类材料,电生理类材料,电定位治疗导管,导管,不区分,下双弯/不带压力感应/不带微电极/12孔,乙类,9000.00,
gz_nhsa_consumables_C02011200400024,C02011200400024,血管介入治疗类材料,电生理类材料,电定位治疗导管,导管,不区分,双弯/不带压力感应/不带微电极/50孔以上（含缝隙式）,乙类,13000.00,
gz_nhsa_consumables_C02011300400004,C02011300400004,血管介入治疗类材料,电生理类材料,磁定位治疗导管,导管,不区分,单弯/带压力感应/不带微电极/12孔以,乙类,14565.00,
gz_nhsa_consumables_C02011300400006,C02011300400006,血管介入治疗类材料,电生理类材料,磁定位治疗导管,导管,不区分,下单弯/带压力感应/不带微电极/50孔以上（含缝隙,乙类,24800.00,
gz_nhsa_consumables_C02011300400007,C02011300400007,血管介入治疗类材料,电生理类材料,磁定位治疗导管,导管,不区分,-单）弯/不带压力感应/带微电极/12孔以,乙类,15000.00,
gz_nhsa_consumables_C02011300400009,C02011300400009,血管介入治疗类材料,电生理类材料,磁定位治疗导管,导管,不区分,下单弯/不带压力感应/带微电极/50孔以上（含缝隙,乙类,19000.00,
gz_nhsa_consumables_C02011300400010,C02011300400010,血管介入治疗类材料,电生理类材料,磁定位治疗导管,导管,不区分,-单）弯/不带压力感应/不带微电极/12孔,乙类,12000.00,
gz_nhsa_consumables_C02011300400012,C02011300400012,血管介入治疗类材料,电生理类材料,磁定位治疗导管,导管,不区分,-单下弯/不带压力感应/不带微电极/50孔以上（含缝隙式）,乙类,12000.00,
gz_nhsa_consumables_C02011300400016,C02011300400016,血管介入治疗类材料,电生理类材料,磁定位治疗导管,导管,不区分,双弯/带压力感应/不带微电极/12孔以,乙类,25999.00,
gz_nhsa_consumables_C02011300400018,C02011300400018,血管介入治疗类材料,电生理类材料,磁定位治疗导管,导管,不区分,双弯/带压力感应/不带微电极/50孔以上（含缝隙,乙类,28000.00,
gz_nhsa_consumables_C02011300400019,C02011300400019,血管介入治疗类材料,电生理类材料,磁定位治疗导管,导管,不区分,-双）弯/不带压力感应/带微电极/12孔以,乙类,18846.00,
gz_nhsa_consumables_C02011300400022,C02011300400022,血管介入治疗类材料,电生理类材料,磁定位治疗导管,导管,不区分,下双弯/不带压力感应/不带微电极/12孔,乙类,11300.00,
gz_nhsa_consumables_C02011300400024,C02011300400024,血管介入治疗类材料,电生理类材料,磁定位治疗导管,导管,不区分,-双下弯/不带压力感应/不带微电极/50孔以上（含缝隙式）,乙类,10000.00,
gz_nhsa_consumables_C02011400400001,C02011400400001,血管介入治疗类材料,电生理类材料,冷冻治疗导管,导管,不区分,普通型,乙类,13775.00,
gz_nhsa_consumables_C02011400400002,C02011400400002,血管介入治疗类材料,电生理类材料,冷冻治疗导管,导管,不区分,球囊型,乙类,28000.00,
gz_nhsa_consumables_C02020100102000,C02020100102000,血管介入治疗类材料,冠脉介入治疗材料,冠脉裸金属支架,支架,不锈钢,常规,乙类,6400.00,
gz_nhsa_consumables_C02020200101005,C02020200101005,血管介入治疗类材料,冠脉介入治疗材料,药物洗脱支架,支架,合金,永久涂层/雷帕霉素及衍生物,乙类,848.00,
gz_nhsa_consumables_C02020200101008,C02020200101008,血管介入治疗类材料,冠脉介入治疗材料,药物洗脱支架,支架,合金,可降解涂层/雷帕霉素及衍生,乙类,848.00,
gz_nhsa_consumables_C02020200102002,C02020200102002,血管介入治疗类材料,冠脉介入治疗材料,药物洗脱支架,支架,不锈钢,无物涂层/雷帕霉素及衍生物,乙类,5881.97,
gz_nhsa_consumables_C02020200102005,C02020200102005,血管介入治疗类材料,冠脉介入治疗材料,药物洗脱支架,支架,不锈钢,永久涂层/雷帕霉素及衍生物,乙类,798.00,
gz_nhsa_consumables_C02020200102008,C02020200102008,血管介入治疗类材料,冠脉介入治疗材料,药物洗脱支架,支架,不锈钢,可降解涂层/雷帕霉素及衍生,乙类,2791.77,
gz_nhsa_consumables_C02020300100000,C02020300100000,血管介入治疗类材料,冠脉介入治疗材料,生物可降解支架,支架,不区分,-常规,乙类,20219.58,
gz_nhsa_consumables_C02020400100000,C02020400100000,血管介入治疗类材料,冠脉介入治疗材料,冠脉其他支架,支架,不区分,常规,乙类,6400.00,
gz_nhsa_consumables_C02020500200001,C02020500200001,血管介入治疗类材料,冠脉介入治疗材料,冠脉扩张球囊,球囊,不区分,半顺应性/快速交,乙类,425.00,
gz_nhsa_consumables_C02020500200002,C02020500200002,血管介入治疗类材料,冠脉介入治疗材料,冠脉扩张球囊,球囊,不区分,半换顺应性/OTW,乙类,1476.63,
gz_nhsa_consumables_C02020500200003,C02020500200003,血管介入治疗类材料,冠脉介入治疗材料,冠脉扩张球囊,球囊,不区分,非顺应性/快速交,乙类,409.70,
gz_nhsa_consumables_C02020600200001,C02020600200001,血管介入治疗类材料,冠脉介入治疗材料,冠脉药物涂层球囊,球囊,不区分,亲换水涂层,乙类,6285.00,
gz_nhsa_consumables_C02020700200000,C02020700200000,血管介入治疗类材料,冠脉介入治疗材料,切割球囊,球囊,不区分,常规,乙类,4978.00,
gz_nhsa_consumables_C02020800200000,C02020800200000,血管介入治疗类材料,冠脉介入治疗材料,冠脉棘/乳突球囊,球囊,不区分,常规,乙类,2697.00,
gz_nhsa_consumables_C02020900200000,C02020900200000,血管介入治疗类材料,冠脉介入治疗材料,冠脉介入其他球囊,球囊,不区分,常规,乙类,3550.83,
gz_nhsa_consumables_C02021000400000,C02021000400000,血管介入治疗类材料,冠脉介入治疗材料,冠脉导引导管,导管,不区分,常规,乙类,760.00,
gz_nhsa_consumables_C02021100400000,C02021100400000,血管介入治疗类材料,冠脉介入治疗材料,冠脉微导管,导管,不区分,常规,乙类,3900.00,
gz_nhsa_consumables_C02021200400000,C02021200400000,血管介入治疗类材料,冠脉介入治疗材料,冠脉血栓抽吸导管,导管,不区分,常规,乙类,3171.55,
gz_nhsa_consumables_C02021300400001,C02021300400001,血管介入治疗类材料,冠脉介入治疗材料,冠脉旋磨导管,导管,不区分,单件,乙类,7617.63,
gz_nhsa_consumables_C02021300400002,C02021300400002,血管介入治疗类材料,冠脉介入治疗材料,冠脉旋磨导管,导管,不区分,套装,乙类,5564.44,
gz_nhsa_consumables_C02021500400001,C02021500400001,血管介入治疗类材料,冠脉介入治疗材料,冠脉血管内超声诊断导管,导管,不区分,机械探头/频率≥60MHz,乙类,5070.00,
gz_nhsa_consumables_C02021500400002,C02021500400002,血管介入治疗类材料,冠脉介入治疗材料,冠脉血管内超声诊断导管,导管,不区分,机械探头/频率＜60MHz,乙类,4750.00,
gz_nhsa_consumables_C02021500400004,C02021500400004,血管介入治疗类材料,冠脉介入治疗材料,冠脉血管内超声诊断导管,导管,不区分,相控探头/频率＜60MHz,乙类,4143.00,
gz_nhsa_consumables_C02021600400000,C02021600400000,血管介入治疗类材料,冠脉介入治疗材料,冠脉血管内光学成像导管,导管,不区分,常规,乙类,13699.25,
gz_nhsa_consumables_C02021700200000,C02021700200000,血管介入治疗类材料,冠脉介入治疗材料,主动脉球囊反搏导管,球囊,不区分,常规,乙类,10062.15,
gz_nhsa_consumables_C02021800400000,C02021800400000,血管介入治疗类材料,冠脉介入治疗材料,冠脉造影导管,导管,不区分,常规,乙类,98.50,
gz_nhsa_consumables_C02021900400000,C02021900400000,血管介入治疗类材料,冠脉介入治疗材料,冠脉辅助支撑导管,导管,不区分,常规,乙类,4025.24,
gz_nhsa_consumables_C02022000400000,C02022000400000,血管介入治疗类材料,冠脉介入治疗材料,冠脉其他导管,导管,不区分,其他,乙类,1705.00,
gz_nhsa_consumables_C02022000400001,C02022000400001,血管介入治疗类材料,冠脉介入治疗材料,冠脉其他导管,导管,不区分,CTO,乙类,12919.82,
gz_nhsa_consumables_C02022100300000,C02022100300000,血管介入治疗类材料,冠脉介入治疗材料,冠脉导引导丝,导丝,不区分,常规,乙类,714.68,
gz_nhsa_consumables_C02022200300001,C02022200300001,血管介入治疗类材料,冠脉介入治疗材料,冠脉造影导丝,导丝,不区分,长度＜2.6m,乙类,98.00,
gz_nhsa_consumables_C02022200300002,C02022200300002,血管介入治疗类材料,冠脉介入治疗材料,冠脉造影导丝,导丝,不区分,长度≥2.6m,乙类,147.00,
gz_nhsa_consumables_C02022300300000,C02022300300000,血管介入治疗类材料,冠脉介入治疗材料,冠脉旋磨导丝,导丝,不区分,常规,乙类,1117.49,
gz_nhsa_consumables_C02022400300000,C02022400300000,血管介入治疗类材料,冠脉介入治疗材料,冠脉压力导丝,导丝,不区分,常规,乙类,8067.86,
gz_nhsa_consumables_C02022500300001,C02022500300001,血管介入治疗类材料,冠脉介入治疗材料,冠脉其他导丝,导丝,不区分,CTO,乙类,480.00,
gz_nhsa_consumables_C02022605400000,C02022605400000,血管介入治疗类材料,冠脉介入治疗材料,冠脉旋磨推进器,介入附件,不区分,常规,乙类,4833.39,
gz_nhsa_consumables_C02030103800002,C02030103800002,血管介入治疗类材料,结构心脏病用材料,封堵器材,封堵器,不区分,房间隔/非预装,乙类,17084.31,
gz_nhsa_consumables_C02030103800004,C02030103800004,血管介入治疗类材料,结构心脏病用材料,封堵器材,封堵器,不区分,室间隔/非预装,乙类,8651.59,
gz_nhsa_consumables_C02030103800006,C02030103800006,血管介入治疗类材料,结构心脏病用材料,封堵器材,封堵器,不区分,动脉导管未闭/非预装,乙类,8690.71,
gz_nhsa_consumables_C02030103800008,C02030103800008,血管介入治疗类材料,结构心脏病用材料,封堵器材,封堵器,不区分,卵圆孔未闭/非预,乙类,19659.54,
gz_nhsa_consumables_C02030103800009,C02030103800009,血管介入治疗类材料,结构心脏病用材料,封堵器材,封堵器,不区分,左心耳/预装一体,乙类,47337.00,
gz_nhsa_consumables_C02030103800010,C02030103800010,血管介入治疗类材料,结构心脏病用材料,封堵器材,封堵器,不区分,左心耳/非预装,乙类,36350.00,
gz_nhsa_consumables_C02030205500001,C02030205500001,血管介入治疗类材料,结构心脏病用材料,封堵器输送系统,输送系统,不区分,房间隔/输送系统,乙类,1019.41,
gz_nhsa_consumables_C02030205500002,C02030205500002,血管介入治疗类材料,结构心脏病用材料,封堵器输送系统,输送系统,不区分,房间隔/导引系统,乙类,3952.16,
gz_nhsa_consumables_C02030205500003,C02030205500003,血管介入治疗类材料,结构心脏病用材料,封堵器输送系统,输送系统,不区分,室间隔/输送系统,乙类,1015.30,
gz_nhsa_consumables_C02030205500004,C02030205500004,血管介入治疗类材料,结构心脏病用材料,封堵器输送系统,输送系统,不区分,室间隔/导引系统,乙类,4320.90,
gz_nhsa_consumables_C02030205500005,C02030205500005,血管介入治疗类材料,结构心脏病用材料,封堵器输送系统,输送系统,不区分,动脉导管未闭/输送系统,乙类,1032.33,
gz_nhsa_consumables_C02030205500006,C02030205500006,血管介入治疗类材料,结构心脏病用材料,封堵器输送系统,输送系统,不区分,动脉导管未闭/导引系统,乙类,4400.00,
gz_nhsa_consumables_C02030205500009,C02030205500009,血管介入治疗类材料,结构心脏病用材料,封堵器输送系统,输送系统,不区分,左心耳/输送系统,乙类,2088.00,
gz_nhsa_consumables_C02030205500010,C02030205500010,血管介入治疗类材料,结构心脏病用材料,封堵器输送系统,输送系统,不区分,左心耳/导引系统,乙类,19000.00,
gz_nhsa_consumables_C02030300300000,C02030300300000,血管介入治疗类材料,结构心脏病用材料,结构心脏病专用导丝,导丝,不区分,其他导丝,乙类,369.13,
gz_nhsa_consumables_C02030300300001,C02030300300001,血管介入治疗类材料,结构心脏病用材料,结构心脏病专用导丝,导丝,不区分,交换导丝,乙类,480.00,
gz_nhsa_consumables_C02030300300002,C02030300300002,血管介入治疗类材料,结构心脏病用材料,结构心脏病专用导丝,导丝,不区分,网篮导丝,乙类,2378.02,
gz_nhsa_consumables_C02030805600001,C02030805600001,血管介入治疗类材料,结构心脏病用材料,主动脉介入心脏瓣膜,瓣膜,不区分,自膨式,乙类,39200.00,
gz_nhsa_consumables_C02030805600002,C02030805600002,血管介入治疗类材料,结构心脏病用材料,主动脉介入心脏瓣膜,瓣膜,不区分,球扩式,乙类,39200.00,
gz_nhsa_consumables_C02030905600000,C02030905600000,血管介入治疗类材料,结构心脏病用材料,肺动脉介入心脏瓣膜,瓣膜,不区分,常规,乙类,40000.00,
gz_nhsa_consumables_C02031400400000,C02031400400000,血管介入治疗类材料,结构心脏病用材料,二尖瓣球囊扩张导管,导管,不区分,常规,乙类,1300.40,
gz_nhsa_consumables_C02031600400000,C02031600400000,血管介入治疗类材料,结构心脏病用材料,经皮瓣膜扩张导管,导管,不区分,常规,乙类,16000.00,
gz_nhsa_consumables_C02031700400000,C02031700400000,血管介入治疗类材料,结构心脏病用材料,主动脉瓣球囊扩张导管,导管,不区分,常规,乙类,11346.15,
gz_nhsa_consumables_C02031805500000,C02031805500000,血管介入治疗类材料,结构心脏病用材料,经导管介入瓣膜输送系统,输送系统,不区分,常规,乙类,35375.00,
gz_nhsa_consumables_C02031900400001,C02031900400001,血管介入治疗类材料,结构心脏病用材料,其他结构心脏病类产品,导管,不区分,漂浮导管,乙类,2994.67,
gz_nhsa_consumables_C02031900400002,C02031900400002,血管介入治疗类材料,结构心脏病用材料,其他结构心脏病类产品,导管,不区分,漂浮导管套装,乙类,2190.45,
gz_nhsa_consumables_C02040105800001,C02040105800001,血管介入治疗类材料,起搏器类材料,单腔起搏器,起搏器,不区分,全身兼容MRI/频率应答,乙类,49000.00,
gz_nhsa_consumables_C02040105800003,C02040105800003,血管介入治疗类材料,起搏器类材料,单腔起搏器,起搏器,不区分,非全身兼容MRI/频率应答,乙类,24213.00,
gz_nhsa_consumables_C02040105800005,C02040105800005,血管介入治疗类材料,起搏器类材料,单腔起搏器,起搏器,不区分,非兼容MRI/频率应答,乙类,28000.00,
gz_nhsa_consumables_C02040105800006,C02040105800006,血管介入治疗类材料,起搏器类材料,单腔起搏器,起搏器,不区分,非兼容MRI/非频率应答,乙类,13870.00,
gz_nhsa_consumables_C02040205800001,C02040205800001,血管介入治疗类材料,起搏器类材料,双腔起搏器,起搏器,不区分,全身兼容MRI/频率应答,乙类,77000.00,
gz_nhsa_consumables_C02040205800002,C02040205800002,血管介入治疗类材料,起搏器类材料,双腔起搏器,起搏器,不区分,全身兼容MRI/非频率应答,乙类,29425.00,
gz_nhsa_consumables_C02040205800003,C02040205800003,血管介入治疗类材料,起搏器类材料,双腔起搏器,起搏器,不区分,非全身兼容MRI/频率应答,乙类,42800.00,
gz_nhsa_consumables_C02040205800004,C02040205800004,血管介入治疗类材料,起搏器类材料,双腔起搏器,起搏器,不区分,非全身兼容MRI/非频率应答,乙类,16854.00,
gz_nhsa_consumables_C02040205800005,C02040205800005,血管介入治疗类材料,起搏器类材料,双腔起搏器,起搏器,不区分,非兼容MRI/频率应答,乙类,46683.00,
gz_nhsa_consumables_C02040205800006,C02040205800006,血管介入治疗类材料,起搏器类材料,双腔起搏器,起搏器,不区分,非兼容MRI/非频率应答,乙类,34087.00,
gz_nhsa_consumables_C02040305800001,C02040305800001,血管介入治疗类材料,起搏器类材料,三腔起搏器,起搏器,不区分,全身兼容MRI/双极,乙类,92400.00,
gz_nhsa_consumables_C02040305800002,C02040305800002,血管介入治疗类材料,起搏器类材料,三腔起搏器,起搏器,不区分,全身兼容MRI/四极,乙类,65450.00,
gz_nhsa_consumables_C02040305800003,C02040305800003,血管介入治疗类材料,起搏器类材料,三腔起搏器,起搏器,不区分,非全身兼容MRI/双极,乙类,18000.00,
gz_nhsa_consumables_C02040305800004,C02040305800004,血管介入治疗类材料,起搏器类材料,三腔起搏器,起搏器,不区分,非全身兼容MRI/四极,乙类,18000.00,
gz_nhsa_consumables_C02040305800005,C02040305800005,血管介入治疗类材料,起搏器类材料,三腔起搏器,起搏器,不区分,非兼容MRI/双极,乙类,91000.00,
gz_nhsa_consumables_C02040305800006,C02040305800006,血管介入治疗类材料,起搏器类材料,三腔起搏器,起搏器,不区分,非兼容MRI/四极,乙类,84000.00,
gz_nhsa_consumables_C02040405800000,C02040405800000,血管介入治疗类材料,起搏器类材料,无导线起搏器组,起搏器,不区分,常规,乙类,46000.00,
gz_nhsa_consumables_C02040505900001,C02040505900001,血管介入治疗类材料,起搏器类材料,单腔除颤器（ICD）,除颤器,不区分,全身兼容MRI,乙类,119770.00,
gz_nhsa_consumables_C02040505900002,C02040505900002,血管介入治疗类材料,起搏器类材料,单腔除颤器（ICD）,除颤器,不区分,非全身兼容MRI,乙类,20000.00,
gz_nhsa_consumables_C02040505900003,C02040505900003,血管介入治疗类材料,起搏器类材料,单腔除颤器（ICD）,除颤器,不区分,非兼容MRI,乙类,98000.00,
gz_nhsa_consumables_C02040605900001,C02040605900001,血管介入治疗类材料,起搏器类材料,双腔除颤器（ICD）,除颤器,不区分,全身兼容MRI,乙类,140070.00,
gz_nhsa_consumables_C02040605900003,C02040605900003,血管介入治疗类材料,起搏器类材料,双腔除颤器（ICD）,除颤器,不区分,非兼容MRI,乙类,119000.00,
gz_nhsa_consumables_C02040705900001,C02040705900001,血管介入治疗类材料,起搏器类材料,三腔除颤器组（CRT-D）,除颤器,不区分,全身兼容MRI,乙类,172970.00,
gz_nhsa_consumables_C02040705900002,C02040705900002,血管介入治疗类材料,起搏器类材料,三腔除颤器组（CRT-D）,除颤器,不区分,非全身兼容MRI,乙类,40000.00,
gz_nhsa_consumables_C02040705900003,C02040705900003,血管介入治疗类材料,起搏器类材料,三腔除颤器组（CRT-D）,除颤器,不区分,非兼容MRI,乙类,93614.00,
gz_nhsa_consumables_C02040805900000,C02040805900000,血管介入治疗类材料,起搏器类材料,皮下植入式心律转复除颤器,除颤器,不区分,常规,乙类,168000.00,
gz_nhsa_consumables_C02041106100001,C02041106100001,血管介入治疗类材料,起搏器类材料,起搏电极导线,导线,不区分,右心房起搏电极导线/兼容MRI/主动,乙类,3207.00,
gz_nhsa_consumables_C02041106100002,C02041106100002,血管介入治疗类材料,起搏器类材料,起搏电极导线,导线,不区分,右心房起搏电极导线/兼容MRI/被动,乙类,4275.00,
gz_nhsa_consumables_C02041106100003,C02041106100003,血管介入治疗类材料,起搏器类材料,起搏电极导线,导线,不区分,右心房起搏电极导线/非兼容MRI/主动,乙类,3325.00,
gz_nhsa_consumables_C02041106100004,C02041106100004,血管介入治疗类材料,起搏器类材料,起搏电极导线,导线,不区分,右心房起搏电极导线/非兼容MRI/被动,乙类,2528.00,
gz_nhsa_consumables_C02041106100005,C02041106100005,血管介入治疗类材料,起搏器类材料,起搏电极导线,导线,不区分,右心室起搏电极导线/兼容MRI/主动,乙类,3207.00,
gz_nhsa_consumables_C02041106100006,C02041106100006,血管介入治疗类材料,起搏器类材料,起搏电极导线,导线,不区分,右心室起搏电极导线/兼容MRI/被动,乙类,1959.00,
gz_nhsa_consumables_C02041106100007,C02041106100007,血管介入治疗类材料,起搏器类材料,起搏电极导线,导线,不区分,右心室起搏电极导线/非兼容MRI/主动,乙类,3325.00,
gz_nhsa_consumables_C02041106100008,C02041106100008,血管介入治疗类材料,起搏器类材料,起搏电极导线,导线,不区分,右心室起搏电极导线/非兼容MRI/被动,乙类,1470.00,
gz_nhsa_consumables_C02041106100010,C02041106100010,血管介入治疗类材料,起搏器类材料,起搏电极导线,导线,不区分,左室起搏电极导线/兼容MRI/被动,乙类,9999.00,
gz_nhsa_consumables_C02041106100011,C02041106100011,血管介入治疗类材料,起搏器类材料,起搏电极导线,导线,不区分,左室起搏电极导线/非兼容MRI/主动,乙类,5999.00,
gz_nhsa_consumables_C02041106100012,C02041106100012,血管介入治疗类材料,起搏器类材料,起搏电极导线,导线,不区分,左室起搏电极导线/非兼容MRI/被动,乙类,13582.00,
gz_nhsa_consumables_C02041106100014,C02041106100014,血管介入治疗类材料,起搏器类材料,起搏电极导线,导线,不区分,心外膜电极导线/兼容MRI/被,乙类,132.11,
gz_nhsa_consumables_C02041106100015,C02041106100015,血管介入治疗类材料,起搏器类材料,起搏电极导线,导线,不区分,心动外膜电极导线/非兼容MRI/主动,乙类,88.00,
gz_nhsa_consumables_C02041106100016,C02041106100016,血管介入治疗类材料,起搏器类材料,起搏电极导线,导线,不区分,心外膜电极导线/非兼容MRI/被动,乙类,3692.20,
gz_nhsa_consumables_C02041106100017,C02041106100017,血管介入治疗类材料,起搏器类材料,起搏电极导线,导线,不区分,心室心房通用起搏电极导线/兼容MRI/主,乙类,3133.00,
gz_nhsa_consumables_C02041106100018,C02041106100018,血管介入治疗类材料,起搏器类材料,起搏电极导线,导线,不区分,心动室心房通用起搏电极导线/兼容MRI/被,乙类,2234.00,
gz_nhsa_consumables_C02041106100019,C02041106100019,血管介入治疗类材料,起搏器类材料,起搏电极导线,导线,不区分,心动室心房通用起搏电极导线/非兼容MRI/主动,乙类,2615.00,
gz_nhsa_consumables_C02041106100020,C02041106100020,血管介入治疗类材料,起搏器类材料,起搏电极导线,导线,不区分,心室心房通用起搏电极导线/非兼容MRI/被动,乙类,1300.00,
gz_nhsa_consumables_C02041206100001,C02041206100001,血管介入治疗类材料,起搏器类材料,除颤电极导线,导线,不区分,兼容MRI/主动,乙类,16800.00,
gz_nhsa_consumables_C02041206100003,C02041206100003,血管介入治疗类材料,起搏器类材料,除颤电极导线,导线,不区分,非兼容MRI/主动,乙类,5999.00,
gz_nhsa_consumables_C02041206100004,C02041206100004,血管介入治疗类材料,起搏器类材料,除颤电极导线,导线,不区分,非兼容MRI/被动,乙类,13807.96,
gz_nhsa_consumables_C02041306200001,C02041306200001,血管介入治疗类材料,起搏器类材料,起搏器附件,起搏器附件,不区分,起搏导线递送系统,乙类,412.17,
gz_nhsa_consumables_C02041306200002,C02041306200002,血管介入治疗类材料,起搏器类材料,起搏器附件,起搏器附件,不区分,切开鞘,乙类,2286.01,
gz_nhsa_consumables_C02041306200003,C02041306200003,血管介入治疗类材料,起搏器类材料,起搏器附件,起搏器附件,不区分,撕开鞘,乙类,285.16,
gz_nhsa_consumables_C02041306200005,C02041306200005,血管介入治疗类材料,起搏器类材料,起搏器附件,起搏器附件,不区分,传送鞘管,乙类,7530.00,
gz_nhsa_consumables_C02041306200010,C02041306200010,血管介入治疗类材料,起搏器类材料,起搏器附件,起搏器附件,不区分,造影球囊导管,乙类,5840.78,
gz_nhsa_consumables_C02041306200011,C02041306200011,血管介入治疗类材料,起搏器类材料,起搏器附件,起搏器附件,不区分,切开刀,乙类,309.78,
gz_nhsa_consumables_C02050100100001,C02050100100001,血管介入治疗类材料,神经介入治疗材料,颅内支架,支架,不区分,覆膜支架/动脉瘤辅助/有头,乙类,104944.44,
gz_nhsa_consumables_C02050100100005,C02050100100005,血管介入治疗类材料,神经介入治疗材料,颅内支架,支架,不区分,普端通裸支架/动脉瘤辅助/有,乙类,44014.49,
gz_nhsa_consumables_C02050100100006,C02050100100006,血管介入治疗类材料,神经介入治疗材料,颅内支架,支架,不区分,-普端通裸支架/动脉瘤辅助/无,乙类,34917.81,
gz_nhsa_consumables_C02050100100007,C02050100100007,血管介入治疗类材料,神经介入治疗材料,颅内支架,支架,不区分,-普端通裸支架/狭窄扩张/有头,乙类,11500.00,
gz_nhsa_consumables_C02050100100008,C02050100100008,血管介入治疗类材料,神经介入治疗材料,颅内支架,支架,不区分,普端通裸支架/狭窄扩张/无头,乙类,16386.00,
gz_nhsa_consumables_C02050100100009,C02050100100009,血管介入治疗类材料,神经介入治疗材料,颅内支架,支架,不区分,密端网支架/动脉瘤辅助/有头,乙类,33193.77,
gz_nhsa_consumables_C02050100100010,C02050100100010,血管介入治疗类材料,神经介入治疗材料,颅内支架,支架,不区分,密端网支架/动脉瘤辅助/无头,乙类,44548.73,
gz_nhsa_consumables_C02050100100011,C02050100100011,血管介入治疗类材料,神经介入治疗材料,颅内支架,支架,不区分,密端网支架/狭窄扩张/有头端,乙类,29893.94,
gz_nhsa_consumables_C02050100100012,C02050100100012,血管介入治疗类材料,神经介入治疗材料,颅内支架,支架,不区分,密网支架/狭窄扩张/无头端,乙类,41810.46,
gz_nhsa_consumables_C02050200200000,C02050200200000,血管介入治疗类材料,神经介入治疗材料,栓塞球囊,球囊,不区分,常规,乙类,8800.00,
gz_nhsa_consumables_C02050300200002,C02050300200002,血管介入治疗类材料,神经介入治疗材料,球囊封堵导管,球囊,不区分,取栓用/双腔,乙类,12644.39,
gz_nhsa_consumables_C02050300200003,C02050300200003,血管介入治疗类材料,神经介入治疗材料,球囊封堵导管,球囊,不区分,动脉瘤用/单腔,乙类,13538.86,
gz_nhsa_consumables_C02050300200004,C02050300200004,血管介入治疗类材料,神经介入治疗材料,球囊封堵导管,球囊,不区分,动脉瘤用/双腔,乙类,19777.78,
gz_nhsa_consumables_C02050400200000,C02050400200000,血管介入治疗类材料,神经介入治疗材料,球囊扩张导管,球囊,不区分,常规,乙类,14016.90,
gz_nhsa_consumables_C02050500400001,C02050500400001,血管介入治疗类材料,神经介入治疗材料,导引导管,导管,不区分,远端通路/单导引,乙类,16321.50,
gz_nhsa_consumables_C02050500400002,C02050500400002,血管介入治疗类材料,神经介入治疗材料,导引导管,导管,不区分,远端通路/多导引,乙类,17099.03,
gz_nhsa_consumables_C02050500400003,C02050500400003,血管介入治疗类材料,神经介入治疗材料,导引导管,导管,不区分,普通通路/单导引,乙类,1239.39,
gz_nhsa_consumables_C02050500400004,C02050500400004,血管介入治疗类材料,神经介入治疗材料,导引导管,导管,不区分,普通通路/多导引,乙类,1223.83,
gz_nhsa_consumables_C02050600400001,C02050600400001,血管介入治疗类材料,神经介入治疗材料,神经介入支撑辅助导管,导管,不区分,支撑导管,乙类,16698.36,
gz_nhsa_consumables_C02050700400001,C02050700400001,血管介入治疗类材料,神经介入治疗材料,微导管,导管,不区分,弹簧圈输送/可解脱漂浮微导,乙类,17318.52,
gz_nhsa_consumables_C02050700400002,C02050700400002,血管介入治疗类材料,神经介入治疗材料,微导管,导管,不区分,弹管簧圈输送/不可解脱漂浮微导管,乙类,4760.70,
gz_nhsa_consumables_C02050700400004,C02050700400004,血管介入治疗类材料,神经介入治疗材料,微导管,导管,不区分,支架输送/不可解脱漂浮微导,乙类,5677.46,
gz_nhsa_consumables_C02050700400005,C02050700400005,血管介入治疗类材料,神经介入治疗材料,微导管,导管,不区分,血管流导向输送/可解脱漂浮微导管,乙类,23000.00,
gz_nhsa_consumables_C02050700400006,C02050700400006,血管介入治疗类材料,神经介入治疗材料,微导管,导管,不区分,血流导向输送/不可解脱漂浮微导管,乙类,8723.59,
gz_nhsa_consumables_C02050800400001,C02050800400001,血管介入治疗类材料,神经介入治疗材料,神经介入治疗导管,导管,不区分,抽吸,乙类,31792.29,
gz_nhsa_consumables_C02050800400002,C02050800400002,血管介入治疗类材料,神经介入治疗材料,神经介入治疗导管,导管,不区分,其他,乙类,960.00,
gz_nhsa_consumables_C02051000300002,C02051000300002,血管介入治疗类材料,神经介入治疗材料,神经介入治疗导丝,导丝,不区分,导引,乙类,480.00,
gz_nhsa_consumables_C02051200301001,C02051200301001,血管介入治疗类材料,神经介入治疗材料,微导丝,导丝,合金,交换导丝,乙类,1899.06,
gz_nhsa_consumables_C02051200301002,C02051200301002,血管介入治疗类材料,神经介入治疗材料,微导丝,导丝,合金,工作导丝,乙类,4059.63,
gz_nhsa_consumables_C02051200302001,C02051200302001,血管介入治疗类材料,神经介入治疗材料,微导丝,导丝,不锈钢,交换导丝,乙类,4207.68,
gz_nhsa_consumables_C02051200302002,C02051200302002,血管介入治疗类材料,神经介入治疗材料,微导丝,导丝,不锈钢,工作导丝,乙类,4417.16,
gz_nhsa_consumables_C02051305400001,C02051305400001,血管介入治疗类材料,神经介入治疗材料,介入附件,介入附件,不区分,弹簧圈解脱/机械,乙类,1710.00,
gz_nhsa_consumables_C02051305400002,C02051305400002,血管介入治疗类材料,神经介入治疗材料,介入附件,介入附件,不区分,弹簧圈解脱/电动,乙类,3773.06,
gz_nhsa_consumables_C02051500100002,C02051500100002,血管介入治疗类材料,神经介入治疗材料,取栓支架,支架,不区分,可解脱/头端开放/普通,乙类,7188.00,
gz_nhsa_consumables_C02051500100003,C02051500100003,血管介入治疗类材料,神经介入治疗材料,取栓支架,支架,不区分,不可解脱/头端闭合/普通,乙类,28749.88,
gz_nhsa_consumables_C02051500100004,C02051500100004,血管介入治疗类材料,神经介入治疗材料,取栓支架,支架,不区分,不可解脱/头端开放/普通,乙类,7199.00,
gz_nhsa_consumables_C02051500100007,C02051500100007,血管介入治疗类材料,神经介入治疗材料,取栓支架,支架,不区分,不可解脱/头端闭合/双层,乙类,39581.82,
gz_nhsa_consumables_C02051606501003,C02051606501003,血管介入治疗类材料,神经介入治疗材料,弹簧圈,栓塞材料,铂金,电解脱/形状3D,乙类,4000.00,
gz_nhsa_consumables_C02051606501004,C02051606501004,血管介入治疗类材料,神经介入治疗材料,弹簧圈,栓塞材料,铂金,电解脱/形状2D,乙类,748.00,
gz_nhsa_consumables_C02051606501005,C02051606501005,血管介入治疗类材料,神经介入治疗材料,弹簧圈,栓塞材料,铂金,水解脱/形状3D,乙类,748.00,
gz_nhsa_consumables_C02051606501006,C02051606501006,血管介入治疗类材料,神经介入治疗材料,弹簧圈,栓塞材料,铂金,水解脱/形状2D,乙类,748.00,
gz_nhsa_consumables_C02051606501007,C02051606501007,血管介入治疗类材料,神经介入治疗材料,弹簧圈,栓塞材料,铂金,热机械解脱/形状3D,乙类,748.00,
gz_nhsa_consumables_C02051606502001,C02051606502001,血管介入治疗类材料,神经介入治疗材料,弹簧圈,栓塞材料,铂钨合金,机械解脱/形状3D,乙类,6128.00,
gz_nhsa_consumables_C02051606502002,C02051606502002,血管介入治疗类材料,神经介入治疗材料,弹簧圈,栓塞材料,铂钨合金,机械解脱/形状2D,乙类,6128.00,
gz_nhsa_consumables_C02051606502003,C02051606502003,血管介入治疗类材料,神经介入治疗材料,弹簧圈,栓塞材料,铂钨合金,电解脱/形状3D,乙类,5197.00,
gz_nhsa_consumables_C02051606502004,C02051606502004,血管介入治疗类材料,神经介入治疗材料,弹簧圈,栓塞材料,铂钨合金,电解脱/形状2D,乙类,5197.00,
gz_nhsa_consumables_C02051606502005,C02051606502005,血管介入治疗类材料,神经介入治疗材料,弹簧圈,栓塞材料,铂钨合金,水解脱/形状3D,乙类,4679.00,
gz_nhsa_consumables_C02051606502006,C02051606502006,血管介入治疗类材料,神经介入治疗材料,弹簧圈,栓塞材料,铂钨合金,水解脱/形状2D,乙类,4679.00,
gz_nhsa_consumables_C02051606502007,C02051606502007,血管介入治疗类材料,神经介入治疗材料,弹簧圈,栓塞材料,铂钨合金,热机械解脱/形状3D,乙类,5197.00,
gz_nhsa_consumables_C02051606502008,C02051606502008,血管介入治疗类材料,神经介入治疗材料,弹簧圈,栓塞材料,铂钨合金,热机械解脱/形状2D,乙类,5197.00,
gz_nhsa_consumables_C02051706500000,C02051706500000,血管介入治疗类材料,神经介入治疗材料,液态栓塞系统,栓塞材料,不区分,常规,乙类,6128.74,
gz_nhsa_consumables_C02051900100000,C02051900100000,血管介入治疗类材料,神经介入治疗材料,血流导向密网支架,支架,不区分,常规,乙类,142804.80,
gz_nhsa_consumables_C02060100101001,C02060100101001,血管介入治疗类材料,外周血管介入,颈动脉支架,支架,合金,闭环/直形,乙类,10598.53,
gz_nhsa_consumables_C02060100101002,C02060100101002,血管介入治疗类材料,外周血管介入,颈动脉支架,支架,合金,闭环/锥形,乙类,13003.17,
gz_nhsa_consumables_C02060100101003,C02060100101003,血管介入治疗类材料,外周血管介入,颈动脉支架,支架,合金,非闭环/直形,乙类,11450.72,
gz_nhsa_consumables_C02060100101004,C02060100101004,血管介入治疗类材料,外周血管介入,颈动脉支架,支架,合金,非闭环/锥形,乙类,10562.24,
gz_nhsa_consumables_C02060200101001,C02060200101001,血管介入治疗类材料,外周血管介入,锁骨下动脉支架,支架,合金,球扩,乙类,10000.00,
gz_nhsa_consumables_C02060200101002,C02060200101002,血管介入治疗类材料,外周血管介入,锁骨下动脉支架,支架,合金,自膨,乙类,10181.15,
gz_nhsa_consumables_C02060200102001,C02060200102001,血管介入治疗类材料,外周血管介入,锁骨下动脉支架,支架,不锈钢,球扩,乙类,848.00,
gz_nhsa_consumables_C02060400101000,C02060400101000,血管介入治疗类材料,外周血管介入,肾动脉支架,支架,合金,常规,乙类,10236.69,
gz_nhsa_consumables_C02060400102000,C02060400102000,血管介入治疗类材料,外周血管介入,肾动脉支架,支架,不锈钢,常规,乙类,14596.75,
gz_nhsa_consumables_C02060500100001,C02060500100001,血管介入治疗类材料,外周血管介入,胸主动脉支架,支架,不区分,前释放/有分支/长度≤100mm,乙类,130000.00,
gz_nhsa_consumables_C02060500100002,C02060500100002,血管介入治疗类材料,外周血管介入,胸主动脉支架,支架,不区分,前释放/有分支/100＜长度＜200mm,乙类,130000.00,
gz_nhsa_consumables_C02060500100003,C02060500100003,血管介入治疗类材料,外周血管介入,胸主动脉支架,支架,不区分,前释放/有分支/长度≥200mm,乙类,125354.70,
gz_nhsa_consumables_C02060500100004,C02060500100004,血管介入治疗类材料,外周血管介入,胸主动脉支架,支架,不区分,前释放/无分支/长度≤100mm,乙类,18000.00,
gz_nhsa_consumables_C02060500100005,C02060500100005,血管介入治疗类材料,外周血管介入,胸主动脉支架,支架,不区分,前释放/无分支/100＜长度＜200mm,乙类,42006.29,
gz_nhsa_consumables_C02060500100006,C02060500100006,血管介入治疗类材料,外周血管介入,胸主动脉支架,支架,不区分,前释放/无分支/长度≥200mm,乙类,44528.00,
gz_nhsa_consumables_C02060500100010,C02060500100010,血管介入治疗类材料,外周血管介入,胸主动脉支架,支架,不区分,后释放/无分支/长度≤100mm,乙类,78743.41,
gz_nhsa_consumables_C02060500100011,C02060500100011,血管介入治疗类材料,外周血管介入,胸主动脉支架,支架,不区分,后释放/无分支/100＜长度＜200mm,乙类,71094.98,
gz_nhsa_consumables_C02060500100012,C02060500100012,血管介入治疗类材料,外周血管介入,胸主动脉支架,支架,不区分,后释放/无分支/长度≥200mm,乙类,83320.71,
gz_nhsa_consumables_C02060600100000,C02060600100000,血管介入治疗类材料,外周血管介入,主动脉定制支架,支架,不区分,常规,乙类,20060.22,
gz_nhsa_consumables_C02060700100001,C02060700100001,血管介入治疗类材料,外周血管介入,腹主动脉支架,支架,不区分,分体式,乙类,51283.57,
gz_nhsa_consumables_C02060700100002,C02060700100002,血管介入治疗类材料,外周血管介入,腹主动脉支架,支架,不区分,一体式,乙类,49933.33,
gz_nhsa_consumables_C02060800100001,C02060800100001,血管介入治疗类材料,外周血管介入,腹主动脉延长支架,支架,不区分,髂动脉延长,乙类,25001.22,
gz_nhsa_consumables_C02060800100003,C02060800100003,血管介入治疗类材料,外周血管介入,腹主动脉延长支架,支架,不区分,主体延长,乙类,19851.47,
gz_nhsa_consumables_C02060900101005,C02060900101005,血管介入治疗类材料,外周血管介入,髂股动脉支架,支架,不锈钢,髂动脉/球扩/长度≤15cm,乙类,10020.94,
gz_nhsa_consumables_C02060900102003,C02060900102003,血管介入治疗类材料,外周血管介入,髂股动脉支架,支架,合金,股动脉/自膨/长度≤15cm,乙类,12782.85,
gz_nhsa_consumables_C02060900102004,C02060900102004,血管介入治疗类材料,外周血管介入,髂股动脉支架,支架,合金,股动脉/自膨/长度＞15cm,乙类,7100.00,
gz_nhsa_consumables_C02060900102005,C02060900102005,血管介入治疗类材料,外周血管介入,髂股动脉支架,支架,合金,髂动脉/球扩/长度≤15cm,乙类,10000.00,
gz_nhsa_consumables_C02060900102007,C02060900102007,血管介入治疗类材料,外周血管介入,髂股动脉支架,支架,合金,髂动脉/自膨/长度≤15cm,乙类,9814.28,
gz_nhsa_consumables_C02061000101003,C02061000101003,血管介入治疗类材料,外周血管介入,股腘动脉支架,支架,合金,自膨/长度≤15cm,乙类,18632.00,
gz_nhsa_consumables_C02061000101004,C02061000101004,血管介入治疗类材料,外周血管介入,股腘动脉支架,支架,合金,自膨/长度＞,乙类,14535.71,
gz_nhsa_consumables_C02061100101001,C02061100101001,血管介入治疗类材料,外周血管介入,膝下动脉支架,支架,合金,5-自cm膨/长度≤12cm,乙类,16000.00,
gz_nhsa_consumables_C02061100101002,C02061100101002,血管介入治疗类材料,外周血管介入,膝下动脉支架,支架,合金,自膨/长度＞,乙类,19000.00,
gz_nhsa_consumables_C02061100101003,C02061100101003,血管介入治疗类材料,外周血管介入,膝下动脉支架,支架,合金,2-球cm扩/长度≤12cm,乙类,14221.25,
gz_nhsa_consumables_C02061200101001,C02061200101001,血管介入治疗类材料,外周血管介入,多外周动脉支架,支架,合金,球扩,乙类,11952.38,
gz_nhsa_consumables_C02061200101002,C02061200101002,血管介入治疗类材料,外周血管介入,多外周动脉支架,支架,合金,自膨,乙类,13969.05,
gz_nhsa_consumables_C02061200103001,C02061200103001,血管介入治疗类材料,外周血管介入,多外周动脉支架,支架,不锈钢,球扩,乙类,10536.13,
gz_nhsa_consumables_C02061300100001,C02061300100001,血管介入治疗类材料,外周血管介入,外周血管支架,支架,不区分,药物/有聚合物涂层/长度≤,乙类,36931.58,
gz_nhsa_consumables_C02061300100003,C02061300100003,血管介入治疗类材料,外周血管介入,外周血管支架,支架,不区分,5-药cm物/无聚合物涂层/长度≤,乙类,7100.00,
gz_nhsa_consumables_C02061300104003,C02061300104003,血管介入治疗类材料,外周血管介入,外周血管支架,支架,合金,5-覆cm膜/自膨/肝素,乙类,30151.52,
gz_nhsa_consumables_C02061300104004,C02061300104004,血管介入治疗类材料,外周血管介入,外周血管支架,支架,合金,-覆层膜/自膨/其他,乙类,24147.52,
gz_nhsa_consumables_C02061300105001,C02061300105001,血管介入治疗类材料,外周血管介入,外周血管支架,支架,不锈钢,-覆层膜/球扩/肝素,乙类,47666.63,
gz_nhsa_consumables_C02061300105002,C02061300105002,血管介入治疗类材料,外周血管介入,外周血管支架,支架,不锈钢,-覆层膜/球扩/其他,乙类,35810.81,
gz_nhsa_consumables_C02061500101000,C02061500101000,血管介入治疗类材料,外周血管介入,腔静脉支架,支架,合金,0-常规,乙类,10300.00,
gz_nhsa_consumables_C02061500103000,C02061500103000,血管介入治疗类材料,外周血管介入,腔静脉支架,支架,不锈钢,常规,乙类,7100.00,
gz_nhsa_consumables_C02061600101003,C02061600101003,血管介入治疗类材料,外周血管介入,髂股静脉支架,支架,合金,非闭环,乙类,26058.42,
gz_nhsa_consumables_C02061700101001,C02061700101001,血管介入治疗类材料,外周血管介入,经颈静脉肝内门体分流(TIPS)静脉支架,支架,合金,覆膜支架,乙类,47739.00,
gz_nhsa_consumables_C02061800200001,C02061800200001,血管介入治疗类材料,外周血管介入,外周药物涂层球囊,球囊,不区分,紫杉醇/亲水涂层/长度≤15cm,乙类,20902.04,
gz_nhsa_consumables_C02061800200002,C02061800200002,血管介入治疗类材料,外周血管介入,外周药物涂层球囊,球囊,不区分,紫杉醇/亲水涂层/长度＞,乙类,21697.14,
gz_nhsa_consumables_C02061800200003,C02061800200003,血管介入治疗类材料,外周血管介入,外周药物涂层球囊,球囊,不区分,-5紫cm杉醇/非亲水涂层/长度≤,乙类,20648.10,
gz_nhsa_consumables_C02061800200004,C02061800200004,血管介入治疗类材料,外周血管介入,外周药物涂层球囊,球囊,不区分,-5紫cm杉醇/非亲水涂层/长度＞,乙类,21530.29,
gz_nhsa_consumables_C02061900200001,C02061900200001,血管介入治疗类材料,外周血管介入,动脉扩张球囊,球囊,不区分,非顺应性/导丝直径0.014英,乙类,2589.28,
gz_nhsa_consumables_C02061900200002,C02061900200002,血管介入治疗类材料,外周血管介入,动脉扩张球囊,球囊,不区分,非寸顺应性/导丝直径0.018英,乙类,5835.83,
gz_nhsa_consumables_C02061900200003,C02061900200003,血管介入治疗类材料,外周血管介入,动脉扩张球囊,球囊,不区分,非寸顺应性/导丝直径0.035英,乙类,5384.93,
gz_nhsa_consumables_C02061900200004,C02061900200004,血管介入治疗类材料,外周血管介入,动脉扩张球囊,球囊,不区分,半寸顺应性/导丝直径0.014英,乙类,5180.93,
gz_nhsa_consumables_C02061900200005,C02061900200005,血管介入治疗类材料,外周血管介入,动脉扩张球囊,球囊,不区分,半寸顺应性/导丝直径0.018英,乙类,5692.19,
gz_nhsa_consumables_C02061900200006,C02061900200006,血管介入治疗类材料,外周血管介入,动脉扩张球囊,球囊,不区分,半寸顺应性/导丝直径0.035英,乙类,2725.77,
gz_nhsa_consumables_C02061900200007,C02061900200007,血管介入治疗类材料,外周血管介入,动脉扩张球囊,球囊,不区分,顺寸应性/导丝直径0.014英寸,乙类,3880.00,
gz_nhsa_consumables_C02061900200008,C02061900200008,血管介入治疗类材料,外周血管介入,动脉扩张球囊,球囊,不区分,顺应性/导丝直径0.018英寸,乙类,3880.00,
gz_nhsa_consumables_C02061900200009,C02061900200009,血管介入治疗类材料,外周血管介入,动脉扩张球囊,球囊,不区分,顺应性/导丝直径0.035英寸,乙类,2692.89,
gz_nhsa_consumables_C02062000200000,C02062000200000,血管介入治疗类材料,外周血管介入,封堵球囊,球囊,不区分,常规,乙类,6052.00,
gz_nhsa_consumables_C02062100200000,C02062100200000,血管介入治疗类材料,外周血管介入,切割球囊,球囊,不区分,常规,乙类,6134.50,
gz_nhsa_consumables_C02062200200000,C02062200200000,血管介入治疗类材料,外周血管介入,外周血管其他球囊,球囊,不区分,常规,乙类,5239.47,
gz_nhsa_consumables_C02062400400001,C02062400400001,血管介入治疗类材料,外周血管介入,溶栓导管,导管,不区分,带封堵导丝/带手,乙类,964.70,
gz_nhsa_consumables_C02062400400002,C02062400400002,血管介入治疗类材料,外周血管介入,溶栓导管,导管,不区分,带柄封堵导丝/不带手柄,乙类,877.00,
gz_nhsa_consumables_C02062400400004,C02062400400004,血管介入治疗类材料,外周血管介入,溶栓导管,导管,不区分,不带封堵导丝/不带手柄,乙类,878.00,
gz_nhsa_consumables_C02062500400000,C02062500400000,血管介入治疗类材料,外周血管介入,取栓导管,导管,不区分,常规,乙类,808.60,
gz_nhsa_consumables_C02062600400000,C02062600400000,血管介入治疗类材料,外周血管介入,导引导管,导管,不区分,常规,乙类,1076.44,
gz_nhsa_consumables_C02062701500001,C02062701500001,血管介入治疗类材料,外周血管介入,导引鞘,鞘管,不区分,可控弯,乙类,1543.50,
gz_nhsa_consumables_C02062701500002,C02062701500002,血管介入治疗类材料,外周血管介入,导引鞘,鞘管,不区分,固定弯（直型鞘）,乙类,76.88,
gz_nhsa_consumables_C02062800400001,C02062800400001,血管介入治疗类材料,外周血管介入,微导管,导管,不区分,单件/直头/长度＜150cm,乙类,3178.19,
gz_nhsa_consumables_C02062800400002,C02062800400002,血管介入治疗类材料,外周血管介入,微导管,导管,不区分,单件/直头/长度≥150cm,乙类,3966.90,
gz_nhsa_consumables_C02062800400003,C02062800400003,血管介入治疗类材料,外周血管介入,微导管,导管,不区分,单件/弯头/长度＜150cm,乙类,4198.61,
gz_nhsa_consumables_C02062800400004,C02062800400004,血管介入治疗类材料,外周血管介入,微导管,导管,不区分,单件/弯头/长度≥150cm,乙类,4060.30,
gz_nhsa_consumables_C02062800400005,C02062800400005,血管介入治疗类材料,外周血管介入,微导管,导管,不区分,套装/直头/长度＜150cm,乙类,2486.00,
gz_nhsa_consumables_C02062800400006,C02062800400006,血管介入治疗类材料,外周血管介入,微导管,导管,不区分,套装/直头/长度≥150cm,乙类,4663.79,
gz_nhsa_consumables_C02062800400007,C02062800400007,血管介入治疗类材料,外周血管介入,微导管,导管,不区分,套装/弯头/长度＜150cm,乙类,700.00,
gz_nhsa_consumables_C02062800400008,C02062800400008,血管介入治疗类材料,外周血管介入,微导管,导管,不区分,套装/弯头/长度≥150cm,乙类,6980.00,
gz_nhsa_consumables_C02062900400002,C02062900400002,血管介入治疗类材料,外周血管介入,机械血栓抽吸导管,导管,不区分,静脉血栓专用/带喷药/无源,乙类,15334.00,
gz_nhsa_consumables_C02062900400010,C02062900400010,血管介入治疗类材料,外周血管介入,机械血栓抽吸导管,导管,不区分,动静脉通用/带喷药/无源,乙类,19616.06,
gz_nhsa_consumables_C02062900400011,C02062900400011,血管介入治疗类材料,外周血管介入,机械血栓抽吸导管,导管,不区分,动静脉通用/不带喷药/有源,乙类,19861.85,
gz_nhsa_consumables_C02062900400012,C02062900400012,血管介入治疗类材料,外周血管介入,机械血栓抽吸导管,导管,不区分,动静脉通用/不带喷药/无源,乙类,960.00,
gz_nhsa_consumables_C02063000400003,C02063000400003,血管介入治疗类材料,外周血管介入,斑块切除导管,导管,不区分,不带抽吸功能,乙类,19114.00,
gz_nhsa_consumables_C02063200400001,C02063200400001,血管介入治疗类材料,外周血管介入,静脉闭合导管,导管,不区分,射频,乙类,960.00,
gz_nhsa_consumables_C02063200400004,C02063200400004,血管介入治疗类材料,外周血管介入,静脉闭合导管,导管,不区分,微波,乙类,960.00,
gz_nhsa_consumables_C02063300400001,C02063300400001,血管介入治疗类材料,外周血管介入,支撑导管,导管,不区分,均一杆身/有金属编网,乙类,5190.00,
gz_nhsa_consumables_C02063300400003,C02063300400003,血管介入治疗类材料,外周血管介入,支撑导管,导管,不区分,锥形杆身/有金属编网,乙类,960.00,
gz_nhsa_consumables_C02063300400004,C02063300400004,血管介入治疗类材料,外周血管介入,支撑导管,导管,不区分,锥形杆身/无金属编网,乙类,3341.72,
gz_nhsa_consumables_C02063400400000,C02063400400000,血管介入治疗类材料,外周血管介入,外周血管其他导管,导管,不区分,常规,乙类,2929.90,
gz_nhsa_consumables_C02063506600001,C02063506600001,血管介入治疗类材料,外周血管介入,腔静脉滤器,滤器,不区分,永久,乙类,14860.00,
gz_nhsa_consumables_C02063506600002,C02063506600002,血管介入治疗类材料,外周血管介入,腔静脉滤器,滤器,不区分,临时,乙类,15434.47,
gz_nhsa_consumables_C02063506600003,C02063506600003,血管介入治疗类材料,外周血管介入,腔静脉滤器,滤器,不区分,伞形可回收,乙类,20298.16,
gz_nhsa_consumables_C02063506600004,C02063506600004,血管介入治疗类材料,外周血管介入,腔静脉滤器,滤器,不区分,可转换,乙类,14770.94,
gz_nhsa_consumables_C02063506600005,C02063506600005,血管介入治疗类材料,外周血管介入,腔静脉滤器,滤器,不区分,梭形可回收,乙类,13636.29,
gz_nhsa_consumables_C02063606700000,C02063606700000,血管介入治疗类材料,外周血管介入,腔静脉滤器回收套件,回收装置,不区分,常规,乙类,5352.10,
gz_nhsa_consumables_C02063700301001,C02063700301001,血管介入治疗类材料,外周血管介入,导引导丝,导丝,不锈钢,普通/0.014英寸/长度＞2.6m,乙类,713.35,
gz_nhsa_consumables_C02063700301002,C02063700301002,血管介入治疗类材料,外周血管介入,导引导丝,导丝,不锈钢,普通/0.014英寸/长度≤2.6m,乙类,733.28,
gz_nhsa_consumables_C02063700301003,C02063700301003,血管介入治疗类材料,外周血管介入,导引导丝,导丝,不锈钢,普通/0.018英寸/长度＞2.6m,乙类,895.59,
gz_nhsa_consumables_C02063700301004,C02063700301004,血管介入治疗类材料,外周血管介入,导引导丝,导丝,不锈钢,普通/0.018英寸/长度≤2.6m,乙类,1258.17,
gz_nhsa_consumables_C02063700301005,C02063700301005,血管介入治疗类材料,外周血管介入,导引导丝,导丝,不锈钢,普通/0.035英寸/长度＞2.6m,乙类,1200.00,
gz_nhsa_consumables_C02063700301006,C02063700301006,血管介入治疗类材料,外周血管介入,导引导丝,导丝,不锈钢,普通/0.035英寸/长度≤2.6m,乙类,92.61,
gz_nhsa_consumables_C02063700301008,C02063700301008,血管介入治疗类材料,外周血管介入,导引导丝,导丝,不锈钢,普通/0.038英寸/长度≤2.6m,乙类,92.61,
gz_nhsa_consumables_C02063700301009,C02063700301009,血管介入治疗类材料,外周血管介入,导引导丝,导丝,不锈钢,加硬/0.014英寸/长度＞2.6m,乙类,1865.96,
gz_nhsa_consumables_C02063700301010,C02063700301010,血管介入治疗类材料,外周血管介入,导引导丝,导丝,不锈钢,加硬/0.014英寸/长度≤2.6m,乙类,1945.03,
gz_nhsa_consumables_C02063700301011,C02063700301011,血管介入治疗类材料,外周血管介入,导引导丝,导丝,不锈钢,加硬/0.018英寸/长度＞2.6m,乙类,1681.39,
gz_nhsa_consumables_C02063700301012,C02063700301012,血管介入治疗类材料,外周血管介入,导引导丝,导丝,不锈钢,加硬/0.018英寸/长度≤2.6m,乙类,1750.00,
gz_nhsa_consumables_C02063700301013,C02063700301013,血管介入治疗类材料,外周血管介入,导引导丝,导丝,不锈钢,加硬/0.035英寸/长度＞2.6m,乙类,1244.26,
gz_nhsa_consumables_C02063700301014,C02063700301014,血管介入治疗类材料,外周血管介入,导引导丝,导丝,不锈钢,加硬/0.035英寸/长度≤2.6m,乙类,674.12,
gz_nhsa_consumables_C02063700301015,C02063700301015,血管介入治疗类材料,外周血管介入,导引导丝,导丝,不锈钢,加硬/0.038英寸/长度＞2.6m,乙类,2750.00,
gz_nhsa_consumables_C02063700301016,C02063700301016,血管介入治疗类材料,外周血管介入,导引导丝,导丝,不锈钢,加硬/0.038英寸/长度≤2.6m,乙类,238.00,
gz_nhsa_consumables_C02063700302001,C02063700302001,血管介入治疗类材料,外周血管介入,导引导丝,导丝,合金,普通/0.014英寸/长度＞2.6m,乙类,2370.58,
gz_nhsa_consumables_C02063700302002,C02063700302002,血管介入治疗类材料,外周血管介入,导引导丝,导丝,合金,普通/0.014英寸/长度≤2.6m,乙类,990.00,
gz_nhsa_consumables_C02063700302003,C02063700302003,血管介入治疗类材料,外周血管介入,导引导丝,导丝,合金,普通/0.018英寸/长度＞2.6m,乙类,95.66,
gz_nhsa_consumables_C02063700302004,C02063700302004,血管介入治疗类材料,外周血管介入,导引导丝,导丝,合金,普通/0.018英寸/长度≤2.6m,乙类,95.66,
gz_nhsa_consumables_C02063700302005,C02063700302005,血管介入治疗类材料,外周血管介入,导引导丝,导丝,合金,普通/0.035英寸/长度＞2.6m,乙类,95.66,
gz_nhsa_consumables_C02063700302006,C02063700302006,血管介入治疗类材料,外周血管介入,导引导丝,导丝,合金,普通/0.035英寸/长度≤2.6m,乙类,161.70,
gz_nhsa_consumables_C02063700302008,C02063700302008,血管介入治疗类材料,外周血管介入,导引导丝,导丝,合金,普通/0.038英寸/长度≤2.6m,乙类,161.70,
gz_nhsa_consumables_C02063700302011,C02063700302011,血管介入治疗类材料,外周血管介入,导引导丝,导丝,合金,加硬/0.018英寸/长度＞2.6m,乙类,95.66,
gz_nhsa_consumables_C02063700302012,C02063700302012,血管介入治疗类材料,外周血管介入,导引导丝,导丝,合金,加硬/0.018英寸/长度≤2.6m,乙类,95.66,
gz_nhsa_consumables_C02063700302013,C02063700302013,血管介入治疗类材料,外周血管介入,导引导丝,导丝,合金,加硬/0.035英寸/长度＞2.6m,乙类,95.66,
gz_nhsa_consumables_C02063700302014,C02063700302014,血管介入治疗类材料,外周血管介入,导引导丝,导丝,合金,加硬/0.035英寸/长度≤2.6m,乙类,161.70,
gz_nhsa_consumables_C02063700302016,C02063700302016,血管介入治疗类材料,外周血管介入,导引导丝,导丝,合金,加硬/0.038英寸/长度≤2.6m,乙类,161.70,
gz_nhsa_consumables_C02063800301001,C02063800301001,血管介入治疗类材料,外周血管介入,微导丝,导丝,合金,头端直形/长度＜200cm,乙类,226.68,
gz_nhsa_consumables_C02063800301002,C02063800301002,血管介入治疗类材料,外周血管介入,微导丝,导丝,合金,头端直形/长度≥200cm,乙类,212.77,
gz_nhsa_consumables_C02063800301003,C02063800301003,血管介入治疗类材料,外周血管介入,微导丝,导丝,合金,头端预塑形/长度＜200cm,乙类,429.11,
gz_nhsa_consumables_C02063800301004,C02063800301004,血管介入治疗类材料,外周血管介入,微导丝,导丝,合金,头端预塑形/长度≥200cm,乙类,195.46,
gz_nhsa_consumables_C02063800302001,C02063800302001,血管介入治疗类材料,外周血管介入,微导丝,导丝,不锈钢,头端直形/长度＜200cm,乙类,982.03,
gz_nhsa_consumables_C02063800302002,C02063800302002,血管介入治疗类材料,外周血管介入,微导丝,导丝,不锈钢,头端直形/长度≥200cm,乙类,3383.24,
gz_nhsa_consumables_C02063800302003,C02063800302003,血管介入治疗类材料,外周血管介入,微导丝,导丝,不锈钢,头端预塑形/长度＜200cm,乙类,740.75,
gz_nhsa_consumables_C02063800302004,C02063800302004,血管介入治疗类材料,外周血管介入,微导丝,导丝,不锈钢,头端预塑形/长度≥200cm,乙类,3331.86,
gz_nhsa_consumables_C02063900300000,C02063900300000,血管介入治疗类材料,外周血管介入,外周血管其他导丝,导丝,不区分,常规,乙类,95.66,
gz_nhsa_consumables_C02064006501010,C02064006501010,血管介入治疗类材料,外周血管介入,外周动脉弹簧圈,栓塞材料,不锈钢,游离/形状3D/带纤维/D=0.035英,乙类,1316.45,
gz_nhsa_consumables_C02064006502001,C02064006502001,血管介入治疗类材料,外周血管介入,外周动脉弹簧圈,栓塞材料,合金,寸可控/形状3D/带纤维/D=0.018英,乙类,748.00,
gz_nhsa_consumables_C02064006502002,C02064006502002,血管介入治疗类材料,外周血管介入,外周动脉弹簧圈,栓塞材料,合金,寸可控/形状3D/带纤维/D=0.035英,乙类,4280.00,
gz_nhsa_consumables_C02064006502003,C02064006502003,血管介入治疗类材料,外周血管介入,外周动脉弹簧圈,栓塞材料,合金,寸可控/形状3D/不带纤维/D=0.018英寸,乙类,748.00,
gz_nhsa_consumables_C02064006502004,C02064006502004,血管介入治疗类材料,外周血管介入,外周动脉弹簧圈,栓塞材料,合金,可控/形状3D/不带纤维/D=0.035英寸,乙类,748.00,
gz_nhsa_consumables_C02064006502005,C02064006502005,血管介入治疗类材料,外周血管介入,外周动脉弹簧圈,栓塞材料,合金,可控/形状2D/带纤维/D=0.018英,乙类,4280.00,
gz_nhsa_consumables_C02064006502006,C02064006502006,血管介入治疗类材料,外周血管介入,外周动脉弹簧圈,栓塞材料,合金,寸可控/形状2D/带纤维/D=0.035英,乙类,4280.00,
gz_nhsa_consumables_C02064006502009,C02064006502009,血管介入治疗类材料,外周血管介入,外周动脉弹簧圈,栓塞材料,合金,寸游离/形状3D/带纤维/D=0.018英,乙类,1020.00,
gz_nhsa_consumables_C02064006502010,C02064006502010,血管介入治疗类材料,外周血管介入,外周动脉弹簧圈,栓塞材料,合金,寸游离/形状3D/带纤维/D=0.035英,乙类,1020.00,
gz_nhsa_consumables_C02064006502013,C02064006502013,血管介入治疗类材料,外周血管介入,外周动脉弹簧圈,栓塞材料,合金,游离/形状2D/带纤维/D=0.018英,乙类,1020.00,
gz_nhsa_consumables_C02064006502014,C02064006502014,血管介入治疗类材料,外周血管介入,外周动脉弹簧圈,栓塞材料,合金,寸游离/形状2D/带纤维/D=0.035英,乙类,1020.00,
gz_nhsa_consumables_C02064106501000,C02064106501000,血管介入治疗类材料,外周血管介入,栓塞材料,栓塞材料,明胶海绵,-常规,乙类,1190.70,
gz_nhsa_consumables_C02064106502000,C02064106502000,血管介入治疗类材料,外周血管介入,栓塞材料,栓塞材料,栓塞胶,常规,乙类,748.00,
gz_nhsa_consumables_C02064206501001,C02064206501001,血管介入治疗类材料,外周血管介入,栓塞微球,栓塞材料,空白微球,粒径≥100μm,乙类,1458.88,
gz_nhsa_consumables_C02064206501002,C02064206501002,血管介入治疗类材料,外周血管介入,栓塞微球,栓塞材料,空白微球,粒径＜100μm,乙类,1495.68,
gz_nhsa_consumables_C02064206502001,C02064206502001,血管介入治疗类材料,外周血管介入,栓塞微球,栓塞材料,载药微球,粒径≥100μm,乙类,14104.04,
gz_nhsa_consumables_C02064206502002,C02064206502002,血管介入治疗类材料,外周血管介入,栓塞微球,栓塞材料,载药微球,粒径＜100μm,乙类,25236.49,
gz_nhsa_consumables_C02064306500000,C02064306500000,血管介入治疗类材料,外周血管介入,血管塞,栓塞材料,不区分,常规,乙类,748.00,
gz_nhsa_consumables_C02064402600001,C02064402600001,血管介入治疗类材料,外周血管介入,经颈静脉肝内穿刺器,穿刺器,不区分,空芯型,乙类,5316.42,
gz_nhsa_consumables_C02064402600002,C02064402600002,血管介入治疗类材料,外周血管介入,经颈静脉肝内穿刺器,穿刺器,不区分,实芯型,乙类,5668.18,
gz_nhsa_consumables_C02064506801000,C02064506801000,血管介入治疗类材料,外周血管介入,静脉剥脱器,剥脱器,金属,常规,乙类,803.00,
gz_nhsa_consumables_C02064506802000,C02064506802000,血管介入治疗类材料,外周血管介入,静脉剥脱器,剥脱器,塑料,常规,乙类,1250.00,
gz_nhsa_consumables_C02064606900005,C02064606900005,血管介入治疗类材料,外周血管介入,血栓保护装置,血栓保护装置,不区分,远端/固定直径/固定导丝,乙类,15242.59,
gz_nhsa_consumables_C02064606900006,C02064606900006,血管介入治疗类材料,外周血管介入,血栓保护装置,血栓保护装置,不区分,远端/固定直径/非固定导丝,乙类,14751.31,
gz_nhsa_consumables_C02064606900007,C02064606900007,血管介入治疗类材料,外周血管介入,血栓保护装置,血栓保护装置,不区分,远端/自适应直径/固定导丝,乙类,15208.74,
gz_nhsa_consumables_C02064606900008,C02064606900008,血管介入治疗类材料,外周血管介入,血栓保护装置,血栓保护装置,不区分,远端/自适应直径/非固定导,乙类,15698.78,
gz_nhsa_consumables_C02064807100000,C02064807100000,血管介入治疗类材料,外周血管介入,CTO开通辅助器械,开通辅助器械,不区分,-常规,乙类,32.70,
gz_nhsa_consumables_C02065000200001,C02065000200001,血管介入治疗类材料,外周血管介入,静脉扩张球囊,球囊,不区分,非顺应性,乙类,7114.48,
gz_nhsa_consumables_C02070100400000,C02070100400000,血管介入治疗类材料,通用介入治疗材料,造影导管,导管,不区分,其他,乙类,609.00,
gz_nhsa_consumables_C02070100400006,C02070100400006,血管介入治疗类材料,通用介入治疗材料,造影导管,导管,不区分,标测,乙类,613.50,
gz_nhsa_consumables_C02070200400000,C02070200400000,血管介入治疗类材料,通用介入治疗材料,外周介入支撑辅助导管,导管,不区分,常规,乙类,5481.43,
gz_nhsa_consumables_C02070300401001,C02070300401001,血管介入治疗类材料,通用介入治疗材料,中心静脉导管,导管,聚氨酯,经中心静脉路入/前端瓣膜,乙类,109.90,
gz_nhsa_consumables_C02070300401003,C02070300401003,血管介入治疗类材料,通用介入治疗材料,中心静脉导管,导管,聚氨酯,经中心静脉路入/前端开口,乙类,96.60,
gz_nhsa_consumables_C02070300401004,C02070300401004,血管介入治疗类材料,通用介入治疗材料,中心静脉导管,导管,聚氨酯,经中心静脉路入/带心电导联定位,乙类,334.88,
gz_nhsa_consumables_C02070300401005,C02070300401005,血管介入治疗类材料,通用介入治疗材料,中心静脉导管,导管,聚氨酯,经外周静脉路入/前端瓣膜,乙类,498.00,
gz_nhsa_consumables_C02070300401006,C02070300401006,血管介入治疗类材料,通用介入治疗材料,中心静脉导管,导管,聚氨酯,经外周静脉路入/末端瓣膜,乙类,715.20,
gz_nhsa_consumables_C02070300401007,C02070300401007,血管介入治疗类材料,通用介入治疗材料,中心静脉导管,导管,聚氨酯,经外周静脉路入/前端开口,乙类,949.92,
gz_nhsa_consumables_C02070300401008,C02070300401008,血管介入治疗类材料,通用介入治疗材料,中心静脉导管,导管,聚氨酯,经外周静脉路入/带心电导联定位,乙类,326.60,
gz_nhsa_consumables_C02070300402005,C02070300402005,血管介入治疗类材料,通用介入治疗材料,中心静脉导管,导管,硅胶,经外周静脉路入/前端瓣膜,乙类,607.00,
gz_nhsa_consumables_C02070300402007,C02070300402007,血管介入治疗类材料,通用介入治疗材料,中心静脉导管,导管,硅胶,经外周静脉路入/前端开口,乙类,643.00,
gz_nhsa_consumables_C02070407200001,C02070407200001,血管介入治疗类材料,通用介入治疗材料,输液港,输液港,不区分,动脉型,乙类,2278.00,
gz_nhsa_consumables_C02070407200002,C02070407200002,血管介入治疗类材料,通用介入治疗材料,输液港,输液港,不区分,末端开口静脉型,乙类,1818.00,
gz_nhsa_consumables_C02070407200003,C02070407200003,血管介入治疗类材料,通用介入治疗材料,输液港,输液港,不区分,腹腔型,乙类,2278.00,
gz_nhsa_consumables_C02070407200004,C02070407200004,血管介入治疗类材料,通用介入治疗材料,输液港,输液港,不区分,瓣膜开口静脉型,乙类,2788.00,
gz_nhsa_consumables_C02070407200005,C02070407200005,血管介入治疗类材料,通用介入治疗材料,输液港,输液港,不区分,耐高压末端开口静脉型,乙类,1999.80,
gz_nhsa_consumables_C02070407200006,C02070407200006,血管介入治疗类材料,通用介入治疗材料,输液港,输液港,不区分,耐高压瓣膜开口静脉型,乙类,8104.02,
gz_nhsa_consumables_C02070500400001,C02070500400001,血管介入治疗类材料,通用介入治疗材料,中线导管,导管,不区分,耐高压/中长型≤12cm,乙类,877.69,
gz_nhsa_consumables_C02070500400003,C02070500400003,血管介入治疗类材料,通用介入治疗材料,中线导管,导管,不区分,不耐高压/中长型≤12cm,乙类,474.96,
gz_nhsa_consumables_C02070500400004,C02070500400004,血管介入治疗类材料,通用介入治疗材料,中线导管,导管,不区分,不耐高压/长型＞12cm,乙类,870.76,
gz_nhsa_consumables_C02070600300000,C02070600300000,血管介入治疗类材料,通用介入治疗材料,造影导丝,导丝,不区分,常规,乙类,164.63,
gz_nhsa_consumables_C02070700300000,C02070700300000,血管介入治疗类材料,通用介入治疗材料,弹簧圈推送导丝,导丝,不区分,常规,乙类,480.00,
gz_nhsa_consumables_C02070800300000,C02070800300000,血管介入治疗类材料,通用介入治疗材料,通用介入其他导丝,导丝,不区分,常规,乙类,165.00,
gz_nhsa_consumables_C02070901500001,C02070901500001,血管介入治疗类材料,通用介入治疗材料,外周血管介入鞘组,鞘管,不区分,带主动止血阀/普通鞘,乙类,79.98,
gz_nhsa_consumables_C02070901500002,C02070901500002,血管介入治疗类材料,通用介入治疗材料,外周血管介入鞘组,鞘管,不区分,带主动止血阀/封堵鞘,乙类,88.00,
gz_nhsa_consumables_C02070901500003,C02070901500003,血管介入治疗类材料,通用介入治疗材料,外周血管介入鞘组,鞘管,不区分,带被动止血阀/普通鞘,乙类,88.00,
gz_nhsa_consumables_C02070901500004,C02070901500004,血管介入治疗类材料,通用介入治疗材料,外周血管介入鞘组,鞘管,不区分,带被动止血阀/封堵鞘,乙类,1216.60,
gz_nhsa_consumables_C02070901500005,C02070901500005,血管介入治疗类材料,通用介入治疗材料,外周血管介入鞘组,鞘管,不区分,不带阀/普通鞘,乙类,284.70,
gz_nhsa_consumables_C02071001500000,C02071001500000,血管介入治疗类材料,通用介入治疗材料,血管鞘,鞘管,不区分,常规,乙类,285.50,
gz_nhsa_consumables_C02071102600001,C02071102600001,血管介入治疗类材料,通用介入治疗材料,穿刺针,穿刺器,不区分,超声引导穿刺,乙类,503.44,
gz_nhsa_consumables_C02071102600002,C02071102600002,血管介入治疗类材料,通用介入治疗材料,穿刺针,穿刺器,不区分,普通穿刺,乙类,33.05,
gz_nhsa_consumables_C02071207300001,C02071207300001,血管介入治疗类材料,通用介入治疗材料,血管止血装置,止血装置,不区分,缝合,乙类,1156.90,
gz_nhsa_consumables_C02071207300003,C02071207300003,血管介入治疗类材料,通用介入治疗材料,血管止血装置,止血装置,不区分,压迫,乙类,74.40,
gz_nhsa_consumables_C02071207300004,C02071207300004,血管介入治疗类材料,通用介入治疗材料,血管止血装置,止血装置,不区分,封堵,乙类,1285.00,
gz_nhsa_consumables_C02071407400001,C02071407400001,血管介入治疗类材料,通用介入治疗材料,抓捕器,抓捕器,不区分,单套圈,乙类,2520.17,
gz_nhsa_consumables_C02071407400002,C02071407400002,血管介入治疗类材料,通用介入治疗材料,抓捕器,抓捕器,不区分,多套圈,乙类,2525.00,
gz_nhsa_consumables_C02071507500000,C02071507500000,血管介入治疗类材料,通用介入治疗材料,自动造影剂注射套装,注射套装,不区分,常规,乙类,14.29,
gz_nhsa_consumables_C02071605400000,C02071605400000,血管介入治疗类材料,通用介入治疗材料,三连三通,介入附件,不区分,常规,乙类,32.00,
gz_nhsa_consumables_C02071705400000,C02071705400000,血管介入治疗类材料,通用介入治疗材料,环型注射器,介入附件,不区分,常规,乙类,26.40,
gz_nhsa_consumables_C02071805400000,C02071805400000,血管介入治疗类材料,通用介入治疗材料,Y接头,介入附件,不区分,常规,乙类,68.70,
gz_nhsa_consumables_C02072005400000,C02072005400000,血管介入治疗类材料,通用介入治疗材料,压力延长管,介入附件,不区分,常规,乙类,32.50,
gz_nhsa_consumables_C02072105400000,C02072105400000,血管介入治疗类材料,通用介入治疗材料,压力泵,介入附件,不区分,常规,乙类,634.81,
gz_nhsa_consumables_C02072205400000,C02072205400000,血管介入治疗类材料,通用介入治疗材料,高压注射筒,介入附件,不区分,常规,乙类,1274.69,
gz_nhsa_consumables_C03010107601001,C03010107601001,骨科材料,锚钉,带线锚钉,锚钉,钛合金,直径≤2mm,乙类,1614.00,
gz_nhsa_consumables_C03010107601002,C03010107601002,骨科材料,锚钉,带线锚钉,锚钉,钛合金,2＜直径≤6mm,乙类,1621.00,
gz_nhsa_consumables_C03010107601003,C03010107601003,骨科材料,锚钉,带线锚钉,锚钉,钛合金,直径＞6mm,乙类,1614.00,
gz_nhsa_consumables_C03010107602001,C03010107602001,骨科材料,锚钉,带线锚钉,锚钉,聚醚醚酮（PEEK）,直径≤2mm,乙类,1435.00,
gz_nhsa_consumables_C03010107602002,C03010107602002,骨科材料,锚钉,带线锚钉,锚钉,聚醚醚酮（PEEK）,2＜直径≤6mm,乙类,1755.00,
gz_nhsa_consumables_C03010107602003,C03010107602003,骨科材料,锚钉,带线锚钉,锚钉,聚醚醚酮（PEEK）,直径＞6mm,乙类,1711.00,
gz_nhsa_consumables_C03010107604001,C03010107604001,骨科材料,锚钉,带线锚钉,锚钉,复合材料,不可吸收/直径≤2mm,乙类,2175.00,
gz_nhsa_consumables_C03010107604002,C03010107604002,骨科材料,锚钉,带线锚钉,锚钉,复合材料,不可吸收/2＜直径≤6mm,乙类,2181.00,
gz_nhsa_consumables_C03010107604003,C03010107604003,骨科材料,锚钉,带线锚钉,锚钉,复合材料,不可吸收/直径＞6mm,乙类,974.00,
gz_nhsa_consumables_C03010107604004,C03010107604004,骨科材料,锚钉,带线锚钉,锚钉,复合材料,可吸收/直径≤2mm,乙类,1687.00,
gz_nhsa_consumables_C03010107604005,C03010107604005,骨科材料,锚钉,带线锚钉,锚钉,复合材料,可吸收/2＜直径≤6mm,乙类,1863.00,
gz_nhsa_consumables_C03010107604006,C03010107604006,骨科材料,锚钉,带线锚钉,锚钉,复合材料,可吸收/直径＞,乙类,1863.00,
gz_nhsa_consumables_C03010207601001,C03010207601001,骨科材料,锚钉,非带线锚钉,锚钉,钛合金,-m直m径≤2mm,乙类,1359.00,
gz_nhsa_consumables_C03010207601002,C03010207601002,骨科材料,锚钉,非带线锚钉,锚钉,钛合金,2＜直径≤6mm,乙类,1618.00,
gz_nhsa_consumables_C03010207602002,C03010207602002,骨科材料,锚钉,非带线锚钉,锚钉,聚醚醚酮（PEEK）,2＜直径≤6mm,乙类,1747.00,
gz_nhsa_consumables_C03010207604005,C03010207604005,骨科材料,锚钉,非带线锚钉,锚钉,复合材料,可吸收/2＜直径≤6mm,乙类,1812.00,
gz_nhsa_consumables_C03020107700000,C03020107700000,骨科材料,人工韧带系统,膝关节用人工韧带,人工韧带,不区分,常规,乙类,16172.00,
gz_nhsa_consumables_C03020207700000,C03020207700000,骨科材料,人工韧带系统,小关节用人工韧带,人工韧带,不区分,常规,乙类,16172.00,
gz_nhsa_consumables_C03020307700000,C03020307700000,骨科材料,人工韧带系统,肩关节用人工韧带,人工韧带,不区分,常规,乙类,16172.00,
gz_nhsa_consumables_C03020407700000,C03020407700000,骨科材料,人工韧带系统,其他关节用人工韧带,人工韧带,不区分,常规,乙类,16172.00,
gz_nhsa_consumables_C03020507800000,C03020507800000,骨科材料,人工韧带系统,人工韧带固定钉,固定钉,不区分,常规,乙类,906.00,
gz_nhsa_consumables_C03030107801001,C03030107801001,骨科材料,固定钉,界面固定钉,固定钉,钛合金,普通界面螺钉/直径＜6mm,乙类,808.00,
gz_nhsa_consumables_C03030107801002,C03030107801002,骨科材料,固定钉,界面固定钉,固定钉,钛合金,普通界面螺钉/直径≥6.0mm,乙类,808.00,
gz_nhsa_consumables_C03030107802001,C03030107802001,骨科材料,固定钉,界面固定钉,固定钉,聚醚醚酮（PEEK）,普通界面螺钉/直径＜6mm,乙类,1329.00,
gz_nhsa_consumables_C03030107802002,C03030107802002,骨科材料,固定钉,界面固定钉,固定钉,聚醚醚酮（PEEK）,普通界面螺钉/直径≥6.0mm,乙类,1868.00,
gz_nhsa_consumables_C03030107802004,C03030107802004,骨科材料,固定钉,界面固定钉,固定钉,聚醚醚酮（PEEK）,带鞘界面螺钉/直径≥6.0mm,乙类,1869.00,
gz_nhsa_consumables_C03030107803001,C03030107803001,骨科材料,固定钉,界面固定钉,固定钉,复合材料,普通界面螺钉/可吸收/直径＜6mm,乙类,1378.00,
gz_nhsa_consumables_C03030107803002,C03030107803002,骨科材料,固定钉,界面固定钉,固定钉,复合材料,普通界面螺钉/可吸收/直径≥6.0mm,乙类,1378.00,
gz_nhsa_consumables_C03030107803004,C03030107803004,骨科材料,固定钉,界面固定钉,固定钉,复合材料,带鞘界面螺钉/可吸收/直径≥6.0mm,乙类,1899.00,
gz_nhsa_consumables_C03030107803008,C03030107803008,骨科材料,固定钉,界面固定钉,固定钉,复合材料,带鞘界面螺钉/不可吸收/直径≥6.0mm,乙类,1329.00,
gz_nhsa_consumables_C03030207800002,C03030207800002,骨科材料,固定钉,横穿固定钉,固定钉,不区分,生物可吸收,乙类,5130.49,
gz_nhsa_consumables_C03030407800001,C03030407800001,骨科材料,固定钉,软组织固定钉,固定钉,不区分,带齿,乙类,910.00,
gz_nhsa_consumables_C03030407800002,C03030407800002,骨科材料,固定钉,软组织固定钉,固定钉,不区分,无齿,乙类,910.00,
gz_nhsa_consumables_C03050107901001,C03050107901001,骨科材料,拉力钉,空心拉力螺钉,螺钉,不锈钢,灭菌,乙类,148.17,
gz_nhsa_consumables_C03050107901002,C03050107901002,骨科材料,拉力钉,空心拉力螺钉,螺钉,不锈钢,非灭菌,乙类,200.00,
gz_nhsa_consumables_C03050107903001,C03050107903001,骨科材料,拉力钉,空心拉力螺钉,螺钉,钛合金,灭菌,乙类,550.00,
gz_nhsa_consumables_C03050107903002,C03050107903002,骨科材料,拉力钉,空心拉力螺钉,螺钉,钛合金,非灭菌,乙类,1116.00,
gz_nhsa_consumables_C03050207901001,C03050207901001,骨科材料,拉力钉,非空心拉力螺钉,螺钉,不锈钢,灭菌,乙类,41.00,
gz_nhsa_consumables_C03050207901002,C03050207901002,骨科材料,拉力钉,非空心拉力螺钉,螺钉,不锈钢,非灭菌,乙类,348.00,
gz_nhsa_consumables_C03050207903001,C03050207903001,骨科材料,拉力钉,非空心拉力螺钉,螺钉,钛合金,灭菌,乙类,700.00,
gz_nhsa_consumables_C03050207903002,C03050207903002,骨科材料,拉力钉,非空心拉力螺钉,螺钉,钛合金,非灭菌,乙类,1116.00,
gz_nhsa_consumables_C03060108000000,C03060108000000,骨科材料,固定板,可调式固定板,固定板,不区分,常规,乙类,2108.00,
gz_nhsa_consumables_C03060208000000,C03060208000000,骨科材料,固定板,不可调式固定板,固定板,不区分,常规,乙类,1716.00,
gz_nhsa_consumables_C03070108100001,C03070108100001,骨科材料,半月板修复移植系统,半月板修复系统,修复材料,不区分,全内,乙类,1555.00,
gz_nhsa_consumables_C03070108100002,C03070108100002,骨科材料,半月板修复移植系统,半月板修复系统,修复材料,不区分,非全内,乙类,1555.00,
gz_nhsa_consumables_C03070308100000,C03070308100000,骨科材料,半月板修复移植系统,半月板施钉器,修复材料,不区分,常规,乙类,300.00,
gz_nhsa_consumables_C03070408100000,C03070408100000,骨科材料,半月板修复移植系统,半月板移植系统,修复材料,不区分,常规,乙类,1555.00,
gz_nhsa_consumables_C03080108100000,C03080108100000,骨科材料,关节镜配套系统,修复用缝线,修复材料,不区分,常规,乙类,1055.00,
gz_nhsa_consumables_C03080408400000,C03080408400000,骨科材料,关节镜配套系统,射频系统,射频系统,不区分,常规,乙类,2777.25,
gz_nhsa_consumables_C03100123300003,C03100123300003,骨科材料,其他微创材料,其他微创材料,内窥镜手术器械,不区分,内窥镜手术器械,乙类,6959.81,
gz_nhsa_consumables_C03110108001004,C03110108001004,骨科材料,接骨板,胸骨接骨板,固定板,不锈钢,普通/不含紧急释放钉/非灭,乙类,1089.00,
gz_nhsa_consumables_C03110108001006,C03110108001006,骨科材料,接骨板,胸骨接骨板,固定板,不锈钢,锁菌定加压/含紧急释放钉/非,乙类,1022.00,
gz_nhsa_consumables_C03110108002003,C03110108002003,骨科材料,接骨板,胸骨接骨板,固定板,纯钛,-普菌通/不含紧急释放钉/灭菌,乙类,1089.00,
gz_nhsa_consumables_C03110108002004,C03110108002004,骨科材料,接骨板,胸骨接骨板,固定板,纯钛,普通/不含紧急释放钉/非灭,乙类,1089.00,
gz_nhsa_consumables_C03110108002005,C03110108002005,骨科材料,接骨板,胸骨接骨板,固定板,纯钛,锁菌定加压/含紧急释放钉/灭,乙类,1089.00,
gz_nhsa_consumables_C03110108002006,C03110108002006,骨科材料,接骨板,胸骨接骨板,固定板,纯钛,锁菌定加压/含紧急释放钉/非,乙类,1247.00,
gz_nhsa_consumables_C03110108002007,C03110108002007,骨科材料,接骨板,胸骨接骨板,固定板,纯钛,-锁菌定加压/不含紧急释放钉/,乙类,1416.00,
gz_nhsa_consumables_C03110108002008,C03110108002008,骨科材料,接骨板,胸骨接骨板,固定板,纯钛,-锁菌定加压/不含紧急释放钉/非灭菌,乙类,1416.00,
gz_nhsa_consumables_C03110108003003,C03110108003003,骨科材料,接骨板,胸骨接骨板,固定板,钛合金,普通/不含紧急释放钉/灭菌,乙类,1465.00,
gz_nhsa_consumables_C03110108003004,C03110108003004,骨科材料,接骨板,胸骨接骨板,固定板,钛合金,普通/不含紧急释放钉/非灭,乙类,1465.00,
gz_nhsa_consumables_C03110208001001,C03110208001001,骨科材料,接骨板,肋骨接骨板,固定板,不锈钢,菌普通/灭菌,乙类,3458.15,
gz_nhsa_consumables_C03110208002001,C03110208002001,骨科材料,接骨板,肋骨接骨板,固定板,纯钛,普通/灭菌,乙类,1003.00,
gz_nhsa_consumables_C03110208002002,C03110208002002,骨科材料,接骨板,肋骨接骨板,固定板,纯钛,普通/非灭菌,乙类,1018.00,
gz_nhsa_consumables_C03110208002004,C03110208002004,骨科材料,接骨板,肋骨接骨板,固定板,纯钛,锁定加压/非灭菌,乙类,1436.00,
gz_nhsa_consumables_C03110208002006,C03110208002006,骨科材料,接骨板,肋骨接骨板,固定板,纯钛,万向锁定加压/非灭菌,乙类,1098.28,
gz_nhsa_consumables_C03110208003001,C03110208003001,骨科材料,接骨板,肋骨接骨板,固定板,钛合金,普通/灭菌,乙类,1062.00,
gz_nhsa_consumables_C03110208003002,C03110208003002,骨科材料,接骨板,肋骨接骨板,固定板,钛合金,普通/非灭菌,乙类,1062.00,
gz_nhsa_consumables_C03110208003003,C03110208003003,骨科材料,接骨板,肋骨接骨板,固定板,钛合金,锁定加压/灭菌,乙类,1367.00,
gz_nhsa_consumables_C03110208003004,C03110208003004,骨科材料,接骨板,肋骨接骨板,固定板,钛合金,锁定加压/非灭菌,乙类,1367.00,
gz_nhsa_consumables_C03110208003006,C03110208003006,骨科材料,接骨板,肋骨接骨板,固定板,钛合金,万向锁定加压/非灭菌,乙类,780.00,
gz_nhsa_consumables_C03110308001002,C03110308001002,骨科材料,接骨板,锁骨接骨板,固定板,不锈钢,普通/外侧前方/非灭菌,乙类,578.00,
gz_nhsa_consumables_C03110308001004,C03110308001004,骨科材料,接骨板,锁骨接骨板,固定板,不锈钢,普通/外侧上方/非灭菌,乙类,670.00,
gz_nhsa_consumables_C03110308001006,C03110308001006,骨科材料,接骨板,锁骨接骨板,固定板,不锈钢,普通/中段前方/非灭菌,乙类,703.00,
gz_nhsa_consumables_C03110308001007,C03110308001007,骨科材料,接骨板,锁骨接骨板,固定板,不锈钢,普通/中段上方/,乙类,1170.00,
gz_nhsa_consumables_C03110308001008,C03110308001008,骨科材料,接骨板,锁骨接骨板,固定板,不锈钢,-普菌通/中段上方/非灭菌,乙类,804.00,
gz_nhsa_consumables_C03110308001018,C03110308001018,骨科材料,接骨板,锁骨接骨板,固定板,不锈钢,锁定加压/外侧前方/非灭菌,乙类,1070.72,
gz_nhsa_consumables_C03110308001019,C03110308001019,骨科材料,接骨板,锁骨接骨板,固定板,不锈钢,锁定加压/外侧上方/灭菌,乙类,402.19,
gz_nhsa_consumables_C03110308001020,C03110308001020,骨科材料,接骨板,锁骨接骨板,固定板,不锈钢,锁定加压/外侧上方/非灭菌,乙类,807.00,
gz_nhsa_consumables_C03110308001022,C03110308001022,骨科材料,接骨板,锁骨接骨板,固定板,不锈钢,锁定加压/中段前方/非灭菌,乙类,807.00,
gz_nhsa_consumables_C03110308001024,C03110308001024,骨科材料,接骨板,锁骨接骨板,固定板,不锈钢,锁定加压/中段上方/非灭菌,乙类,807.00,
gz_nhsa_consumables_C03110308001028,C03110308001028,骨科材料,接骨板,锁骨接骨板,固定板,不锈钢,锁定加压/内侧上方/非灭菌,乙类,807.00,
gz_nhsa_consumables_C03110308002001,C03110308002001,骨科材料,接骨板,锁骨接骨板,固定板,纯钛,普通/外侧前方/,乙类,6143.64,
gz_nhsa_consumables_C03110308002002,C03110308002002,骨科材料,接骨板,锁骨接骨板,固定板,纯钛,-普菌通/外侧前方/非灭菌,乙类,1014.00,
gz_nhsa_consumables_C03110308002003,C03110308002003,骨科材料,接骨板,锁骨接骨板,固定板,纯钛,普通/外侧上方/,乙类,1170.00,
gz_nhsa_consumables_C03110308002004,C03110308002004,骨科材料,接骨板,锁骨接骨板,固定板,纯钛,-普菌通/外侧上方/非灭菌,乙类,1032.00,
gz_nhsa_consumables_C03110308002005,C03110308002005,骨科材料,接骨板,锁骨接骨板,固定板,纯钛,普通/中段前方/,乙类,1170.00,
gz_nhsa_consumables_C03110308002006,C03110308002006,骨科材料,接骨板,锁骨接骨板,固定板,纯钛,-普菌通/中段前方/非灭菌,乙类,1002.00,
gz_nhsa_consumables_C03110308002007,C03110308002007,骨科材料,接骨板,锁骨接骨板,固定板,纯钛,普通/中段上方/,乙类,1170.00,
gz_nhsa_consumables_C03110308002008,C03110308002008,骨科材料,接骨板,锁骨接骨板,固定板,纯钛,-普菌通/中段上方/非灭菌,乙类,1032.00,
gz_nhsa_consumables_C03110308002010,C03110308002010,骨科材料,接骨板,锁骨接骨板,固定板,纯钛,普通/内侧前方/非灭菌,乙类,849.00,
gz_nhsa_consumables_C03110308002012,C03110308002012,骨科材料,接骨板,锁骨接骨板,固定板,纯钛,普通/内侧上方/非灭菌,乙类,910.00,
gz_nhsa_consumables_C03110308002014,C03110308002014,骨科材料,接骨板,锁骨接骨板,固定板,纯钛,普通/内侧下方/非灭菌,乙类,1019.00,
gz_nhsa_consumables_C03110308002017,C03110308002017,骨科材料,接骨板,锁骨接骨板,固定板,纯钛,锁定加压/外侧前方/灭菌,乙类,1095.00,
gz_nhsa_consumables_C03110308002018,C03110308002018,骨科材料,接骨板,锁骨接骨板,固定板,纯钛,锁定加压/外侧前方/非灭菌,乙类,1111.00,
gz_nhsa_consumables_C03110308002019,C03110308002019,骨科材料,接骨板,锁骨接骨板,固定板,纯钛,锁定加压/外侧上方/灭菌,乙类,1095.00,
gz_nhsa_consumables_C03110308002020,C03110308002020,骨科材料,接骨板,锁骨接骨板,固定板,纯钛,锁定加压/外侧上方/非灭菌,乙类,1194.00,
gz_nhsa_consumables_C03110308002021,C03110308002021,骨科材料,接骨板,锁骨接骨板,固定板,纯钛,锁定加压/中段前方/灭菌,乙类,1095.00,
gz_nhsa_consumables_C03110308002022,C03110308002022,骨科材料,接骨板,锁骨接骨板,固定板,纯钛,锁定加压/中段前方/非灭菌,乙类,1116.00,
gz_nhsa_consumables_C03110308002023,C03110308002023,骨科材料,接骨板,锁骨接骨板,固定板,纯钛,锁定加压/中段上方/灭菌,乙类,996.00,
gz_nhsa_consumables_C03110308002024,C03110308002024,骨科材料,接骨板,锁骨接骨板,固定板,纯钛,锁定加压/中段上方/非灭菌,乙类,1155.00,
gz_nhsa_consumables_C03110308002025,C03110308002025,骨科材料,接骨板,锁骨接骨板,固定板,纯钛,锁定加压/内侧前方/灭菌,乙类,560.00,
gz_nhsa_consumables_C03110308002026,C03110308002026,骨科材料,接骨板,锁骨接骨板,固定板,纯钛,锁定加压/内侧前方/非灭菌,乙类,1111.00,
gz_nhsa_consumables_C03110308002027,C03110308002027,骨科材料,接骨板,锁骨接骨板,固定板,纯钛,锁定加压/内侧上方/灭菌,乙类,488.00,
gz_nhsa_consumables_C03110308002028,C03110308002028,骨科材料,接骨板,锁骨接骨板,固定板,纯钛,锁定加压/内侧上方/非灭菌,乙类,1116.00,
gz_nhsa_consumables_C03110308002030,C03110308002030,骨科材料,接骨板,锁骨接骨板,固定板,纯钛,锁定加压/内侧下方/非灭菌,乙类,1114.00,
gz_nhsa_consumables_C03110308002032,C03110308002032,骨科材料,接骨板,锁骨接骨板,固定板,纯钛,锁定加压/外侧下方/非灭菌,乙类,1061.00,
gz_nhsa_consumables_C03110308002034,C03110308002034,骨科材料,接骨板,锁骨接骨板,固定板,纯钛,万向锁定加压/外侧前方/非,乙类,1061.00,
gz_nhsa_consumables_C03110308002036,C03110308002036,骨科材料,接骨板,锁骨接骨板,固定板,纯钛,-万菌向锁定加压/外侧上方/非,乙类,1155.00,
gz_nhsa_consumables_C03110308002037,C03110308002037,骨科材料,接骨板,锁骨接骨板,固定板,纯钛,-万菌向锁定加压/中段前方/灭,乙类,1095.00,
gz_nhsa_consumables_C03110308002038,C03110308002038,骨科材料,接骨板,锁骨接骨板,固定板,纯钛,万菌向锁定加压/中段前方/非,乙类,1116.00,
gz_nhsa_consumables_C03110308002040,C03110308002040,骨科材料,接骨板,锁骨接骨板,固定板,纯钛,-万菌向锁定加压/中段上方/非,乙类,1155.00,
gz_nhsa_consumables_C03110308002042,C03110308002042,骨科材料,接骨板,锁骨接骨板,固定板,纯钛,-万菌向锁定加压/内侧前方/非,乙类,1116.00,
gz_nhsa_consumables_C03110308002044,C03110308002044,骨科材料,接骨板,锁骨接骨板,固定板,纯钛,-万菌向锁定加压/内侧上方/非,乙类,1116.00,
gz_nhsa_consumables_C03110308002046,C03110308002046,骨科材料,接骨板,锁骨接骨板,固定板,纯钛,万向锁定加压/内侧下方/非,乙类,1114.00,
gz_nhsa_consumables_C03110308002048,C03110308002048,骨科材料,接骨板,锁骨接骨板,固定板,纯钛,-万菌向锁定加压/外侧下方/非,乙类,1061.00,
gz_nhsa_consumables_C03110308003002,C03110308003002,骨科材料,接骨板,锁骨接骨板,固定板,钛合金,-普菌通/外侧前方/非灭菌,乙类,859.00,
gz_nhsa_consumables_C03110308003004,C03110308003004,骨科材料,接骨板,锁骨接骨板,固定板,钛合金,普通/外侧上方/非灭菌,乙类,927.00,
gz_nhsa_consumables_C03110308003006,C03110308003006,骨科材料,接骨板,锁骨接骨板,固定板,钛合金,普通/中段前方/非灭菌,乙类,1099.00,
gz_nhsa_consumables_C03110308003007,C03110308003007,骨科材料,接骨板,锁骨接骨板,固定板,钛合金,普通/中段上方/,乙类,1099.00,
gz_nhsa_consumables_C03110308003008,C03110308003008,骨科材料,接骨板,锁骨接骨板,固定板,钛合金,-普菌通/中段上方/非灭菌,乙类,1099.00,
gz_nhsa_consumables_C03110308003012,C03110308003012,骨科材料,接骨板,锁骨接骨板,固定板,钛合金,普通/内侧上方/非灭菌,乙类,927.00,
gz_nhsa_consumables_C03110308003017,C03110308003017,骨科材料,接骨板,锁骨接骨板,固定板,钛合金,锁定加压/外侧前方/灭菌,乙类,1170.00,
gz_nhsa_consumables_C03110308003018,C03110308003018,骨科材料,接骨板,锁骨接骨板,固定板,钛合金,锁定加压/外侧前方/非灭菌,乙类,617.00,
gz_nhsa_consumables_C03110308003019,C03110308003019,骨科材料,接骨板,锁骨接骨板,固定板,钛合金,锁定加压/外侧上方/灭菌,乙类,580.00,
gz_nhsa_consumables_C03110308003020,C03110308003020,骨科材料,接骨板,锁骨接骨板,固定板,钛合金,锁定加压/外侧上方/非灭菌,乙类,1102.00,
gz_nhsa_consumables_C03110308003021,C03110308003021,骨科材料,接骨板,锁骨接骨板,固定板,钛合金,锁定加压/中段前方/灭菌,乙类,469.00,
gz_nhsa_consumables_C03110308003022,C03110308003022,骨科材料,接骨板,锁骨接骨板,固定板,钛合金,锁定加压/中段前方/非灭菌,乙类,1102.00,
gz_nhsa_consumables_C03110308003023,C03110308003023,骨科材料,接骨板,锁骨接骨板,固定板,钛合金,锁定加压/中段上方/灭菌,乙类,580.00,
gz_nhsa_consumables_C03110308003024,C03110308003024,骨科材料,接骨板,锁骨接骨板,固定板,钛合金,锁定加压/中段上方/非灭菌,乙类,1102.00,
gz_nhsa_consumables_C03110308003026,C03110308003026,骨科材料,接骨板,锁骨接骨板,固定板,钛合金,锁定加压/内侧前方/非灭菌,乙类,838.33,
gz_nhsa_consumables_C03110308003028,C03110308003028,骨科材料,接骨板,锁骨接骨板,固定板,钛合金,锁定加压/内侧上方/非灭菌,乙类,212.00,
gz_nhsa_consumables_C03110308003032,C03110308003032,骨科材料,接骨板,锁骨接骨板,固定板,钛合金,锁定加压/外侧下方/非灭菌,乙类,1047.00,
gz_nhsa_consumables_C03110308003034,C03110308003034,骨科材料,接骨板,锁骨接骨板,固定板,钛合金,万向锁定加压/外侧前方/非,乙类,1075.00,
gz_nhsa_consumables_C03110308003035,C03110308003035,骨科材料,接骨板,锁骨接骨板,固定板,钛合金,-万菌向锁定加压/外侧上方/灭,乙类,580.00,
gz_nhsa_consumables_C03110308003036,C03110308003036,骨科材料,接骨板,锁骨接骨板,固定板,钛合金,万菌向锁定加压/外侧上方/非,乙类,1102.00,
gz_nhsa_consumables_C03110308003038,C03110308003038,骨科材料,接骨板,锁骨接骨板,固定板,钛合金,-万菌向锁定加压/中段前方/非,乙类,624.00,
gz_nhsa_consumables_C03110308003040,C03110308003040,骨科材料,接骨板,锁骨接骨板,固定板,钛合金,-万菌向锁定加压/中段上方/非,乙类,580.00,
gz_nhsa_consumables_C03110308003044,C03110308003044,骨科材料,接骨板,锁骨接骨板,固定板,钛合金,-万菌向锁定加压/内侧上方/非,乙类,212.00,
gz_nhsa_consumables_C03110408001002,C03110408001002,骨科材料,接骨板,肱骨接骨板,固定板,不锈钢,-普菌通/近端/非灭,乙类,842.00,
gz_nhsa_consumables_C03110408001003,C03110408001003,骨科材料,接骨板,肱骨接骨板,固定板,不锈钢,普通/干部/灭菌,乙类,866.20,
gz_nhsa_consumables_C03110408001004,C03110408001004,骨科材料,接骨板,肱骨接骨板,固定板,不锈钢,普通/干部/非灭,乙类,842.00,
gz_nhsa_consumables_C03110408001006,C03110408001006,骨科材料,接骨板,肱骨接骨板,固定板,不锈钢,菌普通/远端/非灭,乙类,842.00,
gz_nhsa_consumables_C03110408001008,C03110408001008,骨科材料,接骨板,肱骨接骨板,固定板,不锈钢,锁菌定加压/近端/非灭菌,乙类,858.00,
gz_nhsa_consumables_C03110408001010,C03110408001010,骨科材料,接骨板,肱骨接骨板,固定板,不锈钢,锁定加压/干部/非灭菌,乙类,858.00,
gz_nhsa_consumables_C03110408001012,C03110408001012,骨科材料,接骨板,肱骨接骨板,固定板,不锈钢,锁定加压/远端/非灭菌,乙类,858.00,
gz_nhsa_consumables_C03110408002002,C03110408002002,骨科材料,接骨板,肱骨接骨板,固定板,纯钛,普通/近端/非灭,乙类,1079.00,
gz_nhsa_consumables_C03110408002003,C03110408002003,骨科材料,接骨板,肱骨接骨板,固定板,纯钛,菌普通/干部/灭菌,乙类,986.00,
gz_nhsa_consumables_C03110408002004,C03110408002004,骨科材料,接骨板,肱骨接骨板,固定板,纯钛,普通/干部/非灭,乙类,1066.00,
gz_nhsa_consumables_C03110408002005,C03110408002005,骨科材料,接骨板,肱骨接骨板,固定板,纯钛,菌普通/远端/灭菌,乙类,1155.00,
gz_nhsa_consumables_C03110408002006,C03110408002006,骨科材料,接骨板,肱骨接骨板,固定板,纯钛,普通/远端/非灭,乙类,1079.00,
gz_nhsa_consumables_C03110408002007,C03110408002007,骨科材料,接骨板,肱骨接骨板,固定板,纯钛,锁菌定加压/近端/灭菌,乙类,1162.00,
gz_nhsa_consumables_C03110408002008,C03110408002008,骨科材料,接骨板,肱骨接骨板,固定板,纯钛,锁定加压/近端/非灭菌,乙类,1261.00,
gz_nhsa_consumables_C03110408002009,C03110408002009,骨科材料,接骨板,肱骨接骨板,固定板,纯钛,锁定加压/干部/灭菌,乙类,1162.00,
gz_nhsa_consumables_C03110408002010,C03110408002010,骨科材料,接骨板,肱骨接骨板,固定板,纯钛,锁定加压/干部/非灭菌,乙类,1261.00,
gz_nhsa_consumables_C03110408002011,C03110408002011,骨科材料,接骨板,肱骨接骨板,固定板,纯钛,锁定加压/远端/灭菌,乙类,1162.00,
gz_nhsa_consumables_C03110408002012,C03110408002012,骨科材料,接骨板,肱骨接骨板,固定板,纯钛,锁定加压/远端/非灭菌,乙类,1261.00,
gz_nhsa_consumables_C03110408002013,C03110408002013,骨科材料,接骨板,肱骨接骨板,固定板,纯钛,万向锁定加压/近端/灭菌,乙类,1162.00,
gz_nhsa_consumables_C03110408002014,C03110408002014,骨科材料,接骨板,肱骨接骨板,固定板,纯钛,万向锁定加压/近端/非灭菌,乙类,1222.00,
gz_nhsa_consumables_C03110408002015,C03110408002015,骨科材料,接骨板,肱骨接骨板,固定板,纯钛,万向锁定加压/干部/灭菌,乙类,1162.00,
gz_nhsa_consumables_C03110408002016,C03110408002016,骨科材料,接骨板,肱骨接骨板,固定板,纯钛,万向锁定加压/干部/非灭菌,乙类,1182.00,
gz_nhsa_consumables_C03110408002017,C03110408002017,骨科材料,接骨板,肱骨接骨板,固定板,纯钛,万向锁定加压/远端/灭菌,乙类,1162.00,
gz_nhsa_consumables_C03110408002018,C03110408002018,骨科材料,接骨板,肱骨接骨板,固定板,纯钛,万向锁定加压/远端/非灭菌,乙类,1222.00,
gz_nhsa_consumables_C03110408003002,C03110408003002,骨科材料,接骨板,肱骨接骨板,固定板,钛合金,普通/近端/非灭,乙类,1146.00,
gz_nhsa_consumables_C03110408003003,C03110408003003,骨科材料,接骨板,肱骨接骨板,固定板,钛合金,菌普通/干部/灭菌,乙类,1146.00,
gz_nhsa_consumables_C03110408003004,C03110408003004,骨科材料,接骨板,肱骨接骨板,固定板,钛合金,普通/干部/非灭,乙类,1146.00,
gz_nhsa_consumables_C03110408003006,C03110408003006,骨科材料,接骨板,肱骨接骨板,固定板,钛合金,菌普通/远端/非灭,乙类,972.00,
gz_nhsa_consumables_C03110408003007,C03110408003007,骨科材料,接骨板,肱骨接骨板,固定板,钛合金,锁菌定加压/近端/灭菌,乙类,647.00,
gz_nhsa_consumables_C03110408003008,C03110408003008,骨科材料,接骨板,肱骨接骨板,固定板,钛合金,锁定加压/近端/非灭菌,乙类,1167.00,
gz_nhsa_consumables_C03110408003010,C03110408003010,骨科材料,接骨板,肱骨接骨板,固定板,钛合金,锁定加压/干部/非灭菌,乙类,1167.00,
gz_nhsa_consumables_C03110408003012,C03110408003012,骨科材料,接骨板,肱骨接骨板,固定板,钛合金,锁定加压/远端/非灭菌,乙类,1167.00,
gz_nhsa_consumables_C03110408003014,C03110408003014,骨科材料,接骨板,肱骨接骨板,固定板,钛合金,万向锁定加压/近端/非灭菌,乙类,1138.00,
gz_nhsa_consumables_C03110408003016,C03110408003016,骨科材料,接骨板,肱骨接骨板,固定板,钛合金,万向锁定加压/干部/非灭菌,乙类,1138.00,
gz_nhsa_consumables_C03110408003018,C03110408003018,骨科材料,接骨板,肱骨接骨板,固定板,钛合金,万向锁定加压/远端/非灭菌,乙类,1167.00,
gz_nhsa_consumables_C03110508001002,C03110508001002,骨科材料,接骨板,尺骨接骨板,固定板,不锈钢,普通/近端/非灭,乙类,844.00,
gz_nhsa_consumables_C03110508001004,C03110508001004,骨科材料,接骨板,尺骨接骨板,固定板,不锈钢,菌普通/干部/非灭,乙类,844.00,
gz_nhsa_consumables_C03110508001008,C03110508001008,骨科材料,接骨板,尺骨接骨板,固定板,不锈钢,锁菌定加压/近端/非灭菌,乙类,896.00,
gz_nhsa_consumables_C03110508001012,C03110508001012,骨科材料,接骨板,尺骨接骨板,固定板,不锈钢,锁定加压/远端/非灭菌,乙类,2837.83,
gz_nhsa_consumables_C03110508002001,C03110508002001,骨科材料,接骨板,尺骨接骨板,固定板,纯钛,普通/近端/灭菌,乙类,762.00,
gz_nhsa_consumables_C03110508002002,C03110508002002,骨科材料,接骨板,尺骨接骨板,固定板,纯钛,普通/近端/非灭,乙类,1082.00,
gz_nhsa_consumables_C03110508002003,C03110508002003,骨科材料,接骨板,尺骨接骨板,固定板,纯钛,菌普通/干部/灭菌,乙类,793.83,
gz_nhsa_consumables_C03110508002004,C03110508002004,骨科材料,接骨板,尺骨接骨板,固定板,纯钛,普通/干部/非灭,乙类,1062.00,
gz_nhsa_consumables_C03110508002006,C03110508002006,骨科材料,接骨板,尺骨接骨板,固定板,纯钛,菌普通/远端/非灭,乙类,1062.00,
gz_nhsa_consumables_C03110508002007,C03110508002007,骨科材料,接骨板,尺骨接骨板,固定板,纯钛,锁菌定加压/近端/灭菌,乙类,1213.00,
gz_nhsa_consumables_C03110508002008,C03110508002008,骨科材料,接骨板,尺骨接骨板,固定板,纯钛,锁定加压/近端/非灭菌,乙类,1274.00,
gz_nhsa_consumables_C03110508002009,C03110508002009,骨科材料,接骨板,尺骨接骨板,固定板,纯钛,锁定加压/干部/灭菌,乙类,1213.00,
gz_nhsa_consumables_C03110508002010,C03110508002010,骨科材料,接骨板,尺骨接骨板,固定板,纯钛,锁定加压/干部/非灭菌,乙类,1313.00,
gz_nhsa_consumables_C03110508002011,C03110508002011,骨科材料,接骨板,尺骨接骨板,固定板,纯钛,锁定加压/远端/灭菌,乙类,1115.00,
gz_nhsa_consumables_C03110508002012,C03110508002012,骨科材料,接骨板,尺骨接骨板,固定板,纯钛,锁定加压/远端/非灭菌,乙类,1313.00,
gz_nhsa_consumables_C03110508002013,C03110508002013,骨科材料,接骨板,尺骨接骨板,固定板,纯钛,万向锁定加压/近端/灭菌,乙类,1213.00,
gz_nhsa_consumables_C03110508002014,C03110508002014,骨科材料,接骨板,尺骨接骨板,固定板,纯钛,万向锁定加压/近端/非灭菌,乙类,1274.00,
gz_nhsa_consumables_C03110508002016,C03110508002016,骨科材料,接骨板,尺骨接骨板,固定板,纯钛,万向锁定加压/干部/非灭菌,乙类,1233.00,
gz_nhsa_consumables_C03110508002018,C03110508002018,骨科材料,接骨板,尺骨接骨板,固定板,纯钛,万向锁定加压/远端/非灭菌,乙类,1274.00,
gz_nhsa_consumables_C03110508003002,C03110508003002,骨科材料,接骨板,尺骨接骨板,固定板,钛合金,普通/近端/非灭,乙类,924.00,
gz_nhsa_consumables_C03110508003004,C03110508003004,骨科材料,接骨板,尺骨接骨板,固定板,钛合金,菌普通/干部/非灭,乙类,1149.00,
gz_nhsa_consumables_C03110508003006,C03110508003006,骨科材料,接骨板,尺骨接骨板,固定板,钛合金,菌普通/远端/非灭,乙类,1155.00,
gz_nhsa_consumables_C03110508003008,C03110508003008,骨科材料,接骨板,尺骨接骨板,固定板,钛合金,锁菌定加压/近端/非灭菌,乙类,1217.00,
gz_nhsa_consumables_C03110508003009,C03110508003009,骨科材料,接骨板,尺骨接骨板,固定板,钛合金,锁定加压/干部/灭菌,乙类,699.00,
gz_nhsa_consumables_C03110508003010,C03110508003010,骨科材料,接骨板,尺骨接骨板,固定板,钛合金,锁定加压/干部/非灭菌,乙类,1187.00,
gz_nhsa_consumables_C03110508003012,C03110508003012,骨科材料,接骨板,尺骨接骨板,固定板,钛合金,锁定加压/远端/非灭菌,乙类,1313.00,
gz_nhsa_consumables_C03110508003014,C03110508003014,骨科材料,接骨板,尺骨接骨板,固定板,钛合金,万向锁定加压/近端/非灭菌,乙类,1217.00,
gz_nhsa_consumables_C03110508003016,C03110508003016,骨科材料,接骨板,尺骨接骨板,固定板,钛合金,万向锁定加压/干部/非灭菌,乙类,1187.00,
gz_nhsa_consumables_C03110508003018,C03110508003018,骨科材料,接骨板,尺骨接骨板,固定板,钛合金,万向锁定加压/远端/非灭菌,乙类,736.00,
gz_nhsa_consumables_C03110608001002,C03110608001002,骨科材料,接骨板,桡骨接骨板,固定板,不锈钢,普通/近端/非灭,乙类,646.00,
gz_nhsa_consumables_C03110608001004,C03110608001004,骨科材料,接骨板,桡骨接骨板,固定板,不锈钢,菌普通/干部/非灭,乙类,528.00,
gz_nhsa_consumables_C03110608001006,C03110608001006,骨科材料,接骨板,桡骨接骨板,固定板,不锈钢,菌普通/远端/非灭,乙类,743.00,
gz_nhsa_consumables_C03110608001008,C03110608001008,骨科材料,接骨板,桡骨接骨板,固定板,不锈钢,锁菌定加压/近端/非灭菌,乙类,854.00,
gz_nhsa_consumables_C03110608001010,C03110608001010,骨科材料,接骨板,桡骨接骨板,固定板,不锈钢,锁定加压/干部/非灭菌,乙类,854.00,
gz_nhsa_consumables_C03110608001012,C03110608001012,骨科材料,接骨板,桡骨接骨板,固定板,不锈钢,锁定加压/远端/非灭菌,乙类,854.00,
gz_nhsa_consumables_C03110608001017,C03110608001017,骨科材料,接骨板,桡骨接骨板,固定板,不锈钢,万向锁定加压/远端/灭菌,乙类,1162.00,
gz_nhsa_consumables_C03110608002002,C03110608002002,骨科材料,接骨板,桡骨接骨板,固定板,纯钛,普通/近端/非灭,乙类,955.00,
gz_nhsa_consumables_C03110608002004,C03110608002004,骨科材料,接骨板,桡骨接骨板,固定板,纯钛,普通/干部/非灭,乙类,955.00,
gz_nhsa_consumables_C03110608002006,C03110608002006,骨科材料,接骨板,桡骨接骨板,固定板,纯钛,菌普通/远端/非灭,乙类,955.00,
gz_nhsa_consumables_C03110608002007,C03110608002007,骨科材料,接骨板,桡骨接骨板,固定板,纯钛,锁菌定加压/近端/灭菌,乙类,1158.00,
gz_nhsa_consumables_C03110608002008,C03110608002008,骨科材料,接骨板,桡骨接骨板,固定板,纯钛,锁定加压/近端/非灭菌,乙类,1178.00,
gz_nhsa_consumables_C03110608002009,C03110608002009,骨科材料,接骨板,桡骨接骨板,固定板,纯钛,锁定加压/干部/灭菌,乙类,895.00,
gz_nhsa_consumables_C03110608002010,C03110608002010,骨科材料,接骨板,桡骨接骨板,固定板,纯钛,锁定加压/干部/非灭菌,乙类,1178.00,
gz_nhsa_consumables_C03110608002011,C03110608002011,骨科材料,接骨板,桡骨接骨板,固定板,纯钛,锁定加压/远端/灭菌,乙类,1158.00,
gz_nhsa_consumables_C03110608002012,C03110608002012,骨科材料,接骨板,桡骨接骨板,固定板,纯钛,锁定加压/远端/非灭菌,乙类,1257.00,
gz_nhsa_consumables_C03110608002014,C03110608002014,骨科材料,接骨板,桡骨接骨板,固定板,纯钛,万向锁定加压/近端/非灭菌,乙类,1163.00,
gz_nhsa_consumables_C03110608002016,C03110608002016,骨科材料,接骨板,桡骨接骨板,固定板,纯钛,万向锁定加压/干部/非灭菌,乙类,1178.00,
gz_nhsa_consumables_C03110608002017,C03110608002017,骨科材料,接骨板,桡骨接骨板,固定板,纯钛,万向锁定加压/远端/灭菌,乙类,1158.00,
gz_nhsa_consumables_C03110608002018,C03110608002018,骨科材料,接骨板,桡骨接骨板,固定板,纯钛,万向锁定加压/远端/非灭菌,乙类,1218.00,
gz_nhsa_consumables_C03110608003004,C03110608003004,骨科材料,接骨板,桡骨接骨板,固定板,钛合金,普通/干部/非灭,乙类,1022.00,
gz_nhsa_consumables_C03110608003006,C03110608003006,骨科材料,接骨板,桡骨接骨板,固定板,钛合金,菌普通/远端/非灭,乙类,853.00,
gz_nhsa_consumables_C03110608003008,C03110608003008,骨科材料,接骨板,桡骨接骨板,固定板,钛合金,锁定加压/近端/非灭菌,乙类,1163.00,
gz_nhsa_consumables_C03110608003009,C03110608003009,骨科材料,接骨板,桡骨接骨板,固定板,钛合金,锁定加压/干部/灭菌,乙类,1064.19,
gz_nhsa_consumables_C03110608003010,C03110608003010,骨科材料,接骨板,桡骨接骨板,固定板,钛合金,锁定加压/干部/非灭菌,乙类,1163.00,
gz_nhsa_consumables_C03110608003011,C03110608003011,骨科材料,接骨板,桡骨接骨板,固定板,钛合金,锁定加压/远端/灭菌,乙类,643.00,
gz_nhsa_consumables_C03110608003012,C03110608003012,骨科材料,接骨板,桡骨接骨板,固定板,钛合金,锁定加压/远端/非灭菌,乙类,1257.00,
gz_nhsa_consumables_C03110608003014,C03110608003014,骨科材料,接骨板,桡骨接骨板,固定板,钛合金,万向锁定加压/近端/非灭菌,乙类,643.00,
gz_nhsa_consumables_C03110608003017,C03110608003017,骨科材料,接骨板,桡骨接骨板,固定板,钛合金,万向锁定加压/远端/灭菌,乙类,643.00,
gz_nhsa_consumables_C03110608003018,C03110608003018,骨科材料,接骨板,桡骨接骨板,固定板,钛合金,万向锁定加压/远端/非灭菌,乙类,1257.00,
gz_nhsa_consumables_C03110708001002,C03110708001002,骨科材料,接骨板,手部接骨板,固定板,不锈钢,普通/腕骨/非灭,乙类,1162.00,
gz_nhsa_consumables_C03110708001004,C03110708001004,骨科材料,接骨板,手部接骨板,固定板,不锈钢,菌普通/掌骨头部/非灭菌,乙类,646.00,
gz_nhsa_consumables_C03110708001006,C03110708001006,骨科材料,接骨板,手部接骨板,固定板,不锈钢,普通/掌骨干部/非灭菌,乙类,743.00,
gz_nhsa_consumables_C03110708001008,C03110708001008,骨科材料,接骨板,手部接骨板,固定板,不锈钢,普通/掌骨基底部/非灭菌,乙类,646.00,
gz_nhsa_consumables_C03110708001010,C03110708001010,骨科材料,接骨板,手部接骨板,固定板,不锈钢,普通/指骨头部/非灭菌,乙类,743.00,
gz_nhsa_consumables_C03110708001012,C03110708001012,骨科材料,接骨板,手部接骨板,固定板,不锈钢,普通/指骨干部/非灭菌,乙类,743.00,
gz_nhsa_consumables_C03110708001014,C03110708001014,骨科材料,接骨板,手部接骨板,固定板,不锈钢,普通/指骨基底部/非灭菌,乙类,646.00,
gz_nhsa_consumables_C03110708001018,C03110708001018,骨科材料,接骨板,手部接骨板,固定板,不锈钢,锁定加压/掌骨头部/非灭菌,乙类,840.00,
gz_nhsa_consumables_C03110708001019,C03110708001019,骨科材料,接骨板,手部接骨板,固定板,不锈钢,锁定加压/掌骨干部/灭菌,乙类,1930.98,
gz_nhsa_consumables_C03110708001020,C03110708001020,骨科材料,接骨板,手部接骨板,固定板,不锈钢,锁定加压/掌骨干部/非灭菌,乙类,840.00,
gz_nhsa_consumables_C03110708001022,C03110708001022,骨科材料,接骨板,手部接骨板,固定板,不锈钢,锁定加压/掌骨基底部/非灭,乙类,840.00,
gz_nhsa_consumables_C03110708001024,C03110708001024,骨科材料,接骨板,手部接骨板,固定板,不锈钢,锁菌定加压/指骨头部/非灭菌,乙类,840.00,
gz_nhsa_consumables_C03110708001026,C03110708001026,骨科材料,接骨板,手部接骨板,固定板,不锈钢,锁定加压/指骨干部/非灭菌,乙类,840.00,
gz_nhsa_consumables_C03110708002002,C03110708002002,骨科材料,接骨板,手部接骨板,固定板,纯钛,普通/腕骨/非灭,乙类,940.00,
gz_nhsa_consumables_C03110708002003,C03110708002003,骨科材料,接骨板,手部接骨板,固定板,纯钛,菌普通/掌骨头部/,乙类,776.00,
gz_nhsa_consumables_C03110708002004,C03110708002004,骨科材料,接骨板,手部接骨板,固定板,纯钛,-普菌通/掌骨头部/非灭菌,乙类,955.00,
gz_nhsa_consumables_C03110708002006,C03110708002006,骨科材料,接骨板,手部接骨板,固定板,纯钛,普通/掌骨干部/非灭菌,乙类,955.00,
gz_nhsa_consumables_C03110708002008,C03110708002008,骨科材料,接骨板,手部接骨板,固定板,纯钛,普通/掌骨基底部/非灭菌,乙类,955.00,
gz_nhsa_consumables_C03110708002010,C03110708002010,骨科材料,接骨板,手部接骨板,固定板,纯钛,普通/指骨头部/非灭菌,乙类,955.00,
gz_nhsa_consumables_C03110708002012,C03110708002012,骨科材料,接骨板,手部接骨板,固定板,纯钛,普通/指骨干部/非灭菌,乙类,942.00,
gz_nhsa_consumables_C03110708002014,C03110708002014,骨科材料,接骨板,手部接骨板,固定板,纯钛,普通/指骨基底部/非灭菌,乙类,955.00,
gz_nhsa_consumables_C03110708002016,C03110708002016,骨科材料,接骨板,手部接骨板,固定板,纯钛,锁定加压/腕骨/非灭菌,乙类,1104.00,
gz_nhsa_consumables_C03110708002017,C03110708002017,骨科材料,接骨板,手部接骨板,固定板,纯钛,锁定加压/掌骨头部/灭菌,乙类,1040.00,
gz_nhsa_consumables_C03110708002018,C03110708002018,骨科材料,接骨板,手部接骨板,固定板,纯钛,锁定加压/掌骨头部/非灭菌,乙类,1159.00,
gz_nhsa_consumables_C03110708002019,C03110708002019,骨科材料,接骨板,手部接骨板,固定板,纯钛,锁定加压/掌骨干部/灭菌,乙类,1139.00,
gz_nhsa_consumables_C03110708002020,C03110708002020,骨科材料,接骨板,手部接骨板,固定板,纯钛,锁定加压/掌骨干部/非灭菌,乙类,1238.00,
gz_nhsa_consumables_C03110708002021,C03110708002021,骨科材料,接骨板,手部接骨板,固定板,纯钛,锁定加压/掌骨基底部/灭菌,乙类,1139.00,
gz_nhsa_consumables_C03110708002022,C03110708002022,骨科材料,接骨板,手部接骨板,固定板,纯钛,锁定加压/掌骨基底部/非灭,乙类,1238.00,
gz_nhsa_consumables_C03110708002023,C03110708002023,骨科材料,接骨板,手部接骨板,固定板,纯钛,锁菌定加压/指骨头部/灭菌,乙类,1101.00,
gz_nhsa_consumables_C03110708002024,C03110708002024,骨科材料,接骨板,手部接骨板,固定板,纯钛,锁定加压/指骨头部/非灭菌,乙类,1159.00,
gz_nhsa_consumables_C03110708002025,C03110708002025,骨科材料,接骨板,手部接骨板,固定板,纯钛,锁定加压/指骨干部/灭菌,乙类,991.00,
gz_nhsa_consumables_C03110708002026,C03110708002026,骨科材料,接骨板,手部接骨板,固定板,纯钛,锁定加压/指骨干部/非灭菌,乙类,1238.00,
gz_nhsa_consumables_C03110708002027,C03110708002027,骨科材料,接骨板,手部接骨板,固定板,纯钛,锁定加压/指骨基底部/灭菌,乙类,575.00,
gz_nhsa_consumables_C03110708002028,C03110708002028,骨科材料,接骨板,手部接骨板,固定板,纯钛,锁定加压/指骨基底部/非灭,乙类,1158.00,
gz_nhsa_consumables_C03110708002034,C03110708002034,骨科材料,接骨板,手部接骨板,固定板,纯钛,万菌向锁定加压/掌骨干部/非,乙类,1158.00,
gz_nhsa_consumables_C03110708002036,C03110708002036,骨科材料,接骨板,手部接骨板,固定板,纯钛,-万菌向锁定加压/掌骨基底部/非灭菌,乙类,1116.00,
gz_nhsa_consumables_C03110708002037,C03110708002037,骨科材料,接骨板,手部接骨板,固定板,纯钛,万向锁定加压/指骨头部/灭,乙类,1162.00,
gz_nhsa_consumables_C03110708002038,C03110708002038,骨科材料,接骨板,手部接骨板,固定板,纯钛,万菌向锁定加压/指骨头部/非,乙类,1104.00,
gz_nhsa_consumables_C03110708002040,C03110708002040,骨科材料,接骨板,手部接骨板,固定板,纯钛,-万菌向锁定加压/指骨干部/非,乙类,1139.00,
gz_nhsa_consumables_C03110708002041,C03110708002041,骨科材料,接骨板,手部接骨板,固定板,纯钛,-万菌向锁定加压/指骨基底部/,乙类,1162.00,
gz_nhsa_consumables_C03110708002042,C03110708002042,骨科材料,接骨板,手部接骨板,固定板,纯钛,-万菌向锁定加压/指骨基底部/非灭菌,乙类,1144.00,
gz_nhsa_consumables_C03110708003002,C03110708003002,骨科材料,接骨板,手部接骨板,固定板,钛合金,普通/腕骨/非灭,乙类,4396.89,
gz_nhsa_consumables_C03110708003004,C03110708003004,骨科材料,接骨板,手部接骨板,固定板,钛合金,普通/掌骨头部/非灭菌,乙类,797.00,
gz_nhsa_consumables_C03110708003006,C03110708003006,骨科材料,接骨板,手部接骨板,固定板,钛合金,普通/掌骨干部/非灭菌,乙类,1022.00,
gz_nhsa_consumables_C03110708003010,C03110708003010,骨科材料,接骨板,手部接骨板,固定板,钛合金,普通/指骨头部/非灭菌,乙类,797.00,
gz_nhsa_consumables_C03110708003012,C03110708003012,骨科材料,接骨板,手部接骨板,固定板,钛合金,普通/指骨干部/非灭菌,乙类,1022.00,
gz_nhsa_consumables_C03110708003016,C03110708003016,骨科材料,接骨板,手部接骨板,固定板,钛合金,锁定加压/腕骨/非灭菌,乙类,638.00,
gz_nhsa_consumables_C03110708003018,C03110708003018,骨科材料,接骨板,手部接骨板,固定板,钛合金,锁定加压/掌骨头部/非灭菌,乙类,1144.00,
gz_nhsa_consumables_C03110708003020,C03110708003020,骨科材料,接骨板,手部接骨板,固定板,钛合金,锁定加压/掌骨干部/非灭菌,乙类,1144.00,
gz_nhsa_consumables_C03110708003022,C03110708003022,骨科材料,接骨板,手部接骨板,固定板,钛合金,锁定加压/掌骨基底部/非灭,乙类,1238.00,
gz_nhsa_consumables_C03110708003023,C03110708003023,骨科材料,接骨板,手部接骨板,固定板,钛合金,锁菌定加压/指骨头部/灭菌,乙类,624.00,
gz_nhsa_consumables_C03110708003024,C03110708003024,骨科材料,接骨板,手部接骨板,固定板,钛合金,锁定加压/指骨头部/非灭菌,乙类,1144.00,
gz_nhsa_consumables_C03110708003026,C03110708003026,骨科材料,接骨板,手部接骨板,固定板,钛合金,锁定加压/指骨干部/非灭菌,乙类,1090.00,
gz_nhsa_consumables_C03110708003028,C03110708003028,骨科材料,接骨板,手部接骨板,固定板,钛合金,锁定加压/指骨基底部/非灭,乙类,720.00,
gz_nhsa_consumables_C03110708003034,C03110708003034,骨科材料,接骨板,手部接骨板,固定板,钛合金,万向锁定加压/掌骨干部/非,乙类,1116.00,
gz_nhsa_consumables_C03110708003040,C03110708003040,骨科材料,接骨板,手部接骨板,固定板,钛合金,-万菌向锁定加压/指骨干部/非,乙类,1144.00,
gz_nhsa_consumables_C03110808001002,C03110808001002,骨科材料,接骨板,骨盆接骨板,固定板,不锈钢,-普菌通/直形/非灭,乙类,580.00,
gz_nhsa_consumables_C03110808001004,C03110808001004,骨科材料,接骨板,骨盆接骨板,固定板,不锈钢,菌普通/弧形/非灭,乙类,807.00,
gz_nhsa_consumables_C03110808001006,C03110808001006,骨科材料,接骨板,骨盆接骨板,固定板,不锈钢,菌普通/解剖形/非,乙类,1170.00,
gz_nhsa_consumables_C03110808001008,C03110808001008,骨科材料,接骨板,骨盆接骨板,固定板,不锈钢,-普菌通/耻骨形/非,乙类,706.00,
gz_nhsa_consumables_C03110808001010,C03110808001010,骨科材料,接骨板,骨盆接骨板,固定板,不锈钢,-锁菌定加压/直形/非灭菌,乙类,908.00,
gz_nhsa_consumables_C03110808001012,C03110808001012,骨科材料,接骨板,骨盆接骨板,固定板,不锈钢,锁定加压/弧形/非灭菌,乙类,908.00,
gz_nhsa_consumables_C03110808001014,C03110808001014,骨科材料,接骨板,骨盆接骨板,固定板,不锈钢,锁定加压/解剖形/非灭菌,乙类,908.00,
gz_nhsa_consumables_C03110808001016,C03110808001016,骨科材料,接骨板,骨盆接骨板,固定板,不锈钢,锁定加压/耻骨形/非灭菌,乙类,1170.00,
gz_nhsa_consumables_C03110808002001,C03110808002001,骨科材料,接骨板,骨盆接骨板,固定板,纯钛,普通/直形/灭菌,乙类,1170.00,
gz_nhsa_consumables_C03110808002002,C03110808002002,骨科材料,接骨板,骨盆接骨板,固定板,纯钛,普通/直形/非灭,乙类,943.00,
gz_nhsa_consumables_C03110808002003,C03110808002003,骨科材料,接骨板,骨盆接骨板,固定板,纯钛,菌普通/弧形/灭菌,乙类,891.00,
gz_nhsa_consumables_C03110808002004,C03110808002004,骨科材料,接骨板,骨盆接骨板,固定板,纯钛,普通/弧形/非灭,乙类,1036.00,
gz_nhsa_consumables_C03110808002006,C03110808002006,骨科材料,接骨板,骨盆接骨板,固定板,纯钛,菌普通/解剖形/非,乙类,1023.00,
gz_nhsa_consumables_C03110808002008,C03110808002008,骨科材料,接骨板,骨盆接骨板,固定板,纯钛,-普菌通/耻骨形/非,乙类,1036.00,
gz_nhsa_consumables_C03110808002009,C03110808002009,骨科材料,接骨板,骨盆接骨板,固定板,纯钛,锁定加压/直形/灭菌,乙类,1130.00,
gz_nhsa_consumables_C03110808002010,C03110808002010,骨科材料,接骨板,骨盆接骨板,固定板,纯钛,锁定加压/直形/非灭菌,乙类,1249.00,
gz_nhsa_consumables_C03110808002011,C03110808002011,骨科材料,接骨板,骨盆接骨板,固定板,纯钛,锁定加压/弧形/灭菌,乙类,1130.00,
gz_nhsa_consumables_C03110808002012,C03110808002012,骨科材料,接骨板,骨盆接骨板,固定板,纯钛,锁定加压/弧形/非灭菌,乙类,1289.00,
gz_nhsa_consumables_C03110808002014,C03110808002014,骨科材料,接骨板,骨盆接骨板,固定板,纯钛,锁定加压/解剖形/非灭菌,乙类,1249.00,
gz_nhsa_consumables_C03110808002016,C03110808002016,骨科材料,接骨板,骨盆接骨板,固定板,纯钛,锁定加压/耻骨形/非灭菌,乙类,1248.00,
gz_nhsa_consumables_C03110808002018,C03110808002018,骨科材料,接骨板,骨盆接骨板,固定板,纯钛,万向锁定加压/直形/非灭菌,乙类,1232.00,
gz_nhsa_consumables_C03110808002019,C03110808002019,骨科材料,接骨板,骨盆接骨板,固定板,纯钛,万向锁定加压/弧形/灭菌,乙类,966.00,
gz_nhsa_consumables_C03110808002020,C03110808002020,骨科材料,接骨板,骨盆接骨板,固定板,纯钛,万向锁定加压/弧形/非灭菌,乙类,1289.00,
gz_nhsa_consumables_C03110808002022,C03110808002022,骨科材料,接骨板,骨盆接骨板,固定板,纯钛,万向锁定加压/解剖形/非灭,乙类,1194.00,
gz_nhsa_consumables_C03110808002024,C03110808002024,骨科材料,接骨板,骨盆接骨板,固定板,纯钛,万菌向锁定加压/耻骨形/非灭,乙类,1248.00,
gz_nhsa_consumables_C03110808003002,C03110808003002,骨科材料,接骨板,骨盆接骨板,固定板,钛合金,菌普通/直形/非灭,乙类,1018.00,
gz_nhsa_consumables_C03110808003004,C03110808003004,骨科材料,接骨板,骨盆接骨板,固定板,钛合金,菌普通/弧形/非灭,乙类,878.00,
gz_nhsa_consumables_C03110808003006,C03110808003006,骨科材料,接骨板,骨盆接骨板,固定板,钛合金,普通/解剖形/非,乙类,931.00,
gz_nhsa_consumables_C03110808003010,C03110808003010,骨科材料,接骨板,骨盆接骨板,固定板,钛合金,-锁菌定加压/直形/非灭菌,乙类,1202.00,
gz_nhsa_consumables_C03110808003011,C03110808003011,骨科材料,接骨板,骨盆接骨板,固定板,钛合金,锁定加压/弧形/灭菌,乙类,714.00,
gz_nhsa_consumables_C03110808003012,C03110808003012,骨科材料,接骨板,骨盆接骨板,固定板,钛合金,锁定加压/弧形/非灭菌,乙类,1202.00,
gz_nhsa_consumables_C03110808003014,C03110808003014,骨科材料,接骨板,骨盆接骨板,固定板,钛合金,锁定加压/解剖形/非灭菌,乙类,810.00,
gz_nhsa_consumables_C03110808003015,C03110808003015,骨科材料,接骨板,骨盆接骨板,固定板,钛合金,锁定加压/耻骨形/灭菌,乙类,2111.40,
gz_nhsa_consumables_C03110808003016,C03110808003016,骨科材料,接骨板,骨盆接骨板,固定板,钛合金,锁定加压/耻骨形/非灭菌,乙类,1202.00,
gz_nhsa_consumables_C03110808003018,C03110808003018,骨科材料,接骨板,骨盆接骨板,固定板,钛合金,万向锁定加压/直形/非灭菌,乙类,1202.00,
gz_nhsa_consumables_C03110808003020,C03110808003020,骨科材料,接骨板,骨盆接骨板,固定板,钛合金,万向锁定加压/弧形/非灭菌,乙类,1202.00,
gz_nhsa_consumables_C03110908001002,C03110908001002,骨科材料,接骨板,股骨接骨板,固定板,不锈钢,普通/近端/非灭,乙类,844.00,
gz_nhsa_consumables_C03110908001003,C03110908001003,骨科材料,接骨板,股骨接骨板,固定板,不锈钢,菌普通/干部/灭菌,乙类,1162.00,
gz_nhsa_consumables_C03110908001004,C03110908001004,骨科材料,接骨板,股骨接骨板,固定板,不锈钢,普通/干部/非灭,乙类,844.00,
gz_nhsa_consumables_C03110908001006,C03110908001006,骨科材料,接骨板,股骨接骨板,固定板,不锈钢,菌普通/远端/非灭,乙类,844.00,
gz_nhsa_consumables_C03110908001008,C03110908001008,骨科材料,接骨板,股骨接骨板,固定板,不锈钢,锁菌定加压/近端/非灭菌,乙类,878.00,
gz_nhsa_consumables_C03110908001010,C03110908001010,骨科材料,接骨板,股骨接骨板,固定板,不锈钢,锁定加压/干部/非灭菌,乙类,878.00,
gz_nhsa_consumables_C03110908001011,C03110908001011,骨科材料,接骨板,股骨接骨板,固定板,不锈钢,锁定加压/远端/灭菌,乙类,237.00,
gz_nhsa_consumables_C03110908001012,C03110908001012,骨科材料,接骨板,股骨接骨板,固定板,不锈钢,锁定加压/远端/非灭菌,乙类,878.00,
gz_nhsa_consumables_C03110908001017,C03110908001017,骨科材料,接骨板,股骨接骨板,固定板,不锈钢,万向锁定加压/远端/灭菌,乙类,1162.00,
gz_nhsa_consumables_C03110908002002,C03110908002002,骨科材料,接骨板,股骨接骨板,固定板,纯钛,普通/近端/非灭,乙类,1082.00,
gz_nhsa_consumables_C03110908002004,C03110908002004,骨科材料,接骨板,股骨接骨板,固定板,纯钛,菌普通/干部/非灭,乙类,1082.00,
gz_nhsa_consumables_C03110908002006,C03110908002006,骨科材料,接骨板,股骨接骨板,固定板,纯钛,菌普通/远端/非灭,乙类,1082.00,
gz_nhsa_consumables_C03110908002007,C03110908002007,骨科材料,接骨板,股骨接骨板,固定板,纯钛,锁菌定加压/近端/灭菌,乙类,1188.00,
gz_nhsa_consumables_C03110908002008,C03110908002008,骨科材料,接骨板,股骨接骨板,固定板,纯钛,锁定加压/近端/非灭菌,乙类,1288.00,
gz_nhsa_consumables_C03110908002009,C03110908002009,骨科材料,接骨板,股骨接骨板,固定板,纯钛,锁定加压/干部/灭菌,乙类,1188.00,
gz_nhsa_consumables_C03110908002010,C03110908002010,骨科材料,接骨板,股骨接骨板,固定板,纯钛,锁定加压/干部/非灭菌,乙类,1209.00,
gz_nhsa_consumables_C03110908002011,C03110908002011,骨科材料,接骨板,股骨接骨板,固定板,纯钛,锁定加压/远端/灭菌,乙类,1188.00,
gz_nhsa_consumables_C03110908002012,C03110908002012,骨科材料,接骨板,股骨接骨板,固定板,纯钛,锁定加压/远端/非灭菌,乙类,1288.00,
gz_nhsa_consumables_C03110908002014,C03110908002014,骨科材料,接骨板,股骨接骨板,固定板,纯钛,万向锁定加压/近端/非灭菌,乙类,1249.00,
gz_nhsa_consumables_C03110908002015,C03110908002015,骨科材料,接骨板,股骨接骨板,固定板,纯钛,万向锁定加压/干部/灭菌,乙类,1188.00,
gz_nhsa_consumables_C03110908002016,C03110908002016,骨科材料,接骨板,股骨接骨板,固定板,纯钛,万向锁定加压/干部/非灭菌,乙类,1208.00,
gz_nhsa_consumables_C03110908002017,C03110908002017,骨科材料,接骨板,股骨接骨板,固定板,纯钛,万向锁定加压/远端/灭菌,乙类,1188.00,
gz_nhsa_consumables_C03110908002018,C03110908002018,骨科材料,接骨板,股骨接骨板,固定板,纯钛,万向锁定加压/远端/非灭菌,乙类,1249.00,
gz_nhsa_consumables_C03110908003001,C03110908003001,骨科材料,接骨板,股骨接骨板,固定板,钛合金,普通/近端/灭菌,乙类,1149.00,
gz_nhsa_consumables_C03110908003002,C03110908003002,骨科材料,接骨板,股骨接骨板,固定板,钛合金,普通/近端/非灭,乙类,1149.00,
gz_nhsa_consumables_C03110908003004,C03110908003004,骨科材料,接骨板,股骨接骨板,固定板,钛合金,菌普通/干部/非灭,乙类,1149.00,
gz_nhsa_consumables_C03110908003006,C03110908003006,骨科材料,接骨板,股骨接骨板,固定板,钛合金,菌普通/远端/非灭,乙类,1082.00,
gz_nhsa_consumables_C03110908003007,C03110908003007,骨科材料,接骨板,股骨接骨板,固定板,钛合金,锁菌定加压/近端/灭菌,乙类,1090.00,
gz_nhsa_consumables_C03110908003008,C03110908003008,骨科材料,接骨板,股骨接骨板,固定板,钛合金,锁定加压/近端/非灭菌,乙类,1193.00,
gz_nhsa_consumables_C03110908003010,C03110908003010,骨科材料,接骨板,股骨接骨板,固定板,钛合金,锁定加压/干部/非灭菌,乙类,1193.00,
gz_nhsa_consumables_C03110908003011,C03110908003011,骨科材料,接骨板,股骨接骨板,固定板,钛合金,锁定加压/远端/灭菌,乙类,674.00,
gz_nhsa_consumables_C03110908003012,C03110908003012,骨科材料,接骨板,股骨接骨板,固定板,钛合金,锁定加压/远端/非灭菌,乙类,1193.00,
gz_nhsa_consumables_C03110908003014,C03110908003014,骨科材料,接骨板,股骨接骨板,固定板,钛合金,万向锁定加压/近端/非灭菌,乙类,1164.00,
gz_nhsa_consumables_C03110908003016,C03110908003016,骨科材料,接骨板,股骨接骨板,固定板,钛合金,万向锁定加压/干部/非灭菌,乙类,1164.00,
gz_nhsa_consumables_C03110908003018,C03110908003018,骨科材料,接骨板,股骨接骨板,固定板,钛合金,万向锁定加压/远端/非灭菌,乙类,1164.00,
gz_nhsa_consumables_C03111008001002,C03111008001002,骨科材料,接骨板,髌骨接骨板,固定板,不锈钢,普通/非灭菌,乙类,813.00,
gz_nhsa_consumables_C03111008001004,C03111008001004,骨科材料,接骨板,髌骨接骨板,固定板,不锈钢,锁定加压/非灭菌,乙类,960.00,
gz_nhsa_consumables_C03111008002001,C03111008002001,骨科材料,接骨板,髌骨接骨板,固定板,纯钛,普通/灭菌,乙类,906.00,
gz_nhsa_consumables_C03111008002002,C03111008002002,骨科材料,接骨板,髌骨接骨板,固定板,纯钛,普通/非灭菌,乙类,1003.00,
gz_nhsa_consumables_C03111008002004,C03111008002004,骨科材料,接骨板,髌骨接骨板,固定板,纯钛,锁定加压/非灭菌,乙类,1114.00,
gz_nhsa_consumables_C03111008002005,C03111008002005,骨科材料,接骨板,髌骨接骨板,固定板,纯钛,万向锁定加压/灭,乙类,960.00,
gz_nhsa_consumables_C03111008002006,C03111008002006,骨科材料,接骨板,髌骨接骨板,固定板,纯钛,万菌向锁定加压/非灭菌,乙类,1102.00,
gz_nhsa_consumables_C03111008003001,C03111008003001,骨科材料,接骨板,髌骨接骨板,固定板,钛合金,普通/灭菌,乙类,1046.00,
gz_nhsa_consumables_C03111008003002,C03111008003002,骨科材料,接骨板,髌骨接骨板,固定板,钛合金,普通/非灭菌,乙类,1046.00,
gz_nhsa_consumables_C03111008003004,C03111008003004,骨科材料,接骨板,髌骨接骨板,固定板,钛合金,锁定加压/非灭菌,乙类,617.00,
gz_nhsa_consumables_C03111008003006,C03111008003006,骨科材料,接骨板,髌骨接骨板,固定板,钛合金,万向锁定加压/非灭菌,乙类,1075.00,
gz_nhsa_consumables_C03111108001002,C03111108001002,骨科材料,接骨板,胫骨接骨板,固定板,不锈钢,普通/近端/非灭,乙类,813.00,
gz_nhsa_consumables_C03111108001004,C03111108001004,骨科材料,接骨板,胫骨接骨板,固定板,不锈钢,菌普通/干部/非灭,乙类,813.00,
gz_nhsa_consumables_C03111108001006,C03111108001006,骨科材料,接骨板,胫骨接骨板,固定板,不锈钢,菌普通/远端/非灭,乙类,813.00,
gz_nhsa_consumables_C03111108001008,C03111108001008,骨科材料,接骨板,胫骨接骨板,固定板,不锈钢,锁菌定加压/近端/非灭菌,乙类,902.00,
gz_nhsa_consumables_C03111108001010,C03111108001010,骨科材料,接骨板,胫骨接骨板,固定板,不锈钢,锁定加压/干部/非灭菌,乙类,902.00,
gz_nhsa_consumables_C03111108001011,C03111108001011,骨科材料,接骨板,胫骨接骨板,固定板,不锈钢,锁定加压/远端/灭菌,乙类,1162.00,
gz_nhsa_consumables_C03111108001012,C03111108001012,骨科材料,接骨板,胫骨接骨板,固定板,不锈钢,锁定加压/远端/非灭菌,乙类,902.00,
gz_nhsa_consumables_C03111108001013,C03111108001013,骨科材料,接骨板,胫骨接骨板,固定板,不锈钢,万向锁定加压/近端/灭菌,乙类,1162.00,
gz_nhsa_consumables_C03111108002002,C03111108002002,骨科材料,接骨板,胫骨接骨板,固定板,纯钛,普通/近端/非灭,乙类,1043.00,
gz_nhsa_consumables_C03111108002004,C03111108002004,骨科材料,接骨板,胫骨接骨板,固定板,纯钛,菌普通/干部/非灭,乙类,1043.00,
gz_nhsa_consumables_C03111108002006,C03111108002006,骨科材料,接骨板,胫骨接骨板,固定板,纯钛,菌普通/远端/非灭,乙类,1043.00,
gz_nhsa_consumables_C03111108002007,C03111108002007,骨科材料,接骨板,胫骨接骨板,固定板,纯钛,锁菌定加压/近端/灭菌,乙类,1220.00,
gz_nhsa_consumables_C03111108002008,C03111108002008,骨科材料,接骨板,胫骨接骨板,固定板,纯钛,锁定加压/近端/非灭菌,乙类,1320.00,
gz_nhsa_consumables_C03111108002010,C03111108002010,骨科材料,接骨板,胫骨接骨板,固定板,纯钛,锁定加压/干部/非灭菌,乙类,1241.00,
gz_nhsa_consumables_C03111108002011,C03111108002011,骨科材料,接骨板,胫骨接骨板,固定板,纯钛,锁定加压/远端/灭菌,乙类,1220.00,
gz_nhsa_consumables_C03111108002012,C03111108002012,骨科材料,接骨板,胫骨接骨板,固定板,纯钛,锁定加压/远端/非灭菌,乙类,1320.00,
gz_nhsa_consumables_C03111108002013,C03111108002013,骨科材料,接骨板,胫骨接骨板,固定板,纯钛,万向锁定加压/近端/灭菌,乙类,1220.00,
gz_nhsa_consumables_C03111108002014,C03111108002014,骨科材料,接骨板,胫骨接骨板,固定板,纯钛,万向锁定加压/近端/非灭菌,乙类,1281.00,
gz_nhsa_consumables_C03111108002015,C03111108002015,骨科材料,接骨板,胫骨接骨板,固定板,纯钛,万向锁定加压/干部/灭菌,乙类,1220.00,
gz_nhsa_consumables_C03111108002016,C03111108002016,骨科材料,接骨板,胫骨接骨板,固定板,纯钛,万向锁定加压/干部/非灭菌,乙类,1240.00,
gz_nhsa_consumables_C03111108002017,C03111108002017,骨科材料,接骨板,胫骨接骨板,固定板,纯钛,万向锁定加压/远端/灭菌,乙类,1220.00,
gz_nhsa_consumables_C03111108002018,C03111108002018,骨科材料,接骨板,胫骨接骨板,固定板,纯钛,万向锁定加压/远端/非灭菌,乙类,1281.00,
gz_nhsa_consumables_C03111108003002,C03111108003002,骨科材料,接骨板,胫骨接骨板,固定板,钛合金,普通/近端/非灭,乙类,937.00,
gz_nhsa_consumables_C03111108003004,C03111108003004,骨科材料,接骨板,胫骨接骨板,固定板,钛合金,菌普通/干部/非灭,乙类,937.00,
gz_nhsa_consumables_C03111108003006,C03111108003006,骨科材料,接骨板,胫骨接骨板,固定板,钛合金,菌普通/远端/非灭,乙类,937.00,
gz_nhsa_consumables_C03111108003007,C03111108003007,骨科材料,接骨板,胫骨接骨板,固定板,钛合金,锁菌定加压/近端/灭菌,乙类,706.00,
gz_nhsa_consumables_C03111108003008,C03111108003008,骨科材料,接骨板,胫骨接骨板,固定板,钛合金,锁定加压/近端/非灭菌,乙类,1224.00,
gz_nhsa_consumables_C03111108003010,C03111108003010,骨科材料,接骨板,胫骨接骨板,固定板,钛合金,锁定加压/干部/非灭菌,乙类,1224.00,
gz_nhsa_consumables_C03111108003011,C03111108003011,骨科材料,接骨板,胫骨接骨板,固定板,钛合金,锁定加压/远端/灭菌,乙类,706.00,
gz_nhsa_consumables_C03111108003012,C03111108003012,骨科材料,接骨板,胫骨接骨板,固定板,钛合金,锁定加压/远端/非灭菌,乙类,1320.00,
gz_nhsa_consumables_C03111108003014,C03111108003014,骨科材料,接骨板,胫骨接骨板,固定板,钛合金,万向锁定加压/近端/非灭菌,乙类,1224.00,
gz_nhsa_consumables_C03111108003016,C03111108003016,骨科材料,接骨板,胫骨接骨板,固定板,钛合金,万向锁定加压/干部/非灭菌,乙类,1194.00,
gz_nhsa_consumables_C03111108003018,C03111108003018,骨科材料,接骨板,胫骨接骨板,固定板,钛合金,万向锁定加压/远端/非灭菌,乙类,1224.00,
gz_nhsa_consumables_C03111208001004,C03111208001004,骨科材料,接骨板,腓骨接骨板,固定板,不锈钢,普通/干部/非灭,乙类,5521.50,
gz_nhsa_consumables_C03111208001006,C03111208001006,骨科材料,接骨板,腓骨接骨板,固定板,不锈钢,菌普通/远端/非灭,乙类,771.00,
gz_nhsa_consumables_C03111208001012,C03111208001012,骨科材料,接骨板,腓骨接骨板,固定板,不锈钢,锁菌定加压/远端/非灭菌,乙类,807.00,
gz_nhsa_consumables_C03111208002004,C03111208002004,骨科材料,接骨板,腓骨接骨板,固定板,纯钛,普通/干部/非灭,乙类,990.00,
gz_nhsa_consumables_C03111208002005,C03111208002005,骨科材料,接骨板,腓骨接骨板,固定板,纯钛,菌普通/远端/灭菌,乙类,456.03,
gz_nhsa_consumables_C03111208002006,C03111208002006,骨科材料,接骨板,腓骨接骨板,固定板,纯钛,普通/远端/非灭,乙类,990.00,
gz_nhsa_consumables_C03111208002008,C03111208002008,骨科材料,接骨板,腓骨接骨板,固定板,纯钛,锁菌定加压/近端/非灭菌,乙类,1095.00,
gz_nhsa_consumables_C03111208002010,C03111208002010,骨科材料,接骨板,腓骨接骨板,固定板,纯钛,锁定加压/干部/非灭菌,乙类,1111.00,
gz_nhsa_consumables_C03111208002011,C03111208002011,骨科材料,接骨板,腓骨接骨板,固定板,纯钛,锁定加压/远端/灭菌,乙类,1095.00,
gz_nhsa_consumables_C03111208002012,C03111208002012,骨科材料,接骨板,腓骨接骨板,固定板,纯钛,锁定加压/远端/非灭菌,乙类,1155.00,
gz_nhsa_consumables_C03111208002016,C03111208002016,骨科材料,接骨板,腓骨接骨板,固定板,纯钛,万向锁定加压/干部/非灭菌,乙类,1102.00,
gz_nhsa_consumables_C03111208002018,C03111208002018,骨科材料,接骨板,腓骨接骨板,固定板,纯钛,万向锁定加压/远端/非灭菌,乙类,1116.00,
gz_nhsa_consumables_C03111208003006,C03111208003006,骨科材料,接骨板,腓骨接骨板,固定板,钛合金,普通/远端/非灭,乙类,887.00,
gz_nhsa_consumables_C03111208003008,C03111208003008,骨科材料,接骨板,腓骨接骨板,固定板,钛合金,锁菌定加压/近端/非灭菌,乙类,212.00,
gz_nhsa_consumables_C03111208003010,C03111208003010,骨科材料,接骨板,腓骨接骨板,固定板,钛合金,锁定加压/干部/非灭菌,乙类,1102.00,
gz_nhsa_consumables_C03111208003011,C03111208003011,骨科材料,接骨板,腓骨接骨板,固定板,钛合金,锁定加压/远端/灭菌,乙类,580.00,
gz_nhsa_consumables_C03111208003012,C03111208003012,骨科材料,接骨板,腓骨接骨板,固定板,钛合金,锁定加压/远端/非灭菌,乙类,1102.00,
gz_nhsa_consumables_C03111208003016,C03111208003016,骨科材料,接骨板,腓骨接骨板,固定板,钛合金,万向锁定加压/干部/非灭菌,乙类,1075.00,
gz_nhsa_consumables_C03111208003018,C03111208003018,骨科材料,接骨板,腓骨接骨板,固定板,钛合金,万向锁定加压/远端/非灭菌,乙类,1075.00,
gz_nhsa_consumables_C03111308001002,C03111308001002,骨科材料,接骨板,跟骨接骨板,固定板,不锈钢,普通/非灭菌,乙类,743.00,
gz_nhsa_consumables_C03111308001004,C03111308001004,骨科材料,接骨板,跟骨接骨板,固定板,不锈钢,锁定加压/非灭菌,乙类,829.00,
gz_nhsa_consumables_C03111308002002,C03111308002002,骨科材料,接骨板,跟骨接骨板,固定板,纯钛,普通/非灭菌,乙类,955.00,
gz_nhsa_consumables_C03111308002003,C03111308002003,骨科材料,接骨板,跟骨接骨板,固定板,纯钛,锁定加压/灭菌,乙类,1124.00,
gz_nhsa_consumables_C03111308002004,C03111308002004,骨科材料,接骨板,跟骨接骨板,固定板,纯钛,锁定加压/非灭菌,乙类,1223.00,
gz_nhsa_consumables_C03111308002005,C03111308002005,骨科材料,接骨板,跟骨接骨板,固定板,纯钛,万向锁定加压/灭,乙类,1124.00,
gz_nhsa_consumables_C03111308002006,C03111308002006,骨科材料,接骨板,跟骨接骨板,固定板,纯钛,万菌向锁定加压/非灭菌,乙类,1184.00,
gz_nhsa_consumables_C03111308003002,C03111308003002,骨科材料,接骨板,跟骨接骨板,固定板,钛合金,普通/非灭菌,乙类,853.00,
gz_nhsa_consumables_C03111308003003,C03111308003003,骨科材料,接骨板,跟骨接骨板,固定板,钛合金,锁定加压/灭菌,乙类,609.00,
gz_nhsa_consumables_C03111308003004,C03111308003004,骨科材料,接骨板,跟骨接骨板,固定板,钛合金,锁定加压/非灭菌,乙类,1130.00,
gz_nhsa_consumables_C03111308003006,C03111308003006,骨科材料,接骨板,跟骨接骨板,固定板,钛合金,万向锁定加压/非灭菌,乙类,1130.00,
gz_nhsa_consumables_C03111408001008,C03111408001008,骨科材料,接骨板,足部接骨板,固定板,不锈钢,锁定加压/前足/非灭菌,乙类,1033.00,
gz_nhsa_consumables_C03111408001010,C03111408001010,骨科材料,接骨板,足部接骨板,固定板,不锈钢,锁定加压/中足/非灭菌,乙类,1033.00,
gz_nhsa_consumables_C03111408001012,C03111408001012,骨科材料,接骨板,足部接骨板,固定板,不锈钢,锁定加压/后足/非灭菌,乙类,1033.00,
gz_nhsa_consumables_C03111408002002,C03111408002002,骨科材料,接骨板,足部接骨板,固定板,纯钛,普通/前足/非灭,乙类,955.00,
gz_nhsa_consumables_C03111408002004,C03111408002004,骨科材料,接骨板,足部接骨板,固定板,纯钛,菌普通/中足/非灭,乙类,955.00,
gz_nhsa_consumables_C03111408002006,C03111408002006,骨科材料,接骨板,足部接骨板,固定板,纯钛,菌普通/后足/非灭,乙类,942.00,
gz_nhsa_consumables_C03111408002007,C03111408002007,骨科材料,接骨板,足部接骨板,固定板,纯钛,锁菌定加压/前足/灭菌,乙类,1054.00,
gz_nhsa_consumables_C03111408002008,C03111408002008,骨科材料,接骨板,足部接骨板,固定板,纯钛,锁定加压/前足/非灭菌,乙类,1173.00,
gz_nhsa_consumables_C03111408002009,C03111408002009,骨科材料,接骨板,足部接骨板,固定板,纯钛,锁定加压/中足/灭菌,乙类,1054.00,
gz_nhsa_consumables_C03111408002010,C03111408002010,骨科材料,接骨板,足部接骨板,固定板,纯钛,锁定加压/中足/非灭菌,乙类,1159.00,
gz_nhsa_consumables_C03111408002011,C03111408002011,骨科材料,接骨板,足部接骨板,固定板,纯钛,锁定加压/后足/灭菌,乙类,1054.00,
gz_nhsa_consumables_C03111408002012,C03111408002012,骨科材料,接骨板,足部接骨板,固定板,纯钛,锁定加压/后足/非灭菌,乙类,1172.00,
gz_nhsa_consumables_C03111408002014,C03111408002014,骨科材料,接骨板,足部接骨板,固定板,纯钛,万向锁定加压/前足/非灭菌,乙类,1115.00,
gz_nhsa_consumables_C03111408002016,C03111408002016,骨科材料,接骨板,足部接骨板,固定板,纯钛,万向锁定加压/中足/非灭菌,乙类,1158.00,
gz_nhsa_consumables_C03111408002018,C03111408002018,骨科材料,接骨板,足部接骨板,固定板,纯钛,万向锁定加压/后足/非灭菌,乙类,1153.00,
gz_nhsa_consumables_C03111408003004,C03111408003004,骨科材料,接骨板,足部接骨板,固定板,钛合金,普通/中足/非灭,乙类,1222.00,
gz_nhsa_consumables_C03111408003008,C03111408003008,骨科材料,接骨板,足部接骨板,固定板,钛合金,锁菌定加压/前足/非灭菌,乙类,1252.00,
gz_nhsa_consumables_C03111408003010,C03111408003010,骨科材料,接骨板,足部接骨板,固定板,钛合金,锁定加压/中足/非灭菌,乙类,1130.00,
gz_nhsa_consumables_C03111408003012,C03111408003012,骨科材料,接骨板,足部接骨板,固定板,钛合金,锁定加压/后足/非灭菌,乙类,1130.00,
gz_nhsa_consumables_C03111408003014,C03111408003014,骨科材料,接骨板,足部接骨板,固定板,钛合金,万向锁定加压/前足/非灭菌,乙类,1130.00,
gz_nhsa_consumables_C03111408003016,C03111408003016,骨科材料,接骨板,足部接骨板,固定板,钛合金,万向锁定加压/中足/非灭菌,乙类,1158.00,
gz_nhsa_consumables_C03111408003018,C03111408003018,骨科材料,接骨板,足部接骨板,固定板,钛合金,万向锁定加压/后足/非灭菌,乙类,1158.00,
gz_nhsa_consumables_C03111508001001,C03111508001001,骨科材料,接骨板,通用接骨板,固定板,不锈钢,普通/直形/灭菌,乙类,1170.00,
gz_nhsa_consumables_C03111508001002,C03111508001002,骨科材料,接骨板,通用接骨板,固定板,不锈钢,普通/直形/非灭,乙类,878.00,
gz_nhsa_consumables_C03111508001004,C03111508001004,骨科材料,接骨板,通用接骨板,固定板,不锈钢,菌普通/弧形/非灭,乙类,1170.00,
gz_nhsa_consumables_C03111508001005,C03111508001005,骨科材料,接骨板,通用接骨板,固定板,不锈钢,菌普通/管形/灭菌,乙类,1170.00,
gz_nhsa_consumables_C03111508001006,C03111508001006,骨科材料,接骨板,通用接骨板,固定板,不锈钢,普通/管形/非灭,乙类,723.00,
gz_nhsa_consumables_C03111508001011,C03111508001011,骨科材料,接骨板,通用接骨板,固定板,不锈钢,锁菌定加压/直形/灭菌,乙类,355.00,
gz_nhsa_consumables_C03111508001012,C03111508001012,骨科材料,接骨板,通用接骨板,固定板,不锈钢,锁定加压/直形/非灭菌,乙类,847.00,
gz_nhsa_consumables_C03111508001014,C03111508001014,骨科材料,接骨板,通用接骨板,固定板,不锈钢,锁定加压/弧形/非灭菌,乙类,1170.00,
gz_nhsa_consumables_C03111508001015,C03111508001015,骨科材料,接骨板,通用接骨板,固定板,不锈钢,锁定加压/管形/灭菌,乙类,355.00,
gz_nhsa_consumables_C03111508001016,C03111508001016,骨科材料,接骨板,通用接骨板,固定板,不锈钢,锁定加压/管形/非灭菌,乙类,847.00,
gz_nhsa_consumables_C03111508001018,C03111508001018,骨科材料,接骨板,通用接骨板,固定板,不锈钢,锁定加压/钩形/非灭菌,乙类,877.15,
gz_nhsa_consumables_C03111508001019,C03111508001019,骨科材料,接骨板,通用接骨板,固定板,不锈钢,锁定加压/异形/灭菌,乙类,1170.00,
gz_nhsa_consumables_C03111508001020,C03111508001020,骨科材料,接骨板,通用接骨板,固定板,不锈钢,锁定加压/异形/非灭菌,乙类,751.00,
gz_nhsa_consumables_C03111508002001,C03111508002001,骨科材料,接骨板,通用接骨板,固定板,纯钛,普通/直形/灭菌,乙类,953.00,
gz_nhsa_consumables_C03111508002002,C03111508002002,骨科材料,接骨板,通用接骨板,固定板,纯钛,普通/直形/非灭,乙类,1060.00,
gz_nhsa_consumables_C03111508002003,C03111508002003,骨科材料,接骨板,通用接骨板,固定板,纯钛,菌普通/弧形/灭菌,乙类,953.00,
gz_nhsa_consumables_C03111508002004,C03111508002004,骨科材料,接骨板,通用接骨板,固定板,纯钛,普通/弧形/非灭,乙类,1060.00,
gz_nhsa_consumables_C03111508002005,C03111508002005,骨科材料,接骨板,通用接骨板,固定板,纯钛,菌普通/管形/灭菌,乙类,912.00,
gz_nhsa_consumables_C03111508002006,C03111508002006,骨科材料,接骨板,通用接骨板,固定板,纯钛,普通/管形/非灭,乙类,1047.00,
gz_nhsa_consumables_C03111508002008,C03111508002008,骨科材料,接骨板,通用接骨板,固定板,纯钛,普通/钩形/非灭,乙类,902.00,
gz_nhsa_consumables_C03111508002010,C03111508002010,骨科材料,接骨板,通用接骨板,固定板,纯钛,菌普通/异形/非灭,乙类,1060.00,
gz_nhsa_consumables_C03111508002011,C03111508002011,骨科材料,接骨板,通用接骨板,固定板,纯钛,锁菌定加压/直形/灭菌,乙类,1149.00,
gz_nhsa_consumables_C03111508002012,C03111508002012,骨科材料,接骨板,通用接骨板,固定板,纯钛,锁定加压/直形/非灭菌,乙类,1248.00,
gz_nhsa_consumables_C03111508002013,C03111508002013,骨科材料,接骨板,通用接骨板,固定板,纯钛,锁定加压/弧形/灭菌,乙类,1149.00,
gz_nhsa_consumables_C03111508002014,C03111508002014,骨科材料,接骨板,通用接骨板,固定板,纯钛,锁定加压/弧形/非灭菌,乙类,1248.00,
gz_nhsa_consumables_C03111508002015,C03111508002015,骨科材料,接骨板,通用接骨板,固定板,纯钛,锁定加压/管形/灭菌,乙类,1168.00,
gz_nhsa_consumables_C03111508002016,C03111508002016,骨科材料,接骨板,通用接骨板,固定板,纯钛,锁定加压/管形/非灭菌,乙类,1248.00,
gz_nhsa_consumables_C03111508002017,C03111508002017,骨科材料,接骨板,通用接骨板,固定板,纯钛,锁定加压/钩形/灭菌,乙类,1050.00,
gz_nhsa_consumables_C03111508002018,C03111508002018,骨科材料,接骨板,通用接骨板,固定板,纯钛,锁定加压/钩形/非灭菌,乙类,1111.00,
gz_nhsa_consumables_C03111508002019,C03111508002019,骨科材料,接骨板,通用接骨板,固定板,纯钛,锁定加压/异形/灭菌,乙类,1149.00,
gz_nhsa_consumables_C03111508002020,C03111508002020,骨科材料,接骨板,通用接骨板,固定板,纯钛,锁定加压/异形/非灭菌,乙类,1248.00,
gz_nhsa_consumables_C03111508002021,C03111508002021,骨科材料,接骨板,通用接骨板,固定板,纯钛,万向锁定加压/直形/灭菌,乙类,1149.00,
gz_nhsa_consumables_C03111508002022,C03111508002022,骨科材料,接骨板,通用接骨板,固定板,纯钛,万向锁定加压/直形/非灭菌,乙类,1209.00,
gz_nhsa_consumables_C03111508002024,C03111508002024,骨科材料,接骨板,通用接骨板,固定板,纯钛,万向锁定加压/弧形/非灭菌,乙类,1114.00,
gz_nhsa_consumables_C03111508002025,C03111508002025,骨科材料,接骨板,通用接骨板,固定板,纯钛,万向锁定加压/管形/灭菌,乙类,1170.00,
gz_nhsa_consumables_C03111508002026,C03111508002026,骨科材料,接骨板,通用接骨板,固定板,纯钛,万向锁定加压/管形/非灭菌,乙类,1149.00,
gz_nhsa_consumables_C03111508002028,C03111508002028,骨科材料,接骨板,通用接骨板,固定板,纯钛,万向锁定加压/钩形/非灭菌,乙类,1168.00,
gz_nhsa_consumables_C03111508002029,C03111508002029,骨科材料,接骨板,通用接骨板,固定板,纯钛,万向锁定加压/异形/灭菌,乙类,1149.00,
gz_nhsa_consumables_C03111508002030,C03111508002030,骨科材料,接骨板,通用接骨板,固定板,纯钛,万向锁定加压/异形/非灭菌,乙类,1149.00,
gz_nhsa_consumables_C03111508003002,C03111508003002,骨科材料,接骨板,通用接骨板,固定板,钛合金,普通/直形/非灭,乙类,954.00,
gz_nhsa_consumables_C03111508003004,C03111508003004,骨科材料,接骨板,通用接骨板,固定板,钛合金,菌普通/弧形/非灭,乙类,1127.00,
gz_nhsa_consumables_C03111508003006,C03111508003006,骨科材料,接骨板,通用接骨板,固定板,钛合金,菌普通/管形/非灭,乙类,1127.00,
gz_nhsa_consumables_C03111508003008,C03111508003008,骨科材料,接骨板,通用接骨板,固定板,钛合金,菌普通/钩形/非灭,乙类,954.00,
gz_nhsa_consumables_C03111508003010,C03111508003010,骨科材料,接骨板,通用接骨板,固定板,钛合金,菌普通/异形/非灭,乙类,906.00,
gz_nhsa_consumables_C03111508003011,C03111508003011,骨科材料,接骨板,通用接骨板,固定板,钛合金,锁菌定加压/直形/灭菌,乙类,634.00,
gz_nhsa_consumables_C03111508003012,C03111508003012,骨科材料,接骨板,通用接骨板,固定板,钛合金,锁定加压/直形/非灭菌,乙类,981.00,
gz_nhsa_consumables_C03111508003013,C03111508003013,骨科材料,接骨板,通用接骨板,固定板,钛合金,锁定加压/弧形/灭菌,乙类,634.00,
gz_nhsa_consumables_C03111508003014,C03111508003014,骨科材料,接骨板,通用接骨板,固定板,钛合金,锁定加压/弧形/非灭菌,乙类,1126.00,
gz_nhsa_consumables_C03111508003016,C03111508003016,骨科材料,接骨板,通用接骨板,固定板,钛合金,锁定加压/管形/非灭菌,乙类,1111.00,
gz_nhsa_consumables_C03111508003019,C03111508003019,骨科材料,接骨板,通用接骨板,固定板,钛合金,锁定加压/异形/灭菌,乙类,518.00,
gz_nhsa_consumables_C03111508003020,C03111508003020,骨科材料,接骨板,通用接骨板,固定板,钛合金,锁定加压/异形/非灭菌,乙类,1111.00,
gz_nhsa_consumables_C03111508003022,C03111508003022,骨科材料,接骨板,通用接骨板,固定板,钛合金,万向锁定加压/直形/非灭菌,乙类,1126.00,
gz_nhsa_consumables_C03111508003026,C03111508003026,骨科材料,接骨板,通用接骨板,固定板,钛合金,万向锁定加压/管形/非灭菌,乙类,671.00,
gz_nhsa_consumables_C03111508003030,C03111508003030,骨科材料,接骨板,通用接骨板,固定板,钛合金,万向锁定加压/异形/非灭菌,乙类,584.00,
gz_nhsa_consumables_C03111608001002,C03111608001002,骨科材料,接骨板,小儿接骨板,固定板,不锈钢,股骨/锁定加压,乙类,1162.00,
gz_nhsa_consumables_C03111608002001,C03111608002001,骨科材料,接骨板,小儿接骨板,固定板,纯钛,股骨/普通,乙类,899.43,
gz_nhsa_consumables_C03111608002002,C03111608002002,骨科材料,接骨板,小儿接骨板,固定板,纯钛,股骨/锁定加压,乙类,1208.00,
gz_nhsa_consumables_C03111608002003,C03111608002003,骨科材料,接骨板,小儿接骨板,固定板,纯钛,股骨/万向锁定加,乙类,292.00,
gz_nhsa_consumables_C03111608002005,C03111608002005,骨科材料,接骨板,小儿接骨板,固定板,纯钛,压胫骨/锁定加压,乙类,1240.00,
gz_nhsa_consumables_C03111608002007,C03111608002007,骨科材料,接骨板,小儿接骨板,固定板,纯钛,肱骨/普通,乙类,1042.00,
gz_nhsa_consumables_C03111608002008,C03111608002008,骨科材料,接骨板,小儿接骨板,固定板,纯钛,肱骨/锁定加压,乙类,646.00,
gz_nhsa_consumables_C03111608002010,C03111608002010,骨科材料,接骨板,小儿接骨板,固定板,纯钛,尺骨/普通,乙类,860.00,
gz_nhsa_consumables_C03111608002011,C03111608002011,骨科材料,接骨板,小儿接骨板,固定板,纯钛,尺骨/锁定加压,乙类,696.00,
gz_nhsa_consumables_C03111608002015,C03111608002015,骨科材料,接骨板,小儿接骨板,固定板,纯钛,桡骨/万向锁定加,乙类,1162.00,
gz_nhsa_consumables_C03111608002018,C03111608002018,骨科材料,接骨板,小儿接骨板,固定板,纯钛,压手部/万向锁定加,乙类,930.00,
gz_nhsa_consumables_C03111608003002,C03111608003002,骨科材料,接骨板,小儿接骨板,固定板,钛合金,压股骨/锁定加压,乙类,711.00,
gz_nhsa_consumables_C03111708002003,C03111708002003,骨科材料,接骨板,矫形板,固定板,纯钛,肘部/成人,乙类,313.00,
gz_nhsa_consumables_C03111708002005,C03111708002005,骨科材料,接骨板,矫形板,固定板,纯钛,前臂/成人,乙类,659.00,
gz_nhsa_consumables_C03111708002007,C03111708002007,骨科材料,接骨板,矫形板,固定板,纯钛,掌指骨/成人,乙类,788.00,
gz_nhsa_consumables_C03111708002009,C03111708002009,骨科材料,接骨板,矫形板,固定板,纯钛,髋部/成人,乙类,1162.00,
gz_nhsa_consumables_C03111708002011,C03111708002011,骨科材料,接骨板,矫形板,固定板,纯钛,膝部/成人,乙类,893.00,
gz_nhsa_consumables_C03111708002013,C03111708002013,骨科材料,接骨板,矫形板,固定板,纯钛,踝部/成人,乙类,870.00,
gz_nhsa_consumables_C03111708002015,C03111708002015,骨科材料,接骨板,矫形板,固定板,纯钛,前中足/成人,乙类,1252.00,
gz_nhsa_consumables_C03111708003005,C03111708003005,骨科材料,接骨板,矫形板,固定板,钛合金,前臂/成人,乙类,265.00,
gz_nhsa_consumables_C03111708003009,C03111708003009,骨科材料,接骨板,矫形板,固定板,钛合金,髋部/成人,乙类,1139.00,
gz_nhsa_consumables_C03111708003010,C03111708003010,骨科材料,接骨板,矫形板,固定板,钛合金,髋部/小儿,乙类,518.00,
gz_nhsa_consumables_C03111708003011,C03111708003011,骨科材料,接骨板,矫形板,固定板,钛合金,膝部/成人,乙类,1170.00,
gz_nhsa_consumables_C03111708003013,C03111708003013,骨科材料,接骨板,矫形板,固定板,钛合金,踝部/成人,乙类,261.00,
gz_nhsa_consumables_C03111708003015,C03111708003015,骨科材料,接骨板,矫形板,固定板,钛合金,前中足/成人,乙类,1104.00,
gz_nhsa_consumables_C03111708003017,C03111708003017,骨科材料,接骨板,矫形板,固定板,钛合金,后足/成人,乙类,588.00,
gz_nhsa_consumables_C03111908001002,C03111908001002,骨科材料,接骨板,其他接骨板,固定板,不锈钢,锁定加压,乙类,7222.22,
gz_nhsa_consumables_C03111908002001,C03111908002001,骨科材料,接骨板,其他接骨板,固定板,纯钛,普通,乙类,945.00,
gz_nhsa_consumables_C03111908002002,C03111908002002,骨科材料,接骨板,其他接骨板,固定板,纯钛,锁定加压,乙类,1248.00,
gz_nhsa_consumables_C03111908002003,C03111908002003,骨科材料,接骨板,其他接骨板,固定板,纯钛,万向锁定加压,乙类,1168.00,
gz_nhsa_consumables_C03111908003001,C03111908003001,骨科材料,接骨板,其他接骨板,固定板,钛合,普通,乙类,1030.00,
gz_nhsa_consumables_C03111908003002,C03111908003002,骨科材料,接骨板,其他接骨板,固定板,金钛合金,锁定加压,乙类,1149.00,
gz_nhsa_consumables_C03112008001023,C03112008001023,骨科材料,接骨板,关节融合板,固定板,不锈钢,掌指/锁定加压,乙类,840.00,
gz_nhsa_consumables_C03112008002002,C03112008002002,骨科材料,接骨板,关节融合板,固定板,纯钛,肩/锁定加压,乙类,1050.00,
gz_nhsa_consumables_C03112008002005,C03112008002005,骨科材料,接骨板,关节融合板,固定板,纯钛,肘/锁定加压,乙类,1050.00,
gz_nhsa_consumables_C03112008002009,C03112008002009,骨科材料,接骨板,关节融合板,固定板,纯钛,腕/万向锁定加压,乙类,1020.00,
gz_nhsa_consumables_C03112008002017,C03112008002017,骨科材料,接骨板,关节融合板,固定板,纯钛,踝/锁定加压,乙类,1124.00,
gz_nhsa_consumables_C03112008002020,C03112008002020,骨科材料,接骨板,关节融合板,固定板,纯钛,足/锁定加压,乙类,1158.00,
gz_nhsa_consumables_C03112008002021,C03112008002021,骨科材料,接骨板,关节融合板,固定板,纯钛,足/万向锁定加压,乙类,1153.00,
gz_nhsa_consumables_C03112008002023,C03112008002023,骨科材料,接骨板,关节融合板,固定板,纯钛,掌指/锁定加压,乙类,1101.00,
gz_nhsa_consumables_C03112008002024,C03112008002024,骨科材料,接骨板,关节融合板,固定板,纯钛,掌指/万向锁定加,乙类,1020.00,
gz_nhsa_consumables_C03112008003008,C03112008003008,骨科材料,接骨板,关节融合板,固定板,钛合金,压腕/锁定加压,乙类,574.00,
gz_nhsa_consumables_C03112008003017,C03112008003017,骨科材料,接骨板,关节融合板,固定板,钛合金,踝/锁定加压,乙类,675.00,
gz_nhsa_consumables_C03112008003020,C03112008003020,骨科材料,接骨板,关节融合板,固定板,钛合金,足/锁定加压,乙类,638.00,
gz_nhsa_consumables_C03112108002004,C03112108002004,骨科材料,接骨板,肩胛骨接骨板,固定板,纯钛,锁定加压/非灭菌,乙类,987.00,
gz_nhsa_consumables_C03120107901001,C03120107901001,骨科材料,螺钉,万向锁定螺钉,螺钉,不锈钢,灭菌/直径≤2.7mm以下,乙类,201.54,
gz_nhsa_consumables_C03120107901002,C03120107901002,骨科材料,螺钉,万向锁定螺钉,螺钉,不锈钢,灭菌/2.7＜直径≤4mm,乙类,25.00,
gz_nhsa_consumables_C03120107903001,C03120107903001,骨科材料,螺钉,万向锁定螺钉,螺钉,钛合金,灭菌/直径≤2.7mm以下,乙类,82.00,
gz_nhsa_consumables_C03120107903002,C03120107903002,骨科材料,螺钉,万向锁定螺钉,螺钉,钛合金,灭菌/2.7＜直径≤4mm,乙类,82.00,
gz_nhsa_consumables_C03120107903003,C03120107903003,骨科材料,螺钉,万向锁定螺钉,螺钉,钛合金,灭菌/直径＞4mm以上,乙类,82.00,
gz_nhsa_consumables_C03120107903004,C03120107903004,骨科材料,螺钉,万向锁定螺钉,螺钉,钛合金,非灭菌/直径≤2.7mm以下,乙类,82.00,
gz_nhsa_consumables_C03120107903005,C03120107903005,骨科材料,螺钉,万向锁定螺钉,螺钉,钛合金,非灭菌/2.7＜直径≤4mm,乙类,82.00,
gz_nhsa_consumables_C03120107903006,C03120107903006,骨科材料,螺钉,万向锁定螺钉,螺钉,钛合金,非灭菌/直径＞4mm以上,乙类,82.00,
gz_nhsa_consumables_C03120107904002,C03120107904002,骨科材料,螺钉,万向锁定螺钉,螺钉,其他合金,灭菌/2.7＜直径≤4mm,乙类,82.00,
gz_nhsa_consumables_C03120107904003,C03120107904003,骨科材料,螺钉,万向锁定螺钉,螺钉,其他合金,灭菌/直径＞4mm以上,乙类,82.00,
gz_nhsa_consumables_C03120107904004,C03120107904004,骨科材料,螺钉,万向锁定螺钉,螺钉,其他合金,非灭菌/直径≤2.7mm以下,乙类,82.00,
gz_nhsa_consumables_C03120107904005,C03120107904005,骨科材料,螺钉,万向锁定螺钉,螺钉,其他合金,非灭菌/2.7＜直径≤4mm,乙类,82.00,
gz_nhsa_consumables_C03120107904006,C03120107904006,骨科材料,螺钉,万向锁定螺钉,螺钉,其他合金,非灭菌/直径＞4mm以上,乙类,82.00,
gz_nhsa_consumables_C03120207901001,C03120207901001,骨科材料,螺钉,普通锁定螺钉,螺钉,不锈钢,灭菌/直径≤2.7mm以下,乙类,25.00,
gz_nhsa_consumables_C03120207901003,C03120207901003,骨科材料,螺钉,普通锁定螺钉,螺钉,不锈钢,灭菌/直径＞4mm以上,乙类,147.00,
gz_nhsa_consumables_C03120207901004,C03120207901004,骨科材料,螺钉,普通锁定螺钉,螺钉,不锈钢,非灭菌/直径≤2.7mm以下,乙类,82.00,
gz_nhsa_consumables_C03120207901005,C03120207901005,骨科材料,螺钉,普通锁定螺钉,螺钉,不锈钢,非灭菌/2.7＜直径≤4mm,乙类,82.00,
gz_nhsa_consumables_C03120207901006,C03120207901006,骨科材料,螺钉,普通锁定螺钉,螺钉,不锈钢,非灭菌/直径＞4mm以上,乙类,147.00,
gz_nhsa_consumables_C03120207903001,C03120207903001,骨科材料,螺钉,普通锁定螺钉,螺钉,钛合金,灭菌/直径≤2.7mm以下,乙类,82.00,
gz_nhsa_consumables_C03120207903002,C03120207903002,骨科材料,螺钉,普通锁定螺钉,螺钉,钛合金,灭菌/2.7＜直径≤4mm,乙类,82.00,
gz_nhsa_consumables_C03120207903003,C03120207903003,骨科材料,螺钉,普通锁定螺钉,螺钉,钛合金,灭菌/直径＞4mm以上,乙类,82.00,
gz_nhsa_consumables_C03120207903004,C03120207903004,骨科材料,螺钉,普通锁定螺钉,螺钉,钛合金,非灭菌/直径≤2.7mm以下,乙类,650.00,
gz_nhsa_consumables_C03120207903005,C03120207903005,骨科材料,螺钉,普通锁定螺钉,螺钉,钛合金,非灭菌/2.7＜直径≤4mm,乙类,650.00,
gz_nhsa_consumables_C03120207903006,C03120207903006,骨科材料,螺钉,普通锁定螺钉,螺钉,钛合金,非灭菌/直径＞4mm以上,乙类,724.00,
gz_nhsa_consumables_C03120207904001,C03120207904001,骨科材料,螺钉,普通锁定螺钉,螺钉,其他合金,灭菌/直径≤2.7mm以下,乙类,147.00,
gz_nhsa_consumables_C03120207904004,C03120207904004,骨科材料,螺钉,普通锁定螺钉,螺钉,其他合金,非灭菌/直径≤2.7mm以下,乙类,147.00,
gz_nhsa_consumables_C03120207904005,C03120207904005,骨科材料,螺钉,普通锁定螺钉,螺钉,其他合金,非灭菌/2.7＜直径≤4mm,乙类,3120.00,
gz_nhsa_consumables_C03120207904006,C03120207904006,骨科材料,螺钉,普通锁定螺钉,螺钉,其他合金,非灭菌/直径＞4mm以上,乙类,129.00,
gz_nhsa_consumables_C03120307901001,C03120307901001,骨科材料,螺钉,皮质骨螺钉,螺钉,不锈钢,灭菌/直径≤2.7mm以下,乙类,65.18,
gz_nhsa_consumables_C03120307901003,C03120307901003,骨科材料,螺钉,皮质骨螺钉,螺钉,不锈钢,灭菌/直径＞4mm以上,乙类,9646.95,
gz_nhsa_consumables_C03120307901004,C03120307901004,骨科材料,螺钉,皮质骨螺钉,螺钉,不锈钢,非灭菌/直径≤2.7mm以下,乙类,20.00,
gz_nhsa_consumables_C03120307901005,C03120307901005,骨科材料,螺钉,皮质骨螺钉,螺钉,不锈钢,非灭菌/2.7＜直径≤4mm,乙类,22.00,
gz_nhsa_consumables_C03120307901006,C03120307901006,骨科材料,螺钉,皮质骨螺钉,螺钉,不锈钢,非灭菌/直径＞4mm以上,乙类,21.00,
gz_nhsa_consumables_C03120307903001,C03120307903001,骨科材料,螺钉,皮质骨螺钉,螺钉,钛合金,灭菌/直径≤2.7mm以下,乙类,26.00,
gz_nhsa_consumables_C03120307903002,C03120307903002,骨科材料,螺钉,皮质骨螺钉,螺钉,钛合金,灭菌/2.7＜直径≤4mm,乙类,26.00,
gz_nhsa_consumables_C03120307903003,C03120307903003,骨科材料,螺钉,皮质骨螺钉,螺钉,钛合金,灭菌/直径＞4mm以上,乙类,26.00,
gz_nhsa_consumables_C03120307903004,C03120307903004,骨科材料,螺钉,皮质骨螺钉,螺钉,钛合金,非灭菌/直径≤2.7mm以下,乙类,28.00,
gz_nhsa_consumables_C03120307903005,C03120307903005,骨科材料,螺钉,皮质骨螺钉,螺钉,钛合金,非灭菌/2.7＜直径≤4mm,乙类,82.00,
gz_nhsa_consumables_C03120307903006,C03120307903006,骨科材料,螺钉,皮质骨螺钉,螺钉,钛合金,非灭菌/直径＞4mm以上,乙类,28.00,
gz_nhsa_consumables_C03120307904001,C03120307904001,骨科材料,螺钉,皮质骨螺钉,螺钉,其他材料,灭菌/直径≤2.7mm以下,乙类,26.00,
gz_nhsa_consumables_C03120307904002,C03120307904002,骨科材料,螺钉,皮质骨螺钉,螺钉,其他材料,灭菌/2.7＜直径≤4mm,乙类,5015.18,
gz_nhsa_consumables_C03120307904003,C03120307904003,骨科材料,螺钉,皮质骨螺钉,螺钉,其他材料,灭菌/直径＞4mm以上,乙类,6027.40,
gz_nhsa_consumables_C03120407901002,C03120407901002,骨科材料,螺钉,松质骨螺钉,螺钉,不锈钢,锁定/全螺纹/灭菌/2.7＜直径≤4mm,乙类,41.00,
gz_nhsa_consumables_C03120407901005,C03120407901005,骨科材料,螺钉,松质骨螺钉,螺钉,不锈钢,锁定/全螺纹/非灭菌/2.7＜直径≤4mm,乙类,16691.73,
gz_nhsa_consumables_C03120407901008,C03120407901008,骨科材料,螺钉,松质骨螺钉,螺钉,不锈钢,锁定/非全螺纹/灭菌/2.7＜直径≤4mm,乙类,392.97,
gz_nhsa_consumables_C03120407901017,C03120407901017,骨科材料,螺钉,松质骨螺钉,螺钉,不锈钢,非锁定/全螺纹/非灭菌/2.7＜直径≤4mm,乙类,31.00,
gz_nhsa_consumables_C03120407901018,C03120407901018,骨科材料,螺钉,松质骨螺钉,螺钉,不锈钢,非锁定/全螺纹/非灭菌/直径＞4mm以上,乙类,38.00,
gz_nhsa_consumables_C03120407901023,C03120407901023,骨科材料,螺钉,松质骨螺钉,螺钉,不锈钢,非锁定/非全螺纹/非灭菌/2.7＜直径≤,乙类,31.00,
gz_nhsa_consumables_C03120407901024,C03120407901024,骨科材料,螺钉,松质骨螺钉,螺钉,不锈钢,-非mm锁定/非全螺纹/非灭菌/直径＞4mm以,乙类,31.00,
gz_nhsa_consumables_C03120407903004,C03120407903004,骨科材料,螺钉,松质骨螺钉,螺钉,钛合金,上锁定/全螺纹/非灭菌/直径≤2.7mm以下,乙类,25.00,
gz_nhsa_consumables_C03120407903005,C03120407903005,骨科材料,螺钉,松质骨螺钉,螺钉,钛合金,锁定/全螺纹/非灭菌/2.7＜直径≤4mm,乙类,82.00,
gz_nhsa_consumables_C03120407903006,C03120407903006,骨科材料,螺钉,松质骨螺钉,螺钉,钛合金,锁定/全螺纹/非灭菌/直径＞4mm以上,乙类,82.00,
gz_nhsa_consumables_C03120407903011,C03120407903011,骨科材料,螺钉,松质骨螺钉,螺钉,钛合金,锁定/非全螺纹/非灭菌/2.7＜直径≤,乙类,39.00,
gz_nhsa_consumables_C03120407903012,C03120407903012,骨科材料,螺钉,松质骨螺钉,螺钉,钛合金,-m锁m定/非全螺纹/非灭菌/直径＞4mm以,乙类,82.00,
gz_nhsa_consumables_C03120407903013,C03120407903013,骨科材料,螺钉,松质骨螺钉,螺钉,钛合金,非上锁定/全螺纹/灭菌/直径≤2.7mm以下,乙类,41.00,
gz_nhsa_consumables_C03120407903014,C03120407903014,骨科材料,螺钉,松质骨螺钉,螺钉,钛合金,非锁定/全螺纹/灭菌/2.7＜直径≤4mm,乙类,39.00,
gz_nhsa_consumables_C03120407903015,C03120407903015,骨科材料,螺钉,松质骨螺钉,螺钉,钛合金,非锁定/全螺纹/灭菌/直径＞4mm以上,乙类,39.00,
gz_nhsa_consumables_C03120407903016,C03120407903016,骨科材料,螺钉,松质骨螺钉,螺钉,钛合金,非锁定/全螺纹/非灭菌/直径≤2.7mm以下,乙类,39.00,
gz_nhsa_consumables_C03120407903017,C03120407903017,骨科材料,螺钉,松质骨螺钉,螺钉,钛合金,非锁定/全螺纹/非灭菌/2.7＜直径≤4mm,乙类,41.00,
gz_nhsa_consumables_C03120407903018,C03120407903018,骨科材料,螺钉,松质骨螺钉,螺钉,钛合金,非锁定/全螺纹/非灭菌/直径＞4mm以上,乙类,39.00,
gz_nhsa_consumables_C03120407903020,C03120407903020,骨科材料,螺钉,松质骨螺钉,螺钉,钛合金,非锁定/非全螺纹/灭菌/2.7＜直径≤4mm,乙类,39.00,
gz_nhsa_consumables_C03120407903021,C03120407903021,骨科材料,螺钉,松质骨螺钉,螺钉,钛合金,非锁定/非全螺纹/灭菌/直径＞4mm以上,乙类,39.00,
gz_nhsa_consumables_C03120407903023,C03120407903023,骨科材料,螺钉,松质骨螺钉,螺钉,钛合金,非锁定/非全螺纹/非灭菌/2.7＜直径≤,乙类,39.00,
gz_nhsa_consumables_C03120407903024,C03120407903024,骨科材料,螺钉,松质骨螺钉,螺钉,钛合金,-非mm锁定/非全螺纹/非灭菌/直径＞4mm以,乙类,39.00,
gz_nhsa_consumables_C03120407904013,C03120407904013,骨科材料,螺钉,松质骨螺钉,螺钉,其他材料,非上锁定/全螺纹/灭菌/直径≤2.7mm以下,乙类,4521.84,
gz_nhsa_consumables_C03120407904014,C03120407904014,骨科材料,螺钉,松质骨螺钉,螺钉,其他材料,非锁定/全螺纹/灭菌/2.7＜直径≤4mm,乙类,4779.50,
gz_nhsa_consumables_C03120407904015,C03120407904015,骨科材料,螺钉,松质骨螺钉,螺钉,其他材料,非锁定/全螺纹/灭菌/直径＞4mm以上,乙类,6016.02,
gz_nhsa_consumables_C03120407904019,C03120407904019,骨科材料,螺钉,松质骨螺钉,螺钉,其他材料,非锁定/非全螺纹/灭菌/直径≤2.7mm以下,乙类,41.00,
gz_nhsa_consumables_C03120407904020,C03120407904020,骨科材料,螺钉,松质骨螺钉,螺钉,其他材料,非锁定/非全螺纹/灭菌/2.7＜直径≤4mm,乙类,4246.00,
gz_nhsa_consumables_C03120407904021,C03120407904021,骨科材料,螺钉,松质骨螺钉,螺钉,其他材料,非锁定/非全螺纹/灭菌/直径＞4mm以上,乙类,4162.00,
gz_nhsa_consumables_C03120507901001,C03120507901001,骨科材料,螺钉,空心钉,螺钉,不锈钢,埋头/锁定/灭菌/直径≤4mm以下,乙类,242.00,
gz_nhsa_consumables_C03120507901007,C03120507901007,骨科材料,螺钉,空心钉,螺钉,不锈钢,埋头/非锁定/灭菌/直径≤4mm以下,乙类,1892.48,
gz_nhsa_consumables_C03120507901008,C03120507901008,骨科材料,螺钉,空心钉,螺钉,不锈钢,埋头/非锁定/灭菌/4＜直径≤7mm,乙类,8956.36,
gz_nhsa_consumables_C03120507901010,C03120507901010,骨科材料,螺钉,空心钉,螺钉,不锈钢,埋头/非锁定/非灭菌/直径≤4mm以下,乙类,1627.50,
gz_nhsa_consumables_C03120507901011,C03120507901011,骨科材料,螺钉,空心钉,螺钉,不锈钢,埋头/非锁定/非灭菌/4＜直径≤7mm,乙类,127.00,
gz_nhsa_consumables_C03120507901012,C03120507901012,骨科材料,螺钉,空心钉,螺钉,不锈钢,埋头/非锁定/非灭菌/直径＞7mm以上,乙类,127.00,
gz_nhsa_consumables_C03120507901017,C03120507901017,骨科材料,螺钉,空心钉,螺钉,不锈钢,非埋头/锁定/非灭菌/4＜直径≤7mm,乙类,127.00,
gz_nhsa_consumables_C03120507901018,C03120507901018,骨科材料,螺钉,空心钉,螺钉,不锈钢,非埋头/锁定/非灭菌/直径＞7mm以上,乙类,127.00,
gz_nhsa_consumables_C03120507901019,C03120507901019,骨科材料,螺钉,空心钉,螺钉,不锈钢,非埋头/非锁定/灭菌/直径≤4mm以下,乙类,127.00,
gz_nhsa_consumables_C03120507901022,C03120507901022,骨科材料,螺钉,空心钉,螺钉,不锈钢,非埋头/非锁定/非灭菌/直径≤4mm以下,乙类,127.00,
gz_nhsa_consumables_C03120507901023,C03120507901023,骨科材料,螺钉,空心钉,螺钉,不锈钢,非埋头/非锁定/非灭菌/4＜直径≤7mm,乙类,127.00,
gz_nhsa_consumables_C03120507901024,C03120507901024,骨科材料,螺钉,空心钉,螺钉,不锈钢,非埋头/非锁定/非灭菌/直径＞7mm以上,乙类,127.00,
gz_nhsa_consumables_C03120507903001,C03120507903001,骨科材料,螺钉,空心钉,螺钉,钛合金,埋头/锁定/灭菌/直径≤4mm以下,乙类,159.00,
gz_nhsa_consumables_C03120507903002,C03120507903002,骨科材料,螺钉,空心钉,螺钉,钛合金,埋头/锁定/灭菌/4＜直径≤,乙类,159.00,
gz_nhsa_consumables_C03120507903003,C03120507903003,骨科材料,螺钉,空心钉,螺钉,钛合金,-m埋m头/锁定/灭菌/直径＞7mm以上,乙类,149.00,
gz_nhsa_consumables_C03120507903004,C03120507903004,骨科材料,螺钉,空心钉,螺钉,钛合金,埋头/锁定/非灭菌/直径≤4mm以下,乙类,159.00,
gz_nhsa_consumables_C03120507903005,C03120507903005,骨科材料,螺钉,空心钉,螺钉,钛合金,埋头/锁定/非灭菌/4＜直径≤7mm,乙类,159.00,
gz_nhsa_consumables_C03120507903006,C03120507903006,骨科材料,螺钉,空心钉,螺钉,钛合金,埋头/锁定/非灭菌/直径＞7mm以上,乙类,159.00,
gz_nhsa_consumables_C03120507903007,C03120507903007,骨科材料,螺钉,空心钉,螺钉,钛合金,埋头/非锁定/灭菌/直径≤4mm以下,乙类,159.00,
gz_nhsa_consumables_C03120507903008,C03120507903008,骨科材料,螺钉,空心钉,螺钉,钛合金,埋头/非锁定/灭菌/4＜直径≤7mm,乙类,159.00,
gz_nhsa_consumables_C03120507903009,C03120507903009,骨科材料,螺钉,空心钉,螺钉,钛合金,埋头/非锁定/灭菌/直径＞7mm以上,乙类,159.00,
gz_nhsa_consumables_C03120507903010,C03120507903010,骨科材料,螺钉,空心钉,螺钉,钛合金,埋头/非锁定/非灭菌/直径≤4mm以下,乙类,159.00,
gz_nhsa_consumables_C03120507903011,C03120507903011,骨科材料,螺钉,空心钉,螺钉,钛合金,埋头/非锁定/非灭菌/4＜直径≤7mm,乙类,159.00,
gz_nhsa_consumables_C03120507903012,C03120507903012,骨科材料,螺钉,空心钉,螺钉,钛合金,埋头/非锁定/非灭菌/直径＞7mm以上,乙类,159.00,
gz_nhsa_consumables_C03120507903013,C03120507903013,骨科材料,螺钉,空心钉,螺钉,钛合金,非埋头/锁定/灭菌/直径≤4mm以下,乙类,159.00,
gz_nhsa_consumables_C03120507903014,C03120507903014,骨科材料,螺钉,空心钉,螺钉,钛合金,非埋头/锁定/灭菌/4＜直径≤7mm,乙类,159.00,
gz_nhsa_consumables_C03120507903015,C03120507903015,骨科材料,螺钉,空心钉,螺钉,钛合金,非埋头/锁定/灭菌/直径＞7mm以上,乙类,159.00,
gz_nhsa_consumables_C03120507903016,C03120507903016,骨科材料,螺钉,空心钉,螺钉,钛合金,非埋头/锁定/非灭菌/直径≤4mm以下,乙类,238.00,
gz_nhsa_consumables_C03120507903017,C03120507903017,骨科材料,螺钉,空心钉,螺钉,钛合金,非埋头/锁定/非灭菌/4＜直径≤7mm,乙类,238.00,
gz_nhsa_consumables_C03120507903018,C03120507903018,骨科材料,螺钉,空心钉,螺钉,钛合金,非埋头/锁定/非灭菌/直径＞7mm以上,乙类,159.00,
gz_nhsa_consumables_C03120507903019,C03120507903019,骨科材料,螺钉,空心钉,螺钉,钛合金,非埋头/非锁定/灭菌/直径≤4mm以下,乙类,159.00,
gz_nhsa_consumables_C03120507903020,C03120507903020,骨科材料,螺钉,空心钉,螺钉,钛合金,非埋头/非锁定/灭菌/4＜直径≤7mm,乙类,159.00,
gz_nhsa_consumables_C03120507903021,C03120507903021,骨科材料,螺钉,空心钉,螺钉,钛合金,非埋头/非锁定/灭菌/直径＞7mm以上,乙类,159.00,
gz_nhsa_consumables_C03120507903022,C03120507903022,骨科材料,螺钉,空心钉,螺钉,钛合金,非埋头/非锁定/非灭菌/直径≤4mm以下,乙类,159.00,
gz_nhsa_consumables_C03120507903023,C03120507903023,骨科材料,螺钉,空心钉,螺钉,钛合金,非埋头/非锁定/非灭菌/4＜直径≤7mm,乙类,159.00,
gz_nhsa_consumables_C03120507903024,C03120507903024,骨科材料,螺钉,空心钉,螺钉,钛合金,非埋头/非锁定/非灭菌/直径＞7mm以上,乙类,159.00,
gz_nhsa_consumables_C03120607901000,C03120607901000,骨科材料,螺钉,胸肋骨螺钉,螺钉,不锈,常规,乙类,500.00,
gz_nhsa_consumables_C03120607902000,C03120607902000,骨科材料,螺钉,胸肋骨螺钉,螺钉,钢纯钛,常规,乙类,500.00,
gz_nhsa_consumables_C03120607903000,C03120607903000,骨科材料,螺钉,胸肋骨螺钉,螺钉,钛合,常规,乙类,82.00,
gz_nhsa_consumables_C03120707903001,C03120707903001,骨科材料,螺钉,其他螺钉,螺钉,-钛合金,灭菌/直径≤4mm以下,乙类,82.00,
gz_nhsa_consumables_C03120707903002,C03120707903002,骨科材料,螺钉,其他螺钉,螺钉,钛合金,灭菌/4＜直径≤7mm,乙类,491.00,
gz_nhsa_consumables_C03120707903004,C03120707903004,骨科材料,螺钉,其他螺钉,螺钉,钛合金,非灭菌/直径≤4mm以下,乙类,400.00,
gz_nhsa_consumables_C03120707903005,C03120707903005,骨科材料,螺钉,其他螺钉,螺钉,钛合金,非灭菌/4＜直径≤7mm,乙类,491.00,
gz_nhsa_consumables_C03120707903006,C03120707903006,骨科材料,螺钉,其他螺钉,螺钉,钛合金,非灭菌/直径＞7mm以上,乙类,26.00,
gz_nhsa_consumables_C03130108603001,C03130108603001,骨科材料,髓内钉,锁骨髓内钉,髓内钉,钛合金,直型/灭菌,乙类,685.00,
gz_nhsa_consumables_C03130108603002,C03130108603002,骨科材料,髓内钉,锁骨髓内钉,髓内钉,钛合金,直型/非灭菌,乙类,685.00,
gz_nhsa_consumables_C03130108603004,C03130108603004,骨科材料,髓内钉,锁骨髓内钉,髓内钉,钛合金,弯形/非灭菌,乙类,685.00,
gz_nhsa_consumables_C03130208601002,C03130208601002,骨科材料,髓内钉,肱骨髓内钉,髓内钉,不锈钢,近端短型/直型/非灭菌,乙类,91.00,
gz_nhsa_consumables_C03130208601006,C03130208601006,骨科材料,髓内钉,肱骨髓内钉,髓内钉,不锈钢,近端长型/直型/非灭菌,乙类,1050.00,
gz_nhsa_consumables_C03130208601008,C03130208601008,骨科材料,髓内钉,肱骨髓内钉,髓内钉,不锈钢,近端长型/弯形/非灭菌,乙类,1306.00,
gz_nhsa_consumables_C03130208601010,C03130208601010,骨科材料,髓内钉,肱骨髓内钉,髓内钉,不锈钢,肱骨干/直型/非灭,乙类,1216.00,
gz_nhsa_consumables_C03130208601012,C03130208601012,骨科材料,髓内钉,肱骨髓内钉,髓内钉,不锈钢,肱菌骨干/弯形/非灭,乙类,1140.00,
gz_nhsa_consumables_C03130208603001,C03130208603001,骨科材料,髓内钉,肱骨髓内钉,髓内钉,钛合金,近菌端短型/直型/灭菌,乙类,1456.00,
gz_nhsa_consumables_C03130208603002,C03130208603002,骨科材料,髓内钉,肱骨髓内钉,髓内钉,钛合金,近端短型/直型/非灭菌,乙类,1456.00,
gz_nhsa_consumables_C03130208603003,C03130208603003,骨科材料,髓内钉,肱骨髓内钉,髓内钉,钛合金,近端短型/弯形/灭菌,乙类,1456.00,
gz_nhsa_consumables_C03130208603004,C03130208603004,骨科材料,髓内钉,肱骨髓内钉,髓内钉,钛合金,近端短型/弯形/非灭菌,乙类,1456.00,
gz_nhsa_consumables_C03130208603006,C03130208603006,骨科材料,髓内钉,肱骨髓内钉,髓内钉,钛合金,近端长型/直型/非灭菌,乙类,1503.00,
gz_nhsa_consumables_C03130208603007,C03130208603007,骨科材料,髓内钉,肱骨髓内钉,髓内钉,钛合金,近端长型/弯形/灭菌,乙类,1456.00,
gz_nhsa_consumables_C03130208603008,C03130208603008,骨科材料,髓内钉,肱骨髓内钉,髓内钉,钛合金,近端长型/弯形/非灭菌,乙类,1456.00,
gz_nhsa_consumables_C03130208603009,C03130208603009,骨科材料,髓内钉,肱骨髓内钉,髓内钉,钛合金,肱骨干/直型/灭菌,乙类,1456.00,
gz_nhsa_consumables_C03130208603010,C03130208603010,骨科材料,髓内钉,肱骨髓内钉,髓内钉,钛合金,肱骨干/直型/非灭,乙类,1476.00,
gz_nhsa_consumables_C03130208603012,C03130208603012,骨科材料,髓内钉,肱骨髓内钉,髓内钉,钛合金,肱菌骨干/弯形/非灭,乙类,1456.00,
gz_nhsa_consumables_C03130308603004,C03130308603004,骨科材料,髓内钉,尺骨髓内钉,髓内钉,钛合金,菌近端/弯形/非灭,乙类,1499.00,
gz_nhsa_consumables_C03130308603005,C03130308603005,骨科材料,髓内钉,尺骨髓内钉,髓内钉,钛合金,菌骨干/直型/灭菌,乙类,1499.00,
gz_nhsa_consumables_C03130308603006,C03130308603006,骨科材料,髓内钉,尺骨髓内钉,髓内钉,钛合金,骨干/直型/非灭,乙类,1519.00,
gz_nhsa_consumables_C03130308603008,C03130308603008,骨科材料,髓内钉,尺骨髓内钉,髓内钉,钛合金,菌骨干/弯形/非灭,乙类,1499.00,
gz_nhsa_consumables_C03130308603012,C03130308603012,骨科材料,髓内钉,尺骨髓内钉,髓内钉,钛合金,菌远端/弯形/非灭,乙类,1499.00,
gz_nhsa_consumables_C03130408601004,C03130408601004,骨科材料,髓内钉,桡骨髓内钉,髓内钉,不锈钢,菌骨干/非灭菌,乙类,838.00,
gz_nhsa_consumables_C03130408603002,C03130408603002,骨科材料,髓内钉,桡骨髓内钉,髓内钉,钛合金,近端/非灭菌,乙类,1104.00,
gz_nhsa_consumables_C03130408603004,C03130408603004,骨科材料,髓内钉,桡骨髓内钉,髓内钉,钛合金,骨干/非灭菌,乙类,1142.00,
gz_nhsa_consumables_C03130508601001,C03130508601001,骨科材料,髓内钉,股骨髓内钉,髓内钉,不锈钢,近端/顺行/灭菌,乙类,1124.37,
gz_nhsa_consumables_C03130508601002,C03130508601002,骨科材料,髓内钉,股骨髓内钉,髓内钉,不锈钢,近端/顺行/非灭,乙类,1032.00,
gz_nhsa_consumables_C03130508601005,C03130508601005,骨科材料,髓内钉,股骨髓内钉,髓内钉,不锈钢,菌干部/顺行/灭菌,乙类,1496.00,
gz_nhsa_consumables_C03130508601006,C03130508601006,骨科材料,髓内钉,股骨髓内钉,髓内钉,不锈钢,干部/顺行/非灭,乙类,1032.00,
gz_nhsa_consumables_C03130508601010,C03130508601010,骨科材料,髓内钉,股骨髓内钉,髓内钉,不锈钢,菌远端/顺行/非灭,乙类,1032.00,
gz_nhsa_consumables_C03130508601012,C03130508601012,骨科材料,髓内钉,股骨髓内钉,髓内钉,不锈钢,菌远端/逆行/非灭,乙类,1032.00,
gz_nhsa_consumables_C03130508603001,C03130508603001,骨科材料,髓内钉,股骨髓内钉,髓内钉,钛合金,菌近端/顺行/灭菌,乙类,1646.00,
gz_nhsa_consumables_C03130508603002,C03130508603002,骨科材料,髓内钉,股骨髓内钉,髓内钉,钛合金,近端/顺行/非灭,乙类,1692.00,
gz_nhsa_consumables_C03130508603003,C03130508603003,骨科材料,髓内钉,股骨髓内钉,髓内钉,钛合金,菌近端/逆行/灭菌,乙类,1646.00,
gz_nhsa_consumables_C03130508603004,C03130508603004,骨科材料,髓内钉,股骨髓内钉,髓内钉,钛合金,近端/逆行/非灭,乙类,1646.00,
gz_nhsa_consumables_C03130508603005,C03130508603005,骨科材料,髓内钉,股骨髓内钉,髓内钉,钛合金,菌干部/顺行/灭菌,乙类,1646.00,
gz_nhsa_consumables_C03130508603006,C03130508603006,骨科材料,髓内钉,股骨髓内钉,髓内钉,钛合金,干部/顺行/非灭,乙类,1656.00,
gz_nhsa_consumables_C03130508603008,C03130508603008,骨科材料,髓内钉,股骨髓内钉,髓内钉,钛合金,菌干部/逆行/非灭,乙类,1646.00,
gz_nhsa_consumables_C03130508603009,C03130508603009,骨科材料,髓内钉,股骨髓内钉,髓内钉,钛合金,远端/顺行/灭菌,乙类,1646.00,
gz_nhsa_consumables_C03130508603010,C03130508603010,骨科材料,髓内钉,股骨髓内钉,髓内钉,钛合金,远端/顺行/非灭,乙类,1646.00,
gz_nhsa_consumables_C03130508603011,C03130508603011,骨科材料,髓内钉,股骨髓内钉,髓内钉,钛合金,菌远端/逆行/灭菌,乙类,1646.00,
gz_nhsa_consumables_C03130508603012,C03130508603012,骨科材料,髓内钉,股骨髓内钉,髓内钉,钛合金,远端/逆行/非灭,乙类,1692.00,
gz_nhsa_consumables_C03130608601002,C03130608601002,骨科材料,髓内钉,胫骨髓内钉,髓内钉,不锈钢,菌骨干/直型/非灭,乙类,550.00,
gz_nhsa_consumables_C03130608601004,C03130608601004,骨科材料,髓内钉,胫骨髓内钉,髓内钉,不锈钢,菌骨干/弯形/非灭,乙类,1095.00,
gz_nhsa_consumables_C03130608601012,C03130608601012,骨科材料,髓内钉,胫骨髓内钉,髓内钉,不锈钢,菌远端/弯形/非灭,乙类,1095.00,
gz_nhsa_consumables_C03130608603001,C03130608603001,骨科材料,髓内钉,胫骨髓内钉,髓内钉,钛合金,菌骨干/直型/灭菌,乙类,1517.00,
gz_nhsa_consumables_C03130608603002,C03130608603002,骨科材料,髓内钉,胫骨髓内钉,髓内钉,钛合金,骨干/直型/非灭,乙类,1564.00,
gz_nhsa_consumables_C03130608603003,C03130608603003,骨科材料,髓内钉,胫骨髓内钉,髓内钉,钛合金,菌骨干/弯形/灭菌,乙类,1517.00,
gz_nhsa_consumables_C03130608603004,C03130608603004,骨科材料,髓内钉,胫骨髓内钉,髓内钉,钛合金,骨干/弯形/非灭,乙类,1537.00,
gz_nhsa_consumables_C03130608603006,C03130608603006,骨科材料,髓内钉,胫骨髓内钉,髓内钉,钛合金,干菌骺端/直型/非灭,乙类,1517.00,
gz_nhsa_consumables_C03130608603007,C03130608603007,骨科材料,髓内钉,胫骨髓内钉,髓内钉,钛合金,干菌骺端/弯形/灭菌,乙类,1517.00,
gz_nhsa_consumables_C03130608603008,C03130608603008,骨科材料,髓内钉,胫骨髓内钉,髓内钉,钛合金,干骺端/弯形/非灭,乙类,1537.00,
gz_nhsa_consumables_C03130608603009,C03130608603009,骨科材料,髓内钉,胫骨髓内钉,髓内钉,钛合金,菌远端/直型/灭菌,乙类,1517.00,
gz_nhsa_consumables_C03130608603010,C03130608603010,骨科材料,髓内钉,胫骨髓内钉,髓内钉,钛合金,远端/直型/非灭,乙类,1531.00,
gz_nhsa_consumables_C03130608603012,C03130608603012,骨科材料,髓内钉,胫骨髓内钉,髓内钉,钛合金,菌远端/弯形/非灭,乙类,1517.00,
gz_nhsa_consumables_C03130708603002,C03130708603002,骨科材料,髓内钉,腓骨髓内钉,髓内钉,钛合金,菌直型/非灭菌,乙类,1385.00,
gz_nhsa_consumables_C03130708603004,C03130708603004,骨科材料,髓内钉,腓骨髓内钉,髓内钉,钛合金,弯形/非灭菌,乙类,1405.00,
gz_nhsa_consumables_C03130808603002,C03130808603002,骨科材料,髓内钉,足踝髓内钉,髓内钉,钛合金,直型/非灭菌,乙类,2284.00,
gz_nhsa_consumables_C03130808603004,C03130808603004,骨科材料,髓内钉,足踝髓内钉,髓内钉,钛合金,弯形/非灭菌,乙类,2284.00,
gz_nhsa_consumables_C03130908601004,C03130908601004,骨科材料,髓内钉,弹性髓内钉,髓内钉,不锈钢,带尾帽/弯形/非灭,乙类,700.00,
gz_nhsa_consumables_C03130908601006,C03130908601006,骨科材料,髓内钉,弹性髓内钉,髓内钉,不锈钢,不菌带尾帽/直型/非灭菌,乙类,700.00,
gz_nhsa_consumables_C03130908601008,C03130908601008,骨科材料,髓内钉,弹性髓内钉,髓内钉,不锈钢,不带尾帽/弯形/非灭菌,乙类,460.63,
gz_nhsa_consumables_C03130908603001,C03130908603001,骨科材料,髓内钉,弹性髓内钉,髓内钉,钛合金,带尾帽/直型/灭菌,乙类,711.00,
gz_nhsa_consumables_C03130908603002,C03130908603002,骨科材料,髓内钉,弹性髓内钉,髓内钉,钛合金,带尾帽/直型/非灭,乙类,723.00,
gz_nhsa_consumables_C03130908603003,C03130908603003,骨科材料,髓内钉,弹性髓内钉,髓内钉,钛合金,带菌尾帽/弯形/灭菌,乙类,731.00,
gz_nhsa_consumables_C03130908603004,C03130908603004,骨科材料,髓内钉,弹性髓内钉,髓内钉,钛合金,带尾帽/弯形/非灭,乙类,731.00,
gz_nhsa_consumables_C03130908603005,C03130908603005,骨科材料,髓内钉,弹性髓内钉,髓内钉,钛合金,不菌带尾帽/直型/灭菌,乙类,730.00,
gz_nhsa_consumables_C03130908603006,C03130908603006,骨科材料,髓内钉,弹性髓内钉,髓内钉,钛合金,不带尾帽/直型/非灭菌,乙类,730.00,
gz_nhsa_consumables_C03130908603007,C03130908603007,骨科材料,髓内钉,弹性髓内钉,髓内钉,钛合金,不带尾帽/弯形/灭菌,乙类,720.00,
gz_nhsa_consumables_C03130908603008,C03130908603008,骨科材料,髓内钉,弹性髓内钉,髓内钉,钛合金,不带尾帽/弯形/非灭菌,乙类,725.00,
gz_nhsa_consumables_C03131008601002,C03131008601002,骨科材料,髓内钉,其他髓内钉,髓内钉,不锈钢,非交锁/直型/非灭,乙类,628.00,
gz_nhsa_consumables_C03131008601006,C03131008601006,骨科材料,髓内钉,其他髓内钉,髓内钉,不锈钢,菌交锁/直型/非灭,乙类,1496.00,
gz_nhsa_consumables_C03131008603002,C03131008603002,骨科材料,髓内钉,其他髓内钉,髓内钉,钛合金,非菌交锁/直型/非灭,乙类,100.00,
gz_nhsa_consumables_C03131008603004,C03131008603004,骨科材料,髓内钉,其他髓内钉,髓内钉,钛合金,非交锁/弯形/非灭,乙类,1419.00,
gz_nhsa_consumables_C03131008603008,C03131008603008,骨科材料,髓内钉,其他髓内钉,髓内钉,钛合金,菌交锁/弯形/非灭,乙类,1656.00,
gz_nhsa_consumables_C03131108601002,C03131108601002,骨科材料,髓内钉,髓内钉配件,髓内钉,不锈钢,菌尾帽/非灭菌,乙类,30.00,
gz_nhsa_consumables_C03131108601004,C03131108601004,骨科材料,髓内钉,髓内钉配件,髓内钉,不锈钢,交锁钉/非灭菌,乙类,599.00,
gz_nhsa_consumables_C03131108601006,C03131108601006,骨科材料,髓内钉,髓内钉配件,髓内钉,不锈钢,锁定螺钉/非灭菌,乙类,255.00,
gz_nhsa_consumables_C03131108601008,C03131108601008,骨科材料,髓内钉,髓内钉配件,髓内钉,不锈钢,螺旋刀片/非灭菌,乙类,400.00,
gz_nhsa_consumables_C03131108601010,C03131108601010,骨科材料,髓内钉,髓内钉配件,髓内钉,不锈钢,拉力螺钉/非灭菌,乙类,270.00,
gz_nhsa_consumables_C03131108603001,C03131108603001,骨科材料,髓内钉,髓内钉配件,髓内钉,钛合金,尾帽/灭菌,乙类,136.00,
gz_nhsa_consumables_C03131108603002,C03131108603002,骨科材料,髓内钉,髓内钉配件,髓内钉,钛合金,尾帽/非灭菌,乙类,350.00,
gz_nhsa_consumables_C03131108603003,C03131108603003,骨科材料,髓内钉,髓内钉配件,髓内钉,钛合金,交锁钉/灭菌,乙类,647.00,
gz_nhsa_consumables_C03131108603004,C03131108603004,骨科材料,髓内钉,髓内钉配件,髓内钉,钛合金,交锁钉/非灭菌,乙类,800.00,
gz_nhsa_consumables_C03131108603005,C03131108603005,骨科材料,髓内钉,髓内钉配件,髓内钉,钛合金,锁定螺钉/灭菌,乙类,647.00,
gz_nhsa_consumables_C03131108603006,C03131108603006,骨科材料,髓内钉,髓内钉配件,髓内钉,钛合金,锁定螺钉/非灭菌,乙类,647.00,
gz_nhsa_consumables_C03131108603007,C03131108603007,骨科材料,髓内钉,髓内钉配件,髓内钉,钛合金,螺旋刀片/灭菌,乙类,700.00,
gz_nhsa_consumables_C03131108603008,C03131108603008,骨科材料,髓内钉,髓内钉配件,髓内钉,钛合金,螺旋刀片/非灭菌,乙类,1310.00,
gz_nhsa_consumables_C03131108603009,C03131108603009,骨科材料,髓内钉,髓内钉配件,髓内钉,钛合金,拉力螺钉/灭菌,乙类,550.00,
gz_nhsa_consumables_C03131108603010,C03131108603010,骨科材料,髓内钉,髓内钉配件,髓内钉,钛合金,拉力螺钉/非灭菌,乙类,1310.00,
gz_nhsa_consumables_C03131108603011,C03131108603011,骨科材料,髓内钉,髓内钉配件,髓内钉,钛合金,联合螺钉/灭菌,乙类,550.00,
gz_nhsa_consumables_C03131108603012,C03131108603012,骨科材料,髓内钉,髓内钉配件,髓内钉,钛合金,联合螺钉/非灭菌,乙类,640.00,
gz_nhsa_consumables_C03131108603015,C03131108603015,骨科材料,髓内钉,髓内钉配件,髓内钉,钛合金,稳定（防旋）螺钉/灭菌,乙类,65.00,
gz_nhsa_consumables_C03131108603016,C03131108603016,骨科材料,髓内钉,髓内钉配件,髓内钉,钛合金,稳定（防旋）螺钉/非灭菌,乙类,940.00,
gz_nhsa_consumables_C03131108603018,C03131108603018,骨科材料,髓内钉,髓内钉配件,髓内钉,钛合金,定位器/非灭菌,乙类,20.00,
gz_nhsa_consumables_C03131108603019,C03131108603019,骨科材料,髓内钉,髓内钉配件,髓内钉,钛合金,加压螺钉/灭菌,乙类,647.00,
gz_nhsa_consumables_C03131108603020,C03131108603020,骨科材料,髓内钉,髓内钉配件,髓内钉,钛合金,加压螺钉/非灭菌,乙类,940.00,
gz_nhsa_consumables_C03140108701001,C03140108701001,骨科材料,外固定架系统,外固定架固定针,外固定系统,不锈钢,单针/灭菌,乙类,18.57,
gz_nhsa_consumables_C03140108701002,C03140108701002,骨科材料,外固定架系统,外固定架固定针,外固定系统,不锈钢,单针/非灭菌,乙类,127.51,
gz_nhsa_consumables_C03140108701003,C03140108701003,骨科材料,外固定架系统,外固定架固定针,外固定系统,不锈钢,夹持针/灭菌,乙类,417.34,
gz_nhsa_consumables_C03140108701004,C03140108701004,骨科材料,外固定架系统,外固定架固定针,外固定系统,不锈钢,夹持针/非灭菌,乙类,463.01,
gz_nhsa_consumables_C03140108703001,C03140108703001,骨科材料,外固定架系统,外固定架固定针,外固定系统,钛合金,单针/灭菌,乙类,1604.86,
gz_nhsa_consumables_C03140108703002,C03140108703002,骨科材料,外固定架系统,外固定架固定针,外固定系统,钛合金,单针/非灭菌,乙类,197.62,
gz_nhsa_consumables_C03140108703003,C03140108703003,骨科材料,外固定架系统,外固定架固定针,外固定系统,钛合金,夹持针/灭菌,乙类,819.54,
gz_nhsa_consumables_C03140108703004,C03140108703004,骨科材料,外固定架系统,外固定架固定针,外固定系统,钛合金,夹持针/非灭菌,乙类,3357.66,
gz_nhsa_consumables_C03140108704002,C03140108704002,骨科材料,外固定架系统,外固定架固定针,外固定系统,铝合金,单针/非灭菌,乙类,4351.90,
gz_nhsa_consumables_C03140108704004,C03140108704004,骨科材料,外固定架系统,外固定架固定针,外固定系统,铝合金,夹持针/非灭菌,乙类,3357.66,
gz_nhsa_consumables_C03140208701001,C03140208701001,骨科材料,外固定架系统,外固定架固定夹,外固定系统,不锈钢,单孔/灭菌,乙类,962.01,
gz_nhsa_consumables_C03140208701002,C03140208701002,骨科材料,外固定架系统,外固定架固定夹,外固定系统,不锈钢,单孔/非灭菌,乙类,811.38,
gz_nhsa_consumables_C03140208701003,C03140208701003,骨科材料,外固定架系统,外固定架固定夹,外固定系统,不锈钢,多孔/灭菌,乙类,4918.65,
gz_nhsa_consumables_C03140208701004,C03140208701004,骨科材料,外固定架系统,外固定架固定夹,外固定系统,不锈钢,多孔/非灭菌,乙类,1701.04,
gz_nhsa_consumables_C03140208703001,C03140208703001,骨科材料,外固定架系统,外固定架固定夹,外固定系统,钛合金及其他,单孔/灭菌,乙类,2000.00,
gz_nhsa_consumables_C03140208703002,C03140208703002,骨科材料,外固定架系统,外固定架固定夹,外固定系统,钛合金及其他,单孔/非灭菌,乙类,1980.80,
gz_nhsa_consumables_C03140208703004,C03140208703004,骨科材料,外固定架系统,外固定架固定夹,外固定系统,钛合金及其他,多孔/非灭菌,乙类,1035.68,
gz_nhsa_consumables_C03140208704001,C03140208704001,骨科材料,外固定架系统,外固定架固定夹,外固定系统,铝合金,单孔/灭菌,乙类,700.00,
gz_nhsa_consumables_C03140208704002,C03140208704002,骨科材料,外固定架系统,外固定架固定夹,外固定系统,铝合金,单孔/非灭菌,乙类,2475.41,
gz_nhsa_consumables_C03140208704003,C03140208704003,骨科材料,外固定架系统,外固定架固定夹,外固定系统,铝合金,多孔/灭菌,乙类,1124.17,
gz_nhsa_consumables_C03140208704004,C03140208704004,骨科材料,外固定架系统,外固定架固定夹,外固定系统,铝合金,多孔/非灭菌,乙类,1210.45,
gz_nhsa_consumables_C03140308701001,C03140308701001,骨科材料,外固定架系统,外固定架连接棒（环）,外固定系统,不锈钢,直型/灭菌,乙类,1508.60,
gz_nhsa_consumables_C03140308701002,C03140308701002,骨科材料,外固定架系统,外固定架连接棒（环）,外固定系统,不锈钢,直型/非灭菌,乙类,1391.41,
gz_nhsa_consumables_C03140308701003,C03140308701003,骨科材料,外固定架系统,外固定架连接棒（环）,外固定系统,不锈钢,弧形/灭菌,乙类,918.47,
gz_nhsa_consumables_C03140308701004,C03140308701004,骨科材料,外固定架系统,外固定架连接棒（环）,外固定系统,不锈钢,弧形/非灭菌,乙类,1462.01,
gz_nhsa_consumables_C03140308701005,C03140308701005,骨科材料,外固定架系统,外固定架连接棒（环）,外固定系统,不锈钢,环形/灭菌,乙类,7223.63,
gz_nhsa_consumables_C03140308701006,C03140308701006,骨科材料,外固定架系统,外固定架连接棒（环）,外固定系统,不锈钢,环形/非灭菌,乙类,4207.45,
gz_nhsa_consumables_C03140308701007,C03140308701007,骨科材料,外固定架系统,外固定架连接棒（环）,外固定系统,不锈钢,一体化,乙类,1704.88,
gz_nhsa_consumables_C03140308703002,C03140308703002,骨科材料,外固定架系统,外固定架连接棒（环）,外固定系统,钛合金,直型/非灭菌,乙类,1902.00,
gz_nhsa_consumables_C03140308703003,C03140308703003,骨科材料,外固定架系统,外固定架连接棒（环）,外固定系统,钛合金,弧形/灭菌,乙类,7223.63,
gz_nhsa_consumables_C03140308703004,C03140308703004,骨科材料,外固定架系统,外固定架连接棒（环）,外固定系统,钛合金,弧形/非灭菌,乙类,6508.45,
gz_nhsa_consumables_C03140308703006,C03140308703006,骨科材料,外固定架系统,外固定架连接棒（环）,外固定系统,钛合金,环形/非灭菌,乙类,5340.67,
gz_nhsa_consumables_C03140308703007,C03140308703007,骨科材料,外固定架系统,外固定架连接棒（环）,外固定系统,钛合金,一体化,乙类,7223.63,
gz_nhsa_consumables_C03140308704001,C03140308704001,骨科材料,外固定架系统,外固定架连接棒（环）,外固定系统,碳素及其他,直型/灭菌,乙类,1521.45,
gz_nhsa_consumables_C03140308704002,C03140308704002,骨科材料,外固定架系统,外固定架连接棒（环）,外固定系统,碳素及其他,直型/非灭菌,乙类,1083.60,
gz_nhsa_consumables_C03140308704003,C03140308704003,骨科材料,外固定架系统,外固定架连接棒（环）,外固定系统,碳素及其他,弧形/灭菌,乙类,7223.63,
gz_nhsa_consumables_C03140308704004,C03140308704004,骨科材料,外固定架系统,外固定架连接棒（环）,外固定系统,碳素及其他,弧形/非灭菌,乙类,1580.00,
gz_nhsa_consumables_C03140308704006,C03140308704006,骨科材料,外固定架系统,外固定架连接棒（环）,外固定系统,碳素及其他,环形/非灭菌,乙类,1967.68,
gz_nhsa_consumables_C03140308704007,C03140308704007,骨科材料,外固定架系统,外固定架连接棒（环）,外固定系统,碳素及其他,一体化,乙类,7223.63,
gz_nhsa_consumables_C03140308705001,C03140308705001,骨科材料,外固定架系统,外固定架连接棒（环）,外固定系统,铝合金,直型/灭菌,乙类,1700.00,
gz_nhsa_consumables_C03140308705002,C03140308705002,骨科材料,外固定架系统,外固定架连接棒（环）,外固定系统,铝合金,直型/非灭菌,乙类,1139.17,
gz_nhsa_consumables_C03140308705003,C03140308705003,骨科材料,外固定架系统,外固定架连接棒（环）,外固定系统,铝合金,弧形/灭菌,乙类,7223.63,
gz_nhsa_consumables_C03140308705004,C03140308705004,骨科材料,外固定架系统,外固定架连接棒（环）,外固定系统,铝合金,弧形/非灭菌,乙类,1705.03,
gz_nhsa_consumables_C03140308705005,C03140308705005,骨科材料,外固定架系统,外固定架连接棒（环）,外固定系统,铝合金,环形/灭菌,乙类,1378.84,
gz_nhsa_consumables_C03140308705006,C03140308705006,骨科材料,外固定架系统,外固定架连接棒（环）,外固定系统,铝合金,环形/非灭菌,乙类,3920.35,
gz_nhsa_consumables_C03140308705007,C03140308705007,骨科材料,外固定架系统,外固定架连接棒（环）,外固定系统,铝合金,一体化,乙类,7235.86,
gz_nhsa_consumables_C03140408701001,C03140408701001,骨科材料,外固定架系统,外固定架配件,外固定系统,不锈钢,螺栓,乙类,730.84,
gz_nhsa_consumables_C03140408701002,C03140408701002,骨科材料,外固定架系统,外固定架配件,外固定系统,不锈钢,螺母,乙类,194.00,
gz_nhsa_consumables_C03140408701003,C03140408701003,骨科材料,外固定架系统,外固定架配件,外固定系统,不锈钢,铰链,乙类,2604.53,
gz_nhsa_consumables_C03140408701004,C03140408701004,骨科材料,外固定架系统,外固定架配件,外固定系统,不锈钢,螺纹杆,乙类,1154.57,
gz_nhsa_consumables_C03140408701005,C03140408701005,骨科材料,外固定架系统,外固定架配件,外固定系统,不锈钢,垫圈,乙类,992.18,
gz_nhsa_consumables_C03140408701006,C03140408701006,骨科材料,外固定架系统,外固定架配件,外固定系统,不锈钢,螺帽,乙类,202.52,
gz_nhsa_consumables_C03140408701007,C03140408701007,骨科材料,外固定架系统,外固定架配件,外固定系统,不锈钢,支撑柱,乙类,1516.07,
gz_nhsa_consumables_C03140408701008,C03140408701008,骨科材料,外固定架系统,外固定架配件,外固定系统,不锈钢,万向头,乙类,1901.46,
gz_nhsa_consumables_C03140408701009,C03140408701009,骨科材料,外固定架系统,外固定架配件,外固定系统,不锈钢,螺钉,乙类,673.73,
gz_nhsa_consumables_C03140408703001,C03140408703001,骨科材料,外固定架系统,外固定架配件,外固定系统,钛合金,螺栓,乙类,3362.67,
gz_nhsa_consumables_C03140408703004,C03140408703004,骨科材料,外固定架系统,外固定架配件,外固定系统,钛合金,螺纹杆,乙类,1417.50,
gz_nhsa_consumables_C03140408703005,C03140408703005,骨科材料,外固定架系统,外固定架配件,外固定系统,钛合金,垫圈,乙类,3362.67,
gz_nhsa_consumables_C03140408703006,C03140408703006,骨科材料,外固定架系统,外固定架配件,外固定系统,钛合金,螺帽,乙类,955.00,
gz_nhsa_consumables_C03140408703007,C03140408703007,骨科材料,外固定架系统,外固定架配件,外固定系统,钛合金,支撑柱,乙类,8478.75,
gz_nhsa_consumables_C03140408703008,C03140408703008,骨科材料,外固定架系统,外固定架配件,外固定系统,钛合金,万向头,乙类,3362.67,
gz_nhsa_consumables_C03140408704001,C03140408704001,骨科材料,外固定架系统,外固定架配件,外固定系统,铝合金,螺栓,乙类,3362.67,
gz_nhsa_consumables_C03140408704002,C03140408704002,骨科材料,外固定架系统,外固定架配件,外固定系统,铝合金,螺母,乙类,3362.67,
gz_nhsa_consumables_C03140408704003,C03140408704003,骨科材料,外固定架系统,外固定架配件,外固定系统,铝合金,铰链,乙类,356.32,
gz_nhsa_consumables_C03140408704004,C03140408704004,骨科材料,外固定架系统,外固定架配件,外固定系统,铝合金,螺纹杆,乙类,5055.00,
gz_nhsa_consumables_C03140408704005,C03140408704005,骨科材料,外固定架系统,外固定架配件,外固定系统,铝合金,垫圈,乙类,200.00,
gz_nhsa_consumables_C03140408704006,C03140408704006,骨科材料,外固定架系统,外固定架配件,外固定系统,铝合金,螺帽,乙类,1199.10,
gz_nhsa_consumables_C03140408704007,C03140408704007,骨科材料,外固定架系统,外固定架配件,外固定系统,铝合金,支撑柱,乙类,12323.57,
gz_nhsa_consumables_C03140408704008,C03140408704008,骨科材料,外固定架系统,外固定架配件,外固定系统,铝合金,万向头,乙类,5442.41,
gz_nhsa_consumables_C03140408705001,C03140408705001,骨科材料,外固定架系统,外固定架配件,外固定系统,碳纤维及其他,螺栓,乙类,3362.67,
gz_nhsa_consumables_C03140408705003,C03140408705003,骨科材料,外固定架系统,外固定架配件,外固定系统,碳纤维及其他,铰链,乙类,3362.67,
gz_nhsa_consumables_C03140408705004,C03140408705004,骨科材料,外固定架系统,外固定架配件,外固定系统,碳纤维及其他,螺纹杆,乙类,2334.23,
gz_nhsa_consumables_C03140408705007,C03140408705007,骨科材料,外固定架系统,外固定架配件,外固定系统,碳纤维及其他,支撑柱,乙类,185.99,
gz_nhsa_consumables_C03150108800000,C03150108800000,骨科材料,捆绑系统,线缆,捆绑材料,不区,常规,乙类,1407.55,
gz_nhsa_consumables_C03150208800000,C03150208800000,骨科材料,捆绑系统,针缆,捆绑材料,分不区,常规,乙类,17.53,
gz_nhsa_consumables_C03150308800000,C03150308800000,骨科材料,捆绑系统,钉缆,捆绑材料,分不区,常规,乙类,5090.31,
gz_nhsa_consumables_C03150408800000,C03150408800000,骨科材料,捆绑系统,胸骨结扎带,捆绑材料,分不区,常规,乙类,2724.26,
gz_nhsa_consumables_C03150508800000,C03150508800000,骨科材料,捆绑系统,捆绑带,捆绑材料,分不区,常规,乙类,1128.21,
gz_nhsa_consumables_C03150608800000,C03150608800000,骨科材料,捆绑系统,捆绑系统配件,捆绑材料,分不区分,常规,乙类,1823.99,
gz_nhsa_consumables_C03160108901001,C03160108901001,骨科材料,其他固定材料,克氏针,内固定材料,不锈钢,普通/灭菌,乙类,39.82,
gz_nhsa_consumables_C03160108901002,C03160108901002,骨科材料,其他固定材料,克氏针,内固定材料,不锈钢,普通/非灭菌,乙类,12.21,
gz_nhsa_consumables_C03160108901003,C03160108901003,骨科材料,其他固定材料,克氏针,内固定材料,不锈钢,带穿刺头/灭菌,乙类,32.77,
gz_nhsa_consumables_C03160108901004,C03160108901004,骨科材料,其他固定材料,克氏针,内固定材料,不锈钢,带穿刺头/非灭菌,乙类,277.15,
gz_nhsa_consumables_C03160108901005,C03160108901005,骨科材料,其他固定材料,克氏针,内固定材料,不锈钢,双精度尖端/灭菌,乙类,1376.25,
gz_nhsa_consumables_C03160108901006,C03160108901006,骨科材料,其他固定材料,克氏针,内固定材料,不锈钢,双精度尖端/非灭,乙类,108.15,
gz_nhsa_consumables_C03160108901007,C03160108901007,骨科材料,其他固定材料,克氏针,内固定材料,不锈钢,尖菌端带螺纹/灭菌,乙类,971.73,
gz_nhsa_consumables_C03160108901008,C03160108901008,骨科材料,其他固定材料,克氏针,内固定材料,不锈钢,尖端带螺纹/非灭,乙类,69.41,
gz_nhsa_consumables_C03160108903001,C03160108903001,骨科材料,其他固定材料,克氏针,内固定材料,钛合金,菌普通/灭菌,乙类,891.02,
gz_nhsa_consumables_C03160108903002,C03160108903002,骨科材料,其他固定材料,克氏针,内固定材料,钛合金,普通/非灭菌,乙类,702.59,
gz_nhsa_consumables_C03160108903003,C03160108903003,骨科材料,其他固定材料,克氏针,内固定材料,钛合金,带穿刺头/灭菌,乙类,1063.86,
gz_nhsa_consumables_C03160108903004,C03160108903004,骨科材料,其他固定材料,克氏针,内固定材料,钛合金,带穿刺头/非灭菌,乙类,668.51,
gz_nhsa_consumables_C03160108903005,C03160108903005,骨科材料,其他固定材料,克氏针,内固定材料,钛合金,双精度尖端/灭菌,乙类,958.63,
gz_nhsa_consumables_C03160108903006,C03160108903006,骨科材料,其他固定材料,克氏针,内固定材料,钛合金,双精度尖端/非灭,乙类,424.71,
gz_nhsa_consumables_C03160108903007,C03160108903007,骨科材料,其他固定材料,克氏针,内固定材料,钛合金,尖菌端带螺纹/灭菌,乙类,322.51,
gz_nhsa_consumables_C03160108903008,C03160108903008,骨科材料,其他固定材料,克氏针,内固定材料,钛合金,尖端带螺纹/非灭,乙类,3039.42,
gz_nhsa_consumables_C03160108904002,C03160108904002,骨科材料,其他固定材料,克氏针,内固定材料,其他,菌普通/非灭菌,乙类,2930.25,
gz_nhsa_consumables_C03160108904003,C03160108904003,骨科材料,其他固定材料,克氏针,内固定材料,其他,带穿刺头/灭菌,乙类,2930.25,
gz_nhsa_consumables_C03160108904004,C03160108904004,骨科材料,其他固定材料,克氏针,内固定材料,其他,带穿刺头/非灭菌,乙类,2930.25,
gz_nhsa_consumables_C03160108904006,C03160108904006,骨科材料,其他固定材料,克氏针,内固定材料,其他,双精度尖端/非灭,乙类,2930.25,
gz_nhsa_consumables_C03160209001001,C03160209001001,骨科材料,其他固定材,垫片,垫片,不锈,-灭菌,乙类,178.00,
gz_nhsa_consumables_C03160209002002,C03160209002002,骨科材料,其他料固定材,垫片,垫片,钢纯钛,非灭菌,乙类,2564.31,
gz_nhsa_consumables_C03160209003001,C03160209003001,骨科材料,其他料固定材,垫片,垫片,钛合,灭菌,乙类,178.00,
gz_nhsa_consumables_C03160209003002,C03160209003002,骨科材料,其他料固定材,垫片,垫片,金钛合,非灭菌,乙类,390.68,
gz_nhsa_consumables_C03160309103001,C03160309103001,骨科材料,其他料固定材料,接骨棒,接骨棒,金钛合金,直型/灭菌,乙类,3441.72,
gz_nhsa_consumables_C03160309103002,C03160309103002,骨科材料,其他固定材料,接骨棒,接骨棒,钛合金,直型/非灭菌,乙类,6500.00,
gz_nhsa_consumables_C03160309104002,C03160309104002,骨科材料,其他固定材料,接骨棒,接骨棒,其他,直型/灭菌,乙类,4162.00,
gz_nhsa_consumables_C03160509303001,C03160509303001,骨科材料,其他固定材,螺栓,螺栓,钛合,灭菌,乙类,1369.12,
gz_nhsa_consumables_C03160509303002,C03160509303002,骨科材料,其他料固定材,螺栓,螺栓,金钛合,非灭菌,乙类,10.00,
gz_nhsa_consumables_C03160609403001,C03160609403001,骨科材料,其他料固定材,堵孔塞,堵孔塞,金钛合,灭菌,乙类,500.00,
gz_nhsa_consumables_C03160609403002,C03160609403002,骨科材料,其他料固定材,堵孔塞,堵孔塞,金钛合,非灭菌,乙类,900.00,
gz_nhsa_consumables_C03160709500000,C03160709500000,骨科材料,其他料固定材料,胸肋骨环抱器,环抱器,金不区分,常规,乙类,1383.00,
gz_nhsa_consumables_C03160809600001,C03160809600001,骨科材料,其他固定材,肋骨髓内板,髓内板,不区,灭菌,乙类,3360.00,
gz_nhsa_consumables_C03160809600002,C03160809600002,骨科材料,其他料固定材,肋骨髓内板,髓内板,分不区,非灭菌,乙类,887.00,
gz_nhsa_consumables_C03170108901004,C03170108901004,骨科材料,-枕颈固定系统,枕骨板,内固定材料,-纯钛,固定板/一体式/非灭菌,乙类,3480.81,
gz_nhsa_consumables_C03170108902002,C03170108902002,骨科材料,枕颈固定系统,枕骨板,内固定材料,钛合金,固定板/分体式/非灭菌,乙类,40.00,
gz_nhsa_consumables_C03170108902004,C03170108902004,骨科材料,枕颈固定系统,枕骨板,内固定材料,钛合金,固定板/一体式/非灭菌,乙类,2662.39,
gz_nhsa_consumables_C03170108902006,C03170108902006,骨科材料,枕颈固定系统,枕骨板,内固定材料,钛合金,滑动板/分体式/非灭菌,乙类,2789.76,
gz_nhsa_consumables_C03170108902008,C03170108902008,骨科材料,枕颈固定系统,枕骨板,内固定材料,钛合金,滑动板/一体式/非灭菌,乙类,14400.00,
gz_nhsa_consumables_C03170208900001,C03170208900001,骨科材料,枕颈固定系统,枕骨棒,内固定材料,不区分,预弯棒/灭菌,乙类,99.00,
gz_nhsa_consumables_C03170208900002,C03170208900002,骨科材料,枕颈固定系统,枕骨棒,内固定材料,不区分,预弯棒/非灭菌,乙类,459.53,
gz_nhsa_consumables_C03170208900004,C03170208900004,骨科材料,枕颈固定系统,枕骨棒,内固定材料,不区分,关节棒/非灭菌,乙类,4500.00,
gz_nhsa_consumables_C03170208900006,C03170208900006,骨科材料,枕颈固定系统,枕骨棒,内固定材料,不区分,带板棒/非灭菌,乙类,5310.00,
gz_nhsa_consumables_C03170308900002,C03170308900002,骨科材料,枕颈固定系,枕骨夹,内固定材料,不区,非灭菌,乙类,6057.86,
gz_nhsa_consumables_C03170408900002,C03170408900002,骨科材料,枕颈统固定系,枕骨钉,内固定材料,分不区,非灭菌,乙类,1260.29,
gz_nhsa_consumables_C03170508900002,C03170508900002,骨科材料,枕颈统固定系,枕骨螺帽,内固定材料,分不区,非灭菌,乙类,78.38,
gz_nhsa_consumables_C03170608900000,C03170608900000,骨科材料,枕颈统固定系统,枕颈固定系统其他部件,内固定材料,分不区分,常规,乙类,3762.81,
gz_nhsa_consumables_C03180108900000,C03180108900000,骨科材料,寰枢椎前路固定系统,寰枢椎前路固定板,内固定材料,不区分,常规,乙类,11000.00,
gz_nhsa_consumables_C03180208900001,C03180208900001,骨科材料,寰枢椎前路固定系统,寰枢椎前路固定钉,内固定材料,不区分,全螺纹,乙类,500.00,
gz_nhsa_consumables_C03190308900003,C03190308900003,骨科材料,寰枢椎后路固定系统,寰枢椎后路固定钉,内固定材料,不区分,半螺纹/万向,乙类,1249.38,
gz_nhsa_consumables_C03190408900000,C03190408900000,骨科材料,寰枢椎后路固定系统,寰枢椎后路固定系统其他部件,内固定材料,不区分,常规,乙类,8570.00,
gz_nhsa_consumables_C03200108901001,C03200108901001,骨科材料,颈椎前路固定系统,颈椎前路锁定板,内固定材料,纯钛,≤4孔/混合固定/,乙类,1075.00,
gz_nhsa_consumables_C03200108901002,C03200108901002,骨科材料,颈椎前路固定系统,颈椎前路锁定板,内固定材料,纯钛,-≤菌4孔/混合固定/非灭菌,乙类,2027.38,
gz_nhsa_consumables_C03200108901003,C03200108901003,骨科材料,颈椎前路固定系统,颈椎前路锁定板,内固定材料,纯钛,≤4孔/半限制固定/灭菌,乙类,4072.00,
gz_nhsa_consumables_C03200108901004,C03200108901004,骨科材料,颈椎前路固定系统,颈椎前路锁定板,内固定材料,纯钛,≤4孔/半限制固定/非灭菌,乙类,3756.84,
gz_nhsa_consumables_C03200108901006,C03200108901006,骨科材料,颈椎前路固定系统,颈椎前路锁定板,内固定材料,纯钛,≤4孔/限制固定/非灭菌,乙类,1462.97,
gz_nhsa_consumables_C03200108901007,C03200108901007,骨科材料,颈椎前路固定系统,颈椎前路锁定板,内固定材料,纯钛,6孔/混合固定/灭,乙类,4072.00,
gz_nhsa_consumables_C03200108901008,C03200108901008,骨科材料,颈椎前路固定系统,颈椎前路锁定板,内固定材料,纯钛,6菌孔/混合固定/非灭菌,乙类,2240.28,
gz_nhsa_consumables_C03200108901009,C03200108901009,骨科材料,颈椎前路固定系统,颈椎前路锁定板,内固定材料,纯钛,6孔/半限制固定/灭菌,乙类,4072.00,
gz_nhsa_consumables_C03200108901010,C03200108901010,骨科材料,颈椎前路固定系统,颈椎前路锁定板,内固定材料,纯钛,6孔/半限制固定/非灭菌,乙类,3515.49,
gz_nhsa_consumables_C03200108901012,C03200108901012,骨科材料,颈椎前路固定系统,颈椎前路锁定板,内固定材料,纯钛,6孔/限制固定/非灭菌,乙类,3578.38,
gz_nhsa_consumables_C03200108901013,C03200108901013,骨科材料,颈椎前路固定系统,颈椎前路锁定板,内固定材料,纯钛,8孔/混合固定/灭,乙类,4072.00,
gz_nhsa_consumables_C03200108901014,C03200108901014,骨科材料,颈椎前路固定系统,颈椎前路锁定板,内固定材料,纯钛,8菌孔/混合固定/非灭菌,乙类,2358.09,
gz_nhsa_consumables_C03200108901015,C03200108901015,骨科材料,颈椎前路固定系统,颈椎前路锁定板,内固定材料,纯钛,8孔/半限制固定/灭菌,乙类,4072.00,
gz_nhsa_consumables_C03200108901016,C03200108901016,骨科材料,颈椎前路固定系统,颈椎前路锁定板,内固定材料,纯钛,8孔/半限制固定/非灭菌,乙类,3721.31,
gz_nhsa_consumables_C03200108901018,C03200108901018,骨科材料,颈椎前路固定系统,颈椎前路锁定板,内固定材料,纯钛,8孔/限制固定/非灭菌,乙类,4495.62,
gz_nhsa_consumables_C03200108901019,C03200108901019,骨科材料,颈椎前路固定系统,颈椎前路锁定板,内固定材料,纯钛,10孔/混合固定/,乙类,4072.00,
gz_nhsa_consumables_C03200108901020,C03200108901020,骨科材料,颈椎前路固定系统,颈椎前路锁定板,内固定材料,纯钛,-1菌0孔/混合固定/非灭菌,乙类,1220.00,
gz_nhsa_consumables_C03200108901021,C03200108901021,骨科材料,颈椎前路固定系统,颈椎前路锁定板,内固定材料,纯钛,10孔/半限制固定/灭菌,乙类,4072.00,
gz_nhsa_consumables_C03200108901022,C03200108901022,骨科材料,颈椎前路固定系统,颈椎前路锁定板,内固定材料,纯钛,10孔/半限制固定/非灭菌,乙类,2478.00,
gz_nhsa_consumables_C03200108901024,C03200108901024,骨科材料,颈椎前路固定系统,颈椎前路锁定板,内固定材料,纯钛,10孔/限制固定/非灭菌,乙类,1808.80,
gz_nhsa_consumables_C03200108901026,C03200108901026,骨科材料,颈椎前路固定系统,颈椎前路锁定板,内固定材料,纯钛,12孔/混合固定/非灭菌,乙类,2208.00,
gz_nhsa_consumables_C03200108901028,C03200108901028,骨科材料,颈椎前路固定系统,颈椎前路锁定板,内固定材料,纯钛,12孔/半限制固定/非灭菌,乙类,4072.00,
gz_nhsa_consumables_C03200108902001,C03200108902001,骨科材料,颈椎前路固定系统,颈椎前路锁定板,内固定材料,钛合金,≤4孔/混合固定/,乙类,10699.33,
gz_nhsa_consumables_C03200108902002,C03200108902002,骨科材料,颈椎前路固定系统,颈椎前路锁定板,内固定材料,钛合金,-≤菌4孔/混合固定/非灭菌,乙类,3268.06,
gz_nhsa_consumables_C03200108902003,C03200108902003,骨科材料,颈椎前路固定系统,颈椎前路锁定板,内固定材料,钛合金,≤4孔/半限制固定/灭菌,乙类,4072.00,
gz_nhsa_consumables_C03200108902004,C03200108902004,骨科材料,颈椎前路固定系统,颈椎前路锁定板,内固定材料,钛合金,≤4孔/半限制固定/非灭菌,乙类,3374.92,
gz_nhsa_consumables_C03200108902006,C03200108902006,骨科材料,颈椎前路固定系统,颈椎前路锁定板,内固定材料,钛合金,≤4孔/限制固定/非灭菌,乙类,5314.28,
gz_nhsa_consumables_C03200108902007,C03200108902007,骨科材料,颈椎前路固定系统,颈椎前路锁定板,内固定材料,钛合金,6孔/混合固定/灭,乙类,4072.00,
gz_nhsa_consumables_C03200108902008,C03200108902008,骨科材料,颈椎前路固定系统,颈椎前路锁定板,内固定材料,钛合金,6菌孔/混合固定/非灭菌,乙类,4067.17,
gz_nhsa_consumables_C03200108902009,C03200108902009,骨科材料,颈椎前路固定系统,颈椎前路锁定板,内固定材料,钛合金,6孔/半限制固定/灭菌,乙类,4072.00,
gz_nhsa_consumables_C03200108902010,C03200108902010,骨科材料,颈椎前路固定系统,颈椎前路锁定板,内固定材料,钛合金,6孔/半限制固定/非灭菌,乙类,3490.33,
gz_nhsa_consumables_C03200108902012,C03200108902012,骨科材料,颈椎前路固定系统,颈椎前路锁定板,内固定材料,钛合金,6孔/限制固定/非灭菌,乙类,3377.39,
gz_nhsa_consumables_C03200108902013,C03200108902013,骨科材料,颈椎前路固定系统,颈椎前路锁定板,内固定材料,钛合金,8孔/混合固定/灭,乙类,4072.00,
gz_nhsa_consumables_C03200108902014,C03200108902014,骨科材料,颈椎前路固定系统,颈椎前路锁定板,内固定材料,钛合金,8菌孔/混合固定/非灭菌,乙类,1873.80,
gz_nhsa_consumables_C03200108902015,C03200108902015,骨科材料,颈椎前路固定系统,颈椎前路锁定板,内固定材料,钛合金,8孔/半限制固定/灭菌,乙类,4072.00,
gz_nhsa_consumables_C03200108902016,C03200108902016,骨科材料,颈椎前路固定系统,颈椎前路锁定板,内固定材料,钛合金,8孔/半限制固定/非灭菌,乙类,3065.80,
gz_nhsa_consumables_C03200108902018,C03200108902018,骨科材料,颈椎前路固定系统,颈椎前路锁定板,内固定材料,钛合金,8孔/限制固定/非灭菌,乙类,3581.75,
gz_nhsa_consumables_C03200108902019,C03200108902019,骨科材料,颈椎前路固定系统,颈椎前路锁定板,内固定材料,钛合金,10孔/混合固定/,乙类,4072.00,
gz_nhsa_consumables_C03200108902020,C03200108902020,骨科材料,颈椎前路固定系统,颈椎前路锁定板,内固定材料,钛合金,-1菌0孔/混合固定/非灭菌,乙类,9873.33,
gz_nhsa_consumables_C03200108902021,C03200108902021,骨科材料,颈椎前路固定系统,颈椎前路锁定板,内固定材料,钛合金,10孔/半限制固定/灭菌,乙类,4072.00,
gz_nhsa_consumables_C03200108902022,C03200108902022,骨科材料,颈椎前路固定系统,颈椎前路锁定板,内固定材料,钛合金,10孔/半限制固定/非灭菌,乙类,50.00,
gz_nhsa_consumables_C03200108902024,C03200108902024,骨科材料,颈椎前路固定系统,颈椎前路锁定板,内固定材料,钛合金,10孔/限制固定/非灭菌,乙类,4072.00,
gz_nhsa_consumables_C03200108902025,C03200108902025,骨科材料,颈椎前路固定系统,颈椎前路锁定板,内固定材料,钛合金,12孔/混合固定/,乙类,4072.00,
gz_nhsa_consumables_C03200108902026,C03200108902026,骨科材料,颈椎前路固定系统,颈椎前路锁定板,内固定材料,钛合金,-1菌2孔/混合固定/非灭菌,乙类,4264.25,
gz_nhsa_consumables_C03200108902027,C03200108902027,骨科材料,颈椎前路固定系统,颈椎前路锁定板,内固定材料,钛合金,12孔/半限制固定/灭菌,乙类,4072.00,
gz_nhsa_consumables_C03200108902028,C03200108902028,骨科材料,颈椎前路固定系统,颈椎前路锁定板,内固定材料,钛合金,12孔/半限制固定/非灭菌,乙类,1200.00,
gz_nhsa_consumables_C03200108902030,C03200108902030,骨科材料,颈椎前路固定系统,颈椎前路锁定板,内固定材料,钛合金,12孔/限制固定/非灭菌,乙类,4072.00,
gz_nhsa_consumables_C03200208900001,C03200208900001,骨科材料,颈椎前路固定系统,颈椎前路滑动板,内固定材料,不区分,双向滑动/4孔/灭,乙类,21.00,
gz_nhsa_consumables_C03200208900002,C03200208900002,骨科材料,颈椎前路固定系统,颈椎前路滑动板,内固定材料,不区分,双菌向滑动/4孔/非灭菌,乙类,7370.14,
gz_nhsa_consumables_C03200208900003,C03200208900003,骨科材料,颈椎前路固定系统,颈椎前路滑动板,内固定材料,不区分,双向滑动/6孔/灭,乙类,4072.00,
gz_nhsa_consumables_C03200208900004,C03200208900004,骨科材料,颈椎前路固定系统,颈椎前路滑动板,内固定材料,不区分,双菌向滑动/6孔/非灭菌,乙类,8288.85,
gz_nhsa_consumables_C03200208900006,C03200208900006,骨科材料,颈椎前路固定系统,颈椎前路滑动板,内固定材料,不区分,双向滑动/8孔/非灭菌,乙类,6681.40,
gz_nhsa_consumables_C03200208900008,C03200208900008,骨科材料,颈椎前路固定系统,颈椎前路滑动板,内固定材料,不区分,双向滑动/10孔/非灭菌,乙类,4072.00,
gz_nhsa_consumables_C03200208900010,C03200208900010,骨科材料,颈椎前路固定系统,颈椎前路滑动板,内固定材料,不区分,双向滑动/12孔/非灭菌,乙类,4072.00,
gz_nhsa_consumables_C03200208900012,C03200208900012,骨科材料,颈椎前路固定系统,颈椎前路滑动板,内固定材料,不区分,单向滑动/4孔/非灭菌,乙类,4072.00,
gz_nhsa_consumables_C03200208900014,C03200208900014,骨科材料,颈椎前路固定系统,颈椎前路滑动板,内固定材料,不区分,单向滑动/6孔/非灭菌,乙类,4072.00,
gz_nhsa_consumables_C03200208900016,C03200208900016,骨科材料,颈椎前路固定系统,颈椎前路滑动板,内固定材料,不区分,单向滑动/8孔/非灭菌,乙类,4072.00,
gz_nhsa_consumables_C03200208900018,C03200208900018,骨科材料,颈椎前路固定系统,颈椎前路滑动板,内固定材料,不区分,单向滑动/10孔/非灭菌,乙类,4072.00,
gz_nhsa_consumables_C03200308901000,C03200308901000,骨科材料,颈椎前路固定系统,颈椎前路椎间融合固定装置,内固定材料,钛合金及其他,常规,乙类,2548.16,
gz_nhsa_consumables_C03200308902000,C03200308902000,骨科材料,颈椎前路固定系统,颈椎前路椎间融合固定装置,内固定材料,钛合金,常规,乙类,5498.11,
gz_nhsa_consumables_C03200308903000,C03200308903000,骨科材料,颈椎前路固定系统,颈椎前路椎间融合固定装置,内固定材料,聚醚醚酮（PEEK）,常规,乙类,1547.65,
gz_nhsa_consumables_C03200408900001,C03200408900001,骨科材料,颈椎前路固定系统,颈椎前路钉,内固定材料,不区分,固定角度/自攻/灭菌,乙类,292.55,
gz_nhsa_consumables_C03200408900002,C03200408900002,骨科材料,颈椎前路固定系统,颈椎前路钉,内固定材料,不区分,固定角度/自攻/非灭菌,乙类,199.99,
gz_nhsa_consumables_C03200408900003,C03200408900003,骨科材料,颈椎前路固定系统,颈椎前路钉,内固定材料,不区分,固定角度/自钻/灭菌,乙类,500.00,
gz_nhsa_consumables_C03200408900004,C03200408900004,骨科材料,颈椎前路固定系统,颈椎前路钉,内固定材料,不区分,固定角度/自钻/非灭菌,乙类,23.26,
gz_nhsa_consumables_C03200408900005,C03200408900005,骨科材料,颈椎前路固定系统,颈椎前路钉,内固定材料,不区分,可调角度/自攻/灭菌,乙类,500.00,
gz_nhsa_consumables_C03200408900006,C03200408900006,骨科材料,颈椎前路固定系统,颈椎前路钉,内固定材料,不区分,可调角度/自攻/非灭菌,乙类,45.93,
gz_nhsa_consumables_C03200408900007,C03200408900007,骨科材料,颈椎前路固定系统,颈椎前路钉,内固定材料,不区分,可调角度/自钻/灭菌,乙类,500.00,
gz_nhsa_consumables_C03200408900008,C03200408900008,骨科材料,颈椎前路固定系统,颈椎前路钉,内固定材料,不区分,可调角度/自钻/非灭菌,乙类,119.39,
gz_nhsa_consumables_C03200508900001,C03200508900001,骨科材料,颈椎前路固定系统,颈椎前路固定系统其他部件,内固定材料,不区分,融合器固定夹,乙类,9978.75,
gz_nhsa_consumables_C03200508900002,C03200508900002,骨科材料,颈椎前路固定系统,颈椎前路固定系统其他部件,内固定材料,不区分,融合器固定螺钉,乙类,1548.22,
gz_nhsa_consumables_C03210108901001,C03210108901001,骨科材料,颈椎后路固定系统,颈椎后路椎板成形板,内固定材料,纯钛,灭菌,乙类,3996.31,
gz_nhsa_consumables_C03210108901002,C03210108901002,骨科材料,颈椎后路固定系统,颈椎后路椎板成形板,内固定材料,纯钛,非灭菌,乙类,1154.28,
gz_nhsa_consumables_C03210108902002,C03210108902002,骨科材料,颈椎后路固定系统,颈椎后路椎板成形板,内固定材料,钛合金,非灭菌,乙类,650.00,
gz_nhsa_consumables_C03210208900001,C03210208900001,骨科材料,颈椎后路固定系统,颈椎后路固定板,内固定材料,不区分,灭菌,乙类,1690.00,
gz_nhsa_consumables_C03210208900002,C03210208900002,骨科材料,颈椎后路固定系统,颈椎后路固定板,内固定材料,不区分,非灭菌,乙类,3896.65,
gz_nhsa_consumables_C03210308901001,C03210308901001,骨科材料,颈椎后路固定系统,颈椎后路固定棒,内固定材料,钛合金,普通棒/灭菌,乙类,2714.27,
gz_nhsa_consumables_C03210308901002,C03210308901002,骨科材料,颈椎后路固定系统,颈椎后路固定棒,内固定材料,钛合金,普通棒/非灭菌,乙类,1100.90,
gz_nhsa_consumables_C03210308901003,C03210308901003,骨科材料,颈椎后路固定系统,颈椎后路固定棒,内固定材料,钛合金,预弯棒/灭菌,乙类,1819.00,
gz_nhsa_consumables_C03210308901004,C03210308901004,骨科材料,颈椎后路固定系统,颈椎后路固定棒,内固定材料,钛合金,预弯棒/非灭菌,乙类,341.63,
gz_nhsa_consumables_C03210308901006,C03210308901006,骨科材料,颈椎后路固定系统,颈椎后路固定棒,内固定材料,钛合金,关节棒/非灭菌,乙类,73.00,
gz_nhsa_consumables_C03210308901007,C03210308901007,骨科材料,颈椎后路固定系统,颈椎后路固定棒,内固定材料,钛合金,双直径棒/灭菌,乙类,1819.00,
gz_nhsa_consumables_C03210308901008,C03210308901008,骨科材料,颈椎后路固定系统,颈椎后路固定棒,内固定材料,钛合金,双直径棒/非灭菌,乙类,490.35,
gz_nhsa_consumables_C03210408900002,C03210408900002,骨科材料,颈椎后路固定系统,颈椎后路椎板钩,内固定材料,不区分,非灭菌,乙类,60.00,
gz_nhsa_consumables_C03210508900002,C03210508900002,骨科材料,颈椎后路固定系统,颈椎后路连接器,内固定材料,不区分,同轴/固定/非灭,乙类,261.00,
gz_nhsa_consumables_C03210508900004,C03210508900004,骨科材料,颈椎后路固定系统,颈椎后路连接器,内固定材料,不区分,菌同轴/可调/非灭,乙类,261.00,
gz_nhsa_consumables_C03210508900006,C03210508900006,骨科材料,颈椎后路固定系统,颈椎后路连接器,内固定材料,不区分,菌偏轴/固定/非灭,乙类,3177.50,
gz_nhsa_consumables_C03210508900008,C03210508900008,骨科材料,颈椎后路固定系统,颈椎后路连接器,内固定材料,不区分,菌偏轴/可调/非灭,乙类,1718.67,
gz_nhsa_consumables_C03210508900009,C03210508900009,骨科材料,颈椎后路固定系统,颈椎后路连接器,内固定材料,不区分,侧菌方开口/固定/灭菌,乙类,261.00,
gz_nhsa_consumables_C03210508900010,C03210508900010,骨科材料,颈椎后路固定系统,颈椎后路连接器,内固定材料,不区分,侧方开口/固定/非灭菌,乙类,914.08,
gz_nhsa_consumables_C03210508900012,C03210508900012,骨科材料,颈椎后路固定系统,颈椎后路连接器,内固定材料,不区分,侧方开口/可调/非灭菌,乙类,261.00,
gz_nhsa_consumables_C03210608900001,C03210608900001,骨科材料,颈椎后路固定系统,颈椎后路椎弓根/侧块螺钉,内固定材料,不区分,普通螺纹/长尾/全摆角,乙类,777.33,
gz_nhsa_consumables_C03210608900002,C03210608900002,骨科材料,颈椎后路固定系统,颈椎后路椎弓根/侧块螺钉,内固定材料,不区分,普通螺纹/长尾/偏角,乙类,618.00,
gz_nhsa_consumables_C03210608900003,C03210608900003,骨科材料,颈椎后路固定系统,颈椎后路椎弓根/侧块螺钉,内固定材料,不区分,普通螺纹/短尾/全摆角,乙类,1086.37,
gz_nhsa_consumables_C03210608900004,C03210608900004,骨科材料,颈椎后路固定系统,颈椎后路椎弓根/侧块螺钉,内固定材料,不区分,普通螺纹/短尾/偏角,乙类,373.62,
gz_nhsa_consumables_C03210608900005,C03210608900005,骨科材料,颈椎后路固定系统,颈椎后路椎弓根/侧块螺钉,内固定材料,不区分,皮质骨螺纹/长尾/全摆角,乙类,618.00,
gz_nhsa_consumables_C03210608900006,C03210608900006,骨科材料,颈椎后路固定系统,颈椎后路椎弓根/侧块螺钉,内固定材料,不区分,皮质骨螺纹/长尾/偏角,乙类,699.00,
gz_nhsa_consumables_C03210608900007,C03210608900007,骨科材料,颈椎后路固定系统,颈椎后路椎弓根/侧块螺钉,内固定材料,不区分,皮质骨螺纹/短尾/全摆角,乙类,1657.25,
gz_nhsa_consumables_C03210608900008,C03210608900008,骨科材料,颈椎后路固定系统,颈椎后路椎弓根/侧块螺钉,内固定材料,不区分,皮质骨螺纹/短尾/偏角,乙类,594.20,
gz_nhsa_consumables_C03210608900009,C03210608900009,骨科材料,颈椎后路固定系统,颈椎后路椎弓根/侧块螺钉,内固定材料,不区分,松质骨螺纹/长尾/全摆角,乙类,618.00,
gz_nhsa_consumables_C03210608900010,C03210608900010,骨科材料,颈椎后路固定系统,颈椎后路椎弓根/侧块螺钉,内固定材料,不区分,松质骨螺纹/长尾/偏角,乙类,618.00,
gz_nhsa_consumables_C03210608900011,C03210608900011,骨科材料,颈椎后路固定系统,颈椎后路椎弓根/侧块螺钉,内固定材料,不区分,松质骨螺纹/短尾/全摆角,乙类,3489.90,
gz_nhsa_consumables_C03210608900012,C03210608900012,骨科材料,颈椎后路固定系统,颈椎后路椎弓根/侧块螺钉,内固定材料,不区分,松质骨螺纹/短尾/偏角,乙类,144.80,
gz_nhsa_consumables_C03210708900001,C03210708900001,骨科材料,颈椎后路固定系统,颈椎后路横连,内固定材料,不区分,可调/灭菌,乙类,342.00,
gz_nhsa_consumables_C03210708900002,C03210708900002,骨科材料,颈椎后路固定系统,颈椎后路横连,内固定材料,不区分,可调/非灭菌,乙类,1148.18,
gz_nhsa_consumables_C03210708900004,C03210708900004,骨科材料,颈椎后路固定系统,颈椎后路横连,内固定材料,不区分,固定/非灭菌,乙类,541.80,
gz_nhsa_consumables_C03210808900001,C03210808900001,骨科材料,颈椎后路固定系统,颈椎后路椎板成形钉,内固定材料,不区分,自攻/灭菌,乙类,721.00,
gz_nhsa_consumables_C03210808900002,C03210808900002,骨科材料,颈椎后路固定系统,颈椎后路椎板成形钉,内固定材料,不区分,自攻/非灭菌,乙类,76.14,
gz_nhsa_consumables_C03210808900003,C03210808900003,骨科材料,颈椎后路固定系统,颈椎后路椎板成形钉,内固定材料,不区分,自钻/灭菌,乙类,95.46,
gz_nhsa_consumables_C03210808900004,C03210808900004,骨科材料,颈椎后路固定系统,颈椎后路椎板成形钉,内固定材料,不区分,自钻/非灭菌,乙类,55.30,
gz_nhsa_consumables_C03210908900002,C03210908900002,骨科材料,颈椎后路固定系统,颈椎后路锁定螺帽,内固定材料,不区分,横连内锁螺帽/非灭菌,乙类,150.00,
gz_nhsa_consumables_C03210908900004,C03210908900004,骨科材料,颈椎后路固定系统,颈椎后路锁定螺帽,内固定材料,不区分,横连外锁螺帽/非灭菌,乙类,150.00,
gz_nhsa_consumables_C03210908900005,C03210908900005,骨科材料,颈椎后路固定系统,颈椎后路锁定螺帽,内固定材料,不区分,螺钉螺帽/灭菌,乙类,1015.43,
gz_nhsa_consumables_C03210908900006,C03210908900006,骨科材料,颈椎后路固定系统,颈椎后路锁定螺帽,内固定材料,不区分,螺钉螺帽/非灭菌,乙类,25.04,
gz_nhsa_consumables_C03211008901000,C03211008901000,骨科材料,颈椎后路固定系统,颈椎后路铰链板,内固定材料,钛合金,常规,乙类,1070.00,
gz_nhsa_consumables_C03211008902000,C03211008902000,骨科材料,颈椎后路固定系统,颈椎后路铰链板,内固定材料,纯钛,常规,乙类,1070.00,
gz_nhsa_consumables_C03211108901000,C03211108901000,骨科材料,颈椎后路固定系统,颈椎后路侧孔板,内固定材料,钛合金,常规,乙类,956.00,
gz_nhsa_consumables_C03211108902000,C03211108902000,骨科材料,颈椎后路固定系统,颈椎后路侧孔板,内固定材料,纯钛,常规,乙类,2420.50,
gz_nhsa_consumables_C03211208900002,C03211208900002,骨科材料,颈椎后路固定系统,颈椎后路钉头横连,内固定材料,不区分,非灭菌,乙类,666.67,
gz_nhsa_consumables_C03220208900001,C03220208900001,骨科材料,脊柱侧弯矫形系统,生长阀,内固定材料,不区分,灭菌,乙类,2362.10,
gz_nhsa_consumables_C03220208900002,C03220208900002,骨科材料,脊柱侧弯矫形系统,生长阀,内固定材料,不区分,非灭菌,乙类,6679.70,
gz_nhsa_consumables_C03220308901002,C03220308901002,骨科材料,脊柱侧弯矫形系统,滑动钉,内固定材料,钛合金,非灭菌,乙类,500.00,
gz_nhsa_consumables_C03220408900000,C03220408900000,骨科材料,脊柱侧弯矫形系统,脊柱侧弯矫形系统其他部件,内固定材料,不区分,常规,乙类,754.70,
gz_nhsa_consumables_C03230108902002,C03230108902002,骨科材料,颈胸固定系,双直径棒,内固定材料,钛合,非灭菌,乙类,229.89,
gz_nhsa_consumables_C03230208902002,C03230208902002,骨科材料,颈胸统固定系,颈胸连接器,内固定材料,金钛合,非灭菌,乙类,302.71,
gz_nhsa_consumables_C03230308902002,C03230308902002,骨科材料,颈胸统固定系,单直径棒,内固定材料,金钛合,非灭菌,乙类,367.02,
gz_nhsa_consumables_C03230408902002,C03230408902002,骨科材料,颈胸统固定系统,颈胸固定系统其他部件,内固定材料,金钛合金,短尾,乙类,40.00,
gz_nhsa_consumables_C03240108901002,C03240108901002,骨科材料,胸腰椎前路固定系统,胸腰椎前路固定板,内固定材料,纯钛,非灭菌,乙类,266.38,
gz_nhsa_consumables_C03240108902002,C03240108902002,骨科材料,胸腰椎前路固定系统,胸腰椎前路固定板,内固定材料,钛合金,非灭菌,乙类,3148.00,
gz_nhsa_consumables_C03240208901001,C03240208901001,骨科材料,胸腰椎前路固定系统,胸腰椎前路固定棒,内固定材料,钛合金,灭菌,乙类,1692.00,
gz_nhsa_consumables_C03240208901002,C03240208901002,骨科材料,胸腰椎前路固定系统,胸腰椎前路固定棒,内固定材料,钛合金,非灭菌,乙类,275.68,
gz_nhsa_consumables_C03240208902002,C03240208902002,骨科材料,胸腰椎前路固定系统,胸腰椎前路固定棒,内固定材料,钴铬钼合金,非灭菌,乙类,229.20,
gz_nhsa_consumables_C03240308900000,C03240308900000,骨科材料,胸腰椎前路固定系统,胸腰椎前路椎体螺钉,内固定材料,不区分,常规,乙类,477.47,
gz_nhsa_consumables_C03240408900000,C03240408900000,骨科材料,胸腰椎前路固定系统,胸腰椎前路椎间融合固定装置,内固定材料,不区分,常规,乙类,372.48,
gz_nhsa_consumables_C03240508900002,C03240508900002,骨科材料,胸腰椎前路固定系统,胸腰椎前路椎体单栓钉,内固定材料,不区分,非灭菌,乙类,3411.50,
gz_nhsa_consumables_C03240608900001,C03240608900001,骨科材料,胸腰椎前路固定系统,胸腰椎前路垫片,内固定材料,不区分,单孔,乙类,366.67,
gz_nhsa_consumables_C03240608900002,C03240608900002,骨科材料,胸腰椎前路固定系统,胸腰椎前路垫片,内固定材料,不区分,双孔,乙类,152.16,
gz_nhsa_consumables_C03240708900000,C03240708900000,骨科材料,胸腰椎前路固定系统,胸腰椎前路横向连接器,内固定材料,不区分,常规,乙类,939.44,
gz_nhsa_consumables_C03240808900002,C03240808900002,骨科材料,胸腰椎前路固定系统,胸腰椎前路固定系统其他部件,内固定材料,不区分,融合器固定螺钉,乙类,8914.65,
gz_nhsa_consumables_C03240808900003,C03240808900003,骨科材料,胸腰椎前路固定系统,胸腰椎前路固定系统其他部件,内固定材料,不区分,融合器固定板,乙类,8914.65,
gz_nhsa_consumables_C03250108901002,C03250108901002,骨科材料,胸腰椎后路固定系统,胸腰椎后路固定板,内固定材料,纯钛,非灭菌,乙类,2755.97,
gz_nhsa_consumables_C03250108902001,C03250108902001,骨科材料,胸腰椎后路固定系统,胸腰椎后路固定板,内固定材料,钛合金,灭菌,乙类,182.69,
gz_nhsa_consumables_C03250108902002,C03250108902002,骨科材料,胸腰椎后路固定系统,胸腰椎后路固定板,内固定材料,钛合金,非灭菌,乙类,2440.80,
gz_nhsa_consumables_C03250108904002,C03250108904002,骨科材料,胸腰椎后路固定系统,胸腰椎后路固定板,内固定材料,聚醚醚酮（PEEK）,非灭菌,乙类,806.87,
gz_nhsa_consumables_C03250208901001,C03250208901001,骨科材料,胸腰椎后路固定系统,胸腰椎后路固定棒,内固定材料,钛合金,普通棒/预裁棒/灭,乙类,1772.51,
gz_nhsa_consumables_C03250208901002,C03250208901002,骨科材料,胸腰椎后路固定系统,胸腰椎后路固定棒,内固定材料,钛合金,普菌通棒/预裁棒/非灭菌,乙类,548.21,
gz_nhsa_consumables_C03250208901003,C03250208901003,骨科材料,胸腰椎后路固定系统,胸腰椎后路固定棒,内固定材料,钛合金,普通棒/预弯棒/灭,乙类,174.67,
gz_nhsa_consumables_C03250208901004,C03250208901004,骨科材料,胸腰椎后路固定系统,胸腰椎后路固定棒,内固定材料,钛合金,普菌通棒/预弯棒/非灭菌,乙类,684.81,
gz_nhsa_consumables_C03250208901005,C03250208901005,骨科材料,胸腰椎后路固定系统,胸腰椎后路固定棒,内固定材料,钛合金,普通棒/非预裁棒/灭菌,乙类,2164.29,
gz_nhsa_consumables_C03250208901006,C03250208901006,骨科材料,胸腰椎后路固定系统,胸腰椎后路固定棒,内固定材料,钛合金,普通棒/非预裁棒/非灭菌,乙类,480.86,
gz_nhsa_consumables_C03250208901007,C03250208901007,骨科材料,胸腰椎后路固定系统,胸腰椎后路固定棒,内固定材料,钛合金,普通棒/非预弯棒/灭菌,乙类,1077.98,
gz_nhsa_consumables_C03250208901008,C03250208901008,骨科材料,胸腰椎后路固定系统,胸腰椎后路固定棒,内固定材料,钛合金,普通棒/非预弯棒/非灭菌,乙类,608.81,
gz_nhsa_consumables_C03250208901009,C03250208901009,骨科材料,胸腰椎后路固定系统,胸腰椎后路固定棒,内固定材料,钛合金,双直径棒/预裁棒/灭菌,乙类,200.00,
gz_nhsa_consumables_C03250208901010,C03250208901010,骨科材料,胸腰椎后路固定系统,胸腰椎后路固定棒,内固定材料,钛合金,双直径棒/预裁棒/非灭菌,乙类,44.86,
gz_nhsa_consumables_C03250208901012,C03250208901012,骨科材料,胸腰椎后路固定系统,胸腰椎后路固定棒,内固定材料,钛合金,双直径棒/预弯棒/非灭菌,乙类,2348.58,
gz_nhsa_consumables_C03250208901014,C03250208901014,骨科材料,胸腰椎后路固定系统,胸腰椎后路固定棒,内固定材料,钛合金,双直径棒/非预裁棒/非灭菌,乙类,798.36,
gz_nhsa_consumables_C03250208901015,C03250208901015,骨科材料,胸腰椎后路固定系统,胸腰椎后路固定棒,内固定材料,钛合金,双直径棒/非预弯棒/灭菌,乙类,1608.00,
gz_nhsa_consumables_C03250208901016,C03250208901016,骨科材料,胸腰椎后路固定系统,胸腰椎后路固定棒,内固定材料,钛合金,双直径棒/非预弯棒/非灭菌,乙类,562.86,
gz_nhsa_consumables_C03250208901020,C03250208901020,骨科材料,胸腰椎后路固定系统,胸腰椎后路固定棒,内固定材料,钛合金,Z形棒/预弯棒/非灭菌,乙类,2831.63,
gz_nhsa_consumables_C03250208901024,C03250208901024,骨科材料,胸腰椎后路固定系统,胸腰椎后路固定棒,内固定材料,钛合金,Z形棒/非预弯棒/非灭菌,乙类,1608.00,
gz_nhsa_consumables_C03250208902002,C03250208902002,骨科材料,胸腰椎后路固定系统,胸腰椎后路固定棒,内固定材料,钴铬合金,普通棒/预裁棒/非灭菌,乙类,2297.79,
gz_nhsa_consumables_C03250208902004,C03250208902004,骨科材料,胸腰椎后路固定系统,胸腰椎后路固定棒,内固定材料,钴铬合金,普通棒/预弯棒/非灭菌,乙类,30.00,
gz_nhsa_consumables_C03250208902005,C03250208902005,骨科材料,胸腰椎后路固定系统,胸腰椎后路固定棒,内固定材料,钴铬合金,普通棒/非预裁棒/灭菌,乙类,4253.33,
gz_nhsa_consumables_C03250208902006,C03250208902006,骨科材料,胸腰椎后路固定系统,胸腰椎后路固定棒,内固定材料,钴铬合金,普通棒/非预裁棒/非灭菌,乙类,6800.00,
gz_nhsa_consumables_C03250208902008,C03250208902008,骨科材料,胸腰椎后路固定系统,胸腰椎后路固定棒,内固定材料,钴铬合金,普通棒/非预弯棒/非灭菌,乙类,2863.80,
gz_nhsa_consumables_C03250208903002,C03250208903002,骨科材料,胸腰椎后路固定系统,胸腰椎后路固定棒,内固定材料,纯钛,普通棒/预裁棒/非灭菌,乙类,91.27,
gz_nhsa_consumables_C03250208903004,C03250208903004,骨科材料,胸腰椎后路固定系统,胸腰椎后路固定棒,内固定材料,纯钛,普通棒/预弯棒/非灭菌,乙类,50.00,
gz_nhsa_consumables_C03250208903008,C03250208903008,骨科材料,胸腰椎后路固定系统,胸腰椎后路固定棒,内固定材料,纯钛,普通棒/非预弯棒/非灭菌,乙类,1608.00,
gz_nhsa_consumables_C03250308902001,C03250308902001,骨科材料,胸腰椎后路固定系统,胸腰椎后路固定钩,内固定材料,钛合金,灭菌,乙类,1800.00,
gz_nhsa_consumables_C03250308902002,C03250308902002,骨科材料,胸腰椎后路固定系统,胸腰椎后路固定钩,内固定材料,钛合金,非灭菌,乙类,2597.82,
gz_nhsa_consumables_C03250408901002,C03250408901002,骨科材料,胸腰椎后路固定系统,胸腰椎后路固定夹,内固定材料,钛合金,非灭菌,乙类,1708.32,
gz_nhsa_consumables_C03250508901001,C03250508901001,骨科材料,胸腰椎后路固定系统,胸腰椎后路椎弓根长尾螺钉,内固定材料,钛合金,普通螺纹/实心/万向,乙类,751.91,
gz_nhsa_consumables_C03250508901002,C03250508901002,骨科材料,胸腰椎后路固定系统,胸腰椎后路椎弓根长尾螺钉,内固定材料,钛合金,普通螺纹/实心/万向偏角,乙类,488.72,
gz_nhsa_consumables_C03250508901003,C03250508901003,骨科材料,胸腰椎后路固定系统,胸腰椎后路椎弓根长尾螺钉,内固定材料,钛合金,普通螺纹/实心/单向,乙类,824.30,
gz_nhsa_consumables_C03250508901004,C03250508901004,骨科材料,胸腰椎后路固定系统,胸腰椎后路椎弓根长尾螺钉,内固定材料,钛合金,普通螺纹/实心/单平面,乙类,2892.32,
gz_nhsa_consumables_C03250508901005,C03250508901005,骨科材料,胸腰椎后路固定系统,胸腰椎后路椎弓根长尾螺钉,内固定材料,钛合金,普通螺纹/实心/平移,乙类,6068.75,
gz_nhsa_consumables_C03250508901006,C03250508901006,骨科材料,胸腰椎后路固定系统,胸腰椎后路椎弓根长尾螺钉,内固定材料,钛合金,普通螺纹/实心/双锁,乙类,1800.00,
gz_nhsa_consumables_C03250508901007,C03250508901007,骨科材料,胸腰椎后路固定系统,胸腰椎后路椎弓根长尾螺钉,内固定材料,钛合金,普通螺纹/中空/万向,乙类,650.53,
gz_nhsa_consumables_C03250508901008,C03250508901008,骨科材料,胸腰椎后路固定系统,胸腰椎后路椎弓根长尾螺钉,内固定材料,钛合金,普通螺纹/中空/万向偏角,乙类,1800.00,
gz_nhsa_consumables_C03250508901009,C03250508901009,骨科材料,胸腰椎后路固定系统,胸腰椎后路椎弓根长尾螺钉,内固定材料,钛合金,普通螺纹/中空/单向,乙类,1800.00,
gz_nhsa_consumables_C03250508901013,C03250508901013,骨科材料,胸腰椎后路固定系统,胸腰椎后路椎弓根长尾螺钉,内固定材料,钛合金,普通螺纹/中空＋侧孔/万向,乙类,66.63,
gz_nhsa_consumables_C03250508901014,C03250508901014,骨科材料,胸腰椎后路固定系统,胸腰椎后路椎弓根长尾螺钉,内固定材料,钛合金,普通螺纹/中空＋侧孔/万向,乙类,1800.00,
gz_nhsa_consumables_C03250508901015,C03250508901015,骨科材料,胸腰椎后路固定系统,胸腰椎后路椎弓根长尾螺钉,内固定材料,钛合金,-普角通螺纹/中空＋侧孔/单向,乙类,3079.26,
gz_nhsa_consumables_C03250508901019,C03250508901019,骨科材料,胸腰椎后路固定系统,胸腰椎后路椎弓根长尾螺钉,内固定材料,钛合金,多线螺纹/实心/万向,乙类,472.94,
gz_nhsa_consumables_C03250508901020,C03250508901020,骨科材料,胸腰椎后路固定系统,胸腰椎后路椎弓根长尾螺钉,内固定材料,钛合金,多线螺纹/实心/万向偏角,乙类,747.29,
gz_nhsa_consumables_C03250508901021,C03250508901021,骨科材料,胸腰椎后路固定系统,胸腰椎后路椎弓根长尾螺钉,内固定材料,钛合金,多线螺纹/实心/单向,乙类,769.78,
gz_nhsa_consumables_C03250508901022,C03250508901022,骨科材料,胸腰椎后路固定系统,胸腰椎后路椎弓根长尾螺钉,内固定材料,钛合金,多线螺纹/实心/单平面,乙类,1851.85,
gz_nhsa_consumables_C03250508901024,C03250508901024,骨科材料,胸腰椎后路固定系统,胸腰椎后路椎弓根长尾螺钉,内固定材料,钛合金,多线螺纹/实心/双锁,乙类,592.58,
gz_nhsa_consumables_C03250508901025,C03250508901025,骨科材料,胸腰椎后路固定系统,胸腰椎后路椎弓根长尾螺钉,内固定材料,钛合金,多线螺纹/中空/万向,乙类,506.00,
gz_nhsa_consumables_C03250508901026,C03250508901026,骨科材料,胸腰椎后路固定系统,胸腰椎后路椎弓根长尾螺钉,内固定材料,钛合金,多线螺纹/中空/万向偏角,乙类,1800.00,
gz_nhsa_consumables_C03250508901027,C03250508901027,骨科材料,胸腰椎后路固定系统,胸腰椎后路椎弓根长尾螺钉,内固定材料,钛合金,多线螺纹/中空/单向,乙类,1800.00,
gz_nhsa_consumables_C03250508901028,C03250508901028,骨科材料,胸腰椎后路固定系统,胸腰椎后路椎弓根长尾螺钉,内固定材料,钛合金,多线螺纹/中空/单平面,乙类,1800.00,
gz_nhsa_consumables_C03250508901030,C03250508901030,骨科材料,胸腰椎后路固定系统,胸腰椎后路椎弓根长尾螺钉,内固定材料,钛合金,多线螺纹/中空/双锁,乙类,619.00,
gz_nhsa_consumables_C03250508901031,C03250508901031,骨科材料,胸腰椎后路固定系统,胸腰椎后路椎弓根长尾螺钉,内固定材料,钛合金,多线螺纹/中空＋侧孔/万向,乙类,332.04,
gz_nhsa_consumables_C03250508901033,C03250508901033,骨科材料,胸腰椎后路固定系统,胸腰椎后路椎弓根长尾螺钉,内固定材料,钛合金,多线螺纹/中空＋侧孔/单向,乙类,104.10,
gz_nhsa_consumables_C03250508901036,C03250508901036,骨科材料,胸腰椎后路固定系统,胸腰椎后路椎弓根长尾螺钉,内固定材料,钛合金,多线螺纹/中空＋侧孔/双锁,乙类,1800.00,
gz_nhsa_consumables_C03250508901037,C03250508901037,骨科材料,胸腰椎后路固定系统,胸腰椎后路椎弓根长尾螺钉,内固定材料,钛合金,皮质骨螺纹/实心/万向,乙类,433.60,
gz_nhsa_consumables_C03250508901038,C03250508901038,骨科材料,胸腰椎后路固定系统,胸腰椎后路椎弓根长尾螺钉,内固定材料,钛合金,皮质骨螺纹/实心/万向偏角,乙类,1803.37,
gz_nhsa_consumables_C03250508901039,C03250508901039,骨科材料,胸腰椎后路固定系统,胸腰椎后路椎弓根长尾螺钉,内固定材料,钛合金,皮质骨螺纹/实心/单向,乙类,299.03,
gz_nhsa_consumables_C03250508901040,C03250508901040,骨科材料,胸腰椎后路固定系统,胸腰椎后路椎弓根长尾螺钉,内固定材料,钛合金,皮质骨螺纹/实心/单平面,乙类,1800.00,
gz_nhsa_consumables_C03250508901041,C03250508901041,骨科材料,胸腰椎后路固定系统,胸腰椎后路椎弓根长尾螺钉,内固定材料,钛合金,皮质骨螺纹/实心/平移,乙类,1800.00,
gz_nhsa_consumables_C03250508901042,C03250508901042,骨科材料,胸腰椎后路固定系统,胸腰椎后路椎弓根长尾螺钉,内固定材料,钛合金,皮质骨螺纹/实心/双锁,乙类,1800.00,
gz_nhsa_consumables_C03250508901043,C03250508901043,骨科材料,胸腰椎后路固定系统,胸腰椎后路椎弓根长尾螺钉,内固定材料,钛合金,皮质骨螺纹/中空/万向,乙类,1800.00,
gz_nhsa_consumables_C03250508901045,C03250508901045,骨科材料,胸腰椎后路固定系统,胸腰椎后路椎弓根长尾螺钉,内固定材料,钛合金,皮质骨螺纹/中空/单向,乙类,1800.00,
gz_nhsa_consumables_C03250508901049,C03250508901049,骨科材料,胸腰椎后路固定系统,胸腰椎后路椎弓根长尾螺钉,内固定材料,钛合金,皮质骨螺纹/中空＋侧孔/万,乙类,9975.00,
gz_nhsa_consumables_C03250508901055,C03250508901055,骨科材料,胸腰椎后路固定系统,胸腰椎后路椎弓根长尾螺钉,内固定材料,钛合金,-双螺纹/实心/万向,乙类,549.06,
gz_nhsa_consumables_C03250508901056,C03250508901056,骨科材料,胸腰椎后路固定系统,胸腰椎后路椎弓根长尾螺钉,内固定材料,钛合金,双螺纹/实心/万向偏角,乙类,577.05,
gz_nhsa_consumables_C03250508901057,C03250508901057,骨科材料,胸腰椎后路固定系统,胸腰椎后路椎弓根长尾螺钉,内固定材料,钛合金,双螺纹/实心/单向,乙类,734.27,
gz_nhsa_consumables_C03250508901058,C03250508901058,骨科材料,胸腰椎后路固定系统,胸腰椎后路椎弓根长尾螺钉,内固定材料,钛合金,双螺纹/实心/单平面,乙类,1294.33,
gz_nhsa_consumables_C03250508901059,C03250508901059,骨科材料,胸腰椎后路固定系统,胸腰椎后路椎弓根长尾螺钉,内固定材料,钛合金,双螺纹/实心/平移,乙类,352.40,
gz_nhsa_consumables_C03250508901060,C03250508901060,骨科材料,胸腰椎后路固定系统,胸腰椎后路椎弓根长尾螺钉,内固定材料,钛合金,双螺纹/实心/双锁,乙类,4395.92,
gz_nhsa_consumables_C03250508901061,C03250508901061,骨科材料,胸腰椎后路固定系统,胸腰椎后路椎弓根长尾螺钉,内固定材料,钛合金,双螺纹/中空/万向,乙类,581.36,
gz_nhsa_consumables_C03250508901063,C03250508901063,骨科材料,胸腰椎后路固定系统,胸腰椎后路椎弓根长尾螺钉,内固定材料,钛合金,双螺纹/中空/单向,乙类,649.54,
gz_nhsa_consumables_C03250508901064,C03250508901064,骨科材料,胸腰椎后路固定系统,胸腰椎后路椎弓根长尾螺钉,内固定材料,钛合金,双螺纹/中空/单平面,乙类,759.14,
gz_nhsa_consumables_C03250508901067,C03250508901067,骨科材料,胸腰椎后路固定系统,胸腰椎后路椎弓根长尾螺钉,内固定材料,钛合金,双螺纹/中空＋侧孔/万向,乙类,512.92,
gz_nhsa_consumables_C03250508901069,C03250508901069,骨科材料,胸腰椎后路固定系统,胸腰椎后路椎弓根长尾螺钉,内固定材料,钛合金,双螺纹/中空＋侧孔/单向,乙类,433.33,
gz_nhsa_consumables_C03250508901072,C03250508901072,骨科材料,胸腰椎后路固定系统,胸腰椎后路椎弓根长尾螺钉,内固定材料,钛合金,双螺纹/中空＋侧孔/双锁,乙类,1800.00,
gz_nhsa_consumables_C03250508902019,C03250508902019,骨科材料,胸腰椎后路固定系统,胸腰椎后路椎弓根长尾螺钉,内固定材料,钴铬钼合金,多线螺纹/实心/万向,乙类,1800.00,
gz_nhsa_consumables_C03250508902023,C03250508902023,骨科材料,胸腰椎后路固定系统,胸腰椎后路椎弓根长尾螺钉,内固定材料,钴铬钼合金,多线螺纹/实心/平移,乙类,1800.00,
gz_nhsa_consumables_C03250508902024,C03250508902024,骨科材料,胸腰椎后路固定系统,胸腰椎后路椎弓根长尾螺钉,内固定材料,钴铬钼合金,多线螺纹/实心/双锁,乙类,1800.00,
gz_nhsa_consumables_C03250508902025,C03250508902025,骨科材料,胸腰椎后路固定系统,胸腰椎后路椎弓根长尾螺钉,内固定材料,钴铬钼合金,多线螺纹/中空/万向,乙类,1800.00,
gz_nhsa_consumables_C03250508902036,C03250508902036,骨科材料,胸腰椎后路固定系统,胸腰椎后路椎弓根长尾螺钉,内固定材料,钴铬钼合金,多线螺纹/中空＋侧孔/双锁,乙类,1800.00,
gz_nhsa_consumables_C03250508902050,C03250508902050,骨科材料,胸腰椎后路固定系统,胸腰椎后路椎弓根长尾螺钉,内固定材料,钴铬钼合金,皮质骨螺纹/中空＋侧孔/万向偏角,乙类,11200.00,
gz_nhsa_consumables_C03250508902055,C03250508902055,骨科材料,胸腰椎后路固定系统,胸腰椎后路椎弓根长尾螺钉,内固定材料,钴铬钼合金,双螺纹/实心/万向,乙类,6500.00,
gz_nhsa_consumables_C03250508902056,C03250508902056,骨科材料,胸腰椎后路固定系统,胸腰椎后路椎弓根长尾螺钉,内固定材料,钴铬钼合金,双螺纹/实心/万向偏角,乙类,286.00,
gz_nhsa_consumables_C03250608901001,C03250608901001,骨科材料,胸腰椎后路固定系统,胸腰椎后路椎弓根短尾螺钉,内固定材料,钛合金,普通螺纹/实心/万向,乙类,2037.40,
gz_nhsa_consumables_C03250608901002,C03250608901002,骨科材料,胸腰椎后路固定系统,胸腰椎后路椎弓根短尾螺钉,内固定材料,钛合金,普通螺纹/实心/万向偏角,乙类,2572.73,
gz_nhsa_consumables_C03250608901003,C03250608901003,骨科材料,胸腰椎后路固定系统,胸腰椎后路椎弓根短尾螺钉,内固定材料,钛合金,普通螺纹/实心/单向,乙类,2438.14,
gz_nhsa_consumables_C03250608901004,C03250608901004,骨科材料,胸腰椎后路固定系统,胸腰椎后路椎弓根短尾螺钉,内固定材料,钛合金,普通螺纹/实心/单平面,乙类,173.40,
gz_nhsa_consumables_C03250608901005,C03250608901005,骨科材料,胸腰椎后路固定系统,胸腰椎后路椎弓根短尾螺钉,内固定材料,钛合金,普通螺纹/实心/平移,乙类,1800.00,
gz_nhsa_consumables_C03250608901006,C03250608901006,骨科材料,胸腰椎后路固定系统,胸腰椎后路椎弓根短尾螺钉,内固定材料,钛合金,普通螺纹/实心/双锁,乙类,1800.00,
gz_nhsa_consumables_C03250608901007,C03250608901007,骨科材料,胸腰椎后路固定系统,胸腰椎后路椎弓根短尾螺钉,内固定材料,钛合金,普通螺纹/中空/万向,乙类,320.00,
gz_nhsa_consumables_C03250608901009,C03250608901009,骨科材料,胸腰椎后路固定系统,胸腰椎后路椎弓根短尾螺钉,内固定材料,钛合金,普通螺纹/中空/单向,乙类,1800.00,
gz_nhsa_consumables_C03250608901013,C03250608901013,骨科材料,胸腰椎后路固定系统,胸腰椎后路椎弓根短尾螺钉,内固定材料,钛合金,普通螺纹/中空＋侧孔/万向,乙类,951.54,
gz_nhsa_consumables_C03250608901015,C03250608901015,骨科材料,胸腰椎后路固定系统,胸腰椎后路椎弓根短尾螺钉,内固定材料,钛合金,普通螺纹/中空＋侧孔/单向,乙类,1800.00,
gz_nhsa_consumables_C03250608901019,C03250608901019,骨科材料,胸腰椎后路固定系统,胸腰椎后路椎弓根短尾螺钉,内固定材料,钛合金,多线螺纹/实心/万向,乙类,422.10,
gz_nhsa_consumables_C03250608901020,C03250608901020,骨科材料,胸腰椎后路固定系统,胸腰椎后路椎弓根短尾螺钉,内固定材料,钛合金,多线螺纹/实心/万向偏角,乙类,1800.00,
gz_nhsa_consumables_C03250608901021,C03250608901021,骨科材料,胸腰椎后路固定系统,胸腰椎后路椎弓根短尾螺钉,内固定材料,钛合金,多线螺纹/实心/单向,乙类,1391.39,
gz_nhsa_consumables_C03250608901022,C03250608901022,骨科材料,胸腰椎后路固定系统,胸腰椎后路椎弓根短尾螺钉,内固定材料,钛合金,多线螺纹/实心/单平面,乙类,371.59,
gz_nhsa_consumables_C03250608901024,C03250608901024,骨科材料,胸腰椎后路固定系统,胸腰椎后路椎弓根短尾螺钉,内固定材料,钛合金,多线螺纹/实心/双锁,乙类,100.00,
gz_nhsa_consumables_C03250608901025,C03250608901025,骨科材料,胸腰椎后路固定系统,胸腰椎后路椎弓根短尾螺钉,内固定材料,钛合金,多线螺纹/中空/万向,乙类,3582.31,
gz_nhsa_consumables_C03250608901026,C03250608901026,骨科材料,胸腰椎后路固定系统,胸腰椎后路椎弓根短尾螺钉,内固定材料,钛合金,多线螺纹/中空/万向偏角,乙类,1800.00,
gz_nhsa_consumables_C03250608901027,C03250608901027,骨科材料,胸腰椎后路固定系统,胸腰椎后路椎弓根短尾螺钉,内固定材料,钛合金,多线螺纹/中空/单向,乙类,1800.00,
gz_nhsa_consumables_C03250608901028,C03250608901028,骨科材料,胸腰椎后路固定系统,胸腰椎后路椎弓根短尾螺钉,内固定材料,钛合金,多线螺纹/中空/单平面,乙类,1800.00,
gz_nhsa_consumables_C03250608901031,C03250608901031,骨科材料,胸腰椎后路固定系统,胸腰椎后路椎弓根短尾螺钉,内固定材料,钛合金,多线螺纹/中空＋侧孔/万向,乙类,1800.00,
gz_nhsa_consumables_C03250608901033,C03250608901033,骨科材料,胸腰椎后路固定系统,胸腰椎后路椎弓根短尾螺钉,内固定材料,钛合金,多线螺纹/中空＋侧孔/单向,乙类,1800.00,
gz_nhsa_consumables_C03250608901037,C03250608901037,骨科材料,胸腰椎后路固定系统,胸腰椎后路椎弓根短尾螺钉,内固定材料,钛合金,皮质骨螺纹/实心/万向,乙类,498.20,
gz_nhsa_consumables_C03250608901038,C03250608901038,骨科材料,胸腰椎后路固定系统,胸腰椎后路椎弓根短尾螺钉,内固定材料,钛合金,皮质骨螺纹/实心/万向偏角,乙类,90.00,
gz_nhsa_consumables_C03250608901039,C03250608901039,骨科材料,胸腰椎后路固定系统,胸腰椎后路椎弓根短尾螺钉,内固定材料,钛合金,皮质骨螺纹/实心/单向,乙类,1356.89,
gz_nhsa_consumables_C03250608901040,C03250608901040,骨科材料,胸腰椎后路固定系统,胸腰椎后路椎弓根短尾螺钉,内固定材料,钛合金,皮质骨螺纹/实心/单平面,乙类,1800.00,
gz_nhsa_consumables_C03250608901041,C03250608901041,骨科材料,胸腰椎后路固定系统,胸腰椎后路椎弓根短尾螺钉,内固定材料,钛合金,皮质骨螺纹/实心/平移,乙类,3721.26,
gz_nhsa_consumables_C03250608901043,C03250608901043,骨科材料,胸腰椎后路固定系统,胸腰椎后路椎弓根短尾螺钉,内固定材料,钛合金,皮质骨螺纹/中空/万向,乙类,1800.00,
gz_nhsa_consumables_C03250608901044,C03250608901044,骨科材料,胸腰椎后路固定系统,胸腰椎后路椎弓根短尾螺钉,内固定材料,钛合金,皮质骨螺纹/中空/万向偏角,乙类,1800.00,
gz_nhsa_consumables_C03250608901045,C03250608901045,骨科材料,胸腰椎后路固定系统,胸腰椎后路椎弓根短尾螺钉,内固定材料,钛合金,皮质骨螺纹/中空/单向,乙类,1800.00,
gz_nhsa_consumables_C03250608901055,C03250608901055,骨科材料,胸腰椎后路固定系统,胸腰椎后路椎弓根短尾螺钉,内固定材料,钛合金,双螺纹/实心/万向,乙类,524.45,
gz_nhsa_consumables_C03250608901056,C03250608901056,骨科材料,胸腰椎后路固定系统,胸腰椎后路椎弓根短尾螺钉,内固定材料,钛合金,双螺纹/实心/万向偏角,乙类,1233.86,
gz_nhsa_consumables_C03250608901057,C03250608901057,骨科材料,胸腰椎后路固定系统,胸腰椎后路椎弓根短尾螺钉,内固定材料,钛合金,双螺纹/实心/单向,乙类,2683.64,
gz_nhsa_consumables_C03250608901058,C03250608901058,骨科材料,胸腰椎后路固定系统,胸腰椎后路椎弓根短尾螺钉,内固定材料,钛合金,双螺纹/实心/单平面,乙类,234.00,
gz_nhsa_consumables_C03250608901059,C03250608901059,骨科材料,胸腰椎后路固定系统,胸腰椎后路椎弓根短尾螺钉,内固定材料,钛合金,双螺纹/实心/平移,乙类,3269.02,
gz_nhsa_consumables_C03250608901060,C03250608901060,骨科材料,胸腰椎后路固定系统,胸腰椎后路椎弓根短尾螺钉,内固定材料,钛合金,双螺纹/实心/双锁,乙类,3693.75,
gz_nhsa_consumables_C03250608901061,C03250608901061,骨科材料,胸腰椎后路固定系统,胸腰椎后路椎弓根短尾螺钉,内固定材料,钛合金,双螺纹/中空/万向,乙类,169.47,
gz_nhsa_consumables_C03250608901063,C03250608901063,骨科材料,胸腰椎后路固定系统,胸腰椎后路椎弓根短尾螺钉,内固定材料,钛合金,双螺纹/中空/单向,乙类,523.76,
gz_nhsa_consumables_C03250608901064,C03250608901064,骨科材料,胸腰椎后路固定系统,胸腰椎后路椎弓根短尾螺钉,内固定材料,钛合金,双螺纹/中空/单平面,乙类,186.00,
gz_nhsa_consumables_C03250608901067,C03250608901067,骨科材料,胸腰椎后路固定系统,胸腰椎后路椎弓根短尾螺钉,内固定材料,钛合金,双螺纹/中空＋侧孔/万向,乙类,1800.00,
gz_nhsa_consumables_C03250608901069,C03250608901069,骨科材料,胸腰椎后路固定系统,胸腰椎后路椎弓根短尾螺钉,内固定材料,钛合金,双螺纹/中空＋侧孔/单向,乙类,1800.00,
gz_nhsa_consumables_C03250608902019,C03250608902019,骨科材料,胸腰椎后路固定系统,胸腰椎后路椎弓根短尾螺钉,内固定材料,钴铬钼合金,多线螺纹/实心/万向,乙类,454.00,
gz_nhsa_consumables_C03250608902020,C03250608902020,骨科材料,胸腰椎后路固定系统,胸腰椎后路椎弓根短尾螺钉,内固定材料,钴铬钼合金,多线螺纹/实心/万向偏角,乙类,1800.00,
gz_nhsa_consumables_C03250608902022,C03250608902022,骨科材料,胸腰椎后路固定系统,胸腰椎后路椎弓根短尾螺钉,内固定材料,钴铬钼合金,多线螺纹/实心/单平面,乙类,1800.00,
gz_nhsa_consumables_C03250608902023,C03250608902023,骨科材料,胸腰椎后路固定系统,胸腰椎后路椎弓根短尾螺钉,内固定材料,钴铬钼合金,多线螺纹/实心/平移,乙类,1800.00,
gz_nhsa_consumables_C03250608902024,C03250608902024,骨科材料,胸腰椎后路固定系统,胸腰椎后路椎弓根短尾螺钉,内固定材料,钴铬钼合金,多线螺纹/实心/双锁,乙类,1800.00,
gz_nhsa_consumables_C03250608902025,C03250608902025,骨科材料,胸腰椎后路固定系统,胸腰椎后路椎弓根短尾螺钉,内固定材料,钴铬钼合金,多线螺纹/中空/万向,乙类,1800.00,
gz_nhsa_consumables_C03250608902037,C03250608902037,骨科材料,胸腰椎后路固定系统,胸腰椎后路椎弓根短尾螺钉,内固定材料,钴铬钼合金,皮质骨螺纹/实心/万向,乙类,1800.00,
gz_nhsa_consumables_C03250608902055,C03250608902055,骨科材料,胸腰椎后路固定系统,胸腰椎后路椎弓根短尾螺钉,内固定材料,钴铬钼合金,双螺纹/实心/万向,乙类,1800.00,
gz_nhsa_consumables_C03250708901001,C03250708901001,骨科材料,胸腰椎后路固定系统,胸腰椎后路椎弓根螺帽,内固定材料,纯钛,单锁,乙类,1583.30,
gz_nhsa_consumables_C03250708902001,C03250708902001,骨科材料,胸腰椎后路固定系统,胸腰椎后路椎弓根螺帽,内固定材料,钛合金,单锁,乙类,27.13,
gz_nhsa_consumables_C03250708902002,C03250708902002,骨科材料,胸腰椎后路固定系统,胸腰椎后路椎弓根螺帽,内固定材料,钛合金,双锁,乙类,48.83,
gz_nhsa_consumables_C03250808900001,C03250808900001,骨科材料,胸腰椎后路固定系统,胸腰椎后路横连,内固定材料,不区分,一体化/固定,乙类,515.53,
gz_nhsa_consumables_C03250808900002,C03250808900002,骨科材料,胸腰椎后路固定系统,胸腰椎后路横连,内固定材料,不区分,一体化/可调,乙类,395.03,
gz_nhsa_consumables_C03250808900003,C03250808900003,骨科材料,胸腰椎后路固定系统,胸腰椎后路横连,内固定材料,不区分,非一体化/固定,乙类,221.75,
gz_nhsa_consumables_C03250808900004,C03250808900004,骨科材料,胸腰椎后路固定系统,胸腰椎后路横连,内固定材料,不区分,非一体化/可调,乙类,514.01,
gz_nhsa_consumables_C03250908900001,C03250908900001,骨科材料,胸腰椎后路固定系统,胸腰椎后路钉棒连接器,内固定材料,不区分,灭菌,乙类,2167.30,
gz_nhsa_consumables_C03250908900002,C03250908900002,骨科材料,胸腰椎后路固定系统,胸腰椎后路钉棒连接器,内固定材料,不区分,非灭菌,乙类,2476.75,
gz_nhsa_consumables_C03251008900000,C03251008900000,骨科材料,胸腰椎后路固定系统,胸腰椎后路关节突螺钉,内固定材料,不区分,常规,乙类,5842.75,
gz_nhsa_consumables_C03251108900000,C03251108900000,骨科材料,胸腰椎后路固定系统,胸腰椎后路骨水泥加强螺钉,内固定材料,不区分,常规,乙类,970.92,
gz_nhsa_consumables_C03251208900000,C03251208900000,骨科材料,胸腰椎后路固定系统,胸腰椎后路膨胀螺钉,内固定材料,不区分,常规,乙类,316.10,
gz_nhsa_consumables_C03251308900000,C03251308900000,骨科材料,胸腰椎后路固定系统,胸腰椎后路皮质骨螺钉,内固定材料,不区分,常规,乙类,629.08,
gz_nhsa_consumables_C03251408900002,C03251408900002,骨科材料,胸腰椎后路固定系统,多米诺连接,内固定材料,不区分,端端连接/非灭菌,乙类,428.95,
gz_nhsa_consumables_C03251408900004,C03251408900004,骨科材料,胸腰椎后路固定系统,多米诺连接,内固定材料,不区分,侧侧连接/非灭菌,乙类,2006.00,
gz_nhsa_consumables_C03251607900001,C03251607900001,骨科材料,胸腰椎后路固定系统,胸腰椎后路固定系统其他部件,螺钉,不区分,螺钉,乙类,164.39,
gz_nhsa_consumables_C03251608900000,C03251608900000,骨科材料,胸腰椎后路固定系统,胸腰椎后路固定系统其他部件,内固定材料,不区分,其他,乙类,3555.58,
gz_nhsa_consumables_C03251623600002,C03251623600002,骨科材料,胸腰椎后路固定系统,胸腰椎后路固定系统其他部件,垫圈,不区分,垫圈,乙类,1544.96,
gz_nhsa_consumables_C03251623700003,C03251623700003,骨科材料,胸腰椎后路固定系统,胸腰椎后路固定系统其他部件,螺母,不区分,螺母,乙类,55.49,
gz_nhsa_consumables_C03260108901001,C03260108901001,骨科材料,胸腰椎后路微创系统,经皮胸腰椎后路固定棒,内固定材料,钛合金,预弯,乙类,700.97,
gz_nhsa_consumables_C03260108901002,C03260108901002,骨科材料,胸腰椎后路微创系统,经皮胸腰椎后路固定棒,内固定材料,钛合金,预裁,乙类,372.42,
gz_nhsa_consumables_C03260108902001,C03260108902001,骨科材料,胸腰椎后路微创系统,经皮胸腰椎后路固定棒,内固定材料,钴铬钼合金,预弯,乙类,2460.00,
gz_nhsa_consumables_C03260108902002,C03260108902002,骨科材料,胸腰椎后路微创系统,经皮胸腰椎后路固定棒,内固定材料,钴铬钼合金,预裁,乙类,2460.00,
gz_nhsa_consumables_C03260108903001,C03260108903001,骨科材料,胸腰椎后路微创系统,经皮胸腰椎后路固定棒,内固定材料,纯钛,预弯,乙类,2460.00,
gz_nhsa_consumables_C03260108903002,C03260108903002,骨科材料,胸腰椎后路微创系统,经皮胸腰椎后路固定棒,内固定材料,纯钛,预裁,乙类,137.00,
gz_nhsa_consumables_C03260208901001,C03260208901001,骨科材料,胸腰椎后路微创系统,经皮胸腰椎后路椎弓根螺钉,内固定材料,钛合金,普通螺纹/有侧孔/长尾,乙类,2609.60,
gz_nhsa_consumables_C03260208901002,C03260208901002,骨科材料,胸腰椎后路微创系统,经皮胸腰椎后路椎弓根螺钉,内固定材料,钛合金,普通螺纹/有侧孔/短尾,乙类,22.06,
gz_nhsa_consumables_C03260208901003,C03260208901003,骨科材料,胸腰椎后路微创系统,经皮胸腰椎后路椎弓根螺钉,内固定材料,钛合金,普通螺纹/无侧孔/长尾,乙类,3505.71,
gz_nhsa_consumables_C03260208901004,C03260208901004,骨科材料,胸腰椎后路微创系统,经皮胸腰椎后路椎弓根螺钉,内固定材料,钛合金,普通螺纹/无侧孔/短尾,乙类,420.00,
gz_nhsa_consumables_C03260208901005,C03260208901005,骨科材料,胸腰椎后路微创系统,经皮胸腰椎后路椎弓根螺钉,内固定材料,钛合金,多线螺纹/有侧孔/长尾,乙类,468.62,
gz_nhsa_consumables_C03260208901006,C03260208901006,骨科材料,胸腰椎后路微创系统,经皮胸腰椎后路椎弓根螺钉,内固定材料,钛合金,多线螺纹/有侧孔/短尾,乙类,591.88,
gz_nhsa_consumables_C03260208901007,C03260208901007,骨科材料,胸腰椎后路微创系统,经皮胸腰椎后路椎弓根螺钉,内固定材料,钛合金,多线螺纹/无侧孔/长尾,乙类,4379.27,
gz_nhsa_consumables_C03260208901008,C03260208901008,骨科材料,胸腰椎后路微创系统,经皮胸腰椎后路椎弓根螺钉,内固定材料,钛合金,多线螺纹/无侧孔/短尾,乙类,838.00,
gz_nhsa_consumables_C03260208901009,C03260208901009,骨科材料,胸腰椎后路微创系统,经皮胸腰椎后路椎弓根螺钉,内固定材料,钛合金,皮质骨螺纹/有侧孔/长尾,乙类,865.00,
gz_nhsa_consumables_C03260208901010,C03260208901010,骨科材料,胸腰椎后路微创系统,经皮胸腰椎后路椎弓根螺钉,内固定材料,钛合金,皮质骨螺纹/有侧孔/短尾,乙类,771.00,
gz_nhsa_consumables_C03260208901011,C03260208901011,骨科材料,胸腰椎后路微创系统,经皮胸腰椎后路椎弓根螺钉,内固定材料,钛合金,皮质骨螺纹/无侧孔/长尾,乙类,2686.54,
gz_nhsa_consumables_C03260208901012,C03260208901012,骨科材料,胸腰椎后路微创系统,经皮胸腰椎后路椎弓根螺钉,内固定材料,钛合金,皮质骨螺纹/无侧孔/短尾,乙类,370.71,
gz_nhsa_consumables_C03260208901013,C03260208901013,骨科材料,胸腰椎后路微创系统,经皮胸腰椎后路椎弓根螺钉,内固定材料,钛合金,双螺纹/有侧孔/长尾,乙类,656.29,
gz_nhsa_consumables_C03260208901014,C03260208901014,骨科材料,胸腰椎后路微创系统,经皮胸腰椎后路椎弓根螺钉,内固定材料,钛合金,双螺纹/有侧孔/短尾,乙类,428.27,
gz_nhsa_consumables_C03260208901015,C03260208901015,骨科材料,胸腰椎后路微创系统,经皮胸腰椎后路椎弓根螺钉,内固定材料,钛合金,双螺纹/无侧孔/长尾,乙类,634.41,
gz_nhsa_consumables_C03260208901016,C03260208901016,骨科材料,胸腰椎后路微创系统,经皮胸腰椎后路椎弓根螺钉,内固定材料,钛合金,双螺纹/无侧孔/短尾,乙类,700.42,
gz_nhsa_consumables_C03260208902005,C03260208902005,骨科材料,胸腰椎后路微创系统,经皮胸腰椎后路椎弓根螺钉,内固定材料,钴铬钼合金,多线螺纹/有侧孔/长尾,乙类,865.00,
gz_nhsa_consumables_C03260208902006,C03260208902006,骨科材料,胸腰椎后路微创系统,经皮胸腰椎后路椎弓根螺钉,内固定材料,钴铬钼合金,多线螺纹/有侧孔/短尾,乙类,865.00,
gz_nhsa_consumables_C03260208902016,C03260208902016,骨科材料,胸腰椎后路微创系统,经皮胸腰椎后路椎弓根螺钉,内固定材料,钴铬钼合金,双螺纹/无侧孔/短尾,乙类,865.00,
gz_nhsa_consumables_C03260308902001,C03260308902001,骨科材料,胸腰椎后路微创系统,胸腰椎后路椎弓根螺帽,内固定材料,钛合金,单锁,乙类,63.30,
gz_nhsa_consumables_C03260308902002,C03260308902002,骨科材料,胸腰椎后路微创系统,胸腰椎后路椎弓根螺帽,内固定材料,钛合金,双锁,乙类,49.23,
gz_nhsa_consumables_C03260408900002,C03260408900002,骨科材料,胸腰椎后路微创系统,胸腰椎后路关节突融合器,内固定材料,不区分,非灭菌,乙类,1854.00,
gz_nhsa_consumables_C03260508900001,C03260508900001,骨科材料,胸腰椎后路微创系统,胸腰椎后路横联,内固定材料,不区分,一体化/固定,乙类,568.00,
gz_nhsa_consumables_C03260508900002,C03260508900002,骨科材料,胸腰椎后路微创系统,胸腰椎后路横联,内固定材料,不区分,一体化/可调,乙类,568.00,
gz_nhsa_consumables_C03260508900003,C03260508900003,骨科材料,胸腰椎后路微创系统,胸腰椎后路横联,内固定材料,不区分,非一体化/固定,乙类,616.21,
gz_nhsa_consumables_C03260508900004,C03260508900004,骨科材料,胸腰椎后路微创系统,胸腰椎后路横联,内固定材料,不区分,非一体化/可调,乙类,568.00,
gz_nhsa_consumables_C03260608901001,C03260608901001,骨科材料,胸腰椎后路微创系统,经皮胸腰椎后路预弯棒,内固定材料,钛合金,平头,乙类,120.81,
gz_nhsa_consumables_C03260608901002,C03260608901002,骨科材料,胸腰椎后路微创系统,经皮胸腰椎后路预弯棒,内固定材料,钛合金,圆头,乙类,145.00,
gz_nhsa_consumables_C03260608902001,C03260608902001,骨科材料,胸腰椎后路微创系统,经皮胸腰椎后路预弯棒,内固定材料,钴铬钼合金,平头,乙类,2460.00,
gz_nhsa_consumables_C03260608902002,C03260608902002,骨科材料,胸腰椎后路微创系统,经皮胸腰椎后路预弯棒,内固定材料,钴铬钼合金,圆头,乙类,2460.00,
gz_nhsa_consumables_C03260608903002,C03260608903002,骨科材料,胸腰椎后路微创系统,经皮胸腰椎后路预弯棒,内固定材料,纯钛,圆头,乙类,2460.00,
gz_nhsa_consumables_C03260708900001,C03260708900001,骨科材料,胸腰椎后路微创系统,胸腰椎后路微创系统其他部件,内固定材料,不区分,经皮胸腰椎后路椎弓根螺钉置入器,乙类,11000.00,
gz_nhsa_consumables_C03270108901002,C03270108901002,骨科材料,小儿矫形系统,胸腰椎后路固定板,内固定材料,纯钛,非灭菌,乙类,13175.95,
gz_nhsa_consumables_C03270208901002,C03270208901002,骨科材料,小儿矫形系统,胸腰椎后路固定棒,内固定材料,钛合金,普通棒/预裁棒/非灭菌,乙类,316.00,
gz_nhsa_consumables_C03270208901004,C03270208901004,骨科材料,小儿矫形系统,胸腰椎后路固定棒,内固定材料,钛合金,普通棒/预弯棒/非灭菌,乙类,316.00,
gz_nhsa_consumables_C03270208901005,C03270208901005,骨科材料,小儿矫形系统,胸腰椎后路固定棒,内固定材料,钛合金,普通棒/非预裁棒/灭菌,乙类,100.00,
gz_nhsa_consumables_C03270208901006,C03270208901006,骨科材料,小儿矫形系统,胸腰椎后路固定棒,内固定材料,钛合金,普通棒/非预裁棒/非灭菌,乙类,316.00,
gz_nhsa_consumables_C03270208901008,C03270208901008,骨科材料,小儿矫形系统,胸腰椎后路固定棒,内固定材料,钛合金,普通棒/非预弯棒/非灭菌,乙类,316.00,
gz_nhsa_consumables_C03270208901016,C03270208901016,骨科材料,小儿矫形系统,胸腰椎后路固定棒,内固定材料,钛合金,双直径棒/非预弯棒/非灭菌,乙类,316.00,
gz_nhsa_consumables_C03270208902002,C03270208902002,骨科材料,小儿矫形系统,胸腰椎后路固定棒,内固定材料,钴铬合金,普通棒/预裁棒/非灭菌,乙类,316.00,
gz_nhsa_consumables_C03270208902006,C03270208902006,骨科材料,小儿矫形系统,胸腰椎后路固定棒,内固定材料,钴铬合金,普通棒/非预裁棒/非灭菌,乙类,316.00,
gz_nhsa_consumables_C03270208902008,C03270208902008,骨科材料,小儿矫形系统,胸腰椎后路固定棒,内固定材料,钴铬合金,普通棒/非预弯棒/非灭菌,乙类,710.00,
gz_nhsa_consumables_C03270208903002,C03270208903002,骨科材料,小儿矫形系统,胸腰椎后路固定棒,内固定材料,纯钛,普通棒/预裁棒/非灭菌,乙类,316.00,
gz_nhsa_consumables_C03270208903006,C03270208903006,骨科材料,小儿矫形系统,胸腰椎后路固定棒,内固定材料,纯钛,普通棒/非预裁棒/非灭菌,乙类,316.00,
gz_nhsa_consumables_C03270308902002,C03270308902002,骨科材料,小儿矫形系统,胸腰椎后路固定钩,内固定材料,钛合金,非灭菌,乙类,10290.32,
gz_nhsa_consumables_C03270408901001,C03270408901001,骨科材料,小儿矫形系统,胸腰椎后路椎弓根螺钉,内固定材料,钛合金,普通螺纹/有侧孔/长尾,乙类,680.00,
gz_nhsa_consumables_C03270408901002,C03270408901002,骨科材料,小儿矫形系统,胸腰椎后路椎弓根螺钉,内固定材料,钛合金,普通螺纹/有侧孔/短尾,乙类,680.00,
gz_nhsa_consumables_C03270408901003,C03270408901003,骨科材料,小儿矫形系统,胸腰椎后路椎弓根螺钉,内固定材料,钛合金,普通螺纹/无侧孔/长尾,乙类,6334.50,
gz_nhsa_consumables_C03270408901004,C03270408901004,骨科材料,小儿矫形系统,胸腰椎后路椎弓根螺钉,内固定材料,钛合金,普通螺纹/无侧孔/短尾,乙类,680.00,
gz_nhsa_consumables_C03270408901005,C03270408901005,骨科材料,小儿矫形系统,胸腰椎后路椎弓根螺钉,内固定材料,钛合金,多线螺纹/有侧孔/长尾,乙类,680.00,
gz_nhsa_consumables_C03270408901006,C03270408901006,骨科材料,小儿矫形系统,胸腰椎后路椎弓根螺钉,内固定材料,钛合金,多线螺纹/有侧孔/短尾,乙类,680.00,
gz_nhsa_consumables_C03270408901008,C03270408901008,骨科材料,小儿矫形系统,胸腰椎后路椎弓根螺钉,内固定材料,钛合金,多线螺纹/无侧孔/短尾,乙类,680.00,
gz_nhsa_consumables_C03270408901011,C03270408901011,骨科材料,小儿矫形系统,胸腰椎后路椎弓根螺钉,内固定材料,钛合金,皮质骨螺纹/无侧孔/长尾,乙类,680.00,
gz_nhsa_consumables_C03270408901012,C03270408901012,骨科材料,小儿矫形系统,胸腰椎后路椎弓根螺钉,内固定材料,钛合金,皮质骨螺纹/无侧孔/短尾,乙类,680.00,
gz_nhsa_consumables_C03270408901015,C03270408901015,骨科材料,小儿矫形系统,胸腰椎后路椎弓根螺钉,内固定材料,钛合金,双螺纹/无侧孔/长,乙类,3768.00,
gz_nhsa_consumables_C03270408901016,C03270408901016,骨科材料,小儿矫形系统,胸腰椎后路椎弓根螺钉,内固定材料,钛合金,双尾螺纹/无侧孔/短,乙类,680.00,
gz_nhsa_consumables_C03270408902015,C03270408902015,骨科材料,小儿矫形系统,胸腰椎后路椎弓根螺钉,内固定材料,钴铬钼合金,双尾螺纹/无侧孔/长,乙类,680.00,
gz_nhsa_consumables_C03270508901001,C03270508901001,骨科材料,小儿矫形系统,胸腰椎后路椎弓根螺帽,内固定材料,纯钛,-单锁,乙类,200.00,
gz_nhsa_consumables_C03270508902001,C03270508902001,骨科材料,小儿矫形系统,胸腰椎后路椎弓根螺帽,内固定材料,钛合金,单锁,乙类,200.00,
gz_nhsa_consumables_C03270508902002,C03270508902002,骨科材料,小儿矫形系统,胸腰椎后路椎弓根螺帽,内固定材料,钛合金,双锁,乙类,184.44,
gz_nhsa_consumables_C03270608901000,C03270608901000,骨科材料,小儿矫形系统,胸腰椎后路螺钉,内固定材料,钛合金,常规,乙类,2869.70,
gz_nhsa_consumables_C03270708902000,C03270708902000,骨科材料,小儿矫形系统,胸腰椎后路螺帽,内固定材料,钛合金,常规,乙类,1945.90,
gz_nhsa_consumables_C03270808902002,C03270808902002,骨科材料,小儿矫形系统,腰椎后路横连,内固定材料,钛合金,一体化/非灭菌,乙类,77.67,
gz_nhsa_consumables_C03270808902003,C03270808902003,骨科材料,小儿矫形系统,腰椎后路横连,内固定材料,钛合金,非一体化/灭菌,乙类,180.00,
gz_nhsa_consumables_C03270808902004,C03270808902004,骨科材料,小儿矫形系统,腰椎后路横连,内固定材料,钛合金,非一体化/非灭菌,乙类,1245.73,
gz_nhsa_consumables_C03271008900000,C03271008900000,骨科材料,小儿矫形系统,胸腰椎后路小儿矫形系统其他部件,内固定材料,不区分,其他,乙类,14350.00,
gz_nhsa_consumables_C03271009000002,C03271009000002,骨科材料,小儿矫形系统,胸腰椎后路小儿矫形系统其他部件,垫片,不区分,垫片,乙类,12807.49,
gz_nhsa_consumables_C03271023800001,C03271023800001,骨科材料,小儿矫形系统,胸腰椎后路小儿矫形系统其他部件,连接器,不区分,连接器,乙类,23.37,
gz_nhsa_consumables_C03280108902002,C03280108902002,骨科材料,骶髂固定系,骶髂固定板,内固定材料,钛合,非灭菌,乙类,280.00,
gz_nhsa_consumables_C03280208902002,C03280208902002,骨科材料,骶髂统固定系统,骶髂侧方连接器,内固定材料,金钛合金,非灭菌,乙类,109.74,
gz_nhsa_consumables_C03280308902002,C03280308902002,骨科材料,骶髂固定系统,骶髂骨螺钉,内固定材料,钛合金,全螺纹螺钉/闭口/非灭菌,乙类,1568.28,
gz_nhsa_consumables_C03280308902003,C03280308902003,骨科材料,骶髂固定系统,骶髂骨螺钉,内固定材料,钛合金,全螺纹螺钉/开口/灭菌,乙类,770.00,
gz_nhsa_consumables_C03280308902004,C03280308902004,骨科材料,骶髂固定系统,骶髂骨螺钉,内固定材料,钛合金,全螺纹螺钉/开口/非灭菌,乙类,2331.35,
gz_nhsa_consumables_C03280308902006,C03280308902006,骨科材料,骶髂固定系统,骶髂骨螺钉,内固定材料,钛合金,半螺纹螺钉/闭口/非灭菌,乙类,500.00,
gz_nhsa_consumables_C03280308902008,C03280308902008,骨科材料,骶髂固定系统,骶髂骨螺钉,内固定材料,钛合金,半螺纹螺钉/开口/非灭菌,乙类,2291.23,
gz_nhsa_consumables_C03280408902002,C03280408902002,骨科材料,骶髂固定系,连接器,内固定材料,钛合,非灭菌,乙类,416.88,
gz_nhsa_consumables_C03280508902000,C03280508902000,骨科材料,骶髂统固定系统,骶髂固定系统其他部件,内固定材料,金钛合金,常规,乙类,36.77,
gz_nhsa_consumables_C03290109701001,C03290109701001,骨科材料,脊柱固定融合系统,胸腰椎融合器,融合器,聚醚醚酮（PEEK）,前路/有前凸角/灭菌,乙类,4023.84,
gz_nhsa_consumables_C03290109701002,C03290109701002,骨科材料,脊柱固定融合系统,胸腰椎融合器,融合器,聚醚醚酮（PEEK）,前路/有前凸角/非灭菌,乙类,6064.01,
gz_nhsa_consumables_C03290109701003,C03290109701003,骨科材料,脊柱固定融合系统,胸腰椎融合器,融合器,聚醚醚酮（PEEK）,前路/无前凸角/灭菌,乙类,11591.05,
gz_nhsa_consumables_C03290109701004,C03290109701004,骨科材料,脊柱固定融合系统,胸腰椎融合器,融合器,聚醚醚酮（PEEK）,前路/无前凸角/非灭菌,乙类,4528.02,
gz_nhsa_consumables_C03290109701005,C03290109701005,骨科材料,脊柱固定融合系统,胸腰椎融合器,融合器,聚醚醚酮（PEEK）,后路/有前凸角/灭菌,乙类,3190.85,
gz_nhsa_consumables_C03290109701006,C03290109701006,骨科材料,脊柱固定融合系统,胸腰椎融合器,融合器,聚醚醚酮（PEEK）,后路/有前凸角/非灭菌,乙类,3541.77,
gz_nhsa_consumables_C03290109701007,C03290109701007,骨科材料,脊柱固定融合系统,胸腰椎融合器,融合器,聚醚醚酮（PEEK）,后路/无前凸角/灭菌,乙类,2856.84,
gz_nhsa_consumables_C03290109701008,C03290109701008,骨科材料,脊柱固定融合系统,胸腰椎融合器,融合器,聚醚醚酮（PEEK）,后路/无前凸角/非灭菌,乙类,2777.62,
gz_nhsa_consumables_C03290109701009,C03290109701009,骨科材料,脊柱固定融合系统,胸腰椎融合器,融合器,聚醚醚酮（PEEK）,侧路/有前凸角/灭菌,乙类,1617.03,
gz_nhsa_consumables_C03290109701010,C03290109701010,骨科材料,脊柱固定融合系统,胸腰椎融合器,融合器,聚醚醚酮（PEEK）,侧路/有前凸角/非灭菌,乙类,3192.97,
gz_nhsa_consumables_C03290109701011,C03290109701011,骨科材料,脊柱固定融合系统,胸腰椎融合器,融合器,聚醚醚酮（PEEK）,侧路/无前凸角/灭菌,乙类,16350.00,
gz_nhsa_consumables_C03290109701012,C03290109701012,骨科材料,脊柱固定融合系统,胸腰椎融合器,融合器,聚醚醚酮（PEEK）,侧路/无前凸角/非灭菌,乙类,19215.00,
gz_nhsa_consumables_C03290109702002,C03290109702002,骨科材料,脊柱固定融合系统,胸腰椎融合器,融合器,碳纤维增强复合材料（CFRP）,前路/有前凸角/非灭菌,乙类,3500.00,
gz_nhsa_consumables_C03290109702005,C03290109702005,骨科材料,脊柱固定融合系统,胸腰椎融合器,融合器,碳纤维增强复合材料（CFRP）,后路/有前凸角/灭菌,乙类,3500.00,
gz_nhsa_consumables_C03290109702006,C03290109702006,骨科材料,脊柱固定融合系统,胸腰椎融合器,融合器,碳纤维增强复合材料（CFRP）,后路/有前凸角/非灭菌,乙类,3500.00,
gz_nhsa_consumables_C03290109702008,C03290109702008,骨科材料,脊柱固定融合系统,胸腰椎融合器,融合器,碳纤维增强复合材料（CFRP）,后路/无前凸角/非灭菌,乙类,3536.11,
gz_nhsa_consumables_C03290109702010,C03290109702010,骨科材料,脊柱固定融合系统,胸腰椎融合器,融合器,碳纤维增强复合材料（CFRP）,侧路/有前凸角/非灭菌,乙类,3500.00,
gz_nhsa_consumables_C03290109702012,C03290109702012,骨科材料,脊柱固定融合系统,胸腰椎融合器,融合器,碳纤维增强复合材料（CFRP）,侧路/无前凸角/非灭菌,乙类,3500.00,
gz_nhsa_consumables_C03290109703002,C03290109703002,骨科材料,脊柱固定融合系统,胸腰椎融合器,融合器,纯钛,前路/有前凸角/非灭菌,乙类,3500.00,
gz_nhsa_consumables_C03290109703004,C03290109703004,骨科材料,脊柱固定融合系统,胸腰椎融合器,融合器,纯钛,前路/无前凸角/非灭菌,乙类,4840.35,
gz_nhsa_consumables_C03290109703006,C03290109703006,骨科材料,脊柱固定融合系统,胸腰椎融合器,融合器,纯钛,后路/有前凸角/非灭菌,乙类,3500.00,
gz_nhsa_consumables_C03290109703008,C03290109703008,骨科材料,脊柱固定融合系统,胸腰椎融合器,融合器,纯钛,后路/无前凸角/非灭菌,乙类,3500.00,
gz_nhsa_consumables_C03290109703010,C03290109703010,骨科材料,脊柱固定融合系统,胸腰椎融合器,融合器,纯钛,侧路/有前凸角/非灭菌,乙类,3500.00,
gz_nhsa_consumables_C03290109703012,C03290109703012,骨科材料,脊柱固定融合系统,胸腰椎融合器,融合器,纯钛,侧路/无前凸角/非灭菌,乙类,3500.00,
gz_nhsa_consumables_C03290109704002,C03290109704002,骨科材料,脊柱固定融合系统,胸腰椎融合器,融合器,钛合金,前路/有前凸角/非灭菌,乙类,3500.00,
gz_nhsa_consumables_C03290109704004,C03290109704004,骨科材料,脊柱固定融合系统,胸腰椎融合器,融合器,钛合金,前路/无前凸角/非灭菌,乙类,2345.14,
gz_nhsa_consumables_C03290109704005,C03290109704005,骨科材料,脊柱固定融合系统,胸腰椎融合器,融合器,钛合金,后路/有前凸角/,乙类,3360.00,
gz_nhsa_consumables_C03290109704006,C03290109704006,骨科材料,脊柱固定融合系统,胸腰椎融合器,融合器,钛合金,-后菌路/有前凸角/非灭菌,乙类,6960.30,
gz_nhsa_consumables_C03290109704007,C03290109704007,骨科材料,脊柱固定融合系统,胸腰椎融合器,融合器,钛合金,后路/无前凸角/,乙类,1383.62,
gz_nhsa_consumables_C03290109704008,C03290109704008,骨科材料,脊柱固定融合系统,胸腰椎融合器,融合器,钛合金,-后菌路/无前凸角/非灭菌,乙类,3673.70,
gz_nhsa_consumables_C03290109704010,C03290109704010,骨科材料,脊柱固定融合系统,胸腰椎融合器,融合器,钛合金,侧路/有前凸角/非灭菌,乙类,3500.00,
gz_nhsa_consumables_C03290109704012,C03290109704012,骨科材料,脊柱固定融合系统,胸腰椎融合器,融合器,钛合金,侧路/无前凸角/非灭菌,乙类,3500.00,
gz_nhsa_consumables_C03290209701001,C03290209701001,骨科材料,脊柱固定融合系统,颈椎融合器,融合器,聚醚醚酮（PEEK）,有前凸角/带人工骨/灭菌,乙类,3153.33,
gz_nhsa_consumables_C03290209701002,C03290209701002,骨科材料,脊柱固定融合系统,颈椎融合器,融合器,聚醚醚酮（PEEK）,有前凸角/带人工骨/非灭菌,乙类,2590.00,
gz_nhsa_consumables_C03290209701003,C03290209701003,骨科材料,脊柱固定融合系统,颈椎融合器,融合器,聚醚醚酮（PEEK）,有前凸角/不带人工骨/灭菌,乙类,4255.93,
gz_nhsa_consumables_C03290209701004,C03290209701004,骨科材料,脊柱固定融合系统,颈椎融合器,融合器,聚醚醚酮（PEEK）,有前凸角/不带人工骨/非灭,乙类,2990.95,
gz_nhsa_consumables_C03290209701005,C03290209701005,骨科材料,脊柱固定融合系统,颈椎融合器,融合器,聚醚醚酮（PEEK）,无菌前凸角/带人工骨/灭菌,乙类,2590.00,
gz_nhsa_consumables_C03290209701006,C03290209701006,骨科材料,脊柱固定融合系统,颈椎融合器,融合器,聚醚醚酮（PEEK）,无前凸角/带人工骨/非灭菌,乙类,2590.00,
gz_nhsa_consumables_C03290209701007,C03290209701007,骨科材料,脊柱固定融合系统,颈椎融合器,融合器,聚醚醚酮（PEEK）,无前凸角/不带人工骨/灭菌,乙类,2222.43,
gz_nhsa_consumables_C03290209701008,C03290209701008,骨科材料,脊柱固定融合系统,颈椎融合器,融合器,聚醚醚酮（PEEK）,无前凸角/不带人工骨/非灭,乙类,3354.22,
gz_nhsa_consumables_C03290209702004,C03290209702004,骨科材料,脊柱固定融合系统,颈椎融合器,融合器,碳纤维增强复合材料（CFRP）,有菌前凸角/不带人工骨/非灭菌,乙类,2590.00,
gz_nhsa_consumables_C03290209702008,C03290209702008,骨科材料,脊柱固定融合系统,颈椎融合器,融合器,碳纤维增强复合材料（CFRP）,无前凸角/不带人工骨/非灭菌,乙类,2590.00,
gz_nhsa_consumables_C03290209703004,C03290209703004,骨科材料,脊柱固定融合系统,颈椎融合器,融合器,纯钛,有前凸角/不带人工骨/非灭,乙类,2590.00,
gz_nhsa_consumables_C03290209703008,C03290209703008,骨科材料,脊柱固定融合系统,颈椎融合器,融合器,纯钛,无菌前凸角/不带人工骨/非灭,乙类,2590.00,
gz_nhsa_consumables_C03290209704003,C03290209704003,骨科材料,脊柱固定融合系统,颈椎融合器,融合器,钛合金,有菌前凸角/不带人工骨/灭菌,乙类,2590.00,
gz_nhsa_consumables_C03290209704004,C03290209704004,骨科材料,脊柱固定融合系统,颈椎融合器,融合器,钛合金,有前凸角/不带人工骨/非灭,乙类,331.52,
gz_nhsa_consumables_C03290209704007,C03290209704007,骨科材料,脊柱固定融合系统,颈椎融合器,融合器,钛合金,无菌前凸角/不带人工骨/灭菌,乙类,2972.40,
gz_nhsa_consumables_C03290209704008,C03290209704008,骨科材料,脊柱固定融合系统,颈椎融合器,融合器,钛合金,无前凸角/不带人工骨/非灭,乙类,4874.08,
gz_nhsa_consumables_C03290309700001,C03290309700001,骨科材料,脊柱固定融合系统,3D打印椎间融合器,融合器,不区分,-胸腰椎,乙类,13331.25,
gz_nhsa_consumables_C03290309700002,C03290309700002,骨科材料,脊柱固定融合系统,3D打印椎间融合器,融合器,不区分,颈椎,乙类,16727.33,
gz_nhsa_consumables_C03290409700000,C03290409700000,骨科材料,脊柱固定融合系统,关节突融合器,融合器,不区分,常规,乙类,4000.00,
gz_nhsa_consumables_C03290509801004,C03290509801004,骨科材料,脊柱固定融合系统,胸腰椎人工椎体,人工椎体,纯钛,高度固定/非灭菌,乙类,4101.33,
gz_nhsa_consumables_C03290509802001,C03290509802001,骨科材料,脊柱固定融合系统,胸腰椎人工椎体,人工椎体,钛合金,高度可调节/灭菌,乙类,27362.53,
gz_nhsa_consumables_C03290509802002,C03290509802002,骨科材料,脊柱固定融合系统,胸腰椎人工椎体,人工椎体,钛合金,高度可调节/非灭,乙类,9365.79,
gz_nhsa_consumables_C03290509802003,C03290509802003,骨科材料,脊柱固定融合系统,胸腰椎人工椎体,人工椎体,钛合金,高菌度固定/灭菌,乙类,23681.00,
gz_nhsa_consumables_C03290609801003,C03290609801003,骨科材料,脊柱固定融合系统,颈椎人工椎体,人工椎体,钛合金,高度固定/灭菌,乙类,19389.75,
gz_nhsa_consumables_C03290709800000,C03290709800000,骨科材料,脊柱固定融合系统,定制人工椎体,人工椎体,不区分,常规,乙类,15960.00,
gz_nhsa_consumables_C03290809901000,C03290809901000,骨科材料,脊柱固定融合系统,胸腰椎钛网,钛网,纯钛,常规,乙类,6921.92,
gz_nhsa_consumables_C03290809902000,C03290809902000,骨科材料,脊柱固定融合系统,胸腰椎钛网,钛网,钛合金,常规,乙类,6869.34,
gz_nhsa_consumables_C03290909901001,C03290909901001,骨科材料,脊柱固定融合系统,颈椎钛网,钛网,纯钛,灭菌,乙类,6593.04,
gz_nhsa_consumables_C03290909901002,C03290909901002,骨科材料,脊柱固定融合系统,颈椎钛网,钛网,纯钛,非灭菌,乙类,7638.70,
gz_nhsa_consumables_C03290909902001,C03290909902001,骨科材料,脊柱固定融合系统,颈椎钛网,钛网,钛合金,灭菌,乙类,8610.00,
gz_nhsa_consumables_C03290909902002,C03290909902002,骨科材料,脊柱固定融合系统,颈椎钛网,钛网,钛合金,非灭菌,乙类,4104.58,
gz_nhsa_consumables_C03291008900000,C03291008900000,骨科材料,脊柱固定融合系统,其他脊柱固定融合系统材料,内固定材料,不区分,其他,乙类,3289.85,
gz_nhsa_consumables_C03291008900001,C03291008900001,骨科材料,脊柱固定融合系统,其他脊柱固定融合系统材料,内固定材料,不区分,加强环,乙类,3289.85,
gz_nhsa_consumables_C03291008900003,C03291008900003,骨科材料,脊柱固定融合系统,其他脊柱固定融合系统材料,内固定材料,不区分,端盖,乙类,2850.00,
gz_nhsa_consumables_C03300110000000,C03300110000000,骨科材料,腰椎非融合系统,腰椎非融合植入物,腰椎植入物,不区分,常规,乙类,21087.76,
gz_nhsa_consumables_C03300408901001,C03300408901001,骨科材料,腰椎非融合系统,腰椎后路非融合螺钉,内固定材料,钛合金,有涂层,乙类,364.25,
gz_nhsa_consumables_C03300408901002,C03300408901002,骨科材料,腰椎非融合系统,腰椎后路非融合螺钉,内固定材料,钛合金,无涂层,乙类,2445.06,
gz_nhsa_consumables_C03300508900000,C03300508900000,骨科材料,腰椎非融合系统,腰椎后路非融合套管,内固定材料,不区分,常规,乙类,7047.00,
gz_nhsa_consumables_C03300608900000,C03300608900000,骨科材料,腰椎非融合系统,腰椎后路非融合绳索,内固定材料,不区分,常规,乙类,5699.00,
gz_nhsa_consumables_C03300708900000,C03300708900000,骨科材料,腰椎非融合系统,腰椎后路非融合连接器,内固定材料,不区分,常规,乙类,112.00,
gz_nhsa_consumables_C03300808900000,C03300808900000,骨科材料,腰椎非融合系统,腰椎后路连接棒,内固定材料,不区分,常规,乙类,4970.25,
gz_nhsa_consumables_C03300923900001,C03300923900001,骨科材料,腰椎非融合系统,腰椎非融合系统其他部件,纤维环缝合器,不区分,纤维环缝合器,乙类,15946.47,
gz_nhsa_consumables_C03310110100000,C03310110100000,骨科材料,椎体成形系,工作套筒,椎体成形工具,不区,常规,乙类,159.58,
gz_nhsa_consumables_C03310202600000,C03310202600000,骨科材料,椎体统成形系,穿刺针,穿刺器,分不区,常规,乙类,243.46,
gz_nhsa_consumables_C03310310100000,C03310310100000,骨科材料,椎体统成形系,磨钻,椎体成形工具,分不区,常规,乙类,38.79,
gz_nhsa_consumables_C03310400200001,C03310400200001,骨科材料,椎体统成形系,球囊,球囊,分不区,定向,乙类,286.34,
gz_nhsa_consumables_C03310400200002,C03310400200002,骨科材料,椎体统成形系,球囊,球囊,分不区,不定向,乙类,236.14,
gz_nhsa_consumables_C03310510200000,C03310510200000,骨科材料,椎体统成形系,球囊注射器,注射器,分不区,常规,乙类,0.57,
gz_nhsa_consumables_C03310700700000,C03310700700000,骨科材料,椎体统成形系,活检器,活检材料,分不区,常规,乙类,2122.98,
gz_nhsa_consumables_C03310900300000,C03310900300000,骨科材料,椎体统成形系,引导丝,导丝,分不区,常规,乙类,15.95,
gz_nhsa_consumables_C03311010100000,C03311010100000,骨科材料,椎体统成形系统,定向椎体成形工具,椎体成形工具,分不区分,常规,乙类,245.00,
gz_nhsa_consumables_C03311110100000,C03311110100000,骨科材料,椎体成形系统,骨水泥搅拌注入系统,椎体成形工具,不区分,常规,乙类,69.68,
gz_nhsa_consumables_C03311210100000,C03311210100000,骨科材料,椎体成形系统,金属网状支撑物,椎体成形工具,不区分,常规,乙类,4775.30,
gz_nhsa_consumables_C03311302600000,C03311302600000,骨科材料,椎体成形系统,穿刺通道一体锥,穿刺器,不区分,常规,乙类,72.02,
gz_nhsa_consumables_C03311410100000,C03311410100000,骨科材料,椎体成形系统,支架入路系统,椎体成形工具,不区分,常规,乙类,399.86,
gz_nhsa_consumables_C03311510101000,C03311510101000,骨科材料,椎体成形系统,支架充盈系统,椎体成形工具,不锈钢,常规,乙类,30.86,
gz_nhsa_consumables_C03311510102000,C03311510102000,骨科材料,椎体成形系统,支架充盈系统,椎体成形工具,聚合物,常规,乙类,229.79,
gz_nhsa_consumables_C03311624000001,C03311624000001,骨科材料,椎体成形系统,椎体成形系统其他部件,扩张材料,不区分,扩张材料,乙类,43.89,
gz_nhsa_consumables_C03320110302001,C03320110302001,骨科材料,人工椎间盘,颈椎人工椎间盘,人工椎间盘,钛合金及其他,一体式/固定核心,乙类,11182.00,
gz_nhsa_consumables_C03320110302002,C03320110302002,骨科材料,人工椎间盘,颈椎人工椎间盘,人工椎间盘,钛合金及其他,一体式/活动核心,乙类,11182.00,
gz_nhsa_consumables_C03320110302004,C03320110302004,骨科材料,人工椎间盘,颈椎人工椎间盘,人工椎间盘,钛合金及其他,分体式/活动核心,乙类,8976.92,
gz_nhsa_consumables_C03320110303001,C03320110303001,骨科材料,人工椎间盘,颈椎人工椎间盘,人工椎间盘,钴铬钼合金,一体式/固定核心,乙类,11182.00,
gz_nhsa_consumables_C03320110303002,C03320110303002,骨科材料,人工椎间盘,颈椎人工椎间盘,人工椎间盘,钴铬钼合金,一体式/活动核心,乙类,11182.00,
gz_nhsa_consumables_C03320110303004,C03320110303004,骨科材料,人工椎间盘,颈椎人工椎间盘,人工椎间盘,钴铬钼合金,分体式/活动核心,乙类,11182.00,
gz_nhsa_consumables_C03330110400000,C03330110400000,骨科材料,脊柱内镜配套系统,内镜射频刀头,射频刀头,不区分,常规,乙类,939.17,
gz_nhsa_consumables_C03340110702001,C03340110702001,骨科材料,人工全肩关节,肱骨柄,人工关节,钛合金,骨水泥型,乙类,5453.90,
gz_nhsa_consumables_C03340110702002,C03340110702002,骨科材料,人工全肩关,肱骨柄,人工关节,钛合,生物型,乙类,20269.80,
gz_nhsa_consumables_C03340110703001,C03340110703001,骨科材料,人工节全肩关节,肱骨柄,人工关节,金钴铬合金,骨水泥型,乙类,26655.00,
gz_nhsa_consumables_C03340110703002,C03340110703002,骨科材料,人工全肩关节,肱骨柄,人工关节,钴铬合金,生物型,乙类,3300.00,
gz_nhsa_consumables_C03340210702001,C03340210702001,骨科材料,人工全肩关节,肱骨头,人工关节,钴铬合金,标准型,乙类,16265.58,
gz_nhsa_consumables_C03340210702002,C03340210702002,骨科材料,人工全肩关节,肱骨头,人工关节,钴铬合金,偏心型,乙类,15060.74,
gz_nhsa_consumables_C03340310701001,C03340310701001,骨科材料,人工全肩关节,肩盂,人工关节,普通聚乙烯,一体式,乙类,30580.00,
gz_nhsa_consumables_C03340310701002,C03340310701002,骨科材料,人工全肩关节,肩盂,人工关节,普通聚乙烯,组配式,乙类,22564.63,
gz_nhsa_consumables_C03340310702001,C03340310702001,骨科材料,人工全肩关节,肩盂,人工关节,高交联聚乙烯,一体式,乙类,3300.00,
gz_nhsa_consumables_C03340310702002,C03340310702002,骨科材料,人工全肩关节,肩盂,人工关节,高交联聚乙烯,组配式,乙类,3300.00,
gz_nhsa_consumables_C03340310703002,C03340310703002,骨科材料,人工全肩关,肩盂,人工关节,钽金,组配式,乙类,3300.00,
gz_nhsa_consumables_C03340410702000,C03340410702000,骨科材料,人工节全肩关节,肱骨头柄连接器,人工关节,属钛合金,常规,乙类,11553.74,
gz_nhsa_consumables_C03340510700000,C03340510700000,骨科材料,人工全肩关,锥度适配器,人工关节,不区,常规,乙类,3675.00,
gz_nhsa_consumables_C03350110702001,C03350110702001,骨科材料,人工节半肩关节,肱骨柄,人工关节,分钛合金,骨水泥型/一体式,乙类,19925.28,
gz_nhsa_consumables_C03350110702002,C03350110702002,骨科材料,人工半肩关节,肱骨柄,人工关节,钛合金,骨水泥型/组配式,乙类,17647.80,
gz_nhsa_consumables_C03350110702003,C03350110702003,骨科材料,人工半肩关节,肱骨柄,人工关节,钛合金,生物型/一体式,乙类,22754.00,
gz_nhsa_consumables_C03350110702004,C03350110702004,骨科材料,人工半肩关节,肱骨柄,人工关节,钛合金,生物型/组配式,乙类,20466.55,
gz_nhsa_consumables_C03350110703001,C03350110703001,骨科材料,人工半肩关节,肱骨柄,人工关节,钴铬合金,骨水泥型/一体式,乙类,7805.32,
gz_nhsa_consumables_C03350110703003,C03350110703003,骨科材料,人工半肩关节,肱骨柄,人工关节,钴铬合金,生物型/一体式,乙类,3300.00,
gz_nhsa_consumables_C03350110704003,C03350110704003,骨科材料,人工半肩关节,肱骨柄,人工关节,钽金属,生物型/一体式,乙类,3300.00,
gz_nhsa_consumables_C03350210702001,C03350210702001,骨科材料,人工半肩关节,肱骨头,人工关节,钴铬合金,标准型,乙类,13219.63,
gz_nhsa_consumables_C03350210702002,C03350210702002,骨科材料,人工半肩关节,肱骨头,人工关节,钴铬合金,偏心型,乙类,8280.89,
gz_nhsa_consumables_C03350310700000,C03350310700000,骨科材料,人工半肩关节,其他人工肩关节配件,人工关节,不区分,常规,乙类,18468.09,
gz_nhsa_consumables_C03360110702002,C03360110702002,骨科材料,人工反肩关节,肱骨柄,人工关节,钛合金,骨水泥型/组配式,乙类,15450.00,
gz_nhsa_consumables_C03360110702004,C03360110702004,骨科材料,人工反肩关节,肱骨柄,人工关节,钛合金,生物型/组配式,乙类,16426.46,
gz_nhsa_consumables_C03360210702000,C03360210702000,骨科材料,人工反肩关,肱骨垫块,人工关节,聚乙,常规,乙类,8824.30,
gz_nhsa_consumables_C03360310701000,C03360310701000,骨科材料,人工节反肩关节,肱骨柄间隔器,人工关节,烯钴铬合金,常规,乙类,1000.00,
gz_nhsa_consumables_C03360310702000,C03360310702000,骨科材料,人工反肩关节,肱骨柄间隔器,人工关节,钛合金,常规,乙类,15374.74,
gz_nhsa_consumables_C03360410701001,C03360410701001,骨科材料,人工反肩关节,反转肩盂头,人工关节,钴铬合金,标准型,乙类,22890.00,
gz_nhsa_consumables_C03360410701002,C03360410701002,骨科材料,人工反肩关节,反转肩盂头,人工关节,钴铬合金,偏心型,乙类,11968.75,
gz_nhsa_consumables_C03360410702001,C03360410702001,骨科材料,人工反肩关,反转肩盂头,人工关节,钛合,标准型,乙类,7175.00,
gz_nhsa_consumables_C03360410702002,C03360410702002,骨科材料,人工节反肩关,反转肩盂头,人工关节,金钛合,偏心型,乙类,22031.63,
gz_nhsa_consumables_C03360510702001,C03360510702001,骨科材料,人工节反肩关,肩盂基底座,人工关节,金钛合,HA涂层,乙类,19345.90,
gz_nhsa_consumables_C03360510702002,C03360510702002,骨科材料,人工节反肩关节,肩盂基底座,人工关节,金钛合金,金属多孔涂层,乙类,11462.31,
gz_nhsa_consumables_C03360510702003,C03360510702003,骨科材料,人工反肩关,肩盂基底座,人工关节,钛合,喷砂型,乙类,500.00,
gz_nhsa_consumables_C03360510702004,C03360510702004,骨科材料,人工节反肩关节,肩盂基底座,人工关节,金钛合金,羟基磷灰石涂层,乙类,9500.00,
gz_nhsa_consumables_C03360510702005,C03360510702005,骨科材料,人工反肩关,肩盂基底座,人工关节,钛合,其他,乙类,8993.21,
gz_nhsa_consumables_C03360610700001,C03360610700001,骨科材料,人工节反肩关,固定螺钉,人工关节,金不区,锁定,乙类,1418.94,
gz_nhsa_consumables_C03360610700002,C03360610700002,骨科材料,人工节反肩关,固定螺钉,人工关节,分不区,非锁定,乙类,1705.56,
gz_nhsa_consumables_C03360710700000,C03360710700000,骨科材料,人工节反肩关节,其他人工反肩配件,人工关节,分不区分,常规,乙类,13496.79,
gz_nhsa_consumables_C03370110701001,C03370110701001,骨科材料,人工肘关节,尺骨干,人工关节,钛合金,有涂层/解剖型,乙类,10661.25,
gz_nhsa_consumables_C03370110701002,C03370110701002,骨科材料,人工肘关节,尺骨干,人工关节,钛合金,有涂层/非解剖型,乙类,3300.00,
gz_nhsa_consumables_C03370110701003,C03370110701003,骨科材料,人工肘关节,尺骨干,人工关节,钛合金,无涂层/解剖型,乙类,22583.33,
gz_nhsa_consumables_C03370110701004,C03370110701004,骨科材料,人工肘关节,尺骨干,人工关节,钛合金,无涂层/非解剖型,乙类,33108.80,
gz_nhsa_consumables_C03370210701001,C03370210701001,骨科材料,人工肘关节,肱骨干,人工关节,钛合,有涂层,乙类,10425.62,
gz_nhsa_consumables_C03370210701002,C03370210701002,骨科材料,人工肘关节,肱骨干,人工关节,金钛合,无涂层,乙类,18175.00,
gz_nhsa_consumables_C03370210702002,C03370210702002,骨科材料,人工肘关节,肱骨干,人工关节,金钴铬钼合金,无涂层,乙类,42000.00,
gz_nhsa_consumables_C03370310700002,C03370310700002,骨科材料,人工肘关节,铰链钉,人工关节,不区分,半限制型,乙类,13520.00,
gz_nhsa_consumables_C03370410700000,C03370410700000,骨科材料,人工肘关节,衬套,人工关节,不区,常规,乙类,5581.25,
gz_nhsa_consumables_C03370510701000,C03370510701000,骨科材料,人工肘关节,桡骨假体,人工关节,分钛合,常规,乙类,3300.00,
gz_nhsa_consumables_C03370510702000,C03370510702000,骨科材料,人工肘关节,桡骨假体,人工关节,金钴铬钼合金,常规,乙类,17976.00,
gz_nhsa_consumables_C03370610700000,C03370610700000,骨科材料,人工肘关节,其他人工肘关节配件,人工关节,不区分,常规,乙类,13093.75,
gz_nhsa_consumables_C03380110700000,C03380110700000,骨科材料,人工踝关节,滑动核,人工关节,不区,常规,乙类,11741.91,
gz_nhsa_consumables_C03380210700002,C03380210700002,骨科材料,人工踝关节,胫骨假体,人工关节,分不区分,旋转平台/生物型,乙类,9525.69,
gz_nhsa_consumables_C03380210700003,C03380210700003,骨科材料,人工踝关节,胫骨假体,人工关节,不区分,固定平台/骨水泥,乙类,20812.64,
gz_nhsa_consumables_C03380210700004,C03380210700004,骨科材料,人工踝关节,胫骨假体,人工关节,不区分,固型定平台/生物型,乙类,20672.02,
gz_nhsa_consumables_C03380310700000,C03380310700000,骨科材料,人工踝关节,距骨假体,人工关节,不区,常规,乙类,20453.51,
gz_nhsa_consumables_C03390110700000,C03390110700000,骨科材料,人工小关节,腕关节,人工关节,分不区,常规,乙类,14801.19,
gz_nhsa_consumables_C03390210703000,C03390210703000,骨科材料,人工小关节,指关节,人工关节,分钛合,常规,乙类,23250.00,
gz_nhsa_consumables_C03390310700000,C03390310700000,骨科材料,人工小关节,趾关节,人工关节,金不区,常规,乙类,15000.00,
gz_nhsa_consumables_C03400110802000,C03400110802000,骨科材料,人工关节配,捆绑带,人工关节配件,分纯钛,常规,乙类,6259.62,
gz_nhsa_consumables_C03400310800001,C03400310800001,骨科材料,人工件关节配件,骨水泥搅拌器,人工关节配件,不区分,真空搅拌器,乙类,750.86,
gz_nhsa_consumables_C03400310800002,C03400310800002,骨科材料,人工关节配件,骨水泥搅拌器,人工关节配件,不区分,普通搅拌器,乙类,786.03,
gz_nhsa_consumables_C03400410800000,C03400410800000,骨科材料,人工关节配,远端塞,人工关节配件,不区,常规,乙类,356.17,
gz_nhsa_consumables_C03400510801000,C03400510801000,骨科材料,人工件关节配,髋臼螺钉,人工关节配件,分钛合,常规,乙类,585.23,
gz_nhsa_consumables_C03400510802000,C03400510802000,骨科材料,人工件关节配件,髋臼螺钉,人工关节配件,金钴铬钼合金,常规,乙类,450.00,
gz_nhsa_consumables_C03400610800000,C03400610800000,骨科材料,人工关节配,膝关节螺钉,人工关节配件,不区,常规,乙类,1130.94,
gz_nhsa_consumables_C03400710800000,C03400710800000,骨科材料,人工件关节配,封堵帽,人工关节配件,分不区,常规,乙类,1783.16,
gz_nhsa_consumables_C03400810801000,C03400810801000,骨科材料,人工件关节配,中置器,人工关节配件,分聚乙,常规,乙类,1814.89,
gz_nhsa_consumables_C03400810802000,C03400810802000,骨科材料,-人工关节配件,中置器,人工关节配件,烯聚甲基丙烯酸甲酯（PMMA）,常规,乙类,3468.70,
gz_nhsa_consumables_C03400910801000,C03400910801000,骨科材料,人工关节配,粗隆爪,人工关节配件,钛合,常规,乙类,19800.00,
gz_nhsa_consumables_C03401010801000,C03401010801000,骨科材料,人工件关节配件,股骨头坏死重建棒,人工关节配件,金钽金属,常规,乙类,4000.00,
gz_nhsa_consumables_C03401010802000,C03401010802000,骨科材料,人工关节配件,股骨头坏死重建棒,人工关节配件,钛合金,常规,乙类,24807.42,
gz_nhsa_consumables_C03401110801000,C03401110801000,骨科材料,人工关节配,髓腔塞,人工关节配件,聚乙,常规,乙类,255.67,
gz_nhsa_consumables_C03401410800000,C03401410800000,骨科材料,人工件关节配件,其他关节、配件材料,人工关节配件,烯不区分,常规,乙类,850.78,
gz_nhsa_consumables_C03410110700000,C03410110700000,骨科材料,骨肿瘤人工关节,近端股骨肿瘤假体,人工关节,不区分,常规,乙类,7861.52,
gz_nhsa_consumables_C03410210700000,C03410210700000,骨科材料,骨肿瘤人工关节,远端股骨肿瘤假体,人工关节,不区分,常规,乙类,35618.36,
gz_nhsa_consumables_C03410310700000,C03410310700000,骨科材料,骨肿瘤人工关节,近端胫骨肿瘤假体,人工关节,不区分,常规,乙类,9379.07,
gz_nhsa_consumables_C03410410701006,C03410410701006,骨科材料,骨肿瘤人工关节,股骨柄,人工关节,钴铬合金,金属多孔涂层/直型/生物型,乙类,3300.00,
gz_nhsa_consumables_C03410410701009,C03410410701009,骨科材料,骨肿瘤人工关节,股骨柄,人工关节,钴铬合金,喷砂涂层/直型/骨水泥型,乙类,17600.00,
gz_nhsa_consumables_C03410410701011,C03410410701011,骨科材料,骨肿瘤人工关节,股骨柄,人工关节,钴铬合金,喷砂涂层/弯型/骨水泥型,乙类,12360.00,
gz_nhsa_consumables_C03410410702001,C03410410702001,骨科材料,骨肿瘤人工关节,股骨柄,人工关节,钛合金,HA涂层/直型/骨水泥型,乙类,11988.59,
gz_nhsa_consumables_C03410410702002,C03410410702002,骨科材料,骨肿瘤人工关节,股骨柄,人工关节,钛合金,HA涂层/直型/生物,乙类,15548.39,
gz_nhsa_consumables_C03410410702004,C03410410702004,骨科材料,骨肿瘤人工关节,股骨柄,人工关节,钛合金,H型A涂层/弯型/生物,乙类,18621.00,
gz_nhsa_consumables_C03410410702006,C03410410702006,骨科材料,骨肿瘤人工关节,股骨柄,人工关节,钛合金,金型属多孔涂层/直型/生物型,乙类,23000.00,
gz_nhsa_consumables_C03410410702009,C03410410702009,骨科材料,骨肿瘤人工关节,股骨柄,人工关节,钛合金,喷砂涂层/直型/骨水泥型,乙类,2480.00,
gz_nhsa_consumables_C03410410702010,C03410410702010,骨科材料,骨肿瘤人工关节,股骨柄,人工关节,钛合金,喷砂涂层/直型/生物型,乙类,19265.59,
gz_nhsa_consumables_C03410410702011,C03410410702011,骨科材料,骨肿瘤人工关节,股骨柄,人工关节,钛合金,喷砂涂层/弯型/骨水泥型,乙类,3300.00,
gz_nhsa_consumables_C03410410702014,C03410410702014,骨科材料,骨肿瘤人工关节,股骨柄,人工关节,钛合金,其他/直型/生物,乙类,3300.00,
gz_nhsa_consumables_C03410510700000,C03410510700000,骨科材料,骨肿瘤人工关节,股骨髁,人工关节,不区分,-常规,乙类,8287.42,
gz_nhsa_consumables_C03410610700000,C03410610700000,骨科材料,骨肿瘤人工关节,胫骨平台,人工关节,不区分,常规,乙类,9806.24,
gz_nhsa_consumables_C03410710700000,C03410710700000,骨科材料,骨肿瘤人工关节,胫骨垫片,人工关节,不区分,常规,乙类,5188.13,
gz_nhsa_consumables_C03410810701001,C03410810701001,骨科材料,骨肿瘤人工关节,延长杆,人工关节,钛合金,骨水泥型,乙类,6224.90,
gz_nhsa_consumables_C03410810701002,C03410810701002,骨科材料,骨肿瘤人工关节,延长杆,人工关节,钛合金,生物型,乙类,10599.44,
gz_nhsa_consumables_C03410810701003,C03410810701003,骨科材料,骨肿瘤人工关节,延长杆,人工关节,钛合金,其他,乙类,8603.21,
gz_nhsa_consumables_C03410810702001,C03410810702001,骨科材料,骨肿瘤人工关节,延长杆,人工关节,钴铬钼合金,骨水泥型,乙类,6000.00,
gz_nhsa_consumables_C03410810702002,C03410810702002,骨科材料,骨肿瘤人工关节,延长杆,人工关节,钴铬钼合金,生物型,乙类,1000.00,
gz_nhsa_consumables_C03410810702003,C03410810702003,骨科材料,骨肿瘤人工关节,延长杆,人工关节,钴铬钼合金,其他,乙类,8000.00,
gz_nhsa_consumables_C03410910700000,C03410910700000,骨科材料,骨肿瘤人工关节,肿瘤膝关节,人工关节,不区分,常规,乙类,46203.44,
gz_nhsa_consumables_C03411010700000,C03411010700000,骨科材料,骨肿瘤人工关节,髋膝关节假体,人工关节,不区分,常规,乙类,212.96,
gz_nhsa_consumables_C03411110700000,C03411110700000,骨科材料,骨肿瘤人工关节,股骨髁轴套管,人工关节,不区分,常规,乙类,7409.20,
gz_nhsa_consumables_C03411210700000,C03411210700000,骨科材料,骨肿瘤人工关节,股骨髁轴,人工关节,不区分,常规,乙类,4474.82,
gz_nhsa_consumables_C03411310700001,C03411310700001,骨科材料,骨肿瘤人工关节,其他骨肿瘤人工关节,人工关节,不区分,连接件,乙类,8124.55,
gz_nhsa_consumables_C03411310700002,C03411310700002,骨科材料,骨肿瘤人工关节,其他骨肿瘤人工关节,人工关节,不区分,轴承,乙类,2005.81,
gz_nhsa_consumables_C03411310700003,C03411310700003,骨科材料,骨肿瘤人工关节,其他骨肿瘤人工关节,人工关节,不区分,轴衬,乙类,6773.23,
gz_nhsa_consumables_C03411310700004,C03411310700004,骨科材料,骨肿瘤人工关节,其他骨肿瘤人工关节,人工关节,不区分,防撞器,乙类,6150.78,
gz_nhsa_consumables_C03411310700005,C03411310700005,骨科材料,骨肿瘤人工关节,其他骨肿瘤人工关节,人工关节,不区分,袖套,乙类,13974.06,
gz_nhsa_consumables_C03411310700006,C03411310700006,骨科材料,骨肿瘤人工关节,其他骨肿瘤人工关节,人工关节,不区分,旋转件,乙类,7797.81,
gz_nhsa_consumables_C03411310700007,C03411310700007,骨科材料,骨肿瘤人工关节,其他骨肿瘤人工关节,人工关节,不区分,个体定制髋臼,乙类,2293.62,
gz_nhsa_consumables_C03411310700008,C03411310700008,骨科材料,骨肿瘤人工关节,其他骨肿瘤人工关节,人工关节,不区分,垫块,乙类,5947.53,
gz_nhsa_consumables_C03420110701001,C03420110701001,骨科材料,初次膝关节,股骨假体,人工关节,钴铬钼合金,稳定型/渐变半径/骨水泥型,乙类,1676.40,
gz_nhsa_consumables_C03420110701002,C03420110701002,骨科材料,初次膝关节,股骨假体,人工关节,钴铬钼合金,稳定型/渐变半径/生物型,乙类,4083.70,
gz_nhsa_consumables_C03420110701003,C03420110701003,骨科材料,初次膝关节,股骨假体,人工关节,钴铬钼合金,稳定型/多半径/骨水泥型,乙类,16228.54,
gz_nhsa_consumables_C03420110701005,C03420110701005,骨科材料,初次膝关节,股骨假体,人工关节,钴铬钼合金,稳定型/单半径/骨水泥型,乙类,4970.61,
gz_nhsa_consumables_C03420110701006,C03420110701006,骨科材料,初次膝关节,股骨假体,人工关节,钴铬钼合金,稳定型/单半径/生物型,乙类,7687.41,
gz_nhsa_consumables_C03420110701007,C03420110701007,骨科材料,初次膝关节,股骨假体,人工关节,钴铬钼合金,保留型/渐变半径/骨水泥型,乙类,2683.67,
gz_nhsa_consumables_C03420110701008,C03420110701008,骨科材料,初次膝关节,股骨假体,人工关节,钴铬钼合金,保留型/渐变半径/生物型,乙类,72000.00,
gz_nhsa_consumables_C03420110701009,C03420110701009,骨科材料,初次膝关节,股骨假体,人工关节,钴铬钼合金,保留型/多半径/骨水泥型,乙类,15213.40,
gz_nhsa_consumables_C03420110701010,C03420110701010,骨科材料,初次膝关节,股骨假体,人工关节,钴铬钼合金,保留型/多半径/生物型,乙类,2486.76,
gz_nhsa_consumables_C03420110701011,C03420110701011,骨科材料,初次膝关节,股骨假体,人工关节,钴铬钼合金,保留型/单半径/骨水泥型,乙类,788.83,
gz_nhsa_consumables_C03420110701012,C03420110701012,骨科材料,初次膝关节,股骨假体,人工关节,钴铬钼合金,保留型/单半径/生物型,乙类,6373.13,
gz_nhsa_consumables_C03420110701013,C03420110701013,骨科材料,初次膝关节,股骨假体,人工关节,钴铬钼合金,替代型/渐变半径/骨水泥型,乙类,2451.37,
gz_nhsa_consumables_C03420110701014,C03420110701014,骨科材料,初次膝关节,股骨假体,人工关节,钴铬钼合金,替代型/渐变半径/生物型,乙类,3300.00,
gz_nhsa_consumables_C03420110701015,C03420110701015,骨科材料,初次膝关节,股骨假体,人工关节,钴铬钼合金,替代型/多半径/骨水泥型,乙类,1388.97,
gz_nhsa_consumables_C03420110701016,C03420110701016,骨科材料,初次膝关节,股骨假体,人工关节,钴铬钼合金,替代型/多半径/生物型,乙类,2515.60,
gz_nhsa_consumables_C03420110701017,C03420110701017,骨科材料,初次膝关节,股骨假体,人工关节,钴铬钼合金,替代型/单半径/骨水泥型,乙类,1873.82,
gz_nhsa_consumables_C03420110701018,C03420110701018,骨科材料,初次膝关节,股骨假体,人工关节,钴铬钼合金,替代型/单半径/生物型,乙类,3300.00,
gz_nhsa_consumables_C03420110702001,C03420110702001,骨科材料,初次膝关节,股骨假体,人工关节,锆铌合金,稳定型/渐变半径/骨水泥型,乙类,3300.00,
gz_nhsa_consumables_C03420110702003,C03420110702003,骨科材料,初次膝关节,股骨假体,人工关节,锆铌合金,稳定型/多半径/骨水泥型,乙类,3300.00,
gz_nhsa_consumables_C03420110702007,C03420110702007,骨科材料,初次膝关节,股骨假体,人工关节,锆铌合金,保留型/渐变半径/骨水泥型,乙类,26500.00,
gz_nhsa_consumables_C03420110702009,C03420110702009,骨科材料,初次膝关节,股骨假体,人工关节,锆铌合金,保留型/多半径/骨水泥型,乙类,30000.00,
gz_nhsa_consumables_C03420110702011,C03420110702011,骨科材料,初次膝关节,股骨假体,人工关节,锆铌合金,保留型/单半径/骨水泥型,乙类,3300.00,
gz_nhsa_consumables_C03420110702013,C03420110702013,骨科材料,初次膝关节,股骨假体,人工关节,锆铌合金,替代型/渐变半径/骨水泥型,乙类,3300.00,
gz_nhsa_consumables_C03420110702015,C03420110702015,骨科材料,初次膝关节,股骨假体,人工关节,锆铌合金,替代型/多半径/骨水泥型,乙类,29700.00,
gz_nhsa_consumables_C03420110703009,C03420110703009,骨科材料,初次膝关节,股骨假体,人工关节,钛铌氮,保留型/多半径/骨水泥型,乙类,3300.00,
gz_nhsa_consumables_C03420110703015,C03420110703015,骨科材料,初次膝关节,股骨假体,人工关节,钛铌氮,替代型/多半径/骨水泥型,乙类,3300.00,
gz_nhsa_consumables_C03420210701001,C03420210701001,骨科材料,初次膝关节,胫骨假体,人工关节,钴铬钼合金,旋转平台/生物型/保留型,乙类,1486.35,
gz_nhsa_consumables_C03420210701004,C03420210701004,骨科材料,初次膝关节,胫骨假体,人工关节,钴铬钼合金,旋转平台/骨水泥型/保留型,乙类,7589.91,
gz_nhsa_consumables_C03420210701005,C03420210701005,骨科材料,初次膝关节,胫骨假体,人工关节,钴铬钼合金,旋转平台/骨水泥型/替代型,乙类,7062.50,
gz_nhsa_consumables_C03420210701006,C03420210701006,骨科材料,初次膝关节,胫骨假体,人工关节,钴铬钼合金,旋转平台/骨水泥型/通用型,乙类,3161.50,
gz_nhsa_consumables_C03420210701008,C03420210701008,骨科材料,初次膝关节,胫骨假体,人工关节,钴铬钼合金,固定平台/生物型/替代型,乙类,500.00,
gz_nhsa_consumables_C03420210701010,C03420210701010,骨科材料,初次膝关节,胫骨假体,人工关节,钴铬钼合金,固定平台/骨水泥型/保留型,乙类,1492.84,
gz_nhsa_consumables_C03420210701011,C03420210701011,骨科材料,初次膝关节,胫骨假体,人工关节,钴铬钼合金,固定平台/骨水泥型/替代型,乙类,497.15,
gz_nhsa_consumables_C03420210701012,C03420210701012,骨科材料,初次膝关节,胫骨假体,人工关节,钴铬钼合金,固定平台/骨水泥型/通用型,乙类,1183.69,
gz_nhsa_consumables_C03420210702008,C03420210702008,骨科材料,初次膝关节,胫骨假体,人工关节,钛合金,固定平台/生物型/替代型,乙类,500.00,
gz_nhsa_consumables_C03420210702009,C03420210702009,骨科材料,初次膝关节,胫骨假体,人工关节,钛合金,固定平台/生物型/通用型,乙类,3045.00,
gz_nhsa_consumables_C03420210702010,C03420210702010,骨科材料,初次膝关节,胫骨假体,人工关节,钛合金,固定平台/骨水泥型/保留型,乙类,1196.00,
gz_nhsa_consumables_C03420210702011,C03420210702011,骨科材料,初次膝关节,胫骨假体,人工关节,钛合金,固定平台/骨水泥型/替代型,乙类,8521.50,
gz_nhsa_consumables_C03420210702012,C03420210702012,骨科材料,初次膝关节,胫骨假体,人工关节,钛合金,固定平台/骨水泥型/通用型,乙类,6876.59,
gz_nhsa_consumables_C03420210703008,C03420210703008,骨科材料,初次膝关节,胫骨假体,人工关节,钽金属,固定平台/生物型/替代型,乙类,9029.68,
gz_nhsa_consumables_C03420210704004,C03420210704004,骨科材料,初次膝关节,胫骨假体,人工关节,聚乙烯,旋转平台/骨水泥型/保留型,乙类,3045.00,
gz_nhsa_consumables_C03420210704011,C03420210704011,骨科材料,初次膝关节,胫骨假体,人工关节,聚乙烯,固定平台/骨水泥型/替代型,乙类,1986.65,
gz_nhsa_consumables_C03420210705004,C03420210705004,骨科材料,初次膝关节,胫骨假体,人工关节,钛铌氮,旋转平台/骨水泥型/保留型,乙类,3045.00,
gz_nhsa_consumables_C03420210705010,C03420210705010,骨科材料,初次膝关节,胫骨假体,人工关节,钛铌氮,固定平台/骨水泥型/保留型,乙类,3045.00,
gz_nhsa_consumables_C03420310701001,C03420310701001,骨科材料,初次膝关节,垫片,人工关节,高交联聚乙烯,旋转垫片/含抗氧化剂/稳定,乙类,1501.70,
gz_nhsa_consumables_C03420310701002,C03420310701002,骨科材料,初次膝关节,垫片,人工关节,高交联聚乙烯,旋型转垫片/含抗氧化剂/保留,乙类,8790.34,
gz_nhsa_consumables_C03420310701004,C03420310701004,骨科材料,初次膝关节,垫片,人工关节,高交联聚乙烯,旋型转垫片/不含抗氧化剂/稳,乙类,3837.80,
gz_nhsa_consumables_C03420310701005,C03420310701005,骨科材料,初次膝关节,垫片,人工关节,高交联聚乙烯,-旋型转垫片/不含抗氧化剂/保,乙类,7220.11,
gz_nhsa_consumables_C03420310701006,C03420310701006,骨科材料,初次膝关节,垫片,人工关节,高交联聚乙烯,-旋型转垫片/不含抗氧化剂/替,乙类,8726.67,
gz_nhsa_consumables_C03420310701007,C03420310701007,骨科材料,初次膝关节,垫片,人工关节,高交联聚乙烯,-固型定垫片/含抗氧化剂/稳定,乙类,709.72,
gz_nhsa_consumables_C03420310701008,C03420310701008,骨科材料,初次膝关节,垫片,人工关节,高交联聚乙烯,固型定垫片/含抗氧化剂/保留,乙类,2835.09,
gz_nhsa_consumables_C03420310701009,C03420310701009,骨科材料,初次膝关节,垫片,人工关节,高交联聚乙烯,固型定垫片/含抗氧化剂/替代,乙类,31285.33,
gz_nhsa_consumables_C03420310701010,C03420310701010,骨科材料,初次膝关节,垫片,人工关节,高交联聚乙烯,固型定垫片/不含抗氧化剂/稳,乙类,301.65,
gz_nhsa_consumables_C03420310701011,C03420310701011,骨科材料,初次膝关节,垫片,人工关节,高交联聚乙烯,-固型定垫片/不含抗氧化剂/保,乙类,626.46,
gz_nhsa_consumables_C03420310701012,C03420310701012,骨科材料,初次膝关节,垫片,人工关节,高交联聚乙烯,-固型定垫片/不含抗氧化剂/替,乙类,618.22,
gz_nhsa_consumables_C03420310702003,C03420310702003,骨科材料,初次膝关节,垫片,人工关节,中交联聚乙烯,旋转垫片/含抗氧化剂/替代,乙类,1170.36,
gz_nhsa_consumables_C03420310702004,C03420310702004,骨科材料,初次膝关节,垫片,人工关节,中交联聚乙烯,旋型转垫片/不含抗氧化剂/稳,乙类,350.00,
gz_nhsa_consumables_C03420310702007,C03420310702007,骨科材料,初次膝关节,垫片,人工关节,中交联聚乙烯,-固型定垫片/含抗氧化剂/稳定,乙类,1076.52,
gz_nhsa_consumables_C03420310702008,C03420310702008,骨科材料,初次膝关节,垫片,人工关节,中交联聚乙烯,固型定垫片/含抗氧化剂/保留,乙类,1800.00,
gz_nhsa_consumables_C03420310702009,C03420310702009,骨科材料,初次膝关节,垫片,人工关节,中交联聚乙烯,固型定垫片/含抗氧化剂/替代,乙类,9114.36,
gz_nhsa_consumables_C03420310702010,C03420310702010,骨科材料,初次膝关节,垫片,人工关节,中交联聚乙烯,固型定垫片/不含抗氧化剂/稳,乙类,509.15,
gz_nhsa_consumables_C03420310702011,C03420310702011,骨科材料,初次膝关节,垫片,人工关节,中交联聚乙烯,-固型定垫片/不含抗氧化剂/保,乙类,377.93,
gz_nhsa_consumables_C03420310702012,C03420310702012,骨科材料,初次膝关节,垫片,人工关节,中交联聚乙烯,-固型定垫片/不含抗氧化剂/替,乙类,515.49,
gz_nhsa_consumables_C03420310703004,C03420310703004,骨科材料,初次膝关节,垫片,人工关节,普通聚乙烯,-旋型转垫片/不含抗氧化剂/稳,乙类,201.74,
gz_nhsa_consumables_C03420310703005,C03420310703005,骨科材料,初次膝关节,垫片,人工关节,普通聚乙烯,-旋型转垫片/不含抗氧化剂/保,乙类,3538.72,
gz_nhsa_consumables_C03420310703006,C03420310703006,骨科材料,初次膝关节,垫片,人工关节,普通聚乙烯,-旋型转垫片/不含抗氧化剂/替,乙类,2685.78,
gz_nhsa_consumables_C03420310703007,C03420310703007,骨科材料,初次膝关节,垫片,人工关节,普通聚乙烯,-固型定垫片/含抗氧化剂/稳定,乙类,1924.52,
gz_nhsa_consumables_C03420310703010,C03420310703010,骨科材料,初次膝关节,垫片,人工关节,普通聚乙烯,固定垫片/不含抗氧化剂/稳,乙类,2456.50,
gz_nhsa_consumables_C03420310703011,C03420310703011,骨科材料,初次膝关节,垫片,人工关节,普通聚乙烯,-固型定垫片/不含抗氧化剂/保,乙类,348.00,
gz_nhsa_consumables_C03420310703012,C03420310703012,骨科材料,初次膝关节,垫片,人工关节,普通聚乙烯,-固型定垫片/不含抗氧化剂/替,乙类,1017.74,
gz_nhsa_consumables_C03420410701001,C03420410701001,骨科材料,初次膝关节,髌骨假体,人工关节,高交联聚乙烯,-圆型形/骨水泥型,乙类,10085.35,
gz_nhsa_consumables_C03420410701003,C03420410701003,骨科材料,初次膝关节,髌骨假体,人工关节,高交联聚乙烯,椭圆形/骨水泥型,乙类,473.23,
gz_nhsa_consumables_C03420410701005,C03420410701005,骨科材料,初次膝关节,髌骨假体,人工关节,高交联聚乙烯,解剖型/骨水泥型,乙类,7787.45,
gz_nhsa_consumables_C03420410701007,C03420410701007,骨科材料,初次膝关节,髌骨假体,人工关节,高交联聚乙烯,内偏心型/骨水泥,乙类,2600.00,
gz_nhsa_consumables_C03420410702001,C03420410702001,骨科材料,初次膝关节,髌骨假体,人工关节,普通聚乙烯,型圆形/骨水泥型,乙类,1134.92,
gz_nhsa_consumables_C03420410702002,C03420410702002,骨科材料,初次膝关节,髌骨假体,人工关节,普通聚乙烯,圆形/生物型,乙类,2000.00,
gz_nhsa_consumables_C03420410702003,C03420410702003,骨科材料,初次膝关节,髌骨假体,人工关节,普通聚乙烯,椭圆形/骨水泥型,乙类,505.58,
gz_nhsa_consumables_C03420410702005,C03420410702005,骨科材料,初次膝关节,髌骨假体,人工关节,普通聚乙烯,解剖型/骨水泥型,乙类,2234.38,
gz_nhsa_consumables_C03420410702007,C03420410702007,骨科材料,初次膝关节,髌骨假体,人工关节,普通聚乙烯,内偏心型/骨水泥,乙类,2000.00,
gz_nhsa_consumables_C03420410705001,C03420410705001,骨科材料,初次膝关节,髌骨假体,人工关节,聚乙烯+钛合,型圆形/骨水泥型,乙类,2824.91,
gz_nhsa_consumables_C03420410705003,C03420410705003,骨科材料,初次膝关节,髌骨假体,人工关节,金聚乙烯+钛合,椭圆形/骨水泥型,乙类,3300.00,
gz_nhsa_consumables_C03420510701000,C03420510701000,骨科材料,初次膝关节,髌股关节假体,人工关节,金钴铬钼合金,常规,乙类,22091.53,
gz_nhsa_consumables_C03420610701001,C03420610701001,骨科材料,初次膝关节,单髁股骨假体,人工关节,钴铬钼合金,对称型/骨水泥型,乙类,12362.28,
gz_nhsa_consumables_C03420610701003,C03420610701003,骨科材料,初次膝关节,单髁股骨假体,人工关节,钴铬钼合金,非对称型/骨水泥,乙类,10893.93,
gz_nhsa_consumables_C03420610701004,C03420610701004,骨科材料,初次膝关节,单髁股骨假体,人工关节,钴铬钼合金,非型对称型/生物型,乙类,33690.00,
gz_nhsa_consumables_C03420610702003,C03420610702003,骨科材料,初次膝关节,单髁股骨假体,人工关节,锆铌合金,非对称型/骨水泥,乙类,26300.00,
gz_nhsa_consumables_C03420710701001,C03420710701001,骨科材料,初次膝关节,单髁胫骨假体,人工关节,钴铬钼合金,固型定平台/骨水泥,乙类,8206.31,
gz_nhsa_consumables_C03420710701002,C03420710701002,骨科材料,初次膝关节,单髁胫骨假体,人工关节,钴铬钼合金,固型定平台/生物型,乙类,3300.00,
gz_nhsa_consumables_C03420710701003,C03420710701003,骨科材料,初次膝关节,单髁胫骨假体,人工关节,钴铬钼合金,非固定平台/骨水泥型,乙类,6758.81,
gz_nhsa_consumables_C03420710701004,C03420710701004,骨科材料,初次膝关节,单髁胫骨假体,人工关节,钴铬钼合金,非固定平台/生物,乙类,12986.67,
gz_nhsa_consumables_C03420710702001,C03420710702001,骨科材料,初次膝关节,单髁胫骨假体,人工关节,钛合金,固型定平台/骨水泥,乙类,968.00,
gz_nhsa_consumables_C03420810701002,C03420810701002,骨科材料,初次膝关节,单髁垫片,人工关节,交联聚乙烯,固型定平台/不含抗氧化剂,乙类,12204.24,
gz_nhsa_consumables_C03420810701003,C03420810701003,骨科材料,初次膝关节,单髁垫片,人工关节,交联聚乙烯,非固定平台/含抗氧化剂,乙类,6878.29,
gz_nhsa_consumables_C03420810701004,C03420810701004,骨科材料,初次膝关节,单髁垫片,人工关节,交联聚乙烯,非固定平台/不含抗氧化剂,乙类,4879.98,
gz_nhsa_consumables_C03420810702002,C03420810702002,骨科材料,初次膝关节,单髁垫片,人工关节,普通聚乙烯,固定平台/不含抗氧化剂,乙类,6377.60,
gz_nhsa_consumables_C03420810702003,C03420810702003,骨科材料,初次膝关节,单髁垫片,人工关节,普通聚乙烯,非固定平台/含抗氧化剂,乙类,4322.31,
gz_nhsa_consumables_C03420810702004,C03420810702004,骨科材料,初次膝关节,单髁垫片,人工关节,普通聚乙烯,非固定平台/不含抗氧化剂,乙类,5683.00,
gz_nhsa_consumables_C03420910700001,C03420910700001,骨科材料,初次膝关节,初次置换人工膝关节其他部件,人工关节,不区分,股骨远端固定销,乙类,1324.66,
gz_nhsa_consumables_C03430110701001,C03430110701001,骨科材料,翻修膝关节,胫骨平台,人工关节,钴铬钼合金,旋转平台/加厚型/铰链型,乙类,11897.69,
gz_nhsa_consumables_C03430110701003,C03430110701003,骨科材料,翻修膝关节,胫骨平台,人工关节,钴铬钼合金,旋转平台/普通型/铰链型,乙类,14007.88,
gz_nhsa_consumables_C03430110701004,C03430110701004,骨科材料,翻修膝关节,胫骨平台,人工关节,钴铬钼合金,旋转平台/普通型/非铰链型,乙类,7607.64,
gz_nhsa_consumables_C03430110701005,C03430110701005,骨科材料,翻修膝关节,胫骨平台,人工关节,钴铬钼合金,固定平台/加厚型/铰链型,乙类,10808.55,
gz_nhsa_consumables_C03430110701006,C03430110701006,骨科材料,翻修膝关节,胫骨平台,人工关节,钴铬钼合金,固定平台/加厚型/非铰链型,乙类,5580.93,
gz_nhsa_consumables_C03430110701008,C03430110701008,骨科材料,翻修膝关节,胫骨平台,人工关节,钴铬钼合金,固定平台/普通型/非铰链型,乙类,13582.57,
gz_nhsa_consumables_C03430110702001,C03430110702001,骨科材料,翻修膝关节,胫骨平台,人工关节,钛合金,旋转平台/加厚型/铰链型,乙类,14850.00,
gz_nhsa_consumables_C03430110702003,C03430110702003,骨科材料,翻修膝关节,胫骨平台,人工关节,钛合金,旋转平台/普通型/铰链型,乙类,1196.00,
gz_nhsa_consumables_C03430110702005,C03430110702005,骨科材料,翻修膝关节,胫骨平台,人工关节,钛合金,固定平台/加厚型/铰链型,乙类,1196.00,
gz_nhsa_consumables_C03430110702008,C03430110702008,骨科材料,翻修膝关节,胫骨平台,人工关节,钛合金,固定平台/普通型/非铰链型,乙类,20020.93,
gz_nhsa_consumables_C03430210701003,C03430210701003,骨科材料,翻修膝关节,垫片,人工关节,高交联聚乙烯,旋转垫片/加强型（中央金属针固定）/铰链型,乙类,1423.59,
gz_nhsa_consumables_C03430210701004,C03430210701004,骨科材料,翻修膝关节,垫片,人工关节,高交联聚乙烯,旋转垫片/加强型（中央金属针固定）/非铰链型,乙类,10734.40,
gz_nhsa_consumables_C03430210701005,C03430210701005,骨科材料,翻修膝关节,垫片,人工关节,高交联聚乙烯,固定垫片/普通型/铰链型,乙类,900.00,
gz_nhsa_consumables_C03430210701006,C03430210701006,骨科材料,翻修膝关节,垫片,人工关节,高交联聚乙烯,固定垫片/普通型/非铰链型,乙类,13981.31,
gz_nhsa_consumables_C03430210701008,C03430210701008,骨科材料,翻修膝关节,垫片,人工关节,高交联聚乙烯,固定垫片/加强型（中央金属针固定）/非铰链型,乙类,8529.00,
gz_nhsa_consumables_C03430210702001,C03430210702001,骨科材料,翻修膝关节,垫片,人工关节,普通聚乙烯,旋转垫片/普通型/铰链型,乙类,900.00,
gz_nhsa_consumables_C03430210702002,C03430210702002,骨科材料,翻修膝关节,垫片,人工关节,普通聚乙烯,旋转垫片/普通型/非铰链型,乙类,900.00,
gz_nhsa_consumables_C03430210702003,C03430210702003,骨科材料,翻修膝关节,垫片,人工关节,普通聚乙烯,旋转垫片/加强型（中央金属针固定）/铰链型,乙类,11377.78,
gz_nhsa_consumables_C03430210702005,C03430210702005,骨科材料,翻修膝关节,垫片,人工关节,普通聚乙烯,固定垫片/普通型/铰链型,乙类,900.00,
gz_nhsa_consumables_C03430210702006,C03430210702006,骨科材料,翻修膝关节,垫片,人工关节,普通聚乙烯,固定垫片/普通型/非铰链型,乙类,3129.21,
gz_nhsa_consumables_C03430210702007,C03430210702007,骨科材料,翻修膝关节,垫片,人工关节,普通聚乙烯,固定垫片/加强型（中央金属针固定）/铰链型,乙类,900.00,
gz_nhsa_consumables_C03430210702008,C03430210702008,骨科材料,翻修膝关节,垫片,人工关节,普通聚乙烯,固定垫片/加强型（中央金属针固定）/非铰链型,乙类,13178.21,
gz_nhsa_consumables_C03430310701005,C03430310701005,骨科材料,翻修膝关节,填充块,人工关节,钽金属,股骨侧/锥形/普通工艺,乙类,1035.78,
gz_nhsa_consumables_C03430310701007,C03430310701007,骨科材料,翻修膝关节,填充块,人工关节,钽金属,股骨侧/矩形/普通工艺,乙类,17716.00,
gz_nhsa_consumables_C03430310701013,C03430310701013,骨科材料,翻修膝关节,填充块,人工关节,钽金属,胫骨侧/锥形/普通工艺,乙类,15198.00,
gz_nhsa_consumables_C03430310701015,C03430310701015,骨科材料,翻修膝关节,填充块,人工关节,钽金属,胫骨侧/矩形/普通工艺,乙类,1800.00,
gz_nhsa_consumables_C03430310702001,C03430310702001,骨科材料,翻修膝关节,填充块,人工关节,钛合金,股骨侧/阶梯型/普通工艺,乙类,4797.07,
gz_nhsa_consumables_C03430310702002,C03430310702002,骨科材料,翻修膝关节,填充块,人工关节,钛合金,股骨侧/阶梯型/3D打印,乙类,10086.80,
gz_nhsa_consumables_C03430310702003,C03430310702003,骨科材料,翻修膝关节,填充块,人工关节,钛合金,股骨侧/楔型/普通工艺,乙类,3632.67,
gz_nhsa_consumables_C03430310702004,C03430310702004,骨科材料,翻修膝关节,填充块,人工关节,钛合金,股骨侧/楔型/3D打印,乙类,18186.00,
gz_nhsa_consumables_C03430310702005,C03430310702005,骨科材料,翻修膝关节,填充块,人工关节,钛合金,股骨侧/锥形/普通工艺,乙类,3639.28,
gz_nhsa_consumables_C03430310702006,C03430310702006,骨科材料,翻修膝关节,填充块,人工关节,钛合金,股骨侧/锥形/3D打印,乙类,25444.42,
gz_nhsa_consumables_C03430310702007,C03430310702007,骨科材料,翻修膝关节,填充块,人工关节,钛合金,股骨侧/矩形/普通工艺,乙类,3883.48,
gz_nhsa_consumables_C03430310702008,C03430310702008,骨科材料,翻修膝关节,填充块,人工关节,钛合金,股骨侧/矩形/3D打印,乙类,14635.08,
gz_nhsa_consumables_C03430310702009,C03430310702009,骨科材料,翻修膝关节,填充块,人工关节,钛合金,胫骨侧/阶梯型/普通工艺,乙类,8336.23,
gz_nhsa_consumables_C03430310702010,C03430310702010,骨科材料,翻修膝关节,填充块,人工关节,钛合金,胫骨侧/阶梯型/3D打印,乙类,1800.00,
gz_nhsa_consumables_C03430310702011,C03430310702011,骨科材料,翻修膝关节,填充块,人工关节,钛合金,胫骨侧/楔型/普通工艺,乙类,2401.59,
gz_nhsa_consumables_C03430310702012,C03430310702012,骨科材料,翻修膝关节,填充块,人工关节,钛合金,胫骨侧/楔型/3D打印,乙类,10913.38,
gz_nhsa_consumables_C03430310702013,C03430310702013,骨科材料,翻修膝关节,填充块,人工关节,钛合金,胫骨侧/锥形/普通工艺,乙类,1800.00,
gz_nhsa_consumables_C03430310702014,C03430310702014,骨科材料,翻修膝关节,填充块,人工关节,钛合金,胫骨侧/锥形/3D打印,乙类,32541.40,
gz_nhsa_consumables_C03430310702015,C03430310702015,骨科材料,翻修膝关节,填充块,人工关节,钛合金,胫骨侧/矩形/普通工艺,乙类,9135.11,
gz_nhsa_consumables_C03430310702016,C03430310702016,骨科材料,翻修膝关节,填充块,人工关节,钛合金,胫骨侧/矩形/3D打印,乙类,15554.90,
gz_nhsa_consumables_C03430310703001,C03430310703001,骨科材料,翻修膝关节,填充块,人工关节,钴铬钼合金,股骨侧/阶梯型/普通工艺,乙类,17345.87,
gz_nhsa_consumables_C03430310703003,C03430310703003,骨科材料,翻修膝关节,填充块,人工关节,钴铬钼合金,股骨侧/楔型/普通工艺,乙类,8251.99,
gz_nhsa_consumables_C03430310703007,C03430310703007,骨科材料,翻修膝关节,填充块,人工关节,钴铬钼合金,股骨侧/矩形/普通工艺,乙类,12680.70,
gz_nhsa_consumables_C03430310703009,C03430310703009,骨科材料,翻修膝关节,填充块,人工关节,钴铬钼合金,胫骨侧/阶梯型/普通工艺,乙类,10650.00,
gz_nhsa_consumables_C03430310703013,C03430310703013,骨科材料,翻修膝关节,填充块,人工关节,钴铬钼合金,胫骨侧/锥形/普通工艺,乙类,1800.00,
gz_nhsa_consumables_C03430310703015,C03430310703015,骨科材料,翻修膝关节,填充块,人工关节,钴铬钼合金,胫骨侧/矩形/普通工艺,乙类,1800.00,
gz_nhsa_consumables_C03430410701001,C03430410701001,骨科材料,翻修膝关节,延长杆,人工关节,钛合金,通用型/骨水泥型/音叉型,乙类,5044.66,
gz_nhsa_consumables_C03430410701002,C03430410701002,骨科材料,翻修膝关节,延长杆,人工关节,钛合金,通用型/骨水泥型/实体型,乙类,4730.11,
gz_nhsa_consumables_C03430410701003,C03430410701003,骨科材料,翻修膝关节,延长杆,人工关节,钛合金,通用型/生物型/音叉型,乙类,9492.27,
gz_nhsa_consumables_C03430410701004,C03430410701004,骨科材料,翻修膝关节,延长杆,人工关节,钛合金,通用型/生物型/实体型,乙类,11936.01,
gz_nhsa_consumables_C03430410701005,C03430410701005,骨科材料,翻修膝关节,延长杆,人工关节,钛合金,通用型/其他/音叉,乙类,1000.00,
gz_nhsa_consumables_C03430410701006,C03430410701006,骨科材料,翻修膝关节,延长杆,人工关节,钛合金,通型用型/其他/实体,乙类,15000.00,
gz_nhsa_consumables_C03430410701007,C03430410701007,骨科材料,翻修膝关节,延长杆,人工关节,钛合金,股型骨侧型/骨水泥型/音叉型,乙类,18849.00,
gz_nhsa_consumables_C03430410701008,C03430410701008,骨科材料,翻修膝关节,延长杆,人工关节,钛合金,股骨侧型/骨水泥型/实体型,乙类,8668.81,
gz_nhsa_consumables_C03430410701012,C03430410701012,骨科材料,翻修膝关节,延长杆,人工关节,钛合金,股骨侧型/其他/实体型,乙类,1364.72,
gz_nhsa_consumables_C03430410701013,C03430410701013,骨科材料,翻修膝关节,延长杆,人工关节,钛合金,胫骨侧型/骨水泥型/音叉型,乙类,18849.00,
gz_nhsa_consumables_C03430410701014,C03430410701014,骨科材料,翻修膝关节,延长杆,人工关节,钛合金,胫骨侧型/骨水泥型/实体型,乙类,12163.75,
gz_nhsa_consumables_C03430410701016,C03430410701016,骨科材料,翻修膝关节,延长杆,人工关节,钛合金,胫骨侧型/生物型/实体型,乙类,1000.00,
gz_nhsa_consumables_C03430410702002,C03430410702002,骨科材料,翻修膝关节,延长杆,人工关节,钴铬钼合金,通用型/骨水泥型/实体型,乙类,7720.00,
gz_nhsa_consumables_C03430410702008,C03430410702008,骨科材料,翻修膝关节,延长杆,人工关节,钴铬钼合金,股骨侧型/骨水泥型/实体型,乙类,7325.28,
gz_nhsa_consumables_C03430410702010,C03430410702010,骨科材料,翻修膝关节,延长杆,人工关节,钴铬钼合金,股骨侧型/生物型/实体型,乙类,6500.00,
gz_nhsa_consumables_C03430510701005,C03430510701005,骨科材料,翻修膝关节,股骨髁,人工关节,锆铌合金,非铰链型/多半径,乙类,2900.00,
gz_nhsa_consumables_C03430510702001,C03430510702001,骨科材料,翻修膝关节,股骨髁,人工关节,钴铬钼合金,铰链型/渐变半径,乙类,979.81,
gz_nhsa_consumables_C03430510702002,C03430510702002,骨科材料,翻修膝关节,股骨髁,人工关节,钴铬钼合金,铰链型/多半径,乙类,6341.08,
gz_nhsa_consumables_C03430510702003,C03430510702003,骨科材料,翻修膝关节,股骨髁,人工关节,钴铬钼合金,铰链型/单半径,乙类,2900.00,
gz_nhsa_consumables_C03430510702004,C03430510702004,骨科材料,翻修膝关节,股骨髁,人工关节,钴铬钼合金,非铰链型/渐变半,乙类,16075.39,
gz_nhsa_consumables_C03430510702005,C03430510702005,骨科材料,翻修膝关节,股骨髁,人工关节,钴铬钼合金,非径铰链型/多半径,乙类,7420.10,
gz_nhsa_consumables_C03430510702006,C03430510702006,骨科材料,翻修膝关节,股骨髁,人工关节,钴铬钼合金,非铰链型/单半径,乙类,14156.61,
gz_nhsa_consumables_C03430610701001,C03430610701001,骨科材料,翻修膝关节,翻修袖套,人工关节,钛合金,生物型/全涂层/普通工艺,乙类,18790.00,
gz_nhsa_consumables_C03430610701003,C03430610701003,骨科材料,翻修膝关节,翻修袖套,人工关节,钛合金,生物型/半涂层/普通工艺,乙类,20430.09,
gz_nhsa_consumables_C03430610701005,C03430610701005,骨科材料,翻修膝关节,翻修袖套,人工关节,钛合金,骨水泥型/全涂层/普通工艺,乙类,3300.00,
gz_nhsa_consumables_C03430610702005,C03430610702005,骨科材料,翻修膝关节,翻修袖套,人工关节,钴铬钼合金,骨水泥型/全涂层/普通工艺,乙类,3300.00,
gz_nhsa_consumables_C03430710701001,C03430710701001,骨科材料,翻修膝关节,连接件,人工关节,钛合金,股骨侧/可调偏心,乙类,500.00,
gz_nhsa_consumables_C03430710701002,C03430710701002,骨科材料,翻修膝关节,连接件,人工关节,钛合金,股骨侧/不可调偏,乙类,500.00,
gz_nhsa_consumables_C03430710701004,C03430710701004,骨科材料,翻修膝关节,连接件,人工关节,钛合金,胫骨侧/不可调偏,乙类,1893.95,
gz_nhsa_consumables_C03430710701005,C03430710701005,骨科材料,翻修膝关节,连接件,人工关节,钛合金,通用型/可调偏心,乙类,2016.44,
gz_nhsa_consumables_C03430710702001,C03430710702001,骨科材料,翻修膝关节,连接件,人工关节,钴铬钼合金,股骨侧/可调偏心,乙类,5806.15,
gz_nhsa_consumables_C03430710702005,C03430710702005,骨科材料,翻修膝关节,连接件,人工关节,钴铬钼合金,通用型/可调偏心,乙类,500.00,
gz_nhsa_consumables_C03430710702006,C03430710702006,骨科材料,翻修膝关节,连接件,人工关节,钴铬钼合金,通用型/不可调偏,乙类,12580.00,
gz_nhsa_consumables_C03430810700001,C03430810700001,骨科材料,翻修膝关节,连接螺栓,人工关节,不区分,可调偏心,乙类,200.00,
gz_nhsa_consumables_C03430810700002,C03430810700002,骨科材料,翻修膝关节,连接螺栓,人工关节,不区分,不可调偏心,乙类,2708.69,
gz_nhsa_consumables_C03430910701001,C03430910701001,骨科材料,翻修膝关节,股骨袖套接口,人工关节,钛合金,可调偏心/锥度锁定型,乙类,1000.00,
gz_nhsa_consumables_C03430910701002,C03430910701002,骨科材料,翻修膝关节,股骨袖套接口,人工关节,钛合金,可调偏心/骨水泥,乙类,1000.00,
gz_nhsa_consumables_C03430910701003,C03430910701003,骨科材料,翻修膝关节,股骨袖套接口,人工关节,钛合金,不型可调偏心/锥度锁定型,乙类,1000.00,
gz_nhsa_consumables_C03430910701004,C03430910701004,骨科材料,翻修膝关节,股骨袖套接口,人工关节,钛合金,不可调偏心/骨水泥型,乙类,17460.00,
gz_nhsa_consumables_C03430910702001,C03430910702001,骨科材料,翻修膝关节,股骨袖套接口,人工关节,钴铬钼合金,可调偏心/锥度锁定型,乙类,8003.82,
gz_nhsa_consumables_C03431010700001,C03431010700001,骨科材料,翻修膝关节,翻修置换人工膝关节其他部件,人工关节,不区分,防旋转翼,乙类,3174.96,
gz_nhsa_consumables_C03440110701001,C03440110701001,骨科材料,初次髋关节,组配式股骨柄,人工关节,钴铬合金,股骨柄/单喷涂层/近端,乙类,4104.10,
gz_nhsa_consumables_C03440110701005,C03440110701005,骨科材料,初次髋关节,组配式股骨柄,人工关节,钴铬合金,股骨柄/无涂层/近,乙类,3300.00,
gz_nhsa_consumables_C03440110701006,C03440110701006,骨科材料,初次髋关节,组配式股骨柄,人工关节,钴铬合金,股端骨柄/无涂层/远,乙类,3300.00,
gz_nhsa_consumables_C03440110702001,C03440110702001,骨科材料,初次髋关节,组配式股骨柄,人工关节,钛合金,股端骨柄/单喷涂层/近端,乙类,466.00,
gz_nhsa_consumables_C03440110702002,C03440110702002,骨科材料,初次髋关节,组配式股骨柄,人工关节,钛合金,股骨柄/单喷涂层/远端,乙类,17945.74,
gz_nhsa_consumables_C03440110702003,C03440110702003,骨科材料,初次髋关节,组配式股骨柄,人工关节,钛合金,股骨柄/双喷涂层/近端,乙类,8190.98,
gz_nhsa_consumables_C03440110702004,C03440110702004,骨科材料,初次髋关节,组配式股骨柄,人工关节,钛合金,股骨柄/双喷涂层/远端,乙类,8745.17,
gz_nhsa_consumables_C03440110702005,C03440110702005,骨科材料,初次髋关节,组配式股骨柄,人工关节,钛合金,股骨柄/无涂层/近,乙类,3300.00,
gz_nhsa_consumables_C03440110702009,C03440110702009,骨科材料,初次髋关节,组配式股骨柄,人工关节,钛合金,端袖套/双喷涂层/,乙类,23450.00,
gz_nhsa_consumables_C03440110703004,C03440110703004,骨科材料,初次髋关节,组配式股骨柄,人工关节,不锈钢,-股端骨柄/双喷涂层/远端,乙类,3300.00,
gz_nhsa_consumables_C03440210701001,C03440210701001,骨科材料,初次髋关节,一体式股骨柄,人工关节,钴铬合金,有领型/单喷涂层/骨水泥型,乙类,2619.70,
gz_nhsa_consumables_C03440210701002,C03440210701002,骨科材料,初次髋关节,一体式股骨柄,人工关节,钴铬合金,有领型/单喷涂层/生物型,乙类,6224.98,
gz_nhsa_consumables_C03440210701005,C03440210701005,骨科材料,初次髋关节,一体式股骨柄,人工关节,钴铬合金,有领型/无涂层/骨水泥型,乙类,2465.71,
gz_nhsa_consumables_C03440210701007,C03440210701007,骨科材料,初次髋关节,一体式股骨柄,人工关节,钴铬合金,无领型/单喷涂层/骨水泥型,乙类,1887.00,
gz_nhsa_consumables_C03440210701008,C03440210701008,骨科材料,初次髋关节,一体式股骨柄,人工关节,钴铬合金,无领型/单喷涂层/生物型,乙类,1675.48,
gz_nhsa_consumables_C03440210701009,C03440210701009,骨科材料,初次髋关节,一体式股骨柄,人工关节,钴铬合金,无领型/双喷涂层/骨水泥型,乙类,3682.40,
gz_nhsa_consumables_C03440210701010,C03440210701010,骨科材料,初次髋关节,一体式股骨柄,人工关节,钴铬合金,无领型/双喷涂层/生物型,乙类,3300.00,
gz_nhsa_consumables_C03440210701011,C03440210701011,骨科材料,初次髋关节,一体式股骨柄,人工关节,钴铬合金,无领型/无涂层/骨水泥型,乙类,7568.07,
gz_nhsa_consumables_C03440210702001,C03440210702001,骨科材料,初次髋关节,一体式股骨柄,人工关节,钛合金,有领型/单喷涂层/骨水泥型,乙类,3300.00,
gz_nhsa_consumables_C03440210702002,C03440210702002,骨科材料,初次髋关节,一体式股骨柄,人工关节,钛合金,有领型/单喷涂层/生物型,乙类,12021.70,
gz_nhsa_consumables_C03440210702004,C03440210702004,骨科材料,初次髋关节,一体式股骨柄,人工关节,钛合金,有领型/双喷涂层/生物型,乙类,1592.74,
gz_nhsa_consumables_C03440210702005,C03440210702005,骨科材料,初次髋关节,一体式股骨柄,人工关节,钛合金,有领型/无涂层/骨水泥型,乙类,3300.00,
gz_nhsa_consumables_C03440210702008,C03440210702008,骨科材料,初次髋关节,一体式股骨柄,人工关节,钛合金,无领型/单喷涂层/生物型,乙类,3254.82,
gz_nhsa_consumables_C03440210702010,C03440210702010,骨科材料,初次髋关节,一体式股骨柄,人工关节,钛合金,无领型/双喷涂层/生物型,乙类,2083.29,
gz_nhsa_consumables_C03440210702012,C03440210702012,骨科材料,初次髋关节,一体式股骨柄,人工关节,钛合金,无领型/无涂层/生物型,乙类,6673.31,
gz_nhsa_consumables_C03440210703007,C03440210703007,骨科材料,初次髋关节,一体式股骨柄,人工关节,不锈钢,无领型/单喷涂层/骨水泥型,乙类,3924.33,
gz_nhsa_consumables_C03440210703008,C03440210703008,骨科材料,初次髋关节,一体式股骨柄,人工关节,不锈钢,无领型/单喷涂层/生物型,乙类,3300.00,
gz_nhsa_consumables_C03440210703011,C03440210703011,骨科材料,初次髋关节,一体式股骨柄,人工关节,不锈钢,无领型/无涂层/骨水泥型,乙类,7687.93,
gz_nhsa_consumables_C03440210706008,C03440210706008,骨科材料,初次髋关节,一体式股骨柄,人工关节,钽金属,无领型/单喷涂层/生物型,乙类,870.91,
gz_nhsa_consumables_C03440310701001,C03440310701001,骨科材料,初次髋关节,金属髋臼杯,人工关节,钛合金,涂层/通用型/三,乙类,956.59,
gz_nhsa_consumables_C03440310701002,C03440310701002,骨科材料,初次髋关节,金属髋臼杯,人工关节,钛合金,涂层/通用型/无,乙类,492.02,
gz_nhsa_consumables_C03440310701003,C03440310701003,骨科材料,初次髋关节,金属髋臼杯,人工关节,钛合金,孔涂层/通用型/多,乙类,1888.85,
gz_nhsa_consumables_C03440310701004,C03440310701004,骨科材料,初次髋关节,金属髋臼杯,人工关节,钛合金,孔涂层/专用型/三,乙类,4628.87,
gz_nhsa_consumables_C03440310701005,C03440310701005,骨科材料,初次髋关节,金属髋臼杯,人工关节,钛合金,孔涂层/专用型/无,乙类,2022.82,
gz_nhsa_consumables_C03440310701006,C03440310701006,骨科材料,初次髋关节,金属髋臼杯,人工关节,钛合金,孔涂层/专用型/多,乙类,643.18,
gz_nhsa_consumables_C03440310701007,C03440310701007,骨科材料,初次髋关节,金属髋臼杯,人工关节,钛合金,无孔涂层/通用型/三,乙类,1655.65,
gz_nhsa_consumables_C03440310701008,C03440310701008,骨科材料,初次髋关节,金属髋臼杯,人工关节,钛合金,无孔涂层/通用型/无,乙类,652.84,
gz_nhsa_consumables_C03440310701009,C03440310701009,骨科材料,初次髋关节,金属髋臼杯,人工关节,钛合金,无孔涂层/通用型/多,乙类,8553.33,
gz_nhsa_consumables_C03440310701010,C03440310701010,骨科材料,初次髋关节,金属髋臼杯,人工关节,钛合金,无孔涂层/专用型/三,乙类,3466.75,
gz_nhsa_consumables_C03440310701011,C03440310701011,骨科材料,初次髋关节,金属髋臼杯,人工关节,钛合金,无孔涂层/专用型/无,乙类,1052.96,
gz_nhsa_consumables_C03440310701013,C03440310701013,骨科材料,初次髋关节,金属髋臼杯,人工关节,钛合金,3孔D打印/通用型/三,乙类,1217.24,
gz_nhsa_consumables_C03440310701015,C03440310701015,骨科材料,初次髋关节,金属髋臼杯,人工关节,钛合金,3孔D打印/通用型/多,乙类,1663.47,
gz_nhsa_consumables_C03440310701016,C03440310701016,骨科材料,初次髋关节,金属髋臼杯,人工关节,钛合金,3孔D打印/专用型/三,乙类,3800.00,
gz_nhsa_consumables_C03440310702001,C03440310702001,骨科材料,初次髋关节,金属髋臼杯,人工关节,纯钛,孔涂层/通用型/三,乙类,3800.00,
gz_nhsa_consumables_C03440310702002,C03440310702002,骨科材料,初次髋关节,金属髋臼杯,人工关节,纯钛,孔涂层/通用型/无,乙类,587.50,
gz_nhsa_consumables_C03440310702003,C03440310702003,骨科材料,初次髋关节,金属髋臼杯,人工关节,纯钛,孔涂层/通用型/多,乙类,2527.78,
gz_nhsa_consumables_C03440310702004,C03440310702004,骨科材料,初次髋关节,金属髋臼杯,人工关节,纯钛,孔涂层/专用型/三,乙类,3458.92,
gz_nhsa_consumables_C03440310702006,C03440310702006,骨科材料,初次髋关节,金属髋臼杯,人工关节,纯钛,孔涂层/专用型/多,乙类,3800.00,
gz_nhsa_consumables_C03440310702009,C03440310702009,骨科材料,初次髋关节,金属髋臼杯,人工关节,纯钛,无孔涂层/通用型/多,乙类,701.76,
gz_nhsa_consumables_C03440310703001,C03440310703001,骨科材料,初次髋关节,金属髋臼杯,人工关节,钽金属,涂层/通用型/三,乙类,18912.50,
gz_nhsa_consumables_C03440310704002,C03440310704002,骨科材料,初次髋关节,金属髋臼杯,人工关节,钴铬钼合金及其他,孔涂层/通用型/无孔,乙类,1000.00,
gz_nhsa_consumables_C03440310704003,C03440310704003,骨科材料,初次髋关节,金属髋臼杯,人工关节,钴铬钼合金及其他,涂层/通用型/多孔,乙类,3800.00,
gz_nhsa_consumables_C03440310704004,C03440310704004,骨科材料,初次髋关节,金属髋臼杯,人工关节,钴铬钼合金及其他,涂层/专用型/三孔,乙类,393.20,
gz_nhsa_consumables_C03440310704005,C03440310704005,骨科材料,初次髋关节,金属髋臼杯,人工关节,钴铬钼合金及其他,涂层/专用型/无孔,乙类,642.75,
gz_nhsa_consumables_C03440310704008,C03440310704008,骨科材料,初次髋关节,金属髋臼杯,人工关节,钴铬钼合金及其他,无涂层/通用型/无孔,乙类,13188.24,
gz_nhsa_consumables_C03440310704009,C03440310704009,骨科材料,初次髋关节,金属髋臼杯,人工关节,钴铬钼合金及其他,无涂层/通用型/多孔,乙类,3802.50,
gz_nhsa_consumables_C03440310704011,C03440310704011,骨科材料,初次髋关节,金属髋臼杯,人工关节,钴铬钼合金及其他,无涂层/专用型/无孔,乙类,4611.29,
gz_nhsa_consumables_C03440410701002,C03440410701002,骨科材料,初次髋关节,非金属髋臼杯,人工关节,高交联聚乙烯,不含抗氧化剂,乙类,3656.00,
gz_nhsa_consumables_C03440410702002,C03440410702002,骨科材料,初次髋关节,非金属髋臼杯,人工关节,中交联聚乙烯,不含抗氧化剂,乙类,3656.00,
gz_nhsa_consumables_C03440410703001,C03440410703001,骨科材料,初次髋关节,非金属髋臼杯,人工关节,超高分子量聚乙烯,含抗氧化剂,乙类,3656.00,
gz_nhsa_consumables_C03440410703002,C03440410703002,骨科材料,初次髋关节,非金属髋臼杯,人工关节,超高分子量聚乙烯,不含抗氧化剂,乙类,9305.04,
gz_nhsa_consumables_C03440510701000,C03440510701000,骨科材料,初次髋关节,股骨头,人工关节,不锈,常规,乙类,3563.08,
gz_nhsa_consumables_C03440510702000,C03440510702000,骨科材料,初次髋关节,股骨头,人工关节,钢钴铬钼合金,常规,乙类,2123.97,
gz_nhsa_consumables_C03440510703000,C03440510703000,骨科材料,初次髋关节,股骨头,人工关节,锆铌合金,常规,乙类,7725.00,
gz_nhsa_consumables_C03440510704000,C03440510704000,骨科材料,初次髋关节,股骨头,人工关节,三代陶瓷,常规,乙类,4096.65,
gz_nhsa_consumables_C03440510705000,C03440510705000,骨科材料,初次髋关节,股骨头,人工关节,四代陶瓷,常规,乙类,1469.09,
gz_nhsa_consumables_C03440510706000,C03440510706000,骨科材料,初次髋关节,股骨头,人工关节,复合材质,常规,乙类,2900.00,
gz_nhsa_consumables_C03440610702001,C03440610702001,骨科材料,初次髋关节,髋臼内衬,人工关节,高交联聚乙烯,锥度锁定及其他/普通型,乙类,1411.70,
gz_nhsa_consumables_C03440610702002,C03440610702002,骨科材料,初次髋关节,髋臼内衬,人工关节,高交联聚乙烯,锥度锁定及其他/偏心型,乙类,1350.40,
gz_nhsa_consumables_C03440610702003,C03440610702003,骨科材料,初次髋关节,髋臼内衬,人工关节,高交联聚乙烯,锥度锁定及其他/限制型,乙类,804.81,
gz_nhsa_consumables_C03440610702004,C03440610702004,骨科材料,初次髋关节,髋臼内衬,人工关节,高交联聚乙烯,卡环锁定/普通型,乙类,1631.61,
gz_nhsa_consumables_C03440610702005,C03440610702005,骨科材料,初次髋关节,髋臼内衬,人工关节,高交联聚乙烯,卡环锁定/偏心型,乙类,3660.50,
gz_nhsa_consumables_C03440610702006,C03440610702006,骨科材料,初次髋关节,髋臼内衬,人工关节,高交联聚乙烯,卡环锁定/限制型,乙类,3932.99,
gz_nhsa_consumables_C03440610703001,C03440610703001,骨科材料,初次髋关节,髋臼内衬,人工关节,抗氧化聚乙烯,锥度锁定及其他/普通型,乙类,1137.00,
gz_nhsa_consumables_C03440610703002,C03440610703002,骨科材料,初次髋关节,髋臼内衬,人工关节,抗氧化聚乙烯,锥度锁定及其他/偏心型,乙类,4143.79,
gz_nhsa_consumables_C03440610703003,C03440610703003,骨科材料,初次髋关节,髋臼内衬,人工关节,抗氧化聚乙烯,锥度锁定及其他/限制型,乙类,1000.00,
gz_nhsa_consumables_C03440610703004,C03440610703004,骨科材料,初次髋关节,髋臼内衬,人工关节,抗氧化聚乙烯,卡环锁定/普通型,乙类,1000.00,
gz_nhsa_consumables_C03440610704001,C03440610704001,骨科材料,初次髋关节,髋臼内衬,人工关节,普通聚乙烯,锥度锁定及其他/普通型,乙类,857.86,
gz_nhsa_consumables_C03440610704002,C03440610704002,骨科材料,初次髋关节,髋臼内衬,人工关节,普通聚乙烯,锥度锁定及其他/偏心型,乙类,2040.08,
gz_nhsa_consumables_C03440610704003,C03440610704003,骨科材料,初次髋关节,髋臼内衬,人工关节,普通聚乙烯,锥度锁定及其他/限制型,乙类,2888.33,
gz_nhsa_consumables_C03440610704004,C03440610704004,骨科材料,初次髋关节,髋臼内衬,人工关节,普通聚乙烯,卡环锁定/普通型,乙类,3783.75,
gz_nhsa_consumables_C03440610704005,C03440610704005,骨科材料,初次髋关节,髋臼内衬,人工关节,普通聚乙烯,卡环锁定/偏心型,乙类,1561.86,
gz_nhsa_consumables_C03440610704006,C03440610704006,骨科材料,初次髋关节,髋臼内衬,人工关节,普通聚乙烯,卡环锁定/限制型,乙类,1898.82,
gz_nhsa_consumables_C03440610706001,C03440610706001,骨科材料,初次髋关节,髋臼内衬,人工关节,四代陶瓷,锥度锁定及其他/普通型,乙类,1819.40,
gz_nhsa_consumables_C03440610706002,C03440610706002,骨科材料,初次髋关节,髋臼内衬,人工关节,四代陶瓷,锥度锁定及其他/偏心型,乙类,1494.77,
gz_nhsa_consumables_C03440610706003,C03440610706003,骨科材料,初次髋关节,髋臼内衬,人工关节,四代陶瓷,锥度锁定及其他/限制型,乙类,1475.44,
gz_nhsa_consumables_C03440610706004,C03440610706004,骨科材料,初次髋关节,髋臼内衬,人工关节,四代陶瓷,卡环锁定/普通型,乙类,8100.00,
gz_nhsa_consumables_C03440610706005,C03440610706005,骨科材料,初次髋关节,髋臼内衬,人工关节,四代陶瓷,卡环锁定/偏心型,乙类,2019.00,
gz_nhsa_consumables_C03440610706006,C03440610706006,骨科材料,初次髋关节,髋臼内衬,人工关节,四代陶瓷,卡环锁定/限制型,乙类,14797.50,
gz_nhsa_consumables_C03440810700001,C03440810700001,骨科材料,初次髋关节,髋臼螺钉,人工关节,不区,灭菌,乙类,456.55,
gz_nhsa_consumables_C03440810700002,C03440810700002,骨科材料,初次髋关节,髋臼螺钉,人工关节,分不区,非灭菌,乙类,467.66,
gz_nhsa_consumables_C03440910700001,C03440910700001,骨科材料,初次髋关节,初次置换人工髋关节其他部件,人工关节,-不区分,锥度转换套筒,乙类,1825.00,
gz_nhsa_consumables_C03450110702001,C03450110702001,骨科材料,翻修髋关节,组配式股骨柄,人工关节,钛合金,近端/普通型/单喷涂层,乙类,12994.89,
gz_nhsa_consumables_C03450110702002,C03450110702002,骨科材料,翻修髋关节,组配式股骨柄,人工关节,钛合金,近端/普通型/双喷涂层,乙类,3300.00,
gz_nhsa_consumables_C03450110702003,C03450110702003,骨科材料,翻修髋关节,组配式股骨柄,人工关节,钛合金,近端/替代型/单喷涂层,乙类,21756.19,
gz_nhsa_consumables_C03450110702004,C03450110702004,骨科材料,翻修髋关节,组配式股骨柄,人工关节,钛合金,近端/替代型/双喷涂层,乙类,19199.80,
gz_nhsa_consumables_C03450110702005,C03450110702005,骨科材料,翻修髋关节,组配式股骨柄,人工关节,钛合金,近端/锥型/单喷,乙类,14220.32,
gz_nhsa_consumables_C03450110702006,C03450110702006,骨科材料,翻修髋关节,组配式股骨柄,人工关节,钛合金,-近层端/锥型/双喷,乙类,8.54,
gz_nhsa_consumables_C03450110702007,C03450110702007,骨科材料,翻修髋关节,组配式股骨柄,人工关节,钛合金,-近层端/柱型/单喷,乙类,3300.00,
gz_nhsa_consumables_C03450110702008,C03450110702008,骨科材料,翻修髋关节,组配式股骨柄,人工关节,钛合金,-近层端/柱型/双喷,乙类,27144.88,
gz_nhsa_consumables_C03450110702009,C03450110702009,骨科材料,翻修髋关节,组配式股骨柄,人工关节,钛合金,-远层端/普通型/单喷涂层,乙类,20170.59,
gz_nhsa_consumables_C03450110702011,C03450110702011,骨科材料,翻修髋关节,组配式股骨柄,人工关节,钛合金,远端/替代型/单喷涂层,乙类,3300.00,
gz_nhsa_consumables_C03450110702012,C03450110702012,骨科材料,翻修髋关节,组配式股骨柄,人工关节,钛合金,远端/替代型/双喷涂层,乙类,20409.68,
gz_nhsa_consumables_C03450110702013,C03450110702013,骨科材料,翻修髋关节,组配式股骨柄,人工关节,钛合金,远端/锥型/单喷,乙类,17010.85,
gz_nhsa_consumables_C03450110702015,C03450110702015,骨科材料,翻修髋关节,组配式股骨柄,人工关节,钛合金,-远层端/柱型/单喷,乙类,9766.67,
gz_nhsa_consumables_C03450110702016,C03450110702016,骨科材料,翻修髋关节,组配式股骨柄,人工关节,钛合金,-远层端/柱型/双喷,乙类,3300.00,
gz_nhsa_consumables_C03450110702017,C03450110702017,骨科材料,翻修髋关节,组配式股骨柄,人工关节,钛合金,-螺层栓/普通型/单喷涂层,乙类,1000.00,
gz_nhsa_consumables_C03450110702023,C03450110702023,骨科材料,翻修髋关节,组配式股骨柄,人工关节,钛合金,螺栓/柱型/单喷,乙类,864.00,
gz_nhsa_consumables_C03450110706001,C03450110706001,骨科材料,翻修髋关节,组配式股骨柄,人工关节,钽金属,-近层端/普通型/单喷涂层,乙类,3300.00,
gz_nhsa_consumables_C03450110706003,C03450110706003,骨科材料,翻修髋关节,组配式股骨柄,人工关节,钽金属,近端/替代型/单喷涂层,乙类,8988.50,
gz_nhsa_consumables_C03450210701001,C03450210701001,骨科材料,翻修髋关节,一体式股骨柄,人工关节,钴铬合金,有领型/骨水泥型,乙类,14954.50,
gz_nhsa_consumables_C03450210701002,C03450210701002,骨科材料,翻修髋关节,一体式股骨柄,人工关节,钴铬合金,有领型/生物型,乙类,14405.48,
gz_nhsa_consumables_C03450210701003,C03450210701003,骨科材料,翻修髋关节,一体式股骨柄,人工关节,钴铬合金,无领型/骨水泥型,乙类,10525.16,
gz_nhsa_consumables_C03450210701004,C03450210701004,骨科材料,翻修髋关节,一体式股骨柄,人工关节,钴铬合金,无领型/生物型,乙类,18000.00,
gz_nhsa_consumables_C03450210702001,C03450210702001,骨科材料,翻修髋关节,一体式股骨柄,人工关节,钛合金,有领型/骨水泥型,乙类,1350.00,
gz_nhsa_consumables_C03450210702002,C03450210702002,骨科材料,翻修髋关节,一体式股骨柄,人工关节,钛合金,有领型/生物型,乙类,21125.96,
gz_nhsa_consumables_C03450210702004,C03450210702004,骨科材料,翻修髋关节,一体式股骨柄,人工关节,钛合金,无领型/生物型,乙类,10711.53,
gz_nhsa_consumables_C03450210703003,C03450210703003,骨科材料,翻修髋关节,一体式股骨柄,人工关节,不锈钢,无领型/骨水泥型,乙类,101.00,
gz_nhsa_consumables_C03450210706004,C03450210706004,骨科材料,翻修髋关节,一体式股骨柄,人工关节,钽金属,无领型/生物型,乙类,1626.67,
gz_nhsa_consumables_C03450310702000,C03450310702000,骨科材料,翻修髋关节,股骨头,人工关节,钴铬钼合金,常规,乙类,4193.81,
gz_nhsa_consumables_C03450310705000,C03450310705000,骨科材料,翻修髋关节,股骨头,人工关节,四代陶瓷,常规,乙类,6036.91,
gz_nhsa_consumables_C03450410701000,C03450410701000,骨科材料,翻修髋关节,髋臼网架,人工关节,钛合,常规,乙类,1773.75,
gz_nhsa_consumables_C03450410702000,C03450410702000,骨科材料,翻修髋关节,髋臼网架,人工关节,金钴铬钼合金,常规,乙类,1000.00,
gz_nhsa_consumables_C03450410703000,C03450410703000,骨科材料,翻修髋关节,髋臼网架,人工关节,纯钛,常规,乙类,1000.00,
gz_nhsa_consumables_C03450510701001,C03450510701001,骨科材料,翻修髋关节,金属髋臼杯,人工关节,钛合金,涂层/通用型/三,乙类,9100.35,
gz_nhsa_consumables_C03450510701002,C03450510701002,骨科材料,翻修髋关节,金属髋臼杯,人工关节,钛合金,孔涂层/通用型/无,乙类,13000.00,
gz_nhsa_consumables_C03450510701003,C03450510701003,骨科材料,翻修髋关节,金属髋臼杯,人工关节,钛合金,孔涂层/通用型/多,乙类,17476.08,
gz_nhsa_consumables_C03450510701004,C03450510701004,骨科材料,翻修髋关节,金属髋臼杯,人工关节,钛合金,孔涂层/专用型/三,乙类,5449.36,
gz_nhsa_consumables_C03450510701005,C03450510701005,骨科材料,翻修髋关节,金属髋臼杯,人工关节,钛合金,孔涂层/专用型/无,乙类,11124.00,
gz_nhsa_consumables_C03450510701006,C03450510701006,骨科材料,翻修髋关节,金属髋臼杯,人工关节,钛合金,孔涂层/专用型/多,乙类,1922.16,
gz_nhsa_consumables_C03450510701008,C03450510701008,骨科材料,翻修髋关节,金属髋臼杯,人工关节,钛合金,无孔涂层/通用型/无,乙类,1088.00,
gz_nhsa_consumables_C03450510701009,C03450510701009,骨科材料,翻修髋关节,金属髋臼杯,人工关节,钛合金,无孔涂层/通用型/多,乙类,1000.00,
gz_nhsa_consumables_C03450510701011,C03450510701011,骨科材料,翻修髋关节,金属髋臼杯,人工关节,钛合金,无涂层/专用型/无,乙类,1088.00,
gz_nhsa_consumables_C03450510701012,C03450510701012,骨科材料,翻修髋关节,金属髋臼杯,人工关节,钛合金,无孔涂层/专用型/多,乙类,12950.00,
gz_nhsa_consumables_C03450510701013,C03450510701013,骨科材料,翻修髋关节,金属髋臼杯,人工关节,钛合金,3孔D打印/通用型/三,乙类,5814.65,
gz_nhsa_consumables_C03450510701014,C03450510701014,骨科材料,翻修髋关节,金属髋臼杯,人工关节,钛合金,3孔D打印/通用型/无,乙类,5887.50,
gz_nhsa_consumables_C03450510701015,C03450510701015,骨科材料,翻修髋关节,金属髋臼杯,人工关节,钛合金,3孔D打印/通用型/多,乙类,18639.81,
gz_nhsa_consumables_C03450510701016,C03450510701016,骨科材料,翻修髋关节,金属髋臼杯,人工关节,钛合金,3孔D打印/专用型/三,乙类,1088.00,
gz_nhsa_consumables_C03450510701018,C03450510701018,骨科材料,翻修髋关节,金属髋臼杯,人工关节,钛合金,3孔D打印/专用型/多,乙类,13770.13,
gz_nhsa_consumables_C03450510702001,C03450510702001,骨科材料,翻修髋关节,金属髋臼杯,人工关节,纯钛,孔涂层/通用型/三,乙类,1088.00,
gz_nhsa_consumables_C03450510702003,C03450510702003,骨科材料,翻修髋关节,金属髋臼杯,人工关节,纯钛,孔涂层/通用型/多,乙类,500.00,
gz_nhsa_consumables_C03450510702004,C03450510702004,骨科材料,翻修髋关节,金属髋臼杯,人工关节,纯钛,孔涂层/专用型/三,乙类,1088.00,
gz_nhsa_consumables_C03450510702007,C03450510702007,骨科材料,翻修髋关节,金属髋臼杯,人工关节,纯钛,无孔涂层/通用型/三,乙类,1450.00,
gz_nhsa_consumables_C03450510702012,C03450510702012,骨科材料,翻修髋关节,金属髋臼杯,人工关节,纯钛,无孔涂层/专用型/多,乙类,1088.00,
gz_nhsa_consumables_C03450510703001,C03450510703001,骨科材料,翻修髋关节,金属髋臼杯,人工关节,钽金属,孔涂层/通用型/三,乙类,14000.00,
gz_nhsa_consumables_C03450510703003,C03450510703003,骨科材料,翻修髋关节,金属髋臼杯,人工关节,钽金属,孔涂层/通用型/多,乙类,18111.60,
gz_nhsa_consumables_C03450510703004,C03450510703004,骨科材料,翻修髋关节,金属髋臼杯,人工关节,钽金属,孔涂层/专用型/三,乙类,17232.64,
gz_nhsa_consumables_C03450510703006,C03450510703006,骨科材料,翻修髋关节,金属髋臼杯,人工关节,钽金属,孔涂层/专用型/多,乙类,20819.44,
gz_nhsa_consumables_C03450510703009,C03450510703009,骨科材料,翻修髋关节,金属髋臼杯,人工关节,钽金属,无孔涂层/通用型/多,乙类,1088.00,
gz_nhsa_consumables_C03450510704002,C03450510704002,骨科材料,翻修髋关节,金属髋臼杯,人工关节,钴铬钼合金及其他,孔涂层/通用型/无孔,乙类,1088.00,
gz_nhsa_consumables_C03450510704004,C03450510704004,骨科材料,翻修髋关节,金属髋臼杯,人工关节,钴铬钼合金及其他,涂层/专用型/三孔,乙类,13276.95,
gz_nhsa_consumables_C03450510704005,C03450510704005,骨科材料,翻修髋关节,金属髋臼杯,人工关节,钴铬钼合金及其他,涂层/专用型/无孔,乙类,18413.14,
gz_nhsa_consumables_C03450510704011,C03450510704011,骨科材料,翻修髋关节,金属髋臼杯,人工关节,钴铬钼合金及其他,无涂层/专用型/无孔,乙类,6296.61,
gz_nhsa_consumables_C03450610701002,C03450610701002,骨科材料,翻修髋关节,非金属髋臼杯,人工关节,高交联聚乙烯,不含抗氧化剂,乙类,3800.00,
gz_nhsa_consumables_C03450610702002,C03450610702002,骨科材料,翻修髋关节,非金属髋臼杯,人工关节,中交联聚乙烯,不含抗氧化剂,乙类,3800.00,
gz_nhsa_consumables_C03450710701002,C03450710701002,骨科材料,翻修髋关节,髋臼垫块,人工关节,钛合金,实心/3D打印,乙类,13852.41,
gz_nhsa_consumables_C03450710701003,C03450710701003,骨科材料,翻修髋关节,髋臼垫块,人工关节,钛合金,空心/普通工艺,乙类,3300.00,
gz_nhsa_consumables_C03450710701004,C03450710701004,骨科材料,翻修髋关节,髋臼垫块,人工关节,钛合金,空心/3D打印,乙类,3300.00,
gz_nhsa_consumables_C03450710703001,C03450710703001,骨科材料,翻修髋关节,髋臼垫块,人工关节,钽金属,实心/普通工艺,乙类,16080.00,
gz_nhsa_consumables_C03450710704001,C03450710704001,骨科材料,翻修髋关节,髋臼垫块,人工关节,纯钛,实心/普通工艺,乙类,24798.06,
gz_nhsa_consumables_C03450810700001,C03450810700001,骨科材料,翻修髋关节,髋臼螺钉,人工关节,不区,锁定,乙类,1309.39,
gz_nhsa_consumables_C03450810700002,C03450810700002,骨科材料,翻修髋关节,髋臼螺钉,人工关节,分不区,非锁定,乙类,620.05,
gz_nhsa_consumables_C03450910700000,C03450910700000,骨科材料,翻修髋关节,垫块螺钉,人工关节,分不区,常规,乙类,1064.08,
gz_nhsa_consumables_C03451010702001,C03451010702001,骨科材料,翻修髋关节,髋臼内衬,人工关节,分高交联聚乙烯,锥度锁定/普通型,乙类,12931.74,
gz_nhsa_consumables_C03451010702002,C03451010702002,骨科材料,翻修髋关节,髋臼内衬,人工关节,高交联聚乙烯,锥度锁定/偏心型,乙类,9450.00,
gz_nhsa_consumables_C03451010702003,C03451010702003,骨科材料,翻修髋关节,髋臼内衬,人工关节,高交联聚乙烯,锥度锁定/限制型,乙类,4590.41,
gz_nhsa_consumables_C03451010702004,C03451010702004,骨科材料,翻修髋关节,髋臼内衬,人工关节,高交联聚乙烯,卡环锁定/普通型,乙类,2902.59,
gz_nhsa_consumables_C03451010702006,C03451010702006,骨科材料,翻修髋关节,髋臼内衬,人工关节,高交联聚乙烯,卡环锁定/限制型,乙类,2194.92,
gz_nhsa_consumables_C03451010703001,C03451010703001,骨科材料,翻修髋关节,髋臼内衬,人工关节,抗氧化聚乙烯,锥度锁定/普通型,乙类,1000.00,
gz_nhsa_consumables_C03451010703002,C03451010703002,骨科材料,翻修髋关节,髋臼内衬,人工关节,抗氧化聚乙烯,锥度锁定/偏心型,乙类,21500.00,
gz_nhsa_consumables_C03451010703003,C03451010703003,骨科材料,翻修髋关节,髋臼内衬,人工关节,抗氧化聚乙烯,锥度锁定/限制型,乙类,1302.43,
gz_nhsa_consumables_C03451010704001,C03451010704001,骨科材料,翻修髋关节,髋臼内衬,人工关节,普通聚乙烯,锥度锁定/普通型,乙类,2307.64,
gz_nhsa_consumables_C03451010704003,C03451010704003,骨科材料,翻修髋关节,髋臼内衬,人工关节,普通聚乙烯,锥度锁定/限制型,乙类,4200.00,
gz_nhsa_consumables_C03451010704004,C03451010704004,骨科材料,翻修髋关节,髋臼内衬,人工关节,普通聚乙烯,卡环锁定/普通型,乙类,1000.00,
gz_nhsa_consumables_C03451010704006,C03451010704006,骨科材料,翻修髋关节,髋臼内衬,人工关节,普通聚乙烯,卡环锁定/限制型,乙类,1000.00,
gz_nhsa_consumables_C03451010706001,C03451010706001,骨科材料,翻修髋关节,髋臼内衬,人工关节,四代陶瓷,锥度锁定/普通型,乙类,11396.02,
gz_nhsa_consumables_C03451010706002,C03451010706002,骨科材料,翻修髋关节,髋臼内衬,人工关节,四代陶瓷,锥度锁定/偏心型,乙类,1000.00,
gz_nhsa_consumables_C03451010706004,C03451010706004,骨科材料,翻修髋关节,髋臼内衬,人工关节,四代陶瓷,卡环锁定/普通型,乙类,8100.00,
gz_nhsa_consumables_C03451110701000,C03451110701000,骨科材料,翻修髋关节,股骨颈,人工关节,钛合,常规,乙类,913.33,
gz_nhsa_consumables_C03451210701000,C03451210701000,骨科材料,翻修髋关节,链接螺栓,人工关节,金钴铬钼合金,常规,乙类,200.00,
gz_nhsa_consumables_C03451310700001,C03451310700001,骨科材料,翻修髋关节,翻修置换人工髋关节其他部件,人工关节,不区分,粗隆爪螺钉,乙类,90.00,
gz_nhsa_consumables_C03460110701001,C03460110701001,骨科材料,半髋关节,双极头,人工关节,钴铬钼合金,组配式,乙类,5420.75,
gz_nhsa_consumables_C03460110701002,C03460110701002,骨科材料,半髋关节,双极头,人工关节,钴铬钼合金,一体式,乙类,4166.44,
gz_nhsa_consumables_C03460110703001,C03460110703001,骨科材料,半髋关节,双极头,人工关节,聚乙,组配式,乙类,2753.61,
gz_nhsa_consumables_C03460110703002,C03460110703002,骨科材料,半髋关节,双极头,人工关节,烯聚乙,一体式,乙类,276.93,
gz_nhsa_consumables_C03460110704001,C03460110704001,骨科材料,半髋关节,双极头,人工关节,烯不锈,组配式,乙类,2954.83,
gz_nhsa_consumables_C03460110704002,C03460110704002,骨科材料,半髋关节,双极头,人工关节,钢不锈,一体式,乙类,5240.00,
gz_nhsa_consumables_C03470110900000,C03470110900000,骨科材料,骨科通用材,异种骨,医用骨,钢不区,常规,乙类,3906.00,
gz_nhsa_consumables_C03470210900000,C03470210900000,骨科材料,骨科料通用材,同种异体骨,医用骨,分不区,常规,乙类,2637.14,
gz_nhsa_consumables_C03470310900000,C03470310900000,骨科材料,骨科料通用材,人工合成骨,医用骨,分不区,常规,乙类,26320.00,
gz_nhsa_consumables_C03470411000000,C03470411000000,骨科材料,骨科料通用材,骨形成蛋白,骨形成蛋白,分不区,常规,乙类,3434.81,
gz_nhsa_consumables_C03470511100000,C03470511100000,骨科材料,骨科料通用材,骨水泥,骨水泥,分不区,常规,乙类,1019.00,
gz_nhsa_consumables_C03470610200000,C03470610200000,骨科材料,骨科通用材料,骨水泥注射器,注射器,不区分,常规,乙类,43.84,
gz_nhsa_consumables_C03480110500001,C03480110500001,骨科材料,动力系统,钻头,钻头,不区分,限深/灭菌,乙类,1377.00,不能与项目“使用微动力系统加收1170元”同时收取
gz_nhsa_consumables_C03480110500003,C03480110500003,骨科材料,动力系统,钻头,钻头,不区分,非限深/灭菌,乙类,500.00,不能与项目“使用微动力系统加收1170元”同时收取
gz_nhsa_consumables_C03480311301001,C03480311301001,骨科材料,动力系统,磨头,磨头,不锈钢,带涂层/灭菌,乙类,1835.14,不能与项目“使用微动力系统加收1170元”同时收取
gz_nhsa_consumables_C03480311301003,C03480311301003,骨科材料,动力系统,磨头,磨头,不锈钢,带刃/灭菌,乙类,1965.66,不能与项目“使用微动力系统加收1170元”同时收取
gz_nhsa_consumables_C03480511500000,C03480511500000,骨科材料,动力系统,刨刀,刨刀,不区分,常规,乙类,1941.74,不能与项目“使用微动力系统加收1170元”同时收取
gz_nhsa_consumables_C04010111802000,C04010111802000,神经外科材料,颅骨固定/修补材料,颅骨钉,修补材料,钛合金,常规,乙类,182.80,
gz_nhsa_consumables_C04010111803001,C04010111803001,神经外科材料,颅骨固定/修补材料,颅骨钉,修补材料,聚合物,可吸收,乙类,643.12,
gz_nhsa_consumables_C04010211801000,C04010211801000,神经外科材料,颅骨固定/修补材料,颅骨锁,修补材料,金属,常规,乙类,507.00,
gz_nhsa_consumables_C04010211802001,C04010211802001,神经外科材料,颅骨固定/修补材料,颅骨锁,修补材料,聚合物,可吸收,乙类,1084.00,
gz_nhsa_consumables_C04010211802002,C04010211802002,神经外科材料,颅骨固定/修补材料,颅骨锁,修补材料,聚合物,不可吸收,乙类,1999.00,
gz_nhsa_consumables_C04010311801001,C04010311801001,神经外科材料,颅骨固定/修补材料,颅骨网,修补材料,纯钛,二维/塑型,乙类,5830.06,
gz_nhsa_consumables_C04010311801002,C04010311801002,神经外科材料,颅骨固定/修补材料,颅骨网,修补材料,纯钛,二维/非塑型,乙类,5830.06,
gz_nhsa_consumables_C04010311801003,C04010311801003,神经外科材料,颅骨固定/修补材料,颅骨网,修补材料,纯钛,三维/塑型,乙类,5229.36,
gz_nhsa_consumables_C04010311801004,C04010311801004,神经外科材料,颅骨固定/修补材料,颅骨网,修补材料,纯钛,三维/非塑型,乙类,6998.40,
gz_nhsa_consumables_C04010311803002,C04010311803002,神经外科材料,颅骨固定/修补材料,颅骨网,修补材料,聚合物,不可吸收,乙类,45767.59,
gz_nhsa_consumables_C04010411801001,C04010411801001,神经外科材料,颅骨固定/修补材料,颅骨板,修补材料,纯钛,灭菌,乙类,5229.36,
gz_nhsa_consumables_C04010411801002,C04010411801002,神经外科材料,颅骨固定/修补材料,颅骨板,修补材料,纯钛,非灭菌,乙类,5099.52,
gz_nhsa_consumables_C04010411802001,C04010411802001,神经外科材料,颅骨固定/修补材料,颅骨板,修补材料,钛合金,灭菌,乙类,352.67,
gz_nhsa_consumables_C04010411802002,C04010411802002,神经外科材料,颅骨固定/修补材料,颅骨板,修补材料,钛合金,非灭菌,乙类,817.00,
gz_nhsa_consumables_C04010411803001,C04010411803001,神经外科材料,颅骨固定/修补材料,颅骨板,修补材料,聚合物,可吸收,乙类,23400.00,
gz_nhsa_consumables_C04010411803002,C04010411803002,神经外科材料,颅骨固定/修补材料,颅骨板,修补材料,聚合物,不可吸收,乙类,37324.80,
gz_nhsa_consumables_C04010511800000,C04010511800000,神经外科材料,颅骨固定/修补材料,其他颅骨固定/修补材料,修补材料,不区分,其他,乙类,38942.40,
gz_nhsa_consumables_C04010511800001,C04010511800001,神经外科材料,颅骨固定/修补材料,其他颅骨固定/修补材料,修补材料,不区分,颅骨填充,乙类,20925.00,
gz_nhsa_consumables_C04030111800001,C04030111800001,神经外科材料,硬脑（脊）膜修补材料,硬脑（脊）膜补片,修补材料,不区分,不可吸收/其他,乙类,3055.20,
gz_nhsa_consumables_C04030111801001,C04030111801001,神经外科材料,硬脑（脊）膜修补材料,硬脑（脊）膜补片,修补材料,动物源,可吸收/常规,乙类,8390.67,
gz_nhsa_consumables_C04030111802001,C04030111802001,神经外科材料,硬脑（脊）膜修补材料,硬脑（脊）膜补片,修补材料,非动物源,可吸收/常规,乙类,8800.00,
gz_nhsa_consumables_C04030111802003,C04030111802003,神经外科材料,硬脑（脊）膜修补材料,硬脑（脊）膜补片,修补材料,非动物源,可吸收/静电纺丝,乙类,8390.67,
gz_nhsa_consumables_C04040111900001,C04040111900001,神经外科材,动脉瘤夹,常规瘤夹,动脉瘤夹,不区,永久,乙类,2529.90,
gz_nhsa_consumables_C04040111900002,C04040111900002,神经料外科材,动脉瘤夹,常规瘤夹,动脉瘤夹,分不区,临时,乙类,2431.86,
gz_nhsa_consumables_C04040211900001,C04040211900001,神经料外科材料,动脉瘤夹,异形瘤夹,动脉瘤夹,分不区分,涂层型/跨血管型,乙类,2431.86,
gz_nhsa_consumables_C04040211900002,C04040211900002,神经外科材料,动脉瘤夹,异形瘤夹,动脉瘤夹,不区分,涂层型/动静脉畸,乙类,2431.86,
gz_nhsa_consumables_C04040211900003,C04040211900003,神经外科材料,动脉瘤夹,异形瘤夹,动脉瘤夹,不区分,非涂层型/跨血管,乙类,2431.86,
gz_nhsa_consumables_C04040211900004,C04040211900004,神经外科材料,动脉瘤夹,异形瘤夹,动脉瘤夹,不区分,非型涂层型/动静脉畸型,乙类,2023.00,
gz_nhsa_consumables_C04060101300001,C04060101300001,神经外科材料,颅内压监测材料,颅内压监测探头,探头,不区分,脑室型,乙类,11685.21,
gz_nhsa_consumables_C04060101300002,C04060101300002,神经外科材料,颅内压监测材料,颅内压监测探头,探头,不区分,脑实质型,乙类,10896.14,
gz_nhsa_consumables_C04060101300003,C04060101300003,神经外科材料,颅内压监测材料,颅内压监测探头,探头,不区分,硬膜外型,乙类,10663.40,
gz_nhsa_consumables_C04060101300004,C04060101300004,神经外科材料,颅内压监测材料,颅内压监测探头,探头,不区分,硬膜下型,乙类,13108.21,
gz_nhsa_consumables_C04070112000001,C04070112000001,神经外科材料,脑脊液分流材料,脑室端导管,分流管,不区分,带涂层,乙类,4700.00,
gz_nhsa_consumables_C04070112000002,C04070112000002,神经外科材料,脑脊液分流材料,脑室端导管,分流管,不区分,不带涂层,乙类,1027.00,
gz_nhsa_consumables_C04070212000002,C04070212000002,神经外科材料,脑脊液分流材料,腰骶端导管,分流管,不区分,不带涂层,乙类,6948.00,
gz_nhsa_consumables_C04070312000001,C04070312000001,神经外科材料,脑脊液分流材料,腹腔端导管,分流管,不区分,带涂层,乙类,4700.00,
gz_nhsa_consumables_C04070312000002,C04070312000002,神经外科材料,脑脊液分流材料,腹腔端导管,分流管,不区分,不带涂层,乙类,2528.96,
gz_nhsa_consumables_C04070412100001,C04070412100001,神经外科材料,脑脊液分流材料,脑室-腹腔分流装置,分流装置,不区分,高压/带涂层/抗虹吸/成人,乙类,12949.81,
gz_nhsa_consumables_C04070412100013,C04070412100013,神经外科材料,脑脊液分流材料,脑室-腹腔分流装置,分流装置,不区分,型高压/不带涂层/抗虹吸/成,乙类,4294.50,
gz_nhsa_consumables_C04070412100014,C04070412100014,神经外科材料,脑脊液分流材料,脑室-腹腔分流装置,分流装置,不区分,-中型压/不带涂层/抗虹吸/成,乙类,4294.50,
gz_nhsa_consumables_C04070412100015,C04070412100015,神经外科材料,脑脊液分流材料,脑室-腹腔分流装置,分流装置,不区分,-低型压/不带涂层/抗虹吸/成,乙类,4294.50,
gz_nhsa_consumables_C04070412100017,C04070412100017,神经外科材料,脑脊液分流材料,脑室-腹腔分流装置,分流装置,不区分,-中型压/不带涂层/抗虹吸/小,乙类,2398.00,
gz_nhsa_consumables_C04070412100019,C04070412100019,神经外科材料,脑脊液分流材料,脑室-腹腔分流装置,分流装置,不区分,-高型压/不带涂层/不抗虹吸/,乙类,2349.00,
gz_nhsa_consumables_C04070412100020,C04070412100020,神经外科材料,脑脊液分流材料,脑室-腹腔分流装置,分流装置,不区分,-人中型压/不带涂层/不抗虹吸/,乙类,2349.00,
gz_nhsa_consumables_C04070412100021,C04070412100021,神经外科材料,脑脊液分流材料,脑室-腹腔分流装置,分流装置,不区分,-人低型压/不带涂层/不抗虹吸/,乙类,2349.00,
gz_nhsa_consumables_C04070412100025,C04070412100025,神经外科材料,脑脊液分流材料,脑室-腹腔分流装置,分流装置,不区分,-可人调型压/带涂层/抗虹吸/成人,乙类,34299.00,
gz_nhsa_consumables_C04070412100029,C04070412100029,神经外科材料,脑脊液分流材料,脑室-腹腔分流装置,分流装置,不区分,可型调压/不带涂层/抗虹吸/成,乙类,24971.33,
gz_nhsa_consumables_C04070412100030,C04070412100030,神经外科材料,脑脊液分流材料,脑室-腹腔分流装置,分流装置,不区分,可调压/不带涂层/抗虹吸/小,乙类,24971.33,
gz_nhsa_consumables_C04070412100031,C04070412100031,神经外科材料,脑脊液分流材料,脑室-腹腔分流装置,分流装置,不区分,-可型调压/不带涂层/不抗虹吸/成人型,乙类,26100.00,
gz_nhsa_consumables_C04070412100032,C04070412100032,神经外科材料,脑脊液分流材料,脑室-腹腔分流装置,分流装置,不区分,可调压/不带涂层/不抗虹吸/小儿型,乙类,23558.95,
gz_nhsa_consumables_C04070612100031,C04070612100031,神经外科材料,脑脊液分流材料,腰骶-腹腔分流装置,分流装置,不区分,可调压/不带涂层/不抗虹吸/成人型,乙类,24800.00,
gz_nhsa_consumables_C04070812100003,C04070812100003,神经外科材料,脑脊液分流材料,脑室-腹腔分流阀,分流装置,不区分,低压/带涂层/抗虹吸/带储,乙类,30.00,
gz_nhsa_consumables_C04070812100014,C04070812100014,神经外科材料,脑脊液分流材料,脑室-腹腔分流阀,分流装置,不区分,-中囊压/不带涂层/抗虹吸/带,乙类,5984.00,
gz_nhsa_consumables_C04070812100019,C04070812100019,神经外科材料,脑脊液分流材料,脑室-腹腔分流阀,分流装置,不区分,-液高囊压/不带涂层/不抗虹吸/带储液囊,乙类,30310.00,
gz_nhsa_consumables_C04070812100020,C04070812100020,神经外科材料,脑脊液分流材料,脑室-腹腔分流阀,分流装置,不区分,中压/不带涂层/不抗虹吸/带储液囊,乙类,11580.00,
gz_nhsa_consumables_C04070812100021,C04070812100021,神经外科材料,脑脊液分流材料,脑室-腹腔分流阀,分流装置,不区分,低压/不带涂层/不抗虹吸/带储液囊,乙类,14357.67,
gz_nhsa_consumables_C04070812100029,C04070812100029,神经外科材料,脑脊液分流材料,脑室-腹腔分流阀,分流装置,不区分,可调压/不带涂层/抗虹吸/带储液囊,乙类,14787.77,
gz_nhsa_consumables_C04070812100031,C04070812100031,神经外科材料,脑脊液分流材料,脑室-腹腔分流阀,分流装置,不区分,可调压/不带涂层/不抗虹吸/带储液囊,乙类,25200.00,
gz_nhsa_consumables_C04071212100000,C04071212100000,神经外科材料,脑脊液分流材料,脑室储液囊,分流装置,不区分,常规,乙类,2148.00,
gz_nhsa_consumables_C04071312200000,C04071312200000,神经外科材料,脑脊液分流材料,颅内压监测装置,监测装置,不区分,常规,乙类,700.00,
gz_nhsa_consumables_C04071403500001,C04071403500001,神经外科材料,脑脊液分流材料,体外引流装置,引流装置,不区分,脑室外引流/带涂层/带集液,乙类,3799.00,
gz_nhsa_consumables_C04071403500002,C04071403500002,神经外科材料,脑脊液分流材料,体外引流装置,引流装置,不区分,脑腔室外引流/带涂层/不带集,乙类,3370.00,
gz_nhsa_consumables_C04071403500003,C04071403500003,神经外科材料,脑脊液分流材料,体外引流装置,引流装置,不区分,-脑腔室外引流/不带涂层/带集,乙类,1029.00,
gz_nhsa_consumables_C04071403500004,C04071403500004,神经外科材料,脑脊液分流材料,体外引流装置,引流装置,不区分,-脑腔室外引流/不带涂层/不带集液腔,乙类,1029.00,
gz_nhsa_consumables_C04071403500007,C04071403500007,神经外科材料,脑脊液分流材料,体外引流装置,引流装置,不区分,腹腔外引流/不带涂层/带集,乙类,958.77,
gz_nhsa_consumables_C04071403500008,C04071403500008,神经外科材料,脑脊液分流材料,体外引流装置,引流装置,不区分,-腹腔腔外引流/不带涂层/不带集液腔,乙类,958.77,
gz_nhsa_consumables_C04080112300001,C04080112300001,神经外科材料,神经刺激材料,脑深部电刺激器,神经刺激材料,不区分,不可充电,乙类,60000.00,
gz_nhsa_consumables_C04080112300002,C04080112300002,神经外科材料,神经刺激材料,脑深部电刺激器,神经刺激材料,不区分,可充电,乙类,60000.00,
gz_nhsa_consumables_C04080902100000,C04080902100000,神经外科材料,神经刺激材料,脊髓神经电刺激电极,电极,不区分,常规,乙类,11671.50,
gz_nhsa_consumables_C04081006100000,C04081006100000,神经外科材料,神经刺激材料,脊髓神经电刺激电极导线,导线,不区分,常规,乙类,3667.73,
gz_nhsa_consumables_C04081106100000,C04081106100000,神经外科材料,神经刺激材料,脊髓神经电刺激测试电缆,导线,不区分,常规,乙类,1602.00,
gz_nhsa_consumables_C04081412300001,C04081412300001,神经外科材料,神经刺激材料,脊髓神经电刺激刺激器,神经刺激材料,不区分,可充电,乙类,60000.00,
gz_nhsa_consumables_C04081412300002,C04081412300002,神经外科材料,神经刺激材料,脊髓神经电刺激刺激器,神经刺激材料,不区分,不可充电,乙类,60000.00,
gz_nhsa_consumables_C05010312500002,C05010312500002,心脏外科类材料,心律失常外科,消融笔,消融工具,不区分,双极,乙类,11000.00,
gz_nhsa_consumables_C05010412600000,C05010412600000,心脏外科类材料,心律失常外科,心耳闭合装置,心耳夹,不区分,常规,乙类,27625.00,
gz_nhsa_consumables_C05020112700001,C05020112700001,心脏外科类材料,冠脉外科,心脏固定器,固定器,不区分,组织,乙类,7661.51,
gz_nhsa_consumables_C05020112700002,C05020112700002,心脏外科类材料,冠脉外科,心脏固定器,固定器,不区分,心尖,乙类,8600.00,
gz_nhsa_consumables_C05020212000000,C05020212000000,心脏外科类材料,冠脉外科,冠状动脉内分流管,分流管,不区分,常规,乙类,900.00,
gz_nhsa_consumables_C05020301000000,C05020301000000,心脏外科类材料,冠脉外科,吹雾管,管路,不区分,常规,乙类,490.00,
gz_nhsa_consumables_C05020613000000,C05020613000000,心脏外科类材料,冠脉外科,冠脉近端吻合辅助器械,吻合辅助器械,不区分,常规,乙类,13082.00,
gz_nhsa_consumables_C05030105600001,C05030105600001,心脏外科类材料,结构心脏病用外科材料,机械瓣膜,瓣膜,不区分,主动脉瓣,乙类,13996.37,
gz_nhsa_consumables_C05030105600002,C05030105600002,心脏外科类材料,结构心脏病用外科材料,机械瓣膜,瓣膜,不区分,二尖瓣,乙类,12636.29,
gz_nhsa_consumables_C05030205600001,C05030205600001,心脏外科类材料,结构心脏病用外科材料,生物瓣膜,瓣膜,不区分,主动脉瓣,乙类,45306.09,
gz_nhsa_consumables_C05030205600002,C05030205600002,心脏外科类材料,结构心脏病用外科材料,生物瓣膜,瓣膜,不区分,二尖瓣,乙类,32134.12,
gz_nhsa_consumables_C05030313100001,C05030313100001,心脏外科类材料,结构心脏病用外科材料,瓣膜成型环/带,成型环,不区分,二尖瓣,乙类,13642.67,
gz_nhsa_consumables_C05030313100002,C05030313100002,心脏外科类材料,结构心脏病用外科材料,瓣膜成型环/带,成型环,不区分,三尖瓣,乙类,11655.46,
gz_nhsa_consumables_C05030401000000,C05030401000000,心脏外科类材料,结构心脏病用外科材料,带瓣管道,管路,不区分,常规,乙类,20194.88,
gz_nhsa_consumables_C06010113300000,C06010113300000,人工器官、组织及配套材料,感觉器官、组织及配套材料,人工耳蜗,人工器官,不区分,常规,乙类,55998.00,限：1.先天性双耳重度感因；2.7岁以下儿童语前聋；3.18岁以下青少年有一定语言基础
gz_nhsa_consumables_C06010213301000,C06010213301000,人工器官、组织及配套材料,感觉器官、组织及配套材料,人工听小骨,人工器官,钛合金,常规,乙类,4491.95,
gz_nhsa_consumables_C06020213300000,C06020213300000,人工器官、组织及配套材料,血液循环、净化系统人工器官、组织及配套材料,人工血管,人工器官,不区分,常规,乙类,14817.71,
gz_nhsa_consumables_C07010108901002,C07010108901002,口腔材料,颌面整复材,颌面接骨板,内固定材料,纯钛,锁定,乙类,2088.71,限治疗类手术使用
gz_nhsa_consumables_C07010108901004,C07010108901004,口腔材料,颌面料整复材,颌面接骨板,内固定材料,纯钛,非锁定,乙类,3087.36,限治疗类手术使用
gz_nhsa_consumables_C07010108902002,C07010108902002,口腔材料,颌面料整复材,颌面接骨板,内固定材料,合金,锁定,乙类,809.00,限治疗类手术使用
gz_nhsa_consumables_C07010108902004,C07010108902004,口腔材料,颌面料整复材,颌面接骨板,内固定材料,合金,非锁定,乙类,980.00,限治疗类手术使用
gz_nhsa_consumables_C07010108903001,C07010108903001,口腔材料,颌面料整复材料,颌面接骨板,内固定材料,共聚物,锁定/可吸收,乙类,3200.00,限治疗类手术使用
gz_nhsa_consumables_C07010108903002,C07010108903002,口腔材料,颌面整复材料,颌面接骨板,内固定材料,共聚物,锁定/不可吸收,乙类,809.00,限治疗类手术使用
gz_nhsa_consumables_C07010108903003,C07010108903003,口腔材料,颌面整复材料,颌面接骨板,内固定材料,共聚物,非锁定/可吸收,乙类,10863.99,限治疗类手术使用
gz_nhsa_consumables_C07010208902003,C07010208902003,口腔材料,颌面整复材料,颌面部螺钉,内固定材料,合金,锁定/自攻,乙类,661.30,限治疗类手术使用
gz_nhsa_consumables_C07010208902004,C07010208902004,口腔材料,颌面整复材料,颌面部螺钉,内固定材料,合金,锁定/自钻及其他,乙类,500.00,限治疗类手术使用
gz_nhsa_consumables_C07010208902007,C07010208902007,口腔材料,颌面整复材料,颌面部螺钉,内固定材料,合金,非锁定/自攻,乙类,136.46,限治疗类手术使用
gz_nhsa_consumables_C07010208902008,C07010208902008,口腔材料,颌面整复材料,颌面部螺钉,内固定材料,合金,非锁定/自钻及其,乙类,136.73,限治疗类手术使用
gz_nhsa_consumables_C07010208903001,C07010208903001,口腔材料,颌面整复材料,颌面部螺钉,内固定材料,共聚物,锁定/可吸收/自,乙类,520.07,限治疗类手术使用
gz_nhsa_consumables_C07010208903002,C07010208903002,口腔材料,颌面整复材料,颌面部螺钉,内固定材料,共聚物,攻锁定/可吸收/自钻及其他,乙类,1935.00,限治疗类手术使用
gz_nhsa_consumables_C07010208903005,C07010208903005,口腔材料,颌面整复材料,颌面部螺钉,内固定材料,共聚物,非锁定/可吸收/自,乙类,2200.00,限治疗类手术使用
gz_nhsa_consumables_C07010208903006,C07010208903006,口腔材料,颌面整复材料,颌面部螺钉,内固定材料,共聚物,非攻锁定/可吸收/自钻及其他,乙类,2200.00,限治疗类手术使用
gz_nhsa_consumables_C07010308901002,C07010308901002,口腔材料,颌面整复材料,颌间固定系统,内固定材料,纯钛,牙弓夹板,乙类,1050.00,限治疗类手术使用
gz_nhsa_consumables_C07010308902001,C07010308902001,口腔材料,颌面整复材料,颌间固定系统,内固定材料,合金,颌间结扎螺钉,乙类,459.11,限治疗类手术使用
gz_nhsa_consumables_C07010308903001,C07010308903001,口腔材料,颌面整复材料,颌间固定系统,内固定材料,不锈钢,颌间结扎螺钉,乙类,650.48,限治疗类手术使用
gz_nhsa_consumables_C07010408101001,C07010408101001,口腔材料,颌面整复材,钛网,修复材料,纯钛,普通,乙类,1134.30,限治疗类手术使用
gz_nhsa_consumables_C07010408101002,C07010408101002,口腔材料,颌面料整复材,钛网,修复材料,纯钛,预成型,乙类,3123.71,限治疗类手术使用
gz_nhsa_consumables_C07010408101003,C07010408101003,口腔材料,颌面料整复材料,钛网,修复材料,纯钛,三维预成型,乙类,8045.00,限治疗类手术使用
gz_nhsa_consumables_C07010713601001,C07010713601001,口腔材料,颌面整复材,牵引器,牵引器,纯钛,内置式,乙类,10.00,限治疗类手术使用
gz_nhsa_consumables_C07010713602001,C07010713602001,口腔材料,颌面整复材,牵引器,牵引器,合金,内置式,乙类,138.00,限治疗类手术使用
gz_nhsa_consumables_C07020508101000,C07020508101000,口腔材料,口腔料种植修复材料,骨替代品,修复材料,天然骨,常规,乙类,823.75,限治疗类手术使用
gz_nhsa_consumables_C07020508103000,C07020508103000,口腔材料,口腔种植修复材料,骨替代品,修复材料,人工合成无机,常规,乙类,507.83,限治疗类手术使用
gz_nhsa_consumables_C07020508105000,C07020508105000,口腔材料,口腔种植修复材料,骨替代品,修复材料,物复合材料,常规,乙类,756.30,限治疗类手术使用
gz_nhsa_consumables_C07020508106000,C07020508106000,口腔材料,口腔种植修复材料,骨替代品,修复材料,生物材料,常规,乙类,2600.21,限治疗类手术使用
gz_nhsa_consumables_C07030414000001,C07030414000001,口腔材料,根管材料,根管充填材料,根管材料,不区分,冷充填,乙类,48.47,
gz_nhsa_consumables_C07030414000002,C07030414000002,口腔材料,根管材料,根管充填材料,根管材料,不区分,热充填,乙类,54.79,
gz_nhsa_consumables_C07120315000002,C07120315000002,口腔材料,其他类口腔材料,固位纤维,口腔辅助材料,不区分,纤维夹板,乙类,138.89,
gz_nhsa_consumables_C08010115101002,C08010115101002,眼科材料,人工晶状体,单焦点白内障人工晶状体,人工晶状体,聚甲基丙烯酸甲酯（PMMA）,球面/无蓝光滤过/非预装,乙类,660.00,
gz_nhsa_consumables_C08010115102004,C08010115102004,眼科材料,人工晶状体,单焦点白内障人工晶状体,人工晶状体,硅凝胶,非球面/无蓝光滤过/非预装,乙类,660.00,
gz_nhsa_consumables_C08010115103002,C08010115103002,眼科材料,人工晶状体,单焦点白内障人工晶状体,人工晶状体,聚丙烯酸脂亲水,球面/无蓝光滤过/非预装,乙类,660.00,
gz_nhsa_consumables_C08010115103003,C08010115103003,眼科材料,人工晶状体,单焦点白内障人工晶状体,人工晶状体,聚丙烯酸脂亲水,非球面/有蓝光滤过/非预装,乙类,660.00,
gz_nhsa_consumables_C08010115103004,C08010115103004,眼科材料,人工晶状体,单焦点白内障人工晶状体,人工晶状体,聚丙烯酸脂亲水,非球面/无蓝光滤过/非预装,乙类,660.00,
gz_nhsa_consumables_C08010115103006,C08010115103006,眼科材料,人工晶状体,单焦点白内障人工晶状体,人工晶状体,聚丙烯酸脂亲水,球面/无蓝光滤过/预装,乙类,660.00,
gz_nhsa_consumables_C08010115103008,C08010115103008,眼科材料,人工晶状体,单焦点白内障人工晶状体,人工晶状体,聚丙烯酸脂亲水,非球面/无蓝光滤过/预装,乙类,660.00,
gz_nhsa_consumables_C08010115104001,C08010115104001,眼科材料,人工晶状体,单焦点白内障人工晶状体,人工晶状体,聚丙烯酸脂疏水,球面/有蓝光滤过/非预装,乙类,660.00,
gz_nhsa_consumables_C08010115104002,C08010115104002,眼科材料,人工晶状体,单焦点白内障人工晶状体,人工晶状体,聚丙烯酸脂疏水,球面/无蓝光滤过/非预装,乙类,660.00,
gz_nhsa_consumables_C08010115104003,C08010115104003,眼科材料,人工晶状体,单焦点白内障人工晶状体,人工晶状体,聚丙烯酸脂疏水,非球面/有蓝光滤过/非预装,乙类,660.00,
gz_nhsa_consumables_C08010115104004,C08010115104004,眼科材料,人工晶状体,单焦点白内障人工晶状体,人工晶状体,聚丙烯酸脂疏水,非球面/无蓝光滤过/非预装,乙类,660.00,
gz_nhsa_consumables_C08010115104005,C08010115104005,眼科材料,人工晶状体,单焦点白内障人工晶状体,人工晶状体,聚丙烯酸脂疏水,球面/有蓝光滤过/预装,乙类,660.00,
gz_nhsa_consumables_C08010115104006,C08010115104006,眼科材料,人工晶状体,单焦点白内障人工晶状体,人工晶状体,聚丙烯酸脂疏水,球面/无蓝光滤过/预装,乙类,660.00,
gz_nhsa_consumables_C08010115104007,C08010115104007,眼科材料,人工晶状体,单焦点白内障人工晶状体,人工晶状体,聚丙烯酸脂疏水,非球面/有蓝光滤过/预装,乙类,660.00,
gz_nhsa_consumables_C08010115104008,C08010115104008,眼科材料,人工晶状体,单焦点白内障人工晶状体,人工晶状体,聚丙烯酸脂疏水,非球面/无蓝光滤过/预装,乙类,660.00,
gz_nhsa_consumables_C08010215103002,C08010215103002,眼科材料,人工晶状体,多焦点白内障人工晶状体,人工晶状体,聚丙烯酸脂亲,折射/无蓝光滤过,乙类,660.00,
gz_nhsa_consumables_C08010215103003,C08010215103003,眼科材料,人工晶状体,多焦点白内障人工晶状体,人工晶状体,水聚丙烯酸脂亲,衍射/有蓝光滤过,乙类,660.00,
gz_nhsa_consumables_C08010215103004,C08010215103004,眼科材料,人工晶状体,多焦点白内障人工晶状体,人工晶状体,水聚丙烯酸脂亲,衍射/无蓝光滤过,乙类,660.00,
gz_nhsa_consumables_C08010215103008,C08010215103008,眼科材料,人工晶状体,多焦点白内障人工晶状体,人工晶状体,水聚丙烯酸脂亲,三焦点/无蓝光滤,乙类,660.00,
gz_nhsa_consumables_C08010215104003,C08010215104003,眼科材料,人工晶状体,多焦点白内障人工晶状体,人工晶状体,水聚丙烯酸脂疏,衍射/有蓝光滤过,乙类,660.00,
gz_nhsa_consumables_C08010215104004,C08010215104004,眼科材料,人工晶状体,多焦点白内障人工晶状体,人工晶状体,水聚丙烯酸脂疏,衍射/无蓝光滤过,乙类,660.00,
gz_nhsa_consumables_C08010215104007,C08010215104007,眼科材料,人工晶状体,多焦点白内障人工晶状体,人工晶状体,水聚丙烯酸脂疏,三焦点/有蓝光滤,乙类,660.00,
gz_nhsa_consumables_C08010315100001,C08010315100001,眼科材料,人工晶状体,连续视程人工晶状体,人工晶状体,不区分,带散光,乙类,660.00,
gz_nhsa_consumables_C08010315100002,C08010315100002,眼科材料,人工晶状体,连续视程人工晶状体,人工晶状体,不区分,不带散光,乙类,660.00,
gz_nhsa_consumables_C08010415103004,C08010415103004,眼科材料,人工晶状体,单焦点散光型白内障人工晶体,人工晶状体,聚丙烯酸脂亲水,非球面/无蓝光滤过,乙类,660.00,
gz_nhsa_consumables_C08010415104003,C08010415104003,眼科材料,人工晶状体,单焦点散光型白内障人工晶体,人工晶状体,聚丙烯酸脂疏水,非球面/有蓝光滤过,乙类,660.00,
gz_nhsa_consumables_C08010415104004,C08010415104004,眼科材料,人工晶状体,单焦点散光型白内障人工晶体,人工晶状体,聚丙烯酸脂疏水,非球面/无蓝光滤过,乙类,660.00,
gz_nhsa_consumables_C08010515103002,C08010515103002,眼科材料,人工晶状体,多焦点散光型白内障人工晶体,人工晶状体,聚丙烯酸脂亲水,折射/无蓝光滤过,乙类,660.00,
gz_nhsa_consumables_C08010515103004,C08010515103004,眼科材料,人工晶状体,多焦点散光型白内障人工晶体,人工晶状体,聚丙烯酸脂亲水,衍射/无蓝光滤过,乙类,660.00,
gz_nhsa_consumables_C08010515104003,C08010515104003,眼科材料,人工晶状体,多焦点散光型白内障人工晶体,人工晶状体,聚丙烯酸脂疏水,衍射/有蓝光滤过,乙类,660.00,
gz_nhsa_consumables_C08010515104004,C08010515104004,眼科材料,人工晶状体,多焦点散光型白内障人工晶体,人工晶状体,聚丙烯酸脂疏水,衍射/无蓝光滤过,乙类,660.00,
gz_nhsa_consumables_C08010615101001,C08010615101001,眼科材料,人工晶状体,前房型眼屈光性人工晶状体,人工晶状体,聚甲基丙烯酸甲酯（PMMA）,有晶体,乙类,660.00,不含眼内屈光矫正手术，限白内障术中或术后背驮式（Piggyback）人工晶体植入
gz_nhsa_consumables_C08010715103001,C08010715103001,眼科材料,人工晶状体,后房型眼屈光性人工晶状体,人工晶状体,聚丙烯酸脂亲水,有晶体带散光,乙类,660.00,不含眼内屈光矫正手术，限白内障术中或术后背驮式（Piggyback）人工晶体植入
gz_nhsa_consumables_C08010715103002,C08010715103002,眼科材料,人工晶状体,后房型眼屈光性人工晶状体,人工晶状体,聚丙烯酸脂亲水,有晶体不带散光,乙类,660.00,不含眼内屈光矫正手术，限白内障术中或术后背驮式（Piggyback）人工晶体植入
gz_nhsa_consumables_C08010815200000,C08010815200000,眼科材料,人工晶状体,囊袋张力环,张力环,不区,常规,乙类,1686.26,
gz_nhsa_consumables_C08020103500000,C08020103500000,眼科材料,青光眼引流植入物,青光眼引流装置,引流装置,分不区分,常规,乙类,4259.18,
gz_nhsa_consumables_C08020213500000,C08020213500000,眼科材料,青光眼引流植入物,眼科手术用透明质酸钠凝胶,填充材料,不区分,常规,乙类,4600.00,
gz_nhsa_consumables_C08030108101000,C08030108101000,眼科材料,眼表修复材,脱细胞基质,修复材料,羊膜,常规,乙类,2458.18,
gz_nhsa_consumables_C08050113500000,C08050113500000,眼科材料,眼内料填充物,眼用硅油,填充材料,不区,常规,乙类,808.99,
gz_nhsa_consumables_C08050313500000,C08050313500000,眼科材料,眼内填充物,眼用填充气体,填充材料,分不区分,常规,乙类,8979.61,
gz_nhsa_consumables_C08050413500000,C08050413500000,眼科材料,眼内填充物,硅胶眼科植入物,填充材料,不区分,常规,乙类,252.50,
gz_nhsa_consumables_C08070113500000,C08070113500000,眼科材料,术中材料,眼用重水,填充材料,不区,常规,乙类,1067.69,
gz_nhsa_consumables_C08070215400000,C08070215400000,眼科材料,术中材料,粘弹剂,粘弹剂,分不区,常规,乙类,170.00,
gz_nhsa_consumables_C08070310600000,C08070310600000,眼科材料,术中材料,眼科手术刀,手术刀,分不区,常规,乙类,133.11,
gz_nhsa_consumables_C08070400500001,C08070400500001,眼科材料,术中材料,玻璃体切割头,手术刀头,分不区分,单气路驱动,乙类,755.89,
gz_nhsa_consumables_C08070400500002,C08070400500002,眼科材料,术中材料,玻璃体切割头,手术刀头,不区分,双气路驱动,乙类,3319.24,
gz_nhsa_consumables_C08070400500003,C08070400500003,眼科材料,术中材料,玻璃体切割头,手术刀头,不区分,电动,乙类,679.00,
gz_nhsa_consumables_C08080201600002,C08080201600002,眼科材料,其他眼科用材料,光纤,光纤,不区分,眼内用,乙类,472.60,
gz_nhsa_consumables_C08080315700000,C08080315700000,眼科材料,其他眼科用材料,泪道栓塞物,栓塞物,不区分,常规,乙类,365.00,
gz_nhsa_consumables_C09010101000000,C09010101000000,体外循环材,插管,动脉灌注管,管路,不区,常规,乙类,100.00,
gz_nhsa_consumables_C09010203500000,C09010203500000,体外料循环材,插管,静脉引流管,引流装置,分不区,常规,乙类,76.64,
gz_nhsa_consumables_C09010303400000,C09010303400000,体外料循环材,插管,股静脉插管,插管,分不区,常规,乙类,4581.13,
gz_nhsa_consumables_C09010403400000,C09010403400000,体外料循环材,插管,股动脉插管,插管,分不区,常规,乙类,2658.08,
gz_nhsa_consumables_C09010503400000,C09010503400000,体外料循环材料,插管,颈内静脉插管,插管,分不区分,常规,乙类,120.00,
gz_nhsa_consumables_C09010603400000,C09010603400000,体外循环材料,插管,心肌停跳液插管,插管,不区分,常规,乙类,117.13,
gz_nhsa_consumables_C09010703400000,C09010703400000,体外循环材,插管,吸引管,插管,不区,常规,乙类,43.76,
gz_nhsa_consumables_C09020115900000,C09020115900000,体外料循环材料,动脉微栓过滤器,动脉微栓过滤器,过滤器,分不区分,常规,乙类,53.12,
gz_nhsa_consumables_C09030101000000,C09030101000000,体外循环材料,体外循环管路,体外循环管路,管路,不区分,常规,乙类,201.32,
gz_nhsa_consumables_C09030216000000,C09030216000000,体外循环材料,体外循环管路,体外循环套包,体外循环材料,不区分,常规,乙类,5785.30,
gz_nhsa_consumables_C09040116100000,C09040116100000,体外循环材料,心肌保护液灌注装置,心肌保护液灌注装置,灌注装置,不区分,常规,乙类,176.83,
gz_nhsa_consumables_C09050115900000,C09050115900000,体外循环材,血液滤过器,血液滤过器,过滤器,不区,常规,乙类,888.93,
gz_nhsa_consumables_C09060116200000,C09060116200000,体外料循环材,氧合器,氧合器,氧合器,分不区,常规,乙类,2425.10,
gz_nhsa_consumables_C11010117201001,C11010117201001,-吻合器及附件,开放及微创手术通用吻合器及钉仓,管型/端端吻合器,吻合器,-纯钛,高度可调节/标准柄/器身长度＜25cm,乙类,578.00,
gz_nhsa_consumables_C11010117201002,C11010117201002,吻合器及附件,开放及微创手术通用吻合器及钉仓,管型/端端吻合器,吻合器,纯钛,高度可调节/标准柄/器身长度≥25cm,乙类,599.00,
gz_nhsa_consumables_C11010117201003,C11010117201003,吻合器及附件,开放及微创手术通用吻合器及钉仓,管型/端端吻合器,吻合器,纯钛,高度可调节/加长柄/器身长度＜25cm,乙类,373.00,
gz_nhsa_consumables_C11010117201004,C11010117201004,吻合器及附件,开放及微创手术通用吻合器及钉仓,管型/端端吻合器,吻合器,纯钛,高度可调节/加长柄/器身长度≥25cm,乙类,604.00,
gz_nhsa_consumables_C11010117201005,C11010117201005,吻合器及附件,开放及微创手术通用吻合器及钉仓,管型/端端吻合器,吻合器,纯钛,高度固定/标准柄/器身长度＜25cm,乙类,373.00,
gz_nhsa_consumables_C11010117201006,C11010117201006,吻合器及附件,开放及微创手术通用吻合器及钉仓,管型/端端吻合器,吻合器,纯钛,高度固定/标准柄/器身长度≥25cm,乙类,539.00,
gz_nhsa_consumables_C11010117201007,C11010117201007,吻合器及附件,开放及微创手术通用吻合器及钉仓,管型/端端吻合器,吻合器,纯钛,高度固定/加长柄/器身长度＜25cm,乙类,373.00,
gz_nhsa_consumables_C11010117201008,C11010117201008,吻合器及附件,开放及微创手术通用吻合器及钉仓,管型/端端吻合器,吻合器,纯钛,高度固定/加长柄/器身长度≥25cm,乙类,373.00,
gz_nhsa_consumables_C11010117202001,C11010117202001,吻合器及附件,开放及微创手术通用吻合器及钉仓,管型/端端吻合器,吻合器,钛合金,高度可调节/标准柄/器身长度＜25cm,乙类,604.00,
gz_nhsa_consumables_C11010117202002,C11010117202002,吻合器及附件,开放及微创手术通用吻合器及钉仓,管型/端端吻合器,吻合器,钛合金,高度可调节/标准柄/器身长度≥25cm,乙类,265.00,
gz_nhsa_consumables_C11010117202003,C11010117202003,吻合器及附件,开放及微创手术通用吻合器及钉仓,管型/端端吻合器,吻合器,钛合金,高度可调节/加长柄/器身长度＜25cm,乙类,293.00,
gz_nhsa_consumables_C11010117202004,C11010117202004,吻合器及附件,开放及微创手术通用吻合器及钉仓,管型/端端吻合器,吻合器,钛合金,高度可调节/加长柄/器身长度≥25cm,乙类,604.00,
gz_nhsa_consumables_C11010117202006,C11010117202006,吻合器及附件,开放及微创手术通用吻合器及钉仓,管型/端端吻合器,吻合器,钛合金,高度固定/标准柄/器身长度≥25cm,乙类,203.00,
gz_nhsa_consumables_C11010117202008,C11010117202008,吻合器及附件,开放及微创手术通用吻合器及钉仓,管型/端端吻合器,吻合器,钛合金,高度固定/加长柄/器身长度≥25cm,乙类,299.50,
gz_nhsa_consumables_C11010217200001,C11010217200001,吻合器及附件,开放及微创手术通用吻合器及钉仓,腔镜切割吻/缝合器,吻合器,不区分,通配型/短柄,乙类,2250.00,
gz_nhsa_consumables_C11010217200002,C11010217200002,吻合器及附件,开放及微创手术通用吻合器及钉仓,腔镜切割吻/缝合器,吻合器,不区分,通配型/标准柄,乙类,2250.00,
gz_nhsa_consumables_C11010217200003,C11010217200003,吻合器及附件,开放及微创手术通用吻合器及钉仓,腔镜切割吻/缝合器,吻合器,不区分,通配型/加长柄,乙类,2250.00,
gz_nhsa_consumables_C11010217200004,C11010217200004,吻合器及附件,开放及微创手术通用吻合器及钉仓,腔镜切割吻/缝合器,吻合器,不区分,固配型/短柄,乙类,1950.00,
gz_nhsa_consumables_C11010217200005,C11010217200005,吻合器及附件,开放及微创手术通用吻合器及钉仓,腔镜切割吻/缝合器,吻合器,不区分,固配型/标准柄,乙类,2168.00,
gz_nhsa_consumables_C11010217200006,C11010217200006,吻合器及附件,开放及微创手术通用吻合器及钉仓,腔镜切割吻/缝合器,吻合器,不区分,固配型/加长柄,乙类,2069.00,
gz_nhsa_consumables_C11010317301001,C11010317301001,吻合器及附件,开放及微创手术通用吻合器及钉仓,腔镜切割吻/缝合器钉仓（钉匣）,吻合器适配钉仓,纯钛,吻合长度≤35mm,乙类,1695.00,
gz_nhsa_consumables_C11010317301002,C11010317301002,吻合器及附件,开放及微创手术通用吻合器及钉仓,腔镜切割吻/缝合器钉仓（钉匣）,吻合器适配钉仓,纯钛,吻合长度36-45mm,乙类,1695.00,
gz_nhsa_consumables_C11010317301003,C11010317301003,吻合器及附件,开放及微创手术通用吻合器及钉仓,腔镜切割吻/缝合器钉仓（钉匣）,吻合器适配钉仓,纯钛,吻合长度46-60mm,乙类,1695.00,
gz_nhsa_consumables_C11010317301004,C11010317301004,吻合器及附件,开放及微创手术通用吻合器及钉仓,腔镜切割吻/缝合器钉仓（钉匣）,吻合器适配钉仓,纯钛,吻合长度≥61mm,乙类,1630.00,
gz_nhsa_consumables_C11010317302001,C11010317302001,吻合器及附件,开放及微创手术通用吻合器及钉仓,腔镜切割吻/缝合器钉仓（钉匣）,吻合器适配钉仓,钛合金,吻合长度≤35mm,乙类,1693.50,
gz_nhsa_consumables_C11010317302002,C11010317302002,吻合器及附件,开放及微创手术通用吻合器及钉仓,腔镜切割吻/缝合器钉仓（钉匣）,吻合器适配钉仓,钛合金,吻合长度36-45mm,乙类,1693.50,
gz_nhsa_consumables_C11010317302003,C11010317302003,吻合器及附件,开放及微创手术通用吻合器及钉仓,腔镜切割吻/缝合器钉仓（钉匣）,吻合器适配钉仓,钛合金,吻合长度46-60mm,乙类,1693.50,
gz_nhsa_consumables_C11010317302004,C11010317302004,吻合器及附件,开放及微创手术通用吻合器及钉仓,腔镜切割吻/缝合器钉仓（钉匣）,吻合器适配钉仓,钛合金,吻合长度≥61mm,乙类,1600.00,
gz_nhsa_consumables_C11010417200001,C11010417200001,吻合器及附件,开放及微创手术通用吻合器及钉仓,电动腔镜切割吻/缝合器,吻合器,不区分,短柄/吻合长度≤35mm,乙类,4650.00,
gz_nhsa_consumables_C11010417200002,C11010417200002,吻合器及附件,开放及微创手术通用吻合器及钉仓,电动腔镜切割吻/缝合器,吻合器,不区分,短柄/吻合长度36-45mm,乙类,4875.00,
gz_nhsa_consumables_C11010417200003,C11010417200003,吻合器及附件,开放及微创手术通用吻合器及钉仓,电动腔镜切割吻/缝合器,吻合器,不区分,短柄/吻合长度46-60mm,乙类,4875.00,
gz_nhsa_consumables_C11010417200004,C11010417200004,吻合器及附件,开放及微创手术通用吻合器及钉仓,电动腔镜切割吻/缝合器,吻合器,不区分,短柄/吻合长度≥61mm,乙类,4650.00,
gz_nhsa_consumables_C11010417200005,C11010417200005,吻合器及附件,开放及微创手术通用吻合器及钉仓,电动腔镜切割吻/缝合器,吻合器,不区分,标准柄/吻合长度≤35mm,乙类,4650.00,
gz_nhsa_consumables_C11010417200006,C11010417200006,吻合器及附件,开放及微创手术通用吻合器及钉仓,电动腔镜切割吻/缝合器,吻合器,不区分,标准柄/吻合长度36-45mm,乙类,4650.00,
gz_nhsa_consumables_C11010417200007,C11010417200007,吻合器及附件,开放及微创手术通用吻合器及钉仓,电动腔镜切割吻/缝合器,吻合器,不区分,标准柄/吻合长度46-60mm,乙类,4870.00,
gz_nhsa_consumables_C11010417200008,C11010417200008,吻合器及附件,开放及微创手术通用吻合器及钉仓,电动腔镜切割吻/缝合器,吻合器,不区分,标准柄/吻合长度≥61mm,乙类,4650.00,
gz_nhsa_consumables_C11010417200009,C11010417200009,吻合器及附件,开放及微创手术通用吻合器及钉仓,电动腔镜切割吻/缝合器,吻合器,不区分,加长柄/吻合长度≤35mm,乙类,4650.00,
gz_nhsa_consumables_C11010417200010,C11010417200010,吻合器及附件,开放及微创手术通用吻合器及钉仓,电动腔镜切割吻/缝合器,吻合器,不区分,加长柄/吻合长度36-45mm,乙类,4875.00,
gz_nhsa_consumables_C11010417200011,C11010417200011,吻合器及附件,开放及微创手术通用吻合器及钉仓,电动腔镜切割吻/缝合器,吻合器,不区分,加长柄/吻合长度46-60mm,乙类,4875.00,
gz_nhsa_consumables_C11010417200012,C11010417200012,吻合器及附件,开放及微创手术通用吻合器及钉仓,电动腔镜切割吻/缝合器,吻合器,不区分,加长柄/吻合长度≥61mm,乙类,4650.00,
gz_nhsa_consumables_C11010517301001,C11010517301001,吻合器及附件,开放及微创手术通用吻合器及钉仓,电动腔镜切割吻/缝合器钉仓（钉匣）,吻合器适配钉仓,纯钛,吻合长度≤35mm,乙类,3120.00,
gz_nhsa_consumables_C11010517301002,C11010517301002,吻合器及附件,开放及微创手术通用吻合器及钉仓,电动腔镜切割吻/缝合器钉仓（钉匣）,吻合器适配钉仓,纯钛,吻合长度36-45mm,乙类,3120.00,
gz_nhsa_consumables_C11010517301003,C11010517301003,吻合器及附件,开放及微创手术通用吻合器及钉仓,电动腔镜切割吻/缝合器钉仓（钉匣）,吻合器适配钉仓,纯钛,吻合长度46-60mm,乙类,3120.00,
gz_nhsa_consumables_C11010517301004,C11010517301004,吻合器及附件,开放及微创手术通用吻合器及钉仓,电动腔镜切割吻/缝合器钉仓（钉匣）,吻合器适配钉仓,纯钛,吻合长度≥61mm,乙类,2480.00,
gz_nhsa_consumables_C11010517302001,C11010517302001,吻合器及附件,开放及微创手术通用吻合器及钉仓,电动腔镜切割吻/缝合器钉仓（钉匣）,吻合器适配钉仓,钛合金,吻合长度≤35mm,乙类,2310.00,
gz_nhsa_consumables_C11010517302002,C11010517302002,吻合器及附件,开放及微创手术通用吻合器及钉仓,电动腔镜切割吻/缝合器钉仓（钉匣）,吻合器适配钉仓,钛合金,吻合长度36-45mm,乙类,3105.00,
gz_nhsa_consumables_C11010517302003,C11010517302003,吻合器及附件,开放及微创手术通用吻合器及钉仓,电动腔镜切割吻/缝合器钉仓（钉匣）,吻合器适配钉仓,钛合金,吻合长度46-60mm,乙类,3105.00,
gz_nhsa_consumables_C11010717500001,C11010717500001,吻合器及附件,开放及微创手术通用吻合器及钉仓,腔镜施夹器（钳）,施夹器,不区分,适配钛夹,乙类,135.18,
gz_nhsa_consumables_C11010717500002,C11010717500002,吻合器及附件,开放及微创手术通用吻合器及钉仓,腔镜施夹器（钳）,施夹器,不区分,适配聚合物夹,乙类,302.50,
gz_nhsa_consumables_C11010817600001,C11010817600001,吻合器及附件,开放及微创手术通用吻合器及钉仓,单发结扎夹,结扎夹,不区分,可吸收,乙类,263.64,
gz_nhsa_consumables_C11010817600002,C11010817600002,吻合器及附件,开放及微创手术通用吻合器及钉仓,单发结扎夹,结扎夹,不区分,不可吸收,乙类,110.67,
gz_nhsa_consumables_C11010917600000,C11010917600000,吻合器及附件,开放及微创手术通用吻合器及钉仓,腔镜连发钛夹,结扎夹,不区分,常规,乙类,2089.49,
gz_nhsa_consumables_C11011001100000,C11011001100000,吻合器及附件,开放及微创手术通用吻合器及钉仓,圈套器,圈套器,不区分,常规,乙类,202.81,
gz_nhsa_consumables_C11011217202001,C11011217202001,吻合器及附件,开放及微创手术通用吻合器及钉仓,电动管型/端端吻合器,吻合器,钛合金,高度可调节/器身长度＜,乙类,319.00,
gz_nhsa_consumables_C11011217202002,C11011217202002,吻合器及附件,开放及微创手术通用吻合器及钉仓,电动管型/端端吻合器,吻合器,钛合金,-5高cm度可调节/器身长度≥25cm,乙类,4125.00,
gz_nhsa_consumables_C11020117200001,C11020117200001,吻合器及附件,开放手术用吻合器及钉仓,直线型切割吻/缝合器,吻合器,不区分,高度可调节/吻合长度≤45mm,乙类,2999.00,
gz_nhsa_consumables_C11020117200002,C11020117200002,吻合器及附件,开放手术用吻合器及钉仓,直线型切割吻/缝合器,吻合器,不区分,高度可调节/吻合长度46-,乙类,1653.48,
gz_nhsa_consumables_C11020117200003,C11020117200003,吻合器及附件,开放手术用吻合器及钉仓,直线型切割吻/缝合器,吻合器,不区分,-0高m度m可调节/吻合长度61-,乙类,2393.53,
gz_nhsa_consumables_C11020117200004,C11020117200004,吻合器及附件,开放手术用吻合器及钉仓,直线型切割吻/缝合器,吻合器,不区分,高度可调节/吻合长度≥,乙类,2357.90,
gz_nhsa_consumables_C11020117200005,C11020117200005,吻合器及附件,开放手术用吻合器及钉仓,直线型切割吻/缝合器,吻合器,不区分,0-高0m度m固定/吻合长度≤45mm,乙类,300.00,
gz_nhsa_consumables_C11020117200006,C11020117200006,吻合器及附件,开放手术用吻合器及钉仓,直线型切割吻/缝合器,吻合器,不区分,高度固定/吻合长度46-60mm,乙类,1354.35,
gz_nhsa_consumables_C11020117200007,C11020117200007,吻合器及附件,开放手术用吻合器及钉仓,直线型切割吻/缝合器,吻合器,不区分,高度固定/吻合长度61-99mm,乙类,2398.89,
gz_nhsa_consumables_C11020117200008,C11020117200008,吻合器及附件,开放手术用吻合器及钉仓,直线型切割吻/缝合器,吻合器,不区分,高度固定/吻合长度≥100mm,乙类,1824.84,
gz_nhsa_consumables_C11020217301002,C11020217301002,吻合器及附件,开放手术用吻合器及钉仓,直线型切割吻/缝合器钉仓（钉匣）,吻合器适配钉仓,纯钛,高度可调节/吻合长度46-,乙类,2384.46,
gz_nhsa_consumables_C11020217301003,C11020217301003,吻合器及附件,开放手术用吻合器及钉仓,直线型切割吻/缝合器钉仓（钉匣）,吻合器适配钉仓,纯钛,-0高m度m可调节/吻合长度61-,乙类,1929.04,
gz_nhsa_consumables_C11020217301005,C11020217301005,吻合器及附件,开放手术用吻合器及钉仓,直线型切割吻/缝合器钉仓（钉匣）,吻合器适配钉仓,纯钛,-9高m度m固定/吻合长度≤45mm,乙类,3063.55,
gz_nhsa_consumables_C11020217301006,C11020217301006,吻合器及附件,开放手术用吻合器及钉仓,直线型切割吻/缝合器钉仓（钉匣）,吻合器适配钉仓,纯钛,高度固定/吻合长度46-60mm,乙类,2750.62,
gz_nhsa_consumables_C11020217301007,C11020217301007,吻合器及附件,开放手术用吻合器及钉仓,直线型切割吻/缝合器钉仓（钉匣）,吻合器适配钉仓,纯钛,高度固定/吻合长度61-99mm,乙类,1722.79,
gz_nhsa_consumables_C11020217301008,C11020217301008,吻合器及附件,开放手术用吻合器及钉仓,直线型切割吻/缝合器钉仓（钉匣）,吻合器适配钉仓,纯钛,高度固定/吻合长度≥100mm,乙类,2698.50,
gz_nhsa_consumables_C11020217302003,C11020217302003,吻合器及附件,开放手术用吻合器及钉仓,直线型切割吻/缝合器钉仓（钉匣）,吻合器适配钉仓,钛合金,高度可调节/吻合长度61-,乙类,2121.86,
gz_nhsa_consumables_C11020217302006,C11020217302006,吻合器及附件,开放手术用吻合器及钉仓,直线型切割吻/缝合器钉仓（钉匣）,吻合器适配钉仓,钛合金,高度固定/吻合长度46-60mm,乙类,2384.46,
gz_nhsa_consumables_C11020217302007,C11020217302007,吻合器及附件,开放手术用吻合器及钉仓,直线型切割吻/缝合器钉仓（钉匣）,吻合器适配钉仓,钛合金,高度固定/吻合长度61-99mm,乙类,1862.02,
gz_nhsa_consumables_C11020217302008,C11020217302008,吻合器及附件,开放手术用吻合器及钉仓,直线型切割吻/缝合器钉仓（钉匣）,吻合器适配钉仓,钛合金,高度固定/吻合长度≥100mm,乙类,2384.46,
gz_nhsa_consumables_C11020317200000,C11020317200000,吻合器及附件,开放手术用吻合器及钉仓,弧线型切割吻合器,吻合器,不区分,常规,乙类,2720.60,
gz_nhsa_consumables_C11020417301000,C11020417301000,吻合器及附件,开放手术用吻合器及钉仓,弧线型切割吻合器钉仓（钉匣）,吻合器适配钉仓,纯钛,常规,乙类,3357.00,
gz_nhsa_consumables_C11020517200001,C11020517200001,吻合器及附件,开放手术用吻合器及钉仓,吻/缝/闭合器,吻合器,不区分,高度可调节/吻合长度≤40mm,乙类,1370.53,
gz_nhsa_consumables_C11020517200002,C11020517200002,吻合器及附件,开放手术用吻合器及钉仓,吻/缝/闭合器,吻合器,不区分,高度可调节/吻合长度41-,乙类,2678.21,
gz_nhsa_consumables_C11020517200004,C11020517200004,吻合器及附件,开放手术用吻合器及钉仓,吻/缝/闭合器,吻合器,不区分,-0高m度m固定/吻合长度≤40mm,乙类,3094.98,
gz_nhsa_consumables_C11020517200005,C11020517200005,吻合器及附件,开放手术用吻合器及钉仓,吻/缝/闭合器,吻合器,不区分,高度固定/吻合长度41-60mm,乙类,430.00,
gz_nhsa_consumables_C11020517200006,C11020517200006,吻合器及附件,开放手术用吻合器及钉仓,吻/缝/闭合器,吻合器,不区分,高度固定/吻合长度≥61mm,乙类,319.00,
gz_nhsa_consumables_C11020617301001,C11020617301001,吻合器及附件,开放手术用吻合器及钉仓,吻/缝/闭合器钉仓（钉匣）,吻合器适配钉仓,纯钛,吻合长度≤40mm,乙类,2441.58,
gz_nhsa_consumables_C11020617301002,C11020617301002,吻合器及附件,开放手术用吻合器及钉仓,吻/缝/闭合器钉仓（钉匣）,吻合器适配钉仓,纯钛,吻合长度41-60mm,乙类,2441.58,
gz_nhsa_consumables_C11020617301003,C11020617301003,吻合器及附件,开放手术用吻合器及钉仓,吻/缝/闭合器钉仓（钉匣）,吻合器适配钉仓,纯钛,吻合长度≥61mm,乙类,950.00,
gz_nhsa_consumables_C11020717201001,C11020717201001,吻合器及附件,开放手术用吻合器及钉仓,痔吻合器,吻合器,纯钛,高度可调节,乙类,364.50,
gz_nhsa_consumables_C11020717201002,C11020717201002,吻合器及附件,开放手术用吻合器及钉仓,痔吻合器,吻合器,纯钛,高度固定,乙类,364.50,
gz_nhsa_consumables_C11020717202001,C11020717202001,吻合器及附件,开放手术用吻合器及钉仓,痔吻合器,吻合器,钛合金,高度可调节,乙类,364.00,
gz_nhsa_consumables_C11020717202002,C11020717202002,吻合器及附件,开放手术用吻合器及钉仓,痔吻合器,吻合器,钛合金,高度固定,乙类,183.00,
gz_nhsa_consumables_C11020817700000,C11020817700000,吻合器及附件,开放手术用吻合器及钉仓,荷包钳/器及线,吻合器附件,不区分,常规,乙类,76.87,
gz_nhsa_consumables_C11021017600000,C11021017600000,吻合器及附件,开放手术用吻合器及钉仓,开放连发钛夹,结扎夹,不区分,常规,乙类,126.71,
gz_nhsa_consumables_C11030117200003,C11030117200003,吻合器及附件,其他吻合器及附件,其他吻合器及附件,吻合器,不区分,腹壁吻合器,乙类,648.87,
gz_nhsa_consumables_C11030117700001,C11030117700001,吻合器及附件,其他吻合器及附件,其他吻合器及附件,吻合器附件,不区分,拆钉器,乙类,1850.72,
gz_nhsa_consumables_C11030124800002,C11030124800002,吻合器及附件,其他吻合器及附件,其他吻合器及附件,筋膜闭合器,不区分,筋膜闭合器,乙类,2.60,
gz_nhsa_consumables_C12010111802001,C12010111802001,修补材料,骨盆底修补材料,骨盆底修复网片,修补材料,合成材料,不可吸收/平形,乙类,5849.80,
gz_nhsa_consumables_C12010111802002,C12010111802002,修补材料,骨盆底修补材料,骨盆底修复网片,修补材料,合成材料,不可吸收/预裁剪,乙类,9541.73,
gz_nhsa_consumables_C12010211802001,C12010211802001,修补材料,骨盆底修补材料,骶骨悬吊补片,修补材料,合成材料,不形可吸收/平形,乙类,3905.16,
gz_nhsa_consumables_C12010211802004,C12010211802004,修补材料,骨盆底修补材料,骶骨悬吊补片,修补材料,合成材料,部分可吸收/Y形,乙类,4077.39,
gz_nhsa_consumables_C12020111801002,C12020111801002,修补材料,皮肤修补材料,皮肤修复膜,修补材料,生物材料,可吸收,乙类,4841.82,限治疗类手术使用
gz_nhsa_consumables_C12030111802009,C12030111802009,修补材料,胸（腹）壁缺损修补材料,胸（腹）壁缺损修补片,修补材料,合成材料,完全可吸收/非防粘连/不带自动展开装,乙类,2129.29,
gz_nhsa_consumables_C12040111801001,C12040111801001,修补材料,软组织修补材料,软组织修补片,修补材料,生物材料,-交联,乙类,2335.41,
gz_nhsa_consumables_C12040111801002,C12040111801002,修补材料,软组织修补材料,软组织修补片,修补材料,生物材料,非交联,乙类,4432.62,
gz_nhsa_consumables_C12040111802001,C12040111802001,修补材料,软组织修补材料,软组织修补片,修补材料,合成材料,交联,乙类,4490.56,
gz_nhsa_consumables_C12040111802002,C12040111802002,修补材料,软组织修补材料,软组织修补片,修补材料,合成材料,非交联,乙类,1757.51,
gz_nhsa_consumables_C12050111801013,C12050111801013,修补材料,疝修补材料,腹股沟疝补片,修补材料,生物材料,完全可吸收/平片/预裁剪,乙类,2750.00,
gz_nhsa_consumables_C12050111801014,C12050111801014,修补材料,疝修补材料,腹股沟疝补片,修补材料,生物材料,完全可吸收/平片/非预裁剪,乙类,5800.00,
gz_nhsa_consumables_C12050111802001,C12050111802001,修补材料,疝修补材料,腹股沟疝补片,修补材料,合成材料,不可吸收/平片/预裁剪,乙类,140.00,
gz_nhsa_consumables_C12050111802002,C12050111802002,修补材料,疝修补材料,腹股沟疝补片,修补材料,合成材料,不可吸收/平片/非预裁剪,乙类,150.00,
gz_nhsa_consumables_C12050111802003,C12050111802003,修补材料,疝修补材料,腹股沟疝补片,修补材料,合成材料,不可吸收/网塞/预裁剪,乙类,1374.61,
gz_nhsa_consumables_C12050111802004,C12050111802004,修补材料,疝修补材料,腹股沟疝补片,修补材料,合成材料,不可吸收/网塞/非预裁剪,乙类,1350.00,
gz_nhsa_consumables_C12050111802005,C12050111802005,修补材料,疝修补材料,腹股沟疝补片,修补材料,合成材料,不可吸收/立体片/预裁剪,乙类,2731.00,
gz_nhsa_consumables_C12050111802006,C12050111802006,修补材料,疝修补材料,腹股沟疝补片,修补材料,合成材料,不可吸收/立体片/非预裁剪,乙类,1623.34,
gz_nhsa_consumables_C12050111802007,C12050111802007,修补材料,疝修补材料,腹股沟疝补片,修补材料,合成材料,部分可吸收/平片/预裁剪,乙类,1380.00,
gz_nhsa_consumables_C12050111802008,C12050111802008,修补材料,疝修补材料,腹股沟疝补片,修补材料,合成材料,部分可吸收/平片/非预裁剪,乙类,1120.00,
gz_nhsa_consumables_C12050111802009,C12050111802009,修补材料,疝修补材料,腹股沟疝补片,修补材料,合成材料,部分可吸收/网塞/预裁剪,乙类,1350.00,
gz_nhsa_consumables_C12050111802010,C12050111802010,修补材料,疝修补材料,腹股沟疝补片,修补材料,合成材料,部分可吸收/网塞/非预裁剪,乙类,3758.88,
gz_nhsa_consumables_C12050111802011,C12050111802011,修补材料,疝修补材料,腹股沟疝补片,修补材料,合成材料,部分可吸收/立体片/预裁剪,乙类,3481.82,
gz_nhsa_consumables_C12050111802012,C12050111802012,修补材料,疝修补材料,腹股沟疝补片,修补材料,合成材料,部分可吸收/立体片/非预裁,乙类,655.99,
gz_nhsa_consumables_C12050211801010,C12050211801010,修补材料,疝修补材料,腹壁疝补片,修补材料,生物材料,完剪全可吸收/非防粘连/非预,乙类,125.88,
gz_nhsa_consumables_C12050211801012,C12050211801012,修补材料,疝修补材料,腹壁疝补片,修补材料,生物材料,-完剪全可吸收/防粘连/非预裁,乙类,1350.00,
gz_nhsa_consumables_C12050211802001,C12050211802001,修补材料,疝修补材料,腹壁疝补片,修补材料,合成材料,不剪可吸收/非防粘连/预裁剪,乙类,6000.00,
gz_nhsa_consumables_C12050211802002,C12050211802002,修补材料,疝修补材料,腹壁疝补片,修补材料,合成材料,不可吸收/非防粘连/非预裁,乙类,3659.19,
gz_nhsa_consumables_C12050211802003,C12050211802003,修补材料,疝修补材料,腹壁疝补片,修补材料,合成材料,不剪可吸收/防粘连/预裁剪,乙类,7000.00,
gz_nhsa_consumables_C12050211802004,C12050211802004,修补材料,疝修补材料,腹壁疝补片,修补材料,合成材料,不可吸收/防粘连/非预裁剪,乙类,5246.92,
gz_nhsa_consumables_C12050211802005,C12050211802005,修补材料,疝修补材料,腹壁疝补片,修补材料,合成材料,部分可吸收/非防粘连/预裁,乙类,3659.19,
gz_nhsa_consumables_C12050211802006,C12050211802006,修补材料,疝修补材料,腹壁疝补片,修补材料,合成材料,部剪分可吸收/非防粘连/非预,乙类,4441.25,
gz_nhsa_consumables_C12050211802007,C12050211802007,修补材料,疝修补材料,腹壁疝补片,修补材料,合成材料,-部剪分可吸收/防粘连/预裁剪,乙类,10865.70,
gz_nhsa_consumables_C12050211802008,C12050211802008,修补材料,疝修补材料,腹壁疝补片,修补材料,合成材料,部分可吸收/防粘连/非预裁,乙类,15476.00,
gz_nhsa_consumables_C12050311802003,C12050311802003,修补材料,疝修补材料,食道裂孔疝专用补片,修补材料,合成材料,不可吸收/防粘连/预裁剪,乙类,18220.00,
gz_nhsa_consumables_C12050311802007,C12050311802007,修补材料,疝修补材料,食道裂孔疝专用补片,修补材料,合成材料,部分可吸收/防粘连/预裁剪,乙类,1350.00,
gz_nhsa_consumables_C12050411802001,C12050411802001,修补材料,疝修补材料,其他疝修补材料,修补材料,合成材料,脐疝专用补片,乙类,1260.00,
gz_nhsa_consumables_C12050411802002,C12050411802002,修补材料,疝修补材料,其他疝修补材料,修补材料,合成材料,造口旁疝专用补片,乙类,1400.00,
gz_nhsa_consumables_C12050512700002,C12050512700002,修补材料,疝修补材料,修补固定器（装置）,固定器,不区分,不可吸收/直杆/螺旋钉,乙类,9500.00,
gz_nhsa_consumables_C12050512700006,C12050512700006,修补材料,疝修补材料,修补固定器（装置）,固定器,不区分,可吸收/直杆/螺旋,乙类,2846.89,
gz_nhsa_consumables_C12060111800000,C12060111800000,修补材料,心血管修补材料,心脏补片,修补材料,不区分,-常规,乙类,1604.30,
gz_nhsa_consumables_C12060211800000,C12060211800000,修补材料,心血管修补材料,血管补片,修补材料,不区分,常规,乙类,4031.46,
gz_nhsa_consumables_C12070111800000,C12070111800000,修补材料,其他修补材料,其他修补材料,修补材料,不区分,常规,乙类,1702.98,
gz_nhsa_consumables_C14020118200000,C14020118200000,基础卫生材,常规医疗用,药品吸入器,吸入器,不区,常规,乙类,15.12,
gz_nhsa_consumables_C14020225600003,C14020225600003,基础料卫生材料,常规品医疗用品,其他常规医疗用品,肛门镜,分不区分,肛门镜,乙类,9.07,
gz_nhsa_consumables_C14020225900006,C14020225900006,基础卫生材料,常规医疗用品,其他常规医疗用品,胶片,不区分,胶片,乙类,12.50,
gz_nhsa_consumables_C14020226500012,C14020226500012,基础卫生材料,常规医疗用品,其他常规医疗用品,清创护理材,不区分,清创护理材,乙类,20.53,
gz_nhsa_consumables_C14020226600013,C14020226600013,基础卫生材料,常规医疗用品,其他常规医疗用品,吸氧管,不区分,吸氧管,乙类,5.00,
gz_nhsa_consumables_C14020226700014,C14020226700014,基础卫生材料,常规医疗用品,其他常规医疗用品,吸氧面罩,不区分,吸氧面罩,乙类,13.14,
gz_nhsa_consumables_C14020226900017,C14020226900017,基础卫生材料,常规医疗用品,其他常规医疗用品,阴道扩张,不区分,阴道扩张,乙类,1.04,
gz_nhsa_consumables_C14020227100019,C14020227100019,基础卫生材料,常规医疗用品,其他常规医疗用品,导管固定,不区分,导管固定,乙类,0.61,
gz_nhsa_consumables_C14020227200020,C14020227200020,基础卫生材料,常规医疗用品,其他常规医疗用品,输液贴,不区分,输液贴,乙类,0.80,
gz_nhsa_consumables_C14040100500000,C14040100500000,基础卫生材,等离子刀头,等离子刀头,手术刀头,不区,常规,乙类,2148.57,
gz_nhsa_consumables_C14050100500000,C14050100500000,基础卫生材料,射频刀头,射频切割凝闭刀头,手术刀头,不区分,常规,乙类,1113.95,
gz_nhsa_consumables_C14070318300000,C14070318300000,基础卫生材料,光电及辅助材料,传感器及辅助材料,贴片,不区分,常规,乙类,308.29,
gz_nhsa_consumables_C14080118400001,C14080118400001,基础卫生材料,缝合及凝固材料,不可吸收性特殊理化缝线,不可吸收性缝线,不区分,免打结/单股/带针/7/0#及以,乙类,7.42,
gz_nhsa_consumables_C14080118400002,C14080118400002,基础卫生材料,缝合及凝固材料,不可吸收性特殊理化缝线,不可吸收性缝线,不区分,免下打结/单股/带针/4/0#-6/0#,乙类,23.63,
gz_nhsa_consumables_C14080118400003,C14080118400003,基础卫生材料,缝合及凝固材料,不可吸收性特殊理化缝线,不可吸收性缝线,不区分,免打结/单股/带针/3/0#及以,乙类,58.86,
gz_nhsa_consumables_C14080118400025,C14080118400025,基础卫生材料,缝合及凝固材料,不可吸收性特殊理化缝线,不可吸收性缝线,不区分,防上渗漏/单股/带针/7/0#及以,乙类,286.96,
gz_nhsa_consumables_C14080118400026,C14080118400026,基础卫生材料,缝合及凝固材料,不可吸收性特殊理化缝线,不可吸收性缝线,不区分,防下渗漏/单股/带针/4/0#-6/0#,乙类,207.16,
gz_nhsa_consumables_C14080118400027,C14080118400027,基础卫生材料,缝合及凝固材料,不可吸收性特殊理化缝线,不可吸收性缝线,不区分,防渗漏/单股/带针/3/0#及以,乙类,278.33,
gz_nhsa_consumables_C14080118400036,C14080118400036,基础卫生材料,缝合及凝固材料,不可吸收性特殊理化缝线,不可吸收性缝线,不区分,防上渗漏/编织/不带针/3/0#及,乙类,300.00,
gz_nhsa_consumables_C14080218400001,C14080218400001,基础卫生材料,缝合及凝固材料,不可吸收性非特殊理化缝线,不可吸收性缝线,不区分,-单上股/带针/7/0#及以下,乙类,98.61,
gz_nhsa_consumables_C14080218400002,C14080218400002,基础卫生材料,缝合及凝固材料,不可吸收性非特殊理化缝线,不可吸收性缝线,不区分,单股/带针/4/0#-6/0#,乙类,292.00,
gz_nhsa_consumables_C14080218400003,C14080218400003,基础卫生材料,缝合及凝固材料,不可吸收性非特殊理化缝线,不可吸收性缝线,不区分,单股/带针/3/0#及以上,乙类,292.00,
gz_nhsa_consumables_C14080218400005,C14080218400005,基础卫生材料,缝合及凝固材料,不可吸收性非特殊理化缝线,不可吸收性缝线,不区分,单股/不带针/4/0#-6/0#,乙类,292.00,
gz_nhsa_consumables_C14080218400006,C14080218400006,基础卫生材料,缝合及凝固材料,不可吸收性非特殊理化缝线,不可吸收性缝线,不区分,单股/不带针/3/0#及以,乙类,292.00,
gz_nhsa_consumables_C14080218400007,C14080218400007,基础卫生材料,缝合及凝固材料,不可吸收性非特殊理化缝线,不可吸收性缝线,不区分,上编织/带针/7/0#及以下,乙类,920.00,
gz_nhsa_consumables_C14080218400008,C14080218400008,基础卫生材料,缝合及凝固材料,不可吸收性非特殊理化缝线,不可吸收性缝线,不区分,编织/带针/4/0#-6/0#,乙类,301.00,
gz_nhsa_consumables_C14080218400009,C14080218400009,基础卫生材料,缝合及凝固材料,不可吸收性非特殊理化缝线,不可吸收性缝线,不区分,编织/带针/3/0#及以上,乙类,1050.00,
gz_nhsa_consumables_C14080218400010,C14080218400010,基础卫生材料,缝合及凝固材料,不可吸收性非特殊理化缝线,不可吸收性缝线,不区分,编织/不带针/7/0#及以,乙类,300.00,
gz_nhsa_consumables_C14080218400011,C14080218400011,基础卫生材料,缝合及凝固材料,不可吸收性非特殊理化缝线,不可吸收性缝线,不区分,下编织/不带针/4/0#-6/0#,乙类,304.00,
gz_nhsa_consumables_C14080218400012,C14080218400012,基础卫生材料,缝合及凝固材料,不可吸收性非特殊理化缝线,不可吸收性缝线,不区分,编织/不带针/3/0#及以,乙类,304.00,
gz_nhsa_consumables_C14080318500002,C14080318500002,基础卫生材料,缝合及凝固材料,可吸收性特殊理化缝线,可吸收缝线,不区分,含上抗菌剂/单股/带针/4/0#-,乙类,227.04,
gz_nhsa_consumables_C14080318500003,C14080318500003,基础卫生材料,缝合及凝固材料,可吸收性特殊理化缝线,可吸收缝线,不区分,-含/0抗# 菌剂/单股/带针/3/0#及以上,乙类,291.56,
gz_nhsa_consumables_C14080318500008,C14080318500008,基础卫生材料,缝合及凝固材料,可吸收性特殊理化缝线,可吸收缝线,不区分,含抗菌剂/编织/带针/4/0#-,乙类,62.56,
gz_nhsa_consumables_C14080318500009,C14080318500009,基础卫生材料,缝合及凝固材料,可吸收性特殊理化缝线,可吸收缝线,不区分,-含/0抗# 菌剂/编织/带针/3/0#及以上,乙类,62.14,
gz_nhsa_consumables_C14080318500014,C14080318500014,基础卫生材料,缝合及凝固材料,可吸收性特殊理化缝线,可吸收缝线,不区分,免打结/单股/带针/4/0#-6/0#,乙类,527.51,
gz_nhsa_consumables_C14080318500015,C14080318500015,基础卫生材料,缝合及凝固材料,可吸收性特殊理化缝线,可吸收缝线,不区分,免打结/单股/带针/3/0#及以,乙类,558.54,
gz_nhsa_consumables_C14080318500018,C14080318500018,基础卫生材料,缝合及凝固材料,可吸收性特殊理化缝线,可吸收缝线,不区分,免上打结/单股/不带针/3/0#及,乙类,493.51,
gz_nhsa_consumables_C14080318500037,C14080318500037,基础卫生材料,缝合及凝固材料,可吸收性特殊理化缝线,可吸收缝线,不区分,-防上刺伤/单股/带针/7/0#及以,乙类,271.83,
gz_nhsa_consumables_C14080318500038,C14080318500038,基础卫生材料,缝合及凝固材料,可吸收性特殊理化缝线,可吸收缝线,不区分,防下刺伤/单股/带针/4/0#-6/0#,乙类,398.27,
gz_nhsa_consumables_C14080318500039,C14080318500039,基础卫生材料,缝合及凝固材料,可吸收性特殊理化缝线,可吸收缝线,不区分,防刺伤/单股/带针/3/0#及以,乙类,405.87,
gz_nhsa_consumables_C14080318500044,C14080318500044,基础卫生材料,缝合及凝固材料,可吸收性特殊理化缝线,可吸收缝线,不区分,防上刺伤/编织/带针/4/0#-6/0#,乙类,266.31,
gz_nhsa_consumables_C14080318500045,C14080318500045,基础卫生材料,缝合及凝固材料,可吸收性特殊理化缝线,可吸收缝线,不区分,防刺伤/编织/带针/3/0#及以,乙类,137.96,
gz_nhsa_consumables_C14080318500050,C14080318500050,基础卫生材料,缝合及凝固材料,可吸收性特殊理化缝线,可吸收缝线,不区分,含上抗菌剂免打结/单股/带针/4/0#-6/0#,乙类,746.16,
gz_nhsa_consumables_C14080318500051,C14080318500051,基础卫生材料,缝合及凝固材料,可吸收性特殊理化缝线,可吸收缝线,不区分,含抗菌剂免打结/单股/带针/3/0#及以,乙类,687.72,
gz_nhsa_consumables_C14080318500063,C14080318500063,基础卫生材料,缝合及凝固材料,可吸收性特殊理化缝线,可吸收缝线,不区分,含上抗菌剂防刺伤/单股/带针/3/0#及以,乙类,325.56,
gz_nhsa_consumables_C14080318500068,C14080318500068,基础卫生材料,缝合及凝固材料,可吸收性特殊理化缝线,可吸收缝线,不区分,含上抗菌剂防刺伤/编织/带针/4/0#-6/0#,乙类,120.00,
gz_nhsa_consumables_C14080318500069,C14080318500069,基础卫生材料,缝合及凝固材料,可吸收性特殊理化缝线,可吸收缝线,不区分,含抗菌剂防刺伤/编织/带针/3/0#及以,乙类,192.74,
gz_nhsa_consumables_C14080418500001,C14080418500001,基础卫生材料,缝合及凝固材料,可吸收性非特殊理化缝线,可吸收缝线,不区分,上单股/带针/7/0#及以下,乙类,102.12,
gz_nhsa_consumables_C14080418500002,C14080418500002,基础卫生材料,缝合及凝固材料,可吸收性非特殊理化缝线,可吸收缝线,不区分,单股/带针/4/0#-,乙类,98.36,
gz_nhsa_consumables_C14080418500003,C14080418500003,基础卫生材料,缝合及凝固材料,可吸收性非特殊理化缝线,可吸收缝线,不区分,-/单0#股/带针/3/0#及以上,乙类,80.83,
gz_nhsa_consumables_C14080418500006,C14080418500006,基础卫生材料,缝合及凝固材料,可吸收性非特殊理化缝线,可吸收缝线,不区分,单股/不带针/3/0#及以,乙类,26.23,
gz_nhsa_consumables_C14080418500007,C14080418500007,基础卫生材料,缝合及凝固材料,可吸收性非特殊理化缝线,可吸收缝线,不区分,上编织/带针/7/0#及以下,乙类,22.54,
gz_nhsa_consumables_C14080418500008,C14080418500008,基础卫生材料,缝合及凝固材料,可吸收性非特殊理化缝线,可吸收缝线,不区分,编织/带针/4/0#-,乙类,23.67,
gz_nhsa_consumables_C14080418500009,C14080418500009,基础卫生材料,缝合及凝固材料,可吸收性非特殊理化缝线,可吸收缝线,不区分,-/编0#织/带针/3/0#及以上,乙类,25.73,
gz_nhsa_consumables_C14080418500011,C14080418500011,基础卫生材料,缝合及凝固材料,可吸收性非特殊理化缝线,可吸收缝线,不区分,编织/不带针/4/0#-6/0#,乙类,22.16,
gz_nhsa_consumables_C14080418500012,C14080418500012,基础卫生材料,缝合及凝固材料,可吸收性非特殊理化缝线,可吸收缝线,不区分,编织/不带针/3/0#及以,乙类,76.14,
gz_nhsa_consumables_C14080618700001,C14080618700001,基础卫生材料,缝合及凝固材料,皮肤缝合器,缝合器,不区分,-≤35枚,乙类,107.93,
gz_nhsa_consumables_C14080618700002,C14080618700002,基础卫生材料,缝合及凝固材料,皮肤缝合器,缝合器,不区分,＞35枚,乙类,159.38,
gz_nhsa_consumables_C14080727400001,C14080727400001,基础卫生材料,缝合及凝固材料,其他缝合及凝固材料,缝合针,不区分,缝合针,乙类,3.48,
gz_nhsa_consumables_C14080802200001,C14080802200001,基础卫生材料,缝合及凝固材料,止血夹,止血夹,不区分,专科/单件,乙类,44.40,
gz_nhsa_consumables_C14080802200002,C14080802200002,基础卫生材料,缝合及凝固材料,止血夹,止血夹,不区分,专科/套装,乙类,172.10,
gz_nhsa_consumables_C14080802200003,C14080802200003,基础卫生材料,缝合及凝固材料,止血夹,止血夹,不区分,通用/单件,乙类,35.00,
gz_nhsa_consumables_C14090118800000,C14090118800000,基础卫生材,护创材料,外固定材料,外固定材料,不区,常规,乙类,1.68,
gz_nhsa_consumables_C14100118900001,C14100118900001,基础料卫生材料,麻醉包及套件,麻醉包,麻醉套包,分不区分,全身麻醉,乙类,58.24,
gz_nhsa_consumables_C14100118900002,C14100118900002,基础卫生材料,麻醉包及套件,麻醉包,麻醉套包,不区分,硬膜外麻醉,乙类,59.64,
gz_nhsa_consumables_C14100118900003,C14100118900003,基础卫生材料,麻醉包及套件,麻醉包,麻醉套包,不区分,神经阻滞麻醉,乙类,38.96,
gz_nhsa_consumables_C14100118900004,C14100118900004,基础卫生材,麻醉包及套,麻醉包,麻醉套包,不区,其他,乙类,40.50,
gz_nhsa_consumables_C14100218900000,C14100218900000,基础料卫生材,麻醉件包及套,局麻针,麻醉套包,分不区,常规,乙类,9.53,
gz_nhsa_consumables_C14100318900000,C14100318900000,基础料卫生材,麻醉件包及套,局麻导管,麻醉套包,分不区,常规,乙类,72.13,
gz_nhsa_consumables_C14100418900000,C14100418900000,基础料卫生材料,麻醉件包及套件,其他麻醉套件,麻醉套包,分不区分,其他,乙类,45.90,
gz_nhsa_consumables_C14100423000003,C14100423000003,基础卫生材料,麻醉包及套件,其他麻醉套件,气体吸附器,不区分,气体吸附器,乙类,37.36,
gz_nhsa_consumables_C14110119000001,C14110119000001,基础卫生材,药液转移器,药液转移器,移液器,不区,有针,乙类,1.47,
gz_nhsa_consumables_C14110119000002,C14110119000002,基础料卫生材,药液转移器,药液转移器,移液器,分不区,无针,乙类,6.54,
gz_nhsa_consumables_C14120119100000,C14120119100000,基础料卫生材,引流袋,集尿袋,集尿袋,分不区,常规,乙类,3.36,
gz_nhsa_consumables_C14120203500000,C14120203500000,基础料卫生材,引流袋,引流袋,引流装置,分不区,常规,乙类,5.12,
gz_nhsa_consumables_C14130119200001,C14130119200001,基础料卫生材,造口护理材,造口袋,造口袋,分不区,一件式,乙类,34.91,
gz_nhsa_consumables_C14130119200002,C14130119200002,基础料卫生材,造口料护理材,造口袋,造口袋,分不区,两件式,乙类,56.14,
gz_nhsa_consumables_C14150100400000,C14150100400000,基础料卫生材料,-扩张导管,子宫颈扩张导管,导管,分不区分,常规,乙类,2000.00,
gz_nhsa_consumables_C14150200200001,C14150200200001,基础卫生材料,扩张导管,子宫颈扩张球囊,球囊,不区分,带可调式针芯,乙类,437.16,
gz_nhsa_consumables_C14150200200002,C14150200200002,基础卫生材料,扩张导管,子宫颈扩张球囊,球囊,不区分,不带可调式针芯,乙类,410.29,
gz_nhsa_consumables_C14150400400000,C14150400400000,基础卫生材料,扩张导管,其他扩张类导管,导管,不区分,常规,乙类,2000.00,
gz_nhsa_consumables_C14160100400000,C14160100400000,基础卫生材料,测压导管,动静脉测压管,导管,不区分,常规,乙类,4.00,
gz_nhsa_consumables_C14160600400000,C14160600400000,基础卫生材料,测压导管,膀胱内静压监测包,导管,不区分,常规,乙类,1081.40,
gz_nhsa_consumables_C14160700400002,C14160700400002,基础卫生材料,测压导管,尿动力学导管,导管,不区分,双腔,乙类,1000.00,
gz_nhsa_consumables_C14160700400003,C14160700400003,基础卫生材料,测压导管,尿动力学导管,导管,不区分,三腔,乙类,1000.00,
gz_nhsa_consumables_C14160900400000,C14160900400000,基础卫生材料,测压导管,直肠测压导管,导管,不区分,常规,乙类,216.86,
gz_nhsa_consumables_C14161000400000,C14161000400000,基础卫生材,测压导管,测压连接管,导管,不区,常规,乙类,22.97,
gz_nhsa_consumables_C14161100400000,C14161100400000,基础料卫生材料,测压导管,压力监测套件,导管,分不区分,常规,乙类,200.22,
gz_nhsa_consumables_C14170103501002,C14170103501002,基础卫生材料,导管、引流装置,胸腔引流管,引流装置,PVC,数字式/负压/不带针胸管,乙类,331.00,
gz_nhsa_consumables_C14170103501003,C14170103501003,基础卫生材料,导管、引流装置,胸腔引流管,引流装置,PVC,数字式/无负压/带针胸管,乙类,344.28,
gz_nhsa_consumables_C14170103501006,C14170103501006,基础卫生材料,导管、引流装置,胸腔引流管,引流装置,PVC,非数字式/负压/不带针胸管,乙类,7.78,
gz_nhsa_consumables_C14170103501007,C14170103501007,基础卫生材料,导管、引流装置,胸腔引流管,引流装置,PVC,非数字式/无负压/带针胸管,乙类,6.93,
gz_nhsa_consumables_C14170103501008,C14170103501008,基础卫生材料,导管、引流装置,胸腔引流管,引流装置,PVC,非数字式/无负压/不带针胸管,乙类,5.17,
gz_nhsa_consumables_C14170103502004,C14170103502004,基础卫生材料,导管、引流装置,胸腔引流管,引流装置,乳胶,数字式/无负压/不带针胸管,乙类,1000.00,
gz_nhsa_consumables_C14170103502007,C14170103502007,基础卫生材料,导管、引流装置,胸腔引流管,引流装置,乳胶,非数字式/无负压/带针胸管,乙类,1000.00,
gz_nhsa_consumables_C14170103503004,C14170103503004,基础卫生材料,导管、引流装置,胸腔引流管,引流装置,硅胶,数字式/无负压/不带针胸管,乙类,8.31,
gz_nhsa_consumables_C14170103503005,C14170103503005,基础卫生材料,导管、引流装置,胸腔引流管,引流装置,硅胶,非数字式/负压/带针胸管,乙类,1000.00,
gz_nhsa_consumables_C14170103503008,C14170103503008,基础卫生材料,导管、引流装置,胸腔引流管,引流装置,硅胶,非数字式/无负压/不带针胸管,乙类,12.16,
gz_nhsa_consumables_C14170203500001,C14170203500001,基础卫生材料,导管、引流装置,胸腔引流瓶,引流装置,不区分,数字式/可加负压/单腔,乙类,7.58,
gz_nhsa_consumables_C14170203500003,C14170203500003,基础卫生材料,导管、引流装置,胸腔引流瓶,引流装置,不区分,数字式/可加负压/多腔,乙类,47.15,
gz_nhsa_consumables_C14170203500004,C14170203500004,基础卫生材料,导管、引流装置,胸腔引流瓶,引流装置,不区分,数字式/不可加负压/单腔,乙类,20.81,
gz_nhsa_consumables_C14170203500005,C14170203500005,基础卫生材料,导管、引流装置,胸腔引流瓶,引流装置,不区分,数字式/不可加负压/双腔,乙类,45.55,
gz_nhsa_consumables_C14170203500006,C14170203500006,基础卫生材料,导管、引流装置,胸腔引流瓶,引流装置,不区分,数字式/不可加负压/多腔,乙类,12.71,
gz_nhsa_consumables_C14170203500007,C14170203500007,基础卫生材料,导管、引流装置,胸腔引流瓶,引流装置,不区分,非数字式/可加负压/单腔,乙类,18.62,
gz_nhsa_consumables_C14170203500008,C14170203500008,基础卫生材料,导管、引流装置,胸腔引流瓶,引流装置,不区分,非数字式/可加负压/双腔,乙类,320.00,
gz_nhsa_consumables_C14170203500009,C14170203500009,基础卫生材料,导管、引流装置,胸腔引流瓶,引流装置,不区分,非数字式/可加负压/多腔,乙类,54.83,
gz_nhsa_consumables_C14170203500010,C14170203500010,基础卫生材料,导管、引流装置,胸腔引流瓶,引流装置,不区分,非数字式/不可加负压/单腔,乙类,15.39,
gz_nhsa_consumables_C14170203500011,C14170203500011,基础卫生材料,导管、引流装置,胸腔引流瓶,引流装置,不区分,非数字式/不可加负压/双腔,乙类,18.55,
gz_nhsa_consumables_C14170203500012,C14170203500012,基础卫生材料,导管、引流装置,胸腔引流瓶,引流装置,不区分,非数字式/不可加负压/多腔,乙类,55.33,
gz_nhsa_consumables_C14170303501001,C14170303501001,基础卫生材料,导管、引流装置,腹腔引流管,引流装置,PVC,负压/带穿刺针,乙类,320.00,
gz_nhsa_consumables_C14170303501002,C14170303501002,基础卫生材料,导管、引流装置,腹腔引流管,引流装置,PVC,负压/不带穿刺针,乙类,439.80,
gz_nhsa_consumables_C14170303501004,C14170303501004,基础卫生材料,导管、引流装置,腹腔引流管,引流装置,PVC,无负压/不带穿刺,乙类,1000.00,
gz_nhsa_consumables_C14170303502004,C14170303502004,基础卫生材料,导管、引流装置,腹腔引流管,引流装置,乳胶,无负压/不带穿刺,乙类,7.67,
gz_nhsa_consumables_C14170303503001,C14170303503001,基础卫生材料,导管、引流装置,腹腔引流管,引流装置,硅胶,负压/带穿刺针,乙类,287.77,
gz_nhsa_consumables_C14170303503002,C14170303503002,基础卫生材料,导管、引流装置,腹腔引流管,引流装置,硅胶,负压/不带穿刺针,乙类,177.32,
gz_nhsa_consumables_C14170303503003,C14170303503003,基础卫生材料,导管、引流装置,腹腔引流管,引流装置,硅胶,无负压/带穿刺针,乙类,1000.00,
gz_nhsa_consumables_C14170303503004,C14170303503004,基础卫生材料,导管、引流装置,腹腔引流管,引流装置,硅胶,无负压/不带穿刺,乙类,7.41,
gz_nhsa_consumables_C14170419501001,C14170419501001,基础卫生材料,导管、引流装置,导尿管/套装,导尿包,PVC,硅胶涂层/单腔,乙类,18.23,
gz_nhsa_consumables_C14170419501005,C14170419501005,基础卫生材料,导管、引流装置,导尿管/套装,导尿包,PVC,超滑涂层/单腔,乙类,21.34,
gz_nhsa_consumables_C14170419501013,C14170419501013,基础卫生材料,导管、引流装置,导尿管/套装,导尿包,PVC,复合涂层/单腔,乙类,19.38,
gz_nhsa_consumables_C14170419501017,C14170419501017,基础卫生材料,导管、引流装置,导尿管/套装,导尿包,PVC,测温/单腔,乙类,16.00,
gz_nhsa_consumables_C14170419501018,C14170419501018,基础卫生材料,导管、引流装置,导尿管/套装,导尿包,PVC,测温/双腔,乙类,18.00,
gz_nhsa_consumables_C14170419502001,C14170419502001,基础卫生材料,导管、引流装置,导尿管/套装,导尿包,乳胶,硅胶涂层/单腔,乙类,17.66,
gz_nhsa_consumables_C14170419502002,C14170419502002,基础卫生材料,导管、引流装置,导尿管/套装,导尿包,乳胶,硅胶涂层/双腔,乙类,19.73,
gz_nhsa_consumables_C14170419502003,C14170419502003,基础卫生材料,导管、引流装置,导尿管/套装,导尿包,乳胶,硅胶涂层/三腔,乙类,16.88,
gz_nhsa_consumables_C14170419502005,C14170419502005,基础卫生材料,导管、引流装置,导尿管/套装,导尿包,乳胶,超滑涂层/单腔,乙类,26.92,
gz_nhsa_consumables_C14170419502006,C14170419502006,基础卫生材料,导管、引流装置,导尿管/套装,导尿包,乳胶,超滑涂层/双腔,乙类,22.22,
gz_nhsa_consumables_C14170419502007,C14170419502007,基础卫生材料,导管、引流装置,导尿管/套装,导尿包,乳胶,超滑涂层/三腔,乙类,26.68,
gz_nhsa_consumables_C14170419502009,C14170419502009,基础卫生材料,导管、引流装置,导尿管/套装,导尿包,乳胶,抗菌涂层/单腔,乙类,23.68,
gz_nhsa_consumables_C14170419502010,C14170419502010,基础卫生材料,导管、引流装置,导尿管/套装,导尿包,乳胶,抗菌涂层/双腔,乙类,14.28,
gz_nhsa_consumables_C14170419502013,C14170419502013,基础卫生材料,导管、引流装置,导尿管/套装,导尿包,乳胶,复合涂层/单腔,乙类,19.22,
gz_nhsa_consumables_C14170419502014,C14170419502014,基础卫生材料,导管、引流装置,导尿管/套装,导尿包,乳胶,复合涂层/双腔,乙类,18.18,
gz_nhsa_consumables_C14170419502015,C14170419502015,基础卫生材料,导管、引流装置,导尿管/套装,导尿包,乳胶,复合涂层/三腔,乙类,21.97,
gz_nhsa_consumables_C14170419502018,C14170419502018,基础卫生材料,导管、引流装置,导尿管/套装,导尿包,乳胶,测温/双腔,乙类,17.58,
gz_nhsa_consumables_C14170419502019,C14170419502019,基础卫生材料,导管、引流装置,导尿管/套装,导尿包,乳胶,测温/三腔,乙类,20.23,
gz_nhsa_consumables_C14170419503002,C14170419503002,基础卫生材料,导管、引流装置,导尿管/套装,导尿包,硅胶,硅胶涂层/双腔,乙类,30.35,
gz_nhsa_consumables_C14170419503003,C14170419503003,基础卫生材料,导管、引流装置,导尿管/套装,导尿包,硅胶,硅胶涂层/三腔,乙类,12.58,
gz_nhsa_consumables_C14170419503005,C14170419503005,基础卫生材料,导管、引流装置,导尿管/套装,导尿包,硅胶,超滑涂层/单腔,乙类,18.00,
gz_nhsa_consumables_C14170419503006,C14170419503006,基础卫生材料,导管、引流装置,导尿管/套装,导尿包,硅胶,超滑涂层/双腔,乙类,18.00,
gz_nhsa_consumables_C14170419503007,C14170419503007,基础卫生材料,导管、引流装置,导尿管/套装,导尿包,硅胶,超滑涂层/三腔,乙类,18.00,
gz_nhsa_consumables_C14170419503010,C14170419503010,基础卫生材料,导管、引流装置,导尿管/套装,导尿包,硅胶,抗菌涂层/双腔,乙类,17.44,
gz_nhsa_consumables_C14170419503011,C14170419503011,基础卫生材料,导管、引流装置,导尿管/套装,导尿包,硅胶,抗菌涂层/三腔,乙类,19.40,
gz_nhsa_consumables_C14170419503014,C14170419503014,基础卫生材料,导管、引流装置,导尿管/套装,导尿包,硅胶,复合涂层/双腔,乙类,18.53,
gz_nhsa_consumables_C14170419503019,C14170419503019,基础卫生材料,导管、引流装置,导尿管/套装,导尿包,硅胶,测温/三腔,乙类,18.00,
gz_nhsa_consumables_C14170519601001,C14170519601001,基础卫生材料,导管、引流装置,儿童导尿管,导尿管,PVC,硅胶涂层/单腔,乙类,18.36,
gz_nhsa_consumables_C14170519601005,C14170519601005,基础卫生材料,导管、引流装置,儿童导尿管,导尿管,PVC,超滑涂层/单腔,乙类,15.02,
gz_nhsa_consumables_C14170519601013,C14170519601013,基础卫生材料,导管、引流装置,儿童导尿管,导尿管,PVC,复合涂层/单腔,乙类,5.39,
gz_nhsa_consumables_C14170519602001,C14170519602001,基础卫生材料,导管、引流装置,儿童导尿管,导尿管,乳胶,硅胶涂层/单腔,乙类,6.28,
gz_nhsa_consumables_C14170519602002,C14170519602002,基础卫生材料,导管、引流装置,儿童导尿管,导尿管,乳胶,硅胶涂层/双腔,乙类,7.50,
gz_nhsa_consumables_C14170519602005,C14170519602005,基础卫生材料,导管、引流装置,儿童导尿管,导尿管,乳胶,超滑涂层/单腔,乙类,16.00,
gz_nhsa_consumables_C14170519602006,C14170519602006,基础卫生材料,导管、引流装置,儿童导尿管,导尿管,乳胶,超滑涂层/双腔,乙类,16.94,
gz_nhsa_consumables_C14170519602014,C14170519602014,基础卫生材料,导管、引流装置,儿童导尿管,导尿管,乳胶,复合涂层/双腔,乙类,4.50,
gz_nhsa_consumables_C14170519603001,C14170519603001,基础卫生材料,导管、引流装置,儿童导尿管,导尿管,硅胶,硅胶涂层/单腔,乙类,120.39,
gz_nhsa_consumables_C14170519603002,C14170519603002,基础卫生材料,导管、引流装置,儿童导尿管,导尿管,硅胶,硅胶涂层/双腔,乙类,36.10,
gz_nhsa_consumables_C14170519603009,C14170519603009,基础卫生材料,导管、引流装置,儿童导尿管,导尿管,硅胶,抗菌涂层/单腔,乙类,2.56,
gz_nhsa_consumables_C14170519603010,C14170519603010,基础卫生材料,导管、引流装置,儿童导尿管,导尿管,硅胶,抗菌涂层/双腔,乙类,180.00,
gz_nhsa_consumables_C14170519603018,C14170519603018,基础卫生材料,导管、引流装置,儿童导尿管,导尿管,硅胶,测温/双腔,乙类,18.00,
gz_nhsa_consumables_C14170619601005,C14170619601005,基础卫生材料,导管、引流装置,成人导尿管,导尿管,PVC,超滑涂层/单腔,乙类,10.82,
gz_nhsa_consumables_C14170619601013,C14170619601013,基础卫生材料,导管、引流装置,成人导尿管,导尿管,PVC,复合涂层/单腔,乙类,2.20,
gz_nhsa_consumables_C14170619601017,C14170619601017,基础卫生材料,导管、引流装置,成人导尿管,导尿管,PVC,测温/单腔,乙类,0.58,
gz_nhsa_consumables_C14170619602001,C14170619602001,基础卫生材料,导管、引流装置,成人导尿管,导尿管,乳胶,硅胶涂层/单腔,乙类,5.77,
gz_nhsa_consumables_C14170619602002,C14170619602002,基础卫生材料,导管、引流装置,成人导尿管,导尿管,乳胶,硅胶涂层/双腔,乙类,6.35,
gz_nhsa_consumables_C14170619602003,C14170619602003,基础卫生材料,导管、引流装置,成人导尿管,导尿管,乳胶,硅胶涂层/三腔,乙类,7.55,
gz_nhsa_consumables_C14170619602004,C14170619602004,基础卫生材料,导管、引流装置,成人导尿管,导尿管,乳胶,硅胶涂层/四腔,乙类,9.25,
gz_nhsa_consumables_C14170619602005,C14170619602005,基础卫生材料,导管、引流装置,成人导尿管,导尿管,乳胶,超滑涂层/单腔,乙类,3.82,
gz_nhsa_consumables_C14170619602006,C14170619602006,基础卫生材料,导管、引流装置,成人导尿管,导尿管,乳胶,超滑涂层/双腔,乙类,10.32,
gz_nhsa_consumables_C14170619602007,C14170619602007,基础卫生材料,导管、引流装置,成人导尿管,导尿管,乳胶,超滑涂层/三腔,乙类,72.61,
gz_nhsa_consumables_C14170619602009,C14170619602009,基础卫生材料,导管、引流装置,成人导尿管,导尿管,乳胶,抗菌涂层/单腔,乙类,3.44,
gz_nhsa_consumables_C14170619602013,C14170619602013,基础卫生材料,导管、引流装置,成人导尿管,导尿管,乳胶,复合涂层/单腔,乙类,138.97,
gz_nhsa_consumables_C14170619602014,C14170619602014,基础卫生材料,导管、引流装置,成人导尿管,导尿管,乳胶,复合涂层/双腔,乙类,244.23,
gz_nhsa_consumables_C14170619602015,C14170619602015,基础卫生材料,导管、引流装置,成人导尿管,导尿管,乳胶,复合涂层/三腔,乙类,144.44,
gz_nhsa_consumables_C14170619602017,C14170619602017,基础卫生材料,导管、引流装置,成人导尿管,导尿管,乳胶,测温/单腔,乙类,5.25,
gz_nhsa_consumables_C14170619602018,C14170619602018,基础卫生材料,导管、引流装置,成人导尿管,导尿管,乳胶,测温/双腔,乙类,6.92,
gz_nhsa_consumables_C14170619603001,C14170619603001,基础卫生材料,导管、引流装置,成人导尿管,导尿管,硅胶及其他,硅胶涂层/单腔,乙类,122.56,
gz_nhsa_consumables_C14170619603002,C14170619603002,基础卫生材料,导管、引流装置,成人导尿管,导尿管,硅胶及其他,硅胶涂层/双腔,乙类,47.29,
gz_nhsa_consumables_C14170619603003,C14170619603003,基础卫生材料,导管、引流装置,成人导尿管,导尿管,硅胶及其他,硅胶涂层/三腔,乙类,45.23,
gz_nhsa_consumables_C14170619603006,C14170619603006,基础卫生材料,导管、引流装置,成人导尿管,导尿管,硅胶及其他,超滑涂层/双腔,乙类,18.00,
gz_nhsa_consumables_C14170619603007,C14170619603007,基础卫生材料,导管、引流装置,成人导尿管,导尿管,硅胶及其他,超滑涂层/三腔,乙类,18.00,
gz_nhsa_consumables_C14170619603008,C14170619603008,基础卫生材料,导管、引流装置,成人导尿管,导尿管,硅胶及其他,超滑涂层/四腔,乙类,4.82,
gz_nhsa_consumables_C14170619603009,C14170619603009,基础卫生材料,导管、引流装置,成人导尿管,导尿管,硅胶及其他,抗菌涂层/单腔,乙类,2.59,
gz_nhsa_consumables_C14170619603010,C14170619603010,基础卫生材料,导管、引流装置,成人导尿管,导尿管,硅胶及其他,抗菌涂层/双腔,乙类,11.87,
gz_nhsa_consumables_C14170619603011,C14170619603011,基础卫生材料,导管、引流装置,成人导尿管,导尿管,硅胶及其他,抗菌涂层/三腔,乙类,170.00,
gz_nhsa_consumables_C14170619603014,C14170619603014,基础卫生材料,导管、引流装置,成人导尿管,导尿管,硅胶及其他,复合涂层/双腔,乙类,355.91,
gz_nhsa_consumables_C14170619603017,C14170619603017,基础卫生材料,导管、引流装置,成人导尿管,导尿管,硅胶及其他,测温/单腔,乙类,6.25,
gz_nhsa_consumables_C14170619603018,C14170619603018,基础卫生材料,导管、引流装置,成人导尿管,导尿管,硅胶及其他,测温/双腔,乙类,34.07,
gz_nhsa_consumables_C14170619603019,C14170619603019,基础卫生材料,导管、引流装置,成人导尿管,导尿管,硅胶及其他,测温/三腔,乙类,18.00,
gz_nhsa_consumables_C14170700400000,C14170700400000,基础卫生材料,导管、引流装置,气囊导管,导管,不区分,常规,乙类,2000.00,
gz_nhsa_consumables_C14170800400001,C14170800400001,基础卫生材料,导管、引流装置,球囊导管,导管,不区分,5ml,乙类,504.38,
gz_nhsa_consumables_C14170800400002,C14170800400002,基础卫生材料,导管、引流装置,球囊导管,导管,不区分,8ml,乙类,354.60,
gz_nhsa_consumables_C14170800400003,C14170800400003,基础卫生材料,导管、引流装置,球囊导管,导管,不区分,500ml（普通）,乙类,350.21,
gz_nhsa_consumables_C14170800400004,C14170800400004,基础卫生材料,导管、引流装置,球囊导管,导管,不区分,500ml（快速）,乙类,62.80,
gz_nhsa_consumables_C14171101000000,C14171101000000,基础卫生材料,导管、引流装置,冲洗、吸引管,管路,不区分,常规,乙类,3.08,
gz_nhsa_consumables_C14171203500000,C14171203500000,基础卫生材料,导管、引流装置,经皮心包积液引流管,引流装置,不区分,常规,乙类,1000.00,
gz_nhsa_consumables_C14171503500000,C14171503500000,基础卫生材料,导管、引流装置,负压引流器/附件,引流装置,不区分,常规,乙类,11.36,
gz_nhsa_consumables_C14171603400000,C14171603400000,基础卫生材料,导管、引流装置,鼻空肠营养管,插管,不区分,常规,乙类,3.36,
gz_nhsa_consumables_C14180200400000,C14180200400000,基础卫生材料,辅助生殖导管,其他人工生殖辅助导管,导管,不区分,常规,乙类,68.08,
gz_nhsa_consumables_C14190119700000,C14190119700000,基础卫生材料,专用吸引材料,宫腔组织吸引管,吸引材料,不区分,常规,乙类,4.91,
gz_nhsa_consumables_C14200119800001,C14200119800001,基础卫生材,辅助生殖用,取卵针,取卵针,不区,单腔,乙类,179.81,
gz_nhsa_consumables_C14230120200001,C14230120200001,基础料卫生材料,输液针、输血器具及管路,输液器,输液器,分不区分,常规,乙类,7.70,
gz_nhsa_consumables_C14230120200002,C14230120200002,基础卫生材料,输液、输血器具及管路,输液器,输液器,不区分,输注泵,乙类,89.60,
gz_nhsa_consumables_C14230220300001,C14230220300001,基础卫生材料,输液、输血器具及管路,真空采血管,采血管,不区分,促凝剂加分离胶/环氧乙烷灭,乙类,1.04,
gz_nhsa_consumables_C14230220300003,C14230220300003,基础卫生材料,输液、输血器具及管路,真空采血管,采血管,不区分,抗菌凝剂加分离胶/环氧乙烷灭,乙类,0.66,
gz_nhsa_consumables_C14230220300006,C14230220300006,基础卫生材料,输液、输血器具及管路,真空采血管,采血管,不区分,促菌凝剂加分离胶/辐射灭菌,乙类,1.00,
gz_nhsa_consumables_C14230220300007,C14230220300007,基础卫生材料,输液、输血器具及管路,真空采血管,采血管,不区分,抗凝剂/辐射灭菌,乙类,1.45,
gz_nhsa_consumables_C14230220300008,C14230220300008,基础卫生材料,输液、输血器具及管路,真空采血管,采血管,不区分,抗凝剂加分离胶/辐射灭菌,乙类,1.45,
gz_nhsa_consumables_C14230220300009,C14230220300009,基础卫生材料,输液、输血器具及管路,真空采血管,采血管,不区分,特殊添加剂/辐射灭菌,乙类,1.00,
gz_nhsa_consumables_C14230220300010,C14230220300010,基础卫生材料,输液、输血器具及管路,真空采血管,采血管,不区分,无添加剂/辐射灭,乙类,1.05,
gz_nhsa_consumables_C14230220300011,C14230220300011,基础卫生材料,输液、输血器具及管路,真空采血管,采血管,不区分,促菌凝剂加分离胶/其他灭菌方,乙类,0.84,
gz_nhsa_consumables_C14230220300012,C14230220300012,基础卫生材料,输液、输血器具及管路,真空采血管,采血管,不区分,抗式凝剂/其他灭菌方式,乙类,0.92,
gz_nhsa_consumables_C14230220300014,C14230220300014,基础卫生材料,输液、输血器具及管路,真空采血管,采血管,不区分,特殊添加剂/其他灭菌方式,乙类,0.60,
gz_nhsa_consumables_C14230220300015,C14230220300015,基础卫生材料,输液、输血器具及管路,真空采血管,采血管,不区分,无添加剂/其他灭菌方式,乙类,0.76,
gz_nhsa_consumables_C14230320301000,C14230320301000,基础卫生材料,输液、输血器具及管路,特殊采血管或保存制备管,采血管,玻璃,常规,乙类,0.35,
gz_nhsa_consumables_C14230320302000,C14230320302000,基础卫生材料,输液、输血器具及管路,特殊采血管或保存制备管,采血管,塑料,常规,乙类,0.35,
gz_nhsa_consumables_C14230420300001,C14230420300001,基础卫生材料,输液、输血器具及管路,末梢血采集容器,采血管,不区分,促凝剂加分离胶/有仿生内壁,乙类,0.94,
gz_nhsa_consumables_C14230420300002,C14230420300002,基础卫生材料,输液、输血器具及管路,末梢血采集容器,采血管,不区分,抗凝剂/有仿生内,乙类,0.78,
gz_nhsa_consumables_C14230420300003,C14230420300003,基础卫生材料,输液、输血器具及管路,末梢血采集容器,采血管,不区分,抗凝剂加分离胶/有仿生内壁,乙类,0.93,
gz_nhsa_consumables_C14230420300006,C14230420300006,基础卫生材料,输液、输血器具及管路,末梢血采集容器,采血管,不区分,促凝剂加分离胶/无仿生内壁,乙类,1000.00,
gz_nhsa_consumables_C14230420300007,C14230420300007,基础卫生材料,输液、输血器具及管路,末梢血采集容器,采血管,不区分,抗凝剂/无仿生内,乙类,1000.00,
gz_nhsa_consumables_C14230420300010,C14230420300010,基础卫生材料,输液、输血器具及管路,末梢血采集容器,采血管,不区分,无添加剂/无仿生内壁,乙类,13.55,
gz_nhsa_consumables_C14230520400000,C14230520400000,基础卫生材料,输液、输血器具及管路,过滤分离器具,分离器,不区分,常规,乙类,5.47,
gz_nhsa_consumables_C14230620500000,C14230620500000,基础卫生材料,输液、输血器具及管路,输血器,输血器,不区分,常规,乙类,1.65,
gz_nhsa_consumables_C14230720600000,C14230720600000,基础卫生材料,输液、输血器具及管路,营养输液袋/器,输液袋,不区分,静脉,乙类,31.03,
gz_nhsa_consumables_C14230720600001,C14230720600001,基础卫生材料,输液、输血器具及管路,营养输液袋/器,输液袋,不区分,肠内,乙类,21.29,
gz_nhsa_consumables_C14230801000000,C14230801000000,基础卫生材料,输液、输血器具及管路,微量泵前管,管路,不区分,常规,乙类,1.68,
gz_nhsa_consumables_C14230900400000,C14230900400000,基础卫生材料,输液、输血器具及管路,输液辅助导管,导管,不区分,常规,乙类,25.18,
gz_nhsa_consumables_C14231120700001,C14231120700001,基础卫生材料,输液、输血器具及管路,输液接头,输液接头,不区分,分隔膜/正压,乙类,28.50,
gz_nhsa_consumables_C14231120700002,C14231120700002,基础卫生材料,输液、输血器具及管路,输液接头,输液接头,不区分,分隔膜/负压,乙类,17.82,
gz_nhsa_consumables_C14231120700003,C14231120700003,基础卫生材料,输液、输血器具及管路,输液接头,输液接头,不区分,分隔膜/平衡压,乙类,19.87,
gz_nhsa_consumables_C14231120700004,C14231120700004,基础卫生材料,输液、输血器具及管路,输液接头,输液接头,不区分,机械阀/正压,乙类,27.28,
gz_nhsa_consumables_C14231120700006,C14231120700006,基础卫生材料,输液、输血器具及管路,输液接头,输液接头,不区分,机械阀/平衡压,乙类,18.55,
gz_nhsa_consumables_C14231220800000,C14231220800000,基础卫生材料,输液、输血器具及管路,肝素帽,肝素帽,不区分,常规,乙类,1.50,
gz_nhsa_consumables_C14231303900001,C14231303900001,基础卫生材料,输液、输血器具及管路,预充式导管冲洗器,冲洗器,不区分,带抗回流,乙类,8.00,
gz_nhsa_consumables_C14231422900000,C14231422900000,基础卫生材料,输液、输血器具及管路,三通,三通,不区分,常规,乙类,4.11,
gz_nhsa_consumables_C14240103400001,C14240103400001,基础卫生材料,消化道插管/引流管,消化道插管,插管,不区分,单腔/普通型/有,乙类,167.93,
gz_nhsa_consumables_C14240103400002,C14240103400002,基础卫生材料,消化道插管/引流管,消化道插管,插管,不区分,-单丝腔/普通型/无,乙类,4.14,
gz_nhsa_consumables_C14240103400003,C14240103400003,基础卫生材料,消化道插管/引流管,消化道插管,插管,不区分,-单丝腔/加长型/有,乙类,14.10,
gz_nhsa_consumables_C14240103400004,C14240103400004,基础卫生材料,消化道插管/引流管,消化道插管,插管,不区分,-单丝腔/加长型/无,乙类,5.00,
gz_nhsa_consumables_C14240103400005,C14240103400005,基础卫生材料,消化道插管/引流管,消化道插管,插管,不区分,-多丝腔/普通型/有,乙类,48.53,
gz_nhsa_consumables_C14240103400006,C14240103400006,基础卫生材料,消化道插管/引流管,消化道插管,插管,不区分,-多丝腔/普通型/无,乙类,432.86,
gz_nhsa_consumables_C14240103400007,C14240103400007,基础卫生材料,消化道插管/引流管,消化道插管,插管,不区分,-多丝腔/加长型/有,乙类,5.00,
gz_nhsa_consumables_C14240103400008,C14240103400008,基础卫生材料,消化道插管/引流管,消化道插管,插管,不区分,多腔/加长型/无,乙类,10.00,
gz_nhsa_consumables_C14240203500001,C14240203500001,基础卫生材料,消化道插管/引流管,消化道引流管,引流装置,不区分,1-单件,乙类,7.15,
gz_nhsa_consumables_C14240203500002,C14240203500002,基础卫生材料,消化道插管/引流管,消化道引流管,引流装置,不区分,套装,乙类,1039.78,
gz_nhsa_consumables_C14250120900000,C14250120900000,基础卫生材料,气管插管及附件,气管插管,气管插管,不区分,常规,乙类,62.82,
gz_nhsa_consumables_C14250320900000,C14250320900000,基础卫生材料,气管插管及附件,口腔气管插管,气管插管,不区分,常规,乙类,19.26,
gz_nhsa_consumables_C14250420900001,C14250420900001,基础卫生材料,气管插管及附件,支气管插管,气管插管,不区分,可视/单腔,乙类,635.39,
gz_nhsa_consumables_C14250420900002,C14250420900002,基础卫生材料,气管插管及附件,支气管插管,气管插管,不区分,可视/双腔,乙类,891.66,
gz_nhsa_consumables_C14250420900003,C14250420900003,基础卫生材料,气管插管及附件,支气管插管,气管插管,不区分,不可视/单腔,乙类,708.14,
gz_nhsa_consumables_C14250420900004,C14250420900004,基础卫生材料,气管插管及附件,支气管插管,气管插管,不区分,不可视/双腔,乙类,493.96,
gz_nhsa_consumables_C14250502000001,C14250502000001,基础卫生材料,气管插管及附件,气管切开套管,套管,不区分,普通型,乙类,84.32,
gz_nhsa_consumables_C14250502000002,C14250502000002,基础卫生材料,气管插管及附件,气管切开套管,套管,不区分,带内套管,乙类,50.60,
gz_nhsa_consumables_C14250621000000,C14250621000000,基础卫生材料,气管插管及附件,湿热交换器/过滤器,气管插管附件,不区分,常规,乙类,35.28,
gz_nhsa_consumables_C14250700400000,C14250700400000,基础卫生材料,气管插管及附件,导管插管,导管,不区分,常规,乙类,75.80,
gz_nhsa_consumables_C16010110200001,C16010110200001,注射穿刺类材料,注射器类,一次性使用注射器,注射器,不区分,胰岛素专用/带针,乙类,1.05,
gz_nhsa_consumables_C16010110200002,C16010110200002,注射穿刺类材料,注射器类,一次性使用注射器,注射器,不区分,胰岛素专用/不带,乙类,214.29,
gz_nhsa_consumables_C16010110200003,C16010110200003,注射穿刺类材料,注射器类,一次性使用注射器,注射器,不区分,普针通型/带针,乙类,1000.00,
gz_nhsa_consumables_C16010110200004,C16010110200004,注射穿刺类材料,注射器类,一次性使用注射器,注射器,不区分,普通型/不带针,乙类,0.78,
gz_nhsa_consumables_C16020103201004,C16020103201004,注射穿刺类材料,注射针,一次性使用注射笔用针头,注射针,铝塑盖贴,普通型/薄壁,乙类,2.32,
gz_nhsa_consumables_C16020103202001,C16020103202001,注射穿刺类材料,注射针,一次性使用注射笔用针头,注射针,纸塑盖贴,防针刺型/普通壁,乙类,82.63,
gz_nhsa_consumables_C16020103202002,C16020103202002,注射穿刺类材料,注射针,一次性使用注射笔用针头,注射针,纸塑盖贴,防针刺型/薄壁,乙类,5.30,
gz_nhsa_consumables_C16020103202003,C16020103202003,注射穿刺类材料,注射针,一次性使用注射笔用针头,注射针,纸塑盖贴,普通型/普通壁,乙类,17.55,
gz_nhsa_consumables_C16020103202004,C16020103202004,注射穿刺类材料,注射针,一次性使用注射笔用针头,注射针,纸塑盖贴,普通型/薄壁,乙类,6.33,
gz_nhsa_consumables_C16030103200000,C16030103200000,注射穿刺类材料,动静脉、管腔室穿刺器,一次性使用注射针,注射针,不区分,常规,乙类,17.00,
gz_nhsa_consumables_C16030321500001,C16030321500001,注射穿刺类材料,动静脉、管腔室穿刺器,动脉采血器/血气针,采血器,不区分,预设式结构防针刺型,乙类,14.76,
gz_nhsa_consumables_C16030321500002,C16030321500002,注射穿刺类材料,动静脉、管腔室穿刺器,动脉采血器/血气针,采血器,不区分,预设式结构普通型,乙类,12.14,
gz_nhsa_consumables_C16030321500003,C16030321500003,注射穿刺类材料,动静脉、管腔室穿刺器,动脉采血器/血气针,采血器,不区分,抽拉式结构,乙类,16.93,
gz_nhsa_consumables_C16030421500000,C16030421500000,注射穿刺类材料,动静脉、管腔室穿刺器,机用采血器,采血器,不区分,常规,乙类,0.39,
gz_nhsa_consumables_C16030521500001,C16030521500001,注射穿刺类材料,动静脉、管腔室穿刺器,足跟采血器,采血器,不区分,早产儿型,乙类,0.27,
gz_nhsa_consumables_C16030521500002,C16030521500002,注射穿刺类材料,动静脉、管腔室穿刺器,足跟采血器,采血器,不区分,足月新生儿型,乙类,1.54,
gz_nhsa_consumables_C16030621500001,C16030621500001,注射穿刺类材料,动静脉、管腔室穿刺器,静脉采血器,采血器,不区分,防针刺型,乙类,1.75,
gz_nhsa_consumables_C16030621500002,C16030621500002,注射穿刺类材料,动静脉、管腔室穿刺器,静脉采血器,采血器,不区分,普通型,乙类,1.74,
gz_nhsa_consumables_C16030802600001,C16030802600001,注射穿刺类材料,动静脉、管腔室穿刺器,末梢采血器,穿刺器,不区分,触压式激活,乙类,0.83,
gz_nhsa_consumables_C16030802600002,C16030802600002,注射穿刺类材料,动静脉、管腔室穿刺器,末梢采血器,穿刺器,不区分,按压式激活,乙类,1.43,
gz_nhsa_consumables_C16030902600000,C16030902600000,注射穿刺类材料,动静脉、管腔室穿刺器,穿刺针,穿刺器,不区分,常规,乙类,44.70,
gz_nhsa_consumables_C16031102600000,C16031102600000,注射穿刺类材料,动静脉、管腔室穿刺器,穿刺包/套件,穿刺器,不区分,常规,乙类,145.34,
gz_nhsa_consumables_C16050119401001,C16050119401001,注射穿刺类材料,血管内留置针,静脉留置针,留置针,聚氨酯,防针刺型/输液接头可拆卸/不带翼,乙类,29.80,
gz_nhsa_consumables_C16050119401002,C16050119401002,注射穿刺类材料,血管内留置针,静脉留置针,留置针,聚氨酯,防针刺型/不可拆卸/不带翼,乙类,17.60,
gz_nhsa_consumables_C16050119401003,C16050119401003,注射穿刺类材料,血管内留置针,静脉留置针,留置针,聚氨酯,普通型/输液接头可拆卸/不,乙类,29.80,
gz_nhsa_consumables_C16050119401004,C16050119401004,注射穿刺类材料,血管内留置针,静脉留置针,留置针,聚氨酯,-普翼通型/不可拆卸/不带翼,乙类,8.68,
gz_nhsa_consumables_C16050119401005,C16050119401005,注射穿刺类材料,血管内留置针,静脉留置针,留置针,聚氨酯,防针刺型/输液接头可拆卸/,乙类,7.80,
gz_nhsa_consumables_C16050119401006,C16050119401006,注射穿刺类材料,血管内留置针,静脉留置针,留置针,聚氨酯,-防翼针刺型/不可拆卸/带翼,乙类,17.60,
gz_nhsa_consumables_C16050119401007,C16050119401007,注射穿刺类材料,血管内留置针,静脉留置针,留置针,聚氨酯,普通型/输液接头可拆卸/带,乙类,6.66,
gz_nhsa_consumables_C16050119401008,C16050119401008,注射穿刺类材料,血管内留置针,静脉留置针,留置针,聚氨酯,普翼通型/不可拆卸/带翼,乙类,8.80,
gz_nhsa_consumables_C16050119402001,C16050119402001,注射穿刺类材料,血管内留置针,静脉留置针,留置针,含氟塑料,防针刺型/输液接头可拆卸/不带翼,乙类,5.79,
gz_nhsa_consumables_C16050119402002,C16050119402002,注射穿刺类材料,血管内留置针,静脉留置针,留置针,含氟塑料,防针刺型/不可拆卸/不带翼,乙类,5.30,
gz_nhsa_consumables_C16050119402003,C16050119402003,注射穿刺类材料,血管内留置针,静脉留置针,留置针,含氟塑料,普通型/输液接头可拆卸/不,乙类,7.98,
gz_nhsa_consumables_C16050119402004,C16050119402004,注射穿刺类材料,血管内留置针,静脉留置针,留置针,含氟塑料,-普翼通型/不可拆卸/不带翼,乙类,22.88,
gz_nhsa_consumables_C16050119402005,C16050119402005,注射穿刺类材料,血管内留置针,静脉留置针,留置针,含氟塑料,防针刺型/输液接头可拆卸/,乙类,8.80,
gz_nhsa_consumables_C16050119402006,C16050119402006,注射穿刺类材料,血管内留置针,静脉留置针,留置针,含氟塑料,-防翼针刺型/不可拆卸/带翼,乙类,17.60,
gz_nhsa_consumables_C16050119402007,C16050119402007,注射穿刺类材料,血管内留置针,静脉留置针,留置针,含氟塑料,普通型/输液接头可拆卸/带,乙类,9.98,
gz_nhsa_consumables_C16050119402008,C16050119402008,注射穿刺类材料,血管内留置针,静脉留置针,留置针,含氟塑料,普翼通型/不可拆卸/带翼,乙类,3.62,
gz_nhsa_consumables_C16050219400001,C16050219400001,注射穿刺类材料,血管内留置针,动脉留置针,留置针,不区分,带流量控制阀装置,乙类,14.51,
gz_nhsa_consumables_C16050319400000,C16050319400000,注射穿刺类材料,血管内留置针,动静脉留置针,留置针,不区分,常规,乙类,17.60,
gz_nhsa_consumables_C16050419400000,C16050419400000,注射穿刺类材料,血管内留置针,其他血管内留置针,留置针,不区分,常规,乙类,1.68,
gz_nhsa_consumables_C16050519400001,C16050519400001,注射穿刺类材料,血管内留置针,造影导管留置针,留置针,不区分,普通型,乙类,9.14,
gz_nhsa_consumables_C16050519400002,C16050519400002,注射穿刺类材料,血管内留置针,造影导管留置针,留置针,不区分,防针刺型,乙类,14.85,
gz_nhsa_consumables_C17010121601000,C17010121601000,功能性敷料,创口敷料,凝胶敷料,敷料,水凝胶,常规,乙类,54.62,1.限烧伤深Ⅱ度、糖尿病足溃疡、二期压疮（伴皮肤损伤或溃疡）患者；2.限三类医疗器械
gz_nhsa_consumables_C17010421607000,C17010421607000,功能性敷料,创口敷料,水胶体敷料,敷料,羧甲基纤维素钠,常规,乙类,126.65,1.限烧伤深Ⅱ度、糖尿病足溃疡、二期压疮（伴皮肤损伤或溃疡）患者；2.限三类医疗器械
