1,C01010100101001,01-非血管介入治疗类材料,01-呼吸介入材料,01-气管支气管支架,001-支架,01-镍钛合金,001-全覆膜,乙类,8085.00,
2,C01010100101004,01-非血管介入治疗类材料,01-呼吸介入材料,01-气管支气管支架,001-支架,01-镍钛合金,004-半覆膜,乙类,7350.00,
3,C01010100101007,01-非血管介入治疗类材料,01-呼吸介入材料,01-气管支气管支架,001-支架,01-镍钛合金,007-非覆膜,乙类,2552.00,
4,C01010100102001,01-非血管介入治疗类材料,01-呼吸介入材料,01-气管支气管支架,001-支架,02-不锈钢,001-全覆膜,乙类,6897.00,
5,C01010100103001,01-非血管介入治疗类材料,01-呼吸介入材料,01-气管支气管支架,001-支架,03-硅酮,001-全覆膜,乙类,16800.00,
6,C01010200201001,01-非血管介入治疗类材料,01-呼吸介入材料,02-气道球囊,002-球囊,01-嵌段聚醚酰胺树脂（Pebax）,001-止血球囊/单级球囊/普通,乙类,3880.00,
7,C01010200201005,01-非血管介入治疗类材料,01-呼吸介入材料,02-气道球囊,002-球囊,01-嵌段聚醚酰胺树脂（Pebax）,005-扩张球囊/单级球囊/普通,乙类,2749.30,
8,C01010200201006,01-非血管介入治疗类材料,01-呼吸介入材料,02-气道球囊,002-球囊,01-嵌段聚醚酰胺树脂（Pebax）,006-扩张球囊/单级球囊/可过导,乙类,1464.94,
9,C01010200201007,01-非血管介入治疗类材料,01-呼吸介入材料,02-气道球囊,002-球囊,01-嵌段聚醚酰胺树脂（Pebax）,007-扩丝张球囊/多级球囊/普通,乙类,3533.10,
10,C01010200201008,01-非血管介入治疗类材料,01-呼吸介入材料,02-气道球囊,002-球囊,01-嵌段聚醚酰胺树脂（Pebax）,008-扩张球囊/多级球囊/可过导,乙类,3648.42,
11,C01010300301001,01-非血管介入治疗类材料,01-呼吸介入材料,03-气道导丝,003-导丝,01-镍钛合金,001-末丝端有亲水涂层,乙类,981.72,
12,C01010300301002,01-非血管介入治疗类材料,01-呼吸介入材料,03-气道导丝,003-导丝,01-镍钛合金,002-末端无亲水涂层,乙类,120.84,
13,C01010400400001,01-非血管介入治疗类材料,01-呼吸介入材料,04-气道射频导管,004-导管,00-不区分,001-单电极,乙类,264.76,
14,C01010400400003,01-非血管介入治疗类材料,01-呼吸介入材料,04-气道射频导管,004-导管,00-不区分,003-多电极,乙类,55.00,
15,C01010600600000,01-非血管介入治疗类材料,01-呼吸介入材料,06-呼吸类细胞刷,006-细胞刷,00-不区分,000-常规,乙类,55.72,
16,C01010700700001,01-非血管介入治疗类材料,01-呼吸介入材料,07-呼吸活检钳,007-活检材料,00-不区分,001-带针/带齿/带外,乙类,80.29,
17,C01010700700003,01-非血管介入治疗类材料,01-呼吸介入材料,07-呼吸活检钳,007-活检材料,00-不区分,003-带针/不带齿/带外鞘管,乙类,65.84,
18,C01010700700004,01-非血管介入治疗类材料,01-呼吸介入材料,07-呼吸活检钳,007-活检材料,00-不区分,004-带针/不带齿/无外鞘管,乙类,48.49,
19,C01010700700005,01-非血管介入治疗类材料,01-呼吸介入材料,07-呼吸活检钳,007-活检材料,00-不区分,005-不带针/带齿/带外鞘管,乙类,54.76,
20,C01010700700006,01-非血管介入治疗类材料,01-呼吸介入材料,07-呼吸活检钳,007-活检材料,00-不区分,006-不带针/带齿/无外鞘管,乙类,60.00,
21,C01010700700007,01-非血管介入治疗类材料,01-呼吸介入材料,07-呼吸活检钳,007-活检材料,00-不区分,007-不带针/不带齿/带外鞘管,乙类,54.10,
22,C01010700700008,01-非血管介入治疗类材料,01-呼吸介入材料,07-呼吸活检钳,007-活检材料,00-不区分,008-不带针/不带齿/无外鞘管,乙类,57.95,
23,C01010800700000,01-非血管介入治疗类材料,01-呼吸介入材料,08-呼吸内镜用热活检钳,007-活检材料,00-不区分,000-常规,乙类,807.84,
24,C01010900700001,01-非血管介入治疗类材料,01-呼吸介入材料,09-呼吸内镜介入活检针,007-活检材料,00-不区分,001-经超声/组织针,乙类,1250.61,
25,C01010900700002,01-非血管介入治疗类材料,01-呼吸介入材料,09-呼吸内镜介入活检针,007-活检材料,00-不区分,002-经超声/细胞针,乙类,1100.00,
26,C01010900700003,01-非血管介入治疗类材料,01-呼吸介入材料,09-呼吸内镜介入活检针,007-活检材料,00-不区分,003-不经超声/组织针,乙类,1308.04,
27,C01010900700004,01-非血管介入治疗类材料,01-呼吸介入材料,09-呼吸内镜介入活检针,007-活检材料,00-不区分,004-不经超声/细胞针,乙类,520.00,
28,C01011000800000,01-非血管介入治疗类材料,01-呼吸介入材料,10-支气管镜用异物钳,008-异物钳,00-不区分,000-常规,乙类,1414.07,
29,C01011100900000,01-非血管介入治疗类材料,01-呼吸介入材料,11-支气管镜用灌洗管,009-灌洗管,00-不区分,000-常规,乙类,210.00,
30,C01011201000000,01-非血管介入治疗类材料,01-呼吸介入材料,12-支气管镜用造影管,010-管路,00-不区分,000-常规,乙类,39.13,
31,C01011301100000,01-非血管介入治疗类材料,01-呼吸介入材料,13-支气管镜用电圈套器,011-圈套器,00-不区分,000-常规,乙类,289.04,
32,C01012101800000,01-非血管介入治疗类材料,01-呼吸介入材料,21-气道超声水囊,018-水囊,00-不区分,000-常规,乙类,2424.86,
33,C01012201900000,01-非血管介入治疗类材料,01-呼吸介入材料,22-气道异物网篮,019-网篮,00-不区分,000-常规,乙类,1147.00,
34,C01012300400000,01-非血管介入治疗类材料,01-呼吸介入材料,23-吸引导管,004-导管,00-不区分,000-常规,乙类,1.97,
35,C01012402000000,01-非血管介入治疗类材料,01-呼吸介入材料,24-一次性胸壁穿刺套管,020-套管,00-不区分,000-常规,乙类,1.80,
36,C01012500400002,01-非血管介入治疗类材料,01-呼吸介入材料,25-其他呼吸介入材料,004-导管,00-不区分,002-导管,乙类,2000.00,
37,C01012522500003,01-非血管介入治疗类材料,01-呼吸介入材料,25-其他呼吸介入材料,225-通气道,00-不区分,003-通气道,乙类,8.56,
38,C01020100200003,01-非血管介入治疗类材料,02-消化介入材料,01-贲门球囊,002-球囊,00-不区分,003-注液体/带导丝,乙类,3880.00,
39,C01020100200004,01-非血管介入治疗类材料,02-消化介入材料,01-贲门球囊,002-球囊,00-不区分,004-注液体/不带导丝,乙类,2258.15,
40,C01020200201001,01-非血管介入治疗类材料,02-消化介入材料,02-食道球囊,002-球囊,01-嵌段聚醚酰胺树脂（Pebax）,001-单级扩张球囊/不带导丝,乙类,1080.00,
41,C01020200201002,01-非血管介入治疗类材料,02-消化介入材料,02-食道球囊,002-球囊,01-嵌段聚醚酰胺树脂（Pebax）,002-单级扩张球囊/带导丝,乙类,2244.52,
42,C01020200201003,01-非血管介入治疗类材料,02-消化介入材料,02-食道球囊,002-球囊,01-嵌段聚醚酰胺树脂（Pebax）,003-多级扩张球囊/不带导丝,乙类,3339.32,
43,C01020200201004,01-非血管介入治疗类材料,02-消化介入材料,02-食道球囊,002-球囊,01-嵌段聚醚酰胺树脂（Pebax）,004-多级扩张球囊/带导丝,乙类,2517.70,
44,C01020200202001,01-非血管介入治疗类材料,02-消化介入材料,02-食道球囊,002-球囊,02-聚对苯二甲酸乙二醇脂（PET）,001-单级扩张球囊/不带导丝,乙类,1590.17,
45,C01020200202002,01-非血管介入治疗类材料,02-消化介入材料,02-食道球囊,002-球囊,02-聚对苯二甲酸乙二醇脂（PET）,002-单级扩张球囊/带导丝,乙类,3880.00,
46,C01020200202003,01-非血管介入治疗类材料,02-消化介入材料,02-食道球囊,002-球囊,02-聚对苯二甲酸乙二醇脂（PET）,003-多级扩张球囊/不带导丝,乙类,3880.00,
47,C01020300201001,01-非血管介入治疗类材料,02-消化介入材料,03-肠道扩张球囊,002-球囊,01-嵌段聚醚酰胺树脂（Pebax）,001-单级扩张球囊/带导丝,乙类,2374.06,
48,C01020300201002,01-非血管介入治疗类材料,02-消化介入材料,03-肠道扩张球囊,002-球囊,01-嵌段聚醚酰胺树脂（Pebax）,002-单级扩张球囊/不带导丝,乙类,1870.94,
49,C01020300201004,01-非血管介入治疗类材料,02-消化介入材料,03-肠道扩张球囊,002-球囊,01-嵌段聚醚酰胺树脂（Pebax）,004-多级扩张球囊/不带导丝,乙类,2900.00,
50,C01020300202001,01-非血管介入治疗类材料,02-消化介入材料,03-肠道扩张球囊,002-球囊,02-聚对苯二甲酸乙二醇脂（PET）,001-单级扩张球囊/带导丝,乙类,2374.06,
51,C01020300202002,01-非血管介入治疗类材料,02-消化介入材料,03-肠道扩张球囊,002-球囊,02-聚对苯二甲酸乙二醇脂（PET）,002-单级扩张球囊/不带导丝,乙类,1228.25,
52,C01020300202003,01-非血管介入治疗类材料,02-消化介入材料,03-肠道扩张球囊,002-球囊,02-聚对苯二甲酸乙二醇脂（PET）,003-多级扩张球囊/带导丝,乙类,3967.10,
53,C01020400201001,01-非血管介入治疗类材料,02-消化介入材料,04-胆胰扩张球囊,002-球囊,01-嵌段聚醚酰胺树脂（Pebax）,001-扩张胆管/传统长交换方式/单出水口球,乙类,295.00,
54,C01020400201002,01-非血管介入治疗类材料,02-消化介入材料,04-胆胰扩张球囊,002-球囊,01-嵌段聚醚酰胺树脂（Pebax）,002-扩囊张胆管/传统长交换方式/双出水口球,乙类,1215.10,
55,C01020400201003,01-非血管介入治疗类材料,02-消化介入材料,04-胆胰扩张球囊,002-球囊,01-嵌段聚醚酰胺树脂（Pebax）,003-扩囊张胆管/快速短交换方式/单出水口球,乙类,4572.00,
56,C01020400201004,01-非血管介入治疗类材料,02-消化介入材料,04-胆胰扩张球囊,002-球囊,01-嵌段聚醚酰胺树脂（Pebax）,004-扩囊张胆管/快速短交换方式/双出水口球,乙类,3880.00,
57,C01020400201005,01-非血管介入治疗类材料,02-消化介入材料,04-胆胰扩张球囊,002-球囊,01-嵌段聚醚酰胺树脂（Pebax）,005-扩囊张乳头/传统长交换方式/单出水口球,乙类,552.00,
58,C01020400201006,01-非血管介入治疗类材料,02-消化介入材料,04-胆胰扩张球囊,002-球囊,01-嵌段聚醚酰胺树脂（Pebax）,006-扩囊张乳头/传统长交换方式/双出水口球,乙类,1621.18,
59,C01020400201007,01-非血管介入治疗类材料,02-消化介入材料,04-胆胰扩张球囊,002-球囊,01-嵌段聚醚酰胺树脂（Pebax）,007-扩囊张乳头/快速短交换方式/单出水口球,乙类,3880.00,
60,C01020400201008,01-非血管介入治疗类材料,02-消化介入材料,04-胆胰扩张球囊,002-球囊,01-嵌段聚醚酰胺树脂（Pebax）,008-扩囊张乳头/快速短交换方式/双出水口球,乙类,3880.00,
61,C01020400201009,01-非血管介入治疗类材料,02-消化介入材料,04-胆胰扩张球囊,002-球囊,01-嵌段聚醚酰胺树脂（Pebax）,009-扩张胰管/传统长交换方式/单出水口球,乙类,3880.00,
62,C01020400201010,01-非血管介入治疗类材料,02-消化介入材料,04-胆胰扩张球囊,002-球囊,01-嵌段聚醚酰胺树脂（Pebax）,010-扩囊张胰管/传统长交换方式/双出水口球,乙类,3880.00,
63,C01020400201011,01-非血管介入治疗类材料,02-消化介入材料,04-胆胰扩张球囊,002-球囊,01-嵌段聚醚酰胺树脂（Pebax）,011-扩囊张胰管/快速短交换方式/单出水口球,乙类,3880.00,
64,C01020400202001,01-非血管介入治疗类材料,02-消化介入材料,04-胆胰扩张球囊,002-球囊,02-聚对苯二甲酸乙二醇脂（PET）,001-扩囊张胆管/传统长交换方式/单出水口球,乙类,1203.91,
65,C01020400202002,01-非血管介入治疗类材料,02-消化介入材料,04-胆胰扩张球囊,002-球囊,02-聚对苯二甲酸乙二醇脂（PET）,002-扩囊张胆管/传统长交换方式/双出水口球,乙类,3563.00,
66,C01020400202004,01-非血管介入治疗类材料,02-消化介入材料,04-胆胰扩张球囊,002-球囊,02-聚对苯二甲酸乙二醇脂（PET）,004-扩囊张胆管/快速短交换方式/双出水口球,乙类,3058.60,
67,C01020500200001,01-非血管介入治疗类材料,02-消化介入材料,05-胆胰取石球囊,002-球囊,00-不区分,囊001-双腔,乙类,1642.50,
68,C01020500200005,01-非血管介入治疗类材料,02-消化介入材料,05-胆胰取石球囊,002-球囊,00-不区分,005-三腔,乙类,1528.56,
69,C01020600101001,01-非血管介入治疗类材料,02-消化介入材料,06-食道支架,001-支架,01-不锈钢,001-全覆膜支架/鞘管释放,乙类,3360.00,
70,C01020600102001,01-非血管介入治疗类材料,02-消化介入材料,06-食道支架,001-支架,02-镍钛合金,001-全覆膜支架/鞘管释放,乙类,3238.26,
71,C01020600102002,01-非血管介入治疗类材料,02-消化介入材料,06-食道支架,001-支架,02-镍钛合金,002-全覆膜支架/拉线释放,乙类,9933.94,
72,C01020600102003,01-非血管介入治疗类材料,02-消化介入材料,06-食道支架,001-支架,02-镍钛合金,003-部分覆膜支架/鞘管释放,乙类,9890.00,
73,C01020600102004,01-非血管介入治疗类材料,02-消化介入材料,06-食道支架,001-支架,02-镍钛合金,004-部分覆膜支架/拉线释放,乙类,9558.00,
74,C01020600102005,01-非血管介入治疗类材料,02-消化介入材料,06-食道支架,001-支架,02-镍钛合金,005-裸支架/鞘管释放,乙类,5600.00,
75,C01020600102006,01-非血管介入治疗类材料,02-消化介入材料,06-食道支架,001-支架,02-镍钛合金,006-裸支架/拉线释放,乙类,3360.00,
76,C01020700100001,01-非血管介入治疗类材料,02-消化介入材料,07-肠道支架,001-支架,00-不区分,001-覆膜支架/可通过内镜活检孔,乙类,3360.00,
77,C01020700100002,01-非血管介入治疗类材料,02-消化介入材料,07-肠道支架,001-支架,00-不区分,002-裸道支架/可通过内镜活检孔道,乙类,9552.69,
78,C01020700100003,01-非血管介入治疗类材料,02-消化介入材料,07-肠道支架,001-支架,00-不区分,003-覆膜支架/不可通过内镜活检孔道,乙类,3360.00,
79,C01020700100004,01-非血管介入治疗类材料,02-消化介入材料,07-肠道支架,001-支架,00-不区分,004-裸支架/不可通过内镜活检孔,乙类,4800.00,
80,C01020800100001,01-非血管介入治疗类材料,02-消化介入材料,08-胰管支架,001-支架,00-不区分,001-单件,乙类,752.84,
81,C01020800100002,01-非血管介入治疗类材料,02-消化介入材料,08-胰管支架,001-支架,00-不区分,002-套装,乙类,40250.00,
82,C01020900101002,01-非血管介入治疗类材料,02-消化介入材料,09-胆道支架,001-支架,01-聚合物,002-裸支架/一体式,乙类,1064.06,
83,C01020900101004,01-非血管介入治疗类材料,02-消化介入材料,09-胆道支架,001-支架,01-聚合物,004-裸支架/分体式,乙类,704.88,
84,C01020900105001,01-非血管介入治疗类材料,02-消化介入材料,09-胆道支架,001-支架,05-合金,001-覆膜支架/一体式,乙类,10690.71,
85,C01020900105002,01-非血管介入治疗类材料,02-消化介入材料,09-胆道支架,001-支架,05-合金,002-裸支架/一体式,乙类,12748.74,
86,C01020900105004,01-非血管介入治疗类材料,02-消化介入材料,09-胆道支架,001-支架,05-合金,004-裸支架/分体式,乙类,2200.00,
87,C01021000600001,01-非血管介入治疗类材料,02-消化介入材料,10-消化道细胞刷,006-细胞刷,00-不区分,001-通导丝,乙类,1530.00,
88,C01021000600002,01-非血管介入治疗类材料,02-消化介入材料,10-消化道细胞刷,006-细胞刷,00-不区分,002-不通导丝,乙类,45.13,
89,C01021100400002,01-非血管介入治疗类材料,02-消化介入材料,11-胆胰导管,004-导管,00-不区分,002-电子成像,乙类,960.00,
90,C01021200400001,01-非血管介入治疗类材料,02-消化介入材料,12-消化介入/止血导管,004-导管,00-不区分,001-电凝止血导管/带,乙类,833.00,
91,C01021200400003,01-非血管介入治疗类材料,02-消化介入材料,12-消化介入/止血导管,004-导管,00-不区分,003-注射止血导管/带,乙类,960.00,
92,C01021200400006,01-非血管介入治疗类材料,02-消化介入材料,12-消化介入/止血导管,004-导管,00-不区分,006-喷针洒止血导管/不带针,乙类,960.00,
93,C01021300400001,01-非血管介入治疗类材料,02-消化介入材料,13-消化扩张导管,004-导管,00-不区分,001-胃肠,乙类,960.00,
94,C01021300400002,01-非血管介入治疗类材料,02-消化介入材料,13-消化扩张导管,004-导管,00-不区分,002-胆胰,乙类,950.00,
95,C01021500400001,01-非血管介入治疗类材料,02-消化介入材料,15-消化介入造影导管,004-导管,00-不区分,001-单腔造影管,乙类,428.00,
96,C01021500400002,01-非血管介入治疗类材料,02-消化介入材料,15-消化介入造影导管,004-导管,00-不区分,002-多腔造影管,乙类,195.20,
97,C01021600300001,01-非血管介入治疗类材料,02-消化介入材料,16-消化道导丝,003-导丝,00-不区分,001-ERCP消化道导丝/双头导丝/,乙类,1887.03,
98,C01021600300002,01-非血管介入治疗类材料,02-消化介入材料,16-消化道导丝,003-导丝,00-不区分,002直-ER头CP消化道导丝/双头导丝/,乙类,480.00,
99,C01021600300003,01-非血管介入治疗类材料,02-消化介入材料,16-消化道导丝,003-导丝,00-不区分,003弯-ER头CP消化道导丝/单头导丝/,乙类,1608.02,
100,C01021600300004,01-非血管介入治疗类材料,02-消化介入材料,16-消化道导丝,003-导丝,00-不区分,004直-ER头CP消化道导丝/单头导丝/,乙类,1791.23,
101,C01021600300005,01-非血管介入治疗类材料,02-消化介入材料,16-消化道导丝,003-导丝,00-不区分,005弯-普头通消化道导丝/双头导丝/,乙类,480.00,
102,C01021600300006,01-非血管介入治疗类材料,02-消化介入材料,16-消化道导丝,003-导丝,00-不区分,006直-普头通消化道导丝/双头导丝/,乙类,480.00,
103,C01021600300007,01-非血管介入治疗类材料,02-消化介入材料,16-消化道导丝,003-导丝,00-不区分,007弯-普头通消化道导丝/单头导丝/,乙类,690.72,
104,C01021600300008,01-非血管介入治疗类材料,02-消化介入材料,16-消化道导丝,003-导丝,00-不区分,008直-普头通消化道导丝/单头导丝/,乙类,480.00,
105,C01021701901001,01-非血管介入治疗类材料,02-消化介入材料,17-消化介入网篮,019-网篮,01-不锈钢,001弯-可头连接碎石器/可过导丝,乙类,1566.00,
106,C01021701901002,01-非血管介入治疗类材料,02-消化介入材料,17-消化介入网篮,019-网篮,01-不锈钢,002-可连接碎石器/普,乙类,1497.12,
107,C01021701901003,01-非血管介入治疗类材料,02-消化介入材料,17-消化介入网篮,019-网篮,01-不锈钢,003-不通可连碎石器/可过导丝,乙类,3406.32,
108,C01021701901004,01-非血管介入治疗类材料,02-消化介入材料,17-消化介入网篮,019-网篮,01-不锈钢,004-不可连碎石器/普,乙类,1881.10,
109,C01021701901005,01-非血管介入治疗类材料,02-消化介入材料,17-消化介入网篮,019-网篮,01-不锈钢,005-取通碎石一体/可过导丝,乙类,2343.81,
110,C01021701902001,01-非血管介入治疗类材料,02-消化介入材料,17-消化介入网篮,019-网篮,02-合金,001-可连接碎石器/可过导丝,乙类,2295.56,
111,C01021701902002,01-非血管介入治疗类材料,02-消化介入材料,17-消化介入网篮,019-网篮,02-合金,002-可连接碎石器/普,乙类,2320.95,
112,C01021701902003,01-非血管介入治疗类材料,02-消化介入材料,17-消化介入网篮,019-网篮,02-合金,003-不通可连碎石器/可过导丝,乙类,1571.43,
113,C01021701902004,01-非血管介入治疗类材料,02-消化介入材料,17-消化介入网篮,019-网篮,02-合金,004-不可连碎石器/普,乙类,1697.55,
114,C01022002300001,01-非血管介入治疗类材料,02-消化介入材料,20-静脉曲张/组织套扎器,023-套扎器,00-不区分,通001-单环,乙类,736.86,
115,C01022002300003,01-非血管介入治疗类材料,02-消化介入材料,20-静脉曲张/组织套扎器,023-套扎器,00-不区分,003-多环,乙类,2074.07,
116,C01022102300000,01-非血管介入治疗类材料,02-消化介入材料,21-痔套扎器,023-套扎器,00-不区分,000-常规,乙类,2579.06,
117,C01022201100001,01-非血管介入治疗类材料,02-消化介入材料,22-圈套器（息肉勒除器）,011-圈套器,00-不区分,001-软丝圈套器/不可旋转/通电,乙类,348.81,
118,C01022201100003,01-非血管介入治疗类材料,02-消化介入材料,22-圈套器（息肉勒除器）,011-圈套器,00-不区分,003-软丝圈套器/可旋转/通电,乙类,308.14,
119,C01022201100005,01-非血管介入治疗类材料,02-消化介入材料,22-圈套器（息肉勒除器）,011-圈套器,00-不区分,005-硬丝圈套器/不可旋转/通电,乙类,331.08,
120,C01022201100007,01-非血管介入治疗类材料,02-消化介入材料,22-圈套器（息肉勒除器）,011-圈套器,00-不区分,007-硬丝圈套器/可旋转/通电,乙类,249.94,
121,C01022302400001,01-非血管介入治疗类材料,02-消化介入材料,23-消化道造瘘管,024-造瘘管,00-不区分,001-胃造瘘/单件,乙类,3119.00,
122,C01022302400002,01-非血管介入治疗类材料,02-消化介入材料,23-消化道造瘘管,024-造瘘管,00-不区分,002-胃造瘘/套装,乙类,2752.67,
123,C01022302400003,01-非血管介入治疗类材料,02-消化介入材料,23-消化道造瘘管,024-造瘘管,00-不区分,003-空肠造瘘/单件,乙类,25.00,
124,C01022302400004,01-非血管介入治疗类材料,02-消化介入材料,23-消化道造瘘管,024-造瘘管,00-不区分,004-空肠造瘘/套装,乙类,500.00,
125,C01022502601001,01-非血管介入治疗类材料,02-消化介入材料,25-消化道超声穿刺针,026-穿刺器,01-不锈钢,001-组织针/硬管鞘,乙类,3252.76,
126,C01022502601002,01-非血管介入治疗类材料,02-消化介入材料,25-消化道超声穿刺针,026-穿刺器,01-不锈钢,002-组织针/弹簧鞘,乙类,34.80,
127,C01022502601003,01-非血管介入治疗类材料,02-消化介入材料,25-消化道超声穿刺针,026-穿刺器,01-不锈钢,003-细胞针/硬管鞘,乙类,3800.00,
128,C01022502601004,01-非血管介入治疗类材料,02-消化介入材料,25-消化道超声穿刺针,026-穿刺器,01-不锈钢,004-细胞针/弹簧鞘,乙类,3800.00,
129,C01022502602001,01-非血管介入治疗类材料,02-消化介入材料,25-消化道超声穿刺针,026-穿刺器,02-合金,001-组织针/硬管鞘,乙类,3906.98,
130,C01022502602002,01-非血管介入治疗类材料,02-消化介入材料,25-消化道超声穿刺针,026-穿刺器,02-合金,002-组织针/弹簧鞘,乙类,5140.00,
131,C01022502602003,01-非血管介入治疗类材料,02-消化介入材料,25-消化道超声穿刺针,026-穿刺器,02-合金,003-细胞针/硬管鞘,乙类,1100.00,
132,C01022600700001,01-非血管介入治疗类材料,02-消化介入材料,26-活检钳,007-活检材料,00-不区分,001-带针/有涂层/成,乙类,52.29,
133,C01022600700002,01-非血管介入治疗类材料,02-消化介入材料,26-活检钳,007-活检材料,00-不区分,002-人带针/有涂层/小,乙类,21.66,
134,C01022600700003,01-非血管介入治疗类材料,02-消化介入材料,26-活检钳,007-活检材料,00-不区分,003-儿带针/无涂层/成,乙类,49.84,
135,C01022600700004,01-非血管介入治疗类材料,02-消化介入材料,26-活检钳,007-活检材料,00-不区分,004-人带针/无涂层/小,乙类,1000.00,
136,C01022600700005,01-非血管介入治疗类材料,02-消化介入材料,26-活检钳,007-活检材料,00-不区分,005-不儿带针/有涂层/成,乙类,49.99,
137,C01022600700006,01-非血管介入治疗类材料,02-消化介入材料,26-活检钳,007-活检材料,00-不区分,006-不人带针/有涂层/小,乙类,44.12,
138,C01022600700007,01-非血管介入治疗类材料,02-消化介入材料,26-活检钳,007-活检材料,00-不区分,007-不儿带针/无涂层/成,乙类,56.53,
139,C01022600700008,01-非血管介入治疗类材料,02-消化介入材料,26-活检钳,007-活检材料,00-不区分,008-不人带针/无涂层/小,乙类,56.81,
140,C01022700700000,01-非血管介入治疗类材料,02-消化介入材料,27-热活检钳,007-活检材料,00-不区分,儿000-常规,乙类,514.86,
141,C01022800800001,01-非血管介入治疗类材料,02-消化介入材料,28-消化介入异物钳,008-异物钳,00-不区分,001-网篮,乙类,220.00,
142,C01022800800002,01-非血管介入治疗类材料,02-消化介入材料,28-消化介入异物钳,008-异物钳,00-不区分,002-爪形,乙类,264.78,
143,C01022800800003,01-非血管介入治疗类材料,02-消化介入材料,28-消化介入异物钳,008-异物钳,00-不区分,003-钳形,乙类,256.65,
144,C01023202800000,01-非血管介入治疗类材料,02-消化介入材料,32-消化介入内镜吻合夹系统,028-吻合夹,00-不区分,000-常规,乙类,193.38,
145,C01023600200000,01-非血管介入治疗类材料,02-消化介入材料,36-小肠镜球囊,002-球囊,00-不区分,000-常规,乙类,3880.00,
146,C01023803201001,01-非血管介入治疗类材料,02-消化介入材料,38-消化介入注射针,032-注射针,01-不锈钢,001-针长可调节/可锁定/透明,乙类,46.00,
147,C01023803201002,01-非血管介入治疗类材料,02-消化介入材料,38-消化介入注射针,032-注射针,01-不锈钢,002-针长可调节/可锁定/不透明,乙类,661.17,
148,C01023803201004,01-非血管介入治疗类材料,02-消化介入材料,38-消化介入注射针,032-注射针,01-不锈钢,004-针长可调节/不可锁定/不透,乙类,298.67,
149,C01023803201005,01-非血管介入治疗类材料,02-消化介入材料,38-消化介入注射针,032-注射针,01-不锈钢,005-针明长不可调节/可锁定/透明,乙类,369.69,
150,C01023803201006,01-非血管介入治疗类材料,02-消化介入材料,38-消化介入注射针,032-注射针,01-不锈钢,006-针长不可调节/可锁定/不透,乙类,258.29,
151,C01023803201007,01-非血管介入治疗类材料,02-消化介入材料,38-消化介入注射针,032-注射针,01-不锈钢,007-针明长不可调节/不可锁定/透,乙类,1000.00,
152,C01023803202001,01-非血管介入治疗类材料,02-消化介入材料,38-消化介入注射针,032-注射针,02-聚丙烯,001-针明长可调节/可锁定/透明,乙类,276.53,
153,C01023803202005,01-非血管介入治疗类材料,02-消化介入材料,38-消化介入注射针,032-注射针,02-聚丙烯,005-针长不可调节/可锁定/透明,乙类,274.21,
154,C01023803202006,01-非血管介入治疗类材料,02-消化介入材料,38-消化介入注射针,032-注射针,02-聚丙烯,006-针长不可调节/可锁定/不透,乙类,407.06,
155,C01023903300001,01-非血管介入治疗类材料,02-消化介入材料,39-组织切开刀,033-切开刀,00-不区分,001-先明端绝缘/带注液,乙类,3991.68,
156,C01023903300002,01-非血管介入治疗类材料,02-消化介入材料,39-组织切开刀,033-切开刀,00-不区分,002-先端绝缘/不带注,乙类,3991.68,
157,C01023903300003,01-非血管介入治疗类材料,02-消化介入材料,39-组织切开刀,033-切开刀,00-不区分,003-先液端不绝缘/带注,乙类,3991.68,
158,C01023903300004,01-非血管介入治疗类材料,02-消化介入材料,39-组织切开刀,033-切开刀,00-不区分,004-先液端不绝缘/不带注液,乙类,1671.74,
159,C01024003300001,01-非血管介入治疗类材料,02-消化介入材料,40-乳头切开刀,033-切开刀,00-不区分,001-单件/不带绝缘涂层/弓状刀,乙类,1289.25,
160,C01024003300002,01-非血管介入治疗类材料,02-消化介入材料,40-乳头切开刀,033-切开刀,00-不区分,002-单件/不带绝缘涂层/针状刀,乙类,1808.91,
161,C01024003300004,01-非血管介入治疗类材料,02-消化介入材料,40-乳头切开刀,033-切开刀,00-不区分,004-单件/带绝缘涂层的/弓状刀,乙类,1956.92,
162,C01024003300005,01-非血管介入治疗类材料,02-消化介入材料,40-乳头切开刀,033-切开刀,00-不区分,005-单件/带绝缘涂层的/针状刀,乙类,2130.10,
163,C01024003300007,01-非血管介入治疗类材料,02-消化介入材料,40-乳头切开刀,033-切开刀,00-不区分,007-套装/不带绝缘涂层/弓状刀,乙类,1860.00,
164,C01030100101001,01-非血管介入治疗类材料,03-泌尿介入材料,01-输尿管支架,001-支架,01-聚合物,001-单根/有涂层/单猪尾/留置时间＜180,乙类,544.69,
165,C01030100101003,01-非血管介入治疗类材料,03-泌尿介入材料,01-输尿管支架,001-支架,01-聚合物,003-天单根/有涂层/单猪尾/留置时间≥365天,乙类,418.06,
166,C01030100101004,01-非血管介入治疗类材料,03-泌尿介入材料,01-输尿管支架,001-支架,01-聚合物,004-单根/有涂层/双猪尾/留置时间＜180,乙类,623.68,
167,C01030100101006,01-非血管介入治疗类材料,03-泌尿介入材料,01-输尿管支架,001-支架,01-聚合物,006-天单根/有涂层/双猪尾/留置时间≥365天,乙类,885.97,
168,C01030100101007,01-非血管介入治疗类材料,03-泌尿介入材料,01-输尿管支架,001-支架,01-聚合物,007-单根/有涂层/其他形状/留置时间＜,乙类,600.00,
169,C01030100101009,01-非血管介入治疗类材料,03-泌尿介入材料,01-输尿管支架,001-支架,01-聚合物,00198-单0天根/有涂层/其他形状/留置时间≥365,乙类,3005.08,
170,C01030100101010,01-非血管介入治疗类材料,03-泌尿介入材料,01-输尿管支架,001-支架,01-聚合物,010-单根/无涂层/单猪尾/留置时间＜180,乙类,248.53,
171,C01030100101011,01-非血管介入治疗类材料,03-泌尿介入材料,01-输尿管支架,001-支架,01-聚合物,011-天单根/无涂层/单猪尾/180≤留置时间＜,乙类,1072.89,
172,C01030100101013,01-非血管介入治疗类材料,03-泌尿介入材料,01-输尿管支架,001-支架,01-聚合物,01336-单5天根/无涂层/双猪尾/留置时间＜180,乙类,321.67,
173,C01030100101014,01-非血管介入治疗类材料,03-泌尿介入材料,01-输尿管支架,001-支架,01-聚合物,014-天单根/无涂层/双猪尾/180≤留置时间＜,乙类,431.26,
174,C01030100101015,01-非血管介入治疗类材料,03-泌尿介入材料,01-输尿管支架,001-支架,01-聚合物,01356-单5天根/无涂层/双猪尾/留置时间≥365天,乙类,546.63,
175,C01030100101016,01-非血管介入治疗类材料,03-泌尿介入材料,01-输尿管支架,001-支架,01-聚合物,016-单根/无涂层/其他形状/留置时间＜,乙类,1353.54,
176,C01030100101019,01-非血管介入治疗类材料,03-泌尿介入材料,01-输尿管支架,001-支架,01-聚合物,01198-套0天装/有涂层/单猪尾/留置时间＜180,乙类,933.94,
177,C01030100101022,01-非血管介入治疗类材料,03-泌尿介入材料,01-输尿管支架,001-支架,01-聚合物,022-天套装/有涂层/双猪尾/留置时间＜180,乙类,647.73,
178,C01030100101024,01-非血管介入治疗类材料,03-泌尿介入材料,01-输尿管支架,001-支架,01-聚合物,024-天套装/有涂层/双猪尾/留置时间≥365天,乙类,3586.28,
179,C01030100101025,01-非血管介入治疗类材料,03-泌尿介入材料,01-输尿管支架,001-支架,01-聚合物,025-套装/有涂层/其他形状/留置时间＜,乙类,600.00,
180,C01030100101028,01-非血管介入治疗类材料,03-泌尿介入材料,01-输尿管支架,001-支架,01-聚合物,028-套装/无涂层/单猪尾/留置时间＜180,乙类,762.25,
181,C01030100101031,01-非血管介入治疗类材料,03-泌尿介入材料,01-输尿管支架,001-支架,01-聚合物,031-天套装/无涂层/双猪尾/留置时间＜180,乙类,505.21,
182,C01030100101032,01-非血管介入治疗类材料,03-泌尿介入材料,01-输尿管支架,001-支架,01-聚合物,032-天套装/无涂层/双猪尾/180≤留置时间＜,乙类,752.30,
183,C01030100101033,01-非血管介入治疗类材料,03-泌尿介入材料,01-输尿管支架,001-支架,01-聚合物,03336-套5天装/无涂层/双猪尾/留置时间≥365天,乙类,2444.54,
184,C01030100101034,01-非血管介入治疗类材料,03-泌尿介入材料,01-输尿管支架,001-支架,01-聚合物,034-套装/无涂层/其他形状/留置时间＜,乙类,1819.09,
185,C01030100105027,01-非血管介入治疗类材料,03-泌尿介入材料,01-输尿管支架,001-支架,05-合金,02178-套0天装/有涂层/其他形状/留置时间≥365,乙类,48000.00,
186,C01030100105033,01-非血管介入治疗类材料,03-泌尿介入材料,01-输尿管支架,001-支架,05-合金,033-天套装/无涂层/双猪尾/留置时间≥365天,乙类,9124.00,
187,C01030200102000,01-非血管介入治疗类材料,03-泌尿介入材料,02-尿道支架,001-支架,02-合金,000-常规,乙类,29931.00,
188,C01030300200001,01-非血管介入治疗类材料,03-泌尿介入材料,03-泌尿介入球囊,002-球囊,00-不区分,001-输尿管/带泵,乙类,5849.03,
189,C01030300200002,01-非血管介入治疗类材料,03-泌尿介入材料,03-泌尿介入球囊,002-球囊,00-不区分,002-输尿管/不带泵,乙类,4119.16,
190,C01030300200003,01-非血管介入治疗类材料,03-泌尿介入材料,03-泌尿介入球囊,002-球囊,00-不区分,003-肾造瘘/带泵,乙类,2000.00,
191,C01030300200004,01-非血管介入治疗类材料,03-泌尿介入材料,03-泌尿介入球囊,002-球囊,00-不区分,004-肾造瘘/不带泵,乙类,3880.00,
192,C01030300200006,01-非血管介入治疗类材料,03-泌尿介入材料,03-泌尿介入球囊,002-球囊,00-不区分,006-尿道/不带泵,乙类,3880.00,
193,C01030300200007,01-非血管介入治疗类材料,03-泌尿介入材料,03-泌尿介入球囊,002-球囊,00-不区分,007-输尿管封堵/带泵,乙类,3880.00,
194,C01030300200008,01-非血管介入治疗类材料,03-泌尿介入材料,03-泌尿介入球囊,002-球囊,00-不区分,008-输尿管封堵/不带,乙类,1600.00,
195,C01030403700001,01-非血管介入治疗类材料,03-泌尿介入材料,04-泌尿扩张器,037-扩张器,00-不区分,泵001-输尿管,乙类,0.96,
196,C01030403700002,01-非血管介入治疗类材料,03-泌尿介入材料,04-泌尿扩张器,037-扩张器,00-不区分,002-经皮肾,乙类,872.11,
197,C01030403700003,01-非血管介入治疗类材料,03-泌尿介入材料,04-泌尿扩张器,037-扩张器,00-不区分,003-尿道,乙类,1104.71,
198,C01030500301001,01-非血管介入治疗类材料,03-泌尿介入材料,05-泌尿介入导丝,003-导丝,01-不锈钢,001-有涂层/单软头/带内芯,乙类,1079.78,
199,C01030500301002,01-非血管介入治疗类材料,03-泌尿介入材料,05-泌尿介入导丝,003-导丝,01-不锈钢,002-有涂层/单软头/无内芯,乙类,2246.43,
200,C01030500301005,01-非血管介入治疗类材料,03-泌尿介入材料,05-泌尿介入导丝,003-导丝,01-不锈钢,005-无涂层/单软头/带内芯,乙类,640.36,
201,C01030500301007,01-非血管介入治疗类材料,03-泌尿介入材料,05-泌尿介入导丝,003-导丝,01-不锈钢,007-无涂层/双软头/带内芯,乙类,709.88,
202,C01030500302001,01-非血管介入治疗类材料,03-泌尿介入材料,05-泌尿介入导丝,003-导丝,02-合金,001-有涂层/单软头/带内芯,乙类,1097.41,
203,C01030500302002,01-非血管介入治疗类材料,03-泌尿介入材料,05-泌尿介入导丝,003-导丝,02-合金,002-有涂层/单软头/无内芯,乙类,480.00,
204,C01030500302003,01-非血管介入治疗类材料,03-泌尿介入材料,05-泌尿介入导丝,003-导丝,02-合金,003-有涂层/双软头/带内芯,乙类,1510.00,
205,C01030500302005,01-非血管介入治疗类材料,03-泌尿介入材料,05-泌尿介入导丝,003-导丝,02-合金,005-无涂层/单软头/带内芯,乙类,1156.46,
206,C01030500302006,01-非血管介入治疗类材料,03-泌尿介入材料,05-泌尿介入导丝,003-导丝,02-合金,006-无涂层/单软头/无内芯,乙类,901.57,
207,C01030500302008,01-非血管介入治疗类材料,03-泌尿介入材料,05-泌尿介入导丝,003-导丝,02-合金,008-无涂层/双软头/无内芯,乙类,272.87,
208,C01030600400002,01-非血管介入治疗类材料,03-泌尿介入材料,06-泌尿介入导管,004-导管,00-不区分,002-肾造瘘/端孔/多腔,乙类,3939.66,
209,C01030600400003,01-非血管介入治疗类材料,03-泌尿介入材料,06-泌尿介入导管,004-导管,00-不区分,003-肾造瘘/侧孔/单腔,乙类,52.44,
210,C01030600400005,01-非血管介入治疗类材料,03-泌尿介入材料,06-泌尿介入导管,004-导管,00-不区分,005-输尿管/端孔/单腔,乙类,12.21,
211,C01030600400006,01-非血管介入治疗类材料,03-泌尿介入材料,06-泌尿介入导管,004-导管,00-不区分,006-输尿管/端孔/多腔,乙类,2243.82,
212,C01030600400007,01-非血管介入治疗类材料,03-泌尿介入材料,06-泌尿介入导管,004-导管,00-不区分,007-输尿管/侧孔/单腔,乙类,18.26,
213,C01030600400008,01-非血管介入治疗类材料,03-泌尿介入材料,06-泌尿介入导管,004-导管,00-不区分,008-输尿管/侧孔/多腔,乙类,960.00,
214,C01030801901003,01-非血管介入治疗类材料,03-泌尿介入材料,08-泌尿取石网篮,019-网篮,01-不锈钢,003-硬镜用/梭型,乙类,2400.00,
215,C01030801901005,01-非血管介入治疗类材料,03-泌尿介入材料,08-泌尿取石网篮,019-网篮,01-不锈钢,005-软镜用/渔网状,乙类,3800.00,
216,C01030801902001,01-非血管介入治疗类材料,03-泌尿介入材料,08-泌尿取石网篮,019-网篮,02-合金,001-硬镜用/三爪状,乙类,2836.31,
217,C01030801902002,01-非血管介入治疗类材料,03-泌尿介入材料,08-泌尿取石网篮,019-网篮,02-合金,002-硬镜用/渔网状,乙类,2315.47,
218,C01030801902003,01-非血管介入治疗类材料,03-泌尿介入材料,08-泌尿取石网篮,019-网篮,02-合金,003-硬镜用/梭型,乙类,4101.40,
219,C01030801902004,01-非血管介入治疗类材料,03-泌尿介入材料,08-泌尿取石网篮,019-网篮,02-合金,004-软镜用/三爪状,乙类,3235.32,
220,C01030801902005,01-非血管介入治疗类材料,03-泌尿介入材料,08-泌尿取石网篮,019-网篮,02-合金,005-软镜用/渔网状,乙类,3419.52,
221,C01030801902006,01-非血管介入治疗类材料,03-泌尿介入材料,08-泌尿取石网篮,019-网篮,02-合金,006-软镜用/梭型,乙类,4042.15,
222,C01030801902009,01-非血管介入治疗类材料,03-泌尿介入材料,08-泌尿取石网篮,019-网篮,02-合金,009-经皮肾镜用/梭型,乙类,3357.43,
223,C01030901900000,01-非血管介入治疗类材料,03-泌尿介入材料,09-泌尿拦截网篮,019-网篮,00-不区分,000-常规,乙类,1735.46,
224,C01031101500001,01-非血管介入治疗类材料,03-泌尿介入材料,11-泌尿介入鞘,015-鞘管,00-不区分,001-输尿管/可撕开鞘/单腔,乙类,1050.59,
225,C01031101500003,01-非血管介入治疗类材料,03-泌尿介入材料,11-泌尿介入鞘,015-鞘管,00-不区分,003-输尿管/不可撕开鞘/单腔,乙类,2732.95,
226,C01031101500004,01-非血管介入治疗类材料,03-泌尿介入材料,11-泌尿介入鞘,015-鞘管,00-不区分,004-输尿管/不可撕开鞘/双腔,乙类,2404.22,
227,C01031101500005,01-非血管介入治疗类材料,03-泌尿介入材料,11-泌尿介入鞘,015-鞘管,00-不区分,005-肾/可撕开鞘/单,乙类,1343.04,
228,C01031101500006,01-非血管介入治疗类材料,03-泌尿介入材料,11-泌尿介入鞘,015-鞘管,00-不区分,006-肾/可撕开鞘/双,乙类,2522.55,
229,C01031101500007,01-非血管介入治疗类材料,03-泌尿介入材料,11-泌尿介入鞘,015-鞘管,00-不区分,007-腔肾/不可撕开鞘/,乙类,2215.68,
230,C01031101500008,01-非血管介入治疗类材料,03-泌尿介入材料,11-泌尿介入鞘,015-鞘管,00-不区分,008单-肾腔/不可撕开鞘/,乙类,650.00,
231,C01031203800003,01-非血管介入治疗类材料,03-泌尿介入材料,12-泌尿介入封堵器,038-封堵器,00-不区分,003双-抗腔激光/400μm＜直径≤1000μ,乙类,2825.66,
232,C01031203800006,01-非血管介入治疗类材料,03-泌尿介入材料,12-泌尿介入封堵器,038-封堵器,00-不区分,006-不m抗激光/400μm＜直径≤1000μm,乙类,3226.72,
233,C01031503900000,01-非血管介入治疗类材料,03-泌尿介入材料,15-膀胱冲洗器,039-冲洗器,00-不区分,000-常规,乙类,22.14,
234,C01031700400000,01-非血管介入治疗类材料,03-泌尿介入材料,17-软镜导管,004-导管,00-不区分,000-常规,乙类,5217.45,
235,C01031800400001,01-非血管介入治疗类材料,03-泌尿介入材料,18-输尿管成像导管,004-导管,00-不区分,001-单腔,乙类,4435.81,
236,C01031800400002,01-非血管介入治疗类材料,03-泌尿介入材料,18-输尿管成像导管,004-导管,00-不区分,002-多腔,乙类,960.00,
237,C01031903700001,01-非血管介入治疗类材料,03-泌尿介入材料,19-肾造瘘套件,037-扩张器,00-不区分,001-单件,乙类,933.56,
238,C01031903700003,01-非血管介入治疗类材料,03-泌尿介入材料,19-肾造瘘套件,037-扩张器,00-不区分,003-套装,乙类,2473.29,
239,C01032003500001,01-非血管介入治疗类材料,03-泌尿介入材料,20-肾造瘘引流导管,035-引流装置,00-不区分,001-球囊形,乙类,393.91,
240,C01032003500002,01-非血管介入治疗类材料,03-泌尿介入材料,20-肾造瘘引流导管,035-引流装置,00-不区分,002-菊花头形,乙类,1000.00,
241,C01032003500003,01-非血管介入治疗类材料,03-泌尿介入材料,20-肾造瘘引流导管,035-引流装置,00-不区分,003-猪尾形,乙类,345.63,
242,C01032003500004,01-非血管介入治疗类材料,03-泌尿介入材料,20-肾造瘘引流导管,035-引流装置,00-不区分,004-其他,乙类,74.42,
243,C01032104100001,01-非血管介入治疗类材料,03-泌尿介入材料,21-膀胱造瘘导入器,041-造瘘套件,00-不区分,001-可剥,乙类,1000.00,
244,C01032204100001,01-非血管介入治疗类材料,03-泌尿介入材料,22-膀胱造瘘套件,041-造瘘套件,00-不区分,001-单件,乙类,758.21,
245,C01032204100002,01-非血管介入治疗类材料,03-泌尿介入材料,22-膀胱造瘘套件,041-造瘘套件,00-不区分,002-套装,乙类,1289.33,
246,C01032302600001,01-非血管介入治疗类材料,03-泌尿介入材料,23-泌尿介入穿刺针,026-穿刺器,00-不区分,001-超声穿刺针,乙类,508.57,
247,C01032302600002,01-非血管介入治疗类材料,03-泌尿介入材料,23-泌尿介入穿刺针,026-穿刺器,00-不区分,002-套管式穿刺针,乙类,210.66,
248,C01032400700001,01-非血管介入治疗类材料,03-泌尿介入材料,24-泌尿介入活检针,007-活检材料,00-不区分,001-全自动/带枪,乙类,300.00,
249,C01032500700001,01-非血管介入治疗类材料,03-泌尿介入材料,25-泌尿介入活检钳,007-活检材料,00-不区分,001-软镜专用,乙类,4198.00,
250,C01032704200004,01-非血管介入治疗类材料,03-泌尿介入材料,27-吊带,042-吊带,00-不区分,004-经耻骨/不带锚钉钩/吊带长度≥20cm,乙类,7881.22,
251,C01032704200007,01-非血管介入治疗类材料,03-泌尿介入材料,27-吊带,042-吊带,00-不区分,007-经闭孔/不带锚钉钩/吊带长度＜20cm,乙类,10051.72,
252,C01032704200008,01-非血管介入治疗类材料,03-泌尿介入材料,27-吊带,042-吊带,00-不区分,008-经闭孔/不带锚钉钩/吊带长度≥20cm,乙类,5021.08,
253,C01040102600002,01-非血管介入治疗类材料,04-乳腺介入材料,01-乳腺活检装置,026-穿刺器,00-不区分,002-旋切,乙类,958.00,
254,C01040204301004,01-非血管介入治疗类材料,04-乳腺介入材料,02-乳腺定位针,043-定位针,01-不锈钢,004-单钩导丝/不带串珠/超声款,乙类,410.56,
255,C01040204301006,01-非血管介入治疗类材料,04-乳腺介入材料,02-乳腺定位针,043-定位针,01-不锈钢,006-单钩导丝/不带串珠/X线,乙类,480.00,
256,C01040204301010,01-非血管介入治疗类材料,04-乳腺介入材料,02-乳腺定位针,043-定位针,01-不锈钢,010-双钩导丝/不带串珠/超声款,乙类,1000.00,
257,C01040204301012,01-非血管介入治疗类材料,04-乳腺介入材料,02-乳腺定位针,043-定位针,01-不锈钢,012-双钩导丝/不带串珠/X线,乙类,521.43,
258,C01040304302001,01-非血管介入治疗类材料,04-乳腺介入材料,03-乳腺标记定位针(物),043-定位针,02-合金,001-圈状,乙类,1000.00,
259,C01040304303002,01-非血管介入治疗类材料,04-乳腺介入材料,03-乳腺标记定位针(物),043-定位针,03-聚合物,002-翼状,乙类,1100.00,
260,C01040304303003,01-非血管介入治疗类材料,04-乳腺介入材料,03-乳腺标记定位针(物),043-定位针,03-聚合物,003-带状,乙类,1500.27,
261,C01050100102001,01-非血管介入治疗类材料,05-肿瘤介入材料,01-经皮胆道支架,001-支架,02-合金,001-自膨/编织,乙类,3682.00,
262,C01050100102002,01-非血管介入治疗类材料,05-肿瘤介入材料,01-经皮胆道支架,001-支架,02-合金,002-自膨/激光雕刻,乙类,10800.00,
263,C01050300700001,01-非血管介入治疗类材料,05-肿瘤介入材料,03-组织穿刺活检针,007-活检材料,00-不区分,001-经皮穿刺入路/细胞学活检,乙类,272.42,
264,C01050300700002,01-非血管介入治疗类材料,05-肿瘤介入材料,03-组织穿刺活检针,007-活检材料,00-不区分,002-经皮穿刺入路/软组织活检,乙类,463.34,
265,C01050300700004,01-非血管介入治疗类材料,05-肿瘤介入材料,03-组织穿刺活检针,007-活检材料,00-不区分,004-经颈静脉穿刺入路/软组织活,乙类,1100.00,
266,C01050402600001,01-非血管介入治疗类材料,05-肿瘤介入材料,04-胆道引流套管针,026-穿刺器,00-不区分,检001-一步式,乙类,534.00,
267,C01050402600002,01-非血管介入治疗类材料,05-肿瘤介入材料,04-胆道引流套管针,026-穿刺器,00-不区分,002-分步式,乙类,1829.21,
268,C01050602100001,01-非血管介入治疗类材料,05-肿瘤介入材料,06-射频消融电极（针）,021-电极,00-不区分,001-单针,乙类,6964.44,
269,C01050602100002,01-非血管介入治疗类材料,05-肿瘤介入材料,06-射频消融电极（针）,021-电极,00-不区分,002-伞型针,乙类,8000.00,
270,C01050702100002,01-非血管介入治疗类材料,05-肿瘤介入材料,07-微波消融电极（针、刀）,021-电极,00-不区分,002-水冷型,乙类,10009.50,
271,C01051100100002,01-非血管介入治疗类材料,05-肿瘤介入材料,11-可植入支架,001-支架,00-不区分,002-放射粒子支架,乙类,4500.00,
272,C01060102600001,01-非血管介入治疗类材料,06-非血管介入通用材料,01-非血管介入通用穿刺针,026-穿刺器,00-不区分,001-普通穿刺/微穿刺针＜18G,乙类,464.34,
273,C01060102600002,01-非血管介入治疗类材料,06-非血管介入通用材料,01-非血管介入通用穿刺针,026-穿刺器,00-不区分,002-普通穿刺/常规穿刺针≥18G,乙类,984.45,
274,C01060102600003,01-非血管介入治疗类材料,06-非血管介入通用材料,01-非血管介入通用穿刺针,026-穿刺器,00-不区分,003-影像引导穿刺/微穿刺针＜,乙类,939.34,
275,C01060102600004,01-非血管介入治疗类材料,06-非血管介入通用材料,01-非血管介入通用穿刺针,026-穿刺器,00-不区分,004-1影8G像引导穿刺/常规穿刺针≥,乙类,284.31,
276,C01060200700001,01-非血管介入治疗类材料,06-非血管介入通用材料,02-非血管介入通用活检针,007-活检材料,00-不区分,001-1细8G胞学活检/全自,乙类,335.17,
277,C01060200700003,01-非血管介入治疗类材料,06-非血管介入通用材料,02-非血管介入通用活检针,007-活检材料,00-不区分,003-细动胞学活检/手动,乙类,224.90,
278,C01060200700004,01-非血管介入治疗类材料,06-非血管介入通用材料,02-非血管介入通用活检针,007-活检材料,00-不区分,004-软组织活检/全自,乙类,579.96,
279,C01060200700005,01-非血管介入治疗类材料,06-非血管介入通用材料,02-非血管介入通用活检针,007-活检材料,00-不区分,005-软动组织活检/半自,乙类,547.58,
280,C01060200700006,01-非血管介入治疗类材料,06-非血管介入通用材料,02-非血管介入通用活检针,007-活检材料,00-不区分,006-软组织活检/手动,乙类,351.53,
281,C01060200700009,01-非血管介入治疗类材料,06-非血管介入通用材料,02-非血管介入通用活检针,007-活检材料,00-不区分,009-骨活检/手动,乙类,722.23,
282,C01060200700011,01-非血管介入治疗类材料,06-非血管介入通用材料,02-非血管介入通用活检针,007-活检材料,00-不区分,011-软组织活检/一体,乙类,1816.47,
283,C01060303501001,01-非血管介入治疗类材料,06-非血管介入通用材料,03-非血管介入引流管,035-引流装置,01-聚合物,001-式套装/J型,乙类,829.12,
284,C01060303501002,01-非血管介入治疗类材料,06-非血管介入通用材料,03-非血管介入引流管,035-引流装置,01-聚合物,002-套装/猪尾型,乙类,355.42,
285,C01060303501003,01-非血管介入治疗类材料,06-非血管介入通用材料,03-非血管介入引流管,035-引流装置,01-聚合物,003-单件/J型,乙类,447.60,
286,C01060303501004,01-非血管介入治疗类材料,06-非血管介入通用材料,03-非血管介入引流管,035-引流装置,01-聚合物,004-单件/猪尾型,乙类,1568.12,
287,C01060303503002,01-非血管介入治疗类材料,06-非血管介入通用材料,03-非血管介入引流管,035-引流装置,03-不锈钢,002-套装/猪尾型,乙类,1000.00,
288,C01060303503004,01-非血管介入治疗类材料,06-非血管介入通用材料,03-非血管介入引流管,035-引流装置,03-不锈钢,004-单件/猪尾型,乙类,1000.00,
289,C01060303504002,01-非血管介入治疗类材料,06-非血管介入通用材料,03-非血管介入引流管,035-引流装置,04-合金,002-套装/猪尾型,乙类,1021.89,
290,C01060303504004,01-非血管介入治疗类材料,06-非血管介入通用材料,03-非血管介入引流管,035-引流装置,04-合金,004-单件/猪尾型,乙类,1328.40,
291,C01060404700000,01-非血管介入治疗类材料,06-非血管介入通用材料,04-压力泵,047-压力泵,00-不区分,000-常规,乙类,303.82,
292,C01060504400001,01-非血管介入治疗类材料,06-非血管介入通用材料,05-经皮气管切开导入器套装,044-导入器,00-不区分,001-含扩张器/牛角式/带亲水涂层,乙类,470.23,
293,C01060504400003,01-非血管介入治疗类材料,06-非血管介入通用材料,05-经皮气管切开导入器套装,044-导入器,00-不区分,003-含扩张器/螺旋式/带亲水涂层,乙类,1452.93,
294,C01060504400004,01-非血管介入治疗类材料,06-非血管介入通用材料,05-经皮气管切开导入器套装,044-导入器,00-不区分,004-含扩张器/螺旋式/无亲水涂层,乙类,2016.32,
295,C01060604800001,01-非血管介入治疗类材料,06-非血管介入通用材料,06-取出器,048-取出器,00-不区分,001-带密封鞘/单次取,乙类,229.83,
296,C01060604800003,01-非血管介入治疗类材料,06-非血管介入通用材料,06-取出器,048-取出器,00-不区分,003-不出带密封鞘/单次取出,乙类,185.28,
297,C01060702000000,01-非血管介入治疗类材料,06-非血管介入通用材料,07-穿刺套管,020-套管,00-不区分,000-常规,乙类,548.77,
298,C01061122600001,01-非血管介入治疗类材料,06-非血管介入通用材料,11-其他非血管介入通用材料,226-取物袋,00-不区分,001-取物袋,乙类,481.07,
299,C01061202100000,01-非血管介入治疗类材料,06-非血管介入通用材料,12-神经射频电极,021-电极,00-不区分,000-常规,乙类,299.82,
300,C01061300400000,01-非血管介入治疗类材料,06-非血管介入通用材料,13-造影导管,004-导管,00-不区分,000-其他,乙类,4.14,
301,C01061300400003,01-非血管介入治疗类材料,06-非血管介入通用材料,13-造影导管,004-导管,00-不区分,003-子宫,乙类,1366.17,
302,C01070200400002,01-非血管介入治疗类材料,07-其他非血管介入材料,02-耳鼻咽喉球囊导管,004-导管,00-不区分,002-咽鼓管,乙类,6683.75,
303,C01070405000001,01-非血管介入治疗类材料,07-其他非血管介入材料,04-输卵管疏通装置,050-疏通装置,00-不区分,001-X线,乙类,1280.74,
304,C01070405000002,01-非血管介入治疗类材料,07-其他非血管介入材料,04-输卵管疏通装置,050-疏通装置,00-不区分,002-内镜,乙类,1135.61,
305,C01070605100001,01-非血管介入治疗类材料,07-其他非血管介入材料,06-异物提取装置,051-网兜套圈,00-不区分,001-钳,乙类,34.00,
306,C01070605100003,01-非血管介入治疗类材料,07-其他非血管介入材料,06-异物提取装置,051-网兜套圈,00-不区分,003-套圈,乙类,981.52,
307,C02010105200001,02-血管介入治疗类材料,01-电生理类材料,01-房间隔穿刺鞘组,052-鞘组,00-不区分,001-固定弯/带电极,乙类,175.00,
308,C02010105200002,02-血管介入治疗类材料,01-电生理类材料,01-房间隔穿刺鞘组,052-鞘组,00-不区分,002-固定弯/不带电极,乙类,800.00,
309,C02010105200003,02-血管介入治疗类材料,01-电生理类材料,01-房间隔穿刺鞘组,052-鞘组,00-不区分,003-可调弯/带电极,乙类,4712.00,
310,C02010105200004,02-血管介入治疗类材料,01-电生理类材料,01-房间隔穿刺鞘组,052-鞘组,00-不区分,004-可调弯/不带电极,乙类,3790.00,
311,C02010201500001,02-血管介入治疗类材料,01-电生理类材料,02-电生理导管鞘,015-鞘管,00-不区分,001-固定弯,乙类,1045.00,
312,C02010201500002,02-血管介入治疗类材料,01-电生理类材料,02-电生理导管鞘,015-鞘管,00-不区分,002-可调弯,乙类,5840.00,
313,C02010302600001,02-血管介入治疗类材料,01-电生理类材料,03-房间隔穿刺针,026-穿刺器,00-不区分,001-长度＜80cm,乙类,2800.00,
314,C02010302600002,02-血管介入治疗类材料,01-电生理类材料,03-房间隔穿刺针,026-穿刺器,00-不区分,002-长度≥80cm,乙类,2900.00,
315,C02010402100001,02-血管介入治疗类材料,01-电生理类材料,04-体表定位参考电极,021-电极,00-不区分,001-电定位,乙类,5464.00,
316,C02010402100003,02-血管介入治疗类材料,01-电生理类材料,04-体表定位参考电极,021-电极,00-不区分,003-磁定位,乙类,4365.00,
317,C02010402100005,02-血管介入治疗类材料,01-电生理类材料,04-体表定位参考电极,021-电极,00-不区分,005-磁电定位,乙类,5685.00,
318,C02010501000000,02-血管介入治疗类材料,01-电生理类材料,05-灌注管路,010-管路,00-不区分,000-常规,乙类,423.00,
319,C02010605300001,02-血管介入治疗类材料,01-电生理类材料,06-导管连线,053-连接线,00-不区分,001-诊断型,乙类,1095.60,
320,C02010605300002,02-血管介入治疗类材料,01-电生理类材料,06-导管连线,053-连接线,00-不区分,002-治疗型,乙类,1642.81,
321,C02010702100001,02-血管介入治疗类材料,01-电生理类材料,07-临时起搏电极,021-电极,00-不区分,001-固定弯/带漂浮气,乙类,1198.88,
322,C02010702100002,02-血管介入治疗类材料,01-电生理类材料,07-临时起搏电极,021-电极,00-不区分,002-固定弯/不带漂浮气囊,乙类,1137.34,
323,C02010702100003,02-血管介入治疗类材料,01-电生理类材料,07-临时起搏电极,021-电极,00-不区分,003-可调弯/带漂浮气,乙类,2200.00,
324,C02010702100004,02-血管介入治疗类材料,01-电生理类材料,07-临时起搏电极,021-电极,00-不区分,004-可调弯/不带漂浮气囊,乙类,1153.60,
325,C02010800400001,02-血管介入治疗类材料,01-电生理类材料,08-电定位诊断导管,004-导管,00-不区分,001-固定弯/线形/＜10个电极,乙类,2400.00,
326,C02010800400002,02-血管介入治疗类材料,01-电生理类材料,08-电定位诊断导管,004-导管,00-不区分,002-固定弯/线形/10-19个电极,乙类,3500.00,
327,C02010800400007,02-血管介入治疗类材料,01-电生理类材料,08-电定位诊断导管,004-导管,00-不区分,007-固定弯/环形/＜10个电极,乙类,21000.00,
328,C02010800400008,02-血管介入治疗类材料,01-电生理类材料,08-电定位诊断导管,004-导管,00-不区分,008-固定弯/环形/10-19个电极,乙类,21000.00,
329,C02010800400009,02-血管介入治疗类材料,01-电生理类材料,08-电定位诊断导管,004-导管,00-不区分,009-固定弯/环形/≥20个电极,乙类,4150.00,
330,C02010800400019,02-血管介入治疗类材料,01-电生理类材料,08-电定位诊断导管,004-导管,00-不区分,019-可调弯/线形/＜10个电极,乙类,4000.00,
331,C02010800400020,02-血管介入治疗类材料,01-电生理类材料,08-电定位诊断导管,004-导管,00-不区分,020-可调弯/线形/10-19个电极,乙类,4000.00,
332,C02010800400021,02-血管介入治疗类材料,01-电生理类材料,08-电定位诊断导管,004-导管,00-不区分,021-可调弯/线形/≥20个电极,乙类,5300.00,
333,C02010800400026,02-血管介入治疗类材料,01-电生理类材料,08-电定位诊断导管,004-导管,00-不区分,026-可调弯/环形/10-19个电极,乙类,10399.00,
334,C02010800400027,02-血管介入治疗类材料,01-电生理类材料,08-电定位诊断导管,004-导管,00-不区分,027-可调弯/环形/≥20个电极,乙类,5000.00,
335,C02010800400033,02-血管介入治疗类材料,01-电生理类材料,08-电定位诊断导管,004-导管,00-不区分,033-可调弯/球囊形/≥20个电极,乙类,2200.00,
336,C02010900400001,02-血管介入治疗类材料,01-电生理类材料,09-磁定位诊断导管,004-导管,00-不区分,001-线形/≤20个电极,乙类,5000.00,
337,C02010900400007,02-血管介入治疗类材料,01-电生理类材料,09-磁定位诊断导管,004-导管,00-不区分,007-环形/≤20个电极,乙类,17999.00,
338,C02010900400014,02-血管介入治疗类材料,01-电生理类材料,09-磁定位诊断导管,004-导管,00-不区分,014-星形/21-50个电,乙类,24000.00,
339,C02010900400019,02-血管介入治疗类材料,01-电生理类材料,09-磁定位诊断导管,004-导管,00-不区分,019-异极形/≤20个电极,乙类,12399.00,
340,C02010900400021,02-血管介入治疗类材料,01-电生理类材料,09-磁定位诊断导管,004-导管,00-不区分,021-异形/＞50个电极,乙类,35666.00,
341,C02011000400001,02-血管介入治疗类材料,01-电生理类材料,10-心内超声导管,004-导管,00-不区分,001-二维/环形,乙类,960.00,
342,C02011000400002,02-血管介入治疗类材料,01-电生理类材料,10-心内超声导管,004-导管,00-不区分,002-二维/扇形,乙类,13507.00,
343,C02011000400004,02-血管介入治疗类材料,01-电生理类材料,10-心内超声导管,004-导管,00-不区分,004-三维/扇形,乙类,13507.00,
344,C02011200400004,02-血管介入治疗类材料,01-电生理类材料,12-电定位治疗导管,004-导管,00-不区分,004-单弯/带压力感应/不带微电极/12孔以,乙类,26794.71,
345,C02011200400007,02-血管介入治疗类材料,01-电生理类材料,12-电定位治疗导管,004-导管,00-不区分,007-下单弯/不带压力感应/带微电极/12孔以,乙类,8047.00,
346,C02011200400010,02-血管介入治疗类材料,01-电生理类材料,12-电定位治疗导管,004-导管,00-不区分,010-下单弯/不带压力感应/不带微电极/12孔,乙类,8928.00,
347,C02011200400011,02-血管介入治疗类材料,01-电生理类材料,12-电定位治疗导管,004-导管,00-不区分,011以-单下弯/不带压力感应/不带微电极/12-50,乙类,4950.00,
348,C02011200400012,02-血管介入治疗类材料,01-电生理类材料,12-电定位治疗导管,004-导管,00-不区分,012-孔单弯/不带压力感应/不带微电极/50孔以上（含缝隙式）,乙类,11280.00,
349,C02011200400019,02-血管介入治疗类材料,01-电生理类材料,12-电定位治疗导管,004-导管,00-不区分,019-双弯/不带压力感应/带微电极/12孔以,乙类,9000.00,
350,C02011200400022,02-血管介入治疗类材料,01-电生理类材料,12-电定位治疗导管,004-导管,00-不区分,022-下双弯/不带压力感应/不带微电极/12孔,乙类,9000.00,
351,C02011200400024,02-血管介入治疗类材料,01-电生理类材料,12-电定位治疗导管,004-导管,00-不区分,024以-双下弯/不带压力感应/不带微电极/50孔以上（含缝隙式）,乙类,13000.00,
352,C02011300400004,02-血管介入治疗类材料,01-电生理类材料,13-磁定位治疗导管,004-导管,00-不区分,004-单弯/带压力感应/不带微电极/12孔以,乙类,14565.00,
353,C02011300400006,02-血管介入治疗类材料,01-电生理类材料,13-磁定位治疗导管,004-导管,00-不区分,006-下单弯/带压力感应/不带微电极/50孔以上（含缝隙,乙类,24800.00,
354,C02011300400007,02-血管介入治疗类材料,01-电生理类材料,13-磁定位治疗导管,004-导管,00-不区分,007式-单）弯/不带压力感应/带微电极/12孔以,乙类,15000.00,
355,C02011300400009,02-血管介入治疗类材料,01-电生理类材料,13-磁定位治疗导管,004-导管,00-不区分,009-下单弯/不带压力感应/带微电极/50孔以上（含缝隙,乙类,19000.00,
356,C02011300400010,02-血管介入治疗类材料,01-电生理类材料,13-磁定位治疗导管,004-导管,00-不区分,010式-单）弯/不带压力感应/不带微电极/12孔,乙类,12000.00,
357,C02011300400012,02-血管介入治疗类材料,01-电生理类材料,13-磁定位治疗导管,004-导管,00-不区分,012以-单下弯/不带压力感应/不带微电极/50孔以上（含缝隙式）,乙类,12000.00,
358,C02011300400016,02-血管介入治疗类材料,01-电生理类材料,13-磁定位治疗导管,004-导管,00-不区分,016-双弯/带压力感应/不带微电极/12孔以,乙类,25999.00,
359,C02011300400018,02-血管介入治疗类材料,01-电生理类材料,13-磁定位治疗导管,004-导管,00-不区分,018-下双弯/带压力感应/不带微电极/50孔以上（含缝隙,乙类,28000.00,
360,C02011300400019,02-血管介入治疗类材料,01-电生理类材料,13-磁定位治疗导管,004-导管,00-不区分,019式-双）弯/不带压力感应/带微电极/12孔以,乙类,18846.00,
361,C02011300400022,02-血管介入治疗类材料,01-电生理类材料,13-磁定位治疗导管,004-导管,00-不区分,022-下双弯/不带压力感应/不带微电极/12孔,乙类,11300.00,
362,C02011300400024,02-血管介入治疗类材料,01-电生理类材料,13-磁定位治疗导管,004-导管,00-不区分,024以-双下弯/不带压力感应/不带微电极/50孔以上（含缝隙式）,乙类,10000.00,
363,C02011400400001,02-血管介入治疗类材料,01-电生理类材料,14-冷冻治疗导管,004-导管,00-不区分,001-普通型,乙类,13775.00,
364,C02011400400002,02-血管介入治疗类材料,01-电生理类材料,14-冷冻治疗导管,004-导管,00-不区分,002-球囊型,乙类,28000.00,
365,C02020100102000,02-血管介入治疗类材料,02-冠脉介入治疗材料,01-冠脉裸金属支架,001-支架,02-不锈钢,000-常规,乙类,6400.00,
366,C02020200101005,02-血管介入治疗类材料,02-冠脉介入治疗材料,02-药物洗脱支架,001-支架,01-合金,005-永久涂层/雷帕霉素及衍生物,乙类,848.00,
367,C02020200101008,02-血管介入治疗类材料,02-冠脉介入治疗材料,02-药物洗脱支架,001-支架,01-合金,008-可降解涂层/雷帕霉素及衍生,乙类,848.00,
368,C02020200102002,02-血管介入治疗类材料,02-冠脉介入治疗材料,02-药物洗脱支架,001-支架,02-不锈钢,002-无物涂层/雷帕霉素及衍生物,乙类,5881.97,
369,C02020200102005,02-血管介入治疗类材料,02-冠脉介入治疗材料,02-药物洗脱支架,001-支架,02-不锈钢,005-永久涂层/雷帕霉素及衍生物,乙类,798.00,
370,C02020200102008,02-血管介入治疗类材料,02-冠脉介入治疗材料,02-药物洗脱支架,001-支架,02-不锈钢,008-可降解涂层/雷帕霉素及衍生,乙类,2791.77,
371,C02020300100000,02-血管介入治疗类材料,02-冠脉介入治疗材料,03-生物可降解支架,001-支架,00-不区分,物000-常规,乙类,20219.58,
372,C02020400100000,02-血管介入治疗类材料,02-冠脉介入治疗材料,04-冠脉其他支架,001-支架,00-不区分,000-常规,乙类,6400.00,
373,C02020500200001,02-血管介入治疗类材料,02-冠脉介入治疗材料,05-冠脉扩张球囊,002-球囊,00-不区分,001-半顺应性/快速交,乙类,425.00,
374,C02020500200002,02-血管介入治疗类材料,02-冠脉介入治疗材料,05-冠脉扩张球囊,002-球囊,00-不区分,002-半换顺应性/OTW,乙类,1476.63,
375,C02020500200003,02-血管介入治疗类材料,02-冠脉介入治疗材料,05-冠脉扩张球囊,002-球囊,00-不区分,003-非顺应性/快速交,乙类,409.70,
376,C02020600200001,02-血管介入治疗类材料,02-冠脉介入治疗材料,06-冠脉药物涂层球囊,002-球囊,00-不区分,001-亲换水涂层,乙类,6285.00,
377,C02020700200000,02-血管介入治疗类材料,02-冠脉介入治疗材料,07-切割球囊,002-球囊,00-不区分,000-常规,乙类,4978.00,
378,C02020800200000,02-血管介入治疗类材料,02-冠脉介入治疗材料,08-冠脉棘/乳突球囊,002-球囊,00-不区分,000-常规,乙类,2697.00,
379,C02020900200000,02-血管介入治疗类材料,02-冠脉介入治疗材料,09-冠脉介入其他球囊,002-球囊,00-不区分,000-常规,乙类,3550.83,
380,C02021000400000,02-血管介入治疗类材料,02-冠脉介入治疗材料,10-冠脉导引导管,004-导管,00-不区分,000-常规,乙类,760.00,
381,C02021100400000,02-血管介入治疗类材料,02-冠脉介入治疗材料,11-冠脉微导管,004-导管,00-不区分,000-常规,乙类,3900.00,
382,C02021200400000,02-血管介入治疗类材料,02-冠脉介入治疗材料,12-冠脉血栓抽吸导管,004-导管,00-不区分,000-常规,乙类,3171.55,
383,C02021300400001,02-血管介入治疗类材料,02-冠脉介入治疗材料,13-冠脉旋磨导管,004-导管,00-不区分,001-单件,乙类,7617.63,
384,C02021300400002,02-血管介入治疗类材料,02-冠脉介入治疗材料,13-冠脉旋磨导管,004-导管,00-不区分,002-套装,乙类,5564.44,
385,C02021500400001,02-血管介入治疗类材料,02-冠脉介入治疗材料,15-冠脉血管内超声诊断导管,004-导管,00-不区分,001-机械探头/频率≥60MHz,乙类,5070.00,
386,C02021500400002,02-血管介入治疗类材料,02-冠脉介入治疗材料,15-冠脉血管内超声诊断导管,004-导管,00-不区分,002-机械探头/频率＜60MHz,乙类,4750.00,
387,C02021500400004,02-血管介入治疗类材料,02-冠脉介入治疗材料,15-冠脉血管内超声诊断导管,004-导管,00-不区分,004-相控探头/频率＜60MHz,乙类,4143.00,
388,C02021600400000,02-血管介入治疗类材料,02-冠脉介入治疗材料,16-冠脉血管内光学成像导管,004-导管,00-不区分,000-常规,乙类,13699.25,
389,C02021700200000,02-血管介入治疗类材料,02-冠脉介入治疗材料,17-主动脉球囊反搏导管,002-球囊,00-不区分,000-常规,乙类,10062.15,
390,C02021800400000,02-血管介入治疗类材料,02-冠脉介入治疗材料,18-冠脉造影导管,004-导管,00-不区分,000-常规,乙类,98.50,
391,C02021900400000,02-血管介入治疗类材料,02-冠脉介入治疗材料,19-冠脉辅助支撑导管,004-导管,00-不区分,000-常规,乙类,4025.24,
392,C02022000400000,02-血管介入治疗类材料,02-冠脉介入治疗材料,20-冠脉其他导管,004-导管,00-不区分,000-其他,乙类,1705.00,
393,C02022000400001,02-血管介入治疗类材料,02-冠脉介入治疗材料,20-冠脉其他导管,004-导管,00-不区分,001-CTO,乙类,12919.82,
394,C02022100300000,02-血管介入治疗类材料,02-冠脉介入治疗材料,21-冠脉导引导丝,003-导丝,00-不区分,000-常规,乙类,719.98,
395,C02022200300001,02-血管介入治疗类材料,02-冠脉介入治疗材料,22-冠脉造影导丝,003-导丝,00-不区分,001-长度＜2.6m,乙类,98.00,
396,C02022200300002,02-血管介入治疗类材料,02-冠脉介入治疗材料,22-冠脉造影导丝,003-导丝,00-不区分,002-长度≥2.6m,乙类,147.00,
397,C02022300300000,02-血管介入治疗类材料,02-冠脉介入治疗材料,23-冠脉旋磨导丝,003-导丝,00-不区分,000-常规,乙类,1117.49,
398,C02022400300000,02-血管介入治疗类材料,02-冠脉介入治疗材料,24-冠脉压力导丝,003-导丝,00-不区分,000-常规,乙类,8067.86,
399,C02022500300001,02-血管介入治疗类材料,02-冠脉介入治疗材料,25-冠脉其他导丝,003-导丝,00-不区分,001-CTO,乙类,480.00,
400,C02022605400000,02-血管介入治疗类材料,02-冠脉介入治疗材料,26-冠脉旋磨推进器,054-介入附件,00-不区分,000-常规,乙类,4833.39,
401,C02030103800002,02-血管介入治疗类材料,03-结构心脏病用材料,01-封堵器材,038-封堵器,00-不区分,002-房间隔/非预装,乙类,17084.31,
402,C02030103800004,02-血管介入治疗类材料,03-结构心脏病用材料,01-封堵器材,038-封堵器,00-不区分,004-室间隔/非预装,乙类,8651.59,
403,C02030103800006,02-血管介入治疗类材料,03-结构心脏病用材料,01-封堵器材,038-封堵器,00-不区分,006-动脉导管未闭/非预装,乙类,8690.71,
404,C02030103800008,02-血管介入治疗类材料,03-结构心脏病用材料,01-封堵器材,038-封堵器,00-不区分,008-卵圆孔未闭/非预,乙类,19659.54,
405,C02030103800009,02-血管介入治疗类材料,03-结构心脏病用材料,01-封堵器材,038-封堵器,00-不区分,009-左装心耳/预装一体,乙类,47337.00,
406,C02030103800010,02-血管介入治疗类材料,03-结构心脏病用材料,01-封堵器材,038-封堵器,00-不区分,010-左心耳/非预装,乙类,36350.00,
407,C02030205500001,02-血管介入治疗类材料,03-结构心脏病用材料,02-封堵器输送系统,055-输送系统,00-不区分,001-房间隔/输送系统,乙类,1019.41,
408,C02030205500002,02-血管介入治疗类材料,03-结构心脏病用材料,02-封堵器输送系统,055-输送系统,00-不区分,002-房间隔/导引系统,乙类,3952.16,
409,C02030205500003,02-血管介入治疗类材料,03-结构心脏病用材料,02-封堵器输送系统,055-输送系统,00-不区分,003-室间隔/输送系统,乙类,1015.30,
410,C02030205500004,02-血管介入治疗类材料,03-结构心脏病用材料,02-封堵器输送系统,055-输送系统,00-不区分,004-室间隔/导引系统,乙类,4320.90,
411,C02030205500005,02-血管介入治疗类材料,03-结构心脏病用材料,02-封堵器输送系统,055-输送系统,00-不区分,005-动脉导管未闭/输送系统,乙类,1032.33,
412,C02030205500006,02-血管介入治疗类材料,03-结构心脏病用材料,02-封堵器输送系统,055-输送系统,00-不区分,006-动脉导管未闭/导引系统,乙类,4400.00,
413,C02030205500009,02-血管介入治疗类材料,03-结构心脏病用材料,02-封堵器输送系统,055-输送系统,00-不区分,009-左心耳/输送系统,乙类,2088.00,
414,C02030205500010,02-血管介入治疗类材料,03-结构心脏病用材料,02-封堵器输送系统,055-输送系统,00-不区分,010-左心耳/导引系统,乙类,19000.00,
415,C02030300300000,02-血管介入治疗类材料,03-结构心脏病用材料,03-结构心脏病专用导丝,003-导丝,00-不区分,000-其他导丝,乙类,369.13,
416,C02030300300001,02-血管介入治疗类材料,03-结构心脏病用材料,03-结构心脏病专用导丝,003-导丝,00-不区分,001-交换导丝,乙类,480.00,
417,C02030300300002,02-血管介入治疗类材料,03-结构心脏病用材料,03-结构心脏病专用导丝,003-导丝,00-不区分,002-网篮导丝,乙类,2378.02,
418,C02030805600001,02-血管介入治疗类材料,03-结构心脏病用材料,08-主动脉介入心脏瓣膜,056-瓣膜,00-不区分,001-自膨式,乙类,39200.00,
419,C02030805600002,02-血管介入治疗类材料,03-结构心脏病用材料,08-主动脉介入心脏瓣膜,056-瓣膜,00-不区分,002-球扩式,乙类,39200.00,
420,C02030905600000,02-血管介入治疗类材料,03-结构心脏病用材料,09-肺动脉介入心脏瓣膜,056-瓣膜,00-不区分,000-常规,乙类,40000.00,
421,C02031400400000,02-血管介入治疗类材料,03-结构心脏病用材料,14-二尖瓣球囊扩张导管,004-导管,00-不区分,000-常规,乙类,1300.40,
422,C02031600400000,02-血管介入治疗类材料,03-结构心脏病用材料,16-经皮瓣膜扩张导管,004-导管,00-不区分,000-常规,乙类,16000.00,
423,C02031700400000,02-血管介入治疗类材料,03-结构心脏病用材料,17-主动脉瓣球囊扩张导管,004-导管,00-不区分,000-常规,乙类,11346.15,
424,C02031805500000,02-血管介入治疗类材料,03-结构心脏病用材料,18-经导管介入瓣膜输送系统,055-输送系统,00-不区分,000-常规,乙类,35375.00,
425,C02031900400001,02-血管介入治疗类材料,03-结构心脏病用材料,19-其他结构心脏病类产品,004-导管,00-不区分,001-漂浮导管,乙类,2994.67,
426,C02031900400002,02-血管介入治疗类材料,03-结构心脏病用材料,19-其他结构心脏病类产品,004-导管,00-不区分,002-漂浮导管套装,乙类,2190.45,
427,C02040105800001,02-血管介入治疗类材料,04-起搏器类材料,01-单腔起搏器,058-起搏器,00-不区分,001-全身兼容MRI/频率应答,乙类,49000.00,
428,C02040105800003,02-血管介入治疗类材料,04-起搏器类材料,01-单腔起搏器,058-起搏器,00-不区分,003-非全身兼容MRI/频率应答,乙类,24213.00,
429,C02040105800005,02-血管介入治疗类材料,04-起搏器类材料,01-单腔起搏器,058-起搏器,00-不区分,005-非兼容MRI/频率应答,乙类,28000.00,
430,C02040105800006,02-血管介入治疗类材料,04-起搏器类材料,01-单腔起搏器,058-起搏器,00-不区分,006-非兼容MRI/非频率应答,乙类,13870.00,
431,C02040205800001,02-血管介入治疗类材料,04-起搏器类材料,02-双腔起搏器,058-起搏器,00-不区分,001-全身兼容MRI/频率应答,乙类,77000.00,
432,C02040205800002,02-血管介入治疗类材料,04-起搏器类材料,02-双腔起搏器,058-起搏器,00-不区分,002-全身兼容MRI/非频率应答,乙类,29425.00,
433,C02040205800003,02-血管介入治疗类材料,04-起搏器类材料,02-双腔起搏器,058-起搏器,00-不区分,003-非全身兼容MRI/频率应答,乙类,42800.00,
434,C02040205800004,02-血管介入治疗类材料,04-起搏器类材料,02-双腔起搏器,058-起搏器,00-不区分,004-非全身兼容MRI/非频率应答,乙类,16854.00,
435,C02040205800005,02-血管介入治疗类材料,04-起搏器类材料,02-双腔起搏器,058-起搏器,00-不区分,005-非兼容MRI/频率应答,乙类,46683.00,
436,C02040205800006,02-血管介入治疗类材料,04-起搏器类材料,02-双腔起搏器,058-起搏器,00-不区分,006-非兼容MRI/非频率应答,乙类,34087.00,
437,C02040305800001,02-血管介入治疗类材料,04-起搏器类材料,03-三腔起搏器,058-起搏器,00-不区分,001-全身兼容MRI/双极,乙类,92400.00,
438,C02040305800002,02-血管介入治疗类材料,04-起搏器类材料,03-三腔起搏器,058-起搏器,00-不区分,002-全身兼容MRI/四极,乙类,65450.00,
439,C02040305800003,02-血管介入治疗类材料,04-起搏器类材料,03-三腔起搏器,058-起搏器,00-不区分,003-非全身兼容MRI/双极,乙类,18000.00,
440,C02040305800004,02-血管介入治疗类材料,04-起搏器类材料,03-三腔起搏器,058-起搏器,00-不区分,004-非全身兼容MRI/四极,乙类,18000.00,
441,C02040305800005,02-血管介入治疗类材料,04-起搏器类材料,03-三腔起搏器,058-起搏器,00-不区分,005-非兼容MRI/双极,乙类,91000.00,
442,C02040305800006,02-血管介入治疗类材料,04-起搏器类材料,03-三腔起搏器,058-起搏器,00-不区分,006-非兼容MRI/四极,乙类,84000.00,
443,C02040405800000,02-血管介入治疗类材料,04-起搏器类材料,04-无导线起搏器组,058-起搏器,00-不区分,000-常规,乙类,46000.00,
444,C02040505900001,02-血管介入治疗类材料,04-起搏器类材料,05-单腔除颤器（ICD）,059-除颤器,00-不区分,001-全身兼容MRI,乙类,119770.00,
445,C02040505900002,02-血管介入治疗类材料,04-起搏器类材料,05-单腔除颤器（ICD）,059-除颤器,00-不区分,002-非全身兼容MRI,乙类,20000.00,
446,C02040505900003,02-血管介入治疗类材料,04-起搏器类材料,05-单腔除颤器（ICD）,059-除颤器,00-不区分,003-非兼容MRI,乙类,98000.00,
447,C02040605900001,02-血管介入治疗类材料,04-起搏器类材料,06-双腔除颤器（ICD）,059-除颤器,00-不区分,001-全身兼容MRI,乙类,140070.00,
448,C02040605900003,02-血管介入治疗类材料,04-起搏器类材料,06-双腔除颤器（ICD）,059-除颤器,00-不区分,003-非兼容MRI,乙类,119000.00,
449,C02040705900001,02-血管介入治疗类材料,04-起搏器类材料,07-三腔除颤器组（CRT-D）,059-除颤器,00-不区分,001-全身兼容MRI,乙类,172970.00,
450,C02040705900002,02-血管介入治疗类材料,04-起搏器类材料,07-三腔除颤器组（CRT-D）,059-除颤器,00-不区分,002-非全身兼容MRI,乙类,40000.00,
451,C02040705900003,02-血管介入治疗类材料,04-起搏器类材料,07-三腔除颤器组（CRT-D）,059-除颤器,00-不区分,003-非兼容MRI,乙类,93614.00,
452,C02040805900000,02-血管介入治疗类材料,04-起搏器类材料,08-皮下植入式心律转复除颤器,059-除颤器,00-不区分,000-常规,乙类,168000.00,
453,C02041106100001,02-血管介入治疗类材料,04-起搏器类材料,11-起搏电极导线,061-导线,00-不区分,001-右心房起搏电极导线/兼容MRI/主动,乙类,3207.00,
454,C02041106100002,02-血管介入治疗类材料,04-起搏器类材料,11-起搏电极导线,061-导线,00-不区分,002-右心房起搏电极导线/兼容MRI/被动,乙类,4275.00,
455,C02041106100003,02-血管介入治疗类材料,04-起搏器类材料,11-起搏电极导线,061-导线,00-不区分,003-右心房起搏电极导线/非兼容MRI/主动,乙类,3325.00,
456,C02041106100004,02-血管介入治疗类材料,04-起搏器类材料,11-起搏电极导线,061-导线,00-不区分,004-右心房起搏电极导线/非兼容MRI/被动,乙类,2528.00,
457,C02041106100005,02-血管介入治疗类材料,04-起搏器类材料,11-起搏电极导线,061-导线,00-不区分,005-右心室起搏电极导线/兼容MRI/主动,乙类,3207.00,
458,C02041106100006,02-血管介入治疗类材料,04-起搏器类材料,11-起搏电极导线,061-导线,00-不区分,006-右心室起搏电极导线/兼容MRI/被动,乙类,1959.00,
459,C02041106100007,02-血管介入治疗类材料,04-起搏器类材料,11-起搏电极导线,061-导线,00-不区分,007-右心室起搏电极导线/非兼容MRI/主动,乙类,3325.00,
460,C02041106100008,02-血管介入治疗类材料,04-起搏器类材料,11-起搏电极导线,061-导线,00-不区分,008-右心室起搏电极导线/非兼容MRI/被动,乙类,1470.00,
461,C02041106100010,02-血管介入治疗类材料,04-起搏器类材料,11-起搏电极导线,061-导线,00-不区分,010-左室起搏电极导线/兼容MRI/被动,乙类,9999.00,
462,C02041106100011,02-血管介入治疗类材料,04-起搏器类材料,11-起搏电极导线,061-导线,00-不区分,011-左室起搏电极导线/非兼容MRI/主动,乙类,5999.00,
463,C02041106100012,02-血管介入治疗类材料,04-起搏器类材料,11-起搏电极导线,061-导线,00-不区分,012-左室起搏电极导线/非兼容MRI/被动,乙类,13582.00,
464,C02041106100014,02-血管介入治疗类材料,04-起搏器类材料,11-起搏电极导线,061-导线,00-不区分,014-心外膜电极导线/兼容MRI/被,乙类,132.11,
465,C02041106100015,02-血管介入治疗类材料,04-起搏器类材料,11-起搏电极导线,061-导线,00-不区分,015-心动外膜电极导线/非兼容MRI/主动,乙类,88.00,
466,C02041106100016,02-血管介入治疗类材料,04-起搏器类材料,11-起搏电极导线,061-导线,00-不区分,016-心外膜电极导线/非兼容MRI/被动,乙类,3692.20,
467,C02041106100017,02-血管介入治疗类材料,04-起搏器类材料,11-起搏电极导线,061-导线,00-不区分,017-心室心房通用起搏电极导线/兼容MRI/主,乙类,3133.00,
468,C02041106100018,02-血管介入治疗类材料,04-起搏器类材料,11-起搏电极导线,061-导线,00-不区分,018-心动室心房通用起搏电极导线/兼容MRI/被,乙类,2234.00,
469,C02041106100019,02-血管介入治疗类材料,04-起搏器类材料,11-起搏电极导线,061-导线,00-不区分,019-心室心房通用起搏电极导线/非兼容MRI/主动,乙类,2615.00,
470,C02041106100020,02-血管介入治疗类材料,04-起搏器类材料,11-起搏电极导线,061-导线,00-不区分,020-心室心房通用起搏电极导线/非兼容MRI/被动,乙类,1300.00,
471,C02041206100001,02-血管介入治疗类材料,04-起搏器类材料,12-除颤电极导线,061-导线,00-不区分,001-兼容MRI/主动,乙类,16800.00,
472,C02041206100003,02-血管介入治疗类材料,04-起搏器类材料,12-除颤电极导线,061-导线,00-不区分,003-非兼容MRI/主动,乙类,5999.00,
473,C02041206100004,02-血管介入治疗类材料,04-起搏器类材料,12-除颤电极导线,061-导线,00-不区分,004-非兼容MRI/被动,乙类,13807.96,
474,C02041306200001,02-血管介入治疗类材料,04-起搏器类材料,13-起搏器附件,062-起搏器附件,00-不区分,001-起搏导线递送系统,乙类,412.17,
475,C02041306200002,02-血管介入治疗类材料,04-起搏器类材料,13-起搏器附件,062-起搏器附件,00-不区分,002-切开鞘,乙类,2286.01,
476,C02041306200003,02-血管介入治疗类材料,04-起搏器类材料,13-起搏器附件,062-起搏器附件,00-不区分,003-撕开鞘,乙类,285.16,
477,C02041306200005,02-血管介入治疗类材料,04-起搏器类材料,13-起搏器附件,062-起搏器附件,00-不区分,005-传送鞘管,乙类,7530.00,
478,C02041306200010,02-血管介入治疗类材料,04-起搏器类材料,13-起搏器附件,062-起搏器附件,00-不区分,010-造影球囊导管,乙类,5840.78,
479,C02041306200011,02-血管介入治疗类材料,04-起搏器类材料,13-起搏器附件,062-起搏器附件,00-不区分,011-切开刀,乙类,309.78,
480,C02050100100001,02-血管介入治疗类材料,05-神经介入治疗材料,01-颅内支架,001-支架,00-不区分,001-覆膜支架/动脉瘤辅助/有头,乙类,104944.44,
481,C02050100100005,02-血管介入治疗类材料,05-神经介入治疗材料,01-颅内支架,001-支架,00-不区分,005-普端通裸支架/动脉瘤辅助/有,乙类,44014.49,
482,C02050100100006,02-血管介入治疗类材料,05-神经介入治疗材料,01-颅内支架,001-支架,00-不区分,006头-普端通裸支架/动脉瘤辅助/无,乙类,34917.81,
483,C02050100100007,02-血管介入治疗类材料,05-神经介入治疗材料,01-颅内支架,001-支架,00-不区分,007头-普端通裸支架/狭窄扩张/有头,乙类,11500.00,
484,C02050100100008,02-血管介入治疗类材料,05-神经介入治疗材料,01-颅内支架,001-支架,00-不区分,008-普通裸支架/狭窄扩张/无头,乙类,16386.00,
485,C02050100100009,02-血管介入治疗类材料,05-神经介入治疗材料,01-颅内支架,001-支架,00-不区分,009-密端网支架/动脉瘤辅助/有头,乙类,33193.77,
486,C02050100100010,02-血管介入治疗类材料,05-神经介入治疗材料,01-颅内支架,001-支架,00-不区分,010-密端网支架/动脉瘤辅助/无头,乙类,44548.73,
487,C02050100100011,02-血管介入治疗类材料,05-神经介入治疗材料,01-颅内支架,001-支架,00-不区分,011-密端网支架/狭窄扩张/有头端,乙类,29893.94,
488,C02050100100012,02-血管介入治疗类材料,05-神经介入治疗材料,01-颅内支架,001-支架,00-不区分,012-密网支架/狭窄扩张/无头端,乙类,41810.46,
489,C02050200200000,02-血管介入治疗类材料,05-神经介入治疗材料,02-栓塞球囊,002-球囊,00-不区分,000-常规,乙类,8800.00,
490,C02050300200002,02-血管介入治疗类材料,05-神经介入治疗材料,03-球囊封堵导管,002-球囊,00-不区分,002-取栓用/双腔,乙类,12644.39,
491,C02050300200003,02-血管介入治疗类材料,05-神经介入治疗材料,03-球囊封堵导管,002-球囊,00-不区分,003-动脉瘤用/单腔,乙类,13538.86,
492,C02050300200004,02-血管介入治疗类材料,05-神经介入治疗材料,03-球囊封堵导管,002-球囊,00-不区分,004-动脉瘤用/双腔,乙类,19777.78,
493,C02050400200000,02-血管介入治疗类材料,05-神经介入治疗材料,04-球囊扩张导管,002-球囊,00-不区分,000-常规,乙类,14016.90,
494,C02050500400001,02-血管介入治疗类材料,05-神经介入治疗材料,05-导引导管,004-导管,00-不区分,001-远端通路/单导引,乙类,16321.50,
495,C02050500400002,02-血管介入治疗类材料,05-神经介入治疗材料,05-导引导管,004-导管,00-不区分,002-远端通路/多导引,乙类,17099.03,
496,C02050500400003,02-血管介入治疗类材料,05-神经介入治疗材料,05-导引导管,004-导管,00-不区分,003-普通通路/单导引,乙类,1239.39,
497,C02050500400004,02-血管介入治疗类材料,05-神经介入治疗材料,05-导引导管,004-导管,00-不区分,004-普通通路/多导引,乙类,1223.83,
498,C02050600400001,02-血管介入治疗类材料,05-神经介入治疗材料,06-神经介入支撑辅助导管,004-导管,00-不区分,001-支撑导管,乙类,16698.36,
499,C02050700400001,02-血管介入治疗类材料,05-神经介入治疗材料,07-微导管,004-导管,00-不区分,001-弹簧圈输送/可解脱漂浮微导,乙类,17318.52,
500,C02050700400002,02-血管介入治疗类材料,05-神经介入治疗材料,07-微导管,004-导管,00-不区分,002-弹簧圈输送/不可解脱漂浮微导管,乙类,4760.70,
501,C02050700400004,02-血管介入治疗类材料,05-神经介入治疗材料,07-微导管,004-导管,00-不区分,004-支架输送/不可解脱漂浮微导,乙类,5677.46,
502,C02050700400005,02-血管介入治疗类材料,05-神经介入治疗材料,07-微导管,004-导管,00-不区分,005-血管流导向输送/可解脱漂浮微导管,乙类,23000.00,
503,C02050700400006,02-血管介入治疗类材料,05-神经介入治疗材料,07-微导管,004-导管,00-不区分,006-血流导向输送/不可解脱漂浮微导管,乙类,8723.59,
504,C02050800400001,02-血管介入治疗类材料,05-神经介入治疗材料,08-神经介入治疗导管,004-导管,00-不区分,001-抽吸,乙类,31792.29,
505,C02050800400002,02-血管介入治疗类材料,05-神经介入治疗材料,08-神经介入治疗导管,004-导管,00-不区分,002-其他,乙类,960.00,
506,C02051000300002,02-血管介入治疗类材料,05-神经介入治疗材料,10-神经介入治疗导丝,003-导丝,00-不区分,002-导引,乙类,480.00,
507,C02051200301001,02-血管介入治疗类材料,05-神经介入治疗材料,12-微导丝,003-导丝,01-合金,001-交换导丝,乙类,3483.05,
508,C02051200301002,02-血管介入治疗类材料,05-神经介入治疗材料,12-微导丝,003-导丝,01-合金,002-工作导丝,乙类,4059.63,
509,C02051200302001,02-血管介入治疗类材料,05-神经介入治疗材料,12-微导丝,003-导丝,02-不锈钢,001-交换导丝,乙类,4207.68,
510,C02051200302002,02-血管介入治疗类材料,05-神经介入治疗材料,12-微导丝,003-导丝,02-不锈钢,002-工作导丝,乙类,4417.16,
511,C02051305400001,02-血管介入治疗类材料,05-神经介入治疗材料,13-介入附件,054-介入附件,00-不区分,001-弹簧圈解脱/机械,乙类,1710.00,
512,C02051305400002,02-血管介入治疗类材料,05-神经介入治疗材料,13-介入附件,054-介入附件,00-不区分,002-弹簧圈解脱/电动,乙类,3773.06,
513,C02051500100002,02-血管介入治疗类材料,05-神经介入治疗材料,15-取栓支架,001-支架,00-不区分,002-可解脱/头端开放/普通,乙类,7188.00,
514,C02051500100003,02-血管介入治疗类材料,05-神经介入治疗材料,15-取栓支架,001-支架,00-不区分,003-不可解脱/头端闭合/普通,乙类,28749.88,
515,C02051500100004,02-血管介入治疗类材料,05-神经介入治疗材料,15-取栓支架,001-支架,00-不区分,004-不可解脱/头端开放/普通,乙类,7199.00,
516,C02051500100007,02-血管介入治疗类材料,05-神经介入治疗材料,15-取栓支架,001-支架,00-不区分,007-不可解脱/头端闭合/双层,乙类,39581.82,
517,C02051606501003,02-血管介入治疗类材料,05-神经介入治疗材料,16-弹簧圈,065-栓塞材料,01-铂金,003-电解脱/形状3D,乙类,4000.00,
518,C02051606501004,02-血管介入治疗类材料,05-神经介入治疗材料,16-弹簧圈,065-栓塞材料,01-铂金,004-电解脱/形状2D,乙类,748.00,
519,C02051606501005,02-血管介入治疗类材料,05-神经介入治疗材料,16-弹簧圈,065-栓塞材料,01-铂金,005-水解脱/形状3D,乙类,748.00,
520,C02051606501006,02-血管介入治疗类材料,05-神经介入治疗材料,16-弹簧圈,065-栓塞材料,01-铂金,006-水解脱/形状2D,乙类,748.00,
521,C02051606501007,02-血管介入治疗类材料,05-神经介入治疗材料,16-弹簧圈,065-栓塞材料,01-铂金,007-热机械解脱/形状3D,乙类,748.00,
522,C02051606502001,02-血管介入治疗类材料,05-神经介入治疗材料,16-弹簧圈,065-栓塞材料,02-铂钨合金,001-机械解脱/形状3D,乙类,6128.00,
523,C02051606502002,02-血管介入治疗类材料,05-神经介入治疗材料,16-弹簧圈,065-栓塞材料,02-铂钨合金,002-机械解脱/形状2D,乙类,6128.00,
524,C02051606502003,02-血管介入治疗类材料,05-神经介入治疗材料,16-弹簧圈,065-栓塞材料,02-铂钨合金,003-电解脱/形状3D,乙类,5197.00,
525,C02051606502004,02-血管介入治疗类材料,05-神经介入治疗材料,16-弹簧圈,065-栓塞材料,02-铂钨合金,004-电解脱/形状2D,乙类,5197.00,
526,C02051606502005,02-血管介入治疗类材料,05-神经介入治疗材料,16-弹簧圈,065-栓塞材料,02-铂钨合金,005-水解脱/形状3D,乙类,4679.00,
527,C02051606502006,02-血管介入治疗类材料,05-神经介入治疗材料,16-弹簧圈,065-栓塞材料,02-铂钨合金,006-水解脱/形状2D,乙类,4679.00,
528,C02051606502007,02-血管介入治疗类材料,05-神经介入治疗材料,16-弹簧圈,065-栓塞材料,02-铂钨合金,007-热机械解脱/形状3D,乙类,5197.00,
529,C02051606502008,02-血管介入治疗类材料,05-神经介入治疗材料,16-弹簧圈,065-栓塞材料,02-铂钨合金,008-热机械解脱/形状2D,乙类,5197.00,
530,C02051706500000,02-血管介入治疗类材料,05-神经介入治疗材料,17-液态栓塞系统,065-栓塞材料,00-不区分,000-常规,乙类,6128.74,
531,C02051900100000,02-血管介入治疗类材料,05-神经介入治疗材料,19-血流导向密网支架,001-支架,00-不区分,000-常规,乙类,142804.80,
532,C02060100101001,02-血管介入治疗类材料,06-外周血管介入,01-颈动脉支架,001-支架,01-合金,001-闭环/直形,乙类,2793.00,
533,C02060100101002,02-血管介入治疗类材料,06-外周血管介入,01-颈动脉支架,001-支架,01-合金,002-闭环/锥形,乙类,2793.00,
534,C02060100101003,02-血管介入治疗类材料,06-外周血管介入,01-颈动脉支架,001-支架,01-合金,003-非闭环/直形,乙类,2793.00,
535,C02060100101004,02-血管介入治疗类材料,06-外周血管介入,01-颈动脉支架,001-支架,01-合金,004-非闭环/锥形,乙类,2793.00,
536,C02060200101001,02-血管介入治疗类材料,06-外周血管介入,02-锁骨下动脉支架,001-支架,01-合金,001-球扩,乙类,2793.00,
537,C02060200101002,02-血管介入治疗类材料,06-外周血管介入,02-锁骨下动脉支架,001-支架,01-合金,002-自膨,乙类,3351.00,
538,C02060200102001,02-血管介入治疗类材料,06-外周血管介入,02-锁骨下动脉支架,001-支架,02-不锈钢,001-球扩,乙类,848.00,
539,C02060300100001,02-血管介入治疗类材料,06-外周血管介入,03-椎动脉支架,001-支架,00-不区分,001-球扩,乙类,29893.94,
540,C02060400101000,02-血管介入治疗类材料,06-外周血管介入,04-肾动脉支架,001-支架,01-合金,000-常规,乙类,2793.00,
541,C02060400102000,02-血管介入治疗类材料,06-外周血管介入,04-肾动脉支架,001-支架,02-不锈钢,000-常规,乙类,2468.00,
542,C02060500100001,02-血管介入治疗类材料,06-外周血管介入,05-胸主动脉支架,001-支架,00-不区分,001-前释放/有分支/长度≤100mm,乙类,130000.00,
543,C02060500100002,02-血管介入治疗类材料,06-外周血管介入,05-胸主动脉支架,001-支架,00-不区分,002-前释放/有分支/100＜长度＜200mm,乙类,130000.00,
544,C02060500100003,02-血管介入治疗类材料,06-外周血管介入,05-胸主动脉支架,001-支架,00-不区分,003-前释放/有分支/长度≥200mm,乙类,125354.70,
545,C02060500100004,02-血管介入治疗类材料,06-外周血管介入,05-胸主动脉支架,001-支架,00-不区分,004-前释放/无分支/长度≤100mm,乙类,18000.00,
546,C02060500100005,02-血管介入治疗类材料,06-外周血管介入,05-胸主动脉支架,001-支架,00-不区分,005-前释放/无分支/100＜长度＜200mm,乙类,42006.29,
547,C02060500100006,02-血管介入治疗类材料,06-外周血管介入,05-胸主动脉支架,001-支架,00-不区分,006-前释放/无分支/长度≥200mm,乙类,44528.00,
548,C02060500100010,02-血管介入治疗类材料,06-外周血管介入,05-胸主动脉支架,001-支架,00-不区分,010-后释放/无分支/长度≤100mm,乙类,78743.41,
549,C02060500100011,02-血管介入治疗类材料,06-外周血管介入,05-胸主动脉支架,001-支架,00-不区分,011-后释放/无分支/100＜长度＜200mm,乙类,71094.98,
550,C02060500100012,02-血管介入治疗类材料,06-外周血管介入,05-胸主动脉支架,001-支架,00-不区分,012-后释放/无分支/长度≥200mm,乙类,83320.71,
551,C02060600100000,02-血管介入治疗类材料,06-外周血管介入,06-主动脉定制支架,001-支架,00-不区分,000-常规,乙类,20060.22,
552,C02060700100001,02-血管介入治疗类材料,06-外周血管介入,07-腹主动脉支架,001-支架,00-不区分,001-分体式,乙类,51283.57,
553,C02060700100002,02-血管介入治疗类材料,06-外周血管介入,07-腹主动脉支架,001-支架,00-不区分,002-一体式,乙类,49933.33,
554,C02060800100001,02-血管介入治疗类材料,06-外周血管介入,08-腹主动脉延长支架,001-支架,00-不区分,001-髂动脉延长,乙类,3282.00,
555,C02060800100003,02-血管介入治疗类材料,06-外周血管介入,08-腹主动脉延长支架,001-支架,00-不区分,003-主体延长,乙类,19851.47,
556,C02060900101005,02-血管介入治疗类材料,06-外周血管介入,09-髂股动脉支架,001-支架,01-不锈钢,005-髂动脉/球扩/长度≤15cm,乙类,3283.00,
557,C02060900102003,02-血管介入治疗类材料,06-外周血管介入,09-髂股动脉支架,001-支架,02-合金,003-股动脉/自膨/长度≤15cm,乙类,3741.00,
558,C02060900102004,02-血管介入治疗类材料,06-外周血管介入,09-髂股动脉支架,001-支架,02-合金,004-股动脉/自膨/长度＞15cm,乙类,4053.00,
559,C02060900102005,02-血管介入治疗类材料,06-外周血管介入,09-髂股动脉支架,001-支架,02-合金,005-髂动脉/球扩/长度≤15cm,乙类,2793.00,
560,C02060900102007,02-血管介入治疗类材料,06-外周血管介入,09-髂股动脉支架,001-支架,02-合金,007-髂动脉/自膨/长度≤15cm,乙类,3283.00,
561,C02061000101003,02-血管介入治疗类材料,06-外周血管介入,10-股腘动脉支架,001-支架,01-合金,003-自膨/长度≤15cm,乙类,3741.00,
562,C02061000101004,02-血管介入治疗类材料,06-外周血管介入,10-股腘动脉支架,001-支架,01-合金,004-自膨/长度＞,乙类,4053.00,
563,C02061100101001,02-血管介入治疗类材料,06-外周血管介入,11-膝下动脉支架,001-支架,01-合金,00115-自cm膨/长度≤12cm,乙类,3118.00,
564,C02061100101002,02-血管介入治疗类材料,06-外周血管介入,11-膝下动脉支架,001-支架,01-合金,002-自膨/长度＞,乙类,4053.00,
565,C02061100101003,02-血管介入治疗类材料,06-外周血管介入,11-膝下动脉支架,001-支架,01-合金,003-球扩/长度≤12cm,乙类,3118.00,
566,C02061200101001,02-血管介入治疗类材料,06-外周血管介入,12-多外周动脉支架,001-支架,01-合金,001-球扩,乙类,2793.00,
567,C02061200101002,02-血管介入治疗类材料,06-外周血管介入,12-多外周动脉支架,001-支架,01-合金,002-自膨,乙类,4053.00,
568,C02061200103001,02-血管介入治疗类材料,06-外周血管介入,12-多外周动脉支架,001-支架,03-不锈钢,001-球扩,乙类,2736.00,
569,C02061300100001,02-血管介入治疗类材料,06-外周血管介入,13-外周血管支架,001-支架,00-不区分,001-药物/有聚合物涂层/长度≤,乙类,3556.00,
570,C02061300100003,02-血管介入治疗类材料,06-外周血管介入,13-外周血管支架,001-支架,00-不区分,00135-药cm物/无聚合物涂层/长度≤,乙类,7100.00,
571,C02061300104003,02-血管介入治疗类材料,06-外周血管介入,13-外周血管支架,001-支架,04-合金,00135-覆cm膜/自膨/肝素,乙类,30151.52,
572,C02061300104004,02-血管介入治疗类材料,06-外周血管介入,13-外周血管支架,001-支架,04-合金,004涂-覆层膜/自膨/其他,乙类,4956.00,
573,C02061300105001,02-血管介入治疗类材料,06-外周血管介入,13-外周血管支架,001-支架,05-不锈钢,001涂-覆层膜/球扩/肝素,乙类,47666.63,
574,C02061300105002,02-血管介入治疗类材料,06-外周血管介入,13-外周血管支架,001-支架,05-不锈钢,002涂-覆层膜/球扩/其他,乙类,35810.81,
575,C02061500101000,02-血管介入治疗类材料,06-外周血管介入,15-腔静脉支架,001-支架,01-合金,涂层000-常规,乙类,3080.00,
576,C02061500103000,02-血管介入治疗类材料,06-外周血管介入,15-腔静脉支架,001-支架,03-不锈钢,000-常规,乙类,3480.00,
577,C02061600101003,02-血管介入治疗类材料,06-外周血管介入,16-髂股静脉支架,001-支架,01-合金,003-非闭环,乙类,5369.00,
578,C02061700101001,02-血管介入治疗类材料,06-外周血管介入,17-经颈静脉肝内门体分流(TIPS)静脉支架,001-支架,01-合金,001-覆膜支架,乙类,47739.00,
579,C02061800200001,02-血管介入治疗类材料,06-外周血管介入,18-外周药物涂层球囊,002-球囊,00-不区分,001-紫杉醇/亲水涂层/长度≤15cm,乙类,20902.04,
580,C02061800200002,02-血管介入治疗类材料,06-外周血管介入,18-外周药物涂层球囊,002-球囊,00-不区分,002-紫杉醇/亲水涂层/长度＞,乙类,21697.14,
581,C02061800200003,02-血管介入治疗类材料,06-外周血管介入,18-外周药物涂层球囊,002-球囊,00-不区分,0031-5紫cm杉醇/非亲水涂层/长度≤,乙类,20648.10,
582,C02061800200004,02-血管介入治疗类材料,06-外周血管介入,18-外周药物涂层球囊,002-球囊,00-不区分,004-紫杉醇/非亲水涂层/长度＞,乙类,21530.29,
583,C02061900200001,02-血管介入治疗类材料,06-外周血管介入,19-动脉扩张球囊,002-球囊,00-不区分,0011-5非cm顺应性/导丝直径0.014英,乙类,2589.28,
584,C02061900200002,02-血管介入治疗类材料,06-外周血管介入,19-动脉扩张球囊,002-球囊,00-不区分,002-非寸顺应性/导丝直径0.018英,乙类,5835.83,
585,C02061900200003,02-血管介入治疗类材料,06-外周血管介入,19-动脉扩张球囊,002-球囊,00-不区分,003-非寸顺应性/导丝直径0.035英,乙类,5384.93,
586,C02061900200004,02-血管介入治疗类材料,06-外周血管介入,19-动脉扩张球囊,002-球囊,00-不区分,004-半寸顺应性/导丝直径0.014英,乙类,5180.93,
587,C02061900200005,02-血管介入治疗类材料,06-外周血管介入,19-动脉扩张球囊,002-球囊,00-不区分,005-半寸顺应性/导丝直径0.018英,乙类,5692.19,
588,C02061900200006,02-血管介入治疗类材料,06-外周血管介入,19-动脉扩张球囊,002-球囊,00-不区分,006-半寸顺应性/导丝直径0.035英,乙类,2725.77,
589,C02061900200007,02-血管介入治疗类材料,06-外周血管介入,19-动脉扩张球囊,002-球囊,00-不区分,007-顺寸应性/导丝直径0.014英寸,乙类,3880.00,
590,C02061900200008,02-血管介入治疗类材料,06-外周血管介入,19-动脉扩张球囊,002-球囊,00-不区分,008-顺应性/导丝直径0.018英寸,乙类,3880.00,
591,C02061900200009,02-血管介入治疗类材料,06-外周血管介入,19-动脉扩张球囊,002-球囊,00-不区分,009-顺应性/导丝直径0.035英寸,乙类,2692.89,
592,C02062000200000,02-血管介入治疗类材料,06-外周血管介入,20-封堵球囊,002-球囊,00-不区分,000-常规,乙类,6052.00,
593,C02062100200000,02-血管介入治疗类材料,06-外周血管介入,21-切割球囊,002-球囊,00-不区分,000-常规,乙类,6134.50,
594,C02062200200000,02-血管介入治疗类材料,06-外周血管介入,22-外周血管其他球囊,002-球囊,00-不区分,000-常规,乙类,5239.47,
595,C02062400400001,02-血管介入治疗类材料,06-外周血管介入,24-溶栓导管,004-导管,00-不区分,001-带封堵导丝/带手,乙类,964.70,
596,C02062400400002,02-血管介入治疗类材料,06-外周血管介入,24-溶栓导管,004-导管,00-不区分,002-带柄封堵导丝/不带手柄,乙类,877.00,
597,C02062400400004,02-血管介入治疗类材料,06-外周血管介入,24-溶栓导管,004-导管,00-不区分,004-不带封堵导丝/不带手柄,乙类,878.00,
598,C02062500400000,02-血管介入治疗类材料,06-外周血管介入,25-取栓导管,004-导管,00-不区分,000-常规,乙类,808.60,
599,C02062600400000,02-血管介入治疗类材料,06-外周血管介入,26-导引导管,004-导管,00-不区分,000-常规,乙类,1076.44,
600,C02062701500001,02-血管介入治疗类材料,06-外周血管介入,27-导引鞘,015-鞘管,00-不区分,001-可控弯,乙类,1543.50,
601,C02062701500002,02-血管介入治疗类材料,06-外周血管介入,27-导引鞘,015-鞘管,00-不区分,002-固定弯（直型鞘）,乙类,76.88,
602,C02062800400001,02-血管介入治疗类材料,06-外周血管介入,28-微导管,004-导管,00-不区分,001-单件/直头/长度＜150cm,乙类,3178.19,
603,C02062800400002,02-血管介入治疗类材料,06-外周血管介入,28-微导管,004-导管,00-不区分,002-单件/直头/长度≥150cm,乙类,3966.90,
604,C02062800400003,02-血管介入治疗类材料,06-外周血管介入,28-微导管,004-导管,00-不区分,003-单件/弯头/长度＜150cm,乙类,4198.61,
605,C02062800400004,02-血管介入治疗类材料,06-外周血管介入,28-微导管,004-导管,00-不区分,004-单件/弯头/长度≥150cm,乙类,4060.30,
606,C02062800400005,02-血管介入治疗类材料,06-外周血管介入,28-微导管,004-导管,00-不区分,005-套装/直头/长度＜150cm,乙类,2486.00,
607,C02062800400006,02-血管介入治疗类材料,06-外周血管介入,28-微导管,004-导管,00-不区分,006-套装/直头/长度≥150cm,乙类,4663.79,
608,C02062800400007,02-血管介入治疗类材料,06-外周血管介入,28-微导管,004-导管,00-不区分,007-套装/弯头/长度＜150cm,乙类,700.00,
609,C02062800400008,02-血管介入治疗类材料,06-外周血管介入,28-微导管,004-导管,00-不区分,008-套装/弯头/长度≥150cm,乙类,6980.00,
610,C02062900400002,02-血管介入治疗类材料,06-外周血管介入,29-机械血栓抽吸导管,004-导管,00-不区分,002-静脉血栓专用/带喷药/无源,乙类,15334.00,
611,C02062900400010,02-血管介入治疗类材料,06-外周血管介入,29-机械血栓抽吸导管,004-导管,00-不区分,010-动静脉通用/带喷药/无源,乙类,19616.06,
612,C02062900400011,02-血管介入治疗类材料,06-外周血管介入,29-机械血栓抽吸导管,004-导管,00-不区分,011-动静脉通用/不带喷药/有源,乙类,19861.85,
613,C02062900400012,02-血管介入治疗类材料,06-外周血管介入,29-机械血栓抽吸导管,004-导管,00-不区分,012-动静脉通用/不带喷药/无源,乙类,960.00,
614,C02063000400003,02-血管介入治疗类材料,06-外周血管介入,30-斑块切除导管,004-导管,00-不区分,003-不带抽吸功能,乙类,19114.00,
615,C02063200400001,02-血管介入治疗类材料,06-外周血管介入,32-静脉闭合导管,004-导管,00-不区分,001-射频,乙类,960.00,
616,C02063200400004,02-血管介入治疗类材料,06-外周血管介入,32-静脉闭合导管,004-导管,00-不区分,004-微波,乙类,960.00,
617,C02063300400001,02-血管介入治疗类材料,06-外周血管介入,33-支撑导管,004-导管,00-不区分,001-均一杆身/有金属编网,乙类,5190.00,
618,C02063300400003,02-血管介入治疗类材料,06-外周血管介入,33-支撑导管,004-导管,00-不区分,003-锥形杆身/有金属编网,乙类,960.00,
619,C02063300400004,02-血管介入治疗类材料,06-外周血管介入,33-支撑导管,004-导管,00-不区分,004-锥形杆身/无金属编网,乙类,3341.72,
620,C02063400400000,02-血管介入治疗类材料,06-外周血管介入,34-外周血管其他导管,004-导管,00-不区分,000-常规,乙类,2929.90,
621,C02063506600001,02-血管介入治疗类材料,06-外周血管介入,35-腔静脉滤器,066-滤器,00-不区分,001-永久,乙类,14860.00,
622,C02063506600002,02-血管介入治疗类材料,06-外周血管介入,35-腔静脉滤器,066-滤器,00-不区分,002-临时,乙类,15434.47,
623,C02063506600003,02-血管介入治疗类材料,06-外周血管介入,35-腔静脉滤器,066-滤器,00-不区分,003-伞形可回收,乙类,20298.16,
624,C02063506600004,02-血管介入治疗类材料,06-外周血管介入,35-腔静脉滤器,066-滤器,00-不区分,004-可转换,乙类,14770.94,
625,C02063506600005,02-血管介入治疗类材料,06-外周血管介入,35-腔静脉滤器,066-滤器,00-不区分,005-梭形可回收,乙类,13636.29,
626,C02063606700000,02-血管介入治疗类材料,06-外周血管介入,36-腔静脉滤器回收套件,067-回收装置,00-不区分,000-常规,乙类,5352.10,
627,C02063700301001,02-血管介入治疗类材料,06-外周血管介入,37-导引导丝,003-导丝,01-不锈钢,001-普通/0.014英寸/长度＞2.6m,乙类,713.35,
628,C02063700301002,02-血管介入治疗类材料,06-外周血管介入,37-导引导丝,003-导丝,01-不锈钢,002-普通/0.014英寸/长度≤2.6m,乙类,733.28,
629,C02063700301003,02-血管介入治疗类材料,06-外周血管介入,37-导引导丝,003-导丝,01-不锈钢,003-普通/0.018英寸/长度＞2.6m,乙类,895.59,
630,C02063700301004,02-血管介入治疗类材料,06-外周血管介入,37-导引导丝,003-导丝,01-不锈钢,004-普通/0.018英寸/长度≤2.6m,乙类,1258.17,
631,C02063700301005,02-血管介入治疗类材料,06-外周血管介入,37-导引导丝,003-导丝,01-不锈钢,005-普通/0.035英寸/长度＞2.6m,乙类,1200.00,
632,C02063700301006,02-血管介入治疗类材料,06-外周血管介入,37-导引导丝,003-导丝,01-不锈钢,006-普通/0.035英寸/长度≤2.6m,乙类,92.61,
633,C02063700301008,02-血管介入治疗类材料,06-外周血管介入,37-导引导丝,003-导丝,01-不锈钢,008-普通/0.038英寸/长度≤2.6m,乙类,92.61,
634,C02063700301009,02-血管介入治疗类材料,06-外周血管介入,37-导引导丝,003-导丝,01-不锈钢,009-加硬/0.014英寸/长度＞2.6m,乙类,1865.96,
635,C02063700301010,02-血管介入治疗类材料,06-外周血管介入,37-导引导丝,003-导丝,01-不锈钢,010-加硬/0.014英寸/长度≤2.6m,乙类,1945.03,
636,C02063700301011,02-血管介入治疗类材料,06-外周血管介入,37-导引导丝,003-导丝,01-不锈钢,011-加硬/0.018英寸/长度＞2.6m,乙类,1681.39,
637,C02063700301012,02-血管介入治疗类材料,06-外周血管介入,37-导引导丝,003-导丝,01-不锈钢,012-加硬/0.018英寸/长度≤2.6m,乙类,1750.00,
638,C02063700301013,02-血管介入治疗类材料,06-外周血管介入,37-导引导丝,003-导丝,01-不锈钢,013-加硬/0.035英寸/长度＞2.6m,乙类,1244.26,
639,C02063700301014,02-血管介入治疗类材料,06-外周血管介入,37-导引导丝,003-导丝,01-不锈钢,014-加硬/0.035英寸/长度≤2.6m,乙类,674.12,
640,C02063700301015,02-血管介入治疗类材料,06-外周血管介入,37-导引导丝,003-导丝,01-不锈钢,015-加硬/0.038英寸/长度＞2.6m,乙类,2750.00,
641,C02063700301016,02-血管介入治疗类材料,06-外周血管介入,37-导引导丝,003-导丝,01-不锈钢,016-加硬/0.038英寸/长度≤2.6m,乙类,238.00,
642,C02063700302001,02-血管介入治疗类材料,06-外周血管介入,37-导引导丝,003-导丝,02-合金,001-普通/0.014英寸/长度＞2.6m,乙类,2370.58,
643,C02063700302002,02-血管介入治疗类材料,06-外周血管介入,37-导引导丝,003-导丝,02-合金,002-普通/0.014英寸/长度≤2.6m,乙类,990.00,
644,C02063700302003,02-血管介入治疗类材料,06-外周血管介入,37-导引导丝,003-导丝,02-合金,003-普通/0.018英寸/长度＞2.6m,乙类,95.66,
645,C02063700302004,02-血管介入治疗类材料,06-外周血管介入,37-导引导丝,003-导丝,02-合金,004-普通/0.018英寸/长度≤2.6m,乙类,95.66,
646,C02063700302005,02-血管介入治疗类材料,06-外周血管介入,37-导引导丝,003-导丝,02-合金,005-普通/0.035英寸/长度＞2.6m,乙类,95.66,
647,C02063700302006,02-血管介入治疗类材料,06-外周血管介入,37-导引导丝,003-导丝,02-合金,006-普通/0.035英寸/长度≤2.6m,乙类,161.70,
648,C02063700302008,02-血管介入治疗类材料,06-外周血管介入,37-导引导丝,003-导丝,02-合金,008-普通/0.038英寸/长度≤2.6m,乙类,161.70,
649,C02063700302011,02-血管介入治疗类材料,06-外周血管介入,37-导引导丝,003-导丝,02-合金,011-加硬/0.018英寸/长度＞2.6m,乙类,95.66,
650,C02063700302012,02-血管介入治疗类材料,06-外周血管介入,37-导引导丝,003-导丝,02-合金,012-加硬/0.018英寸/长度≤2.6m,乙类,95.66,
651,C02063700302013,02-血管介入治疗类材料,06-外周血管介入,37-导引导丝,003-导丝,02-合金,013-加硬/0.035英寸/长度＞2.6m,乙类,95.66,
652,C02063700302014,02-血管介入治疗类材料,06-外周血管介入,37-导引导丝,003-导丝,02-合金,014-加硬/0.035英寸/长度≤2.6m,乙类,161.70,
653,C02063700302016,02-血管介入治疗类材料,06-外周血管介入,37-导引导丝,003-导丝,02-合金,016-加硬/0.038英寸/长度≤2.6m,乙类,161.70,
654,C02063800301001,02-血管介入治疗类材料,06-外周血管介入,38-微导丝,003-导丝,01-合金,001-头端直形/长度＜200cm,乙类,226.68,
655,C02063800301002,02-血管介入治疗类材料,06-外周血管介入,38-微导丝,003-导丝,01-合金,002-头端直形/长度≥200cm,乙类,212.77,
656,C02063800301003,02-血管介入治疗类材料,06-外周血管介入,38-微导丝,003-导丝,01-合金,003-头端预塑形/长度＜200cm,乙类,429.11,
657,C02063800301004,02-血管介入治疗类材料,06-外周血管介入,38-微导丝,003-导丝,01-合金,004-头端预塑形/长度≥200cm,乙类,195.46,
658,C02063800302001,02-血管介入治疗类材料,06-外周血管介入,38-微导丝,003-导丝,02-不锈钢,001-头端直形/长度＜200cm,乙类,982.03,
659,C02063800302002,02-血管介入治疗类材料,06-外周血管介入,38-微导丝,003-导丝,02-不锈钢,002-头端直形/长度≥200cm,乙类,3383.24,
660,C02063800302003,02-血管介入治疗类材料,06-外周血管介入,38-微导丝,003-导丝,02-不锈钢,003-头端预塑形/长度＜200cm,乙类,740.75,
661,C02063800302004,02-血管介入治疗类材料,06-外周血管介入,38-微导丝,003-导丝,02-不锈钢,004-头端预塑形/长度≥200cm,乙类,3331.86,
662,C02063900300000,02-血管介入治疗类材料,06-外周血管介入,39-外周血管其他导丝,003-导丝,00-不区分,000-常规,乙类,95.66,
663,C02064006501010,02-血管介入治疗类材料,06-外周血管介入,40-外周动脉弹簧圈,065-栓塞材料,01-不锈钢,010-游离/形状3D/带纤维/D=0.035英,乙类,1316.45,
664,C02064006502001,02-血管介入治疗类材料,06-外周血管介入,40-外周动脉弹簧圈,065-栓塞材料,02-合金,001-寸可控/形状3D/带纤维/D=0.018英,乙类,748.00,
665,C02064006502002,02-血管介入治疗类材料,06-外周血管介入,40-外周动脉弹簧圈,065-栓塞材料,02-合金,002-寸可控/形状3D/带纤维/D=0.035英,乙类,4280.00,
666,C02064006502003,02-血管介入治疗类材料,06-外周血管介入,40-外周动脉弹簧圈,065-栓塞材料,02-合金,003-寸可控/形状3D/不带纤维/D=0.018英寸,乙类,748.00,
667,C02064006502004,02-血管介入治疗类材料,06-外周血管介入,40-外周动脉弹簧圈,065-栓塞材料,02-合金,004-可控/形状3D/不带纤维/D=0.035英寸,乙类,748.00,
668,C02064006502005,02-血管介入治疗类材料,06-外周血管介入,40-外周动脉弹簧圈,065-栓塞材料,02-合金,005-可控/形状2D/带纤维/D=0.018英,乙类,4280.00,
669,C02064006502006,02-血管介入治疗类材料,06-外周血管介入,40-外周动脉弹簧圈,065-栓塞材料,02-合金,006-寸可控/形状2D/带纤维/D=0.035英,乙类,4280.00,
670,C02064006502009,02-血管介入治疗类材料,06-外周血管介入,40-外周动脉弹簧圈,065-栓塞材料,02-合金,009-寸游离/形状3D/带纤维/D=0.018英,乙类,1020.00,
671,C02064006502010,02-血管介入治疗类材料,06-外周血管介入,40-外周动脉弹簧圈,065-栓塞材料,02-合金,010-寸游离/形状3D/带纤维/D=0.035英,乙类,1020.00,
672,C02064006502013,02-血管介入治疗类材料,06-外周血管介入,40-外周动脉弹簧圈,065-栓塞材料,02-合金,013-寸游离/形状2D/带纤维/D=0.018英,乙类,1020.00,
673,C02064006502014,02-血管介入治疗类材料,06-外周血管介入,40-外周动脉弹簧圈,065-栓塞材料,02-合金,014-寸游离/形状2D/带纤维/D=0.035英,乙类,1020.00,
674,C02064106501000,02-血管介入治疗类材料,06-外周血管介入,41-栓塞材料,065-栓塞材料,01-明胶海绵,寸000-常规,乙类,1190.70,
675,C02064106502000,02-血管介入治疗类材料,06-外周血管介入,41-栓塞材料,065-栓塞材料,02-栓塞胶,000-常规,乙类,748.00,
676,C02064206501001,02-血管介入治疗类材料,06-外周血管介入,42-栓塞微球,065-栓塞材料,01-空白微球,001-粒径≥100μm,乙类,1458.88,
677,C02064206501002,02-血管介入治疗类材料,06-外周血管介入,42-栓塞微球,065-栓塞材料,01-空白微球,002-粒径＜100μm,乙类,1495.68,
678,C02064206502001,02-血管介入治疗类材料,06-外周血管介入,42-栓塞微球,065-栓塞材料,02-载药微球,001-粒径≥100μm,乙类,14104.04,
679,C02064206502002,02-血管介入治疗类材料,06-外周血管介入,42-栓塞微球,065-栓塞材料,02-载药微球,002-粒径＜100μm,乙类,25236.49,
680,C02064306500000,02-血管介入治疗类材料,06-外周血管介入,43-血管塞,065-栓塞材料,00-不区分,000-常规,乙类,748.00,
681,C02064402600001,02-血管介入治疗类材料,06-外周血管介入,44-经颈静脉肝内穿刺器,026-穿刺器,00-不区分,001-空芯型,乙类,5316.42,
682,C02064402600002,02-血管介入治疗类材料,06-外周血管介入,44-经颈静脉肝内穿刺器,026-穿刺器,00-不区分,002-实芯型,乙类,5668.18,
683,C02064506801000,02-血管介入治疗类材料,06-外周血管介入,45-静脉剥脱器,068-剥脱器,01-金属,000-常规,乙类,803.00,
684,C02064506802000,02-血管介入治疗类材料,06-外周血管介入,45-静脉剥脱器,068-剥脱器,02-塑料,000-常规,乙类,1250.00,
685,C02064606900005,02-血管介入治疗类材料,06-外周血管介入,46-血栓保护装置,069-血栓保护装置,00-不区分,005-远端/固定直径/固定导丝,乙类,15242.59,
686,C02064606900006,02-血管介入治疗类材料,06-外周血管介入,46-血栓保护装置,069-血栓保护装置,00-不区分,006-远端/固定直径/非固定导丝,乙类,14751.31,
687,C02064606900007,02-血管介入治疗类材料,06-外周血管介入,46-血栓保护装置,069-血栓保护装置,00-不区分,007-远端/自适应直径/固定导丝,乙类,15208.74,
688,C02064606900008,02-血管介入治疗类材料,06-外周血管介入,46-血栓保护装置,069-血栓保护装置,00-不区分,008-远端/自适应直径/非固定导,乙类,15698.78,
689,C02064807100000,02-血管介入治疗类材料,06-外周血管介入,48-CTO开通辅助器械,071-开通辅助器械,00-不区分,丝000-常规,乙类,32.70,
690,C02065000200001,02-血管介入治疗类材料,06-外周血管介入,50-静脉扩张球囊,002-球囊,00-不区分,001-非顺应性,乙类,7114.48,
691,C02070100400000,02-血管介入治疗类材料,07-通用介入治疗材料,01-造影导管,004-导管,00-不区分,000-其他,乙类,609.00,
692,C02070100400006,02-血管介入治疗类材料,07-通用介入治疗材料,01-造影导管,004-导管,00-不区分,006-标测,乙类,613.50,
693,C02070200400000,02-血管介入治疗类材料,07-通用介入治疗材料,02-外周介入支撑辅助导管,004-导管,00-不区分,000-常规,乙类,5481.43,
694,C02070300401001,02-血管介入治疗类材料,07-通用介入治疗材料,03-中心静脉导管,004-导管,01-聚氨酯,001-经中心静脉路入/前端瓣膜,乙类,109.90,
695,C02070300401003,02-血管介入治疗类材料,07-通用介入治疗材料,03-中心静脉导管,004-导管,01-聚氨酯,003-经中心静脉路入/前端开口,乙类,96.60,
696,C02070300401004,02-血管介入治疗类材料,07-通用介入治疗材料,03-中心静脉导管,004-导管,01-聚氨酯,004-经中心静脉路入/带心电导联定位,乙类,334.88,
697,C02070300401005,02-血管介入治疗类材料,07-通用介入治疗材料,03-中心静脉导管,004-导管,01-聚氨酯,005-经外周静脉路入/前端瓣膜,乙类,498.00,
698,C02070300401006,02-血管介入治疗类材料,07-通用介入治疗材料,03-中心静脉导管,004-导管,01-聚氨酯,006-经外周静脉路入/末端瓣膜,乙类,715.20,
699,C02070300401007,02-血管介入治疗类材料,07-通用介入治疗材料,03-中心静脉导管,004-导管,01-聚氨酯,007-经外周静脉路入/前端开口,乙类,949.92,
700,C02070300401008,02-血管介入治疗类材料,07-通用介入治疗材料,03-中心静脉导管,004-导管,01-聚氨酯,008-经外周静脉路入/带心电导联定位,乙类,326.60,
701,C02070300402005,02-血管介入治疗类材料,07-通用介入治疗材料,03-中心静脉导管,004-导管,02-硅胶,005-经外周静脉路入/前端瓣膜,乙类,607.00,
702,C02070300402007,02-血管介入治疗类材料,07-通用介入治疗材料,03-中心静脉导管,004-导管,02-硅胶,007-经外周静脉路入/前端开口,乙类,643.00,
703,C02070407200001,02-血管介入治疗类材料,07-通用介入治疗材料,04-输液港,072-输液港,00-不区分,001-动脉型,乙类,2278.00,
704,C02070407200002,02-血管介入治疗类材料,07-通用介入治疗材料,04-输液港,072-输液港,00-不区分,002-末端开口静脉型,乙类,1818.00,
705,C02070407200003,02-血管介入治疗类材料,07-通用介入治疗材料,04-输液港,072-输液港,00-不区分,003-腹腔型,乙类,2278.00,
706,C02070407200004,02-血管介入治疗类材料,07-通用介入治疗材料,04-输液港,072-输液港,00-不区分,004-瓣膜开口静脉型,乙类,2788.00,
707,C02070407200005,02-血管介入治疗类材料,07-通用介入治疗材料,04-输液港,072-输液港,00-不区分,005-耐高压末端开口静脉型,乙类,1999.80,
708,C02070407200006,02-血管介入治疗类材料,07-通用介入治疗材料,04-输液港,072-输液港,00-不区分,006-耐高压瓣膜开口静脉型,乙类,8104.02,
709,C02070500400001,02-血管介入治疗类材料,07-通用介入治疗材料,05-中线导管,004-导管,00-不区分,001-耐高压/中长型≤12cm,乙类,877.69,
710,C02070500400003,02-血管介入治疗类材料,07-通用介入治疗材料,05-中线导管,004-导管,00-不区分,003-不耐高压/中长型≤12cm,乙类,474.96,
711,C02070500400004,02-血管介入治疗类材料,07-通用介入治疗材料,05-中线导管,004-导管,00-不区分,004-不耐高压/长型＞12cm,乙类,870.76,
712,C02070600300000,02-血管介入治疗类材料,07-通用介入治疗材料,06-造影导丝,003-导丝,00-不区分,000-常规,乙类,164.63,
713,C02070700300000,02-血管介入治疗类材料,07-通用介入治疗材料,07-弹簧圈推送导丝,003-导丝,00-不区分,000-常规,乙类,480.00,
714,C02070800300000,02-血管介入治疗类材料,07-通用介入治疗材料,08-通用介入其他导丝,003-导丝,00-不区分,000-常规,乙类,165.00,
715,C02070901500001,02-血管介入治疗类材料,07-通用介入治疗材料,09-外周血管介入鞘组,015-鞘管,00-不区分,001-带主动止血阀/普通鞘,乙类,79.98,
716,C02070901500002,02-血管介入治疗类材料,07-通用介入治疗材料,09-外周血管介入鞘组,015-鞘管,00-不区分,002-带主动止血阀/封堵鞘,乙类,88.00,
717,C02070901500003,02-血管介入治疗类材料,07-通用介入治疗材料,09-外周血管介入鞘组,015-鞘管,00-不区分,003-带被动止血阀/普通鞘,乙类,88.00,
718,C02070901500004,02-血管介入治疗类材料,07-通用介入治疗材料,09-外周血管介入鞘组,015-鞘管,00-不区分,004-带被动止血阀/封堵鞘,乙类,1216.60,
719,C02070901500005,02-血管介入治疗类材料,07-通用介入治疗材料,09-外周血管介入鞘组,015-鞘管,00-不区分,005-不带阀/普通鞘,乙类,284.70,
720,C02071001500000,02-血管介入治疗类材料,07-通用介入治疗材料,10-血管鞘,015-鞘管,00-不区分,000-常规,乙类,285.50,
721,C02071102600001,02-血管介入治疗类材料,07-通用介入治疗材料,11-穿刺针,026-穿刺器,00-不区分,001-超声引导穿刺,乙类,503.44,
722,C02071102600002,02-血管介入治疗类材料,07-通用介入治疗材料,11-穿刺针,026-穿刺器,00-不区分,002-普通穿刺,乙类,33.05,
723,C02071207300001,02-血管介入治疗类材料,07-通用介入治疗材料,12-血管止血装置,073-止血装置,00-不区分,001-缝合,乙类,1156.90,
724,C02071207300003,02-血管介入治疗类材料,07-通用介入治疗材料,12-血管止血装置,073-止血装置,00-不区分,003-压迫,乙类,74.40,
725,C02071207300004,02-血管介入治疗类材料,07-通用介入治疗材料,12-血管止血装置,073-止血装置,00-不区分,004-封堵,乙类,1285.00,
726,C02071407400001,02-血管介入治疗类材料,07-通用介入治疗材料,14-抓捕器,074-抓捕器,00-不区分,001-单套圈,乙类,2520.17,
727,C02071407400002,02-血管介入治疗类材料,07-通用介入治疗材料,14-抓捕器,074-抓捕器,00-不区分,002-多套圈,乙类,2525.00,
728,C02071507500000,02-血管介入治疗类材料,07-通用介入治疗材料,15-自动造影剂注射套装,075-注射套装,00-不区分,000-常规,乙类,14.29,
729,C02071605400000,02-血管介入治疗类材料,07-通用介入治疗材料,16-三连三通,054-介入附件,00-不区分,000-常规,乙类,32.00,
730,C02071705400000,02-血管介入治疗类材料,07-通用介入治疗材料,17-环型注射器,054-介入附件,00-不区分,000-常规,乙类,26.40,
731,C02071805400000,02-血管介入治疗类材料,07-通用介入治疗材料,18-Y接头,054-介入附件,00-不区分,000-常规,乙类,68.70,
732,C02072005400000,02-血管介入治疗类材料,07-通用介入治疗材料,20-压力延长管,054-介入附件,00-不区分,000-常规,乙类,32.50,
733,C02072105400000,02-血管介入治疗类材料,07-通用介入治疗材料,21-压力泵,054-介入附件,00-不区分,000-常规,乙类,634.81,
734,C02072205400000,02-血管介入治疗类材料,07-通用介入治疗材料,22-高压注射筒,054-介入附件,00-不区分,000-常规,乙类,1274.69,
735,C03010107601001,03-骨科材料,01-锚钉,01-带线锚钉,076-锚钉,01-钛合金,001-直径≤2mm,乙类,1614.00,
736,C03010107601002,03-骨科材料,01-锚钉,01-带线锚钉,076-锚钉,01-钛合金,002-2＜直径≤6mm,乙类,1621.00,
737,C03010107601003,03-骨科材料,01-锚钉,01-带线锚钉,076-锚钉,01-钛合金,003-直径＞6mm,乙类,1614.00,
738,C03010107602001,03-骨科材料,01-锚钉,01-带线锚钉,076-锚钉,02-聚醚醚酮（PEEK）,001-直径≤2mm,乙类,1435.00,
739,C03010107602002,03-骨科材料,01-锚钉,01-带线锚钉,076-锚钉,02-聚醚醚酮（PEEK）,002-2＜直径≤6mm,乙类,1755.00,
740,C03010107602003,03-骨科材料,01-锚钉,01-带线锚钉,076-锚钉,02-聚醚醚酮（PEEK）,003-直径＞6mm,乙类,1751.00,
741,C03010107604001,03-骨科材料,01-锚钉,01-带线锚钉,076-锚钉,04-复合材料,001-不可吸收/直径≤2mm,乙类,2175.00,
742,C03010107604002,03-骨科材料,01-锚钉,01-带线锚钉,076-锚钉,04-复合材料,002-不可吸收/2＜直径≤6mm,乙类,2181.00,
743,C03010107604003,03-骨科材料,01-锚钉,01-带线锚钉,076-锚钉,04-复合材料,003-不可吸收/直径＞6mm,乙类,974.00,
744,C03010107604004,03-骨科材料,01-锚钉,01-带线锚钉,076-锚钉,04-复合材料,004-可吸收/直径≤2mm,乙类,1687.00,
745,C03010107604005,03-骨科材料,01-锚钉,01-带线锚钉,076-锚钉,04-复合材料,005-可吸收/2＜直径≤6mm,乙类,1863.00,
746,C03010107604006,03-骨科材料,01-锚钉,01-带线锚钉,076-锚钉,04-复合材料,006-可吸收/直径＞,乙类,1863.00,
747,C03010207601001,03-骨科材料,01-锚钉,02-非带线锚钉,076-锚钉,01-钛合金,0016-m直m径≤2mm,乙类,1359.00,
748,C03010207601002,03-骨科材料,01-锚钉,02-非带线锚钉,076-锚钉,01-钛合金,002-2＜直径≤6mm,乙类,1618.00,
749,C03010207602002,03-骨科材料,01-锚钉,02-非带线锚钉,076-锚钉,02-聚醚醚酮（PEEK）,002-2＜直径≤6mm,乙类,1747.00,
750,C03010207604005,03-骨科材料,01-锚钉,02-非带线锚钉,076-锚钉,04-复合材料,005-可吸收/2＜直径≤6mm,乙类,1812.00,
751,C03020107700000,03-骨科材料,02-人工韧带系,01-膝关节用人工韧带,077-人工韧带,00-不区分,000-常规,乙类,16172.00,
752,C03020207700000,03-骨科材料,02-人工统韧带系,02-小关节用人工韧带,077-人工韧带,00-不区分,000-常规,乙类,16172.00,
753,C03020307700000,03-骨科材料,02-人工统韧带系,03-肩关节用人工韧带,077-人工韧带,00-不区分,000-常规,乙类,16172.00,
754,C03020407700000,03-骨科材料,02-人工统韧带系,04-其他关节用人工韧带,077-人工韧带,00-不区分,000-常规,乙类,16172.00,
755,C03020507800000,03-骨科材料,02-人工统韧带系,05-人工韧带固定钉,078-固定钉,00-不区分,000-常规,乙类,906.00,
756,C03030107801001,03-骨科材料,统03-固定钉,01-界面固定钉,078-固定钉,01-钛合金,001-普通界面螺钉/直径＜6mm,乙类,808.00,
757,C03030107801002,03-骨科材料,03-固定钉,01-界面固定钉,078-固定钉,01-钛合金,002-普通界面螺钉/直径≥6.0mm,乙类,808.00,
758,C03030107802001,03-骨科材料,03-固定钉,01-界面固定钉,078-固定钉,02-聚醚醚酮（PEEK）,001-普通界面螺钉/直径＜6mm,乙类,1329.00,
759,C03030107802002,03-骨科材料,03-固定钉,01-界面固定钉,078-固定钉,02-聚醚醚酮（PEEK）,002-普通界面螺钉/直径≥6.0mm,乙类,1868.00,
760,C03030107802004,03-骨科材料,03-固定钉,01-界面固定钉,078-固定钉,02-聚醚醚酮（PEEK）,004-带鞘界面螺钉/直径≥6.0mm,乙类,1869.00,
761,C03030107803001,03-骨科材料,03-固定钉,01-界面固定钉,078-固定钉,03-复合材料,001-普通界面螺钉/可吸收/直径＜6mm,乙类,1378.00,
762,C03030107803002,03-骨科材料,03-固定钉,01-界面固定钉,078-固定钉,03-复合材料,002-普通界面螺钉/可吸收/直径≥6.0mm,乙类,1378.00,
763,C03030107803004,03-骨科材料,03-固定钉,01-界面固定钉,078-固定钉,03-复合材料,004-带鞘界面螺钉/可吸收/直径≥6.0mm,乙类,1899.00,
764,C03030107803008,03-骨科材料,03-固定钉,01-界面固定钉,078-固定钉,03-复合材料,008-带鞘界面螺钉/不可吸收/直径≥6.0mm,乙类,1329.00,
765,C03030207800002,03-骨科材料,03-固定钉,02-横穿固定钉,078-固定钉,00-不区分,002-生物可吸收,乙类,5130.49,
766,C03030407800001,03-骨科材料,03-固定钉,04-软组织固定钉,078-固定钉,00-不区分,001-带齿,乙类,910.00,
767,C03030407800002,03-骨科材料,03-固定钉,04-软组织固定钉,078-固定钉,00-不区分,002-无齿,乙类,910.00,
768,C03050107901001,03-骨科材料,05-拉力钉,01-空心拉力螺钉,079-螺钉,01-不锈钢,001-灭菌,乙类,148.17,
769,C03050107901002,03-骨科材料,05-拉力钉,01-空心拉力螺钉,079-螺钉,01-不锈钢,002-非灭菌,乙类,200.00,
770,C03050107903001,03-骨科材料,05-拉力钉,01-空心拉力螺钉,079-螺钉,03-钛合金,001-灭菌,乙类,550.00,
771,C03050107903002,03-骨科材料,05-拉力钉,01-空心拉力螺钉,079-螺钉,03-钛合金,002-非灭菌,乙类,1116.00,
772,C03050207901001,03-骨科材料,05-拉力钉,02-非空心拉力螺钉,079-螺钉,01-不锈钢,001-灭菌,乙类,41.00,
773,C03050207901002,03-骨科材料,05-拉力钉,02-非空心拉力螺钉,079-螺钉,01-不锈钢,002-非灭菌,乙类,348.00,
774,C03050207903001,03-骨科材料,05-拉力钉,02-非空心拉力螺钉,079-螺钉,03-钛合金,001-灭菌,乙类,700.00,
775,C03050207903002,03-骨科材料,05-拉力钉,02-非空心拉力螺钉,079-螺钉,03-钛合金,002-非灭菌,乙类,1116.00,
776,C03060108000000,03-骨科材料,06-固定板,01-可调式固定板,080-固定板,00-不区分,000-常规,乙类,2108.00,
777,C03060208000000,03-骨科材料,06-固定板,02-不可调式固定板,080-固定板,00-不区分,000-常规,乙类,1716.00,
778,C03070108100001,03-骨科材料,07-半月板修复移植系统,01-半月板修复系统,081-修复材料,00-不区分,001-全内,乙类,1555.00,
779,C03070108100002,03-骨科材料,07-半月板修复移植系统,01-半月板修复系统,081-修复材料,00-不区分,002-非全内,乙类,1555.00,
780,C03070308100000,03-骨科材料,07-半月板修复移植系统,03-半月板施钉器,081-修复材料,00-不区分,000-常规,乙类,300.00,
781,C03070408100000,03-骨科材料,07-半月板修复移植系统,04-半月板移植系统,081-修复材料,00-不区分,000-常规,乙类,1555.00,
782,C03080108100000,03-骨科材料,08-关节镜配套系统,01-修复用缝线,081-修复材料,00-不区分,000-常规,乙类,1055.00,
783,C03080408400000,03-骨科材料,08-关节镜配套系统,04-射频系统,084-射频系统,00-不区分,000-常规,乙类,2777.25,
784,C03100123300003,03-骨科材料,10-其他微创材料,01-其他微创材料,233-内窥镜手术器械,00-不区分,003-内窥镜手术器械,乙类,6959.81,
785,C03110108001004,03-骨科材料,11-接骨板,01-胸骨接骨板,080-固定板,01-不锈钢,004-普通/不含紧急释放钉/非灭,乙类,1089.00,
786,C03110108001006,03-骨科材料,11-接骨板,01-胸骨接骨板,080-固定板,01-不锈钢,006-锁菌定加压/含紧急释放钉/非,乙类,1022.00,
787,C03110108002003,03-骨科材料,11-接骨板,01-胸骨接骨板,080-固定板,02-纯钛,003灭-普菌通/不含紧急释放钉/灭菌,乙类,1089.00,
788,C03110108002004,03-骨科材料,11-接骨板,01-胸骨接骨板,080-固定板,02-纯钛,004-普通/不含紧急释放钉/非灭,乙类,1089.00,
789,C03110108002005,03-骨科材料,11-接骨板,01-胸骨接骨板,080-固定板,02-纯钛,005-锁定加压/含紧急释放钉/灭,乙类,1089.00,
790,C03110108002006,03-骨科材料,11-接骨板,01-胸骨接骨板,080-固定板,02-纯钛,006-锁菌定加压/含紧急释放钉/非,乙类,1247.00,
791,C03110108002007,03-骨科材料,11-接骨板,01-胸骨接骨板,080-固定板,02-纯钛,007灭-锁菌定加压/不含紧急释放钉/,乙类,1416.00,
792,C03110108002008,03-骨科材料,11-接骨板,01-胸骨接骨板,080-固定板,02-纯钛,008灭-锁菌定加压/不含紧急释放钉/非灭菌,乙类,1416.00,
793,C03110108003003,03-骨科材料,11-接骨板,01-胸骨接骨板,080-固定板,03-钛合金,003-普通/不含紧急释放钉/灭菌,乙类,1465.00,
794,C03110108003004,03-骨科材料,11-接骨板,01-胸骨接骨板,080-固定板,03-钛合金,004-普通/不含紧急释放钉/非灭,乙类,1465.00,
795,C03110208001001,03-骨科材料,11-接骨板,02-肋骨接骨板,080-固定板,01-不锈钢,001-菌普通/灭菌,乙类,3458.15,
796,C03110208002001,03-骨科材料,11-接骨板,02-肋骨接骨板,080-固定板,02-纯钛,001-普通/灭菌,乙类,1003.00,
797,C03110208002002,03-骨科材料,11-接骨板,02-肋骨接骨板,080-固定板,02-纯钛,002-普通/非灭菌,乙类,1018.00,
798,C03110208002004,03-骨科材料,11-接骨板,02-肋骨接骨板,080-固定板,02-纯钛,004-锁定加压/非灭菌,乙类,1436.00,
799,C03110208002006,03-骨科材料,11-接骨板,02-肋骨接骨板,080-固定板,02-纯钛,006-万向锁定加压/非灭菌,乙类,1098.28,
800,C03110208003001,03-骨科材料,11-接骨板,02-肋骨接骨板,080-固定板,03-钛合金,001-普通/灭菌,乙类,1062.00,
801,C03110208003002,03-骨科材料,11-接骨板,02-肋骨接骨板,080-固定板,03-钛合金,002-普通/非灭菌,乙类,1062.00,
802,C03110208003003,03-骨科材料,11-接骨板,02-肋骨接骨板,080-固定板,03-钛合金,003-锁定加压/灭菌,乙类,1367.00,
803,C03110208003004,03-骨科材料,11-接骨板,02-肋骨接骨板,080-固定板,03-钛合金,004-锁定加压/非灭菌,乙类,1367.00,
804,C03110208003006,03-骨科材料,11-接骨板,02-肋骨接骨板,080-固定板,03-钛合金,006-万向锁定加压/非灭菌,乙类,780.00,
805,C03110308001002,03-骨科材料,11-接骨板,03-锁骨接骨板,080-固定板,01-不锈钢,002-普通/外侧前方/非灭菌,乙类,578.00,
806,C03110308001004,03-骨科材料,11-接骨板,03-锁骨接骨板,080-固定板,01-不锈钢,004-普通/外侧上方/非灭菌,乙类,670.00,
807,C03110308001006,03-骨科材料,11-接骨板,03-锁骨接骨板,080-固定板,01-不锈钢,006-普通/中段前方/非灭菌,乙类,703.00,
808,C03110308001007,03-骨科材料,11-接骨板,03-锁骨接骨板,080-固定板,01-不锈钢,007-普通/中段上方/,乙类,1170.00,
809,C03110308001008,03-骨科材料,11-接骨板,03-锁骨接骨板,080-固定板,01-不锈钢,008灭-普菌通/中段上方/非灭菌,乙类,804.00,
810,C03110308001018,03-骨科材料,11-接骨板,03-锁骨接骨板,080-固定板,01-不锈钢,018-锁定加压/外侧前方/非灭菌,乙类,1070.72,
811,C03110308001019,03-骨科材料,11-接骨板,03-锁骨接骨板,080-固定板,01-不锈钢,019-锁定加压/外侧上方/灭菌,乙类,402.19,
812,C03110308001020,03-骨科材料,11-接骨板,03-锁骨接骨板,080-固定板,01-不锈钢,020-锁定加压/外侧上方/非灭菌,乙类,807.00,
813,C03110308001022,03-骨科材料,11-接骨板,03-锁骨接骨板,080-固定板,01-不锈钢,022-锁定加压/中段前方/非灭菌,乙类,807.00,
814,C03110308001024,03-骨科材料,11-接骨板,03-锁骨接骨板,080-固定板,01-不锈钢,024-锁定加压/中段上方/非灭菌,乙类,807.00,
815,C03110308001028,03-骨科材料,11-接骨板,03-锁骨接骨板,080-固定板,01-不锈钢,028-锁定加压/内侧上方/非灭菌,乙类,807.00,
816,C03110308002001,03-骨科材料,11-接骨板,03-锁骨接骨板,080-固定板,02-纯钛,001-普通/外侧前方/,乙类,6143.64,
817,C03110308002002,03-骨科材料,11-接骨板,03-锁骨接骨板,080-固定板,02-纯钛,002灭-普菌通/外侧前方/非灭菌,乙类,1014.00,
818,C03110308002003,03-骨科材料,11-接骨板,03-锁骨接骨板,080-固定板,02-纯钛,003-普通/外侧上方/,乙类,1170.00,
819,C03110308002004,03-骨科材料,11-接骨板,03-锁骨接骨板,080-固定板,02-纯钛,004-普通/外侧上方/非灭菌,乙类,1032.00,
820,C03110308002005,03-骨科材料,11-接骨板,03-锁骨接骨板,080-固定板,02-纯钛,005-普通/中段前方/,乙类,1170.00,
821,C03110308002006,03-骨科材料,11-接骨板,03-锁骨接骨板,080-固定板,02-纯钛,006灭-普菌通/中段前方/非灭菌,乙类,1002.00,
822,C03110308002007,03-骨科材料,11-接骨板,03-锁骨接骨板,080-固定板,02-纯钛,007-普通/中段上方/,乙类,1170.00,
823,C03110308002008,03-骨科材料,11-接骨板,03-锁骨接骨板,080-固定板,02-纯钛,008灭-普菌通/中段上方/非灭菌,乙类,1032.00,
824,C03110308002010,03-骨科材料,11-接骨板,03-锁骨接骨板,080-固定板,02-纯钛,010-普通/内侧前方/非灭菌,乙类,849.00,
825,C03110308002012,03-骨科材料,11-接骨板,03-锁骨接骨板,080-固定板,02-纯钛,012-普通/内侧上方/非灭菌,乙类,910.00,
826,C03110308002014,03-骨科材料,11-接骨板,03-锁骨接骨板,080-固定板,02-纯钛,014-普通/内侧下方/非灭菌,乙类,1019.00,
827,C03110308002017,03-骨科材料,11-接骨板,03-锁骨接骨板,080-固定板,02-纯钛,017-锁定加压/外侧前方/灭菌,乙类,1095.00,
828,C03110308002018,03-骨科材料,11-接骨板,03-锁骨接骨板,080-固定板,02-纯钛,018-锁定加压/外侧前方/非灭菌,乙类,1111.00,
829,C03110308002019,03-骨科材料,11-接骨板,03-锁骨接骨板,080-固定板,02-纯钛,019-锁定加压/外侧上方/灭菌,乙类,1095.00,
830,C03110308002020,03-骨科材料,11-接骨板,03-锁骨接骨板,080-固定板,02-纯钛,020-锁定加压/外侧上方/非灭菌,乙类,1194.00,
831,C03110308002021,03-骨科材料,11-接骨板,03-锁骨接骨板,080-固定板,02-纯钛,021-锁定加压/中段前方/灭菌,乙类,1095.00,
832,C03110308002022,03-骨科材料,11-接骨板,03-锁骨接骨板,080-固定板,02-纯钛,022-锁定加压/中段前方/非灭菌,乙类,1116.00,
833,C03110308002023,03-骨科材料,11-接骨板,03-锁骨接骨板,080-固定板,02-纯钛,023-锁定加压/中段上方/灭菌,乙类,996.00,
834,C03110308002024,03-骨科材料,11-接骨板,03-锁骨接骨板,080-固定板,02-纯钛,024-锁定加压/中段上方/非灭菌,乙类,1155.00,
835,C03110308002025,03-骨科材料,11-接骨板,03-锁骨接骨板,080-固定板,02-纯钛,025-锁定加压/内侧前方/灭菌,乙类,560.00,
836,C03110308002026,03-骨科材料,11-接骨板,03-锁骨接骨板,080-固定板,02-纯钛,026-锁定加压/内侧前方/非灭菌,乙类,1111.00,
837,C03110308002027,03-骨科材料,11-接骨板,03-锁骨接骨板,080-固定板,02-纯钛,027-锁定加压/内侧上方/灭菌,乙类,488.00,
838,C03110308002028,03-骨科材料,11-接骨板,03-锁骨接骨板,080-固定板,02-纯钛,028-锁定加压/内侧上方/非灭菌,乙类,1116.00,
839,C03110308002030,03-骨科材料,11-接骨板,03-锁骨接骨板,080-固定板,02-纯钛,030-锁定加压/内侧下方/非灭菌,乙类,1114.00,
840,C03110308002032,03-骨科材料,11-接骨板,03-锁骨接骨板,080-固定板,02-纯钛,032-锁定加压/外侧下方/非灭菌,乙类,1061.00,
841,C03110308002034,03-骨科材料,11-接骨板,03-锁骨接骨板,080-固定板,02-纯钛,034-万向锁定加压/外侧前方/非,乙类,1061.00,
842,C03110308002036,03-骨科材料,11-接骨板,03-锁骨接骨板,080-固定板,02-纯钛,036灭-万菌向锁定加压/外侧上方/非,乙类,1155.00,
843,C03110308002037,03-骨科材料,11-接骨板,03-锁骨接骨板,080-固定板,02-纯钛,037灭-万菌向锁定加压/中段前方/灭,乙类,1095.00,
844,C03110308002038,03-骨科材料,11-接骨板,03-锁骨接骨板,080-固定板,02-纯钛,038-万菌向锁定加压/中段前方/非,乙类,1116.00,
845,C03110308002040,03-骨科材料,11-接骨板,03-锁骨接骨板,080-固定板,02-纯钛,040灭-万菌向锁定加压/中段上方/非,乙类,1155.00,
846,C03110308002042,03-骨科材料,11-接骨板,03-锁骨接骨板,080-固定板,02-纯钛,042-万向锁定加压/内侧前方/非,乙类,1116.00,
847,C03110308002044,03-骨科材料,11-接骨板,03-锁骨接骨板,080-固定板,02-纯钛,044灭-万菌向锁定加压/内侧上方/非,乙类,1116.00,
848,C03110308002046,03-骨科材料,11-接骨板,03-锁骨接骨板,080-固定板,02-纯钛,046灭-万菌向锁定加压/内侧下方/非,乙类,1114.00,
849,C03110308002048,03-骨科材料,11-接骨板,03-锁骨接骨板,080-固定板,02-纯钛,048灭-万菌向锁定加压/外侧下方/非,乙类,1061.00,
850,C03110308003002,03-骨科材料,11-接骨板,03-锁骨接骨板,080-固定板,03-钛合金,002灭-普菌通/外侧前方/非灭菌,乙类,859.00,
851,C03110308003004,03-骨科材料,11-接骨板,03-锁骨接骨板,080-固定板,03-钛合金,004-普通/外侧上方/非灭菌,乙类,927.00,
852,C03110308003006,03-骨科材料,11-接骨板,03-锁骨接骨板,080-固定板,03-钛合金,006-普通/中段前方/非灭菌,乙类,1099.00,
853,C03110308003007,03-骨科材料,11-接骨板,03-锁骨接骨板,080-固定板,03-钛合金,007-普通/中段上方/,乙类,1099.00,
854,C03110308003008,03-骨科材料,11-接骨板,03-锁骨接骨板,080-固定板,03-钛合金,008灭-普菌通/中段上方/非灭菌,乙类,1099.00,
855,C03110308003012,03-骨科材料,11-接骨板,03-锁骨接骨板,080-固定板,03-钛合金,012-普通/内侧上方/非灭菌,乙类,927.00,
856,C03110308003017,03-骨科材料,11-接骨板,03-锁骨接骨板,080-固定板,03-钛合金,017-锁定加压/外侧前方/灭菌,乙类,1170.00,
857,C03110308003018,03-骨科材料,11-接骨板,03-锁骨接骨板,080-固定板,03-钛合金,018-锁定加压/外侧前方/非灭菌,乙类,617.00,
858,C03110308003019,03-骨科材料,11-接骨板,03-锁骨接骨板,080-固定板,03-钛合金,019-锁定加压/外侧上方/灭菌,乙类,580.00,
859,C03110308003020,03-骨科材料,11-接骨板,03-锁骨接骨板,080-固定板,03-钛合金,020-锁定加压/外侧上方/非灭菌,乙类,1102.00,
860,C03110308003021,03-骨科材料,11-接骨板,03-锁骨接骨板,080-固定板,03-钛合金,021-锁定加压/中段前方/灭菌,乙类,469.00,
861,C03110308003022,03-骨科材料,11-接骨板,03-锁骨接骨板,080-固定板,03-钛合金,022-锁定加压/中段前方/非灭菌,乙类,1102.00,
862,C03110308003023,03-骨科材料,11-接骨板,03-锁骨接骨板,080-固定板,03-钛合金,023-锁定加压/中段上方/灭菌,乙类,580.00,
863,C03110308003024,03-骨科材料,11-接骨板,03-锁骨接骨板,080-固定板,03-钛合金,024-锁定加压/中段上方/非灭菌,乙类,1102.00,
864,C03110308003026,03-骨科材料,11-接骨板,03-锁骨接骨板,080-固定板,03-钛合金,026-锁定加压/内侧前方/非灭菌,乙类,838.33,
865,C03110308003028,03-骨科材料,11-接骨板,03-锁骨接骨板,080-固定板,03-钛合金,028-锁定加压/内侧上方/非灭菌,乙类,212.00,
866,C03110308003032,03-骨科材料,11-接骨板,03-锁骨接骨板,080-固定板,03-钛合金,032-锁定加压/外侧下方/非灭菌,乙类,1047.00,
867,C03110308003034,03-骨科材料,11-接骨板,03-锁骨接骨板,080-固定板,03-钛合金,034-万向锁定加压/外侧前方/非,乙类,1075.00,
868,C03110308003035,03-骨科材料,11-接骨板,03-锁骨接骨板,080-固定板,03-钛合金,035灭-万菌向锁定加压/外侧上方/灭,乙类,580.00,
869,C03110308003036,03-骨科材料,11-接骨板,03-锁骨接骨板,080-固定板,03-钛合金,036-万菌向锁定加压/外侧上方/非,乙类,1102.00,
870,C03110308003038,03-骨科材料,11-接骨板,03-锁骨接骨板,080-固定板,03-钛合金,038灭-万菌向锁定加压/中段前方/非,乙类,624.00,
871,C03110308003040,03-骨科材料,11-接骨板,03-锁骨接骨板,080-固定板,03-钛合金,040灭-万菌向锁定加压/中段上方/非,乙类,580.00,
872,C03110308003044,03-骨科材料,11-接骨板,03-锁骨接骨板,080-固定板,03-钛合金,044灭-万菌向锁定加压/内侧上方/非,乙类,212.00,
873,C03110408001002,03-骨科材料,11-接骨板,04-肱骨接骨板,080-固定板,01-不锈钢,002灭-普菌通/近端/非灭,乙类,842.00,
874,C03110408001003,03-骨科材料,11-接骨板,04-肱骨接骨板,080-固定板,01-不锈钢,003-普通/干部/灭菌,乙类,866.20,
875,C03110408001004,03-骨科材料,11-接骨板,04-肱骨接骨板,080-固定板,01-不锈钢,004-普通/干部/非灭,乙类,842.00,
876,C03110408001006,03-骨科材料,11-接骨板,04-肱骨接骨板,080-固定板,01-不锈钢,006-菌普通/远端/非灭,乙类,842.00,
877,C03110408001008,03-骨科材料,11-接骨板,04-肱骨接骨板,080-固定板,01-不锈钢,008-锁菌定加压/近端/非灭菌,乙类,858.00,
878,C03110408001010,03-骨科材料,11-接骨板,04-肱骨接骨板,080-固定板,01-不锈钢,010-锁定加压/干部/非灭菌,乙类,858.00,
879,C03110408001012,03-骨科材料,11-接骨板,04-肱骨接骨板,080-固定板,01-不锈钢,012-锁定加压/远端/非灭菌,乙类,858.00,
880,C03110408002002,03-骨科材料,11-接骨板,04-肱骨接骨板,080-固定板,02-纯钛,002-普通/近端/非灭,乙类,1079.00,
881,C03110408002003,03-骨科材料,11-接骨板,04-肱骨接骨板,080-固定板,02-纯钛,003-菌普通/干部/灭菌,乙类,986.00,
882,C03110408002004,03-骨科材料,11-接骨板,04-肱骨接骨板,080-固定板,02-纯钛,004-普通/干部/非灭,乙类,1066.00,
883,C03110408002005,03-骨科材料,11-接骨板,04-肱骨接骨板,080-固定板,02-纯钛,005-菌普通/远端/灭菌,乙类,1155.00,
884,C03110408002006,03-骨科材料,11-接骨板,04-肱骨接骨板,080-固定板,02-纯钛,006-普通/远端/非灭,乙类,1079.00,
885,C03110408002007,03-骨科材料,11-接骨板,04-肱骨接骨板,080-固定板,02-纯钛,007-锁菌定加压/近端/灭菌,乙类,1162.00,
886,C03110408002008,03-骨科材料,11-接骨板,04-肱骨接骨板,080-固定板,02-纯钛,008-锁定加压/近端/非灭菌,乙类,1261.00,
887,C03110408002009,03-骨科材料,11-接骨板,04-肱骨接骨板,080-固定板,02-纯钛,009-锁定加压/干部/灭菌,乙类,1162.00,
888,C03110408002010,03-骨科材料,11-接骨板,04-肱骨接骨板,080-固定板,02-纯钛,010-锁定加压/干部/非灭菌,乙类,1261.00,
889,C03110408002011,03-骨科材料,11-接骨板,04-肱骨接骨板,080-固定板,02-纯钛,011-锁定加压/远端/灭菌,乙类,1162.00,
890,C03110408002012,03-骨科材料,11-接骨板,04-肱骨接骨板,080-固定板,02-纯钛,012-锁定加压/远端/非灭菌,乙类,1261.00,
891,C03110408002013,03-骨科材料,11-接骨板,04-肱骨接骨板,080-固定板,02-纯钛,013-万向锁定加压/近端/灭菌,乙类,1162.00,
892,C03110408002014,03-骨科材料,11-接骨板,04-肱骨接骨板,080-固定板,02-纯钛,014-万向锁定加压/近端/非灭菌,乙类,1222.00,
893,C03110408002015,03-骨科材料,11-接骨板,04-肱骨接骨板,080-固定板,02-纯钛,015-万向锁定加压/干部/灭菌,乙类,1162.00,
894,C03110408002016,03-骨科材料,11-接骨板,04-肱骨接骨板,080-固定板,02-纯钛,016-万向锁定加压/干部/非灭菌,乙类,1182.00,
895,C03110408002017,03-骨科材料,11-接骨板,04-肱骨接骨板,080-固定板,02-纯钛,017-万向锁定加压/远端/灭菌,乙类,1162.00,
896,C03110408002018,03-骨科材料,11-接骨板,04-肱骨接骨板,080-固定板,02-纯钛,018-万向锁定加压/远端/非灭菌,乙类,1222.00,
897,C03110408003002,03-骨科材料,11-接骨板,04-肱骨接骨板,080-固定板,03-钛合金,002-普通/近端/非灭,乙类,1146.00,
898,C03110408003003,03-骨科材料,11-接骨板,04-肱骨接骨板,080-固定板,03-钛合金,003-菌普通/干部/灭菌,乙类,1146.00,
899,C03110408003004,03-骨科材料,11-接骨板,04-肱骨接骨板,080-固定板,03-钛合金,004-普通/干部/非灭,乙类,1146.00,
900,C03110408003006,03-骨科材料,11-接骨板,04-肱骨接骨板,080-固定板,03-钛合金,006-菌普通/远端/非灭,乙类,972.00,
901,C03110408003007,03-骨科材料,11-接骨板,04-肱骨接骨板,080-固定板,03-钛合金,007-锁菌定加压/近端/灭菌,乙类,647.00,
902,C03110408003008,03-骨科材料,11-接骨板,04-肱骨接骨板,080-固定板,03-钛合金,008-锁定加压/近端/非灭菌,乙类,1167.00,
903,C03110408003010,03-骨科材料,11-接骨板,04-肱骨接骨板,080-固定板,03-钛合金,010-锁定加压/干部/非灭菌,乙类,1167.00,
904,C03110408003012,03-骨科材料,11-接骨板,04-肱骨接骨板,080-固定板,03-钛合金,012-锁定加压/远端/非灭菌,乙类,1167.00,
905,C03110408003014,03-骨科材料,11-接骨板,04-肱骨接骨板,080-固定板,03-钛合金,014-万向锁定加压/近端/非灭菌,乙类,1138.00,
906,C03110408003016,03-骨科材料,11-接骨板,04-肱骨接骨板,080-固定板,03-钛合金,016-万向锁定加压/干部/非灭菌,乙类,1138.00,
907,C03110408003018,03-骨科材料,11-接骨板,04-肱骨接骨板,080-固定板,03-钛合金,018-万向锁定加压/远端/非灭菌,乙类,1167.00,
908,C03110508001002,03-骨科材料,11-接骨板,05-尺骨接骨板,080-固定板,01-不锈钢,002-普通/近端/非灭,乙类,844.00,
909,C03110508001004,03-骨科材料,11-接骨板,05-尺骨接骨板,080-固定板,01-不锈钢,004-菌普通/干部/非灭,乙类,844.00,
910,C03110508001008,03-骨科材料,11-接骨板,05-尺骨接骨板,080-固定板,01-不锈钢,008-锁菌定加压/近端/非灭菌,乙类,896.00,
911,C03110508001012,03-骨科材料,11-接骨板,05-尺骨接骨板,080-固定板,01-不锈钢,012-锁定加压/远端/非灭菌,乙类,2837.83,
912,C03110508002001,03-骨科材料,11-接骨板,05-尺骨接骨板,080-固定板,02-纯钛,001-普通/近端/灭菌,乙类,762.00,
913,C03110508002002,03-骨科材料,11-接骨板,05-尺骨接骨板,080-固定板,02-纯钛,002-普通/近端/非灭,乙类,1082.00,
914,C03110508002003,03-骨科材料,11-接骨板,05-尺骨接骨板,080-固定板,02-纯钛,003-菌普通/干部/灭菌,乙类,793.83,
915,C03110508002004,03-骨科材料,11-接骨板,05-尺骨接骨板,080-固定板,02-纯钛,004-普通/干部/非灭,乙类,1062.00,
916,C03110508002006,03-骨科材料,11-接骨板,05-尺骨接骨板,080-固定板,02-纯钛,006-菌普通/远端/非灭,乙类,1062.00,
917,C03110508002007,03-骨科材料,11-接骨板,05-尺骨接骨板,080-固定板,02-纯钛,007-锁菌定加压/近端/灭菌,乙类,1213.00,
918,C03110508002008,03-骨科材料,11-接骨板,05-尺骨接骨板,080-固定板,02-纯钛,008-锁定加压/近端/非灭菌,乙类,1274.00,
919,C03110508002009,03-骨科材料,11-接骨板,05-尺骨接骨板,080-固定板,02-纯钛,009-锁定加压/干部/灭菌,乙类,1213.00,
920,C03110508002010,03-骨科材料,11-接骨板,05-尺骨接骨板,080-固定板,02-纯钛,010-锁定加压/干部/非灭菌,乙类,1313.00,
921,C03110508002011,03-骨科材料,11-接骨板,05-尺骨接骨板,080-固定板,02-纯钛,011-锁定加压/远端/灭菌,乙类,1115.00,
922,C03110508002012,03-骨科材料,11-接骨板,05-尺骨接骨板,080-固定板,02-纯钛,012-锁定加压/远端/非灭菌,乙类,1313.00,
923,C03110508002013,03-骨科材料,11-接骨板,05-尺骨接骨板,080-固定板,02-纯钛,013-万向锁定加压/近端/灭菌,乙类,1213.00,
924,C03110508002014,03-骨科材料,11-接骨板,05-尺骨接骨板,080-固定板,02-纯钛,014-万向锁定加压/近端/非灭菌,乙类,1274.00,
925,C03110508002016,03-骨科材料,11-接骨板,05-尺骨接骨板,080-固定板,02-纯钛,016-万向锁定加压/干部/非灭菌,乙类,1233.00,
926,C03110508002018,03-骨科材料,11-接骨板,05-尺骨接骨板,080-固定板,02-纯钛,018-万向锁定加压/远端/非灭菌,乙类,1274.00,
927,C03110508003002,03-骨科材料,11-接骨板,05-尺骨接骨板,080-固定板,03-钛合金,002-普通/近端/非灭,乙类,924.00,
928,C03110508003004,03-骨科材料,11-接骨板,05-尺骨接骨板,080-固定板,03-钛合金,004-菌普通/干部/非灭,乙类,1149.00,
929,C03110508003006,03-骨科材料,11-接骨板,05-尺骨接骨板,080-固定板,03-钛合金,006-菌普通/远端/非灭,乙类,1155.00,
930,C03110508003008,03-骨科材料,11-接骨板,05-尺骨接骨板,080-固定板,03-钛合金,008-锁菌定加压/近端/非灭菌,乙类,1217.00,
931,C03110508003009,03-骨科材料,11-接骨板,05-尺骨接骨板,080-固定板,03-钛合金,009-锁定加压/干部/灭菌,乙类,699.00,
932,C03110508003010,03-骨科材料,11-接骨板,05-尺骨接骨板,080-固定板,03-钛合金,010-锁定加压/干部/非灭菌,乙类,1187.00,
933,C03110508003012,03-骨科材料,11-接骨板,05-尺骨接骨板,080-固定板,03-钛合金,012-锁定加压/远端/非灭菌,乙类,1313.00,
934,C03110508003014,03-骨科材料,11-接骨板,05-尺骨接骨板,080-固定板,03-钛合金,014-万向锁定加压/近端/非灭菌,乙类,1217.00,
935,C03110508003016,03-骨科材料,11-接骨板,05-尺骨接骨板,080-固定板,03-钛合金,016-万向锁定加压/干部/非灭菌,乙类,1187.00,
936,C03110508003018,03-骨科材料,11-接骨板,05-尺骨接骨板,080-固定板,03-钛合金,018-万向锁定加压/远端/非灭菌,乙类,736.00,
937,C03110608001002,03-骨科材料,11-接骨板,06-桡骨接骨板,080-固定板,01-不锈钢,002-普通/近端/非灭,乙类,646.00,
938,C03110608001004,03-骨科材料,11-接骨板,06-桡骨接骨板,080-固定板,01-不锈钢,004-菌普通/干部/非灭,乙类,528.00,
939,C03110608001006,03-骨科材料,11-接骨板,06-桡骨接骨板,080-固定板,01-不锈钢,006-菌普通/远端/非灭,乙类,743.00,
940,C03110608001008,03-骨科材料,11-接骨板,06-桡骨接骨板,080-固定板,01-不锈钢,008-锁菌定加压/近端/非灭菌,乙类,854.00,
941,C03110608001010,03-骨科材料,11-接骨板,06-桡骨接骨板,080-固定板,01-不锈钢,010-锁定加压/干部/非灭菌,乙类,854.00,
942,C03110608001012,03-骨科材料,11-接骨板,06-桡骨接骨板,080-固定板,01-不锈钢,012-锁定加压/远端/非灭菌,乙类,854.00,
943,C03110608001017,03-骨科材料,11-接骨板,06-桡骨接骨板,080-固定板,01-不锈钢,017-万向锁定加压/远端/灭菌,乙类,1162.00,
944,C03110608002002,03-骨科材料,11-接骨板,06-桡骨接骨板,080-固定板,02-纯钛,002-普通/近端/非灭,乙类,955.00,
945,C03110608002004,03-骨科材料,11-接骨板,06-桡骨接骨板,080-固定板,02-纯钛,004-菌普通/干部/非灭,乙类,955.00,
946,C03110608002006,03-骨科材料,11-接骨板,06-桡骨接骨板,080-固定板,02-纯钛,006-菌普通/远端/非灭,乙类,955.00,
947,C03110608002007,03-骨科材料,11-接骨板,06-桡骨接骨板,080-固定板,02-纯钛,007-锁菌定加压/近端/灭菌,乙类,1158.00,
948,C03110608002008,03-骨科材料,11-接骨板,06-桡骨接骨板,080-固定板,02-纯钛,008-锁定加压/近端/非灭菌,乙类,1178.00,
949,C03110608002009,03-骨科材料,11-接骨板,06-桡骨接骨板,080-固定板,02-纯钛,009-锁定加压/干部/灭菌,乙类,895.00,
950,C03110608002010,03-骨科材料,11-接骨板,06-桡骨接骨板,080-固定板,02-纯钛,010-锁定加压/干部/非灭菌,乙类,1178.00,
951,C03110608002011,03-骨科材料,11-接骨板,06-桡骨接骨板,080-固定板,02-纯钛,011-锁定加压/远端/灭菌,乙类,1158.00,
952,C03110608002012,03-骨科材料,11-接骨板,06-桡骨接骨板,080-固定板,02-纯钛,012-锁定加压/远端/非灭菌,乙类,1257.00,
953,C03110608002014,03-骨科材料,11-接骨板,06-桡骨接骨板,080-固定板,02-纯钛,014-万向锁定加压/近端/非灭菌,乙类,1163.00,
954,C03110608002016,03-骨科材料,11-接骨板,06-桡骨接骨板,080-固定板,02-纯钛,016-万向锁定加压/干部/非灭菌,乙类,1178.00,
955,C03110608002017,03-骨科材料,11-接骨板,06-桡骨接骨板,080-固定板,02-纯钛,017-万向锁定加压/远端/灭菌,乙类,1158.00,
956,C03110608002018,03-骨科材料,11-接骨板,06-桡骨接骨板,080-固定板,02-纯钛,018-万向锁定加压/远端/非灭菌,乙类,1218.00,
957,C03110608003004,03-骨科材料,11-接骨板,06-桡骨接骨板,080-固定板,03-钛合金,004-普通/干部/非灭,乙类,1022.00,
958,C03110608003006,03-骨科材料,11-接骨板,06-桡骨接骨板,080-固定板,03-钛合金,006-菌普通/远端/非灭,乙类,853.00,
959,C03110608003008,03-骨科材料,11-接骨板,06-桡骨接骨板,080-固定板,03-钛合金,008-锁菌定加压/近端/非灭菌,乙类,1163.00,
960,C03110608003009,03-骨科材料,11-接骨板,06-桡骨接骨板,080-固定板,03-钛合金,009-锁定加压/干部/灭菌,乙类,1064.19,
961,C03110608003010,03-骨科材料,11-接骨板,06-桡骨接骨板,080-固定板,03-钛合金,010-锁定加压/干部/非灭菌,乙类,1163.00,
962,C03110608003011,03-骨科材料,11-接骨板,06-桡骨接骨板,080-固定板,03-钛合金,011-锁定加压/远端/灭菌,乙类,643.00,
963,C03110608003012,03-骨科材料,11-接骨板,06-桡骨接骨板,080-固定板,03-钛合金,012-锁定加压/远端/非灭菌,乙类,1257.00,
964,C03110608003014,03-骨科材料,11-接骨板,06-桡骨接骨板,080-固定板,03-钛合金,014-万向锁定加压/近端/非灭菌,乙类,643.00,
965,C03110608003017,03-骨科材料,11-接骨板,06-桡骨接骨板,080-固定板,03-钛合金,017-万向锁定加压/远端/灭菌,乙类,643.00,
966,C03110608003018,03-骨科材料,11-接骨板,06-桡骨接骨板,080-固定板,03-钛合金,018-万向锁定加压/远端/非灭菌,乙类,1257.00,
967,C03110708001002,03-骨科材料,11-接骨板,07-手部接骨板,080-固定板,01-不锈钢,002-普通/腕骨/非灭,乙类,1162.00,
968,C03110708001004,03-骨科材料,11-接骨板,07-手部接骨板,080-固定板,01-不锈钢,004-菌普通/掌骨头部/非灭菌,乙类,646.00,
969,C03110708001006,03-骨科材料,11-接骨板,07-手部接骨板,080-固定板,01-不锈钢,006-普通/掌骨干部/非灭菌,乙类,743.00,
970,C03110708001008,03-骨科材料,11-接骨板,07-手部接骨板,080-固定板,01-不锈钢,008-普通/掌骨基底部/非灭菌,乙类,646.00,
971,C03110708001010,03-骨科材料,11-接骨板,07-手部接骨板,080-固定板,01-不锈钢,010-普通/指骨头部/非灭菌,乙类,743.00,
972,C03110708001012,03-骨科材料,11-接骨板,07-手部接骨板,080-固定板,01-不锈钢,012-普通/指骨干部/非灭菌,乙类,743.00,
973,C03110708001014,03-骨科材料,11-接骨板,07-手部接骨板,080-固定板,01-不锈钢,014-普通/指骨基底部/非灭菌,乙类,646.00,
974,C03110708001018,03-骨科材料,11-接骨板,07-手部接骨板,080-固定板,01-不锈钢,018-锁定加压/掌骨头部/非灭菌,乙类,840.00,
975,C03110708001019,03-骨科材料,11-接骨板,07-手部接骨板,080-固定板,01-不锈钢,019-锁定加压/掌骨干部/灭菌,乙类,1930.98,
976,C03110708001020,03-骨科材料,11-接骨板,07-手部接骨板,080-固定板,01-不锈钢,020-锁定加压/掌骨干部/非灭菌,乙类,840.00,
977,C03110708001022,03-骨科材料,11-接骨板,07-手部接骨板,080-固定板,01-不锈钢,022-锁定加压/掌骨基底部/非灭,乙类,840.00,
978,C03110708001024,03-骨科材料,11-接骨板,07-手部接骨板,080-固定板,01-不锈钢,024-锁定加压/指骨头部/非灭菌,乙类,840.00,
979,C03110708001026,03-骨科材料,11-接骨板,07-手部接骨板,080-固定板,01-不锈钢,026-锁定加压/指骨干部/非灭菌,乙类,840.00,
980,C03110708002002,03-骨科材料,11-接骨板,07-手部接骨板,080-固定板,02-纯钛,002-普通/腕骨/非灭,乙类,940.00,
981,C03110708002003,03-骨科材料,11-接骨板,07-手部接骨板,080-固定板,02-纯钛,003-菌普通/掌骨头部/,乙类,776.00,
982,C03110708002004,03-骨科材料,11-接骨板,07-手部接骨板,080-固定板,02-纯钛,004灭-普菌通/掌骨头部/非灭菌,乙类,955.00,
983,C03110708002006,03-骨科材料,11-接骨板,07-手部接骨板,080-固定板,02-纯钛,006-普通/掌骨干部/非灭菌,乙类,955.00,
984,C03110708002008,03-骨科材料,11-接骨板,07-手部接骨板,080-固定板,02-纯钛,008-普通/掌骨基底部/非灭菌,乙类,955.00,
985,C03110708002010,03-骨科材料,11-接骨板,07-手部接骨板,080-固定板,02-纯钛,010-普通/指骨头部/非灭菌,乙类,955.00,
986,C03110708002012,03-骨科材料,11-接骨板,07-手部接骨板,080-固定板,02-纯钛,012-普通/指骨干部/非灭菌,乙类,942.00,
987,C03110708002014,03-骨科材料,11-接骨板,07-手部接骨板,080-固定板,02-纯钛,014-普通/指骨基底部/非灭菌,乙类,955.00,
988,C03110708002016,03-骨科材料,11-接骨板,07-手部接骨板,080-固定板,02-纯钛,016-锁定加压/腕骨/非灭菌,乙类,1104.00,
989,C03110708002017,03-骨科材料,11-接骨板,07-手部接骨板,080-固定板,02-纯钛,017-锁定加压/掌骨头部/灭菌,乙类,1040.00,
990,C03110708002018,03-骨科材料,11-接骨板,07-手部接骨板,080-固定板,02-纯钛,018-锁定加压/掌骨头部/非灭菌,乙类,1159.00,
991,C03110708002019,03-骨科材料,11-接骨板,07-手部接骨板,080-固定板,02-纯钛,019-锁定加压/掌骨干部/灭菌,乙类,1139.00,
992,C03110708002020,03-骨科材料,11-接骨板,07-手部接骨板,080-固定板,02-纯钛,020-锁定加压/掌骨干部/非灭菌,乙类,1238.00,
993,C03110708002021,03-骨科材料,11-接骨板,07-手部接骨板,080-固定板,02-纯钛,021-锁定加压/掌骨基底部/灭菌,乙类,1139.00,
994,C03110708002022,03-骨科材料,11-接骨板,07-手部接骨板,080-固定板,02-纯钛,022-锁定加压/掌骨基底部/非灭,乙类,1238.00,
995,C03110708002023,03-骨科材料,11-接骨板,07-手部接骨板,080-固定板,02-纯钛,023-锁菌定加压/指骨头部/灭菌,乙类,1101.00,
996,C03110708002024,03-骨科材料,11-接骨板,07-手部接骨板,080-固定板,02-纯钛,024-锁定加压/指骨头部/非灭菌,乙类,1159.00,
997,C03110708002025,03-骨科材料,11-接骨板,07-手部接骨板,080-固定板,02-纯钛,025-锁定加压/指骨干部/灭菌,乙类,991.00,
998,C03110708002026,03-骨科材料,11-接骨板,07-手部接骨板,080-固定板,02-纯钛,026-锁定加压/指骨干部/非灭菌,乙类,1238.00,
999,C03110708002027,03-骨科材料,11-接骨板,07-手部接骨板,080-固定板,02-纯钛,027-锁定加压/指骨基底部/灭菌,乙类,575.00,
1000,C03110708002028,03-骨科材料,11-接骨板,07-手部接骨板,080-固定板,02-纯钛,028-锁定加压/指骨基底部/非灭,乙类,1158.00,
1001,C03110708002034,03-骨科材料,11-接骨板,07-手部接骨板,080-固定板,02-纯钛,034-万菌向锁定加压/掌骨干部/非,乙类,1158.00,
1002,C03110708002036,03-骨科材料,11-接骨板,07-手部接骨板,080-固定板,02-纯钛,036灭-万菌向锁定加压/掌骨基底部/非灭菌,乙类,1116.00,
1003,C03110708002037,03-骨科材料,11-接骨板,07-手部接骨板,080-固定板,02-纯钛,037-万向锁定加压/指骨头部/灭,乙类,1162.00,
1004,C03110708002038,03-骨科材料,11-接骨板,07-手部接骨板,080-固定板,02-纯钛,038-万菌向锁定加压/指骨头部/非,乙类,1104.00,
1005,C03110708002040,03-骨科材料,11-接骨板,07-手部接骨板,080-固定板,02-纯钛,040-万向锁定加压/指骨干部/非,乙类,1139.00,
1006,C03110708002041,03-骨科材料,11-接骨板,07-手部接骨板,080-固定板,02-纯钛,041灭-万菌向锁定加压/指骨基底部/,乙类,1162.00,
1007,C03110708002042,03-骨科材料,11-接骨板,07-手部接骨板,080-固定板,02-纯钛,042灭-万菌向锁定加压/指骨基底部/非灭菌,乙类,1144.00,
1008,C03110708003002,03-骨科材料,11-接骨板,07-手部接骨板,080-固定板,03-钛合金,002-普通/腕骨/非灭,乙类,4396.89,
1009,C03110708003004,03-骨科材料,11-接骨板,07-手部接骨板,080-固定板,03-钛合金,004-菌普通/掌骨头部/非灭菌,乙类,797.00,
1010,C03110708003006,03-骨科材料,11-接骨板,07-手部接骨板,080-固定板,03-钛合金,006-普通/掌骨干部/非灭菌,乙类,1022.00,
1011,C03110708003010,03-骨科材料,11-接骨板,07-手部接骨板,080-固定板,03-钛合金,010-普通/指骨头部/非灭菌,乙类,797.00,
1012,C03110708003012,03-骨科材料,11-接骨板,07-手部接骨板,080-固定板,03-钛合金,012-普通/指骨干部/非灭菌,乙类,1022.00,
1013,C03110708003016,03-骨科材料,11-接骨板,07-手部接骨板,080-固定板,03-钛合金,016-锁定加压/腕骨/非灭菌,乙类,638.00,
1014,C03110708003018,03-骨科材料,11-接骨板,07-手部接骨板,080-固定板,03-钛合金,018-锁定加压/掌骨头部/非灭菌,乙类,1144.00,
1015,C03110708003020,03-骨科材料,11-接骨板,07-手部接骨板,080-固定板,03-钛合金,020-锁定加压/掌骨干部/非灭菌,乙类,1144.00,
1016,C03110708003022,03-骨科材料,11-接骨板,07-手部接骨板,080-固定板,03-钛合金,022-锁定加压/掌骨基底部/非灭,乙类,1238.00,
1017,C03110708003023,03-骨科材料,11-接骨板,07-手部接骨板,080-固定板,03-钛合金,023-锁菌定加压/指骨头部/灭菌,乙类,624.00,
1018,C03110708003024,03-骨科材料,11-接骨板,07-手部接骨板,080-固定板,03-钛合金,024-锁定加压/指骨头部/非灭菌,乙类,1144.00,
1019,C03110708003026,03-骨科材料,11-接骨板,07-手部接骨板,080-固定板,03-钛合金,026-锁定加压/指骨干部/非灭菌,乙类,1090.00,
1020,C03110708003028,03-骨科材料,11-接骨板,07-手部接骨板,080-固定板,03-钛合金,028-锁定加压/指骨基底部/非灭,乙类,720.00,
1021,C03110708003034,03-骨科材料,11-接骨板,07-手部接骨板,080-固定板,03-钛合金,034-万菌向锁定加压/掌骨干部/非,乙类,1116.00,
1022,C03110708003040,03-骨科材料,11-接骨板,07-手部接骨板,080-固定板,03-钛合金,040灭-万菌向锁定加压/指骨干部/非,乙类,1144.00,
1023,C03110808001002,03-骨科材料,11-接骨板,08-骨盆接骨板,080-固定板,01-不锈钢,002灭-普菌通/直形/非灭,乙类,580.00,
1024,C03110808001004,03-骨科材料,11-接骨板,08-骨盆接骨板,080-固定板,01-不锈钢,004-菌普通/弧形/非灭,乙类,807.00,
1025,C03110808001006,03-骨科材料,11-接骨板,08-骨盆接骨板,080-固定板,01-不锈钢,006-菌普通/解剖形/非,乙类,1170.00,
1026,C03110808001008,03-骨科材料,11-接骨板,08-骨盆接骨板,080-固定板,01-不锈钢,008灭-普菌通/耻骨形/非,乙类,706.00,
1027,C03110808001010,03-骨科材料,11-接骨板,08-骨盆接骨板,080-固定板,01-不锈钢,010灭-锁菌定加压/直形/非灭菌,乙类,908.00,
1028,C03110808001012,03-骨科材料,11-接骨板,08-骨盆接骨板,080-固定板,01-不锈钢,012-锁定加压/弧形/非灭菌,乙类,908.00,
1029,C03110808001014,03-骨科材料,11-接骨板,08-骨盆接骨板,080-固定板,01-不锈钢,014-锁定加压/解剖形/非灭菌,乙类,908.00,
1030,C03110808001016,03-骨科材料,11-接骨板,08-骨盆接骨板,080-固定板,01-不锈钢,016-锁定加压/耻骨形/非灭菌,乙类,1170.00,
1031,C03110808002001,03-骨科材料,11-接骨板,08-骨盆接骨板,080-固定板,02-纯钛,001-普通/直形/灭菌,乙类,1170.00,
1032,C03110808002002,03-骨科材料,11-接骨板,08-骨盆接骨板,080-固定板,02-纯钛,002-普通/直形/非灭,乙类,943.00,
1033,C03110808002003,03-骨科材料,11-接骨板,08-骨盆接骨板,080-固定板,02-纯钛,003-菌普通/弧形/灭菌,乙类,891.00,
1034,C03110808002004,03-骨科材料,11-接骨板,08-骨盆接骨板,080-固定板,02-纯钛,004-普通/弧形/非灭,乙类,1036.00,
1035,C03110808002006,03-骨科材料,11-接骨板,08-骨盆接骨板,080-固定板,02-纯钛,006-菌普通/解剖形/非,乙类,1023.00,
1036,C03110808002008,03-骨科材料,11-接骨板,08-骨盆接骨板,080-固定板,02-纯钛,008灭-普菌通/耻骨形/非,乙类,1036.00,
1037,C03110808002009,03-骨科材料,11-接骨板,08-骨盆接骨板,080-固定板,02-纯钛,009灭-锁菌定加压/直形/灭菌,乙类,1130.00,
1038,C03110808002010,03-骨科材料,11-接骨板,08-骨盆接骨板,080-固定板,02-纯钛,010-锁定加压/直形/非灭菌,乙类,1249.00,
1039,C03110808002011,03-骨科材料,11-接骨板,08-骨盆接骨板,080-固定板,02-纯钛,011-锁定加压/弧形/灭菌,乙类,1130.00,
1040,C03110808002012,03-骨科材料,11-接骨板,08-骨盆接骨板,080-固定板,02-纯钛,012-锁定加压/弧形/非灭菌,乙类,1289.00,
1041,C03110808002014,03-骨科材料,11-接骨板,08-骨盆接骨板,080-固定板,02-纯钛,014-锁定加压/解剖形/非灭菌,乙类,1249.00,
1042,C03110808002016,03-骨科材料,11-接骨板,08-骨盆接骨板,080-固定板,02-纯钛,016-锁定加压/耻骨形/非灭菌,乙类,1248.00,
1043,C03110808002018,03-骨科材料,11-接骨板,08-骨盆接骨板,080-固定板,02-纯钛,018-万向锁定加压/直形/非灭菌,乙类,1232.00,
1044,C03110808002019,03-骨科材料,11-接骨板,08-骨盆接骨板,080-固定板,02-纯钛,019-万向锁定加压/弧形/灭菌,乙类,966.00,
1045,C03110808002020,03-骨科材料,11-接骨板,08-骨盆接骨板,080-固定板,02-纯钛,020-万向锁定加压/弧形/非灭菌,乙类,1289.00,
1046,C03110808002022,03-骨科材料,11-接骨板,08-骨盆接骨板,080-固定板,02-纯钛,022-万向锁定加压/解剖形/非灭,乙类,1194.00,
1047,C03110808002024,03-骨科材料,11-接骨板,08-骨盆接骨板,080-固定板,02-纯钛,024-万菌向锁定加压/耻骨形/非灭,乙类,1248.00,
1048,C03110808003002,03-骨科材料,11-接骨板,08-骨盆接骨板,080-固定板,03-钛合金,002-菌普通/直形/非灭,乙类,1018.00,
1049,C03110808003004,03-骨科材料,11-接骨板,08-骨盆接骨板,080-固定板,03-钛合金,004-普通/弧形/非灭,乙类,878.00,
1050,C03110808003006,03-骨科材料,11-接骨板,08-骨盆接骨板,080-固定板,03-钛合金,006-菌普通/解剖形/非,乙类,931.00,
1051,C03110808003010,03-骨科材料,11-接骨板,08-骨盆接骨板,080-固定板,03-钛合金,010灭-锁菌定加压/直形/非灭菌,乙类,1202.00,
1052,C03110808003011,03-骨科材料,11-接骨板,08-骨盆接骨板,080-固定板,03-钛合金,011-锁定加压/弧形/灭菌,乙类,714.00,
1053,C03110808003012,03-骨科材料,11-接骨板,08-骨盆接骨板,080-固定板,03-钛合金,012-锁定加压/弧形/非灭菌,乙类,1202.00,
1054,C03110808003014,03-骨科材料,11-接骨板,08-骨盆接骨板,080-固定板,03-钛合金,014-锁定加压/解剖形/非灭菌,乙类,810.00,
1055,C03110808003015,03-骨科材料,11-接骨板,08-骨盆接骨板,080-固定板,03-钛合金,015-锁定加压/耻骨形/灭菌,乙类,2111.40,
1056,C03110808003016,03-骨科材料,11-接骨板,08-骨盆接骨板,080-固定板,03-钛合金,016-锁定加压/耻骨形/非灭菌,乙类,1202.00,
1057,C03110808003018,03-骨科材料,11-接骨板,08-骨盆接骨板,080-固定板,03-钛合金,018-万向锁定加压/直形/非灭菌,乙类,1202.00,
1058,C03110808003020,03-骨科材料,11-接骨板,08-骨盆接骨板,080-固定板,03-钛合金,020-万向锁定加压/弧形/非灭菌,乙类,1202.00,
1059,C03110908001002,03-骨科材料,11-接骨板,09-股骨接骨板,080-固定板,01-不锈钢,002-普通/近端/非灭,乙类,844.00,
1060,C03110908001003,03-骨科材料,11-接骨板,09-股骨接骨板,080-固定板,01-不锈钢,003-菌普通/干部/灭菌,乙类,1162.00,
1061,C03110908001004,03-骨科材料,11-接骨板,09-股骨接骨板,080-固定板,01-不锈钢,004-普通/干部/非灭,乙类,844.00,
1062,C03110908001006,03-骨科材料,11-接骨板,09-股骨接骨板,080-固定板,01-不锈钢,006-菌普通/远端/非灭,乙类,844.00,
1063,C03110908001008,03-骨科材料,11-接骨板,09-股骨接骨板,080-固定板,01-不锈钢,008-锁菌定加压/近端/非灭菌,乙类,878.00,
1064,C03110908001010,03-骨科材料,11-接骨板,09-股骨接骨板,080-固定板,01-不锈钢,010-锁定加压/干部/非灭菌,乙类,878.00,
1065,C03110908001011,03-骨科材料,11-接骨板,09-股骨接骨板,080-固定板,01-不锈钢,011-锁定加压/远端/灭菌,乙类,237.00,
1066,C03110908001012,03-骨科材料,11-接骨板,09-股骨接骨板,080-固定板,01-不锈钢,012-锁定加压/远端/非灭菌,乙类,878.00,
1067,C03110908001017,03-骨科材料,11-接骨板,09-股骨接骨板,080-固定板,01-不锈钢,017-万向锁定加压/远端/灭菌,乙类,1162.00,
1068,C03110908002002,03-骨科材料,11-接骨板,09-股骨接骨板,080-固定板,02-纯钛,002-普通/近端/非灭,乙类,1082.00,
1069,C03110908002004,03-骨科材料,11-接骨板,09-股骨接骨板,080-固定板,02-纯钛,004-菌普通/干部/非灭,乙类,1082.00,
1070,C03110908002006,03-骨科材料,11-接骨板,09-股骨接骨板,080-固定板,02-纯钛,006-菌普通/远端/非灭,乙类,1082.00,
1071,C03110908002007,03-骨科材料,11-接骨板,09-股骨接骨板,080-固定板,02-纯钛,007-锁菌定加压/近端/灭菌,乙类,1188.00,
1072,C03110908002008,03-骨科材料,11-接骨板,09-股骨接骨板,080-固定板,02-纯钛,008-锁定加压/近端/非灭菌,乙类,1288.00,
1073,C03110908002009,03-骨科材料,11-接骨板,09-股骨接骨板,080-固定板,02-纯钛,009-锁定加压/干部/灭菌,乙类,1188.00,
1074,C03110908002010,03-骨科材料,11-接骨板,09-股骨接骨板,080-固定板,02-纯钛,010-锁定加压/干部/非灭菌,乙类,1209.00,
1075,C03110908002011,03-骨科材料,11-接骨板,09-股骨接骨板,080-固定板,02-纯钛,011-锁定加压/远端/灭菌,乙类,1188.00,
1076,C03110908002012,03-骨科材料,11-接骨板,09-股骨接骨板,080-固定板,02-纯钛,012-锁定加压/远端/非灭菌,乙类,1288.00,
1077,C03110908002014,03-骨科材料,11-接骨板,09-股骨接骨板,080-固定板,02-纯钛,014-万向锁定加压/近端/非灭菌,乙类,1249.00,
1078,C03110908002015,03-骨科材料,11-接骨板,09-股骨接骨板,080-固定板,02-纯钛,015-万向锁定加压/干部/灭菌,乙类,1188.00,
1079,C03110908002016,03-骨科材料,11-接骨板,09-股骨接骨板,080-固定板,02-纯钛,016-万向锁定加压/干部/非灭菌,乙类,1208.00,
1080,C03110908002017,03-骨科材料,11-接骨板,09-股骨接骨板,080-固定板,02-纯钛,017-万向锁定加压/远端/灭菌,乙类,1188.00,
1081,C03110908002018,03-骨科材料,11-接骨板,09-股骨接骨板,080-固定板,02-纯钛,018-万向锁定加压/远端/非灭菌,乙类,1249.00,
1082,C03110908003001,03-骨科材料,11-接骨板,09-股骨接骨板,080-固定板,03-钛合金,001-普通/近端/灭菌,乙类,1149.00,
1083,C03110908003002,03-骨科材料,11-接骨板,09-股骨接骨板,080-固定板,03-钛合金,002-普通/近端/非灭,乙类,1149.00,
1084,C03110908003004,03-骨科材料,11-接骨板,09-股骨接骨板,080-固定板,03-钛合金,004-菌普通/干部/非灭,乙类,1149.00,
1085,C03110908003006,03-骨科材料,11-接骨板,09-股骨接骨板,080-固定板,03-钛合金,006-菌普通/远端/非灭,乙类,1082.00,
1086,C03110908003007,03-骨科材料,11-接骨板,09-股骨接骨板,080-固定板,03-钛合金,007-锁菌定加压/近端/灭菌,乙类,1090.00,
1087,C03110908003008,03-骨科材料,11-接骨板,09-股骨接骨板,080-固定板,03-钛合金,008-锁定加压/近端/非灭菌,乙类,1193.00,
1088,C03110908003010,03-骨科材料,11-接骨板,09-股骨接骨板,080-固定板,03-钛合金,010-锁定加压/干部/非灭菌,乙类,1193.00,
1089,C03110908003011,03-骨科材料,11-接骨板,09-股骨接骨板,080-固定板,03-钛合金,011-锁定加压/远端/灭菌,乙类,674.00,
1090,C03110908003012,03-骨科材料,11-接骨板,09-股骨接骨板,080-固定板,03-钛合金,012-锁定加压/远端/非灭菌,乙类,1193.00,
1091,C03110908003014,03-骨科材料,11-接骨板,09-股骨接骨板,080-固定板,03-钛合金,014-万向锁定加压/近端/非灭菌,乙类,1164.00,
1092,C03110908003016,03-骨科材料,11-接骨板,09-股骨接骨板,080-固定板,03-钛合金,016-万向锁定加压/干部/非灭菌,乙类,1164.00,
1093,C03110908003018,03-骨科材料,11-接骨板,09-股骨接骨板,080-固定板,03-钛合金,018-万向锁定加压/远端/非灭菌,乙类,1164.00,
1094,C03111008001002,03-骨科材料,11-接骨板,10-髌骨接骨板,080-固定板,01-不锈钢,002-普通/非灭菌,乙类,813.00,
1095,C03111008001004,03-骨科材料,11-接骨板,10-髌骨接骨板,080-固定板,01-不锈钢,004-锁定加压/非灭菌,乙类,960.00,
1096,C03111008002001,03-骨科材料,11-接骨板,10-髌骨接骨板,080-固定板,02-纯钛,001-普通/灭菌,乙类,906.00,
1097,C03111008002002,03-骨科材料,11-接骨板,10-髌骨接骨板,080-固定板,02-纯钛,002-普通/非灭菌,乙类,1003.00,
1098,C03111008002004,03-骨科材料,11-接骨板,10-髌骨接骨板,080-固定板,02-纯钛,004-锁定加压/非灭菌,乙类,1114.00,
1099,C03111008002005,03-骨科材料,11-接骨板,10-髌骨接骨板,080-固定板,02-纯钛,005-万向锁定加压/灭,乙类,960.00,
1100,C03111008002006,03-骨科材料,11-接骨板,10-髌骨接骨板,080-固定板,02-纯钛,006-万菌向锁定加压/非灭菌,乙类,1102.00,
1101,C03111008003001,03-骨科材料,11-接骨板,10-髌骨接骨板,080-固定板,03-钛合金,001-普通/灭菌,乙类,1046.00,
1102,C03111008003002,03-骨科材料,11-接骨板,10-髌骨接骨板,080-固定板,03-钛合金,002-普通/非灭菌,乙类,1046.00,
1103,C03111008003004,03-骨科材料,11-接骨板,10-髌骨接骨板,080-固定板,03-钛合金,004-锁定加压/非灭菌,乙类,617.00,
1104,C03111008003006,03-骨科材料,11-接骨板,10-髌骨接骨板,080-固定板,03-钛合金,006-万向锁定加压/非灭菌,乙类,1075.00,
1105,C03111108001002,03-骨科材料,11-接骨板,11-胫骨接骨板,080-固定板,01-不锈钢,002-普通/近端/非灭,乙类,813.00,
1106,C03111108001004,03-骨科材料,11-接骨板,11-胫骨接骨板,080-固定板,01-不锈钢,004-菌普通/干部/非灭,乙类,813.00,
1107,C03111108001006,03-骨科材料,11-接骨板,11-胫骨接骨板,080-固定板,01-不锈钢,006-菌普通/远端/非灭,乙类,813.00,
1108,C03111108001008,03-骨科材料,11-接骨板,11-胫骨接骨板,080-固定板,01-不锈钢,008-锁菌定加压/近端/非灭菌,乙类,902.00,
1109,C03111108001010,03-骨科材料,11-接骨板,11-胫骨接骨板,080-固定板,01-不锈钢,010-锁定加压/干部/非灭菌,乙类,902.00,
1110,C03111108001011,03-骨科材料,11-接骨板,11-胫骨接骨板,080-固定板,01-不锈钢,011-锁定加压/远端/灭菌,乙类,1162.00,
1111,C03111108001012,03-骨科材料,11-接骨板,11-胫骨接骨板,080-固定板,01-不锈钢,012-锁定加压/远端/非灭菌,乙类,902.00,
1112,C03111108001013,03-骨科材料,11-接骨板,11-胫骨接骨板,080-固定板,01-不锈钢,013-万向锁定加压/近端/灭菌,乙类,1162.00,
1113,C03111108002002,03-骨科材料,11-接骨板,11-胫骨接骨板,080-固定板,02-纯钛,002-普通/近端/非灭,乙类,1043.00,
1114,C03111108002004,03-骨科材料,11-接骨板,11-胫骨接骨板,080-固定板,02-纯钛,004-菌普通/干部/非灭,乙类,1043.00,
1115,C03111108002006,03-骨科材料,11-接骨板,11-胫骨接骨板,080-固定板,02-纯钛,006-菌普通/远端/非灭,乙类,1043.00,
1116,C03111108002007,03-骨科材料,11-接骨板,11-胫骨接骨板,080-固定板,02-纯钛,007-锁菌定加压/近端/灭菌,乙类,1220.00,
1117,C03111108002008,03-骨科材料,11-接骨板,11-胫骨接骨板,080-固定板,02-纯钛,008-锁定加压/近端/非灭菌,乙类,1320.00,
1118,C03111108002010,03-骨科材料,11-接骨板,11-胫骨接骨板,080-固定板,02-纯钛,010-锁定加压/干部/非灭菌,乙类,1241.00,
1119,C03111108002011,03-骨科材料,11-接骨板,11-胫骨接骨板,080-固定板,02-纯钛,011-锁定加压/远端/灭菌,乙类,1220.00,
1120,C03111108002012,03-骨科材料,11-接骨板,11-胫骨接骨板,080-固定板,02-纯钛,012-锁定加压/远端/非灭菌,乙类,1320.00,
1121,C03111108002013,03-骨科材料,11-接骨板,11-胫骨接骨板,080-固定板,02-纯钛,013-万向锁定加压/近端/灭菌,乙类,1220.00,
1122,C03111108002014,03-骨科材料,11-接骨板,11-胫骨接骨板,080-固定板,02-纯钛,014-万向锁定加压/近端/非灭菌,乙类,1281.00,
1123,C03111108002015,03-骨科材料,11-接骨板,11-胫骨接骨板,080-固定板,02-纯钛,015-万向锁定加压/干部/灭菌,乙类,1220.00,
1124,C03111108002016,03-骨科材料,11-接骨板,11-胫骨接骨板,080-固定板,02-纯钛,016-万向锁定加压/干部/非灭菌,乙类,1240.00,
1125,C03111108002017,03-骨科材料,11-接骨板,11-胫骨接骨板,080-固定板,02-纯钛,017-万向锁定加压/远端/灭菌,乙类,1220.00,
1126,C03111108002018,03-骨科材料,11-接骨板,11-胫骨接骨板,080-固定板,02-纯钛,018-万向锁定加压/远端/非灭菌,乙类,1281.00,
1127,C03111108003002,03-骨科材料,11-接骨板,11-胫骨接骨板,080-固定板,03-钛合金,002-普通/近端/非灭,乙类,937.00,
1128,C03111108003004,03-骨科材料,11-接骨板,11-胫骨接骨板,080-固定板,03-钛合金,004-菌普通/干部/非灭,乙类,937.00,
1129,C03111108003006,03-骨科材料,11-接骨板,11-胫骨接骨板,080-固定板,03-钛合金,006-菌普通/远端/非灭,乙类,937.00,
1130,C03111108003007,03-骨科材料,11-接骨板,11-胫骨接骨板,080-固定板,03-钛合金,007-锁菌定加压/近端/灭菌,乙类,706.00,
1131,C03111108003008,03-骨科材料,11-接骨板,11-胫骨接骨板,080-固定板,03-钛合金,008-锁定加压/近端/非灭菌,乙类,1224.00,
1132,C03111108003010,03-骨科材料,11-接骨板,11-胫骨接骨板,080-固定板,03-钛合金,010-锁定加压/干部/非灭菌,乙类,1224.00,
1133,C03111108003011,03-骨科材料,11-接骨板,11-胫骨接骨板,080-固定板,03-钛合金,011-锁定加压/远端/灭菌,乙类,706.00,
1134,C03111108003012,03-骨科材料,11-接骨板,11-胫骨接骨板,080-固定板,03-钛合金,012-锁定加压/远端/非灭菌,乙类,1320.00,
1135,C03111108003014,03-骨科材料,11-接骨板,11-胫骨接骨板,080-固定板,03-钛合金,014-万向锁定加压/近端/非灭菌,乙类,1224.00,
1136,C03111108003016,03-骨科材料,11-接骨板,11-胫骨接骨板,080-固定板,03-钛合金,016-万向锁定加压/干部/非灭菌,乙类,1194.00,
1137,C03111108003018,03-骨科材料,11-接骨板,11-胫骨接骨板,080-固定板,03-钛合金,018-万向锁定加压/远端/非灭菌,乙类,1224.00,
1138,C03111208001004,03-骨科材料,11-接骨板,12-腓骨接骨板,080-固定板,01-不锈钢,004-普通/干部/非灭,乙类,5521.50,
1139,C03111208001006,03-骨科材料,11-接骨板,12-腓骨接骨板,080-固定板,01-不锈钢,006-菌普通/远端/非灭,乙类,771.00,
1140,C03111208001012,03-骨科材料,11-接骨板,12-腓骨接骨板,080-固定板,01-不锈钢,012-锁菌定加压/远端/非灭菌,乙类,807.00,
1141,C03111208002004,03-骨科材料,11-接骨板,12-腓骨接骨板,080-固定板,02-纯钛,004-普通/干部/非灭,乙类,990.00,
1142,C03111208002005,03-骨科材料,11-接骨板,12-腓骨接骨板,080-固定板,02-纯钛,005-菌普通/远端/灭菌,乙类,456.03,
1143,C03111208002006,03-骨科材料,11-接骨板,12-腓骨接骨板,080-固定板,02-纯钛,006-普通/远端/非灭,乙类,990.00,
1144,C03111208002008,03-骨科材料,11-接骨板,12-腓骨接骨板,080-固定板,02-纯钛,008-锁菌定加压/近端/非灭菌,乙类,1095.00,
1145,C03111208002010,03-骨科材料,11-接骨板,12-腓骨接骨板,080-固定板,02-纯钛,010-锁定加压/干部/非灭菌,乙类,1111.00,
1146,C03111208002011,03-骨科材料,11-接骨板,12-腓骨接骨板,080-固定板,02-纯钛,011-锁定加压/远端/灭菌,乙类,1095.00,
1147,C03111208002012,03-骨科材料,11-接骨板,12-腓骨接骨板,080-固定板,02-纯钛,012-锁定加压/远端/非灭菌,乙类,1155.00,
1148,C03111208002016,03-骨科材料,11-接骨板,12-腓骨接骨板,080-固定板,02-纯钛,016-万向锁定加压/干部/非灭菌,乙类,1102.00,
1149,C03111208002018,03-骨科材料,11-接骨板,12-腓骨接骨板,080-固定板,02-纯钛,018-万向锁定加压/远端/非灭菌,乙类,1116.00,
1150,C03111208003006,03-骨科材料,11-接骨板,12-腓骨接骨板,080-固定板,03-钛合金,006-普通/远端/非灭,乙类,887.00,
1151,C03111208003008,03-骨科材料,11-接骨板,12-腓骨接骨板,080-固定板,03-钛合金,008-锁菌定加压/近端/非灭菌,乙类,212.00,
1152,C03111208003010,03-骨科材料,11-接骨板,12-腓骨接骨板,080-固定板,03-钛合金,010-锁定加压/干部/非灭菌,乙类,1102.00,
1153,C03111208003011,03-骨科材料,11-接骨板,12-腓骨接骨板,080-固定板,03-钛合金,011-锁定加压/远端/灭菌,乙类,580.00,
1154,C03111208003012,03-骨科材料,11-接骨板,12-腓骨接骨板,080-固定板,03-钛合金,012-锁定加压/远端/非灭菌,乙类,1102.00,
1155,C03111208003016,03-骨科材料,11-接骨板,12-腓骨接骨板,080-固定板,03-钛合金,016-万向锁定加压/干部/非灭菌,乙类,1075.00,
1156,C03111208003018,03-骨科材料,11-接骨板,12-腓骨接骨板,080-固定板,03-钛合金,018-万向锁定加压/远端/非灭菌,乙类,1075.00,
1157,C03111308001002,03-骨科材料,11-接骨板,13-跟骨接骨板,080-固定板,01-不锈钢,002-普通/非灭菌,乙类,743.00,
1158,C03111308001004,03-骨科材料,11-接骨板,13-跟骨接骨板,080-固定板,01-不锈钢,004-锁定加压/非灭菌,乙类,829.00,
1159,C03111308002002,03-骨科材料,11-接骨板,13-跟骨接骨板,080-固定板,02-纯钛,002-普通/非灭菌,乙类,955.00,
1160,C03111308002003,03-骨科材料,11-接骨板,13-跟骨接骨板,080-固定板,02-纯钛,003-锁定加压/灭菌,乙类,1124.00,
1161,C03111308002004,03-骨科材料,11-接骨板,13-跟骨接骨板,080-固定板,02-纯钛,004-锁定加压/非灭菌,乙类,1223.00,
1162,C03111308002005,03-骨科材料,11-接骨板,13-跟骨接骨板,080-固定板,02-纯钛,005-万向锁定加压/灭,乙类,1124.00,
1163,C03111308002006,03-骨科材料,11-接骨板,13-跟骨接骨板,080-固定板,02-纯钛,006-万菌向锁定加压/非灭菌,乙类,1184.00,
1164,C03111308003002,03-骨科材料,11-接骨板,13-跟骨接骨板,080-固定板,03-钛合金,002-普通/非灭菌,乙类,853.00,
1165,C03111308003003,03-骨科材料,11-接骨板,13-跟骨接骨板,080-固定板,03-钛合金,003-锁定加压/灭菌,乙类,609.00,
1166,C03111308003004,03-骨科材料,11-接骨板,13-跟骨接骨板,080-固定板,03-钛合金,004-锁定加压/非灭菌,乙类,1130.00,
1167,C03111308003006,03-骨科材料,11-接骨板,13-跟骨接骨板,080-固定板,03-钛合金,006-万向锁定加压/非灭菌,乙类,1130.00,
1168,C03111408001008,03-骨科材料,11-接骨板,14-足部接骨板,080-固定板,01-不锈钢,008-锁定加压/前足/非灭菌,乙类,1033.00,
1169,C03111408001010,03-骨科材料,11-接骨板,14-足部接骨板,080-固定板,01-不锈钢,010-锁定加压/中足/非灭菌,乙类,1033.00,
1170,C03111408001012,03-骨科材料,11-接骨板,14-足部接骨板,080-固定板,01-不锈钢,012-锁定加压/后足/非灭菌,乙类,1033.00,
1171,C03111408002002,03-骨科材料,11-接骨板,14-足部接骨板,080-固定板,02-纯钛,002-普通/前足/非灭,乙类,955.00,
1172,C03111408002004,03-骨科材料,11-接骨板,14-足部接骨板,080-固定板,02-纯钛,004-菌普通/中足/非灭,乙类,955.00,
1173,C03111408002006,03-骨科材料,11-接骨板,14-足部接骨板,080-固定板,02-纯钛,006-菌普通/后足/非灭,乙类,942.00,
1174,C03111408002007,03-骨科材料,11-接骨板,14-足部接骨板,080-固定板,02-纯钛,007-锁定加压/前足/灭菌,乙类,1054.00,
1175,C03111408002008,03-骨科材料,11-接骨板,14-足部接骨板,080-固定板,02-纯钛,008-锁定加压/前足/非灭菌,乙类,1173.00,
1176,C03111408002009,03-骨科材料,11-接骨板,14-足部接骨板,080-固定板,02-纯钛,009-锁定加压/中足/灭菌,乙类,1054.00,
1177,C03111408002010,03-骨科材料,11-接骨板,14-足部接骨板,080-固定板,02-纯钛,010-锁定加压/中足/非灭菌,乙类,1159.00,
1178,C03111408002011,03-骨科材料,11-接骨板,14-足部接骨板,080-固定板,02-纯钛,011-锁定加压/后足/灭菌,乙类,1054.00,
1179,C03111408002012,03-骨科材料,11-接骨板,14-足部接骨板,080-固定板,02-纯钛,012-锁定加压/后足/非灭菌,乙类,1172.00,
1180,C03111408002014,03-骨科材料,11-接骨板,14-足部接骨板,080-固定板,02-纯钛,014-万向锁定加压/前足/非灭菌,乙类,1115.00,
1181,C03111408002016,03-骨科材料,11-接骨板,14-足部接骨板,080-固定板,02-纯钛,016-万向锁定加压/中足/非灭菌,乙类,1158.00,
1182,C03111408002018,03-骨科材料,11-接骨板,14-足部接骨板,080-固定板,02-纯钛,018-万向锁定加压/后足/非灭菌,乙类,1153.00,
1183,C03111408003004,03-骨科材料,11-接骨板,14-足部接骨板,080-固定板,03-钛合金,004-普通/中足/非灭,乙类,1222.00,
1184,C03111408003008,03-骨科材料,11-接骨板,14-足部接骨板,080-固定板,03-钛合金,008-锁菌定加压/前足/非灭菌,乙类,1252.00,
1185,C03111408003010,03-骨科材料,11-接骨板,14-足部接骨板,080-固定板,03-钛合金,010-锁定加压/中足/非灭菌,乙类,1130.00,
1186,C03111408003012,03-骨科材料,11-接骨板,14-足部接骨板,080-固定板,03-钛合金,012-锁定加压/后足/非灭菌,乙类,1130.00,
1187,C03111408003014,03-骨科材料,11-接骨板,14-足部接骨板,080-固定板,03-钛合金,014-万向锁定加压/前足/非灭菌,乙类,1130.00,
1188,C03111408003016,03-骨科材料,11-接骨板,14-足部接骨板,080-固定板,03-钛合金,016-万向锁定加压/中足/非灭菌,乙类,1158.00,
1189,C03111408003018,03-骨科材料,11-接骨板,14-足部接骨板,080-固定板,03-钛合金,018-万向锁定加压/后足/非灭菌,乙类,1158.00,
1190,C03111508001001,03-骨科材料,11-接骨板,15-通用接骨板,080-固定板,01-不锈钢,001-普通/直形/灭菌,乙类,1170.00,
1191,C03111508001002,03-骨科材料,11-接骨板,15-通用接骨板,080-固定板,01-不锈钢,002-普通/直形/非灭,乙类,878.00,
1192,C03111508001004,03-骨科材料,11-接骨板,15-通用接骨板,080-固定板,01-不锈钢,004-菌普通/弧形/非灭,乙类,1170.00,
1193,C03111508001005,03-骨科材料,11-接骨板,15-通用接骨板,080-固定板,01-不锈钢,005-菌普通/管形/灭菌,乙类,1170.00,
1194,C03111508001006,03-骨科材料,11-接骨板,15-通用接骨板,080-固定板,01-不锈钢,006-普通/管形/非灭,乙类,723.00,
1195,C03111508001011,03-骨科材料,11-接骨板,15-通用接骨板,080-固定板,01-不锈钢,011-锁菌定加压/直形/灭菌,乙类,355.00,
1196,C03111508001012,03-骨科材料,11-接骨板,15-通用接骨板,080-固定板,01-不锈钢,012-锁定加压/直形/非灭菌,乙类,847.00,
1197,C03111508001014,03-骨科材料,11-接骨板,15-通用接骨板,080-固定板,01-不锈钢,014-锁定加压/弧形/非灭菌,乙类,1170.00,
1198,C03111508001015,03-骨科材料,11-接骨板,15-通用接骨板,080-固定板,01-不锈钢,015-锁定加压/管形/灭菌,乙类,355.00,
1199,C03111508001016,03-骨科材料,11-接骨板,15-通用接骨板,080-固定板,01-不锈钢,016-锁定加压/管形/非灭菌,乙类,847.00,
1200,C03111508001018,03-骨科材料,11-接骨板,15-通用接骨板,080-固定板,01-不锈钢,018-锁定加压/钩形/非灭菌,乙类,877.15,
1201,C03111508001019,03-骨科材料,11-接骨板,15-通用接骨板,080-固定板,01-不锈钢,019-锁定加压/异形/灭菌,乙类,1170.00,
1202,C03111508001020,03-骨科材料,11-接骨板,15-通用接骨板,080-固定板,01-不锈钢,020-锁定加压/异形/非灭菌,乙类,751.00,
1203,C03111508002001,03-骨科材料,11-接骨板,15-通用接骨板,080-固定板,02-纯钛,001-普通/直形/灭菌,乙类,953.00,
1204,C03111508002002,03-骨科材料,11-接骨板,15-通用接骨板,080-固定板,02-纯钛,002-普通/直形/非灭,乙类,1060.00,
1205,C03111508002003,03-骨科材料,11-接骨板,15-通用接骨板,080-固定板,02-纯钛,003-菌普通/弧形/灭菌,乙类,953.00,
1206,C03111508002004,03-骨科材料,11-接骨板,15-通用接骨板,080-固定板,02-纯钛,004-普通/弧形/非灭,乙类,1060.00,
1207,C03111508002005,03-骨科材料,11-接骨板,15-通用接骨板,080-固定板,02-纯钛,005-菌普通/管形/灭菌,乙类,912.00,
1208,C03111508002006,03-骨科材料,11-接骨板,15-通用接骨板,080-固定板,02-纯钛,006-普通/管形/非灭,乙类,1047.00,
1209,C03111508002008,03-骨科材料,11-接骨板,15-通用接骨板,080-固定板,02-纯钛,008-菌普通/钩形/非灭,乙类,902.00,
1210,C03111508002010,03-骨科材料,11-接骨板,15-通用接骨板,080-固定板,02-纯钛,010-菌普通/异形/非灭,乙类,1060.00,
1211,C03111508002011,03-骨科材料,11-接骨板,15-通用接骨板,080-固定板,02-纯钛,011-锁菌定加压/直形/灭菌,乙类,1149.00,
1212,C03111508002012,03-骨科材料,11-接骨板,15-通用接骨板,080-固定板,02-纯钛,012-锁定加压/直形/非灭菌,乙类,1248.00,
1213,C03111508002013,03-骨科材料,11-接骨板,15-通用接骨板,080-固定板,02-纯钛,013-锁定加压/弧形/灭菌,乙类,1149.00,
1214,C03111508002014,03-骨科材料,11-接骨板,15-通用接骨板,080-固定板,02-纯钛,014-锁定加压/弧形/非灭菌,乙类,1248.00,
1215,C03111508002015,03-骨科材料,11-接骨板,15-通用接骨板,080-固定板,02-纯钛,015-锁定加压/管形/灭菌,乙类,1168.00,
1216,C03111508002016,03-骨科材料,11-接骨板,15-通用接骨板,080-固定板,02-纯钛,016-锁定加压/管形/非灭菌,乙类,1248.00,
1217,C03111508002017,03-骨科材料,11-接骨板,15-通用接骨板,080-固定板,02-纯钛,017-锁定加压/钩形/灭菌,乙类,1050.00,
1218,C03111508002018,03-骨科材料,11-接骨板,15-通用接骨板,080-固定板,02-纯钛,018-锁定加压/钩形/非灭菌,乙类,1111.00,
1219,C03111508002019,03-骨科材料,11-接骨板,15-通用接骨板,080-固定板,02-纯钛,019-锁定加压/异形/灭菌,乙类,1149.00,
1220,C03111508002020,03-骨科材料,11-接骨板,15-通用接骨板,080-固定板,02-纯钛,020-锁定加压/异形/非灭菌,乙类,1248.00,
1221,C03111508002021,03-骨科材料,11-接骨板,15-通用接骨板,080-固定板,02-纯钛,021-万向锁定加压/直形/灭菌,乙类,1149.00,
1222,C03111508002022,03-骨科材料,11-接骨板,15-通用接骨板,080-固定板,02-纯钛,022-万向锁定加压/直形/非灭菌,乙类,1209.00,
1223,C03111508002024,03-骨科材料,11-接骨板,15-通用接骨板,080-固定板,02-纯钛,024-万向锁定加压/弧形/非灭菌,乙类,1114.00,
1224,C03111508002025,03-骨科材料,11-接骨板,15-通用接骨板,080-固定板,02-纯钛,025-万向锁定加压/管形/灭菌,乙类,1170.00,
1225,C03111508002026,03-骨科材料,11-接骨板,15-通用接骨板,080-固定板,02-纯钛,026-万向锁定加压/管形/非灭菌,乙类,1149.00,
1226,C03111508002028,03-骨科材料,11-接骨板,15-通用接骨板,080-固定板,02-纯钛,028-万向锁定加压/钩形/非灭菌,乙类,1168.00,
1227,C03111508002029,03-骨科材料,11-接骨板,15-通用接骨板,080-固定板,02-纯钛,029-万向锁定加压/异形/灭菌,乙类,1149.00,
1228,C03111508002030,03-骨科材料,11-接骨板,15-通用接骨板,080-固定板,02-纯钛,030-万向锁定加压/异形/非灭菌,乙类,1149.00,
1229,C03111508003002,03-骨科材料,11-接骨板,15-通用接骨板,080-固定板,03-钛合金,002-普通/直形/非灭,乙类,954.00,
1230,C03111508003004,03-骨科材料,11-接骨板,15-通用接骨板,080-固定板,03-钛合金,004-菌普通/弧形/非灭,乙类,1127.00,
1231,C03111508003006,03-骨科材料,11-接骨板,15-通用接骨板,080-固定板,03-钛合金,006-菌普通/管形/非灭,乙类,1127.00,
1232,C03111508003008,03-骨科材料,11-接骨板,15-通用接骨板,080-固定板,03-钛合金,008-菌普通/钩形/非灭,乙类,954.00,
1233,C03111508003010,03-骨科材料,11-接骨板,15-通用接骨板,080-固定板,03-钛合金,010-菌普通/异形/非灭,乙类,906.00,
1234,C03111508003011,03-骨科材料,11-接骨板,15-通用接骨板,080-固定板,03-钛合金,011-锁菌定加压/直形/灭菌,乙类,634.00,
1235,C03111508003012,03-骨科材料,11-接骨板,15-通用接骨板,080-固定板,03-钛合金,012-锁定加压/直形/非灭菌,乙类,981.00,
1236,C03111508003013,03-骨科材料,11-接骨板,15-通用接骨板,080-固定板,03-钛合金,013-锁定加压/弧形/灭菌,乙类,634.00,
1237,C03111508003014,03-骨科材料,11-接骨板,15-通用接骨板,080-固定板,03-钛合金,014-锁定加压/弧形/非灭菌,乙类,1126.00,
1238,C03111508003016,03-骨科材料,11-接骨板,15-通用接骨板,080-固定板,03-钛合金,016-锁定加压/管形/非灭菌,乙类,1111.00,
1239,C03111508003019,03-骨科材料,11-接骨板,15-通用接骨板,080-固定板,03-钛合金,019-锁定加压/异形/灭菌,乙类,518.00,
1240,C03111508003020,03-骨科材料,11-接骨板,15-通用接骨板,080-固定板,03-钛合金,020-锁定加压/异形/非灭菌,乙类,1111.00,
1241,C03111508003022,03-骨科材料,11-接骨板,15-通用接骨板,080-固定板,03-钛合金,022-万向锁定加压/直形/非灭菌,乙类,1126.00,
1242,C03111508003026,03-骨科材料,11-接骨板,15-通用接骨板,080-固定板,03-钛合金,026-万向锁定加压/管形/非灭菌,乙类,671.00,
1243,C03111508003030,03-骨科材料,11-接骨板,15-通用接骨板,080-固定板,03-钛合金,030-万向锁定加压/异形/非灭菌,乙类,584.00,
1244,C03111608001002,03-骨科材料,11-接骨板,16-小儿接骨板,080-固定板,01-不锈钢,002-股骨/锁定加压,乙类,1162.00,
1245,C03111608002001,03-骨科材料,11-接骨板,16-小儿接骨板,080-固定板,02-纯钛,001-股骨/普通,乙类,899.43,
1246,C03111608002002,03-骨科材料,11-接骨板,16-小儿接骨板,080-固定板,02-纯钛,002-股骨/锁定加压,乙类,1208.00,
1247,C03111608002003,03-骨科材料,11-接骨板,16-小儿接骨板,080-固定板,02-纯钛,003-股骨/万向锁定加,乙类,292.00,
1248,C03111608002005,03-骨科材料,11-接骨板,16-小儿接骨板,080-固定板,02-纯钛,005-压胫骨/锁定加压,乙类,1240.00,
1249,C03111608002007,03-骨科材料,11-接骨板,16-小儿接骨板,080-固定板,02-纯钛,007-肱骨/普通,乙类,1042.00,
1250,C03111608002008,03-骨科材料,11-接骨板,16-小儿接骨板,080-固定板,02-纯钛,008-肱骨/锁定加压,乙类,646.00,
1251,C03111608002010,03-骨科材料,11-接骨板,16-小儿接骨板,080-固定板,02-纯钛,010-尺骨/普通,乙类,860.00,
1252,C03111608002011,03-骨科材料,11-接骨板,16-小儿接骨板,080-固定板,02-纯钛,011-尺骨/锁定加压,乙类,696.00,
1253,C03111608002015,03-骨科材料,11-接骨板,16-小儿接骨板,080-固定板,02-纯钛,015-桡骨/万向锁定加,乙类,1162.00,
1254,C03111608002018,03-骨科材料,11-接骨板,16-小儿接骨板,080-固定板,02-纯钛,018-压手部/万向锁定加,乙类,930.00,
1255,C03111608003002,03-骨科材料,11-接骨板,16-小儿接骨板,080-固定板,03-钛合金,002-压股骨/锁定加压,乙类,711.00,
1256,C03111708002003,03-骨科材料,11-接骨板,17-矫形板,080-固定板,02-纯钛,003-肘部/成人,乙类,313.00,
1257,C03111708002005,03-骨科材料,11-接骨板,17-矫形板,080-固定板,02-纯钛,005-前臂/成人,乙类,659.00,
1258,C03111708002007,03-骨科材料,11-接骨板,17-矫形板,080-固定板,02-纯钛,007-掌指骨/成人,乙类,788.00,
1259,C03111708002009,03-骨科材料,11-接骨板,17-矫形板,080-固定板,02-纯钛,009-髋部/成人,乙类,1162.00,
1260,C03111708002011,03-骨科材料,11-接骨板,17-矫形板,080-固定板,02-纯钛,011-膝部/成人,乙类,893.00,
1261,C03111708002013,03-骨科材料,11-接骨板,17-矫形板,080-固定板,02-纯钛,013-踝部/成人,乙类,870.00,
1262,C03111708002015,03-骨科材料,11-接骨板,17-矫形板,080-固定板,02-纯钛,015-前中足/成人,乙类,1252.00,
1263,C03111708003005,03-骨科材料,11-接骨板,17-矫形板,080-固定板,03-钛合金,005-前臂/成人,乙类,265.00,
1264,C03111708003009,03-骨科材料,11-接骨板,17-矫形板,080-固定板,03-钛合金,009-髋部/成人,乙类,1139.00,
1265,C03111708003010,03-骨科材料,11-接骨板,17-矫形板,080-固定板,03-钛合金,010-髋部/小儿,乙类,518.00,
1266,C03111708003011,03-骨科材料,11-接骨板,17-矫形板,080-固定板,03-钛合金,011-膝部/成人,乙类,1170.00,
1267,C03111708003013,03-骨科材料,11-接骨板,17-矫形板,080-固定板,03-钛合金,013-踝部/成人,乙类,261.00,
1268,C03111708003015,03-骨科材料,11-接骨板,17-矫形板,080-固定板,03-钛合金,015-前中足/成人,乙类,1104.00,
1269,C03111708003017,03-骨科材料,11-接骨板,17-矫形板,080-固定板,03-钛合金,017-后足/成人,乙类,588.00,
1270,C03111908001002,03-骨科材料,11-接骨板,19-其他接骨板,080-固定板,01-不锈钢,002-锁定加压,乙类,7222.22,
1271,C03111908002001,03-骨科材料,11-接骨板,19-其他接骨板,080-固定板,02-纯钛,001-普通,乙类,945.00,
1272,C03111908002002,03-骨科材料,11-接骨板,19-其他接骨板,080-固定板,02-纯钛,002-锁定加压,乙类,1248.00,
1273,C03111908002003,03-骨科材料,11-接骨板,19-其他接骨板,080-固定板,02-纯钛,003-万向锁定加压,乙类,1168.00,
1274,C03111908003001,03-骨科材料,11-接骨板,19-其他接骨板,080-固定板,03-钛合金,001-普通,乙类,1030.00,
1275,C03111908003002,03-骨科材料,11-接骨板,19-其他接骨板,080-固定板,03-钛合金,002-锁定加压,乙类,1149.00,
1276,C03112008001023,03-骨科材料,11-接骨板,20-关节融合板,080-固定板,01-不锈钢,023-掌指/锁定加压,乙类,840.00,
1277,C03112008002002,03-骨科材料,11-接骨板,20-关节融合板,080-固定板,02-纯钛,002-肩/锁定加压,乙类,1050.00,
1278,C03112008002005,03-骨科材料,11-接骨板,20-关节融合板,080-固定板,02-纯钛,005-肘/锁定加压,乙类,1050.00,
1279,C03112008002009,03-骨科材料,11-接骨板,20-关节融合板,080-固定板,02-纯钛,009-腕/万向锁定加压,乙类,1020.00,
1280,C03112008002017,03-骨科材料,11-接骨板,20-关节融合板,080-固定板,02-纯钛,017-踝/锁定加压,乙类,1124.00,
1281,C03112008002020,03-骨科材料,11-接骨板,20-关节融合板,080-固定板,02-纯钛,020-足/锁定加压,乙类,1158.00,
1282,C03112008002021,03-骨科材料,11-接骨板,20-关节融合板,080-固定板,02-纯钛,021-足/万向锁定加压,乙类,1153.00,
1283,C03112008002023,03-骨科材料,11-接骨板,20-关节融合板,080-固定板,02-纯钛,023-掌指/锁定加压,乙类,1101.00,
1284,C03112008002024,03-骨科材料,11-接骨板,20-关节融合板,080-固定板,02-纯钛,024-掌指/万向锁定加,乙类,1020.00,
1285,C03112008003008,03-骨科材料,11-接骨板,20-关节融合板,080-固定板,03-钛合金,008-压腕/锁定加压,乙类,574.00,
1286,C03112008003017,03-骨科材料,11-接骨板,20-关节融合板,080-固定板,03-钛合金,017-踝/锁定加压,乙类,675.00,
1287,C03112008003020,03-骨科材料,11-接骨板,20-关节融合板,080-固定板,03-钛合金,020-足/锁定加压,乙类,638.00,
1288,C03112108002004,03-骨科材料,11-接骨板,21-肩胛骨接骨板,080-固定板,02-纯钛,004-锁定加压/非灭菌,乙类,987.00,
1289,C03120107901001,03-骨科材料,12-螺钉,01-万向锁定螺钉,079-螺钉,01-不锈钢,001-灭菌/直径≤2.7mm以下,乙类,201.54,
1290,C03120107901002,03-骨科材料,12-螺钉,01-万向锁定螺钉,079-螺钉,01-不锈钢,002-灭菌/2.7＜直径≤4mm,乙类,25.00,
1291,C03120107903001,03-骨科材料,12-螺钉,01-万向锁定螺钉,079-螺钉,03-钛合金,001-灭菌/直径≤2.7mm以下,乙类,82.00,
1292,C03120107903002,03-骨科材料,12-螺钉,01-万向锁定螺钉,079-螺钉,03-钛合金,002-灭菌/2.7＜直径≤4mm,乙类,82.00,
1293,C03120107903003,03-骨科材料,12-螺钉,01-万向锁定螺钉,079-螺钉,03-钛合金,003-灭菌/直径＞4mm以上,乙类,82.00,
1294,C03120107903004,03-骨科材料,12-螺钉,01-万向锁定螺钉,079-螺钉,03-钛合金,004-非灭菌/直径≤2.7mm以下,乙类,82.00,
1295,C03120107903005,03-骨科材料,12-螺钉,01-万向锁定螺钉,079-螺钉,03-钛合金,005-非灭菌/2.7＜直径≤4mm,乙类,82.00,
1296,C03120107903006,03-骨科材料,12-螺钉,01-万向锁定螺钉,079-螺钉,03-钛合金,006-非灭菌/直径＞4mm以上,乙类,82.00,
1297,C03120107904002,03-骨科材料,12-螺钉,01-万向锁定螺钉,079-螺钉,04-其他合金,002-灭菌/2.7＜直径≤4mm,乙类,82.00,
1298,C03120107904003,03-骨科材料,12-螺钉,01-万向锁定螺钉,079-螺钉,04-其他合金,003-灭菌/直径＞4mm以上,乙类,82.00,
1299,C03120107904004,03-骨科材料,12-螺钉,01-万向锁定螺钉,079-螺钉,04-其他合金,004-非灭菌/直径≤2.7mm以下,乙类,82.00,
1300,C03120107904005,03-骨科材料,12-螺钉,01-万向锁定螺钉,079-螺钉,04-其他合金,005-非灭菌/2.7＜直径≤4mm,乙类,82.00,
1301,C03120107904006,03-骨科材料,12-螺钉,01-万向锁定螺钉,079-螺钉,04-其他合金,006-非灭菌/直径＞4mm以上,乙类,82.00,
1302,C03120207901001,03-骨科材料,12-螺钉,02-普通锁定螺钉,079-螺钉,01-不锈钢,001-灭菌/直径≤2.7mm以下,乙类,25.00,
1303,C03120207901003,03-骨科材料,12-螺钉,02-普通锁定螺钉,079-螺钉,01-不锈钢,003-灭菌/直径＞4mm以上,乙类,147.00,
1304,C03120207901004,03-骨科材料,12-螺钉,02-普通锁定螺钉,079-螺钉,01-不锈钢,004-非灭菌/直径≤2.7mm以下,乙类,82.00,
1305,C03120207901005,03-骨科材料,12-螺钉,02-普通锁定螺钉,079-螺钉,01-不锈钢,005-非灭菌/2.7＜直径≤4mm,乙类,82.00,
1306,C03120207901006,03-骨科材料,12-螺钉,02-普通锁定螺钉,079-螺钉,01-不锈钢,006-非灭菌/直径＞4mm以上,乙类,147.00,
1307,C03120207903001,03-骨科材料,12-螺钉,02-普通锁定螺钉,079-螺钉,03-钛合金,001-灭菌/直径≤2.7mm以下,乙类,82.00,
1308,C03120207903002,03-骨科材料,12-螺钉,02-普通锁定螺钉,079-螺钉,03-钛合金,002-灭菌/2.7＜直径≤4mm,乙类,82.00,
1309,C03120207903003,03-骨科材料,12-螺钉,02-普通锁定螺钉,079-螺钉,03-钛合金,003-灭菌/直径＞4mm以上,乙类,82.00,
1310,C03120207903004,03-骨科材料,12-螺钉,02-普通锁定螺钉,079-螺钉,03-钛合金,004-非灭菌/直径≤2.7mm以下,乙类,650.00,
1311,C03120207903005,03-骨科材料,12-螺钉,02-普通锁定螺钉,079-螺钉,03-钛合金,005-非灭菌/2.7＜直径≤4mm,乙类,650.00,
1312,C03120207903006,03-骨科材料,12-螺钉,02-普通锁定螺钉,079-螺钉,03-钛合金,006-非灭菌/直径＞4mm以上,乙类,724.00,
1313,C03120207904001,03-骨科材料,12-螺钉,02-普通锁定螺钉,079-螺钉,04-其他合金,001-灭菌/直径≤2.7mm以下,乙类,147.00,
1314,C03120207904004,03-骨科材料,12-螺钉,02-普通锁定螺钉,079-螺钉,04-其他合金,004-非灭菌/直径≤2.7mm以下,乙类,147.00,
1315,C03120207904005,03-骨科材料,12-螺钉,02-普通锁定螺钉,079-螺钉,04-其他合金,005-非灭菌/2.7＜直径≤4mm,乙类,3120.00,
1316,C03120207904006,03-骨科材料,12-螺钉,02-普通锁定螺钉,079-螺钉,04-其他合金,006-非灭菌/直径＞4mm以上,乙类,129.00,
1317,C03120307901001,03-骨科材料,12-螺钉,03-皮质骨螺钉,079-螺钉,01-不锈钢,001-灭菌/直径≤2.7mm以下,乙类,65.18,
1318,C03120307901003,03-骨科材料,12-螺钉,03-皮质骨螺钉,079-螺钉,01-不锈钢,003-灭菌/直径＞4mm以上,乙类,9646.95,
1319,C03120307901004,03-骨科材料,12-螺钉,03-皮质骨螺钉,079-螺钉,01-不锈钢,004-非灭菌/直径≤2.7mm以下,乙类,20.00,
1320,C03120307901005,03-骨科材料,12-螺钉,03-皮质骨螺钉,079-螺钉,01-不锈钢,005-非灭菌/2.7＜直径≤4mm,乙类,22.00,
1321,C03120307901006,03-骨科材料,12-螺钉,03-皮质骨螺钉,079-螺钉,01-不锈钢,006-非灭菌/直径＞4mm以上,乙类,21.00,
1322,C03120307903001,03-骨科材料,12-螺钉,03-皮质骨螺钉,079-螺钉,03-钛合金,001-灭菌/直径≤2.7mm以下,乙类,26.00,
1323,C03120307903002,03-骨科材料,12-螺钉,03-皮质骨螺钉,079-螺钉,03-钛合金,002-灭菌/2.7＜直径≤4mm,乙类,26.00,
1324,C03120307903003,03-骨科材料,12-螺钉,03-皮质骨螺钉,079-螺钉,03-钛合金,003-灭菌/直径＞4mm以上,乙类,26.00,
1325,C03120307903004,03-骨科材料,12-螺钉,03-皮质骨螺钉,079-螺钉,03-钛合金,004-非灭菌/直径≤2.7mm以下,乙类,28.00,
1326,C03120307903005,03-骨科材料,12-螺钉,03-皮质骨螺钉,079-螺钉,03-钛合金,005-非灭菌/2.7＜直径≤4mm,乙类,82.00,
1327,C03120307903006,03-骨科材料,12-螺钉,03-皮质骨螺钉,079-螺钉,03-钛合金,006-非灭菌/直径＞4mm以上,乙类,28.00,
1328,C03120307904001,03-骨科材料,12-螺钉,03-皮质骨螺钉,079-螺钉,04-其他材料,001-灭菌/直径≤2.7mm以下,乙类,26.00,
1329,C03120307904002,03-骨科材料,12-螺钉,03-皮质骨螺钉,079-螺钉,04-其他材料,002-灭菌/2.7＜直径≤4mm,乙类,5015.18,
1330,C03120307904003,03-骨科材料,12-螺钉,03-皮质骨螺钉,079-螺钉,04-其他材料,003-灭菌/直径＞4mm以上,乙类,6027.40,
1331,C03120407901002,03-骨科材料,12-螺钉,04-松质骨螺钉,079-螺钉,01-不锈钢,002-锁定/全螺纹/灭菌/2.7＜直径≤4mm,乙类,41.00,
1332,C03120407901005,03-骨科材料,12-螺钉,04-松质骨螺钉,079-螺钉,01-不锈钢,005-锁定/全螺纹/非灭菌/2.7＜直径≤4mm,乙类,16691.73,
1333,C03120407901008,03-骨科材料,12-螺钉,04-松质骨螺钉,079-螺钉,01-不锈钢,008-锁定/非全螺纹/灭菌/2.7＜直径≤4mm,乙类,392.97,
1334,C03120407901017,03-骨科材料,12-螺钉,04-松质骨螺钉,079-螺钉,01-不锈钢,017-非锁定/全螺纹/非灭菌/2.7＜直径≤4mm,乙类,31.00,
1335,C03120407901018,03-骨科材料,12-螺钉,04-松质骨螺钉,079-螺钉,01-不锈钢,018-非锁定/全螺纹/非灭菌/直径＞4mm以上,乙类,38.00,
1336,C03120407901023,03-骨科材料,12-螺钉,04-松质骨螺钉,079-螺钉,01-不锈钢,023-非锁定/非全螺纹/非灭菌/2.7＜直径≤,乙类,31.00,
1337,C03120407901024,03-骨科材料,12-螺钉,04-松质骨螺钉,079-螺钉,01-不锈钢,0244-非mm锁定/非全螺纹/非灭菌/直径＞4mm以,乙类,31.00,
1338,C03120407903004,03-骨科材料,12-螺钉,04-松质骨螺钉,079-螺钉,03-钛合金,004-上锁定/全螺纹/非灭菌/直径≤2.7mm以下,乙类,25.00,
1339,C03120407903005,03-骨科材料,12-螺钉,04-松质骨螺钉,079-螺钉,03-钛合金,005-锁定/全螺纹/非灭菌/2.7＜直径≤4mm,乙类,82.00,
1340,C03120407903006,03-骨科材料,12-螺钉,04-松质骨螺钉,079-螺钉,03-钛合金,006-锁定/全螺纹/非灭菌/直径＞4mm以上,乙类,82.00,
1341,C03120407903011,03-骨科材料,12-螺钉,04-松质骨螺钉,079-螺钉,03-钛合金,011-锁定/非全螺纹/非灭菌/2.7＜直径≤,乙类,39.00,
1342,C03120407903012,03-骨科材料,12-螺钉,04-松质骨螺钉,079-螺钉,03-钛合金,0124-m锁m定/非全螺纹/非灭菌/直径＞4mm以,乙类,82.00,
1343,C03120407903013,03-骨科材料,12-螺钉,04-松质骨螺钉,079-螺钉,03-钛合金,013-非锁定/全螺纹/灭菌/直径≤2.7mm以下,乙类,41.00,
1344,C03120407903014,03-骨科材料,12-螺钉,04-松质骨螺钉,079-螺钉,03-钛合金,014-非锁定/全螺纹/灭菌/2.7＜直径≤4mm,乙类,39.00,
1345,C03120407903015,03-骨科材料,12-螺钉,04-松质骨螺钉,079-螺钉,03-钛合金,015-非锁定/全螺纹/灭菌/直径＞4mm以上,乙类,39.00,
1346,C03120407903016,03-骨科材料,12-螺钉,04-松质骨螺钉,079-螺钉,03-钛合金,016-非锁定/全螺纹/非灭菌/直径≤2.7mm以下,乙类,39.00,
1347,C03120407903017,03-骨科材料,12-螺钉,04-松质骨螺钉,079-螺钉,03-钛合金,017-非锁定/全螺纹/非灭菌/2.7＜直径≤4mm,乙类,41.00,
1348,C03120407903018,03-骨科材料,12-螺钉,04-松质骨螺钉,079-螺钉,03-钛合金,018-非锁定/全螺纹/非灭菌/直径＞4mm以上,乙类,39.00,
1349,C03120407903020,03-骨科材料,12-螺钉,04-松质骨螺钉,079-螺钉,03-钛合金,020-非锁定/非全螺纹/灭菌/2.7＜直径≤4mm,乙类,39.00,
1350,C03120407903021,03-骨科材料,12-螺钉,04-松质骨螺钉,079-螺钉,03-钛合金,021-非锁定/非全螺纹/灭菌/直径＞4mm以上,乙类,39.00,
1351,C03120407903023,03-骨科材料,12-螺钉,04-松质骨螺钉,079-螺钉,03-钛合金,023-非锁定/非全螺纹/非灭菌/2.7＜直径≤,乙类,39.00,
1352,C03120407903024,03-骨科材料,12-螺钉,04-松质骨螺钉,079-螺钉,03-钛合金,0244-非mm锁定/非全螺纹/非灭菌/直径＞4mm以,乙类,39.00,
1353,C03120407904013,03-骨科材料,12-螺钉,04-松质骨螺钉,079-螺钉,04-其他材料,013-非锁定/全螺纹/灭菌/直径≤2.7mm以下,乙类,4521.84,
1354,C03120407904014,03-骨科材料,12-螺钉,04-松质骨螺钉,079-螺钉,04-其他材料,014-非锁定/全螺纹/灭菌/2.7＜直径≤4mm,乙类,4779.50,
1355,C03120407904015,03-骨科材料,12-螺钉,04-松质骨螺钉,079-螺钉,04-其他材料,015-非锁定/全螺纹/灭菌/直径＞4mm以上,乙类,6016.02,
1356,C03120407904019,03-骨科材料,12-螺钉,04-松质骨螺钉,079-螺钉,04-其他材料,019-非锁定/非全螺纹/灭菌/直径≤2.7mm以下,乙类,41.00,
1357,C03120407904020,03-骨科材料,12-螺钉,04-松质骨螺钉,079-螺钉,04-其他材料,020-非锁定/非全螺纹/灭菌/2.7＜直径≤4mm,乙类,4246.00,
1358,C03120407904021,03-骨科材料,12-螺钉,04-松质骨螺钉,079-螺钉,04-其他材料,021-非锁定/非全螺纹/灭菌/直径＞4mm以上,乙类,4162.00,
1359,C03120507901001,03-骨科材料,12-螺钉,05-空心钉,079-螺钉,01-不锈钢,001-埋头/锁定/灭菌/直径≤4mm以下,乙类,242.00,
1360,C03120507901007,03-骨科材料,12-螺钉,05-空心钉,079-螺钉,01-不锈钢,007-埋头/非锁定/灭菌/直径≤4mm以下,乙类,1892.48,
1361,C03120507901008,03-骨科材料,12-螺钉,05-空心钉,079-螺钉,01-不锈钢,008-埋头/非锁定/灭菌/4＜直径≤7mm,乙类,8956.36,
1362,C03120507901010,03-骨科材料,12-螺钉,05-空心钉,079-螺钉,01-不锈钢,010-埋头/非锁定/非灭菌/直径≤4mm以下,乙类,1627.50,
1363,C03120507901011,03-骨科材料,12-螺钉,05-空心钉,079-螺钉,01-不锈钢,011-埋头/非锁定/非灭菌/4＜直径≤7mm,乙类,127.00,
1364,C03120507901012,03-骨科材料,12-螺钉,05-空心钉,079-螺钉,01-不锈钢,012-埋头/非锁定/非灭菌/直径＞7mm以上,乙类,127.00,
1365,C03120507901017,03-骨科材料,12-螺钉,05-空心钉,079-螺钉,01-不锈钢,017-非埋头/锁定/非灭菌/4＜直径≤7mm,乙类,127.00,
1366,C03120507901018,03-骨科材料,12-螺钉,05-空心钉,079-螺钉,01-不锈钢,018-非埋头/锁定/非灭菌/直径＞7mm以上,乙类,127.00,
1367,C03120507901019,03-骨科材料,12-螺钉,05-空心钉,079-螺钉,01-不锈钢,019-非埋头/非锁定/灭菌/直径≤4mm以下,乙类,127.00,
1368,C03120507901022,03-骨科材料,12-螺钉,05-空心钉,079-螺钉,01-不锈钢,022-非埋头/非锁定/非灭菌/直径≤4mm以下,乙类,127.00,
1369,C03120507901023,03-骨科材料,12-螺钉,05-空心钉,079-螺钉,01-不锈钢,023-非埋头/非锁定/非灭菌/4＜直径≤7mm,乙类,127.00,
1370,C03120507901024,03-骨科材料,12-螺钉,05-空心钉,079-螺钉,01-不锈钢,024-非埋头/非锁定/非灭菌/直径＞7mm以上,乙类,127.00,
1371,C03120507903001,03-骨科材料,12-螺钉,05-空心钉,079-螺钉,03-钛合金,001-埋头/锁定/灭菌/直径≤4mm以下,乙类,159.00,
1372,C03120507903002,03-骨科材料,12-螺钉,05-空心钉,079-螺钉,03-钛合金,002-埋头/锁定/灭菌/4＜直径≤,乙类,159.00,
1373,C03120507903003,03-骨科材料,12-螺钉,05-空心钉,079-螺钉,03-钛合金,003-埋头/锁定/灭菌/直径＞7mm以上,乙类,149.00,
1374,C03120507903004,03-骨科材料,12-螺钉,05-空心钉,079-螺钉,03-钛合金,004-埋头/锁定/非灭菌/直径≤4mm以下,乙类,159.00,
1375,C03120507903005,03-骨科材料,12-螺钉,05-空心钉,079-螺钉,03-钛合金,005-埋头/锁定/非灭菌/4＜直径≤7mm,乙类,159.00,
1376,C03120507903006,03-骨科材料,12-螺钉,05-空心钉,079-螺钉,03-钛合金,006-埋头/锁定/非灭菌/直径＞7mm以上,乙类,159.00,
1377,C03120507903007,03-骨科材料,12-螺钉,05-空心钉,079-螺钉,03-钛合金,007-埋头/非锁定/灭菌/直径≤4mm以下,乙类,159.00,
1378,C03120507903008,03-骨科材料,12-螺钉,05-空心钉,079-螺钉,03-钛合金,008-埋头/非锁定/灭菌/4＜直径≤7mm,乙类,159.00,
1379,C03120507903009,03-骨科材料,12-螺钉,05-空心钉,079-螺钉,03-钛合金,009-埋头/非锁定/灭菌/直径＞7mm以上,乙类,159.00,
1380,C03120507903010,03-骨科材料,12-螺钉,05-空心钉,079-螺钉,03-钛合金,010-埋头/非锁定/非灭菌/直径≤4mm以下,乙类,159.00,
1381,C03120507903011,03-骨科材料,12-螺钉,05-空心钉,079-螺钉,03-钛合金,011-埋头/非锁定/非灭菌/4＜直径≤7mm,乙类,159.00,
1382,C03120507903012,03-骨科材料,12-螺钉,05-空心钉,079-螺钉,03-钛合金,012-埋头/非锁定/非灭菌/直径＞7mm以上,乙类,159.00,
1383,C03120507903013,03-骨科材料,12-螺钉,05-空心钉,079-螺钉,03-钛合金,013-非埋头/锁定/灭菌/直径≤4mm以下,乙类,159.00,
1384,C03120507903014,03-骨科材料,12-螺钉,05-空心钉,079-螺钉,03-钛合金,014-非埋头/锁定/灭菌/4＜直径≤7mm,乙类,159.00,
1385,C03120507903015,03-骨科材料,12-螺钉,05-空心钉,079-螺钉,03-钛合金,015-非埋头/锁定/灭菌/直径＞7mm以上,乙类,159.00,
1386,C03120507903016,03-骨科材料,12-螺钉,05-空心钉,079-螺钉,03-钛合金,016-非埋头/锁定/非灭菌/直径≤4mm以下,乙类,238.00,
1387,C03120507903017,03-骨科材料,12-螺钉,05-空心钉,079-螺钉,03-钛合金,017-非埋头/锁定/非灭菌/4＜直径≤7mm,乙类,238.00,
1388,C03120507903018,03-骨科材料,12-螺钉,05-空心钉,079-螺钉,03-钛合金,018-非埋头/锁定/非灭菌/直径＞7mm以上,乙类,159.00,
1389,C03120507903019,03-骨科材料,12-螺钉,05-空心钉,079-螺钉,03-钛合金,019-非埋头/非锁定/灭菌/直径≤4mm以下,乙类,159.00,
1390,C03120507903020,03-骨科材料,12-螺钉,05-空心钉,079-螺钉,03-钛合金,020-非埋头/非锁定/灭菌/4＜直径≤7mm,乙类,159.00,
1391,C03120507903021,03-骨科材料,12-螺钉,05-空心钉,079-螺钉,03-钛合金,021-非埋头/非锁定/灭菌/直径＞7mm以上,乙类,159.00,
1392,C03120507903022,03-骨科材料,12-螺钉,05-空心钉,079-螺钉,03-钛合金,022-非埋头/非锁定/非灭菌/直径≤4mm以下,乙类,159.00,
1393,C03120507903023,03-骨科材料,12-螺钉,05-空心钉,079-螺钉,03-钛合金,023-非埋头/非锁定/非灭菌/4＜直径≤7mm,乙类,159.00,
1394,C03120507903024,03-骨科材料,12-螺钉,05-空心钉,079-螺钉,03-钛合金,024-非埋头/非锁定/非灭菌/直径＞7mm以上,乙类,159.00,
1395,C03120607901000,03-骨科材料,12-螺钉,06-胸肋骨螺钉,079-螺钉,01-不锈钢,000-常规,乙类,500.00,
1396,C03120607902000,03-骨科材料,12-螺钉,06-胸肋骨螺钉,079-螺钉,02-纯钛,000-常规,乙类,500.00,
1397,C03120607903000,03-骨科材料,12-螺钉,06-胸肋骨螺钉,079-螺钉,03-钛合金,000-常规,乙类,82.00,
1398,C03120707903001,03-骨科材料,12-螺钉,07-其他螺钉,079-螺钉,03-钛合金,001-灭菌/直径≤4mm以下,乙类,82.00,
1399,C03120707903002,03-骨科材料,12-螺钉,07-其他螺钉,079-螺钉,03-钛合金,002-灭菌/4＜直径≤7mm,乙类,491.00,
1400,C03120707903004,03-骨科材料,12-螺钉,07-其他螺钉,079-螺钉,03-钛合金,004-非灭菌/直径≤4mm以下,乙类,400.00,
1401,C03120707903005,03-骨科材料,12-螺钉,07-其他螺钉,079-螺钉,03-钛合金,005-非灭菌/4＜直径≤7mm,乙类,491.00,
1402,C03120707903006,03-骨科材料,12-螺钉,07-其他螺钉,079-螺钉,03-钛合金,006-非灭菌/直径＞7mm以上,乙类,26.00,
1403,C03130108603001,03-骨科材料,13-髓内钉,01-锁骨髓内钉,086-髓内钉,03-钛合金,001-直型/灭菌,乙类,685.00,
1404,C03130108603002,03-骨科材料,13-髓内钉,01-锁骨髓内钉,086-髓内钉,03-钛合金,002-直型/非灭菌,乙类,685.00,
1405,C03130108603004,03-骨科材料,13-髓内钉,01-锁骨髓内钉,086-髓内钉,03-钛合金,004-弯形/非灭菌,乙类,685.00,
1406,C03130208601002,03-骨科材料,13-髓内钉,02-肱骨髓内钉,086-髓内钉,01-不锈钢,002-近端短型/直型/非灭菌,乙类,91.00,
1407,C03130208601006,03-骨科材料,13-髓内钉,02-肱骨髓内钉,086-髓内钉,01-不锈钢,006-近端长型/直型/非灭菌,乙类,1050.00,
1408,C03130208601008,03-骨科材料,13-髓内钉,02-肱骨髓内钉,086-髓内钉,01-不锈钢,008-近端长型/弯形/非灭菌,乙类,1306.00,
1409,C03130208601010,03-骨科材料,13-髓内钉,02-肱骨髓内钉,086-髓内钉,01-不锈钢,010-肱骨干/直型/非灭,乙类,1216.00,
1410,C03130208601012,03-骨科材料,13-髓内钉,02-肱骨髓内钉,086-髓内钉,01-不锈钢,012-肱菌骨干/弯形/非灭,乙类,1140.00,
1411,C03130208603001,03-骨科材料,13-髓内钉,02-肱骨髓内钉,086-髓内钉,03-钛合金,001-近菌端短型/直型/灭菌,乙类,1456.00,
1412,C03130208603002,03-骨科材料,13-髓内钉,02-肱骨髓内钉,086-髓内钉,03-钛合金,002-近端短型/直型/非灭菌,乙类,1456.00,
1413,C03130208603003,03-骨科材料,13-髓内钉,02-肱骨髓内钉,086-髓内钉,03-钛合金,003-近端短型/弯形/灭菌,乙类,1456.00,
1414,C03130208603004,03-骨科材料,13-髓内钉,02-肱骨髓内钉,086-髓内钉,03-钛合金,004-近端短型/弯形/非灭菌,乙类,1456.00,
1415,C03130208603006,03-骨科材料,13-髓内钉,02-肱骨髓内钉,086-髓内钉,03-钛合金,006-近端长型/直型/非灭菌,乙类,1503.00,
1416,C03130208603007,03-骨科材料,13-髓内钉,02-肱骨髓内钉,086-髓内钉,03-钛合金,007-近端长型/弯形/灭菌,乙类,1456.00,
1417,C03130208603008,03-骨科材料,13-髓内钉,02-肱骨髓内钉,086-髓内钉,03-钛合金,008-近端长型/弯形/非灭菌,乙类,1456.00,
1418,C03130208603009,03-骨科材料,13-髓内钉,02-肱骨髓内钉,086-髓内钉,03-钛合金,009-肱骨干/直型/灭菌,乙类,1456.00,
1419,C03130208603010,03-骨科材料,13-髓内钉,02-肱骨髓内钉,086-髓内钉,03-钛合金,010-肱骨干/直型/非灭,乙类,1476.00,
1420,C03130208603012,03-骨科材料,13-髓内钉,02-肱骨髓内钉,086-髓内钉,03-钛合金,012-肱菌骨干/弯形/非灭,乙类,1456.00,
1421,C03130308603004,03-骨科材料,13-髓内钉,03-尺骨髓内钉,086-髓内钉,03-钛合金,004-菌近端/弯形/非灭,乙类,1499.00,
1422,C03130308603005,03-骨科材料,13-髓内钉,03-尺骨髓内钉,086-髓内钉,03-钛合金,005-菌骨干/直型/灭菌,乙类,1499.00,
1423,C03130308603006,03-骨科材料,13-髓内钉,03-尺骨髓内钉,086-髓内钉,03-钛合金,006-骨干/直型/非灭,乙类,1519.00,
1424,C03130308603008,03-骨科材料,13-髓内钉,03-尺骨髓内钉,086-髓内钉,03-钛合金,008-菌骨干/弯形/非灭,乙类,1499.00,
1425,C03130308603012,03-骨科材料,13-髓内钉,03-尺骨髓内钉,086-髓内钉,03-钛合金,012-菌远端/弯形/非灭,乙类,1499.00,
1426,C03130408601004,03-骨科材料,13-髓内钉,04-桡骨髓内钉,086-髓内钉,01-不锈钢,004-骨干/非灭菌,乙类,838.00,
1427,C03130408603002,03-骨科材料,13-髓内钉,04-桡骨髓内钉,086-髓内钉,03-钛合金,002-近端/非灭菌,乙类,1104.00,
1428,C03130408603004,03-骨科材料,13-髓内钉,04-桡骨髓内钉,086-髓内钉,03-钛合金,004-骨干/非灭菌,乙类,1142.00,
1429,C03130508601001,03-骨科材料,13-髓内钉,05-股骨髓内钉,086-髓内钉,01-不锈钢,001-近端/顺行/灭菌,乙类,1124.37,
1430,C03130508601002,03-骨科材料,13-髓内钉,05-股骨髓内钉,086-髓内钉,01-不锈钢,002-近端/顺行/非灭,乙类,1032.00,
1431,C03130508601005,03-骨科材料,13-髓内钉,05-股骨髓内钉,086-髓内钉,01-不锈钢,005-菌干部/顺行/灭菌,乙类,1496.00,
1432,C03130508601006,03-骨科材料,13-髓内钉,05-股骨髓内钉,086-髓内钉,01-不锈钢,006-干部/顺行/非灭,乙类,1032.00,
1433,C03130508601010,03-骨科材料,13-髓内钉,05-股骨髓内钉,086-髓内钉,01-不锈钢,010-菌远端/顺行/非灭,乙类,1032.00,
1434,C03130508601012,03-骨科材料,13-髓内钉,05-股骨髓内钉,086-髓内钉,01-不锈钢,012-菌远端/逆行/非灭,乙类,1032.00,
1435,C03130508603001,03-骨科材料,13-髓内钉,05-股骨髓内钉,086-髓内钉,03-钛合金,001-菌近端/顺行/灭菌,乙类,1646.00,
1436,C03130508603002,03-骨科材料,13-髓内钉,05-股骨髓内钉,086-髓内钉,03-钛合金,002-近端/顺行/非灭,乙类,1692.00,
1437,C03130508603003,03-骨科材料,13-髓内钉,05-股骨髓内钉,086-髓内钉,03-钛合金,003-菌近端/逆行/灭菌,乙类,1646.00,
1438,C03130508603004,03-骨科材料,13-髓内钉,05-股骨髓内钉,086-髓内钉,03-钛合金,004-近端/逆行/非灭,乙类,1646.00,
1439,C03130508603005,03-骨科材料,13-髓内钉,05-股骨髓内钉,086-髓内钉,03-钛合金,005-菌干部/顺行/灭菌,乙类,1646.00,
1440,C03130508603006,03-骨科材料,13-髓内钉,05-股骨髓内钉,086-髓内钉,03-钛合金,006-干部/顺行/非灭,乙类,1656.00,
1441,C03130508603008,03-骨科材料,13-髓内钉,05-股骨髓内钉,086-髓内钉,03-钛合金,008-菌干部/逆行/非灭,乙类,1646.00,
1442,C03130508603009,03-骨科材料,13-髓内钉,05-股骨髓内钉,086-髓内钉,03-钛合金,009-菌远端/顺行/灭菌,乙类,1646.00,
1443,C03130508603010,03-骨科材料,13-髓内钉,05-股骨髓内钉,086-髓内钉,03-钛合金,010-远端/顺行/非灭,乙类,1646.00,
1444,C03130508603011,03-骨科材料,13-髓内钉,05-股骨髓内钉,086-髓内钉,03-钛合金,011-菌远端/逆行/灭菌,乙类,1646.00,
1445,C03130508603012,03-骨科材料,13-髓内钉,05-股骨髓内钉,086-髓内钉,03-钛合金,012-远端/逆行/非灭,乙类,1692.00,
1446,C03130608601002,03-骨科材料,13-髓内钉,06-胫骨髓内钉,086-髓内钉,01-不锈钢,002-骨干/直型/非灭,乙类,550.00,
1447,C03130608601004,03-骨科材料,13-髓内钉,06-胫骨髓内钉,086-髓内钉,01-不锈钢,004-菌骨干/弯形/非灭,乙类,1095.00,
1448,C03130608601012,03-骨科材料,13-髓内钉,06-胫骨髓内钉,086-髓内钉,01-不锈钢,012-菌远端/弯形/非灭,乙类,1095.00,
1449,C03130608603001,03-骨科材料,13-髓内钉,06-胫骨髓内钉,086-髓内钉,03-钛合金,001-菌骨干/直型/灭菌,乙类,1517.00,
1450,C03130608603002,03-骨科材料,13-髓内钉,06-胫骨髓内钉,086-髓内钉,03-钛合金,002-骨干/直型/非灭,乙类,1564.00,
1451,C03130608603003,03-骨科材料,13-髓内钉,06-胫骨髓内钉,086-髓内钉,03-钛合金,003-菌骨干/弯形/灭菌,乙类,1517.00,
1452,C03130608603004,03-骨科材料,13-髓内钉,06-胫骨髓内钉,086-髓内钉,03-钛合金,004-骨干/弯形/非灭,乙类,1537.00,
1453,C03130608603006,03-骨科材料,13-髓内钉,06-胫骨髓内钉,086-髓内钉,03-钛合金,006-干菌骺端/直型/非灭,乙类,1517.00,
1454,C03130608603007,03-骨科材料,13-髓内钉,06-胫骨髓内钉,086-髓内钉,03-钛合金,007-干菌骺端/弯形/灭菌,乙类,1517.00,
1455,C03130608603008,03-骨科材料,13-髓内钉,06-胫骨髓内钉,086-髓内钉,03-钛合金,008-干骺端/弯形/非灭,乙类,1537.00,
1456,C03130608603009,03-骨科材料,13-髓内钉,06-胫骨髓内钉,086-髓内钉,03-钛合金,009-菌远端/直型/灭菌,乙类,1517.00,
1457,C03130608603010,03-骨科材料,13-髓内钉,06-胫骨髓内钉,086-髓内钉,03-钛合金,010-远端/直型/非灭,乙类,1531.00,
1458,C03130608603012,03-骨科材料,13-髓内钉,06-胫骨髓内钉,086-髓内钉,03-钛合金,012-菌远端/弯形/非灭,乙类,1517.00,
1459,C03130708603002,03-骨科材料,13-髓内钉,07-腓骨髓内钉,086-髓内钉,03-钛合金,002-菌直型/非灭菌,乙类,1385.00,
1460,C03130708603004,03-骨科材料,13-髓内钉,07-腓骨髓内钉,086-髓内钉,03-钛合金,004-弯形/非灭菌,乙类,1405.00,
1461,C03130808603002,03-骨科材料,13-髓内钉,08-足踝髓内钉,086-髓内钉,03-钛合金,002-直型/非灭菌,乙类,2284.00,
1462,C03130808603004,03-骨科材料,13-髓内钉,08-足踝髓内钉,086-髓内钉,03-钛合金,004-弯形/非灭菌,乙类,2284.00,
1463,C03130908601004,03-骨科材料,13-髓内钉,09-弹性髓内钉,086-髓内钉,01-不锈钢,004-带尾帽/弯形/非灭,乙类,700.00,
1464,C03130908601006,03-骨科材料,13-髓内钉,09-弹性髓内钉,086-髓内钉,01-不锈钢,006-不菌带尾帽/直型/非灭菌,乙类,700.00,
1465,C03130908601008,03-骨科材料,13-髓内钉,09-弹性髓内钉,086-髓内钉,01-不锈钢,008-不带尾帽/弯形/非灭菌,乙类,460.63,
1466,C03130908603001,03-骨科材料,13-髓内钉,09-弹性髓内钉,086-髓内钉,03-钛合金,001-带尾帽/直型/灭菌,乙类,711.00,
1467,C03130908603002,03-骨科材料,13-髓内钉,09-弹性髓内钉,086-髓内钉,03-钛合金,002-带尾帽/直型/非灭,乙类,723.00,
1468,C03130908603003,03-骨科材料,13-髓内钉,09-弹性髓内钉,086-髓内钉,03-钛合金,003-带菌尾帽/弯形/灭菌,乙类,731.00,
1469,C03130908603004,03-骨科材料,13-髓内钉,09-弹性髓内钉,086-髓内钉,03-钛合金,004-带尾帽/弯形/非灭,乙类,731.00,
1470,C03130908603005,03-骨科材料,13-髓内钉,09-弹性髓内钉,086-髓内钉,03-钛合金,005-不菌带尾帽/直型/灭菌,乙类,730.00,
1471,C03130908603006,03-骨科材料,13-髓内钉,09-弹性髓内钉,086-髓内钉,03-钛合金,006-不带尾帽/直型/非灭菌,乙类,730.00,
1472,C03130908603007,03-骨科材料,13-髓内钉,09-弹性髓内钉,086-髓内钉,03-钛合金,007-不带尾帽/弯形/灭菌,乙类,720.00,
1473,C03130908603008,03-骨科材料,13-髓内钉,09-弹性髓内钉,086-髓内钉,03-钛合金,008-不带尾帽/弯形/非灭菌,乙类,725.00,
1474,C03131008601002,03-骨科材料,13-髓内钉,10-其他髓内钉,086-髓内钉,01-不锈钢,002-非交锁/直型/非灭,乙类,628.00,
1475,C03131008601006,03-骨科材料,13-髓内钉,10-其他髓内钉,086-髓内钉,01-不锈钢,006-菌交锁/直型/非灭,乙类,1496.00,
1476,C03131008603002,03-骨科材料,13-髓内钉,10-其他髓内钉,086-髓内钉,03-钛合金,002-非菌交锁/直型/非灭,乙类,100.00,
1477,C03131008603004,03-骨科材料,13-髓内钉,10-其他髓内钉,086-髓内钉,03-钛合金,004-非菌交锁/弯形/非灭,乙类,1419.00,
1478,C03131008603008,03-骨科材料,13-髓内钉,10-其他髓内钉,086-髓内钉,03-钛合金,008-菌交锁/弯形/非灭,乙类,1656.00,
1479,C03131108601002,03-骨科材料,13-髓内钉,11-髓内钉配件,086-髓内钉,01-不锈钢,002-菌尾帽/非灭菌,乙类,30.00,
1480,C03131108601004,03-骨科材料,13-髓内钉,11-髓内钉配件,086-髓内钉,01-不锈钢,004-交锁钉/非灭菌,乙类,599.00,
1481,C03131108601006,03-骨科材料,13-髓内钉,11-髓内钉配件,086-髓内钉,01-不锈钢,006-锁定螺钉/非灭菌,乙类,255.00,
1482,C03131108601008,03-骨科材料,13-髓内钉,11-髓内钉配件,086-髓内钉,01-不锈钢,008-螺旋刀片/非灭菌,乙类,400.00,
1483,C03131108601010,03-骨科材料,13-髓内钉,11-髓内钉配件,086-髓内钉,01-不锈钢,010-拉力螺钉/非灭菌,乙类,270.00,
1484,C03131108603001,03-骨科材料,13-髓内钉,11-髓内钉配件,086-髓内钉,03-钛合金,001-尾帽/灭菌,乙类,136.00,
1485,C03131108603002,03-骨科材料,13-髓内钉,11-髓内钉配件,086-髓内钉,03-钛合金,002-尾帽/非灭菌,乙类,350.00,
1486,C03131108603003,03-骨科材料,13-髓内钉,11-髓内钉配件,086-髓内钉,03-钛合金,003-交锁钉/灭菌,乙类,647.00,
1487,C03131108603004,03-骨科材料,13-髓内钉,11-髓内钉配件,086-髓内钉,03-钛合金,004-交锁钉/非灭菌,乙类,800.00,
1488,C03131108603005,03-骨科材料,13-髓内钉,11-髓内钉配件,086-髓内钉,03-钛合金,005-锁定螺钉/灭菌,乙类,647.00,
1489,C03131108603006,03-骨科材料,13-髓内钉,11-髓内钉配件,086-髓内钉,03-钛合金,006-锁定螺钉/非灭菌,乙类,647.00,
1490,C03131108603007,03-骨科材料,13-髓内钉,11-髓内钉配件,086-髓内钉,03-钛合金,007-螺旋刀片/灭菌,乙类,700.00,
1491,C03131108603008,03-骨科材料,13-髓内钉,11-髓内钉配件,086-髓内钉,03-钛合金,008-螺旋刀片/非灭菌,乙类,1310.00,
1492,C03131108603009,03-骨科材料,13-髓内钉,11-髓内钉配件,086-髓内钉,03-钛合金,009-拉力螺钉/灭菌,乙类,550.00,
1493,C03131108603010,03-骨科材料,13-髓内钉,11-髓内钉配件,086-髓内钉,03-钛合金,010-拉力螺钉/非灭菌,乙类,1310.00,
1494,C03131108603011,03-骨科材料,13-髓内钉,11-髓内钉配件,086-髓内钉,03-钛合金,011-联合螺钉/灭菌,乙类,550.00,
1495,C03131108603012,03-骨科材料,13-髓内钉,11-髓内钉配件,086-髓内钉,03-钛合金,012-联合螺钉/非灭菌,乙类,640.00,
1496,C03131108603015,03-骨科材料,13-髓内钉,11-髓内钉配件,086-髓内钉,03-钛合金,015-稳定（防旋）螺钉/灭菌,乙类,65.00,
1497,C03131108603016,03-骨科材料,13-髓内钉,11-髓内钉配件,086-髓内钉,03-钛合金,016-稳定（防旋）螺钉/非灭菌,乙类,940.00,
1498,C03131108603018,03-骨科材料,13-髓内钉,11-髓内钉配件,086-髓内钉,03-钛合金,018-定位器/非灭菌,乙类,20.00,
1499,C03131108603019,03-骨科材料,13-髓内钉,11-髓内钉配件,086-髓内钉,03-钛合金,019-加压螺钉/灭菌,乙类,647.00,
1500,C03131108603020,03-骨科材料,13-髓内钉,11-髓内钉配件,086-髓内钉,03-钛合金,020-加压螺钉/非灭菌,乙类,940.00,
1501,C03140108701001,03-骨科材料,14-外固定架系统,01-外固定架固定针,087-外固定系统,01-不锈钢,001-单针/灭菌,乙类,18.57,
1502,C03140108701002,03-骨科材料,14-外固定架系统,01-外固定架固定针,087-外固定系统,01-不锈钢,002-单针/非灭菌,乙类,127.51,
1503,C03140108701003,03-骨科材料,14-外固定架系统,01-外固定架固定针,087-外固定系统,01-不锈钢,003-夹持针/灭菌,乙类,417.34,
1504,C03140108701004,03-骨科材料,14-外固定架系统,01-外固定架固定针,087-外固定系统,01-不锈钢,004-夹持针/非灭菌,乙类,463.01,
1505,C03140108703001,03-骨科材料,14-外固定架系统,01-外固定架固定针,087-外固定系统,03-钛合金,001-单针/灭菌,乙类,1604.86,
1506,C03140108703002,03-骨科材料,14-外固定架系统,01-外固定架固定针,087-外固定系统,03-钛合金,002-单针/非灭菌,乙类,197.62,
1507,C03140108703003,03-骨科材料,14-外固定架系统,01-外固定架固定针,087-外固定系统,03-钛合金,003-夹持针/灭菌,乙类,819.54,
1508,C03140108703004,03-骨科材料,14-外固定架系统,01-外固定架固定针,087-外固定系统,03-钛合金,004-夹持针/非灭菌,乙类,3357.66,
1509,C03140108704002,03-骨科材料,14-外固定架系统,01-外固定架固定针,087-外固定系统,04-铝合金,002-单针/非灭菌,乙类,4351.90,
1510,C03140108704004,03-骨科材料,14-外固定架系统,01-外固定架固定针,087-外固定系统,04-铝合金,004-夹持针/非灭菌,乙类,3357.66,
1511,C03140208701001,03-骨科材料,14-外固定架系统,02-外固定架固定夹,087-外固定系统,01-不锈钢,001-单孔/灭菌,乙类,962.01,
1512,C03140208701002,03-骨科材料,14-外固定架系统,02-外固定架固定夹,087-外固定系统,01-不锈钢,002-单孔/非灭菌,乙类,811.38,
1513,C03140208701003,03-骨科材料,14-外固定架系统,02-外固定架固定夹,087-外固定系统,01-不锈钢,003-多孔/灭菌,乙类,4918.65,
1514,C03140208701004,03-骨科材料,14-外固定架系统,02-外固定架固定夹,087-外固定系统,01-不锈钢,004-多孔/非灭菌,乙类,1701.04,
1515,C03140208703001,03-骨科材料,14-外固定架系统,02-外固定架固定夹,087-外固定系统,03-钛合金及其他,001-单孔/灭菌,乙类,2000.00,
1516,C03140208703002,03-骨科材料,14-外固定架系统,02-外固定架固定夹,087-外固定系统,03-钛合金及其他,002-单孔/非灭菌,乙类,1980.80,
1517,C03140208703004,03-骨科材料,14-外固定架系统,02-外固定架固定夹,087-外固定系统,03-钛合金及其他,004-多孔/非灭菌,乙类,1035.68,
1518,C03140208704001,03-骨科材料,14-外固定架系统,02-外固定架固定夹,087-外固定系统,04-铝合金,001-单孔/灭菌,乙类,700.00,
1519,C03140208704002,03-骨科材料,14-外固定架系统,02-外固定架固定夹,087-外固定系统,04-铝合金,002-单孔/非灭菌,乙类,2475.41,
1520,C03140208704003,03-骨科材料,14-外固定架系统,02-外固定架固定夹,087-外固定系统,04-铝合金,003-多孔/灭菌,乙类,1124.17,
1521,C03140208704004,03-骨科材料,14-外固定架系统,02-外固定架固定夹,087-外固定系统,04-铝合金,004-多孔/非灭菌,乙类,1210.45,
1522,C03140308701001,03-骨科材料,14-外固定架系统,03-外固定架连接棒（环）,087-外固定系统,01-不锈钢,001-直型/灭菌,乙类,1508.60,
1523,C03140308701002,03-骨科材料,14-外固定架系统,03-外固定架连接棒（环）,087-外固定系统,01-不锈钢,002-直型/非灭菌,乙类,1391.41,
1524,C03140308701003,03-骨科材料,14-外固定架系统,03-外固定架连接棒（环）,087-外固定系统,01-不锈钢,003-弧形/灭菌,乙类,918.47,
1525,C03140308701004,03-骨科材料,14-外固定架系统,03-外固定架连接棒（环）,087-外固定系统,01-不锈钢,004-弧形/非灭菌,乙类,1462.01,
1526,C03140308701005,03-骨科材料,14-外固定架系统,03-外固定架连接棒（环）,087-外固定系统,01-不锈钢,005-环形/灭菌,乙类,7223.63,
1527,C03140308701006,03-骨科材料,14-外固定架系统,03-外固定架连接棒（环）,087-外固定系统,01-不锈钢,006-环形/非灭菌,乙类,4207.45,
1528,C03140308701007,03-骨科材料,14-外固定架系统,03-外固定架连接棒（环）,087-外固定系统,01-不锈钢,007-一体化,乙类,1704.88,
1529,C03140308703002,03-骨科材料,14-外固定架系统,03-外固定架连接棒（环）,087-外固定系统,03-钛合金,002-直型/非灭菌,乙类,1902.00,
1530,C03140308703003,03-骨科材料,14-外固定架系统,03-外固定架连接棒（环）,087-外固定系统,03-钛合金,003-弧形/灭菌,乙类,7223.63,
1531,C03140308703004,03-骨科材料,14-外固定架系统,03-外固定架连接棒（环）,087-外固定系统,03-钛合金,004-弧形/非灭菌,乙类,6508.45,
1532,C03140308703006,03-骨科材料,14-外固定架系统,03-外固定架连接棒（环）,087-外固定系统,03-钛合金,006-环形/非灭菌,乙类,5340.67,
1533,C03140308703007,03-骨科材料,14-外固定架系统,03-外固定架连接棒（环）,087-外固定系统,03-钛合金,007-一体化,乙类,7223.63,
1534,C03140308704001,03-骨科材料,14-外固定架系统,03-外固定架连接棒（环）,087-外固定系统,04-碳素及其他,001-直型/灭菌,乙类,1521.45,
1535,C03140308704002,03-骨科材料,14-外固定架系统,03-外固定架连接棒（环）,087-外固定系统,04-碳素及其他,002-直型/非灭菌,乙类,1083.60,
1536,C03140308704003,03-骨科材料,14-外固定架系统,03-外固定架连接棒（环）,087-外固定系统,04-碳素及其他,003-弧形/灭菌,乙类,7223.63,
1537,C03140308704004,03-骨科材料,14-外固定架系统,03-外固定架连接棒（环）,087-外固定系统,04-碳素及其他,004-弧形/非灭菌,乙类,1580.00,
1538,C03140308704006,03-骨科材料,14-外固定架系统,03-外固定架连接棒（环）,087-外固定系统,04-碳素及其他,006-环形/非灭菌,乙类,1967.68,
1539,C03140308704007,03-骨科材料,14-外固定架系统,03-外固定架连接棒（环）,087-外固定系统,04-碳素及其他,007-一体化,乙类,7223.63,
1540,C03140308705001,03-骨科材料,14-外固定架系统,03-外固定架连接棒（环）,087-外固定系统,05-铝合金,001-直型/灭菌,乙类,1700.00,
1541,C03140308705002,03-骨科材料,14-外固定架系统,03-外固定架连接棒（环）,087-外固定系统,05-铝合金,002-直型/非灭菌,乙类,1139.17,
1542,C03140308705003,03-骨科材料,14-外固定架系统,03-外固定架连接棒（环）,087-外固定系统,05-铝合金,003-弧形/灭菌,乙类,7223.63,
1543,C03140308705004,03-骨科材料,14-外固定架系统,03-外固定架连接棒（环）,087-外固定系统,05-铝合金,004-弧形/非灭菌,乙类,1705.03,
1544,C03140308705005,03-骨科材料,14-外固定架系统,03-外固定架连接棒（环）,087-外固定系统,05-铝合金,005-环形/灭菌,乙类,1378.84,
1545,C03140308705006,03-骨科材料,14-外固定架系统,03-外固定架连接棒（环）,087-外固定系统,05-铝合金,006-环形/非灭菌,乙类,3920.35,
1546,C03140308705007,03-骨科材料,14-外固定架系统,03-外固定架连接棒（环）,087-外固定系统,05-铝合金,007-一体化,乙类,7235.86,
1547,C03140408701001,03-骨科材料,14-外固定架系,04-外固定架配件,087-外固定系统,01-不锈钢,001-螺栓,乙类,730.84,
1548,C03140408701002,03-骨科材料,14-外固统定架系,04-外固定架配件,087-外固定系统,01-不锈钢,002-螺母,乙类,194.00,
1549,C03140408701003,03-骨科材料,14-外固统定架系,04-外固定架配件,087-外固定系统,01-不锈钢,003-铰链,乙类,2604.53,
1550,C03140408701004,03-骨科材料,14-外固统定架系,04-外固定架配件,087-外固定系统,01-不锈钢,004-螺纹杆,乙类,1154.57,
1551,C03140408701005,03-骨科材料,14-外固统定架系,04-外固定架配件,087-外固定系统,01-不锈钢,005-垫圈,乙类,992.18,
1552,C03140408701006,03-骨科材料,14-外固统定架系,04-外固定架配件,087-外固定系统,01-不锈钢,006-螺帽,乙类,202.52,
1553,C03140408701007,03-骨科材料,14-外固统定架系,04-外固定架配件,087-外固定系统,01-不锈钢,007-支撑柱,乙类,1516.07,
1554,C03140408701008,03-骨科材料,14-外固统定架系,04-外固定架配件,087-外固定系统,01-不锈钢,008-万向头,乙类,1901.46,
1555,C03140408701009,03-骨科材料,14-外固统定架系,04-外固定架配件,087-外固定系统,01-不锈钢,009-螺钉,乙类,673.73,
1556,C03140408703001,03-骨科材料,14-外固统定架系,04-外固定架配件,087-外固定系统,03-钛合金,001-螺栓,乙类,3362.67,
1557,C03140408703004,03-骨科材料,14-外固统定架系,04-外固定架配件,087-外固定系统,03-钛合金,004-螺纹杆,乙类,1417.50,
1558,C03140408703005,03-骨科材料,14-外固统定架系,04-外固定架配件,087-外固定系统,03-钛合金,005-垫圈,乙类,3362.67,
1559,C03140408703006,03-骨科材料,14-外固统定架系,04-外固定架配件,087-外固定系统,03-钛合金,006-螺帽,乙类,955.00,
1560,C03140408703007,03-骨科材料,14-外固统定架系,04-外固定架配件,087-外固定系统,03-钛合金,007-支撑柱,乙类,8478.75,
1561,C03140408703008,03-骨科材料,14-外固统定架系,04-外固定架配件,087-外固定系统,03-钛合金,008-万向头,乙类,3362.67,
1562,C03140408704001,03-骨科材料,14-外固统定架系,04-外固定架配件,087-外固定系统,04-铝合金,001-螺栓,乙类,3362.67,
1563,C03140408704002,03-骨科材料,14-外固统定架系,04-外固定架配件,087-外固定系统,04-铝合金,002-螺母,乙类,3362.67,
1564,C03140408704003,03-骨科材料,14-外固统定架系,04-外固定架配件,087-外固定系统,04-铝合金,003-铰链,乙类,356.32,
1565,C03140408704004,03-骨科材料,14-外固统定架系,04-外固定架配件,087-外固定系统,04-铝合金,004-螺纹杆,乙类,5055.00,
1566,C03140408704005,03-骨科材料,14-外固统定架系,04-外固定架配件,087-外固定系统,04-铝合金,005-垫圈,乙类,200.00,
1567,C03140408704006,03-骨科材料,14-外固统定架系,04-外固定架配件,087-外固定系统,04-铝合金,006-螺帽,乙类,1199.10,
1568,C03140408704007,03-骨科材料,14-外固统定架系,04-外固定架配件,087-外固定系统,04-铝合金,007-支撑柱,乙类,12323.57,
1569,C03140408704008,03-骨科材料,14-外固统定架系,04-外固定架配件,087-外固定系统,04-铝合金,008-万向头,乙类,5442.41,
1570,C03140408705001,03-骨科材料,14-外固统定架系,04-外固定架配件,087-外固定系统,05-碳纤维及其他,001-螺栓,乙类,3362.67,
1571,C03140408705003,03-骨科材料,14-外固统定架系,04-外固定架配件,087-外固定系统,05-碳纤维及其他,003-铰链,乙类,3362.67,
1572,C03140408705004,03-骨科材料,14-外固统定架系,04-外固定架配件,087-外固定系统,05-碳纤维及其他,004-螺纹杆,乙类,2334.23,
1573,C03140408705007,03-骨科材料,14-外固统定架系,04-外固定架配件,087-外固定系统,05-碳纤维及其他,007-支撑柱,乙类,185.99,
1574,C03150108800000,03-骨科材料,15-捆统绑系统,01-线缆,088-捆绑材料,00-不区分,000-常规,乙类,1407.55,
1575,C03150208800000,03-骨科材料,15-捆绑系统,02-针缆,088-捆绑材料,00-不区分,000-常规,乙类,17.53,
1576,C03150308800000,03-骨科材料,15-捆绑系统,03-钉缆,088-捆绑材料,00-不区分,000-常规,乙类,5090.31,
1577,C03150408800000,03-骨科材料,15-捆绑系统,04-胸骨结扎带,088-捆绑材料,00-不区分,000-常规,乙类,2724.26,
1578,C03150508800000,03-骨科材料,15-捆绑系统,05-捆绑带,088-捆绑材料,00-不区分,000-常规,乙类,1128.21,
1579,C03150608800000,03-骨科材料,15-捆绑系统,06-捆绑系统配件,088-捆绑材料,00-不区分,000-常规,乙类,1823.99,
1580,C03160108901001,03-骨科材料,16-其他固定材料,01-克氏针,089-内固定材料,01-不锈钢,001-普通/灭菌,乙类,39.82,
1581,C03160108901002,03-骨科材料,16-其他固定材料,01-克氏针,089-内固定材料,01-不锈钢,002-普通/非灭菌,乙类,12.21,
1582,C03160108901003,03-骨科材料,16-其他固定材料,01-克氏针,089-内固定材料,01-不锈钢,003-带穿刺头/灭菌,乙类,32.77,
1583,C03160108901004,03-骨科材料,16-其他固定材料,01-克氏针,089-内固定材料,01-不锈钢,004-带穿刺头/非灭菌,乙类,277.15,
1584,C03160108901005,03-骨科材料,16-其他固定材料,01-克氏针,089-内固定材料,01-不锈钢,005-双精度尖端/灭菌,乙类,1376.25,
1585,C03160108901006,03-骨科材料,16-其他固定材料,01-克氏针,089-内固定材料,01-不锈钢,006-双精度尖端/非灭,乙类,108.15,
1586,C03160108901007,03-骨科材料,16-其他固定材料,01-克氏针,089-内固定材料,01-不锈钢,007-尖菌端带螺纹/灭菌,乙类,971.73,
1587,C03160108901008,03-骨科材料,16-其他固定材料,01-克氏针,089-内固定材料,01-不锈钢,008-尖端带螺纹/非灭,乙类,69.41,
1588,C03160108903001,03-骨科材料,16-其他固定材料,01-克氏针,089-内固定材料,03-钛合金,001-菌普通/灭菌,乙类,891.02,
1589,C03160108903002,03-骨科材料,16-其他固定材料,01-克氏针,089-内固定材料,03-钛合金,002-普通/非灭菌,乙类,702.59,
1590,C03160108903003,03-骨科材料,16-其他固定材料,01-克氏针,089-内固定材料,03-钛合金,003-带穿刺头/灭菌,乙类,1063.86,
1591,C03160108903004,03-骨科材料,16-其他固定材料,01-克氏针,089-内固定材料,03-钛合金,004-带穿刺头/非灭菌,乙类,668.51,
1592,C03160108903005,03-骨科材料,16-其他固定材料,01-克氏针,089-内固定材料,03-钛合金,005-双精度尖端/灭菌,乙类,958.63,
1593,C03160108903006,03-骨科材料,16-其他固定材料,01-克氏针,089-内固定材料,03-钛合金,006-双精度尖端/非灭,乙类,424.71,
1594,C03160108903007,03-骨科材料,16-其他固定材料,01-克氏针,089-内固定材料,03-钛合金,007-尖菌端带螺纹/灭菌,乙类,322.51,
1595,C03160108903008,03-骨科材料,16-其他固定材料,01-克氏针,089-内固定材料,03-钛合金,008-尖端带螺纹/非灭,乙类,3039.42,
1596,C03160108904002,03-骨科材料,16-其他固定材料,01-克氏针,089-内固定材料,04-其他,002-菌普通/非灭菌,乙类,2930.25,
1597,C03160108904003,03-骨科材料,16-其他固定材料,01-克氏针,089-内固定材料,04-其他,003-带穿刺头/灭菌,乙类,2930.25,
1598,C03160108904004,03-骨科材料,16-其他固定材料,01-克氏针,089-内固定材料,04-其他,004-带穿刺头/非灭菌,乙类,2930.25,
1599,C03160108904006,03-骨科材料,16-其他固定材料,01-克氏针,089-内固定材料,04-其他,006-双精度尖端/非灭,乙类,2930.25,
1600,C03160209001001,03-骨科材料,16-其他固定材,02-垫片,090-垫片,01-不锈钢,001菌-灭菌,乙类,178.00,
1601,C03160209002002,03-骨科材料,16-其他料固定材,02-垫片,090-垫片,02-纯钛,002-非灭菌,乙类,2564.31,
1602,C03160209003001,03-骨科材料,16-其他料固定材,02-垫片,090-垫片,03-钛合金,001-灭菌,乙类,178.00,
1603,C03160209003002,03-骨科材料,16-其他料固定材,02-垫片,090-垫片,03-钛合金,002-非灭菌,乙类,390.68,
1604,C03160309103001,03-骨科材料,16-其他固定材料,03-接骨棒,091-接骨棒,03-钛合金,001-直型/灭菌,乙类,3441.72,
1605,C03160309103002,03-骨科材料,16-其他固定材料,03-接骨棒,091-接骨棒,03-钛合金,002-直型/非灭菌,乙类,6500.00,
1606,C03160309104002,03-骨科材料,16-其他固定材料,03-接骨棒,091-接骨棒,04-其他,002-直型/灭菌,乙类,4162.00,
1607,C03160509303001,03-骨科材料,16-其他固定材,05-螺栓,093-螺栓,03-钛合金,001-灭菌,乙类,1369.12,
1608,C03160509303002,03-骨科材料,16-其他料固定材,05-螺栓,093-螺栓,03-钛合金,002-非灭菌,乙类,10.00,
1609,C03160609403001,03-骨科材料,16-其他料固定材,06-堵孔塞,094-堵孔塞,03-钛合金,001-灭菌,乙类,500.00,
1610,C03160609403002,03-骨科材料,16-其他料固定材,06-堵孔塞,094-堵孔塞,03-钛合金,002-非灭菌,乙类,900.00,
1611,C03160709500000,03-骨科材料,16-其他料固定材,07-胸肋骨环抱器,095-环抱器,00-不区分,000-常规,乙类,1383.00,
1612,C03160809600001,03-骨科材料,16-其他料固定材,08-肋骨髓内板,096-髓内板,00-不区分,001-灭菌,乙类,3360.00,
1613,C03160809600002,03-骨科材料,16-其他料固定材,08-肋骨髓内板,096-髓内板,00-不区分,002-非灭菌,乙类,887.00,
1614,C03170108901004,03-骨科材料,料17-枕颈固定系统,01-枕骨板,089-内固定材料,01-纯钛,004-固定板/一体式/非灭菌,乙类,3480.81,
1615,C03170108902002,03-骨科材料,17-枕颈固定系统,01-枕骨板,089-内固定材料,02-钛合金,002-固定板/分体式/非灭菌,乙类,40.00,
1616,C03170108902004,03-骨科材料,17-枕颈固定系统,01-枕骨板,089-内固定材料,02-钛合金,004-固定板/一体式/非灭菌,乙类,2662.39,
1617,C03170108902006,03-骨科材料,17-枕颈固定系统,01-枕骨板,089-内固定材料,02-钛合金,006-滑动板/分体式/非灭菌,乙类,2789.76,
1618,C03170108902008,03-骨科材料,17-枕颈固定系统,01-枕骨板,089-内固定材料,02-钛合金,008-滑动板/一体式/非灭菌,乙类,14400.00,
1619,C03170208900001,03-骨科材料,17-枕颈固定系统,02-枕骨棒,089-内固定材料,00-不区分,001-预弯棒/灭菌,乙类,99.00,
1620,C03170208900002,03-骨科材料,17-枕颈固定系统,02-枕骨棒,089-内固定材料,00-不区分,002-预弯棒/非灭菌,乙类,459.53,
1621,C03170208900004,03-骨科材料,17-枕颈固定系统,02-枕骨棒,089-内固定材料,00-不区分,004-关节棒/非灭菌,乙类,4500.00,
1622,C03170208900006,03-骨科材料,17-枕颈固定系统,02-枕骨棒,089-内固定材料,00-不区分,006-带板棒/非灭菌,乙类,5310.00,
1623,C03170308900002,03-骨科材料,17-枕颈固定系,03-枕骨夹,089-内固定材料,00-不区分,002-非灭菌,乙类,6057.86,
1624,C03170408900002,03-骨科材料,17-枕颈统固定系,04-枕骨钉,089-内固定材料,00-不区分,002-非灭菌,乙类,1260.29,
1625,C03170508900002,03-骨科材料,17-枕颈统固定系,05-枕骨螺帽,089-内固定材料,00-不区分,002-非灭菌,乙类,78.38,
1626,C03170608900000,03-骨科材料,17-枕颈统固定系统,06-枕颈固定系统其他部件,089-内固定材料,00-不区分,000-常规,乙类,3762.81,
1627,C03180108900000,03-骨科材料,18-寰枢椎前路固定系统,01-寰枢椎前路固定板,089-内固定材料,00-不区分,000-常规,乙类,11000.00,
1628,C03180208900001,03-骨科材料,18-寰枢椎前路固定系统,02-寰枢椎前路固定钉,089-内固定材料,00-不区分,001-全螺纹,乙类,500.00,
1629,C03190308900003,03-骨科材料,19-寰枢椎后路固定系统,03-寰枢椎后路固定钉,089-内固定材料,00-不区分,003-半螺纹/万向,乙类,1249.38,
1630,C03190408900000,03-骨科材料,19-寰枢椎后路固定系统,04-寰枢椎后路固定系统其他部件,089-内固定材料,00-不区分,000-常规,乙类,8570.00,
1631,C03200108901001,03-骨科材料,20-颈椎前路固定系统,01-颈椎前路锁定板,089-内固定材料,01-纯钛,001-≤4孔/混合固定/,乙类,1075.00,
1632,C03200108901002,03-骨科材料,20-颈椎前路固定系统,01-颈椎前路锁定板,089-内固定材料,01-纯钛,002灭-≤菌4孔/混合固定/非灭菌,乙类,2027.38,
1633,C03200108901003,03-骨科材料,20-颈椎前路固定系统,01-颈椎前路锁定板,089-内固定材料,01-纯钛,003-≤4孔/半限制固定/灭菌,乙类,4072.00,
1634,C03200108901004,03-骨科材料,20-颈椎前路固定系统,01-颈椎前路锁定板,089-内固定材料,01-纯钛,004-≤4孔/半限制固定/非灭菌,乙类,3756.84,
1635,C03200108901006,03-骨科材料,20-颈椎前路固定系统,01-颈椎前路锁定板,089-内固定材料,01-纯钛,006-≤4孔/限制固定/非灭菌,乙类,1462.97,
1636,C03200108901007,03-骨科材料,20-颈椎前路固定系统,01-颈椎前路锁定板,089-内固定材料,01-纯钛,007-6孔/混合固定/灭,乙类,4072.00,
1637,C03200108901008,03-骨科材料,20-颈椎前路固定系统,01-颈椎前路锁定板,089-内固定材料,01-纯钛,008-6菌孔/混合固定/非灭菌,乙类,2240.28,
1638,C03200108901009,03-骨科材料,20-颈椎前路固定系统,01-颈椎前路锁定板,089-内固定材料,01-纯钛,009-6孔/半限制固定/灭菌,乙类,4072.00,
1639,C03200108901010,03-骨科材料,20-颈椎前路固定系统,01-颈椎前路锁定板,089-内固定材料,01-纯钛,010-6孔/半限制固定/非灭菌,乙类,3515.49,
1640,C03200108901012,03-骨科材料,20-颈椎前路固定系统,01-颈椎前路锁定板,089-内固定材料,01-纯钛,012-6孔/限制固定/非灭菌,乙类,3578.38,
1641,C03200108901013,03-骨科材料,20-颈椎前路固定系统,01-颈椎前路锁定板,089-内固定材料,01-纯钛,013-8孔/混合固定/灭,乙类,4072.00,
1642,C03200108901014,03-骨科材料,20-颈椎前路固定系统,01-颈椎前路锁定板,089-内固定材料,01-纯钛,014-8菌孔/混合固定/非灭菌,乙类,2358.09,
1643,C03200108901015,03-骨科材料,20-颈椎前路固定系统,01-颈椎前路锁定板,089-内固定材料,01-纯钛,015-8孔/半限制固定/灭菌,乙类,4072.00,
1644,C03200108901016,03-骨科材料,20-颈椎前路固定系统,01-颈椎前路锁定板,089-内固定材料,01-纯钛,016-8孔/半限制固定/非灭菌,乙类,3721.31,
1645,C03200108901018,03-骨科材料,20-颈椎前路固定系统,01-颈椎前路锁定板,089-内固定材料,01-纯钛,018-8孔/限制固定/非灭菌,乙类,4495.62,
1646,C03200108901019,03-骨科材料,20-颈椎前路固定系统,01-颈椎前路锁定板,089-内固定材料,01-纯钛,019-10孔/混合固定/,乙类,4072.00,
1647,C03200108901020,03-骨科材料,20-颈椎前路固定系统,01-颈椎前路锁定板,089-内固定材料,01-纯钛,020灭-1菌0孔/混合固定/非灭菌,乙类,1220.00,
1648,C03200108901021,03-骨科材料,20-颈椎前路固定系统,01-颈椎前路锁定板,089-内固定材料,01-纯钛,021-10孔/半限制固定/灭菌,乙类,4072.00,
1649,C03200108901022,03-骨科材料,20-颈椎前路固定系统,01-颈椎前路锁定板,089-内固定材料,01-纯钛,022-10孔/半限制固定/非灭菌,乙类,2478.00,
1650,C03200108901024,03-骨科材料,20-颈椎前路固定系统,01-颈椎前路锁定板,089-内固定材料,01-纯钛,024-10孔/限制固定/非灭菌,乙类,1808.80,
1651,C03200108901026,03-骨科材料,20-颈椎前路固定系统,01-颈椎前路锁定板,089-内固定材料,01-纯钛,026-12孔/混合固定/非灭菌,乙类,2208.00,
1652,C03200108901028,03-骨科材料,20-颈椎前路固定系统,01-颈椎前路锁定板,089-内固定材料,01-纯钛,028-12孔/半限制固定/非灭菌,乙类,4072.00,
1653,C03200108902001,03-骨科材料,20-颈椎前路固定系统,01-颈椎前路锁定板,089-内固定材料,02-钛合金,001-≤4孔/混合固定/,乙类,10699.33,
1654,C03200108902002,03-骨科材料,20-颈椎前路固定系统,01-颈椎前路锁定板,089-内固定材料,02-钛合金,002灭-≤菌4孔/混合固定/非灭菌,乙类,3268.06,
1655,C03200108902003,03-骨科材料,20-颈椎前路固定系统,01-颈椎前路锁定板,089-内固定材料,02-钛合金,003-≤4孔/半限制固定/灭菌,乙类,4072.00,
1656,C03200108902004,03-骨科材料,20-颈椎前路固定系统,01-颈椎前路锁定板,089-内固定材料,02-钛合金,004-≤4孔/半限制固定/非灭菌,乙类,3374.92,
1657,C03200108902006,03-骨科材料,20-颈椎前路固定系统,01-颈椎前路锁定板,089-内固定材料,02-钛合金,006-≤4孔/限制固定/非灭菌,乙类,5314.28,
1658,C03200108902007,03-骨科材料,20-颈椎前路固定系统,01-颈椎前路锁定板,089-内固定材料,02-钛合金,007-6孔/混合固定/灭,乙类,4072.00,
1659,C03200108902008,03-骨科材料,20-颈椎前路固定系统,01-颈椎前路锁定板,089-内固定材料,02-钛合金,008-6菌孔/混合固定/非灭菌,乙类,4067.17,
1660,C03200108902009,03-骨科材料,20-颈椎前路固定系统,01-颈椎前路锁定板,089-内固定材料,02-钛合金,009-6孔/半限制固定/灭菌,乙类,4072.00,
1661,C03200108902010,03-骨科材料,20-颈椎前路固定系统,01-颈椎前路锁定板,089-内固定材料,02-钛合金,010-6孔/半限制固定/非灭菌,乙类,3490.33,
1662,C03200108902012,03-骨科材料,20-颈椎前路固定系统,01-颈椎前路锁定板,089-内固定材料,02-钛合金,012-6孔/限制固定/非灭菌,乙类,3377.39,
1663,C03200108902013,03-骨科材料,20-颈椎前路固定系统,01-颈椎前路锁定板,089-内固定材料,02-钛合金,013-8孔/混合固定/灭,乙类,4072.00,
1664,C03200108902014,03-骨科材料,20-颈椎前路固定系统,01-颈椎前路锁定板,089-内固定材料,02-钛合金,014-8菌孔/混合固定/非灭菌,乙类,1873.80,
1665,C03200108902015,03-骨科材料,20-颈椎前路固定系统,01-颈椎前路锁定板,089-内固定材料,02-钛合金,015-8孔/半限制固定/灭菌,乙类,4072.00,
1666,C03200108902016,03-骨科材料,20-颈椎前路固定系统,01-颈椎前路锁定板,089-内固定材料,02-钛合金,016-8孔/半限制固定/非灭菌,乙类,3065.80,
1667,C03200108902018,03-骨科材料,20-颈椎前路固定系统,01-颈椎前路锁定板,089-内固定材料,02-钛合金,018-8孔/限制固定/非灭菌,乙类,3581.75,
1668,C03200108902019,03-骨科材料,20-颈椎前路固定系统,01-颈椎前路锁定板,089-内固定材料,02-钛合金,019-10孔/混合固定/,乙类,4072.00,
1669,C03200108902020,03-骨科材料,20-颈椎前路固定系统,01-颈椎前路锁定板,089-内固定材料,02-钛合金,020灭-1菌0孔/混合固定/非灭菌,乙类,9873.33,
1670,C03200108902021,03-骨科材料,20-颈椎前路固定系统,01-颈椎前路锁定板,089-内固定材料,02-钛合金,021-10孔/半限制固定/灭菌,乙类,4072.00,
1671,C03200108902022,03-骨科材料,20-颈椎前路固定系统,01-颈椎前路锁定板,089-内固定材料,02-钛合金,022-10孔/半限制固定/非灭菌,乙类,50.00,
1672,C03200108902024,03-骨科材料,20-颈椎前路固定系统,01-颈椎前路锁定板,089-内固定材料,02-钛合金,024-10孔/限制固定/非灭菌,乙类,4072.00,
1673,C03200108902025,03-骨科材料,20-颈椎前路固定系统,01-颈椎前路锁定板,089-内固定材料,02-钛合金,025-12孔/混合固定/,乙类,4072.00,
1674,C03200108902026,03-骨科材料,20-颈椎前路固定系统,01-颈椎前路锁定板,089-内固定材料,02-钛合金,026灭-1菌2孔/混合固定/非灭菌,乙类,4264.25,
1675,C03200108902027,03-骨科材料,20-颈椎前路固定系统,01-颈椎前路锁定板,089-内固定材料,02-钛合金,027-12孔/半限制固定/灭菌,乙类,4072.00,
1676,C03200108902028,03-骨科材料,20-颈椎前路固定系统,01-颈椎前路锁定板,089-内固定材料,02-钛合金,028-12孔/半限制固定/非灭菌,乙类,1200.00,
1677,C03200108902030,03-骨科材料,20-颈椎前路固定系统,01-颈椎前路锁定板,089-内固定材料,02-钛合金,030-12孔/限制固定/非灭菌,乙类,4072.00,
1678,C03200208900001,03-骨科材料,20-颈椎前路固定系统,02-颈椎前路滑动板,089-内固定材料,00-不区分,001-双向滑动/4孔/灭,乙类,21.00,
1679,C03200208900002,03-骨科材料,20-颈椎前路固定系统,02-颈椎前路滑动板,089-内固定材料,00-不区分,002-双菌向滑动/4孔/非灭菌,乙类,7370.14,
1680,C03200208900003,03-骨科材料,20-颈椎前路固定系统,02-颈椎前路滑动板,089-内固定材料,00-不区分,003-双向滑动/6孔/灭,乙类,4072.00,
1681,C03200208900004,03-骨科材料,20-颈椎前路固定系统,02-颈椎前路滑动板,089-内固定材料,00-不区分,004-双菌向滑动/6孔/非灭菌,乙类,8288.85,
1682,C03200208900006,03-骨科材料,20-颈椎前路固定系统,02-颈椎前路滑动板,089-内固定材料,00-不区分,006-双向滑动/8孔/非灭菌,乙类,6681.40,
1683,C03200208900008,03-骨科材料,20-颈椎前路固定系统,02-颈椎前路滑动板,089-内固定材料,00-不区分,008-双向滑动/10孔/非灭菌,乙类,4072.00,
1684,C03200208900010,03-骨科材料,20-颈椎前路固定系统,02-颈椎前路滑动板,089-内固定材料,00-不区分,010-双向滑动/12孔/非灭菌,乙类,4072.00,
1685,C03200208900012,03-骨科材料,20-颈椎前路固定系统,02-颈椎前路滑动板,089-内固定材料,00-不区分,012-单向滑动/4孔/非灭菌,乙类,4072.00,
1686,C03200208900014,03-骨科材料,20-颈椎前路固定系统,02-颈椎前路滑动板,089-内固定材料,00-不区分,014-单向滑动/6孔/非灭菌,乙类,4072.00,
1687,C03200208900016,03-骨科材料,20-颈椎前路固定系统,02-颈椎前路滑动板,089-内固定材料,00-不区分,016-单向滑动/8孔/非灭菌,乙类,4072.00,
1688,C03200208900018,03-骨科材料,20-颈椎前路固定系统,02-颈椎前路滑动板,089-内固定材料,00-不区分,018-单向滑动/10孔/非灭菌,乙类,4072.00,
1689,C03200308901000,03-骨科材料,20-颈椎前路固定系统,03-颈椎前路椎间融合固定装置,089-内固定材料,01-钛合金及其他,000-常规,乙类,2548.16,
1690,C03200308902000,03-骨科材料,20-颈椎前路固定系统,03-颈椎前路椎间融合固定装置,089-内固定材料,02-钛合金,000-常规,乙类,5498.11,
1691,C03200308903000,03-骨科材料,20-颈椎前路固定系统,03-颈椎前路椎间融合固定装置,089-内固定材料,03-聚醚醚酮（PEEK）,000-常规,乙类,1547.65,
1692,C03200408900001,03-骨科材料,20-颈椎前路固定系统,04-颈椎前路钉,089-内固定材料,00-不区分,001-固定角度/自攻/灭菌,乙类,292.55,
1693,C03200408900002,03-骨科材料,20-颈椎前路固定系统,04-颈椎前路钉,089-内固定材料,00-不区分,002-固定角度/自攻/非灭菌,乙类,199.99,
1694,C03200408900003,03-骨科材料,20-颈椎前路固定系统,04-颈椎前路钉,089-内固定材料,00-不区分,003-固定角度/自钻/灭菌,乙类,500.00,
1695,C03200408900004,03-骨科材料,20-颈椎前路固定系统,04-颈椎前路钉,089-内固定材料,00-不区分,004-固定角度/自钻/非灭菌,乙类,23.26,
1696,C03200408900005,03-骨科材料,20-颈椎前路固定系统,04-颈椎前路钉,089-内固定材料,00-不区分,005-可调角度/自攻/灭菌,乙类,500.00,
1697,C03200408900006,03-骨科材料,20-颈椎前路固定系统,04-颈椎前路钉,089-内固定材料,00-不区分,006-可调角度/自攻/非灭菌,乙类,45.93,
1698,C03200408900007,03-骨科材料,20-颈椎前路固定系统,04-颈椎前路钉,089-内固定材料,00-不区分,007-可调角度/自钻/灭菌,乙类,500.00,
1699,C03200408900008,03-骨科材料,20-颈椎前路固定系统,04-颈椎前路钉,089-内固定材料,00-不区分,008-可调角度/自钻/非灭菌,乙类,119.39,
1700,C03200508900001,03-骨科材料,20-颈椎前路固定系统,05-颈椎前路固定系统其他部件,089-内固定材料,00-不区分,001-融合器固定夹,乙类,9978.75,
1701,C03200508900002,03-骨科材料,20-颈椎前路固定系统,05-颈椎前路固定系统其他部件,089-内固定材料,00-不区分,002-融合器固定螺钉,乙类,1548.22,
1702,C03210108901001,03-骨科材料,21-颈椎后路固定系统,01-颈椎后路椎板成形板,089-内固定材料,01-纯钛,001-灭菌,乙类,3996.31,
1703,C03210108901002,03-骨科材料,21-颈椎后路固定系统,01-颈椎后路椎板成形板,089-内固定材料,01-纯钛,002-非灭菌,乙类,1154.28,
1704,C03210108902002,03-骨科材料,21-颈椎后路固定系统,01-颈椎后路椎板成形板,089-内固定材料,02-钛合金,002-非灭菌,乙类,650.00,
1705,C03210208900001,03-骨科材料,21-颈椎后路固定系统,02-颈椎后路固定板,089-内固定材料,00-不区分,001-灭菌,乙类,1690.00,
1706,C03210208900002,03-骨科材料,21-颈椎后路固定系统,02-颈椎后路固定板,089-内固定材料,00-不区分,002-非灭菌,乙类,3896.65,
1707,C03210308901001,03-骨科材料,21-颈椎后路固定系统,03-颈椎后路固定棒,089-内固定材料,01-钛合金,001-普通棒/灭菌,乙类,2714.27,
1708,C03210308901002,03-骨科材料,21-颈椎后路固定系统,03-颈椎后路固定棒,089-内固定材料,01-钛合金,002-普通棒/非灭菌,乙类,1100.90,
1709,C03210308901003,03-骨科材料,21-颈椎后路固定系统,03-颈椎后路固定棒,089-内固定材料,01-钛合金,003-预弯棒/灭菌,乙类,1819.00,
1710,C03210308901004,03-骨科材料,21-颈椎后路固定系统,03-颈椎后路固定棒,089-内固定材料,01-钛合金,004-预弯棒/非灭菌,乙类,341.63,
1711,C03210308901006,03-骨科材料,21-颈椎后路固定系统,03-颈椎后路固定棒,089-内固定材料,01-钛合金,006-关节棒/非灭菌,乙类,73.00,
1712,C03210308901007,03-骨科材料,21-颈椎后路固定系统,03-颈椎后路固定棒,089-内固定材料,01-钛合金,007-双直径棒/灭菌,乙类,1819.00,
1713,C03210308901008,03-骨科材料,21-颈椎后路固定系统,03-颈椎后路固定棒,089-内固定材料,01-钛合金,008-双直径棒/非灭菌,乙类,490.35,
1714,C03210408900002,03-骨科材料,21-颈椎后路固定系统,04-颈椎后路椎板钩,089-内固定材料,00-不区分,002-非灭菌,乙类,60.00,
1715,C03210508900002,03-骨科材料,21-颈椎后路固定系统,05-颈椎后路连接器,089-内固定材料,00-不区分,002-同轴/固定/非灭,乙类,261.00,
1716,C03210508900004,03-骨科材料,21-颈椎后路固定系统,05-颈椎后路连接器,089-内固定材料,00-不区分,004-菌同轴/可调/非灭,乙类,261.00,
1717,C03210508900006,03-骨科材料,21-颈椎后路固定系统,05-颈椎后路连接器,089-内固定材料,00-不区分,006-菌偏轴/固定/非灭,乙类,3177.50,
1718,C03210508900008,03-骨科材料,21-颈椎后路固定系统,05-颈椎后路连接器,089-内固定材料,00-不区分,008-菌偏轴/可调/非灭,乙类,1718.67,
1719,C03210508900009,03-骨科材料,21-颈椎后路固定系统,05-颈椎后路连接器,089-内固定材料,00-不区分,009-侧菌方开口/固定/灭菌,乙类,261.00,
1720,C03210508900010,03-骨科材料,21-颈椎后路固定系统,05-颈椎后路连接器,089-内固定材料,00-不区分,010-侧方开口/固定/非灭菌,乙类,914.08,
1721,C03210508900012,03-骨科材料,21-颈椎后路固定系统,05-颈椎后路连接器,089-内固定材料,00-不区分,012-侧方开口/可调/非灭菌,乙类,261.00,
1722,C03210608900001,03-骨科材料,21-颈椎后路固定系统,06-颈椎后路椎弓根/侧块螺钉,089-内固定材料,00-不区分,001-普通螺纹/长尾/全摆角,乙类,777.33,
1723,C03210608900002,03-骨科材料,21-颈椎后路固定系统,06-颈椎后路椎弓根/侧块螺钉,089-内固定材料,00-不区分,002-普通螺纹/长尾/偏角,乙类,618.00,
1724,C03210608900003,03-骨科材料,21-颈椎后路固定系统,06-颈椎后路椎弓根/侧块螺钉,089-内固定材料,00-不区分,003-普通螺纹/短尾/全摆角,乙类,1086.37,
1725,C03210608900004,03-骨科材料,21-颈椎后路固定系统,06-颈椎后路椎弓根/侧块螺钉,089-内固定材料,00-不区分,004-普通螺纹/短尾/偏角,乙类,373.62,
1726,C03210608900005,03-骨科材料,21-颈椎后路固定系统,06-颈椎后路椎弓根/侧块螺钉,089-内固定材料,00-不区分,005-皮质骨螺纹/长尾/全摆角,乙类,618.00,
1727,C03210608900006,03-骨科材料,21-颈椎后路固定系统,06-颈椎后路椎弓根/侧块螺钉,089-内固定材料,00-不区分,006-皮质骨螺纹/长尾/偏角,乙类,699.00,
1728,C03210608900007,03-骨科材料,21-颈椎后路固定系统,06-颈椎后路椎弓根/侧块螺钉,089-内固定材料,00-不区分,007-皮质骨螺纹/短尾/全摆角,乙类,1657.25,
1729,C03210608900008,03-骨科材料,21-颈椎后路固定系统,06-颈椎后路椎弓根/侧块螺钉,089-内固定材料,00-不区分,008-皮质骨螺纹/短尾/偏角,乙类,594.20,
1730,C03210608900009,03-骨科材料,21-颈椎后路固定系统,06-颈椎后路椎弓根/侧块螺钉,089-内固定材料,00-不区分,009-松质骨螺纹/长尾/全摆角,乙类,618.00,
1731,C03210608900010,03-骨科材料,21-颈椎后路固定系统,06-颈椎后路椎弓根/侧块螺钉,089-内固定材料,00-不区分,010-松质骨螺纹/长尾/偏角,乙类,618.00,
1732,C03210608900011,03-骨科材料,21-颈椎后路固定系统,06-颈椎后路椎弓根/侧块螺钉,089-内固定材料,00-不区分,011-松质骨螺纹/短尾/全摆角,乙类,3489.90,
1733,C03210608900012,03-骨科材料,21-颈椎后路固定系统,06-颈椎后路椎弓根/侧块螺钉,089-内固定材料,00-不区分,012-松质骨螺纹/短尾/偏角,乙类,144.80,
1734,C03210708900001,03-骨科材料,21-颈椎后路固定系统,07-颈椎后路横连,089-内固定材料,00-不区分,001-可调/灭菌,乙类,342.00,
1735,C03210708900002,03-骨科材料,21-颈椎后路固定系统,07-颈椎后路横连,089-内固定材料,00-不区分,002-可调/非灭菌,乙类,1148.18,
1736,C03210708900004,03-骨科材料,21-颈椎后路固定系统,07-颈椎后路横连,089-内固定材料,00-不区分,004-固定/非灭菌,乙类,541.80,
1737,C03210808900001,03-骨科材料,21-颈椎后路固定系统,08-颈椎后路椎板成形钉,089-内固定材料,00-不区分,001-自攻/灭菌,乙类,721.00,
1738,C03210808900002,03-骨科材料,21-颈椎后路固定系统,08-颈椎后路椎板成形钉,089-内固定材料,00-不区分,002-自攻/非灭菌,乙类,76.14,
1739,C03210808900003,03-骨科材料,21-颈椎后路固定系统,08-颈椎后路椎板成形钉,089-内固定材料,00-不区分,003-自钻/灭菌,乙类,95.46,
1740,C03210808900004,03-骨科材料,21-颈椎后路固定系统,08-颈椎后路椎板成形钉,089-内固定材料,00-不区分,004-自钻/非灭菌,乙类,55.30,
1741,C03210908900002,03-骨科材料,21-颈椎后路固定系统,09-颈椎后路锁定螺帽,089-内固定材料,00-不区分,002-横连内锁螺帽/非灭菌,乙类,150.00,
1742,C03210908900004,03-骨科材料,21-颈椎后路固定系统,09-颈椎后路锁定螺帽,089-内固定材料,00-不区分,004-横连外锁螺帽/非灭菌,乙类,150.00,
1743,C03210908900005,03-骨科材料,21-颈椎后路固定系统,09-颈椎后路锁定螺帽,089-内固定材料,00-不区分,005-螺钉螺帽/灭菌,乙类,1015.43,
1744,C03210908900006,03-骨科材料,21-颈椎后路固定系统,09-颈椎后路锁定螺帽,089-内固定材料,00-不区分,006-螺钉螺帽/非灭菌,乙类,25.04,
1745,C03211008901000,03-骨科材料,21-颈椎后路固定系统,10-颈椎后路铰链板,089-内固定材料,01-钛合金,000-常规,乙类,1070.00,
1746,C03211008902000,03-骨科材料,21-颈椎后路固定系统,10-颈椎后路铰链板,089-内固定材料,02-纯钛,000-常规,乙类,1070.00,
1747,C03211108901000,03-骨科材料,21-颈椎后路固定系统,11-颈椎后路侧孔板,089-内固定材料,01-钛合金,000-常规,乙类,956.00,
1748,C03211108902000,03-骨科材料,21-颈椎后路固定系统,11-颈椎后路侧孔板,089-内固定材料,02-纯钛,000-常规,乙类,2420.50,
1749,C03211208900002,03-骨科材料,21-颈椎后路固定系统,12-颈椎后路钉头横连,089-内固定材料,00-不区分,002-非灭菌,乙类,666.67,
1750,C03220208900001,03-骨科材料,22-脊柱侧弯矫形系统,02-生长阀,089-内固定材料,00-不区分,001-灭菌,乙类,2362.10,
1751,C03220208900002,03-骨科材料,22-脊柱侧弯矫形系统,02-生长阀,089-内固定材料,00-不区分,002-非灭菌,乙类,6679.70,
1752,C03220308901002,03-骨科材料,22-脊柱侧弯矫形系统,03-滑动钉,089-内固定材料,01-钛合金,002-非灭菌,乙类,500.00,
1753,C03220408900000,03-骨科材料,22-脊柱侧弯矫形系统,04-脊柱侧弯矫形系统其他部件,089-内固定材料,00-不区分,000-常规,乙类,754.70,
1754,C03230108902002,03-骨科材料,23-颈胸固定系,01-双直径棒,089-内固定材料,02-钛合金,002-非灭菌,乙类,229.89,
1755,C03230208902002,03-骨科材料,23-颈胸统固定系,02-颈胸连接器,089-内固定材料,02-钛合金,002-非灭菌,乙类,302.71,
1756,C03230308902002,03-骨科材料,23-颈胸统固定系,03-单直径棒,089-内固定材料,02-钛合金,002-非灭菌,乙类,367.02,
1757,C03230408902002,03-骨科材料,23-颈胸统固定系统,04-颈胸固定系统其他部件,089-内固定材料,02-钛合金,002-短尾,乙类,40.00,
1758,C03240108901002,03-骨科材料,24-胸腰椎前路固定系统,01-胸腰椎前路固定板,089-内固定材料,01-纯钛,002-非灭菌,乙类,266.38,
1759,C03240108902002,03-骨科材料,24-胸腰椎前路固定系统,01-胸腰椎前路固定板,089-内固定材料,02-钛合金,002-非灭菌,乙类,3148.00,
1760,C03240208901001,03-骨科材料,24-胸腰椎前路固定系统,02-胸腰椎前路固定棒,089-内固定材料,01-钛合金,001-灭菌,乙类,1692.00,
1761,C03240208901002,03-骨科材料,24-胸腰椎前路固定系统,02-胸腰椎前路固定棒,089-内固定材料,01-钛合金,002-非灭菌,乙类,275.68,
1762,C03240208902002,03-骨科材料,24-胸腰椎前路固定系统,02-胸腰椎前路固定棒,089-内固定材料,02-钴铬钼合金,002-非灭菌,乙类,229.20,
1763,C03240308900000,03-骨科材料,24-胸腰椎前路固定系统,03-胸腰椎前路椎体螺钉,089-内固定材料,00-不区分,000-常规,乙类,477.47,
1764,C03240408900000,03-骨科材料,24-胸腰椎前路固定系统,04-胸腰椎前路椎间融合固定装置,089-内固定材料,00-不区分,000-常规,乙类,372.48,
1765,C03240508900002,03-骨科材料,24-胸腰椎前路固定系统,05-胸腰椎前路椎体单栓钉,089-内固定材料,00-不区分,002-非灭菌,乙类,3411.50,
1766,C03240608900001,03-骨科材料,24-胸腰椎前路固定系统,06-胸腰椎前路垫片,089-内固定材料,00-不区分,001-单孔,乙类,366.67,
1767,C03240608900002,03-骨科材料,24-胸腰椎前路固定系统,06-胸腰椎前路垫片,089-内固定材料,00-不区分,002-双孔,乙类,152.16,
1768,C03240708900000,03-骨科材料,24-胸腰椎前路固定系统,07-胸腰椎前路横向连接器,089-内固定材料,00-不区分,000-常规,乙类,939.44,
1769,C03240808900002,03-骨科材料,24-胸腰椎前路固定系统,08-胸腰椎前路固定系统其他部件,089-内固定材料,00-不区分,002-融合器固定螺钉,乙类,8914.65,
1770,C03240808900003,03-骨科材料,24-胸腰椎前路固定系统,08-胸腰椎前路固定系统其他部件,089-内固定材料,00-不区分,003-融合器固定板,乙类,8914.65,
1771,C03250108901002,03-骨科材料,25-胸腰椎后路固定系统,01-胸腰椎后路固定板,089-内固定材料,01-纯钛,002-非灭菌,乙类,2755.97,
1772,C03250108902001,03-骨科材料,25-胸腰椎后路固定系统,01-胸腰椎后路固定板,089-内固定材料,02-钛合金,001-灭菌,乙类,182.69,
1773,C03250108902002,03-骨科材料,25-胸腰椎后路固定系统,01-胸腰椎后路固定板,089-内固定材料,02-钛合金,002-非灭菌,乙类,2440.80,
1774,C03250108904002,03-骨科材料,25-胸腰椎后路固定系统,01-胸腰椎后路固定板,089-内固定材料,04-聚醚醚酮（PEEK）,002-非灭菌,乙类,806.87,
1775,C03250208901001,03-骨科材料,25-胸腰椎后路固定系统,02-胸腰椎后路固定棒,089-内固定材料,01-钛合金,001-普通棒/预裁棒/灭,乙类,1772.51,
1776,C03250208901002,03-骨科材料,25-胸腰椎后路固定系统,02-胸腰椎后路固定棒,089-内固定材料,01-钛合金,002-普菌通棒/预裁棒/非灭菌,乙类,548.21,
1777,C03250208901003,03-骨科材料,25-胸腰椎后路固定系统,02-胸腰椎后路固定棒,089-内固定材料,01-钛合金,003-普通棒/预弯棒/灭,乙类,174.67,
1778,C03250208901004,03-骨科材料,25-胸腰椎后路固定系统,02-胸腰椎后路固定棒,089-内固定材料,01-钛合金,004-普通棒/预弯棒/非灭菌,乙类,684.81,
1779,C03250208901005,03-骨科材料,25-胸腰椎后路固定系统,02-胸腰椎后路固定棒,089-内固定材料,01-钛合金,005-普通棒/非预裁棒/灭菌,乙类,2164.29,
1780,C03250208901006,03-骨科材料,25-胸腰椎后路固定系统,02-胸腰椎后路固定棒,089-内固定材料,01-钛合金,006-普通棒/非预裁棒/非灭菌,乙类,480.86,
1781,C03250208901007,03-骨科材料,25-胸腰椎后路固定系统,02-胸腰椎后路固定棒,089-内固定材料,01-钛合金,007-普通棒/非预弯棒/灭菌,乙类,1077.98,
1782,C03250208901008,03-骨科材料,25-胸腰椎后路固定系统,02-胸腰椎后路固定棒,089-内固定材料,01-钛合金,008-普通棒/非预弯棒/非灭菌,乙类,608.81,
1783,C03250208901009,03-骨科材料,25-胸腰椎后路固定系统,02-胸腰椎后路固定棒,089-内固定材料,01-钛合金,009-双直径棒/预裁棒/灭菌,乙类,200.00,
1784,C03250208901010,03-骨科材料,25-胸腰椎后路固定系统,02-胸腰椎后路固定棒,089-内固定材料,01-钛合金,010-双直径棒/预裁棒/非灭菌,乙类,44.86,
1785,C03250208901012,03-骨科材料,25-胸腰椎后路固定系统,02-胸腰椎后路固定棒,089-内固定材料,01-钛合金,012-双直径棒/预弯棒/非灭菌,乙类,2348.58,
1786,C03250208901014,03-骨科材料,25-胸腰椎后路固定系统,02-胸腰椎后路固定棒,089-内固定材料,01-钛合金,014-双直径棒/非预裁棒/非灭菌,乙类,798.36,
1787,C03250208901015,03-骨科材料,25-胸腰椎后路固定系统,02-胸腰椎后路固定棒,089-内固定材料,01-钛合金,015-双直径棒/非预弯棒/灭菌,乙类,1608.00,
1788,C03250208901016,03-骨科材料,25-胸腰椎后路固定系统,02-胸腰椎后路固定棒,089-内固定材料,01-钛合金,016-双直径棒/非预弯棒/非灭菌,乙类,562.86,
1789,C03250208901020,03-骨科材料,25-胸腰椎后路固定系统,02-胸腰椎后路固定棒,089-内固定材料,01-钛合金,020-Z形棒/预弯棒/非灭菌,乙类,2831.63,
1790,C03250208901024,03-骨科材料,25-胸腰椎后路固定系统,02-胸腰椎后路固定棒,089-内固定材料,01-钛合金,024-Z形棒/非预弯棒/非灭菌,乙类,1608.00,
1791,C03250208902002,03-骨科材料,25-胸腰椎后路固定系统,02-胸腰椎后路固定棒,089-内固定材料,02-钴铬合金,002-普通棒/预裁棒/非灭菌,乙类,2297.79,
1792,C03250208902004,03-骨科材料,25-胸腰椎后路固定系统,02-胸腰椎后路固定棒,089-内固定材料,02-钴铬合金,004-普通棒/预弯棒/非灭菌,乙类,30.00,
1793,C03250208902005,03-骨科材料,25-胸腰椎后路固定系统,02-胸腰椎后路固定棒,089-内固定材料,02-钴铬合金,005-普通棒/非预裁棒/灭菌,乙类,4253.33,
1794,C03250208902006,03-骨科材料,25-胸腰椎后路固定系统,02-胸腰椎后路固定棒,089-内固定材料,02-钴铬合金,006-普通棒/非预裁棒/非灭菌,乙类,6800.00,
1795,C03250208902008,03-骨科材料,25-胸腰椎后路固定系统,02-胸腰椎后路固定棒,089-内固定材料,02-钴铬合金,008-普通棒/非预弯棒/非灭菌,乙类,2863.80,
1796,C03250208903002,03-骨科材料,25-胸腰椎后路固定系统,02-胸腰椎后路固定棒,089-内固定材料,03-纯钛,002-普通棒/预裁棒/非灭菌,乙类,91.27,
1797,C03250208903004,03-骨科材料,25-胸腰椎后路固定系统,02-胸腰椎后路固定棒,089-内固定材料,03-纯钛,004-普通棒/预弯棒/非灭菌,乙类,50.00,
1798,C03250208903008,03-骨科材料,25-胸腰椎后路固定系统,02-胸腰椎后路固定棒,089-内固定材料,03-纯钛,008-普通棒/非预弯棒/非灭菌,乙类,1608.00,
1799,C03250308902001,03-骨科材料,25-胸腰椎后路固定系统,03-胸腰椎后路固定钩,089-内固定材料,02-钛合金,001-灭菌,乙类,1800.00,
1800,C03250308902002,03-骨科材料,25-胸腰椎后路固定系统,03-胸腰椎后路固定钩,089-内固定材料,02-钛合金,002-非灭菌,乙类,2597.82,
1801,C03250408901002,03-骨科材料,25-胸腰椎后路固定系统,04-胸腰椎后路固定夹,089-内固定材料,01-钛合金,002-非灭菌,乙类,1708.32,
1802,C03250508901001,03-骨科材料,25-胸腰椎后路固定系统,05-胸腰椎后路椎弓根长尾螺钉,089-内固定材料,01-钛合金,001-普通螺纹/实心/万向,乙类,751.91,
1803,C03250508901002,03-骨科材料,25-胸腰椎后路固定系统,05-胸腰椎后路椎弓根长尾螺钉,089-内固定材料,01-钛合金,002-普通螺纹/实心/万向偏角,乙类,488.72,
1804,C03250508901003,03-骨科材料,25-胸腰椎后路固定系统,05-胸腰椎后路椎弓根长尾螺钉,089-内固定材料,01-钛合金,003-普通螺纹/实心/单向,乙类,824.30,
1805,C03250508901004,03-骨科材料,25-胸腰椎后路固定系统,05-胸腰椎后路椎弓根长尾螺钉,089-内固定材料,01-钛合金,004-普通螺纹/实心/单平面,乙类,2892.32,
1806,C03250508901005,03-骨科材料,25-胸腰椎后路固定系统,05-胸腰椎后路椎弓根长尾螺钉,089-内固定材料,01-钛合金,005-普通螺纹/实心/平移,乙类,6068.75,
1807,C03250508901006,03-骨科材料,25-胸腰椎后路固定系统,05-胸腰椎后路椎弓根长尾螺钉,089-内固定材料,01-钛合金,006-普通螺纹/实心/双锁,乙类,1800.00,
1808,C03250508901007,03-骨科材料,25-胸腰椎后路固定系统,05-胸腰椎后路椎弓根长尾螺钉,089-内固定材料,01-钛合金,007-普通螺纹/中空/万向,乙类,650.53,
1809,C03250508901008,03-骨科材料,25-胸腰椎后路固定系统,05-胸腰椎后路椎弓根长尾螺钉,089-内固定材料,01-钛合金,008-普通螺纹/中空/万向偏角,乙类,1800.00,
1810,C03250508901009,03-骨科材料,25-胸腰椎后路固定系统,05-胸腰椎后路椎弓根长尾螺钉,089-内固定材料,01-钛合金,009-普通螺纹/中空/单向,乙类,1800.00,
1811,C03250508901013,03-骨科材料,25-胸腰椎后路固定系统,05-胸腰椎后路椎弓根长尾螺钉,089-内固定材料,01-钛合金,013-普通螺纹/中空＋侧孔/万向,乙类,66.63,
1812,C03250508901014,03-骨科材料,25-胸腰椎后路固定系统,05-胸腰椎后路椎弓根长尾螺钉,089-内固定材料,01-钛合金,014-普通螺纹/中空＋侧孔/万向,乙类,1800.00,
1813,C03250508901015,03-骨科材料,25-胸腰椎后路固定系统,05-胸腰椎后路椎弓根长尾螺钉,089-内固定材料,01-钛合金,015偏-普角通螺纹/中空＋侧孔/单向,乙类,3079.26,
1814,C03250508901019,03-骨科材料,25-胸腰椎后路固定系统,05-胸腰椎后路椎弓根长尾螺钉,089-内固定材料,01-钛合金,019-多线螺纹/实心/万向,乙类,472.94,
1815,C03250508901020,03-骨科材料,25-胸腰椎后路固定系统,05-胸腰椎后路椎弓根长尾螺钉,089-内固定材料,01-钛合金,020-多线螺纹/实心/万向偏角,乙类,747.29,
1816,C03250508901021,03-骨科材料,25-胸腰椎后路固定系统,05-胸腰椎后路椎弓根长尾螺钉,089-内固定材料,01-钛合金,021-多线螺纹/实心/单向,乙类,769.78,
1817,C03250508901022,03-骨科材料,25-胸腰椎后路固定系统,05-胸腰椎后路椎弓根长尾螺钉,089-内固定材料,01-钛合金,022-多线螺纹/实心/单平面,乙类,1851.85,
1818,C03250508901024,03-骨科材料,25-胸腰椎后路固定系统,05-胸腰椎后路椎弓根长尾螺钉,089-内固定材料,01-钛合金,024-多线螺纹/实心/双锁,乙类,592.58,
1819,C03250508901025,03-骨科材料,25-胸腰椎后路固定系统,05-胸腰椎后路椎弓根长尾螺钉,089-内固定材料,01-钛合金,025-多线螺纹/中空/万向,乙类,506.00,
1820,C03250508901026,03-骨科材料,25-胸腰椎后路固定系统,05-胸腰椎后路椎弓根长尾螺钉,089-内固定材料,01-钛合金,026-多线螺纹/中空/万向偏角,乙类,1800.00,
1821,C03250508901027,03-骨科材料,25-胸腰椎后路固定系统,05-胸腰椎后路椎弓根长尾螺钉,089-内固定材料,01-钛合金,027-多线螺纹/中空/单向,乙类,1800.00,
1822,C03250508901028,03-骨科材料,25-胸腰椎后路固定系统,05-胸腰椎后路椎弓根长尾螺钉,089-内固定材料,01-钛合金,028-多线螺纹/中空/单平面,乙类,1800.00,
1823,C03250508901030,03-骨科材料,25-胸腰椎后路固定系统,05-胸腰椎后路椎弓根长尾螺钉,089-内固定材料,01-钛合金,030-多线螺纹/中空/双锁,乙类,619.00,
1824,C03250508901031,03-骨科材料,25-胸腰椎后路固定系统,05-胸腰椎后路椎弓根长尾螺钉,089-内固定材料,01-钛合金,031-多线螺纹/中空＋侧孔/万向,乙类,332.04,
1825,C03250508901033,03-骨科材料,25-胸腰椎后路固定系统,05-胸腰椎后路椎弓根长尾螺钉,089-内固定材料,01-钛合金,033-多线螺纹/中空＋侧孔/单向,乙类,104.10,
1826,C03250508901036,03-骨科材料,25-胸腰椎后路固定系统,05-胸腰椎后路椎弓根长尾螺钉,089-内固定材料,01-钛合金,036-多线螺纹/中空＋侧孔/双锁,乙类,1800.00,
1827,C03250508901037,03-骨科材料,25-胸腰椎后路固定系统,05-胸腰椎后路椎弓根长尾螺钉,089-内固定材料,01-钛合金,037-皮质骨螺纹/实心/万向,乙类,433.60,
1828,C03250508901038,03-骨科材料,25-胸腰椎后路固定系统,05-胸腰椎后路椎弓根长尾螺钉,089-内固定材料,01-钛合金,038-皮质骨螺纹/实心/万向偏角,乙类,1803.37,
1829,C03250508901039,03-骨科材料,25-胸腰椎后路固定系统,05-胸腰椎后路椎弓根长尾螺钉,089-内固定材料,01-钛合金,039-皮质骨螺纹/实心/单向,乙类,299.03,
1830,C03250508901040,03-骨科材料,25-胸腰椎后路固定系统,05-胸腰椎后路椎弓根长尾螺钉,089-内固定材料,01-钛合金,040-皮质骨螺纹/实心/单平面,乙类,1800.00,
1831,C03250508901041,03-骨科材料,25-胸腰椎后路固定系统,05-胸腰椎后路椎弓根长尾螺钉,089-内固定材料,01-钛合金,041-皮质骨螺纹/实心/平移,乙类,1800.00,
1832,C03250508901042,03-骨科材料,25-胸腰椎后路固定系统,05-胸腰椎后路椎弓根长尾螺钉,089-内固定材料,01-钛合金,042-皮质骨螺纹/实心/双锁,乙类,1800.00,
1833,C03250508901043,03-骨科材料,25-胸腰椎后路固定系统,05-胸腰椎后路椎弓根长尾螺钉,089-内固定材料,01-钛合金,043-皮质骨螺纹/中空/万向,乙类,1800.00,
1834,C03250508901045,03-骨科材料,25-胸腰椎后路固定系统,05-胸腰椎后路椎弓根长尾螺钉,089-内固定材料,01-钛合金,045-皮质骨螺纹/中空/单向,乙类,1800.00,
1835,C03250508901049,03-骨科材料,25-胸腰椎后路固定系统,05-胸腰椎后路椎弓根长尾螺钉,089-内固定材料,01-钛合金,049-皮质骨螺纹/中空＋侧孔/万,乙类,9975.00,
1836,C03250508901055,03-骨科材料,25-胸腰椎后路固定系统,05-胸腰椎后路椎弓根长尾螺钉,089-内固定材料,01-钛合金,055-双向螺纹/实心/万向,乙类,549.06,
1837,C03250508901056,03-骨科材料,25-胸腰椎后路固定系统,05-胸腰椎后路椎弓根长尾螺钉,089-内固定材料,01-钛合金,056-双螺纹/实心/万向偏角,乙类,577.05,
1838,C03250508901057,03-骨科材料,25-胸腰椎后路固定系统,05-胸腰椎后路椎弓根长尾螺钉,089-内固定材料,01-钛合金,057-双螺纹/实心/单向,乙类,734.27,
1839,C03250508901058,03-骨科材料,25-胸腰椎后路固定系统,05-胸腰椎后路椎弓根长尾螺钉,089-内固定材料,01-钛合金,058-双螺纹/实心/单平,乙类,1294.33,
1840,C03250508901059,03-骨科材料,25-胸腰椎后路固定系统,05-胸腰椎后路椎弓根长尾螺钉,089-内固定材料,01-钛合金,059-双面螺纹/实心/平移,乙类,352.40,
1841,C03250508901060,03-骨科材料,25-胸腰椎后路固定系统,05-胸腰椎后路椎弓根长尾螺钉,089-内固定材料,01-钛合金,060-双螺纹/实心/双锁,乙类,4395.92,
1842,C03250508901061,03-骨科材料,25-胸腰椎后路固定系统,05-胸腰椎后路椎弓根长尾螺钉,089-内固定材料,01-钛合金,061-双螺纹/中空/万向,乙类,581.36,
1843,C03250508901063,03-骨科材料,25-胸腰椎后路固定系统,05-胸腰椎后路椎弓根长尾螺钉,089-内固定材料,01-钛合金,063-双螺纹/中空/单向,乙类,649.54,
1844,C03250508901064,03-骨科材料,25-胸腰椎后路固定系统,05-胸腰椎后路椎弓根长尾螺钉,089-内固定材料,01-钛合金,064-双螺纹/中空/单平,乙类,759.14,
1845,C03250508901067,03-骨科材料,25-胸腰椎后路固定系统,05-胸腰椎后路椎弓根长尾螺钉,089-内固定材料,01-钛合金,067-双面螺纹/中空＋侧孔/万向,乙类,512.92,
1846,C03250508901069,03-骨科材料,25-胸腰椎后路固定系统,05-胸腰椎后路椎弓根长尾螺钉,089-内固定材料,01-钛合金,069-双螺纹/中空＋侧孔/单向,乙类,433.33,
1847,C03250508901072,03-骨科材料,25-胸腰椎后路固定系统,05-胸腰椎后路椎弓根长尾螺钉,089-内固定材料,01-钛合金,072-双螺纹/中空＋侧孔/双锁,乙类,1800.00,
1848,C03250508902019,03-骨科材料,25-胸腰椎后路固定系统,05-胸腰椎后路椎弓根长尾螺钉,089-内固定材料,02-钴铬钼合金,019-多线螺纹/实心/万向,乙类,1800.00,
1849,C03250508902023,03-骨科材料,25-胸腰椎后路固定系统,05-胸腰椎后路椎弓根长尾螺钉,089-内固定材料,02-钴铬钼合金,023-多线螺纹/实心/平移,乙类,1800.00,
1850,C03250508902024,03-骨科材料,25-胸腰椎后路固定系统,05-胸腰椎后路椎弓根长尾螺钉,089-内固定材料,02-钴铬钼合金,024-多线螺纹/实心/双锁,乙类,1800.00,
1851,C03250508902025,03-骨科材料,25-胸腰椎后路固定系统,05-胸腰椎后路椎弓根长尾螺钉,089-内固定材料,02-钴铬钼合金,025-多线螺纹/中空/万向,乙类,1800.00,
1852,C03250508902036,03-骨科材料,25-胸腰椎后路固定系统,05-胸腰椎后路椎弓根长尾螺钉,089-内固定材料,02-钴铬钼合金,036-多线螺纹/中空＋侧孔/双锁,乙类,1800.00,
1853,C03250508902050,03-骨科材料,25-胸腰椎后路固定系统,05-胸腰椎后路椎弓根长尾螺钉,089-内固定材料,02-钴铬钼合金,050-皮质骨螺纹/中空＋侧孔/万向偏角,乙类,11200.00,
1854,C03250508902055,03-骨科材料,25-胸腰椎后路固定系统,05-胸腰椎后路椎弓根长尾螺钉,089-内固定材料,02-钴铬钼合金,055-双螺纹/实心/万向,乙类,6500.00,
1855,C03250508902056,03-骨科材料,25-胸腰椎后路固定系统,05-胸腰椎后路椎弓根长尾螺钉,089-内固定材料,02-钴铬钼合金,056-双螺纹/实心/万向偏角,乙类,286.00,
1856,C03250608901001,03-骨科材料,25-胸腰椎后路固定系统,06-胸腰椎后路椎弓根短尾螺钉,089-内固定材料,01-钛合金,001-普通螺纹/实心/万向,乙类,2037.40,
1857,C03250608901002,03-骨科材料,25-胸腰椎后路固定系统,06-胸腰椎后路椎弓根短尾螺钉,089-内固定材料,01-钛合金,002-普通螺纹/实心/万向偏角,乙类,2572.73,
1858,C03250608901003,03-骨科材料,25-胸腰椎后路固定系统,06-胸腰椎后路椎弓根短尾螺钉,089-内固定材料,01-钛合金,003-普通螺纹/实心/单向,乙类,2438.14,
1859,C03250608901004,03-骨科材料,25-胸腰椎后路固定系统,06-胸腰椎后路椎弓根短尾螺钉,089-内固定材料,01-钛合金,004-普通螺纹/实心/单平面,乙类,173.40,
1860,C03250608901005,03-骨科材料,25-胸腰椎后路固定系统,06-胸腰椎后路椎弓根短尾螺钉,089-内固定材料,01-钛合金,005-普通螺纹/实心/平移,乙类,1800.00,
1861,C03250608901006,03-骨科材料,25-胸腰椎后路固定系统,06-胸腰椎后路椎弓根短尾螺钉,089-内固定材料,01-钛合金,006-普通螺纹/实心/双锁,乙类,1800.00,
1862,C03250608901007,03-骨科材料,25-胸腰椎后路固定系统,06-胸腰椎后路椎弓根短尾螺钉,089-内固定材料,01-钛合金,007-普通螺纹/中空/万向,乙类,320.00,
1863,C03250608901009,03-骨科材料,25-胸腰椎后路固定系统,06-胸腰椎后路椎弓根短尾螺钉,089-内固定材料,01-钛合金,009-普通螺纹/中空/单向,乙类,1800.00,
1864,C03250608901013,03-骨科材料,25-胸腰椎后路固定系统,06-胸腰椎后路椎弓根短尾螺钉,089-内固定材料,01-钛合金,013-普通螺纹/中空＋侧孔/万向,乙类,951.54,
1865,C03250608901015,03-骨科材料,25-胸腰椎后路固定系统,06-胸腰椎后路椎弓根短尾螺钉,089-内固定材料,01-钛合金,015-普通螺纹/中空＋侧孔/单向,乙类,1800.00,
1866,C03250608901019,03-骨科材料,25-胸腰椎后路固定系统,06-胸腰椎后路椎弓根短尾螺钉,089-内固定材料,01-钛合金,019-多线螺纹/实心/万向,乙类,422.10,
1867,C03250608901020,03-骨科材料,25-胸腰椎后路固定系统,06-胸腰椎后路椎弓根短尾螺钉,089-内固定材料,01-钛合金,020-多线螺纹/实心/万向偏角,乙类,1800.00,
1868,C03250608901021,03-骨科材料,25-胸腰椎后路固定系统,06-胸腰椎后路椎弓根短尾螺钉,089-内固定材料,01-钛合金,021-多线螺纹/实心/单向,乙类,1391.39,
1869,C03250608901022,03-骨科材料,25-胸腰椎后路固定系统,06-胸腰椎后路椎弓根短尾螺钉,089-内固定材料,01-钛合金,022-多线螺纹/实心/单平面,乙类,371.59,
1870,C03250608901024,03-骨科材料,25-胸腰椎后路固定系统,06-胸腰椎后路椎弓根短尾螺钉,089-内固定材料,01-钛合金,024-多线螺纹/实心/双锁,乙类,100.00,
1871,C03250608901025,03-骨科材料,25-胸腰椎后路固定系统,06-胸腰椎后路椎弓根短尾螺钉,089-内固定材料,01-钛合金,025-多线螺纹/中空/万向,乙类,3582.31,
1872,C03250608901026,03-骨科材料,25-胸腰椎后路固定系统,06-胸腰椎后路椎弓根短尾螺钉,089-内固定材料,01-钛合金,026-多线螺纹/中空/万向偏角,乙类,1800.00,
1873,C03250608901027,03-骨科材料,25-胸腰椎后路固定系统,06-胸腰椎后路椎弓根短尾螺钉,089-内固定材料,01-钛合金,027-多线螺纹/中空/单向,乙类,1800.00,
1874,C03250608901028,03-骨科材料,25-胸腰椎后路固定系统,06-胸腰椎后路椎弓根短尾螺钉,089-内固定材料,01-钛合金,028-多线螺纹/中空/单平面,乙类,1800.00,
1875,C03250608901031,03-骨科材料,25-胸腰椎后路固定系统,06-胸腰椎后路椎弓根短尾螺钉,089-内固定材料,01-钛合金,031-多线螺纹/中空＋侧孔/万向,乙类,1800.00,
1876,C03250608901033,03-骨科材料,25-胸腰椎后路固定系统,06-胸腰椎后路椎弓根短尾螺钉,089-内固定材料,01-钛合金,033-多线螺纹/中空＋侧孔/单向,乙类,1800.00,
1877,C03250608901037,03-骨科材料,25-胸腰椎后路固定系统,06-胸腰椎后路椎弓根短尾螺钉,089-内固定材料,01-钛合金,037-皮质骨螺纹/实心/万向,乙类,498.20,
1878,C03250608901038,03-骨科材料,25-胸腰椎后路固定系统,06-胸腰椎后路椎弓根短尾螺钉,089-内固定材料,01-钛合金,038-皮质骨螺纹/实心/万向偏角,乙类,90.00,
1879,C03250608901039,03-骨科材料,25-胸腰椎后路固定系统,06-胸腰椎后路椎弓根短尾螺钉,089-内固定材料,01-钛合金,039-皮质骨螺纹/实心/单向,乙类,1356.89,
1880,C03250608901040,03-骨科材料,25-胸腰椎后路固定系统,06-胸腰椎后路椎弓根短尾螺钉,089-内固定材料,01-钛合金,040-皮质骨螺纹/实心/单平面,乙类,1800.00,
1881,C03250608901041,03-骨科材料,25-胸腰椎后路固定系统,06-胸腰椎后路椎弓根短尾螺钉,089-内固定材料,01-钛合金,041-皮质骨螺纹/实心/平移,乙类,3721.26,
1882,C03250608901043,03-骨科材料,25-胸腰椎后路固定系统,06-胸腰椎后路椎弓根短尾螺钉,089-内固定材料,01-钛合金,043-皮质骨螺纹/中空/万向,乙类,1800.00,
1883,C03250608901044,03-骨科材料,25-胸腰椎后路固定系统,06-胸腰椎后路椎弓根短尾螺钉,089-内固定材料,01-钛合金,044-皮质骨螺纹/中空/万向偏角,乙类,1800.00,
1884,C03250608901045,03-骨科材料,25-胸腰椎后路固定系统,06-胸腰椎后路椎弓根短尾螺钉,089-内固定材料,01-钛合金,045-皮质骨螺纹/中空/单向,乙类,1800.00,
1885,C03250608901055,03-骨科材料,25-胸腰椎后路固定系统,06-胸腰椎后路椎弓根短尾螺钉,089-内固定材料,01-钛合金,055-双螺纹/实心/万向,乙类,524.45,
1886,C03250608901056,03-骨科材料,25-胸腰椎后路固定系统,06-胸腰椎后路椎弓根短尾螺钉,089-内固定材料,01-钛合金,056-双螺纹/实心/万向偏角,乙类,1233.86,
1887,C03250608901057,03-骨科材料,25-胸腰椎后路固定系统,06-胸腰椎后路椎弓根短尾螺钉,089-内固定材料,01-钛合金,057-双螺纹/实心/单向,乙类,2683.64,
1888,C03250608901058,03-骨科材料,25-胸腰椎后路固定系统,06-胸腰椎后路椎弓根短尾螺钉,089-内固定材料,01-钛合金,058-双螺纹/实心/单平,乙类,234.00,
1889,C03250608901059,03-骨科材料,25-胸腰椎后路固定系统,06-胸腰椎后路椎弓根短尾螺钉,089-内固定材料,01-钛合金,059-双面螺纹/实心/平移,乙类,3269.02,
1890,C03250608901060,03-骨科材料,25-胸腰椎后路固定系统,06-胸腰椎后路椎弓根短尾螺钉,089-内固定材料,01-钛合金,060-双螺纹/实心/双锁,乙类,3693.75,
1891,C03250608901061,03-骨科材料,25-胸腰椎后路固定系统,06-胸腰椎后路椎弓根短尾螺钉,089-内固定材料,01-钛合金,061-双螺纹/中空/万向,乙类,169.47,
1892,C03250608901063,03-骨科材料,25-胸腰椎后路固定系统,06-胸腰椎后路椎弓根短尾螺钉,089-内固定材料,01-钛合金,063-双螺纹/中空/单向,乙类,523.76,
1893,C03250608901064,03-骨科材料,25-胸腰椎后路固定系统,06-胸腰椎后路椎弓根短尾螺钉,089-内固定材料,01-钛合金,064-双螺纹/中空/单平,乙类,186.00,
1894,C03250608901067,03-骨科材料,25-胸腰椎后路固定系统,06-胸腰椎后路椎弓根短尾螺钉,089-内固定材料,01-钛合金,067-双面螺纹/中空＋侧孔/万向,乙类,1800.00,
1895,C03250608901069,03-骨科材料,25-胸腰椎后路固定系统,06-胸腰椎后路椎弓根短尾螺钉,089-内固定材料,01-钛合金,069-双螺纹/中空＋侧孔/单向,乙类,1800.00,
1896,C03250608902019,03-骨科材料,25-胸腰椎后路固定系统,06-胸腰椎后路椎弓根短尾螺钉,089-内固定材料,02-钴铬钼合金,019-多线螺纹/实心/万向,乙类,454.00,
1897,C03250608902020,03-骨科材料,25-胸腰椎后路固定系统,06-胸腰椎后路椎弓根短尾螺钉,089-内固定材料,02-钴铬钼合金,020-多线螺纹/实心/万向偏角,乙类,1800.00,
1898,C03250608902022,03-骨科材料,25-胸腰椎后路固定系统,06-胸腰椎后路椎弓根短尾螺钉,089-内固定材料,02-钴铬钼合金,022-多线螺纹/实心/单平面,乙类,1800.00,
1899,C03250608902023,03-骨科材料,25-胸腰椎后路固定系统,06-胸腰椎后路椎弓根短尾螺钉,089-内固定材料,02-钴铬钼合金,023-多线螺纹/实心/平移,乙类,1800.00,
1900,C03250608902024,03-骨科材料,25-胸腰椎后路固定系统,06-胸腰椎后路椎弓根短尾螺钉,089-内固定材料,02-钴铬钼合金,024-多线螺纹/实心/双锁,乙类,1800.00,
1901,C03250608902025,03-骨科材料,25-胸腰椎后路固定系统,06-胸腰椎后路椎弓根短尾螺钉,089-内固定材料,02-钴铬钼合金,025-多线螺纹/中空/万向,乙类,1800.00,
1902,C03250608902037,03-骨科材料,25-胸腰椎后路固定系统,06-胸腰椎后路椎弓根短尾螺钉,089-内固定材料,02-钴铬钼合金,037-皮质骨螺纹/实心/万向,乙类,1800.00,
1903,C03250608902055,03-骨科材料,25-胸腰椎后路固定系统,06-胸腰椎后路椎弓根短尾螺钉,089-内固定材料,02-钴铬钼合金,055-双螺纹/实心/万向,乙类,1800.00,
1904,C03250708901001,03-骨科材料,25-胸腰椎后路固定系统,07-胸腰椎后路椎弓根螺帽,089-内固定材料,01-纯钛,001-单锁,乙类,1583.30,
1905,C03250708902001,03-骨科材料,25-胸腰椎后路固定系统,07-胸腰椎后路椎弓根螺帽,089-内固定材料,02-钛合金,001-单锁,乙类,27.13,
1906,C03250708902002,03-骨科材料,25-胸腰椎后路固定系统,07-胸腰椎后路椎弓根螺帽,089-内固定材料,02-钛合金,002-双锁,乙类,48.83,
1907,C03250808900001,03-骨科材料,25-胸腰椎后路固定系统,08-胸腰椎后路横连,089-内固定材料,00-不区分,001-一体化/固定,乙类,515.53,
1908,C03250808900002,03-骨科材料,25-胸腰椎后路固定系统,08-胸腰椎后路横连,089-内固定材料,00-不区分,002-一体化/可调,乙类,395.03,
1909,C03250808900003,03-骨科材料,25-胸腰椎后路固定系统,08-胸腰椎后路横连,089-内固定材料,00-不区分,003-非一体化/固定,乙类,221.75,
1910,C03250808900004,03-骨科材料,25-胸腰椎后路固定系统,08-胸腰椎后路横连,089-内固定材料,00-不区分,004-非一体化/可调,乙类,514.01,
1911,C03250908900001,03-骨科材料,25-胸腰椎后路固定系统,09-胸腰椎后路钉棒连接器,089-内固定材料,00-不区分,001-灭菌,乙类,2167.30,
1912,C03250908900002,03-骨科材料,25-胸腰椎后路固定系统,09-胸腰椎后路钉棒连接器,089-内固定材料,00-不区分,002-非灭菌,乙类,2476.75,
1913,C03251008900000,03-骨科材料,25-胸腰椎后路固定系统,10-胸腰椎后路关节突螺钉,089-内固定材料,00-不区分,000-常规,乙类,5842.75,
1914,C03251108900000,03-骨科材料,25-胸腰椎后路固定系统,11-胸腰椎后路骨水泥加强螺钉,089-内固定材料,00-不区分,000-常规,乙类,970.92,
1915,C03251208900000,03-骨科材料,25-胸腰椎后路固定系统,12-胸腰椎后路膨胀螺钉,089-内固定材料,00-不区分,000-常规,乙类,316.10,
1916,C03251308900000,03-骨科材料,25-胸腰椎后路固定系统,13-胸腰椎后路皮质骨螺钉,089-内固定材料,00-不区分,000-常规,乙类,629.08,
1917,C03251408900002,03-骨科材料,25-胸腰椎后路固定系统,14-多米诺连接,089-内固定材料,00-不区分,002-端端连接/非灭菌,乙类,428.95,
1918,C03251408900004,03-骨科材料,25-胸腰椎后路固定系统,14-多米诺连接,089-内固定材料,00-不区分,004-侧侧连接/非灭菌,乙类,2006.00,
1919,C03251607900001,03-骨科材料,25-胸腰椎后路固定系统,16-胸腰椎后路固定系统其他部件,079-螺钉,00-不区分,001-螺钉,乙类,164.39,
1920,C03251608900000,03-骨科材料,25-胸腰椎后路固定系统,16-胸腰椎后路固定系统其他部件,089-内固定材料,00-不区分,000-其他,乙类,3555.58,
1921,C03251623600002,03-骨科材料,25-胸腰椎后路固定系统,16-胸腰椎后路固定系统其他部件,236-垫圈,00-不区分,002-垫圈,乙类,1544.96,
1922,C03251623700003,03-骨科材料,25-胸腰椎后路固定系统,16-胸腰椎后路固定系统其他部件,237-螺母,00-不区分,003-螺母,乙类,55.49,
1923,C03260108901001,03-骨科材料,26-胸腰椎后路微创系统,01-经皮胸腰椎后路固定棒,089-内固定材料,01-钛合金,001-预弯,乙类,700.97,
1924,C03260108901002,03-骨科材料,26-胸腰椎后路微创系统,01-经皮胸腰椎后路固定棒,089-内固定材料,01-钛合金,002-预裁,乙类,372.42,
1925,C03260108902001,03-骨科材料,26-胸腰椎后路微创系统,01-经皮胸腰椎后路固定棒,089-内固定材料,02-钴铬钼合金,001-预弯,乙类,2460.00,
1926,C03260108902002,03-骨科材料,26-胸腰椎后路微创系统,01-经皮胸腰椎后路固定棒,089-内固定材料,02-钴铬钼合金,002-预裁,乙类,2460.00,
1927,C03260108903001,03-骨科材料,26-胸腰椎后路微创系统,01-经皮胸腰椎后路固定棒,089-内固定材料,03-纯钛,001-预弯,乙类,2460.00,
1928,C03260108903002,03-骨科材料,26-胸腰椎后路微创系统,01-经皮胸腰椎后路固定棒,089-内固定材料,03-纯钛,002-预裁,乙类,137.00,
1929,C03260208901001,03-骨科材料,26-胸腰椎后路微创系统,02-经皮胸腰椎后路椎弓根螺钉,089-内固定材料,01-钛合金,001-普通螺纹/有侧孔/长尾,乙类,2609.60,
1930,C03260208901002,03-骨科材料,26-胸腰椎后路微创系统,02-经皮胸腰椎后路椎弓根螺钉,089-内固定材料,01-钛合金,002-普通螺纹/有侧孔/短尾,乙类,22.06,
1931,C03260208901003,03-骨科材料,26-胸腰椎后路微创系统,02-经皮胸腰椎后路椎弓根螺钉,089-内固定材料,01-钛合金,003-普通螺纹/无侧孔/长尾,乙类,3505.71,
1932,C03260208901004,03-骨科材料,26-胸腰椎后路微创系统,02-经皮胸腰椎后路椎弓根螺钉,089-内固定材料,01-钛合金,004-普通螺纹/无侧孔/短尾,乙类,420.00,
1933,C03260208901005,03-骨科材料,26-胸腰椎后路微创系统,02-经皮胸腰椎后路椎弓根螺钉,089-内固定材料,01-钛合金,005-多线螺纹/有侧孔/长尾,乙类,468.62,
1934,C03260208901006,03-骨科材料,26-胸腰椎后路微创系统,02-经皮胸腰椎后路椎弓根螺钉,089-内固定材料,01-钛合金,006-多线螺纹/有侧孔/短尾,乙类,591.88,
1935,C03260208901007,03-骨科材料,26-胸腰椎后路微创系统,02-经皮胸腰椎后路椎弓根螺钉,089-内固定材料,01-钛合金,007-多线螺纹/无侧孔/长尾,乙类,4379.27,
1936,C03260208901008,03-骨科材料,26-胸腰椎后路微创系统,02-经皮胸腰椎后路椎弓根螺钉,089-内固定材料,01-钛合金,008-多线螺纹/无侧孔/短尾,乙类,838.00,
1937,C03260208901009,03-骨科材料,26-胸腰椎后路微创系统,02-经皮胸腰椎后路椎弓根螺钉,089-内固定材料,01-钛合金,009-皮质骨螺纹/有侧孔/长尾,乙类,865.00,
1938,C03260208901010,03-骨科材料,26-胸腰椎后路微创系统,02-经皮胸腰椎后路椎弓根螺钉,089-内固定材料,01-钛合金,010-皮质骨螺纹/有侧孔/短尾,乙类,771.00,
1939,C03260208901011,03-骨科材料,26-胸腰椎后路微创系统,02-经皮胸腰椎后路椎弓根螺钉,089-内固定材料,01-钛合金,011-皮质骨螺纹/无侧孔/长尾,乙类,2686.54,
1940,C03260208901012,03-骨科材料,26-胸腰椎后路微创系统,02-经皮胸腰椎后路椎弓根螺钉,089-内固定材料,01-钛合金,012-皮质骨螺纹/无侧孔/短尾,乙类,370.71,
1941,C03260208901013,03-骨科材料,26-胸腰椎后路微创系统,02-经皮胸腰椎后路椎弓根螺钉,089-内固定材料,01-钛合金,013-双螺纹/有侧孔/长,乙类,656.29,
1942,C03260208901014,03-骨科材料,26-胸腰椎后路微创系统,02-经皮胸腰椎后路椎弓根螺钉,089-内固定材料,01-钛合金,014-双尾螺纹/有侧孔/短,乙类,428.27,
1943,C03260208901015,03-骨科材料,26-胸腰椎后路微创系统,02-经皮胸腰椎后路椎弓根螺钉,089-内固定材料,01-钛合金,015-双尾螺纹/无侧孔/长,乙类,634.41,
1944,C03260208901016,03-骨科材料,26-胸腰椎后路微创系统,02-经皮胸腰椎后路椎弓根螺钉,089-内固定材料,01-钛合金,016-双尾螺纹/无侧孔/短,乙类,700.42,
1945,C03260208902005,03-骨科材料,26-胸腰椎后路微创系统,02-经皮胸腰椎后路椎弓根螺钉,089-内固定材料,02-钴铬钼合金,005-多尾线螺纹/有侧孔/长尾,乙类,865.00,
1946,C03260208902006,03-骨科材料,26-胸腰椎后路微创系统,02-经皮胸腰椎后路椎弓根螺钉,089-内固定材料,02-钴铬钼合金,006-多线螺纹/有侧孔/短尾,乙类,865.00,
1947,C03260208902016,03-骨科材料,26-胸腰椎后路微创系统,02-经皮胸腰椎后路椎弓根螺钉,089-内固定材料,02-钴铬钼合金,016-双螺纹/无侧孔/短,乙类,865.00,
1948,C03260308902001,03-骨科材料,26-胸腰椎后路微创系统,03-胸腰椎后路椎弓根螺帽,089-内固定材料,02-钛合金,尾001-单锁,乙类,63.30,
1949,C03260308902002,03-骨科材料,26-胸腰椎后路微创系统,03-胸腰椎后路椎弓根螺帽,089-内固定材料,02-钛合金,002-双锁,乙类,49.23,
1950,C03260408900002,03-骨科材料,26-胸腰椎后路微创系统,04-胸腰椎后路关节突融合器,089-内固定材料,00-不区分,002-非灭菌,乙类,1854.00,
1951,C03260508900001,03-骨科材料,26-胸腰椎后路微创系统,05-胸腰椎后路横联,089-内固定材料,00-不区分,001-一体化/固定,乙类,568.00,
1952,C03260508900002,03-骨科材料,26-胸腰椎后路微创系统,05-胸腰椎后路横联,089-内固定材料,00-不区分,002-一体化/可调,乙类,568.00,
1953,C03260508900003,03-骨科材料,26-胸腰椎后路微创系统,05-胸腰椎后路横联,089-内固定材料,00-不区分,003-非一体化/固定,乙类,616.21,
1954,C03260508900004,03-骨科材料,26-胸腰椎后路微创系统,05-胸腰椎后路横联,089-内固定材料,00-不区分,004-非一体化/可调,乙类,568.00,
1955,C03260608901001,03-骨科材料,26-胸腰椎后路微创系统,06-经皮胸腰椎后路预弯棒,089-内固定材料,01-钛合金,001-平头,乙类,120.81,
1956,C03260608901002,03-骨科材料,26-胸腰椎后路微创系统,06-经皮胸腰椎后路预弯棒,089-内固定材料,01-钛合金,002-圆头,乙类,145.00,
1957,C03260608902001,03-骨科材料,26-胸腰椎后路微创系统,06-经皮胸腰椎后路预弯棒,089-内固定材料,02-钴铬钼合金,001-平头,乙类,2460.00,
1958,C03260608902002,03-骨科材料,26-胸腰椎后路微创系统,06-经皮胸腰椎后路预弯棒,089-内固定材料,02-钴铬钼合金,002-圆头,乙类,2460.00,
1959,C03260608903002,03-骨科材料,26-胸腰椎后路微创系统,06-经皮胸腰椎后路预弯棒,089-内固定材料,03-纯钛,002-圆头,乙类,2460.00,
1960,C03260708900001,03-骨科材料,26-胸腰椎后路微创系统,07-胸腰椎后路微创系统其他部件,089-内固定材料,00-不区分,001-经皮胸腰椎后路椎弓根螺钉置入器,乙类,11000.00,
1961,C03270108901002,03-骨科材料,27-小儿矫形系,01-胸腰椎后路固定板,089-内固定材料,01-纯钛,002-非灭菌,乙类,13175.95,
1962,C03270208901002,03-骨科材料,统27-小儿矫形系统,02-胸腰椎后路固定棒,089-内固定材料,01-钛合金,002-普通棒/预裁棒/非灭菌,乙类,316.00,
1963,C03270208901004,03-骨科材料,27-小儿矫形系统,02-胸腰椎后路固定棒,089-内固定材料,01-钛合金,004-普通棒/预弯棒/非灭菌,乙类,316.00,
1964,C03270208901005,03-骨科材料,27-小儿矫形系统,02-胸腰椎后路固定棒,089-内固定材料,01-钛合金,005-普通棒/非预裁棒/灭菌,乙类,100.00,
1965,C03270208901006,03-骨科材料,27-小儿矫形系统,02-胸腰椎后路固定棒,089-内固定材料,01-钛合金,006-普通棒/非预裁棒/非灭菌,乙类,316.00,
1966,C03270208901008,03-骨科材料,27-小儿矫形系统,02-胸腰椎后路固定棒,089-内固定材料,01-钛合金,008-普通棒/非预弯棒/非灭菌,乙类,316.00,
1967,C03270208901016,03-骨科材料,27-小儿矫形系统,02-胸腰椎后路固定棒,089-内固定材料,01-钛合金,016-双直径棒/非预弯棒/非灭菌,乙类,316.00,
1968,C03270208902002,03-骨科材料,27-小儿矫形系统,02-胸腰椎后路固定棒,089-内固定材料,02-钴铬合金,002-普通棒/预裁棒/非灭菌,乙类,316.00,
1969,C03270208902006,03-骨科材料,27-小儿矫形系统,02-胸腰椎后路固定棒,089-内固定材料,02-钴铬合金,006-普通棒/非预裁棒/非灭菌,乙类,316.00,
1970,C03270208902008,03-骨科材料,27-小儿矫形系统,02-胸腰椎后路固定棒,089-内固定材料,02-钴铬合金,008-普通棒/非预弯棒/非灭菌,乙类,710.00,
1971,C03270208903002,03-骨科材料,27-小儿矫形系统,02-胸腰椎后路固定棒,089-内固定材料,03-纯钛,002-普通棒/预裁棒/非灭菌,乙类,316.00,
1972,C03270208903006,03-骨科材料,27-小儿矫形系统,02-胸腰椎后路固定棒,089-内固定材料,03-纯钛,006-普通棒/非预裁棒/非灭菌,乙类,316.00,
1973,C03270308902002,03-骨科材料,27-小儿矫形系,03-胸腰椎后路固定钩,089-内固定材料,02-钛合金,002-非灭菌,乙类,10290.32,
1974,C03270408901001,03-骨科材料,统27-小儿矫形系统,04-胸腰椎后路椎弓根螺钉,089-内固定材料,01-钛合金,001-普通螺纹/有侧孔/长尾,乙类,680.00,
1975,C03270408901002,03-骨科材料,27-小儿矫形系统,04-胸腰椎后路椎弓根螺钉,089-内固定材料,01-钛合金,002-普通螺纹/有侧孔/短尾,乙类,680.00,
1976,C03270408901003,03-骨科材料,27-小儿矫形系统,04-胸腰椎后路椎弓根螺钉,089-内固定材料,01-钛合金,003-普通螺纹/无侧孔/长尾,乙类,6334.50,
1977,C03270408901004,03-骨科材料,27-小儿矫形系统,04-胸腰椎后路椎弓根螺钉,089-内固定材料,01-钛合金,004-普通螺纹/无侧孔/短尾,乙类,680.00,
1978,C03270408901005,03-骨科材料,27-小儿矫形系统,04-胸腰椎后路椎弓根螺钉,089-内固定材料,01-钛合金,005-多线螺纹/有侧孔/长尾,乙类,680.00,
1979,C03270408901006,03-骨科材料,27-小儿矫形系统,04-胸腰椎后路椎弓根螺钉,089-内固定材料,01-钛合金,006-多线螺纹/有侧孔/短尾,乙类,680.00,
1980,C03270408901008,03-骨科材料,27-小儿矫形系统,04-胸腰椎后路椎弓根螺钉,089-内固定材料,01-钛合金,008-多线螺纹/无侧孔/短尾,乙类,680.00,
1981,C03270408901011,03-骨科材料,27-小儿矫形系统,04-胸腰椎后路椎弓根螺钉,089-内固定材料,01-钛合金,011-皮质骨螺纹/无侧孔/长尾,乙类,680.00,
1982,C03270408901012,03-骨科材料,27-小儿矫形系统,04-胸腰椎后路椎弓根螺钉,089-内固定材料,01-钛合金,012-皮质骨螺纹/无侧孔/短尾,乙类,680.00,
1983,C03270408901015,03-骨科材料,27-小儿矫形系统,04-胸腰椎后路椎弓根螺钉,089-内固定材料,01-钛合金,015-双螺纹/无侧孔/长,乙类,3768.00,
1984,C03270408901016,03-骨科材料,27-小儿矫形系统,04-胸腰椎后路椎弓根螺钉,089-内固定材料,01-钛合金,016-双尾螺纹/无侧孔/短,乙类,680.00,
1985,C03270408902015,03-骨科材料,27-小儿矫形系统,04-胸腰椎后路椎弓根螺钉,089-内固定材料,02-钴铬钼合金,015-双尾螺纹/无侧孔/长,乙类,680.00,
1986,C03270508901001,03-骨科材料,27-小儿矫形系统,05-胸腰椎后路椎弓根螺帽,089-内固定材料,01-纯钛,尾001-单锁,乙类,200.00,
1987,C03270508902001,03-骨科材料,27-小儿矫形系统,05-胸腰椎后路椎弓根螺帽,089-内固定材料,02-钛合金,001-单锁,乙类,200.00,
1988,C03270508902002,03-骨科材料,27-小儿矫形系统,05-胸腰椎后路椎弓根螺帽,089-内固定材料,02-钛合金,002-双锁,乙类,184.44,
1989,C03270608901000,03-骨科材料,27-小儿矫形系,06-胸腰椎后路螺钉,089-内固定材料,01-钛合金,000-常规,乙类,2869.70,
1990,C03270708902000,03-骨科材料,27-小儿统矫形系,07-胸腰椎后路螺帽,089-内固定材料,02-钛合金,000-常规,乙类,1945.90,
1991,C03270808902002,03-骨科材料,27-小儿统矫形系统,08-腰椎后路横连,089-内固定材料,02-钛合金,002-一体化/非灭菌,乙类,77.67,
1992,C03270808902003,03-骨科材料,27-小儿矫形系统,08-腰椎后路横连,089-内固定材料,02-钛合金,003-非一体化/灭菌,乙类,180.00,
1993,C03270808902004,03-骨科材料,27-小儿矫形系统,08-腰椎后路横连,089-内固定材料,02-钛合金,004-非一体化/非灭菌,乙类,1245.73,
1994,C03271008900000,03-骨科材料,27-小儿矫形系统,10-胸腰椎后路小儿矫形系统其他部件,089-内固定材料,00-不区分,000-其他,乙类,14350.00,
1995,C03271009000002,03-骨科材料,27-小儿矫形系统,10-胸腰椎后路小儿矫形系统其他部件,090-垫片,00-不区分,002-垫片,乙类,12807.49,
1996,C03271023800001,03-骨科材料,27-小儿矫形系统,10-胸腰椎后路小儿矫形系统其他部件,238-连接器,00-不区分,001-连接器,乙类,23.37,
1997,C03280108902002,03-骨科材料,28-骶髂固定系,01-骶髂固定板,089-内固定材料,02-钛合金,002-非灭菌,乙类,280.00,
1998,C03280208902002,03-骨科材料,28-骶髂统固定系,02-骶髂侧方连接器,089-内固定材料,02-钛合金,002-非灭菌,乙类,109.74,
1999,C03280308902002,03-骨科材料,28-骶髂固定系统,03-骶髂骨螺钉,089-内固定材料,02-钛合金,002-全螺纹螺钉/闭口/非灭菌,乙类,1568.28,
2000,C03280308902003,03-骨科材料,28-骶髂固定系统,03-骶髂骨螺钉,089-内固定材料,02-钛合金,003-全螺纹螺钉/开口/灭菌,乙类,770.00,
2001,C03280308902004,03-骨科材料,28-骶髂固定系统,03-骶髂骨螺钉,089-内固定材料,02-钛合金,004-全螺纹螺钉/开口/非灭菌,乙类,2331.35,
2002,C03280308902006,03-骨科材料,28-骶髂固定系统,03-骶髂骨螺钉,089-内固定材料,02-钛合金,006-半螺纹螺钉/闭口/非灭菌,乙类,500.00,
2003,C03280308902008,03-骨科材料,28-骶髂固定系统,03-骶髂骨螺钉,089-内固定材料,02-钛合金,008-半螺纹螺钉/开口/非灭菌,乙类,2291.23,
2004,C03280408902002,03-骨科材料,28-骶髂固定系,04-连接器,089-内固定材料,02-钛合金,002-非灭菌,乙类,416.88,
2005,C03280508902000,03-骨科材料,28-骶髂统固定系统,05-骶髂固定系统其他部件,089-内固定材料,02-钛合金,000-常规,乙类,36.77,
2006,C03290109701001,03-骨科材料,29-脊柱固定融合系统,01-胸腰椎融合器,097-融合器,01-聚醚醚酮（PEEK）,001-前路/有前凸角/,乙类,4023.84,
2007,C03290109701002,03-骨科材料,29-脊柱固定融合系统,01-胸腰椎融合器,097-融合器,01-聚醚醚酮（PEEK）,002灭-前菌路/有前凸角/非灭菌,乙类,6064.01,
2008,C03290109701003,03-骨科材料,29-脊柱固定融合系统,01-胸腰椎融合器,097-融合器,01-聚醚醚酮（PEEK）,003-前路/无前凸角/,乙类,11591.05,
2009,C03290109701004,03-骨科材料,29-脊柱固定融合系统,01-胸腰椎融合器,097-融合器,01-聚醚醚酮（PEEK）,004灭-前菌路/无前凸角/非灭菌,乙类,4528.02,
2010,C03290109701005,03-骨科材料,29-脊柱固定融合系统,01-胸腰椎融合器,097-融合器,01-聚醚醚酮（PEEK）,005-后路/有前凸角/,乙类,3190.85,
2011,C03290109701006,03-骨科材料,29-脊柱固定融合系统,01-胸腰椎融合器,097-融合器,01-聚醚醚酮（PEEK）,006灭-后菌路/有前凸角/非灭菌,乙类,3541.77,
2012,C03290109701007,03-骨科材料,29-脊柱固定融合系统,01-胸腰椎融合器,097-融合器,01-聚醚醚酮（PEEK）,007-后路/无前凸角/,乙类,2856.84,
2013,C03290109701008,03-骨科材料,29-脊柱固定融合系统,01-胸腰椎融合器,097-融合器,01-聚醚醚酮（PEEK）,008灭-后菌路/无前凸角/非灭菌,乙类,2777.62,
2014,C03290109701009,03-骨科材料,29-脊柱固定融合系统,01-胸腰椎融合器,097-融合器,01-聚醚醚酮（PEEK）,009-侧路/有前凸角/,乙类,1617.03,
2015,C03290109701010,03-骨科材料,29-脊柱固定融合系统,01-胸腰椎融合器,097-融合器,01-聚醚醚酮（PEEK）,010-侧路/有前凸角/非灭菌,乙类,3192.97,
2016,C03290109701011,03-骨科材料,29-脊柱固定融合系统,01-胸腰椎融合器,097-融合器,01-聚醚醚酮（PEEK）,011-侧路/无前凸角/,乙类,16350.00,
2017,C03290109701012,03-骨科材料,29-脊柱固定融合系统,01-胸腰椎融合器,097-融合器,01-聚醚醚酮（PEEK）,012灭-侧菌路/无前凸角/非灭菌,乙类,19215.00,
2018,C03290109702002,03-骨科材料,29-脊柱固定融合系统,01-胸腰椎融合器,097-融合器,02-碳纤维增强复合材料（CFRP）,002-前路/有前凸角/非灭菌,乙类,3500.00,
2019,C03290109702005,03-骨科材料,29-脊柱固定融合系统,01-胸腰椎融合器,097-融合器,02-碳纤维增强复合材料（CFRP）,005-后路/有前凸角/,乙类,3500.00,
2020,C03290109702006,03-骨科材料,29-脊柱固定融合系统,01-胸腰椎融合器,097-融合器,02-碳纤维增强复合材料（CFRP）,006灭-后菌路/有前凸角/非灭菌,乙类,3500.00,
2021,C03290109702008,03-骨科材料,29-脊柱固定融合系统,01-胸腰椎融合器,097-融合器,02-碳纤维增强复合材料（CFRP）,008-后路/无前凸角/非灭菌,乙类,3536.11,
2022,C03290109702010,03-骨科材料,29-脊柱固定融合系统,01-胸腰椎融合器,097-融合器,02-碳纤维增强复合材料（CFRP）,010-侧路/有前凸角/非灭菌,乙类,3500.00,
2023,C03290109702012,03-骨科材料,29-脊柱固定融合系统,01-胸腰椎融合器,097-融合器,02-碳纤维增强复合材料（CFRP）,012-侧路/无前凸角/非灭菌,乙类,3500.00,
2024,C03290109703002,03-骨科材料,29-脊柱固定融合系统,01-胸腰椎融合器,097-融合器,03-纯钛,002-前路/有前凸角/非灭菌,乙类,3500.00,
2025,C03290109703004,03-骨科材料,29-脊柱固定融合系统,01-胸腰椎融合器,097-融合器,03-纯钛,004-前路/无前凸角/非灭菌,乙类,4840.35,
2026,C03290109703006,03-骨科材料,29-脊柱固定融合系统,01-胸腰椎融合器,097-融合器,03-纯钛,006-后路/有前凸角/非灭菌,乙类,3500.00,
2027,C03290109703008,03-骨科材料,29-脊柱固定融合系统,01-胸腰椎融合器,097-融合器,03-纯钛,008-后路/无前凸角/非灭菌,乙类,3500.00,
2028,C03290109703010,03-骨科材料,29-脊柱固定融合系统,01-胸腰椎融合器,097-融合器,03-纯钛,010-侧路/有前凸角/非灭菌,乙类,3500.00,
2029,C03290109703012,03-骨科材料,29-脊柱固定融合系统,01-胸腰椎融合器,097-融合器,03-纯钛,012-侧路/无前凸角/非灭菌,乙类,3500.00,
2030,C03290109704002,03-骨科材料,29-脊柱固定融合系统,01-胸腰椎融合器,097-融合器,04-钛合金,002-前路/有前凸角/非灭菌,乙类,3500.00,
2031,C03290109704004,03-骨科材料,29-脊柱固定融合系统,01-胸腰椎融合器,097-融合器,04-钛合金,004-前路/无前凸角/非灭菌,乙类,2345.14,
2032,C03290109704005,03-骨科材料,29-脊柱固定融合系统,01-胸腰椎融合器,097-融合器,04-钛合金,005-后路/有前凸角/,乙类,3360.00,
2033,C03290109704006,03-骨科材料,29-脊柱固定融合系统,01-胸腰椎融合器,097-融合器,04-钛合金,006灭-后菌路/有前凸角/非灭菌,乙类,6960.30,
2034,C03290109704007,03-骨科材料,29-脊柱固定融合系统,01-胸腰椎融合器,097-融合器,04-钛合金,007-后路/无前凸角/,乙类,1383.62,
2035,C03290109704008,03-骨科材料,29-脊柱固定融合系统,01-胸腰椎融合器,097-融合器,04-钛合金,008灭-后菌路/无前凸角/非灭菌,乙类,3673.70,
2036,C03290109704010,03-骨科材料,29-脊柱固定融合系统,01-胸腰椎融合器,097-融合器,04-钛合金,010-侧路/有前凸角/非灭菌,乙类,3500.00,
2037,C03290109704012,03-骨科材料,29-脊柱固定融合系统,01-胸腰椎融合器,097-融合器,04-钛合金,012-侧路/无前凸角/非灭菌,乙类,3500.00,
2038,C03290209701001,03-骨科材料,29-脊柱固定融合系统,02-颈椎融合器,097-融合器,01-聚醚醚酮（PEEK）,001-有前凸角/带人工骨/灭菌,乙类,3153.33,
2039,C03290209701002,03-骨科材料,29-脊柱固定融合系统,02-颈椎融合器,097-融合器,01-聚醚醚酮（PEEK）,002-有前凸角/带人工骨/非灭菌,乙类,2590.00,
2040,C03290209701003,03-骨科材料,29-脊柱固定融合系统,02-颈椎融合器,097-融合器,01-聚醚醚酮（PEEK）,003-有前凸角/不带人工骨/灭菌,乙类,4255.93,
2041,C03290209701004,03-骨科材料,29-脊柱固定融合系统,02-颈椎融合器,097-融合器,01-聚醚醚酮（PEEK）,004-有前凸角/不带人工骨/非灭,乙类,2990.95,
2042,C03290209701005,03-骨科材料,29-脊柱固定融合系统,02-颈椎融合器,097-融合器,01-聚醚醚酮（PEEK）,005-无菌前凸角/带人工骨/灭菌,乙类,2590.00,
2043,C03290209701006,03-骨科材料,29-脊柱固定融合系统,02-颈椎融合器,097-融合器,01-聚醚醚酮（PEEK）,006-无前凸角/带人工骨/非灭菌,乙类,2590.00,
2044,C03290209701007,03-骨科材料,29-脊柱固定融合系统,02-颈椎融合器,097-融合器,01-聚醚醚酮（PEEK）,007-无前凸角/不带人工骨/灭菌,乙类,2222.43,
2045,C03290209701008,03-骨科材料,29-脊柱固定融合系统,02-颈椎融合器,097-融合器,01-聚醚醚酮（PEEK）,008-无前凸角/不带人工骨/非灭,乙类,3354.22,
2046,C03290209702004,03-骨科材料,29-脊柱固定融合系统,02-颈椎融合器,097-融合器,02-碳纤维增强复合材料（CFRP）,004-有菌前凸角/不带人工骨/非灭,乙类,2590.00,
2047,C03290209702008,03-骨科材料,29-脊柱固定融合系统,02-颈椎融合器,097-融合器,02-碳纤维增强复合材料（CFRP）,008-无菌前凸角/不带人工骨/非灭,乙类,2590.00,
2048,C03290209703004,03-骨科材料,29-脊柱固定融合系统,02-颈椎融合器,097-融合器,03-纯钛,004-有菌前凸角/不带人工骨/非灭,乙类,2590.00,
2049,C03290209703008,03-骨科材料,29-脊柱固定融合系统,02-颈椎融合器,097-融合器,03-纯钛,008-无菌前凸角/不带人工骨/非灭,乙类,2590.00,
2050,C03290209704003,03-骨科材料,29-脊柱固定融合系统,02-颈椎融合器,097-融合器,04-钛合金,003-有菌前凸角/不带人工骨/灭菌,乙类,2590.00,
2051,C03290209704004,03-骨科材料,29-脊柱固定融合系统,02-颈椎融合器,097-融合器,04-钛合金,004-有前凸角/不带人工骨/非灭,乙类,331.52,
2052,C03290209704007,03-骨科材料,29-脊柱固定融合系统,02-颈椎融合器,097-融合器,04-钛合金,007-无菌前凸角/不带人工骨/灭菌,乙类,2972.40,
2053,C03290209704008,03-骨科材料,29-脊柱固定融合系统,02-颈椎融合器,097-融合器,04-钛合金,008-无前凸角/不带人工骨/非灭,乙类,4874.08,
2054,C03290309700001,03-骨科材料,29-脊柱固定融合系统,03-3D打印椎间融合器,097-融合器,00-不区分,菌001-胸腰椎,乙类,13331.25,
2055,C03290309700002,03-骨科材料,29-脊柱固定融合系统,03-3D打印椎间融合器,097-融合器,00-不区分,002-颈椎,乙类,16727.33,
2056,C03290409700000,03-骨科材料,29-脊柱固定融合系统,04-关节突融合器,097-融合器,00-不区分,000-常规,乙类,4000.00,
2057,C03290509801004,03-骨科材料,29-脊柱固定融合系统,05-胸腰椎人工椎体,098-人工椎体,01-纯钛,004-高度固定/非灭菌,乙类,4101.33,
2058,C03290509802001,03-骨科材料,29-脊柱固定融合系统,05-胸腰椎人工椎体,098-人工椎体,02-钛合金,001-高度可调节/灭菌,乙类,27362.53,
2059,C03290509802002,03-骨科材料,29-脊柱固定融合系统,05-胸腰椎人工椎体,098-人工椎体,02-钛合金,002-高度可调节/非灭,乙类,9365.79,
2060,C03290509802003,03-骨科材料,29-脊柱固定融合系统,05-胸腰椎人工椎体,098-人工椎体,02-钛合金,003-高菌度固定/灭菌,乙类,23681.00,
2061,C03290609801003,03-骨科材料,29-脊柱固定融合系统,06-颈椎人工椎体,098-人工椎体,01-钛合金,003-高度固定/灭菌,乙类,19389.75,
2062,C03290709800000,03-骨科材料,29-脊柱固定融合系统,07-定制人工椎体,098-人工椎体,00-不区分,000-常规,乙类,15960.00,
2063,C03290809901000,03-骨科材料,29-脊柱固定融合系统,08-胸腰椎钛网,099-钛网,01-纯钛,000-常规,乙类,6921.92,
2064,C03290809902000,03-骨科材料,29-脊柱固定融合系统,08-胸腰椎钛网,099-钛网,02-钛合金,000-常规,乙类,6869.34,
2065,C03290909901001,03-骨科材料,29-脊柱固定融合系统,09-颈椎钛网,099-钛网,01-纯钛,001-灭菌,乙类,6593.04,
2066,C03290909901002,03-骨科材料,29-脊柱固定融合系统,09-颈椎钛网,099-钛网,01-纯钛,002-非灭菌,乙类,7638.70,
2067,C03290909902001,03-骨科材料,29-脊柱固定融合系统,09-颈椎钛网,099-钛网,02-钛合金,001-灭菌,乙类,8610.00,
2068,C03290909902002,03-骨科材料,29-脊柱固定融合系统,09-颈椎钛网,099-钛网,02-钛合金,002-非灭菌,乙类,4104.58,
2069,C03291008900000,03-骨科材料,29-脊柱固定融合系统,10-其他脊柱固定融合系统材料,089-内固定材料,00-不区分,000-其他,乙类,3289.85,
2070,C03291008900001,03-骨科材料,29-脊柱固定融合系统,10-其他脊柱固定融合系统材料,089-内固定材料,00-不区分,001-加强环,乙类,3289.85,
2071,C03291008900003,03-骨科材料,29-脊柱固定融合系统,10-其他脊柱固定融合系统材料,089-内固定材料,00-不区分,003-端盖,乙类,2850.00,
2072,C03300110000000,03-骨科材料,30-腰椎非融合系统,01-腰椎非融合植入物,100-腰椎植入物,00-不区分,000-常规,乙类,21087.76,
2073,C03300408901001,03-骨科材料,30-腰椎非融合系统,04-腰椎后路非融合螺钉,089-内固定材料,01-钛合金,001-有涂层,乙类,364.25,
2074,C03300408901002,03-骨科材料,30-腰椎非融合系统,04-腰椎后路非融合螺钉,089-内固定材料,01-钛合金,002-无涂层,乙类,2445.06,
2075,C03300508900000,03-骨科材料,30-腰椎非融合系统,05-腰椎后路非融合套管,089-内固定材料,00-不区分,000-常规,乙类,7047.00,
2076,C03300608900000,03-骨科材料,30-腰椎非融合系统,06-腰椎后路非融合绳索,089-内固定材料,00-不区分,000-常规,乙类,5699.00,
2077,C03300708900000,03-骨科材料,30-腰椎非融合系统,07-腰椎后路非融合连接器,089-内固定材料,00-不区分,000-常规,乙类,112.00,
2078,C03300808900000,03-骨科材料,30-腰椎非融合系统,08-腰椎后路连接棒,089-内固定材料,00-不区分,000-常规,乙类,4970.25,
2079,C03300923900001,03-骨科材料,30-腰椎非融合系统,09-腰椎非融合系统其他部件,239-纤维环缝合器,00-不区分,001-纤维环缝合器,乙类,15946.47,
2080,C03310110100000,03-骨科材料,31-椎体成形系,01-工作套筒,101-椎体成形工,00-不区分,000-常规,乙类,159.58,
2081,C03310202600000,03-骨科材料,31-椎体统成形系,02-穿刺针,026-穿具刺器,00-不区分,000-常规,乙类,243.46,
2082,C03310310100000,03-骨科材料,31-椎体统成形系,03-磨钻,101-椎体成形工,00-不区分,000-常规,乙类,38.79,
2083,C03310400200001,03-骨科材料,31-椎体统成形系,04-球囊,002具-球囊,00-不区分,001-定向,乙类,286.34,
2084,C03310400200002,03-骨科材料,31-椎体统成形系,04-球囊,002-球囊,00-不区分,002-不定向,乙类,236.14,
2085,C03310510200000,03-骨科材料,31-椎体统成形系,05-球囊注射器,102-注射器,00-不区分,000-常规,乙类,0.57,
2086,C03310700700000,03-骨科材料,31-椎体统成形系,07-活检器,007-活检材料,00-不区分,000-常规,乙类,2122.98,
2087,C03310900300000,03-骨科材料,31-椎体统成形系,09-引导丝,003-导丝,00-不区分,000-常规,乙类,15.95,
2088,C03311010100000,03-骨科材料,31-椎体统成形系,10-定向椎体成形工具,101-椎体成形工,00-不区分,000-常规,乙类,245.00,
2089,C03311110100000,03-骨科材料,31-椎体统成形系,11-骨水泥搅拌注入系统,101-椎体具成形工,00-不区分,000-常规,乙类,69.68,
2090,C03311210100000,03-骨科材料,31-椎体统成形系,12-金属网状支撑物,101-椎体具成形工,00-不区分,000-常规,乙类,4775.30,
2091,C03311302600000,03-骨科材料,31-椎体统成形系,13-穿刺通道一体锥,026-穿具刺器,00-不区分,000-常规,乙类,72.02,
2092,C03311410100000,03-骨科材料,31-椎体统成形系,14-支架入路系统,101-椎体成形工,00-不区分,000-常规,乙类,399.86,
2093,C03311510101000,03-骨科材料,31-椎体统成形系,15-支架充盈系统,101-椎体具成形工,01-不锈钢,000-常规,乙类,30.86,
2094,C03311510102000,03-骨科材料,31-椎体统成形系,15-支架充盈系统,101-椎体具成形工,02-聚合物,000-常规,乙类,229.79,
2095,C03311624000001,03-骨科材料,31-椎体统成形系统,16-椎体成形系统其他部件,具240-扩张材料,00-不区分,001-扩张材料,乙类,43.89,
2096,C03320110302001,03-骨科材料,32-人工椎间盘,01-颈椎人工椎间盘,103-人工椎间盘,02-钛合金及其他,001-一体式/固定核心,乙类,11182.00,
2097,C03320110302002,03-骨科材料,32-人工椎间盘,01-颈椎人工椎间盘,103-人工椎间盘,02-钛合金及其他,002-一体式/活动核心,乙类,11182.00,
2098,C03320110302004,03-骨科材料,32-人工椎间盘,01-颈椎人工椎间盘,103-人工椎间盘,02-钛合金及其他,004-分体式/活动核心,乙类,8976.92,
2099,C03320110303001,03-骨科材料,32-人工椎间盘,01-颈椎人工椎间盘,103-人工椎间盘,03-钴铬钼合金,001-一体式/固定核心,乙类,11182.00,
2100,C03320110303002,03-骨科材料,32-人工椎间盘,01-颈椎人工椎间盘,103-人工椎间盘,03-钴铬钼合金,002-一体式/活动核心,乙类,11182.00,
2101,C03320110303004,03-骨科材料,32-人工椎间盘,01-颈椎人工椎间盘,103-人工椎间盘,03-钴铬钼合金,004-分体式/活动核心,乙类,11182.00,
2102,C03330110400000,03-骨科材料,33-脊柱内镜配套系统,01-内镜射频刀头,104-射频刀头,00-不区分,000-常规,乙类,939.17,
2103,C03340110702001,03-骨科材料,34-人工全肩关节,01-肱骨柄,107-人工关节,02-钛合金,001-骨水泥型,乙类,5453.90,
2104,C03340110702002,03-骨科材料,34-人工全肩关,01-肱骨柄,107-人工关节,02-钛合金,002-生物型,乙类,20269.80,
2105,C03340110703001,03-骨科材料,34-人工节全肩关节,01-肱骨柄,107-人工关节,03-钴铬合金,001-骨水泥型,乙类,17670.00,
2106,C03340110703002,03-骨科材料,34-人工全肩关,01-肱骨柄,107-人工关节,03-钴铬合金,002-生物型,乙类,3300.00,
2107,C03340210702001,03-骨科材料,34-人工节全肩关,02-肱骨头,107-人工关节,02-钴铬合金,001-标准型,乙类,16265.58,
2108,C03340210702002,03-骨科材料,34-人工节全肩关,02-肱骨头,107-人工关节,02-钴铬合金,002-偏心型,乙类,15060.74,
2109,C03340310701001,03-骨科材料,34-人工节全肩关,03-肩盂,107-人工关节,01-普通聚乙烯,001-一体式,乙类,30580.00,
2110,C03340310701002,03-骨科材料,34-人工全肩关,03-肩盂,107-人工关节,01-普通聚乙烯,002-组配式,乙类,22564.63,
2111,C03340310702001,03-骨科材料,34-人工节全肩关,03-肩盂,107-人工关节,02-高交联聚乙烯,001-一体式,乙类,3300.00,
2112,C03340310702002,03-骨科材料,34-人工节全肩关,03-肩盂,107-人工关节,02-高交联聚乙烯,002-组配式,乙类,3300.00,
2113,C03340310703002,03-骨科材料,34-人工节全肩关,03-肩盂,107-人工关节,03-钽金属,002-组配式,乙类,3300.00,
2114,C03340410702000,03-骨科材料,34-人工节全肩关,04-肱骨头柄连接器,107-人工关节,02-钛合金,000-常规,乙类,11553.74,
2115,C03340510700000,03-骨科材料,34-人工节全肩关,05-锥度适配器,107-人工关节,00-不区分,000-常规,乙类,3675.00,
2116,C03350110702001,03-骨科材料,35-人工节半肩关节,01-肱骨柄,107-人工关节,02-钛合金,001-骨水泥型/一体式,乙类,19925.28,
2117,C03350110702002,03-骨科材料,35-人工半肩关节,01-肱骨柄,107-人工关节,02-钛合金,002-骨水泥型/组配式,乙类,17647.80,
2118,C03350110702003,03-骨科材料,35-人工半肩关节,01-肱骨柄,107-人工关节,02-钛合金,003-生物型/一体式,乙类,22754.00,
2119,C03350110702004,03-骨科材料,35-人工半肩关节,01-肱骨柄,107-人工关节,02-钛合金,004-生物型/组配式,乙类,20466.55,
2120,C03350110703001,03-骨科材料,35-人工半肩关节,01-肱骨柄,107-人工关节,03-钴铬合金,001-骨水泥型/一体式,乙类,12313.21,
2121,C03350110703003,03-骨科材料,35-人工半肩关节,01-肱骨柄,107-人工关节,03-钴铬合金,003-生物型/一体式,乙类,3300.00,
2122,C03350110704003,03-骨科材料,35-人工半肩关节,01-肱骨柄,107-人工关节,04-钽金属,003-生物型/一体式,乙类,3300.00,
2123,C03350210702001,03-骨科材料,35-人工半肩关,02-肱骨头,107-人工关节,02-钴铬合金,001-标准型,乙类,13219.63,
2124,C03350210702002,03-骨科材料,35-人工节半肩关,02-肱骨头,107-人工关节,02-钴铬合金,002-偏心型,乙类,8280.89,
2125,C03350310700000,03-骨科材料,35-人工节半肩关,03-其他人工肩关节配件,107-人工关节,00-不区分,000-常规,乙类,18468.09,
2126,C03360110702002,03-骨科材料,36-人工节反肩关节,01-肱骨柄,107-人工关节,02-钛合金,002-骨水泥型/组配式,乙类,15450.00,
2127,C03360110702004,03-骨科材料,36-人工反肩关节,01-肱骨柄,107-人工关节,02-钛合金,004-生物型/组配式,乙类,16426.46,
2128,C03360210702000,03-骨科材料,36-人工反肩关,02-肱骨垫块,107-人工关节,02-聚乙烯,000-常规,乙类,8824.30,
2129,C03360310701000,03-骨科材料,36-人工节反肩关,03-肱骨柄间隔器,107-人工关节,01-钴铬合金,000-常规,乙类,1000.00,
2130,C03360310702000,03-骨科材料,36-人工节反肩关,03-肱骨柄间隔器,107-人工关节,02-钛合金,000-常规,乙类,15374.74,
2131,C03360410701001,03-骨科材料,36-人工节反肩关,04-反转肩盂头,107-人工关节,01-钴铬合金,001-标准型,乙类,22890.00,
2132,C03360410701002,03-骨科材料,36-人工节反肩关,04-反转肩盂头,107-人工关节,01-钴铬合金,002-偏心型,乙类,11968.75,
2133,C03360410702001,03-骨科材料,36-人工节反肩关,04-反转肩盂头,107-人工关节,02-钛合金,001-标准型,乙类,7175.00,
2134,C03360410702002,03-骨科材料,36-人工节反肩关,04-反转肩盂头,107-人工关节,02-钛合金,002-偏心型,乙类,22031.63,
2135,C03360510702001,03-骨科材料,36-人工节反肩关,05-肩盂基底座,107-人工关节,02-钛合金,001-HA涂层,乙类,19345.90,
2136,C03360510702002,03-骨科材料,36-人工节反肩关节,05-肩盂基底座,107-人工关节,02-钛合金,002-金属多孔涂层,乙类,11462.31,
2137,C03360510702003,03-骨科材料,36-人工反肩关,05-肩盂基底座,107-人工关节,02-钛合金,003-喷砂型,乙类,500.00,
2138,C03360510702004,03-骨科材料,36-人工节反肩关节,05-肩盂基底座,107-人工关节,02-钛合金,004-羟基磷灰石涂层,乙类,9500.00,
2139,C03360510702005,03-骨科材料,36-人工反肩关,05-肩盂基底座,107-人工关节,02-钛合金,005-其他,乙类,8993.21,
2140,C03360610700001,03-骨科材料,36-人工反肩关,06-固定螺钉,107-人工关节,00-不区分,001-锁定,乙类,1418.94,
2141,C03360610700002,03-骨科材料,36-人工节反肩关,06-固定螺钉,107-人工关节,00-不区分,002-非锁定,乙类,1705.56,
2142,C03360710700000,03-骨科材料,36-人工节反肩关,07-其他人工反肩配件,107-人工关节,00-不区分,000-常规,乙类,13496.79,
2143,C03370110701001,03-骨科材料,节37-人工肘关节,01-尺骨干,107-人工关节,01-钛合金,001-有涂层/解剖型,乙类,10661.25,
2144,C03370110701002,03-骨科材料,37-人工肘关节,01-尺骨干,107-人工关节,01-钛合金,002-有涂层/非解剖型,乙类,3300.00,
2145,C03370110701003,03-骨科材料,37-人工肘关节,01-尺骨干,107-人工关节,01-钛合金,003-无涂层/解剖型,乙类,22583.33,
2146,C03370110701004,03-骨科材料,37-人工肘关节,01-尺骨干,107-人工关节,01-钛合金,004-无涂层/非解剖型,乙类,33108.80,
2147,C03370210701001,03-骨科材料,37-人工肘关节,02-肱骨干,107-人工关节,01-钛合金,001-有涂层,乙类,10425.62,
2148,C03370210701002,03-骨科材料,37-人工肘关节,02-肱骨干,107-人工关节,01-钛合金,002-无涂层,乙类,18175.00,
2149,C03370210702002,03-骨科材料,37-人工肘关节,02-肱骨干,107-人工关节,02-钴铬钼合金,002-无涂层,乙类,42000.00,
2150,C03370310700002,03-骨科材料,37-人工肘关节,03-铰链钉,107-人工关节,00-不区分,002-半限制型,乙类,13520.00,
2151,C03370410700000,03-骨科材料,37-人工肘关节,04-衬套,107-人工关节,00-不区分,000-常规,乙类,5581.25,
2152,C03370510701000,03-骨科材料,37-人工肘关节,05-桡骨假体,107-人工关节,01-钛合金,000-常规,乙类,3300.00,
2153,C03370510702000,03-骨科材料,37-人工肘关节,05-桡骨假体,107-人工关节,02-钴铬钼合金,000-常规,乙类,17976.00,
2154,C03370610700000,03-骨科材料,37-人工肘关节,06-其他人工肘关节配件,107-人工关节,00-不区分,000-常规,乙类,13093.75,
2155,C03380110700000,03-骨科材料,38-人工踝关节,01-滑动核,107-人工关节,00-不区分,000-常规,乙类,11741.91,
2156,C03380210700002,03-骨科材料,38-人工踝关节,02-胫骨假体,107-人工关节,00-不区分,002-旋转平台/生物型,乙类,9525.69,
2157,C03380210700003,03-骨科材料,38-人工踝关节,02-胫骨假体,107-人工关节,00-不区分,003-固定平台/骨水泥,乙类,20812.64,
2158,C03380210700004,03-骨科材料,38-人工踝关节,02-胫骨假体,107-人工关节,00-不区分,004-固型定平台/生物型,乙类,20672.02,
2159,C03380310700000,03-骨科材料,38-人工踝关节,03-距骨假体,107-人工关节,00-不区分,000-常规,乙类,20453.51,
2160,C03390110700000,03-骨科材料,39-人工小关节,01-腕关节,107-人工关节,00-不区分,000-常规,乙类,14801.19,
2161,C03390210703000,03-骨科材料,39-人工小关节,02-指关节,107-人工关节,03-钛合金,000-常规,乙类,23250.00,
2162,C03390310700000,03-骨科材料,39-人工小关节,03-趾关节,107-人工关节,00-不区分,000-常规,乙类,15000.00,
2163,C03400110802000,03-骨科材料,40-人工关节配,01-捆绑带,108-人工关节配,02-纯钛,000-常规,乙类,6259.62,
2164,C03400310800001,03-骨科材料,40-人工件关节配件,03-骨水泥搅拌器,108-人工件关节配件,00-不区分,001-真空搅拌器,乙类,750.86,
2165,C03400310800002,03-骨科材料,40-人工关节配件,03-骨水泥搅拌器,108-人工关节配件,00-不区分,002-普通搅拌器,乙类,786.03,
2166,C03400410800000,03-骨科材料,40-人工关节配,04-远端塞,108-人工关节配,00-不区分,000-常规,乙类,356.17,
2167,C03400510801000,03-骨科材料,40-人工件关节配,05-髋臼螺钉,108-人工件关节配,01-钛合金,000-常规,乙类,585.23,
2168,C03400510802000,03-骨科材料,40-人工件关节配,05-髋臼螺钉,108-人工件关节配,02-钴铬钼合金,000-常规,乙类,450.00,
2169,C03400610800000,03-骨科材料,40-人工件关节配,06-膝关节螺钉,108-人工件关节配,00-不区分,000-常规,乙类,1130.94,
2170,C03400710800000,03-骨科材料,40-人工件关节配,07-封堵帽,108-人工件关节配,00-不区分,000-常规,乙类,1783.16,
2171,C03400810801000,03-骨科材料,40-人工关节配,08-中置器,108-人工关节配,01-聚乙烯,000-常规,乙类,1814.89,
2172,C03400810802000,03-骨科材料,40-人工件关节配件,08-中置器,108-人工件关节配件,02-聚甲基丙烯酸甲酯（PMMA）,000-常规,乙类,3468.70,
2173,C03400910801000,03-骨科材料,40-人工关节配,09-粗隆爪,108-人工关节配,01-钛合金,000-常规,乙类,19800.00,
2174,C03401010801000,03-骨科材料,40-人工件关节配,10-股骨头坏死重建棒,108-人工件关节配,01-钽金属,000-常规,乙类,4000.00,
2175,C03401010802000,03-骨科材料,40-人工件关节配,10-股骨头坏死重建棒,108-人工件关节配,02-钛合金,000-常规,乙类,24807.42,
2176,C03401110801000,03-骨科材料,40-人工件关节配,11-髓腔塞,108-人工件关节配,01-聚乙烯,000-常规,乙类,255.67,
2177,C03401410800000,03-骨科材料,40-人工件关节配,14-其他关节、配件材料,108-人工件关节配,00-不区分,000-常规,乙类,850.78,
2178,C03410110700000,03-骨科材料,41-骨肿件瘤人工关节,01-近端股骨肿瘤假体,件107-人工关节,00-不区分,000-常规,乙类,7861.52,
2179,C03410210700000,03-骨科材料,41-骨肿瘤人工关节,02-远端股骨肿瘤假体,107-人工关节,00-不区分,000-常规,乙类,35618.36,
2180,C03410310700000,03-骨科材料,41-骨肿瘤人工关节,03-近端胫骨肿瘤假体,107-人工关节,00-不区分,000-常规,乙类,9379.07,
2181,C03410410701006,03-骨科材料,41-骨肿瘤人工关节,04-股骨柄,107-人工关节,01-钴铬合金,006-金属多孔涂层/直型/生物型,乙类,3300.00,
2182,C03410410701009,03-骨科材料,41-骨肿瘤人工关节,04-股骨柄,107-人工关节,01-钴铬合金,009-喷砂涂层/直型/骨水泥型,乙类,17600.00,
2183,C03410410701011,03-骨科材料,41-骨肿瘤人工关节,04-股骨柄,107-人工关节,01-钴铬合金,011-喷砂涂层/弯型/骨水泥型,乙类,12360.00,
2184,C03410410702001,03-骨科材料,41-骨肿瘤人工关节,04-股骨柄,107-人工关节,02-钛合金,001-HA涂层/直型/骨水泥型,乙类,11988.59,
2185,C03410410702002,03-骨科材料,41-骨肿瘤人工关节,04-股骨柄,107-人工关节,02-钛合金,002-HA涂层/直型/生物,乙类,15548.39,
2186,C03410410702004,03-骨科材料,41-骨肿瘤人工关节,04-股骨柄,107-人工关节,02-钛合金,004-H型A涂层/弯型/生物,乙类,18621.00,
2187,C03410410702006,03-骨科材料,41-骨肿瘤人工关节,04-股骨柄,107-人工关节,02-钛合金,006-金型属多孔涂层/直型/生物型,乙类,23000.00,
2188,C03410410702009,03-骨科材料,41-骨肿瘤人工关节,04-股骨柄,107-人工关节,02-钛合金,009-喷砂涂层/直型/骨水泥型,乙类,2480.00,
2189,C03410410702010,03-骨科材料,41-骨肿瘤人工关节,04-股骨柄,107-人工关节,02-钛合金,010-喷砂涂层/直型/生物型,乙类,19265.59,
2190,C03410410702011,03-骨科材料,41-骨肿瘤人工关节,04-股骨柄,107-人工关节,02-钛合金,011-喷砂涂层/弯型/骨水泥型,乙类,3300.00,
2191,C03410410702014,03-骨科材料,41-骨肿瘤人工关节,04-股骨柄,107-人工关节,02-钛合金,014-其他/直型/生物,乙类,3300.00,
2192,C03410510700000,03-骨科材料,41-骨肿瘤人工关节,05-股骨髁,107-人工关节,00-不区分,型000-常规,乙类,8287.42,
2193,C03410610700000,03-骨科材料,41-骨肿瘤人工关节,06-胫骨平台,107-人工关节,00-不区分,000-常规,乙类,9806.24,
2194,C03410710700000,03-骨科材料,41-骨肿瘤人工关节,07-胫骨垫片,107-人工关节,00-不区分,000-常规,乙类,5188.13,
2195,C03410810701001,03-骨科材料,41-骨肿瘤人工关节,08-延长杆,107-人工关节,01-钛合金,001-骨水泥型,乙类,6224.90,
2196,C03410810701002,03-骨科材料,41-骨肿瘤人工关节,08-延长杆,107-人工关节,01-钛合金,002-生物型,乙类,10599.44,
2197,C03410810701003,03-骨科材料,41-骨肿瘤人工关节,08-延长杆,107-人工关节,01-钛合金,003-其他,乙类,8603.21,
2198,C03410810702001,03-骨科材料,41-骨肿瘤人工关节,08-延长杆,107-人工关节,02-钴铬钼合金,001-骨水泥型,乙类,6000.00,
2199,C03410810702002,03-骨科材料,41-骨肿瘤人工关节,08-延长杆,107-人工关节,02-钴铬钼合金,002-生物型,乙类,1000.00,
2200,C03410810702003,03-骨科材料,41-骨肿瘤人工关节,08-延长杆,107-人工关节,02-钴铬钼合金,003-其他,乙类,8000.00,
2201,C03410910700000,03-骨科材料,41-骨肿瘤人工关节,09-肿瘤膝关节,107-人工关节,00-不区分,000-常规,乙类,46203.44,
2202,C03411010700000,03-骨科材料,41-骨肿瘤人工关节,10-髋膝关节假体,107-人工关节,00-不区分,000-常规,乙类,212.96,
2203,C03411110700000,03-骨科材料,41-骨肿瘤人工关节,11-股骨髁轴套管,107-人工关节,00-不区分,000-常规,乙类,7409.20,
2204,C03411210700000,03-骨科材料,41-骨肿瘤人工关节,12-股骨髁轴,107-人工关节,00-不区分,000-常规,乙类,4474.82,
2205,C03411310700001,03-骨科材料,41-骨肿瘤人工关节,13-其他骨肿瘤人工关节,107-人工关节,00-不区分,001-连接件,乙类,8124.55,
2206,C03411310700002,03-骨科材料,41-骨肿瘤人工关节,13-其他骨肿瘤人工关节,107-人工关节,00-不区分,002-轴承,乙类,2005.81,
2207,C03411310700003,03-骨科材料,41-骨肿瘤人工关节,13-其他骨肿瘤人工关节,107-人工关节,00-不区分,003-轴衬,乙类,6773.23,
2208,C03411310700004,03-骨科材料,41-骨肿瘤人工关节,13-其他骨肿瘤人工关节,107-人工关节,00-不区分,004-防撞器,乙类,6150.78,
2209,C03411310700005,03-骨科材料,41-骨肿瘤人工关节,13-其他骨肿瘤人工关节,107-人工关节,00-不区分,005-袖套,乙类,13974.06,
2210,C03411310700006,03-骨科材料,41-骨肿瘤人工关节,13-其他骨肿瘤人工关节,107-人工关节,00-不区分,006-旋转件,乙类,7797.81,
2211,C03411310700007,03-骨科材料,41-骨肿瘤人工关节,13-其他骨肿瘤人工关节,107-人工关节,00-不区分,007-个体定制髋臼,乙类,14517.25,
2212,C03411310700008,03-骨科材料,41-骨肿瘤人工关节,13-其他骨肿瘤人工关节,107-人工关节,00-不区分,008-垫块,乙类,5947.53,
2213,C03420110701001,03-骨科材料,42-初次膝关节,01-股骨假体,107-人工关节,01-钴铬钼合金,001-稳定型/渐变半径/骨水泥型,乙类,1676.40,
2214,C03420110701002,03-骨科材料,42-初次膝关节,01-股骨假体,107-人工关节,01-钴铬钼合金,002-稳定型/渐变半径/生物型,乙类,4083.70,
2215,C03420110701003,03-骨科材料,42-初次膝关节,01-股骨假体,107-人工关节,01-钴铬钼合金,003-稳定型/多半径/骨水泥型,乙类,16228.54,
2216,C03420110701005,03-骨科材料,42-初次膝关节,01-股骨假体,107-人工关节,01-钴铬钼合金,005-稳定型/单半径/骨水泥型,乙类,4970.61,
2217,C03420110701006,03-骨科材料,42-初次膝关节,01-股骨假体,107-人工关节,01-钴铬钼合金,006-稳定型/单半径/生物型,乙类,7687.41,
2218,C03420110701007,03-骨科材料,42-初次膝关节,01-股骨假体,107-人工关节,01-钴铬钼合金,007-保留型/渐变半径/骨水泥型,乙类,2683.67,
2219,C03420110701008,03-骨科材料,42-初次膝关节,01-股骨假体,107-人工关节,01-钴铬钼合金,008-保留型/渐变半径/生物型,乙类,72000.00,
2220,C03420110701009,03-骨科材料,42-初次膝关节,01-股骨假体,107-人工关节,01-钴铬钼合金,009-保留型/多半径/骨水泥型,乙类,15213.40,
2221,C03420110701010,03-骨科材料,42-初次膝关节,01-股骨假体,107-人工关节,01-钴铬钼合金,010-保留型/多半径/生物型,乙类,2486.76,
2222,C03420110701011,03-骨科材料,42-初次膝关节,01-股骨假体,107-人工关节,01-钴铬钼合金,011-保留型/单半径/骨水泥型,乙类,788.83,
2223,C03420110701012,03-骨科材料,42-初次膝关节,01-股骨假体,107-人工关节,01-钴铬钼合金,012-保留型/单半径/生物型,乙类,6373.13,
2224,C03420110701013,03-骨科材料,42-初次膝关节,01-股骨假体,107-人工关节,01-钴铬钼合金,013-替代型/渐变半径/骨水泥型,乙类,2451.37,
2225,C03420110701014,03-骨科材料,42-初次膝关节,01-股骨假体,107-人工关节,01-钴铬钼合金,014-替代型/渐变半径/生物型,乙类,3300.00,
2226,C03420110701015,03-骨科材料,42-初次膝关节,01-股骨假体,107-人工关节,01-钴铬钼合金,015-替代型/多半径/骨水泥型,乙类,1388.97,
2227,C03420110701016,03-骨科材料,42-初次膝关节,01-股骨假体,107-人工关节,01-钴铬钼合金,016-替代型/多半径/生物型,乙类,2515.60,
2228,C03420110701017,03-骨科材料,42-初次膝关节,01-股骨假体,107-人工关节,01-钴铬钼合金,017-替代型/单半径/骨水泥型,乙类,1873.82,
2229,C03420110701018,03-骨科材料,42-初次膝关节,01-股骨假体,107-人工关节,01-钴铬钼合金,018-替代型/单半径/生物型,乙类,3300.00,
2230,C03420110702001,03-骨科材料,42-初次膝关节,01-股骨假体,107-人工关节,02-锆铌合金,001-稳定型/渐变半径/骨水泥型,乙类,3300.00,
2231,C03420110702003,03-骨科材料,42-初次膝关节,01-股骨假体,107-人工关节,02-锆铌合金,003-稳定型/多半径/骨水泥型,乙类,3300.00,
2232,C03420110702007,03-骨科材料,42-初次膝关节,01-股骨假体,107-人工关节,02-锆铌合金,007-保留型/渐变半径/骨水泥型,乙类,26500.00,
2233,C03420110702009,03-骨科材料,42-初次膝关节,01-股骨假体,107-人工关节,02-锆铌合金,009-保留型/多半径/骨水泥型,乙类,30000.00,
2234,C03420110702011,03-骨科材料,42-初次膝关节,01-股骨假体,107-人工关节,02-锆铌合金,011-保留型/单半径/骨水泥型,乙类,3300.00,
2235,C03420110702013,03-骨科材料,42-初次膝关节,01-股骨假体,107-人工关节,02-锆铌合金,013-替代型/渐变半径/骨水泥型,乙类,3300.00,
2236,C03420110702015,03-骨科材料,42-初次膝关节,01-股骨假体,107-人工关节,02-锆铌合金,015-替代型/多半径/骨水泥型,乙类,29700.00,
2237,C03420110703009,03-骨科材料,42-初次膝关节,01-股骨假体,107-人工关节,03-钛铌氮,009-保留型/多半径/骨水泥型,乙类,3300.00,
2238,C03420110703015,03-骨科材料,42-初次膝关节,01-股骨假体,107-人工关节,03-钛铌氮,015-替代型/多半径/骨水泥型,乙类,3300.00,
2239,C03420210701001,03-骨科材料,42-初次膝关节,02-胫骨假体,107-人工关节,01-钴铬钼合金,001-旋转平台/生物型/保留型,乙类,1486.35,
2240,C03420210701004,03-骨科材料,42-初次膝关节,02-胫骨假体,107-人工关节,01-钴铬钼合金,004-旋转平台/骨水泥型/保留型,乙类,7589.91,
2241,C03420210701005,03-骨科材料,42-初次膝关节,02-胫骨假体,107-人工关节,01-钴铬钼合金,005-旋转平台/骨水泥型/替代型,乙类,7062.50,
2242,C03420210701006,03-骨科材料,42-初次膝关节,02-胫骨假体,107-人工关节,01-钴铬钼合金,006-旋转平台/骨水泥型/通用型,乙类,3161.50,
2243,C03420210701008,03-骨科材料,42-初次膝关节,02-胫骨假体,107-人工关节,01-钴铬钼合金,008-固定平台/生物型/替代型,乙类,500.00,
2244,C03420210701010,03-骨科材料,42-初次膝关节,02-胫骨假体,107-人工关节,01-钴铬钼合金,010-固定平台/骨水泥型/保留型,乙类,1492.84,
2245,C03420210701011,03-骨科材料,42-初次膝关节,02-胫骨假体,107-人工关节,01-钴铬钼合金,011-固定平台/骨水泥型/替代型,乙类,497.15,
2246,C03420210701012,03-骨科材料,42-初次膝关节,02-胫骨假体,107-人工关节,01-钴铬钼合金,012-固定平台/骨水泥型/通用型,乙类,1183.69,
2247,C03420210702008,03-骨科材料,42-初次膝关节,02-胫骨假体,107-人工关节,02-钛合金,008-固定平台/生物型/替代型,乙类,500.00,
2248,C03420210702009,03-骨科材料,42-初次膝关节,02-胫骨假体,107-人工关节,02-钛合金,009-固定平台/生物型/通用型,乙类,3045.00,
2249,C03420210702010,03-骨科材料,42-初次膝关节,02-胫骨假体,107-人工关节,02-钛合金,010-固定平台/骨水泥型/保留型,乙类,1196.00,
2250,C03420210702011,03-骨科材料,42-初次膝关节,02-胫骨假体,107-人工关节,02-钛合金,011-固定平台/骨水泥型/替代型,乙类,8521.50,
2251,C03420210702012,03-骨科材料,42-初次膝关节,02-胫骨假体,107-人工关节,02-钛合金,012-固定平台/骨水泥型/通用型,乙类,6876.59,
2252,C03420210703008,03-骨科材料,42-初次膝关节,02-胫骨假体,107-人工关节,03-钽金属,008-固定平台/生物型/替代型,乙类,9029.68,
2253,C03420210704004,03-骨科材料,42-初次膝关节,02-胫骨假体,107-人工关节,04-聚乙烯,004-旋转平台/骨水泥型/保留型,乙类,3045.00,
2254,C03420210704011,03-骨科材料,42-初次膝关节,02-胫骨假体,107-人工关节,04-聚乙烯,011-固定平台/骨水泥型/替代型,乙类,1986.65,
2255,C03420210705004,03-骨科材料,42-初次膝关节,02-胫骨假体,107-人工关节,05-钛铌氮,004-旋转平台/骨水泥型/保留型,乙类,3045.00,
2256,C03420210705010,03-骨科材料,42-初次膝关节,02-胫骨假体,107-人工关节,05-钛铌氮,010-固定平台/骨水泥型/保留型,乙类,3045.00,
2257,C03420310701001,03-骨科材料,42-初次膝关节,03-垫片,107-人工关节,01-高交联聚乙烯,001-旋转垫片/含抗氧化剂/稳定,乙类,1501.70,
2258,C03420310701002,03-骨科材料,42-初次膝关节,03-垫片,107-人工关节,01-高交联聚乙烯,002-旋型转垫片/含抗氧化剂/保留,乙类,8790.34,
2259,C03420310701004,03-骨科材料,42-初次膝关节,03-垫片,107-人工关节,01-高交联聚乙烯,004-旋型转垫片/不含抗氧化剂/稳,乙类,3837.80,
2260,C03420310701005,03-骨科材料,42-初次膝关节,03-垫片,107-人工关节,01-高交联聚乙烯,005定-旋型转垫片/不含抗氧化剂/保,乙类,7220.11,
2261,C03420310701006,03-骨科材料,42-初次膝关节,03-垫片,107-人工关节,01-高交联聚乙烯,006留-旋型转垫片/不含抗氧化剂/替,乙类,8726.67,
2262,C03420310701007,03-骨科材料,42-初次膝关节,03-垫片,107-人工关节,01-高交联聚乙烯,007代-固型定垫片/含抗氧化剂/稳定,乙类,709.72,
2263,C03420310701008,03-骨科材料,42-初次膝关节,03-垫片,107-人工关节,01-高交联聚乙烯,008-固型定垫片/含抗氧化剂/保留,乙类,2835.09,
2264,C03420310701009,03-骨科材料,42-初次膝关节,03-垫片,107-人工关节,01-高交联聚乙烯,009-固型定垫片/含抗氧化剂/替代,乙类,31285.33,
2265,C03420310701010,03-骨科材料,42-初次膝关节,03-垫片,107-人工关节,01-高交联聚乙烯,010-固型定垫片/不含抗氧化剂/稳,乙类,301.65,
2266,C03420310701011,03-骨科材料,42-初次膝关节,03-垫片,107-人工关节,01-高交联聚乙烯,011-固定垫片/不含抗氧化剂/保,乙类,626.46,
2267,C03420310701012,03-骨科材料,42-初次膝关节,03-垫片,107-人工关节,01-高交联聚乙烯,012留-固型定垫片/不含抗氧化剂/替,乙类,618.22,
2268,C03420310702003,03-骨科材料,42-初次膝关节,03-垫片,107-人工关节,02-中交联聚乙烯,003代-旋型转垫片/含抗氧化剂/替代,乙类,1170.36,
2269,C03420310702004,03-骨科材料,42-初次膝关节,03-垫片,107-人工关节,02-中交联聚乙烯,004-旋型转垫片/不含抗氧化剂/稳,乙类,350.00,
2270,C03420310702007,03-骨科材料,42-初次膝关节,03-垫片,107-人工关节,02-中交联聚乙烯,007定-固型定垫片/含抗氧化剂/稳定,乙类,1076.52,
2271,C03420310702008,03-骨科材料,42-初次膝关节,03-垫片,107-人工关节,02-中交联聚乙烯,008-固型定垫片/含抗氧化剂/保留,乙类,1800.00,
2272,C03420310702009,03-骨科材料,42-初次膝关节,03-垫片,107-人工关节,02-中交联聚乙烯,009-固型定垫片/含抗氧化剂/替代,乙类,9114.36,
2273,C03420310702010,03-骨科材料,42-初次膝关节,03-垫片,107-人工关节,02-中交联聚乙烯,010-固型定垫片/不含抗氧化剂/稳,乙类,509.15,
2274,C03420310702011,03-骨科材料,42-初次膝关节,03-垫片,107-人工关节,02-中交联聚乙烯,011定-固型定垫片/不含抗氧化剂/保,乙类,377.93,
2275,C03420310702012,03-骨科材料,42-初次膝关节,03-垫片,107-人工关节,02-中交联聚乙烯,012留-固型定垫片/不含抗氧化剂/替,乙类,515.49,
2276,C03420310703004,03-骨科材料,42-初次膝关节,03-垫片,107-人工关节,03-普通聚乙烯,004代-旋型转垫片/不含抗氧化剂/稳,乙类,201.74,
2277,C03420310703005,03-骨科材料,42-初次膝关节,03-垫片,107-人工关节,03-普通聚乙烯,005定-旋型转垫片/不含抗氧化剂/保,乙类,3538.72,
2278,C03420310703006,03-骨科材料,42-初次膝关节,03-垫片,107-人工关节,03-普通聚乙烯,006留-旋型转垫片/不含抗氧化剂/替,乙类,2685.78,
2279,C03420310703007,03-骨科材料,42-初次膝关节,03-垫片,107-人工关节,03-普通聚乙烯,007-固定垫片/含抗氧化剂/稳定,乙类,1924.52,
2280,C03420310703010,03-骨科材料,42-初次膝关节,03-垫片,107-人工关节,03-普通聚乙烯,010-固型定垫片/不含抗氧化剂/稳,乙类,2456.50,
2281,C03420310703011,03-骨科材料,42-初次膝关节,03-垫片,107-人工关节,03-普通聚乙烯,011定-固型定垫片/不含抗氧化剂/保,乙类,348.00,
2282,C03420310703012,03-骨科材料,42-初次膝关节,03-垫片,107-人工关节,03-普通聚乙烯,012留-固型定垫片/不含抗氧化剂/替,乙类,1017.74,
2283,C03420410701001,03-骨科材料,42-初次膝关节,04-髌骨假体,107-人工关节,01-高交联聚乙烯,001代-圆型形/骨水泥型,乙类,10085.35,
2284,C03420410701003,03-骨科材料,42-初次膝关节,04-髌骨假体,107-人工关节,01-高交联聚乙烯,003-椭圆形/骨水泥型,乙类,473.23,
2285,C03420410701005,03-骨科材料,42-初次膝关节,04-髌骨假体,107-人工关节,01-高交联聚乙烯,005-解剖型/骨水泥型,乙类,7787.45,
2286,C03420410701007,03-骨科材料,42-初次膝关节,04-髌骨假体,107-人工关节,01-高交联聚乙烯,007-内偏心型/骨水泥,乙类,2600.00,
2287,C03420410702001,03-骨科材料,42-初次膝关节,04-髌骨假体,107-人工关节,02-普通聚乙烯,001-型圆形/骨水泥型,乙类,1134.92,
2288,C03420410702002,03-骨科材料,42-初次膝关节,04-髌骨假体,107-人工关节,02-普通聚乙烯,002-圆形/生物型,乙类,2000.00,
2289,C03420410702003,03-骨科材料,42-初次膝关节,04-髌骨假体,107-人工关节,02-普通聚乙烯,003-椭圆形/骨水泥型,乙类,505.58,
2290,C03420410702005,03-骨科材料,42-初次膝关节,04-髌骨假体,107-人工关节,02-普通聚乙烯,005-解剖型/骨水泥型,乙类,2234.38,
2291,C03420410702007,03-骨科材料,42-初次膝关节,04-髌骨假体,107-人工关节,02-普通聚乙烯,007-内偏心型/骨水泥,乙类,2000.00,
2292,C03420410705001,03-骨科材料,42-初次膝关节,04-髌骨假体,107-人工关节,05-聚乙烯+钛合金,001-型圆形/骨水泥型,乙类,2824.91,
2293,C03420410705003,03-骨科材料,42-初次膝关节,04-髌骨假体,107-人工关节,05-聚乙烯+钛合金,003-椭圆形/骨水泥型,乙类,3300.00,
2294,C03420510701000,03-骨科材料,42-初次膝关节,05-髌股关节假体,107-人工关节,01-钴铬钼合金,000-常规,乙类,22091.53,
2295,C03420610701001,03-骨科材料,42-初次膝关节,06-单髁股骨假体,107-人工关节,01-钴铬钼合金,001-对称型/骨水泥型,乙类,12362.28,
2296,C03420610701003,03-骨科材料,42-初次膝关节,06-单髁股骨假体,107-人工关节,01-钴铬钼合金,003-非对称型/骨水泥,乙类,10893.93,
2297,C03420610701004,03-骨科材料,42-初次膝关节,06-单髁股骨假体,107-人工关节,01-钴铬钼合金,004-非型对称型/生物型,乙类,33690.00,
2298,C03420610702003,03-骨科材料,42-初次膝关节,06-单髁股骨假体,107-人工关节,02-锆铌合金,003-非对称型/骨水泥,乙类,26300.00,
2299,C03420710701001,03-骨科材料,42-初次膝关节,07-单髁胫骨假体,107-人工关节,01-钴铬钼合金,001-固型定平台/骨水泥,乙类,8206.31,
2300,C03420710701002,03-骨科材料,42-初次膝关节,07-单髁胫骨假体,107-人工关节,01-钴铬钼合金,002-固型定平台/生物型,乙类,3300.00,
2301,C03420710701003,03-骨科材料,42-初次膝关节,07-单髁胫骨假体,107-人工关节,01-钴铬钼合金,003-非固定平台/骨水泥型,乙类,6758.81,
2302,C03420710701004,03-骨科材料,42-初次膝关节,07-单髁胫骨假体,107-人工关节,01-钴铬钼合金,004-非固定平台/生物,乙类,12986.67,
2303,C03420710702001,03-骨科材料,42-初次膝关节,07-单髁胫骨假体,107-人工关节,02-钛合金,001-固型定平台/骨水泥,乙类,3300.00,
2304,C03420810701002,03-骨科材料,42-初次膝关节,08-单髁垫片,107-人工关节,01-交联聚乙烯,002-固型定平台/不含抗氧化剂,乙类,12204.24,
2305,C03420810701003,03-骨科材料,42-初次膝关节,08-单髁垫片,107-人工关节,01-交联聚乙烯,003-非固定平台/含抗氧化剂,乙类,6878.29,
2306,C03420810701004,03-骨科材料,42-初次膝关节,08-单髁垫片,107-人工关节,01-交联聚乙烯,004-非固定平台/不含抗氧化剂,乙类,4879.98,
2307,C03420810702002,03-骨科材料,42-初次膝关节,08-单髁垫片,107-人工关节,02-普通聚乙烯,002-固定平台/不含抗氧化剂,乙类,6377.60,
2308,C03420810702003,03-骨科材料,42-初次膝关节,08-单髁垫片,107-人工关节,02-普通聚乙烯,003-非固定平台/含抗氧化剂,乙类,5020.40,
2309,C03420810702004,03-骨科材料,42-初次膝关节,08-单髁垫片,107-人工关节,02-普通聚乙烯,004-非固定平台/不含抗氧化剂,乙类,5683.00,
2310,C03420910700001,03-骨科材料,42-初次膝关节,09-初次置换人工膝关节其他部件,107-人工关节,00-不区分,001-股骨远端固定销,乙类,1324.66,
2311,C03430110701001,03-骨科材料,43-翻修膝关节,01-胫骨平台,107-人工关节,01-钴铬钼合金,001-旋转平台/加厚型/铰链型,乙类,11897.69,
2312,C03430110701003,03-骨科材料,43-翻修膝关节,01-胫骨平台,107-人工关节,01-钴铬钼合金,003-旋转平台/普通型/铰链型,乙类,14007.88,
2313,C03430110701004,03-骨科材料,43-翻修膝关节,01-胫骨平台,107-人工关节,01-钴铬钼合金,004-旋转平台/普通型/非铰链型,乙类,7607.64,
2314,C03430110701005,03-骨科材料,43-翻修膝关节,01-胫骨平台,107-人工关节,01-钴铬钼合金,005-固定平台/加厚型/铰链型,乙类,10808.55,
2315,C03430110701006,03-骨科材料,43-翻修膝关节,01-胫骨平台,107-人工关节,01-钴铬钼合金,006-固定平台/加厚型/非铰链型,乙类,5580.93,
2316,C03430110701008,03-骨科材料,43-翻修膝关节,01-胫骨平台,107-人工关节,01-钴铬钼合金,008-固定平台/普通型/非铰链型,乙类,13582.57,
2317,C03430110702001,03-骨科材料,43-翻修膝关节,01-胫骨平台,107-人工关节,02-钛合金,001-旋转平台/加厚型/铰链型,乙类,14850.00,
2318,C03430110702003,03-骨科材料,43-翻修膝关节,01-胫骨平台,107-人工关节,02-钛合金,003-旋转平台/普通型/铰链型,乙类,1196.00,
2319,C03430110702005,03-骨科材料,43-翻修膝关节,01-胫骨平台,107-人工关节,02-钛合金,005-固定平台/加厚型/铰链型,乙类,1196.00,
2320,C03430110702008,03-骨科材料,43-翻修膝关节,01-胫骨平台,107-人工关节,02-钛合金,008-固定平台/普通型/非铰链型,乙类,20020.93,
2321,C03430210701003,03-骨科材料,43-翻修膝关节,02-垫片,107-人工关节,01-高交联聚乙烯,003-旋转垫片/加强型（中央金属针固定）/铰链型,乙类,1423.59,
2322,C03430210701004,03-骨科材料,43-翻修膝关节,02-垫片,107-人工关节,01-高交联聚乙烯,004-旋转垫片/加强型（中央金属针固定）/非铰链型,乙类,10734.40,
2323,C03430210701005,03-骨科材料,43-翻修膝关节,02-垫片,107-人工关节,01-高交联聚乙烯,005-固定垫片/普通型/铰链型,乙类,900.00,
2324,C03430210701006,03-骨科材料,43-翻修膝关节,02-垫片,107-人工关节,01-高交联聚乙烯,006-固定垫片/普通型/非铰链型,乙类,13981.31,
2325,C03430210701008,03-骨科材料,43-翻修膝关节,02-垫片,107-人工关节,01-高交联聚乙烯,008-固定垫片/加强型（中央金属针固定）/非铰链型,乙类,8529.00,
2326,C03430210702001,03-骨科材料,43-翻修膝关节,02-垫片,107-人工关节,02-普通聚乙烯,001-旋转垫片/普通型/铰链型,乙类,900.00,
2327,C03430210702002,03-骨科材料,43-翻修膝关节,02-垫片,107-人工关节,02-普通聚乙烯,002-旋转垫片/普通型/非铰链型,乙类,900.00,
2328,C03430210702003,03-骨科材料,43-翻修膝关节,02-垫片,107-人工关节,02-普通聚乙烯,003-旋转垫片/加强型（中央金属针固定）/铰链型,乙类,11377.78,
2329,C03430210702005,03-骨科材料,43-翻修膝关节,02-垫片,107-人工关节,02-普通聚乙烯,005-固定垫片/普通型/铰链型,乙类,900.00,
2330,C03430210702006,03-骨科材料,43-翻修膝关节,02-垫片,107-人工关节,02-普通聚乙烯,006-固定垫片/普通型/非铰链型,乙类,3129.21,
2331,C03430210702007,03-骨科材料,43-翻修膝关节,02-垫片,107-人工关节,02-普通聚乙烯,007-固定垫片/加强型（中央金属针固定）/铰链型,乙类,900.00,
2332,C03430210702008,03-骨科材料,43-翻修膝关节,02-垫片,107-人工关节,02-普通聚乙烯,008-固定垫片/加强型（中央金属针固定）/非铰链型,乙类,13178.21,
2333,C03430310701005,03-骨科材料,43-翻修膝关节,03-填充块,107-人工关节,01-钽金属,005-股骨侧/锥形/普通工艺,乙类,1035.78,
2334,C03430310701007,03-骨科材料,43-翻修膝关节,03-填充块,107-人工关节,01-钽金属,007-股骨侧/矩形/普通工艺,乙类,17716.00,
2335,C03430310701013,03-骨科材料,43-翻修膝关节,03-填充块,107-人工关节,01-钽金属,013-胫骨侧/锥形/普通工艺,乙类,15198.00,
2336,C03430310701015,03-骨科材料,43-翻修膝关节,03-填充块,107-人工关节,01-钽金属,015-胫骨侧/矩形/普通工艺,乙类,1800.00,
2337,C03430310702001,03-骨科材料,43-翻修膝关节,03-填充块,107-人工关节,02-钛合金,001-股骨侧/阶梯型/普通工艺,乙类,4797.07,
2338,C03430310702002,03-骨科材料,43-翻修膝关节,03-填充块,107-人工关节,02-钛合金,002-股骨侧/阶梯型/3D打印,乙类,10086.80,
2339,C03430310702003,03-骨科材料,43-翻修膝关节,03-填充块,107-人工关节,02-钛合金,003-股骨侧/楔型/普通工艺,乙类,3632.67,
2340,C03430310702004,03-骨科材料,43-翻修膝关节,03-填充块,107-人工关节,02-钛合金,004-股骨侧/楔型/3D打印,乙类,18186.00,
2341,C03430310702005,03-骨科材料,43-翻修膝关节,03-填充块,107-人工关节,02-钛合金,005-股骨侧/锥形/普通工艺,乙类,3639.28,
2342,C03430310702006,03-骨科材料,43-翻修膝关节,03-填充块,107-人工关节,02-钛合金,006-股骨侧/锥形/3D打印,乙类,25444.42,
2343,C03430310702007,03-骨科材料,43-翻修膝关节,03-填充块,107-人工关节,02-钛合金,007-股骨侧/矩形/普通工艺,乙类,3883.48,
2344,C03430310702008,03-骨科材料,43-翻修膝关节,03-填充块,107-人工关节,02-钛合金,008-股骨侧/矩形/3D打印,乙类,14635.08,
2345,C03430310702009,03-骨科材料,43-翻修膝关节,03-填充块,107-人工关节,02-钛合金,009-胫骨侧/阶梯型/普通工艺,乙类,8336.23,
2346,C03430310702010,03-骨科材料,43-翻修膝关节,03-填充块,107-人工关节,02-钛合金,010-胫骨侧/阶梯型/3D打印,乙类,1800.00,
2347,C03430310702011,03-骨科材料,43-翻修膝关节,03-填充块,107-人工关节,02-钛合金,011-胫骨侧/楔型/普通工艺,乙类,2401.59,
2348,C03430310702012,03-骨科材料,43-翻修膝关节,03-填充块,107-人工关节,02-钛合金,012-胫骨侧/楔型/3D打印,乙类,10913.38,
2349,C03430310702013,03-骨科材料,43-翻修膝关节,03-填充块,107-人工关节,02-钛合金,013-胫骨侧/锥形/普通工艺,乙类,1800.00,
2350,C03430310702014,03-骨科材料,43-翻修膝关节,03-填充块,107-人工关节,02-钛合金,014-胫骨侧/锥形/3D打印,乙类,32541.40,
2351,C03430310702015,03-骨科材料,43-翻修膝关节,03-填充块,107-人工关节,02-钛合金,015-胫骨侧/矩形/普通工艺,乙类,9135.11,
2352,C03430310702016,03-骨科材料,43-翻修膝关节,03-填充块,107-人工关节,02-钛合金,016-胫骨侧/矩形/3D打印,乙类,15554.90,
2353,C03430310703001,03-骨科材料,43-翻修膝关节,03-填充块,107-人工关节,03-钴铬钼合金,001-股骨侧/阶梯型/普通工艺,乙类,17345.87,
2354,C03430310703003,03-骨科材料,43-翻修膝关节,03-填充块,107-人工关节,03-钴铬钼合金,003-股骨侧/楔型/普通工艺,乙类,8251.99,
2355,C03430310703007,03-骨科材料,43-翻修膝关节,03-填充块,107-人工关节,03-钴铬钼合金,007-股骨侧/矩形/普通工艺,乙类,12680.70,
2356,C03430310703009,03-骨科材料,43-翻修膝关节,03-填充块,107-人工关节,03-钴铬钼合金,009-胫骨侧/阶梯型/普通工艺,乙类,10650.00,
2357,C03430310703013,03-骨科材料,43-翻修膝关节,03-填充块,107-人工关节,03-钴铬钼合金,013-胫骨侧/锥形/普通工艺,乙类,1800.00,
2358,C03430310703015,03-骨科材料,43-翻修膝关节,03-填充块,107-人工关节,03-钴铬钼合金,015-胫骨侧/矩形/普通工艺,乙类,1800.00,
2359,C03430410701001,03-骨科材料,43-翻修膝关节,04-延长杆,107-人工关节,01-钛合金,001-通用型/骨水泥型/音叉型,乙类,5044.66,
2360,C03430410701002,03-骨科材料,43-翻修膝关节,04-延长杆,107-人工关节,01-钛合金,002-通用型/骨水泥型/实体型,乙类,4730.11,
2361,C03430410701003,03-骨科材料,43-翻修膝关节,04-延长杆,107-人工关节,01-钛合金,003-通用型/生物型/音叉型,乙类,9492.27,
2362,C03430410701004,03-骨科材料,43-翻修膝关节,04-延长杆,107-人工关节,01-钛合金,004-通用型/生物型/实体型,乙类,11936.01,
2363,C03430410701005,03-骨科材料,43-翻修膝关节,04-延长杆,107-人工关节,01-钛合金,005-通用型/其他/音叉,乙类,1000.00,
2364,C03430410701006,03-骨科材料,43-翻修膝关节,04-延长杆,107-人工关节,01-钛合金,006-通型用型/其他/实体,乙类,15000.00,
2365,C03430410701007,03-骨科材料,43-翻修膝关节,04-延长杆,107-人工关节,01-钛合金,007-股型骨侧型/骨水泥型/音叉型,乙类,18849.00,
2366,C03430410701008,03-骨科材料,43-翻修膝关节,04-延长杆,107-人工关节,01-钛合金,008-股骨侧型/骨水泥型/实体型,乙类,8668.81,
2367,C03430410701012,03-骨科材料,43-翻修膝关节,04-延长杆,107-人工关节,01-钛合金,012-股骨侧型/其他/实体型,乙类,1364.72,
2368,C03430410701013,03-骨科材料,43-翻修膝关节,04-延长杆,107-人工关节,01-钛合金,013-胫骨侧型/骨水泥型/音叉型,乙类,18849.00,
2369,C03430410701014,03-骨科材料,43-翻修膝关节,04-延长杆,107-人工关节,01-钛合金,014-胫骨侧型/骨水泥型/实体型,乙类,12163.75,
2370,C03430410701016,03-骨科材料,43-翻修膝关节,04-延长杆,107-人工关节,01-钛合金,016-胫骨侧型/生物型/实体型,乙类,1000.00,
2371,C03430410702002,03-骨科材料,43-翻修膝关节,04-延长杆,107-人工关节,02-钴铬钼合金,002-通用型/骨水泥型/实体型,乙类,7720.00,
2372,C03430410702008,03-骨科材料,43-翻修膝关节,04-延长杆,107-人工关节,02-钴铬钼合金,008-股骨侧型/骨水泥型/实体型,乙类,7325.28,
2373,C03430410702010,03-骨科材料,43-翻修膝关节,04-延长杆,107-人工关节,02-钴铬钼合金,010-股骨侧型/生物型/实体型,乙类,6500.00,
2374,C03430510701005,03-骨科材料,43-翻修膝关节,05-股骨髁,107-人工关节,01-锆铌合金,005-非铰链型/多半径,乙类,2900.00,
2375,C03430510702001,03-骨科材料,43-翻修膝关节,05-股骨髁,107-人工关节,02-钴铬钼合金,001-铰链型/渐变半径,乙类,979.81,
2376,C03430510702002,03-骨科材料,43-翻修膝关节,05-股骨髁,107-人工关节,02-钴铬钼合金,002-铰链型/多半径,乙类,6341.08,
2377,C03430510702003,03-骨科材料,43-翻修膝关节,05-股骨髁,107-人工关节,02-钴铬钼合金,003-铰链型/单半径,乙类,2900.00,
2378,C03430510702004,03-骨科材料,43-翻修膝关节,05-股骨髁,107-人工关节,02-钴铬钼合金,004-非铰链型/渐变半,乙类,16075.39,
2379,C03430510702005,03-骨科材料,43-翻修膝关节,05-股骨髁,107-人工关节,02-钴铬钼合金,005-非径铰链型/多半径,乙类,7420.10,
2380,C03430510702006,03-骨科材料,43-翻修膝关节,05-股骨髁,107-人工关节,02-钴铬钼合金,006-非铰链型/单半径,乙类,14156.61,
2381,C03430610701001,03-骨科材料,43-翻修膝关节,06-翻修袖套,107-人工关节,01-钛合金,001-生物型/全涂层/普通工艺,乙类,18790.00,
2382,C03430610701003,03-骨科材料,43-翻修膝关节,06-翻修袖套,107-人工关节,01-钛合金,003-生物型/半涂层/普通工艺,乙类,20430.09,
2383,C03430610701005,03-骨科材料,43-翻修膝关节,06-翻修袖套,107-人工关节,01-钛合金,005-骨水泥型/全涂层/普通工艺,乙类,3300.00,
2384,C03430610702005,03-骨科材料,43-翻修膝关节,06-翻修袖套,107-人工关节,02-钴铬钼合金,005-骨水泥型/全涂层/普通工艺,乙类,3300.00,
2385,C03430710701001,03-骨科材料,43-翻修膝关节,07-连接件,107-人工关节,01-钛合金,001-股骨侧/可调偏心,乙类,500.00,
2386,C03430710701002,03-骨科材料,43-翻修膝关节,07-连接件,107-人工关节,01-钛合金,002-股骨侧/不可调偏,乙类,500.00,
2387,C03430710701004,03-骨科材料,43-翻修膝关节,07-连接件,107-人工关节,01-钛合金,004-胫骨侧/不可调偏,乙类,1893.95,
2388,C03430710701005,03-骨科材料,43-翻修膝关节,07-连接件,107-人工关节,01-钛合金,005-通用型/可调偏心,乙类,2016.44,
2389,C03430710702001,03-骨科材料,43-翻修膝关节,07-连接件,107-人工关节,02-钴铬钼合金,001-股骨侧/可调偏心,乙类,5806.15,
2390,C03430710702005,03-骨科材料,43-翻修膝关节,07-连接件,107-人工关节,02-钴铬钼合金,005-通用型/可调偏心,乙类,500.00,
2391,C03430710702006,03-骨科材料,43-翻修膝关节,07-连接件,107-人工关节,02-钴铬钼合金,006-通用型/不可调偏,乙类,12580.00,
2392,C03430810700001,03-骨科材料,43-翻修膝关节,08-连接螺栓,107-人工关节,00-不区分,001-可调偏心,乙类,200.00,
2393,C03430810700002,03-骨科材料,43-翻修膝关节,08-连接螺栓,107-人工关节,00-不区分,002-不可调偏心,乙类,2708.69,
2394,C03430910701001,03-骨科材料,43-翻修膝关节,09-股骨袖套接口,107-人工关节,01-钛合金,001-可调偏心/锥度锁定型,乙类,1000.00,
2395,C03430910701002,03-骨科材料,43-翻修膝关节,09-股骨袖套接口,107-人工关节,01-钛合金,002-可调偏心/骨水泥,乙类,1000.00,
2396,C03430910701003,03-骨科材料,43-翻修膝关节,09-股骨袖套接口,107-人工关节,01-钛合金,003-不型可调偏心/锥度锁定型,乙类,1000.00,
2397,C03430910701004,03-骨科材料,43-翻修膝关节,09-股骨袖套接口,107-人工关节,01-钛合金,004-不可调偏心/骨水泥型,乙类,17460.00,
2398,C03430910702001,03-骨科材料,43-翻修膝关节,09-股骨袖套接口,107-人工关节,02-钴铬钼合金,001-可调偏心/锥度锁定型,乙类,8003.82,
2399,C03431010700001,03-骨科材料,43-翻修膝关节,10-翻修置换人工膝关节其他部件,107-人工关节,00-不区分,001-防旋转翼,乙类,3174.96,
2400,C03440110701001,03-骨科材料,44-初次髋关节,01-组配式股骨柄,107-人工关节,01-钴铬合金,001-股骨柄/单喷涂层/近端,乙类,4104.10,
2401,C03440110701005,03-骨科材料,44-初次髋关节,01-组配式股骨柄,107-人工关节,01-钴铬合金,005-股骨柄/无涂层/近,乙类,3300.00,
2402,C03440110701006,03-骨科材料,44-初次髋关节,01-组配式股骨柄,107-人工关节,01-钴铬合金,006-股端骨柄/无涂层/远,乙类,3300.00,
2403,C03440110702001,03-骨科材料,44-初次髋关节,01-组配式股骨柄,107-人工关节,02-钛合金,001-股端骨柄/单喷涂层/近端,乙类,466.00,
2404,C03440110702002,03-骨科材料,44-初次髋关节,01-组配式股骨柄,107-人工关节,02-钛合金,002-股骨柄/单喷涂层/远端,乙类,17945.74,
2405,C03440110702003,03-骨科材料,44-初次髋关节,01-组配式股骨柄,107-人工关节,02-钛合金,003-股骨柄/双喷涂层/近端,乙类,8190.98,
2406,C03440110702004,03-骨科材料,44-初次髋关节,01-组配式股骨柄,107-人工关节,02-钛合金,004-股骨柄/双喷涂层/远端,乙类,8745.17,
2407,C03440110702005,03-骨科材料,44-初次髋关节,01-组配式股骨柄,107-人工关节,02-钛合金,005-股骨柄/无涂层/近,乙类,3300.00,
2408,C03440110702009,03-骨科材料,44-初次髋关节,01-组配式股骨柄,107-人工关节,02-钛合金,009-端袖套/双喷涂层/,乙类,23450.00,
2409,C03440110703004,03-骨科材料,44-初次髋关节,01-组配式股骨柄,107-人工关节,03-不锈钢,004近-股端骨柄/双喷涂层/远端,乙类,3300.00,
2410,C03440210701001,03-骨科材料,44-初次髋关节,02-一体式股骨柄,107-人工关节,01-钴铬合金,001-有领型/单喷涂层/骨水泥型,乙类,2619.70,
2411,C03440210701002,03-骨科材料,44-初次髋关节,02-一体式股骨柄,107-人工关节,01-钴铬合金,002-有领型/单喷涂层/生物型,乙类,6224.98,
2412,C03440210701005,03-骨科材料,44-初次髋关节,02-一体式股骨柄,107-人工关节,01-钴铬合金,005-有领型/无涂层/骨水泥型,乙类,2465.71,
2413,C03440210701007,03-骨科材料,44-初次髋关节,02-一体式股骨柄,107-人工关节,01-钴铬合金,007-无领型/单喷涂层/骨水泥型,乙类,1887.00,
2414,C03440210701008,03-骨科材料,44-初次髋关节,02-一体式股骨柄,107-人工关节,01-钴铬合金,008-无领型/单喷涂层/生物型,乙类,1675.48,
2415,C03440210701009,03-骨科材料,44-初次髋关节,02-一体式股骨柄,107-人工关节,01-钴铬合金,009-无领型/双喷涂层/骨水泥型,乙类,3682.40,
2416,C03440210701010,03-骨科材料,44-初次髋关节,02-一体式股骨柄,107-人工关节,01-钴铬合金,010-无领型/双喷涂层/生物型,乙类,3300.00,
2417,C03440210701011,03-骨科材料,44-初次髋关节,02-一体式股骨柄,107-人工关节,01-钴铬合金,011-无领型/无涂层/骨水泥型,乙类,7568.07,
2418,C03440210702001,03-骨科材料,44-初次髋关节,02-一体式股骨柄,107-人工关节,02-钛合金,001-有领型/单喷涂层/骨水泥型,乙类,3300.00,
2419,C03440210702002,03-骨科材料,44-初次髋关节,02-一体式股骨柄,107-人工关节,02-钛合金,002-有领型/单喷涂层/生物型,乙类,12021.70,
2420,C03440210702004,03-骨科材料,44-初次髋关节,02-一体式股骨柄,107-人工关节,02-钛合金,004-有领型/双喷涂层/生物型,乙类,1592.74,
2421,C03440210702005,03-骨科材料,44-初次髋关节,02-一体式股骨柄,107-人工关节,02-钛合金,005-有领型/无涂层/骨水泥型,乙类,3300.00,
2422,C03440210702008,03-骨科材料,44-初次髋关节,02-一体式股骨柄,107-人工关节,02-钛合金,008-无领型/单喷涂层/生物型,乙类,3254.82,
2423,C03440210702010,03-骨科材料,44-初次髋关节,02-一体式股骨柄,107-人工关节,02-钛合金,010-无领型/双喷涂层/生物型,乙类,2083.29,
2424,C03440210702012,03-骨科材料,44-初次髋关节,02-一体式股骨柄,107-人工关节,02-钛合金,012-无领型/无涂层/生物型,乙类,6673.31,
2425,C03440210703007,03-骨科材料,44-初次髋关节,02-一体式股骨柄,107-人工关节,03-不锈钢,007-无领型/单喷涂层/骨水泥型,乙类,3924.33,
2426,C03440210703008,03-骨科材料,44-初次髋关节,02-一体式股骨柄,107-人工关节,03-不锈钢,008-无领型/单喷涂层/生物型,乙类,3300.00,
2427,C03440210703011,03-骨科材料,44-初次髋关节,02-一体式股骨柄,107-人工关节,03-不锈钢,011-无领型/无涂层/骨水泥型,乙类,7687.93,
2428,C03440210706008,03-骨科材料,44-初次髋关节,02-一体式股骨柄,107-人工关节,06-钽金属,008-无领型/单喷涂层/生物型,乙类,870.91,
2429,C03440310701001,03-骨科材料,44-初次髋关节,03-金属髋臼杯,107-人工关节,01-钛合金,001-涂层/通用型/三,乙类,956.59,
2430,C03440310701002,03-骨科材料,44-初次髋关节,03-金属髋臼杯,107-人工关节,01-钛合金,002-孔涂层/通用型/无,乙类,492.02,
2431,C03440310701003,03-骨科材料,44-初次髋关节,03-金属髋臼杯,107-人工关节,01-钛合金,003-孔涂层/通用型/多,乙类,1888.85,
2432,C03440310701004,03-骨科材料,44-初次髋关节,03-金属髋臼杯,107-人工关节,01-钛合金,004-孔涂层/专用型/三,乙类,4628.87,
2433,C03440310701005,03-骨科材料,44-初次髋关节,03-金属髋臼杯,107-人工关节,01-钛合金,005-孔涂层/专用型/无,乙类,2022.82,
2434,C03440310701006,03-骨科材料,44-初次髋关节,03-金属髋臼杯,107-人工关节,01-钛合金,006-孔涂层/专用型/多,乙类,643.18,
2435,C03440310701007,03-骨科材料,44-初次髋关节,03-金属髋臼杯,107-人工关节,01-钛合金,007-无孔涂层/通用型/三,乙类,1655.65,
2436,C03440310701008,03-骨科材料,44-初次髋关节,03-金属髋臼杯,107-人工关节,01-钛合金,008-无孔涂层/通用型/无,乙类,652.84,
2437,C03440310701009,03-骨科材料,44-初次髋关节,03-金属髋臼杯,107-人工关节,01-钛合金,009-无孔涂层/通用型/多,乙类,8553.33,
2438,C03440310701010,03-骨科材料,44-初次髋关节,03-金属髋臼杯,107-人工关节,01-钛合金,010-无孔涂层/专用型/三,乙类,3466.75,
2439,C03440310701011,03-骨科材料,44-初次髋关节,03-金属髋臼杯,107-人工关节,01-钛合金,011-无孔涂层/专用型/无,乙类,1052.96,
2440,C03440310701013,03-骨科材料,44-初次髋关节,03-金属髋臼杯,107-人工关节,01-钛合金,013-3孔D打印/通用型/三,乙类,1217.24,
2441,C03440310701015,03-骨科材料,44-初次髋关节,03-金属髋臼杯,107-人工关节,01-钛合金,015-3孔D打印/通用型/多,乙类,1663.47,
2442,C03440310701016,03-骨科材料,44-初次髋关节,03-金属髋臼杯,107-人工关节,01-钛合金,016-3孔D打印/专用型/三,乙类,3800.00,
2443,C03440310702001,03-骨科材料,44-初次髋关节,03-金属髋臼杯,107-人工关节,02-纯钛,001-孔涂层/通用型/三,乙类,3800.00,
2444,C03440310702002,03-骨科材料,44-初次髋关节,03-金属髋臼杯,107-人工关节,02-纯钛,002-孔涂层/通用型/无,乙类,587.50,
2445,C03440310702003,03-骨科材料,44-初次髋关节,03-金属髋臼杯,107-人工关节,02-纯钛,003-孔涂层/通用型/多,乙类,2527.78,
2446,C03440310702004,03-骨科材料,44-初次髋关节,03-金属髋臼杯,107-人工关节,02-纯钛,004-孔涂层/专用型/三,乙类,3458.92,
2447,C03440310702006,03-骨科材料,44-初次髋关节,03-金属髋臼杯,107-人工关节,02-纯钛,006-孔涂层/专用型/多,乙类,3800.00,
2448,C03440310702009,03-骨科材料,44-初次髋关节,03-金属髋臼杯,107-人工关节,02-纯钛,009-无涂层/通用型/多,乙类,701.76,
2449,C03440310703001,03-骨科材料,44-初次髋关节,03-金属髋臼杯,107-人工关节,03-钽金属,001-孔涂层/通用型/三,乙类,18912.50,
2450,C03440310704002,03-骨科材料,44-初次髋关节,03-金属髋臼杯,107-人工关节,04-钴铬钼合金及其他,002-孔涂层/通用型/无,乙类,1000.00,
2451,C03440310704003,03-骨科材料,44-初次髋关节,03-金属髋臼杯,107-人工关节,04-钴铬钼合金及其他,003-孔涂层/通用型/多,乙类,3800.00,
2452,C03440310704004,03-骨科材料,44-初次髋关节,03-金属髋臼杯,107-人工关节,04-钴铬钼合金及其他,004-孔涂层/专用型/三,乙类,393.20,
2453,C03440310704005,03-骨科材料,44-初次髋关节,03-金属髋臼杯,107-人工关节,04-钴铬钼合金及其他,005-孔涂层/专用型/无,乙类,642.75,
2454,C03440310704008,03-骨科材料,44-初次髋关节,03-金属髋臼杯,107-人工关节,04-钴铬钼合金及其他,008-无孔涂层/通用型/无,乙类,13188.24,
2455,C03440310704009,03-骨科材料,44-初次髋关节,03-金属髋臼杯,107-人工关节,04-钴铬钼合金及其他,009-无孔涂层/通用型/多,乙类,3802.50,
2456,C03440310704011,03-骨科材料,44-初次髋关节,03-金属髋臼杯,107-人工关节,04-钴铬钼合金及其他,011-无孔涂层/专用型/无,乙类,4611.29,
2457,C03440410701002,03-骨科材料,44-初次髋关节,04-非金属髋臼杯,107-人工关节,01-高交联聚乙烯,002-不孔含抗氧化剂,乙类,3656.00,
2458,C03440410702002,03-骨科材料,44-初次髋关节,04-非金属髋臼杯,107-人工关节,02-中交联聚乙烯,002-不含抗氧化剂,乙类,3656.00,
2459,C03440410703001,03-骨科材料,44-初次髋关节,04-非金属髋臼杯,107-人工关节,03-超高分子量聚乙烯,001-含抗氧化剂,乙类,3656.00,
2460,C03440410703002,03-骨科材料,44-初次髋关节,04-非金属髋臼杯,107-人工关节,03-超高分子量聚乙烯,002-不含抗氧化剂,乙类,9305.04,
2461,C03440510701000,03-骨科材料,44-初次髋关节,05-股骨头,107-人工关节,01-不锈钢,000-常规,乙类,3563.08,
2462,C03440510702000,03-骨科材料,44-初次髋关节,05-股骨头,107-人工关节,02-钴铬钼合金,000-常规,乙类,2123.97,
2463,C03440510703000,03-骨科材料,44-初次髋关节,05-股骨头,107-人工关节,03-锆铌合金,000-常规,乙类,7725.00,
2464,C03440510704000,03-骨科材料,44-初次髋关节,05-股骨头,107-人工关节,04-三代陶瓷,000-常规,乙类,4096.65,
2465,C03440510705000,03-骨科材料,44-初次髋关节,05-股骨头,107-人工关节,05-四代陶瓷,000-常规,乙类,1469.09,
2466,C03440510706000,03-骨科材料,44-初次髋关节,05-股骨头,107-人工关节,06-复合材质,000-常规,乙类,2900.00,
2467,C03440610702001,03-骨科材料,44-初次髋关节,06-髋臼内衬,107-人工关节,02-高交联聚乙烯,001-锥度锁定及其他/普通型,乙类,1411.70,
2468,C03440610702002,03-骨科材料,44-初次髋关节,06-髋臼内衬,107-人工关节,02-高交联聚乙烯,002-锥度锁定及其他/偏心型,乙类,1350.40,
2469,C03440610702003,03-骨科材料,44-初次髋关节,06-髋臼内衬,107-人工关节,02-高交联聚乙烯,003-锥度锁定及其他/限制型,乙类,804.81,
2470,C03440610702004,03-骨科材料,44-初次髋关节,06-髋臼内衬,107-人工关节,02-高交联聚乙烯,004-卡环锁定/普通型,乙类,1631.61,
2471,C03440610702005,03-骨科材料,44-初次髋关节,06-髋臼内衬,107-人工关节,02-高交联聚乙烯,005-卡环锁定/偏心型,乙类,3660.50,
2472,C03440610702006,03-骨科材料,44-初次髋关节,06-髋臼内衬,107-人工关节,02-高交联聚乙烯,006-卡环锁定/限制型,乙类,3932.99,
2473,C03440610703001,03-骨科材料,44-初次髋关节,06-髋臼内衬,107-人工关节,03-抗氧化聚乙烯,001-锥度锁定及其他/普通型,乙类,1137.00,
2474,C03440610703002,03-骨科材料,44-初次髋关节,06-髋臼内衬,107-人工关节,03-抗氧化聚乙烯,002-锥度锁定及其他/偏心型,乙类,4143.79,
2475,C03440610703003,03-骨科材料,44-初次髋关节,06-髋臼内衬,107-人工关节,03-抗氧化聚乙烯,003-锥度锁定及其他/限制型,乙类,1000.00,
2476,C03440610703004,03-骨科材料,44-初次髋关节,06-髋臼内衬,107-人工关节,03-抗氧化聚乙烯,004-卡环锁定/普通型,乙类,1000.00,
2477,C03440610704001,03-骨科材料,44-初次髋关节,06-髋臼内衬,107-人工关节,04-普通聚乙烯,001-锥度锁定及其他/普通型,乙类,857.86,
2478,C03440610704002,03-骨科材料,44-初次髋关节,06-髋臼内衬,107-人工关节,04-普通聚乙烯,002-锥度锁定及其他/偏心型,乙类,2040.08,
2479,C03440610704003,03-骨科材料,44-初次髋关节,06-髋臼内衬,107-人工关节,04-普通聚乙烯,003-锥度锁定及其他/限制型,乙类,2888.33,
2480,C03440610704004,03-骨科材料,44-初次髋关节,06-髋臼内衬,107-人工关节,04-普通聚乙烯,004-卡环锁定/普通型,乙类,3783.75,
2481,C03440610704005,03-骨科材料,44-初次髋关节,06-髋臼内衬,107-人工关节,04-普通聚乙烯,005-卡环锁定/偏心型,乙类,1561.86,
2482,C03440610704006,03-骨科材料,44-初次髋关节,06-髋臼内衬,107-人工关节,04-普通聚乙烯,006-卡环锁定/限制型,乙类,1898.82,
2483,C03440610706001,03-骨科材料,44-初次髋关节,06-髋臼内衬,107-人工关节,06-四代陶瓷,001-锥度锁定及其他/普通型,乙类,1819.40,
2484,C03440610706002,03-骨科材料,44-初次髋关节,06-髋臼内衬,107-人工关节,06-四代陶瓷,002-锥度锁定及其他/偏心型,乙类,1494.77,
2485,C03440610706003,03-骨科材料,44-初次髋关节,06-髋臼内衬,107-人工关节,06-四代陶瓷,003-锥度锁定及其他/限制型,乙类,1475.44,
2486,C03440610706004,03-骨科材料,44-初次髋关节,06-髋臼内衬,107-人工关节,06-四代陶瓷,004-卡环锁定/普通型,乙类,8100.00,
2487,C03440610706005,03-骨科材料,44-初次髋关节,06-髋臼内衬,107-人工关节,06-四代陶瓷,005-卡环锁定/偏心型,乙类,2019.00,
2488,C03440610706006,03-骨科材料,44-初次髋关节,06-髋臼内衬,107-人工关节,06-四代陶瓷,006-卡环锁定/限制型,乙类,14797.50,
2489,C03440810700001,03-骨科材料,44-初次髋关节,08-髋臼螺钉,107-人工关节,00-不区分,001-灭菌,乙类,456.55,
2490,C03440810700002,03-骨科材料,44-初次髋关节,08-髋臼螺钉,107-人工关节,00-不区分,002-非灭菌,乙类,467.66,
2491,C03440910700001,03-骨科材料,44-初次髋关节,09-初次置换人工髋关节其他部件,107-人工关节,00-不区分,001-锥度转换套筒,乙类,1825.00,
2492,C03450110702001,03-骨科材料,45-翻修髋关节,01-组配式股骨柄,107-人工关节,02-钛合金,001-近端/普通型/单喷涂层,乙类,12994.89,
2493,C03450110702002,03-骨科材料,45-翻修髋关节,01-组配式股骨柄,107-人工关节,02-钛合金,002-近端/普通型/双喷涂层,乙类,3300.00,
2494,C03450110702003,03-骨科材料,45-翻修髋关节,01-组配式股骨柄,107-人工关节,02-钛合金,003-近端/替代型/单喷涂层,乙类,21756.19,
2495,C03450110702004,03-骨科材料,45-翻修髋关节,01-组配式股骨柄,107-人工关节,02-钛合金,004-近端/替代型/双喷涂层,乙类,19199.80,
2496,C03450110702005,03-骨科材料,45-翻修髋关节,01-组配式股骨柄,107-人工关节,02-钛合金,005-近端/锥型/单喷,乙类,14220.32,
2497,C03450110702006,03-骨科材料,45-翻修髋关节,01-组配式股骨柄,107-人工关节,02-钛合金,006涂-近层端/锥型/双喷,乙类,8.54,
2498,C03450110702007,03-骨科材料,45-翻修髋关节,01-组配式股骨柄,107-人工关节,02-钛合金,007涂-近层端/柱型/单喷,乙类,3300.00,
2499,C03450110702008,03-骨科材料,45-翻修髋关节,01-组配式股骨柄,107-人工关节,02-钛合金,008涂-近层端/柱型/双喷,乙类,27144.88,
2500,C03450110702009,03-骨科材料,45-翻修髋关节,01-组配式股骨柄,107-人工关节,02-钛合金,009涂-远层端/普通型/单喷涂层,乙类,20170.59,
2501,C03450110702011,03-骨科材料,45-翻修髋关节,01-组配式股骨柄,107-人工关节,02-钛合金,011-远端/替代型/单喷涂层,乙类,3300.00,
2502,C03450110702012,03-骨科材料,45-翻修髋关节,01-组配式股骨柄,107-人工关节,02-钛合金,012-远端/替代型/双喷涂层,乙类,20409.68,
2503,C03450110702013,03-骨科材料,45-翻修髋关节,01-组配式股骨柄,107-人工关节,02-钛合金,013-远端/锥型/单喷,乙类,17010.85,
2504,C03450110702015,03-骨科材料,45-翻修髋关节,01-组配式股骨柄,107-人工关节,02-钛合金,015-远端/柱型/单喷,乙类,9766.67,
2505,C03450110702016,03-骨科材料,45-翻修髋关节,01-组配式股骨柄,107-人工关节,02-钛合金,016涂-远层端/柱型/双喷,乙类,3300.00,
2506,C03450110702017,03-骨科材料,45-翻修髋关节,01-组配式股骨柄,107-人工关节,02-钛合金,017涂-螺层栓/普通型/单喷涂层,乙类,1000.00,
2507,C03450110702023,03-骨科材料,45-翻修髋关节,01-组配式股骨柄,107-人工关节,02-钛合金,023-螺栓/柱型/单喷,乙类,864.00,
2508,C03450110706001,03-骨科材料,45-翻修髋关节,01-组配式股骨柄,107-人工关节,06-钽金属,001涂-近层端/普通型/单喷涂层,乙类,3300.00,
2509,C03450110706003,03-骨科材料,45-翻修髋关节,01-组配式股骨柄,107-人工关节,06-钽金属,003-近端/替代型/单喷涂层,乙类,8988.50,
2510,C03450210701001,03-骨科材料,45-翻修髋关节,02-一体式股骨柄,107-人工关节,01-钴铬合金,001-有领型/骨水泥型,乙类,14954.50,
2511,C03450210701002,03-骨科材料,45-翻修髋关节,02-一体式股骨柄,107-人工关节,01-钴铬合金,002-有领型/生物型,乙类,14405.48,
2512,C03450210701003,03-骨科材料,45-翻修髋关节,02-一体式股骨柄,107-人工关节,01-钴铬合金,003-无领型/骨水泥型,乙类,10525.16,
2513,C03450210701004,03-骨科材料,45-翻修髋关节,02-一体式股骨柄,107-人工关节,01-钴铬合金,004-无领型/生物型,乙类,18000.00,
2514,C03450210702001,03-骨科材料,45-翻修髋关节,02-一体式股骨柄,107-人工关节,02-钛合金,001-有领型/骨水泥型,乙类,1350.00,
2515,C03450210702002,03-骨科材料,45-翻修髋关节,02-一体式股骨柄,107-人工关节,02-钛合金,002-有领型/生物型,乙类,21125.96,
2516,C03450210702004,03-骨科材料,45-翻修髋关节,02-一体式股骨柄,107-人工关节,02-钛合金,004-无领型/生物型,乙类,10711.53,
2517,C03450210703003,03-骨科材料,45-翻修髋关节,02-一体式股骨柄,107-人工关节,03-不锈钢,003-无领型/骨水泥型,乙类,101.00,
2518,C03450210706004,03-骨科材料,45-翻修髋关节,02-一体式股骨柄,107-人工关节,06-钽金属,004-无领型/生物型,乙类,1626.67,
2519,C03450310702000,03-骨科材料,45-翻修髋关节,03-股骨头,107-人工关节,02-钴铬钼合金,000-常规,乙类,4193.81,
2520,C03450310705000,03-骨科材料,45-翻修髋关节,03-股骨头,107-人工关节,05-四代陶瓷,000-常规,乙类,6036.91,
2521,C03450410701000,03-骨科材料,45-翻修髋关节,04-髋臼网架,107-人工关节,01-钛合金,000-常规,乙类,1773.75,
2522,C03450410702000,03-骨科材料,45-翻修髋关节,04-髋臼网架,107-人工关节,02-钴铬钼合金,000-常规,乙类,1000.00,
2523,C03450410703000,03-骨科材料,45-翻修髋关节,04-髋臼网架,107-人工关节,03-纯钛,000-常规,乙类,1000.00,
2524,C03450510701001,03-骨科材料,45-翻修髋关节,05-金属髋臼杯,107-人工关节,01-钛合金,001-涂层/通用型/三,乙类,9100.35,
2525,C03450510701002,03-骨科材料,45-翻修髋关节,05-金属髋臼杯,107-人工关节,01-钛合金,002-孔涂层/通用型/无,乙类,13000.00,
2526,C03450510701003,03-骨科材料,45-翻修髋关节,05-金属髋臼杯,107-人工关节,01-钛合金,003-涂层/通用型/多,乙类,17476.08,
2527,C03450510701004,03-骨科材料,45-翻修髋关节,05-金属髋臼杯,107-人工关节,01-钛合金,004-孔涂层/专用型/三,乙类,5449.36,
2528,C03450510701005,03-骨科材料,45-翻修髋关节,05-金属髋臼杯,107-人工关节,01-钛合金,005-孔涂层/专用型/无,乙类,11124.00,
2529,C03450510701006,03-骨科材料,45-翻修髋关节,05-金属髋臼杯,107-人工关节,01-钛合金,006-孔涂层/专用型/多,乙类,1922.16,
2530,C03450510701008,03-骨科材料,45-翻修髋关节,05-金属髋臼杯,107-人工关节,01-钛合金,008-无孔涂层/通用型/无,乙类,1088.00,
2531,C03450510701009,03-骨科材料,45-翻修髋关节,05-金属髋臼杯,107-人工关节,01-钛合金,009-无孔涂层/通用型/多,乙类,1000.00,
2532,C03450510701011,03-骨科材料,45-翻修髋关节,05-金属髋臼杯,107-人工关节,01-钛合金,011-无孔涂层/专用型/无,乙类,1088.00,
2533,C03450510701012,03-骨科材料,45-翻修髋关节,05-金属髋臼杯,107-人工关节,01-钛合金,012-无孔涂层/专用型/多,乙类,12950.00,
2534,C03450510701013,03-骨科材料,45-翻修髋关节,05-金属髋臼杯,107-人工关节,01-钛合金,013-3孔D打印/通用型/三,乙类,5814.65,
2535,C03450510701014,03-骨科材料,45-翻修髋关节,05-金属髋臼杯,107-人工关节,01-钛合金,014-3孔D打印/通用型/无,乙类,5887.50,
2536,C03450510701015,03-骨科材料,45-翻修髋关节,05-金属髋臼杯,107-人工关节,01-钛合金,015-3孔D打印/通用型/多,乙类,18639.81,
2537,C03450510701016,03-骨科材料,45-翻修髋关节,05-金属髋臼杯,107-人工关节,01-钛合金,016-3孔D打印/专用型/三,乙类,1088.00,
2538,C03450510701018,03-骨科材料,45-翻修髋关节,05-金属髋臼杯,107-人工关节,01-钛合金,018-3孔D打印/专用型/多,乙类,13770.13,
2539,C03450510702001,03-骨科材料,45-翻修髋关节,05-金属髋臼杯,107-人工关节,02-纯钛,001-孔涂层/通用型/三,乙类,1088.00,
2540,C03450510702003,03-骨科材料,45-翻修髋关节,05-金属髋臼杯,107-人工关节,02-纯钛,003-孔涂层/通用型/多,乙类,500.00,
2541,C03450510702004,03-骨科材料,45-翻修髋关节,05-金属髋臼杯,107-人工关节,02-纯钛,004-孔涂层/专用型/三,乙类,1088.00,
2542,C03450510702007,03-骨科材料,45-翻修髋关节,05-金属髋臼杯,107-人工关节,02-纯钛,007-无孔涂层/通用型/三,乙类,1450.00,
2543,C03450510702012,03-骨科材料,45-翻修髋关节,05-金属髋臼杯,107-人工关节,02-纯钛,012-无孔涂层/专用型/多,乙类,1088.00,
2544,C03450510703001,03-骨科材料,45-翻修髋关节,05-金属髋臼杯,107-人工关节,03-钽金属,001-孔涂层/通用型/三,乙类,14000.00,
2545,C03450510703003,03-骨科材料,45-翻修髋关节,05-金属髋臼杯,107-人工关节,03-钽金属,003-孔涂层/通用型/多,乙类,18111.60,
2546,C03450510703004,03-骨科材料,45-翻修髋关节,05-金属髋臼杯,107-人工关节,03-钽金属,004-涂层/专用型/三,乙类,17232.64,
2547,C03450510703006,03-骨科材料,45-翻修髋关节,05-金属髋臼杯,107-人工关节,03-钽金属,006-孔涂层/专用型/多,乙类,20819.44,
2548,C03450510703009,03-骨科材料,45-翻修髋关节,05-金属髋臼杯,107-人工关节,03-钽金属,009-无孔涂层/通用型/多,乙类,1088.00,
2549,C03450510704002,03-骨科材料,45-翻修髋关节,05-金属髋臼杯,107-人工关节,04-钴铬钼合金及其他,002-孔涂层/通用型/无,乙类,1088.00,
2550,C03450510704004,03-骨科材料,45-翻修髋关节,05-金属髋臼杯,107-人工关节,04-钴铬钼合金及其他,004-孔涂层/专用型/三,乙类,13276.95,
2551,C03450510704005,03-骨科材料,45-翻修髋关节,05-金属髋臼杯,107-人工关节,04-钴铬钼合金及其他,005-孔涂层/专用型/无,乙类,18413.14,
2552,C03450510704011,03-骨科材料,45-翻修髋关节,05-金属髋臼杯,107-人工关节,04-钴铬钼合金及其他,011-无孔涂层/专用型/无,乙类,6296.61,
2553,C03450610701002,03-骨科材料,45-翻修髋关节,06-非金属髋臼杯,107-人工关节,01-高交联聚乙烯,002-不孔含抗氧化剂,乙类,3800.00,
2554,C03450610702002,03-骨科材料,45-翻修髋关节,06-非金属髋臼杯,107-人工关节,02-中交联聚乙烯,002-不含抗氧化剂,乙类,3800.00,
2555,C03450710701002,03-骨科材料,45-翻修髋关节,07-髋臼垫块,107-人工关节,01-钛合金,002-实心/3D打印,乙类,13852.41,
2556,C03450710701003,03-骨科材料,45-翻修髋关节,07-髋臼垫块,107-人工关节,01-钛合金,003-空心/普通工艺,乙类,3300.00,
2557,C03450710701004,03-骨科材料,45-翻修髋关节,07-髋臼垫块,107-人工关节,01-钛合金,004-空心/3D打印,乙类,3300.00,
2558,C03450710703001,03-骨科材料,45-翻修髋关节,07-髋臼垫块,107-人工关节,03-钽金属,001-实心/普通工艺,乙类,16080.00,
2559,C03450710704001,03-骨科材料,45-翻修髋关节,07-髋臼垫块,107-人工关节,04-纯钛,001-实心/普通工艺,乙类,24798.06,
2560,C03450810700001,03-骨科材料,45-翻修髋关节,08-髋臼螺钉,107-人工关节,00-不区分,001-锁定,乙类,1309.39,
2561,C03450810700002,03-骨科材料,45-翻修髋关节,08-髋臼螺钉,107-人工关节,00-不区分,002-非锁定,乙类,620.05,
2562,C03450910700000,03-骨科材料,45-翻修髋关节,09-垫块螺钉,107-人工关节,00-不区分,000-常规,乙类,1064.08,
2563,C03451010702001,03-骨科材料,45-翻修髋关节,10-髋臼内衬,107-人工关节,02-高交联聚乙烯,001-锥度锁定/普通型,乙类,12931.74,
2564,C03451010702002,03-骨科材料,45-翻修髋关节,10-髋臼内衬,107-人工关节,02-高交联聚乙烯,002-锥度锁定/偏心型,乙类,9450.00,
2565,C03451010702003,03-骨科材料,45-翻修髋关节,10-髋臼内衬,107-人工关节,02-高交联聚乙烯,003-锥度锁定/限制型,乙类,4590.41,
2566,C03451010702004,03-骨科材料,45-翻修髋关节,10-髋臼内衬,107-人工关节,02-高交联聚乙烯,004-卡环锁定/普通型,乙类,2902.59,
2567,C03451010702006,03-骨科材料,45-翻修髋关节,10-髋臼内衬,107-人工关节,02-高交联聚乙烯,006-卡环锁定/限制型,乙类,2194.92,
2568,C03451010703001,03-骨科材料,45-翻修髋关节,10-髋臼内衬,107-人工关节,03-抗氧化聚乙烯,001-锥度锁定/普通型,乙类,1000.00,
2569,C03451010703002,03-骨科材料,45-翻修髋关节,10-髋臼内衬,107-人工关节,03-抗氧化聚乙烯,002-锥度锁定/偏心型,乙类,21500.00,
2570,C03451010703003,03-骨科材料,45-翻修髋关节,10-髋臼内衬,107-人工关节,03-抗氧化聚乙烯,003-锥度锁定/限制型,乙类,1302.43,
2571,C03451010704001,03-骨科材料,45-翻修髋关节,10-髋臼内衬,107-人工关节,04-普通聚乙烯,001-锥度锁定/普通型,乙类,2307.64,
2572,C03451010704003,03-骨科材料,45-翻修髋关节,10-髋臼内衬,107-人工关节,04-普通聚乙烯,003-锥度锁定/限制型,乙类,4200.00,
2573,C03451010704004,03-骨科材料,45-翻修髋关节,10-髋臼内衬,107-人工关节,04-普通聚乙烯,004-卡环锁定/普通型,乙类,1000.00,
2574,C03451010704006,03-骨科材料,45-翻修髋关节,10-髋臼内衬,107-人工关节,04-普通聚乙烯,006-卡环锁定/限制型,乙类,1000.00,
2575,C03451010706001,03-骨科材料,45-翻修髋关节,10-髋臼内衬,107-人工关节,06-四代陶瓷,001-锥度锁定/普通型,乙类,11396.02,
2576,C03451010706002,03-骨科材料,45-翻修髋关节,10-髋臼内衬,107-人工关节,06-四代陶瓷,002-锥度锁定/偏心型,乙类,1000.00,
2577,C03451010706004,03-骨科材料,45-翻修髋关节,10-髋臼内衬,107-人工关节,06-四代陶瓷,004-卡环锁定/普通型,乙类,8100.00,
2578,C03451110701000,03-骨科材料,45-翻修髋关节,11-股骨颈,107-人工关节,01-钛合金,000-常规,乙类,913.33,
2579,C03451210701000,03-骨科材料,45-翻修髋关节,12-链接螺栓,107-人工关节,01-钴铬钼合金,000-常规,乙类,200.00,
2580,C03451310700001,03-骨科材料,45-翻修髋关节,13-翻修置换人工髋关节其他部件,107-人工关节,00-不区分,001-粗隆爪螺钉,乙类,90.00,
2581,C03460110701001,03-骨科材料,46-半髋关节,01-双极头,107-人工关节,01-钴铬钼合金,001-组配式,乙类,5420.75,
2582,C03460110701002,03-骨科材料,46-半髋关节,01-双极头,107-人工关节,01-钴铬钼合金,002-一体式,乙类,4166.44,
2583,C03460110703001,03-骨科材料,46-半髋关节,01-双极头,107-人工关节,03-聚乙烯,001-组配式,乙类,2753.61,
2584,C03460110703002,03-骨科材料,46-半髋关节,01-双极头,107-人工关节,03-聚乙烯,002-一体式,乙类,276.93,
2585,C03460110704001,03-骨科材料,46-半髋关节,01-双极头,107-人工关节,04-不锈钢,001-组配式,乙类,2954.83,
2586,C03460110704002,03-骨科材料,46-半髋关节,01-双极头,107-人工关节,04-不锈钢,002-一体式,乙类,5240.00,
2587,C03470110900000,03-骨科材料,47-骨科通用材,01-异种骨,109-医用骨,00-不区分,000-常规,乙类,3906.00,
2588,C03470210900000,03-骨科材料,47-骨科料通用材,02-同种异体骨,109-医用骨,00-不区分,000-常规,乙类,2637.14,
2589,C03470310900000,03-骨科材料,47-骨科料通用材,03-人工合成骨,109-医用骨,00-不区分,000-常规,乙类,26320.00,
2590,C03470411000000,03-骨科材料,47-骨科料通用材,04-骨形成蛋白,110-骨形成蛋白,00-不区分,000-常规,乙类,3434.81,
2591,C03470511100000,03-骨科材料,47-骨科料通用材,05-骨水泥,111-骨水泥,00-不区分,000-常规,乙类,1019.00,
2592,C03470610200000,03-骨科材料,47-骨科料通用材,06-骨水泥注射器,102-注射器,00-不区分,000-常规,乙类,43.84,
2593,C03480110500001,03-骨科材料,料48-动力系统,01-钻头,105-钻头,00-不区分,001-限深/灭菌,乙类,1377.00,不能与项目“使用微动力系统加收1170元”同时收取
2594,C03480110500003,03-骨科材料,48-动力系统,01-钻头,105-钻头,00-不区分,003-非限深/灭菌,乙类,500.00,不能与项目“使用微动力系统加收1170元”同时收取
2595,C03480311301001,03-骨科材料,48-动力系统,03-磨头,113-磨头,01-不锈钢,001-带涂层/灭菌,乙类,1835.14,不能与项目“使用微动力系统加收1170元”同时收取
2596,C03480311301003,03-骨科材料,48-动力系统,03-磨头,113-磨头,01-不锈钢,003-带刃/灭菌,乙类,1965.66,不能与项目“使用微动力系统加收1170元”同时收取
2597,C03480511500000,03-骨科材料,48-动力系统,05-刨刀,115-刨刀,00-不区分,000-常规,乙类,1941.74,不能与项目“使用微动力系统加收1170元”同时收取
2598,C04010111802000,04-神经外科材料,01-颅骨固定/修补材料,01-颅骨钉,118-修补材料,02-钛合金,000-常规,乙类,182.80,
2599,C04010111803001,04-神经外科材料,01-颅骨固定/修补材料,01-颅骨钉,118-修补材料,03-聚合物,001-可吸收,乙类,643.12,
2600,C04010211801000,04-神经外科材料,01-颅骨固定/修补材料,02-颅骨锁,118-修补材料,01-金属,000-常规,乙类,507.00,
2601,C04010211802001,04-神经外科材料,01-颅骨固定/修补材料,02-颅骨锁,118-修补材料,02-聚合物,001-可吸收,乙类,1084.00,
2602,C04010211802002,04-神经外科材料,01-颅骨固定/修补材料,02-颅骨锁,118-修补材料,02-聚合物,002-不可吸收,乙类,1999.00,
2603,C04010311801001,04-神经外科材料,01-颅骨固定/修补材料,03-颅骨网,118-修补材料,01-纯钛,001-二维/塑型,乙类,5830.06,
2604,C04010311801002,04-神经外科材料,01-颅骨固定/修补材料,03-颅骨网,118-修补材料,01-纯钛,002-二维/非塑型,乙类,5830.06,
2605,C04010311801003,04-神经外科材料,01-颅骨固定/修补材料,03-颅骨网,118-修补材料,01-纯钛,003-三维/塑型,乙类,5229.36,
2606,C04010311801004,04-神经外科材料,01-颅骨固定/修补材料,03-颅骨网,118-修补材料,01-纯钛,004-三维/非塑型,乙类,6998.40,
2607,C04010311803002,04-神经外科材料,01-颅骨固定/修补材料,03-颅骨网,118-修补材料,03-聚合物,002-不可吸收,乙类,45767.59,
2608,C04010411801001,04-神经外科材料,01-颅骨固定/修补材料,04-颅骨板,118-修补材料,01-纯钛,001-灭菌,乙类,5229.36,
2609,C04010411801002,04-神经外科材料,01-颅骨固定/修补材料,04-颅骨板,118-修补材料,01-纯钛,002-非灭菌,乙类,5099.52,
2610,C04010411802001,04-神经外科材料,01-颅骨固定/修补材料,04-颅骨板,118-修补材料,02-钛合金,001-灭菌,乙类,352.67,
2611,C04010411802002,04-神经外科材料,01-颅骨固定/修补材料,04-颅骨板,118-修补材料,02-钛合金,002-非灭菌,乙类,817.00,
2612,C04010411803001,04-神经外科材料,01-颅骨固定/修补材料,04-颅骨板,118-修补材料,03-聚合物,001-可吸收,乙类,23400.00,
2613,C04010411803002,04-神经外科材料,01-颅骨固定/修补材料,04-颅骨板,118-修补材料,03-聚合物,002-不可吸收,乙类,37324.80,
2614,C04010511800000,04-神经外科材料,01-颅骨固定/修补材料,05-其他颅骨固定/修补材料,118-修补材料,00-不区分,000-其他,乙类,38942.40,
2615,C04010511800001,04-神经外科材料,01-颅骨固定/修补材料,05-其他颅骨固定/修补材料,118-修补材料,00-不区分,001-颅骨填充,乙类,20925.00,
2616,C04030111800001,04-神经外科材料,03-硬脑（脊）膜修补材料,01-硬脑（脊）膜补片,118-修补材料,00-不区分,001-不可吸收/其他,乙类,3055.20,
2617,C04030111801001,04-神经外科材料,03-硬脑（脊）膜修补材料,01-硬脑（脊）膜补片,118-修补材料,01-动物源,001-可吸收/常规,乙类,8390.67,
2618,C04030111802001,04-神经外科材料,03-硬脑（脊）膜修补材料,01-硬脑（脊）膜补片,118-修补材料,02-非动物源,001-可吸收/常规,乙类,8800.00,
2619,C04030111802003,04-神经外科材料,03-硬脑（脊）膜修补材料,01-硬脑（脊）膜补片,118-修补材料,02-非动物源,003-可吸收/静电纺丝,乙类,8390.67,
2620,C04040111900001,04-神经外科材,04-动脉瘤夹,01-常规瘤夹,119-动脉瘤夹,00-不区分,001-永久,乙类,2529.90,
2621,C04040111900002,04-神经料外科材,04-动脉瘤夹,01-常规瘤夹,119-动脉瘤夹,00-不区分,002-临时,乙类,2431.86,
2622,C04040211900001,04-神经料外科材料,04-动脉瘤夹,02-异形瘤夹,119-动脉瘤夹,00-不区分,001-涂层型/跨血管型,乙类,2431.86,
2623,C04040211900002,04-神经外科材料,04-动脉瘤夹,02-异形瘤夹,119-动脉瘤夹,00-不区分,002-涂层型/动静脉畸,乙类,2431.86,
2624,C04040211900003,04-神经外科材料,04-动脉瘤夹,02-异形瘤夹,119-动脉瘤夹,00-不区分,003-非涂层型/跨血管,乙类,2431.86,
2625,C04040211900004,04-神经外科材料,04-动脉瘤夹,02-异形瘤夹,119-动脉瘤夹,00-不区分,004-非型涂层型/动静脉畸型,乙类,2023.00,
2626,C04060101300001,04-神经外科材料,06-颅内压监测材料,01-颅内压监测探头,013-探头,00-不区分,001-脑室型,乙类,11685.21,
2627,C04060101300002,04-神经外科材料,06-颅内压监测材料,01-颅内压监测探头,013-探头,00-不区分,002-脑实质型,乙类,10896.14,
2628,C04060101300003,04-神经外科材料,06-颅内压监测材料,01-颅内压监测探头,013-探头,00-不区分,003-硬膜外型,乙类,10663.40,
2629,C04060101300004,04-神经外科材料,06-颅内压监测材料,01-颅内压监测探头,013-探头,00-不区分,004-硬膜下型,乙类,13108.21,
2630,C04070112000001,04-神经外科材料,07-脑脊液分流材料,01-脑室端导管,120-分流管,00-不区分,001-带涂层,乙类,4700.00,
2631,C04070112000002,04-神经外科材料,07-脑脊液分流材料,01-脑室端导管,120-分流管,00-不区分,002-不带涂层,乙类,1027.00,
2632,C04070212000002,04-神经外科材料,07-脑脊液分流材料,02-腰骶端导管,120-分流管,00-不区分,002-不带涂层,乙类,6948.00,
2633,C04070312000001,04-神经外科材料,07-脑脊液分流材料,03-腹腔端导管,120-分流管,00-不区分,001-带涂层,乙类,4700.00,
2634,C04070312000002,04-神经外科材料,07-脑脊液分流材料,03-腹腔端导管,120-分流管,00-不区分,002-不带涂层,乙类,2528.96,
2635,C04070412100001,04-神经外科材料,07-脑脊液分流材料,04-脑室-腹腔分流装置,121-分流装置,00-不区分,001-高压/带涂层/抗虹吸/成人,乙类,12949.81,
2636,C04070412100013,04-神经外科材料,07-脑脊液分流材料,04-脑室-腹腔分流装置,121-分流装置,00-不区分,013-高压/不带涂层/抗虹吸/成,乙类,4294.50,
2637,C04070412100014,04-神经外科材料,07-脑脊液分流材料,04-脑室-腹腔分流装置,121-分流装置,00-不区分,014人-中型压/不带涂层/抗虹吸/成,乙类,4294.50,
2638,C04070412100015,04-神经外科材料,07-脑脊液分流材料,04-脑室-腹腔分流装置,121-分流装置,00-不区分,015人-低型压/不带涂层/抗虹吸/成,乙类,4294.50,
2639,C04070412100017,04-神经外科材料,07-脑脊液分流材料,04-脑室-腹腔分流装置,121-分流装置,00-不区分,017人-中型压/不带涂层/抗虹吸/小,乙类,2398.00,
2640,C04070412100019,04-神经外科材料,07-脑脊液分流材料,04-脑室-腹腔分流装置,121-分流装置,00-不区分,019儿-高型压/不带涂层/不抗虹吸/,乙类,2349.00,
2641,C04070412100020,04-神经外科材料,07-脑脊液分流材料,04-脑室-腹腔分流装置,121-分流装置,00-不区分,02成0-人中型压/不带涂层/不抗虹吸/,乙类,2349.00,
2642,C04070412100021,04-神经外科材料,07-脑脊液分流材料,04-脑室-腹腔分流装置,121-分流装置,00-不区分,02成1-人低型压/不带涂层/不抗虹吸/,乙类,2349.00,
2643,C04070412100025,04-神经外科材料,07-脑脊液分流材料,04-脑室-腹腔分流装置,121-分流装置,00-不区分,02成5-可人调型压/带涂层/抗虹吸/成人,乙类,34299.00,
2644,C04070412100029,04-神经外科材料,07-脑脊液分流材料,04-脑室-腹腔分流装置,121-分流装置,00-不区分,029-可型调压/不带涂层/抗虹吸/成,乙类,24971.33,
2645,C04070412100030,04-神经外科材料,07-脑脊液分流材料,04-脑室-腹腔分流装置,121-分流装置,00-不区分,030人-可型调压/不带涂层/抗虹吸/小,乙类,24971.33,
2646,C04070412100031,04-神经外科材料,07-脑脊液分流材料,04-脑室-腹腔分流装置,121-分流装置,00-不区分,031儿-可型调压/不带涂层/不抗虹吸/成人型,乙类,26100.00,
2647,C04070412100032,04-神经外科材料,07-脑脊液分流材料,04-脑室-腹腔分流装置,121-分流装置,00-不区分,032-可调压/不带涂层/不抗虹吸/小儿型,乙类,23558.95,
2648,C04070612100031,04-神经外科材料,07-脑脊液分流材料,06-腰骶-腹腔分流装置,121-分流装置,00-不区分,031-可调压/不带涂层/不抗虹吸/成人型,乙类,24800.00,
2649,C04070812100003,04-神经外科材料,07-脑脊液分流材料,08-脑室-腹腔分流阀,121-分流装置,00-不区分,003-低压/带涂层/抗虹吸/带储,乙类,30.00,
2650,C04070812100014,04-神经外科材料,07-脑脊液分流材料,08-脑室-腹腔分流阀,121-分流装置,00-不区分,014液-中囊压/不带涂层/抗虹吸/带,乙类,5984.00,
2651,C04070812100019,04-神经外科材料,07-脑脊液分流材料,08-脑室-腹腔分流阀,121-分流装置,00-不区分,01储9-液高囊压/不带涂层/不抗虹吸/带储液囊,乙类,30310.00,
2652,C04070812100020,04-神经外科材料,07-脑脊液分流材料,08-脑室-腹腔分流阀,121-分流装置,00-不区分,020-中压/不带涂层/不抗虹吸/带储液囊,乙类,11580.00,
2653,C04070812100021,04-神经外科材料,07-脑脊液分流材料,08-脑室-腹腔分流阀,121-分流装置,00-不区分,021-低压/不带涂层/不抗虹吸/带储液囊,乙类,14357.67,
2654,C04070812100029,04-神经外科材料,07-脑脊液分流材料,08-脑室-腹腔分流阀,121-分流装置,00-不区分,029-可调压/不带涂层/抗虹吸/带储液囊,乙类,14787.77,
2655,C04070812100031,04-神经外科材料,07-脑脊液分流材料,08-脑室-腹腔分流阀,121-分流装置,00-不区分,031-可调压/不带涂层/不抗虹吸/带储液囊,乙类,25200.00,
2656,C04071212100000,04-神经外科材料,07-脑脊液分流材料,12-脑室储液囊,121-分流装置,00-不区分,000-常规,乙类,2148.00,
2657,C04071312200000,04-神经外科材料,07-脑脊液分流材料,13-颅内压监测装置,122-监测装置,00-不区分,000-常规,乙类,700.00,
2658,C04071403500001,04-神经外科材料,07-脑脊液分流材料,14-体外引流装置,035-引流装置,00-不区分,001-脑室外引流/带涂层/带集液,乙类,3799.00,
2659,C04071403500002,04-神经外科材料,07-脑脊液分流材料,14-体外引流装置,035-引流装置,00-不区分,002-脑腔室外引流/带涂层/不带集,乙类,3370.00,
2660,C04071403500003,04-神经外科材料,07-脑脊液分流材料,14-体外引流装置,035-引流装置,00-不区分,003-脑室外引流/不带涂层/带集,乙类,1029.00,
2661,C04071403500004,04-神经外科材料,07-脑脊液分流材料,14-体外引流装置,035-引流装置,00-不区分,004液-脑腔室外引流/不带涂层/不带集液腔,乙类,1029.00,
2662,C04071403500007,04-神经外科材料,07-脑脊液分流材料,14-体外引流装置,035-引流装置,00-不区分,007-腹腔外引流/不带涂层/带集,乙类,958.77,
2663,C04071403500008,04-神经外科材料,07-脑脊液分流材料,14-体外引流装置,035-引流装置,00-不区分,008液-腹腔腔外引流/不带涂层/不带集液腔,乙类,958.77,
2664,C04080112300001,04-神经外科材料,08-神经刺激材料,01-脑深部电刺激器,123-神经刺激材料,00-不区分,001-不可充电,乙类,60000.00,
2665,C04080112300002,04-神经外科材,08-神经刺激材,01-脑深部电刺激器,123-神经刺激材,00-不区分,002-可充电,乙类,60000.00,
2666,C04080902100000,04-神经料外科材,08-神经料刺激材,09-脊髓神经电刺激电极,021料-电极,00-不区分,000-常规,乙类,11671.50,
2667,C04081006100000,04-神经料外科材料,08-神经料刺激材料,10-脊髓神经电刺激电极导线,061-导线,00-不区分,000-常规,乙类,3667.73,
2668,C04081106100000,04-神经外科材料,08-神经刺激材料,11-脊髓神经电刺激测试电缆,061-导线,00-不区分,000-常规,乙类,1602.00,
2669,C04081412300001,04-神经外科材料,08-神经刺激材料,14-脊髓神经电刺激刺激器,123-神经刺激材料,00-不区分,001-可充电,乙类,60000.00,
2670,C04081412300002,04-神经外科材料,08-神经刺激材料,14-脊髓神经电刺激刺激器,123-神经刺激材料,00-不区分,002-不可充电,乙类,60000.00,
2671,C05010312500002,05-心脏外科类材料,01-心律失常外科,03-消融笔,125-消融工具,00-不区分,002-双极,乙类,11000.00,
2672,C05010412600000,05-心脏外科类材料,01-心律失常外科,04-心耳闭合装置,126-心耳夹,00-不区分,000-常规,乙类,27625.00,
2673,C05020112700001,05-心脏外科类材料,02-冠脉外科,01-心脏固定器,127-固定器,00-不区分,001-组织,乙类,7661.51,
2674,C05020112700002,05-心脏外科类材料,02-冠脉外科,01-心脏固定器,127-固定器,00-不区分,002-心尖,乙类,8600.00,
2675,C05020212000000,05-心脏外科类材料,02-冠脉外科,02-冠状动脉内分流管,120-分流管,00-不区分,000-常规,乙类,900.00,
2676,C05020301000000,05-心脏外科类材料,02-冠脉外科,03-吹雾管,010-管路,00-不区分,000-常规,乙类,490.00,
2677,C05020613000000,05-心脏外科类材料,02-冠脉外科,06-冠脉近端吻合辅助器械,130-吻合辅助器械,00-不区分,000-常规,乙类,13082.00,
2678,C05030105600001,05-心脏外科类材料,03-结构心脏病用外科材料,01-机械瓣膜,056-瓣膜,00-不区分,001-主动脉瓣,乙类,13996.37,
2679,C05030105600002,05-心脏外科类材料,03-结构心脏病用外科材料,01-机械瓣膜,056-瓣膜,00-不区分,002-二尖瓣,乙类,12636.29,
2680,C05030205600001,05-心脏外科类材料,03-结构心脏病用外科材料,02-生物瓣膜,056-瓣膜,00-不区分,001-主动脉瓣,乙类,45306.09,
2681,C05030205600002,05-心脏外科类材料,03-结构心脏病用外科材料,02-生物瓣膜,056-瓣膜,00-不区分,002-二尖瓣,乙类,32134.12,
2682,C05030313100001,05-心脏外科类材料,03-结构心脏病用外科材料,03-瓣膜成型环/带,131-成型环,00-不区分,001-二尖瓣,乙类,13642.67,
2683,C05030313100002,05-心脏外科类材料,03-结构心脏病用外科材料,03-瓣膜成型环/带,131-成型环,00-不区分,002-三尖瓣,乙类,11655.46,
2684,C05030401000000,05-心脏外科类材料,03-结构心脏病用外科材料,04-带瓣管道,010-管路,00-不区分,000-常规,乙类,20194.88,
2685,C06010113300000,06-人工器官、组织及配套材料,01-感觉器官、组织及配套材料,01-人工耳蜗,133-人工器官,00-不区分,000-常规,乙类,46265.00,限：1.双耳重度或极重度感音神经性聋患者；2.7周岁以下的语前聋患者或经听力语言康复后有一定听力言语基础的18周岁以下语前聋患者。
2686,C06010213301000,06-人工器官、组织及配套材料,01-感觉器官、组织及配套材料,02-人工听小骨,133-人工器官,01-钛合金,000-常规,乙类,4491.95,
2687,C06020213300000,06-人工器官、组织及配套材料,02-血液循环、净化系统人工器官、组织及配套材料,02-人工血管,133-人工器官,00-不区分,000-常规,乙类,14817.71,
2688,C07010108901002,07-口腔材料,01-颌面整复材,01-颌面接骨板,089-内固定材料,01-纯钛,002-锁定,乙类,2088.71,限治疗类手术使用
2689,C07010108901004,07-口腔材料,01-颌面料整复材,01-颌面接骨板,089-内固定材料,01-纯钛,004-非锁定,乙类,3087.36,限治疗类手术使用
2690,C07010108902002,07-口腔材料,01-颌面料整复材,01-颌面接骨板,089-内固定材料,02-合金,002-锁定,乙类,809.00,限治疗类手术使用
2691,C07010108902004,07-口腔材料,01-颌面料整复材,01-颌面接骨板,089-内固定材料,02-合金,004-非锁定,乙类,980.00,限治疗类手术使用
2692,C07010108903001,07-口腔材料,01-颌面料整复材料,01-颌面接骨板,089-内固定材料,03-共聚物,001-锁定/可吸收,乙类,3200.00,限治疗类手术使用
2693,C07010108903002,07-口腔材料,01-颌面整复材料,01-颌面接骨板,089-内固定材料,03-共聚物,002-锁定/不可吸收,乙类,809.00,限治疗类手术使用
2694,C07010108903003,07-口腔材料,01-颌面整复材料,01-颌面接骨板,089-内固定材料,03-共聚物,003-非锁定/可吸收,乙类,10863.99,限治疗类手术使用
2695,C07010208902003,07-口腔材料,01-颌面整复材料,02-颌面部螺钉,089-内固定材料,02-合金,003-锁定/自攻,乙类,661.30,限治疗类手术使用
2696,C07010208902004,07-口腔材料,01-颌面整复材料,02-颌面部螺钉,089-内固定材料,02-合金,004-锁定/自钻及其他,乙类,500.00,限治疗类手术使用
2697,C07010208902007,07-口腔材料,01-颌面整复材料,02-颌面部螺钉,089-内固定材料,02-合金,007-非锁定/自攻,乙类,136.46,限治疗类手术使用
2698,C07010208902008,07-口腔材料,01-颌面整复材料,02-颌面部螺钉,089-内固定材料,02-合金,008-非锁定/自钻及其,乙类,136.73,限治疗类手术使用
2699,C07010208903001,07-口腔材料,01-颌面整复材料,02-颌面部螺钉,089-内固定材料,03-共聚物,001-锁定/可吸收/自,乙类,520.07,限治疗类手术使用
2700,C07010208903002,07-口腔材料,01-颌面整复材料,02-颌面部螺钉,089-内固定材料,03-共聚物,002-锁定/可吸收/自钻及其他,乙类,1935.00,限治疗类手术使用
2701,C07010208903005,07-口腔材料,01-颌面整复材料,02-颌面部螺钉,089-内固定材料,03-共聚物,005-非锁定/可吸收/自,乙类,2200.00,限治疗类手术使用
2702,C07010208903006,07-口腔材料,01-颌面整复材料,02-颌面部螺钉,089-内固定材料,03-共聚物,006-非攻锁定/可吸收/自钻及其他,乙类,2200.00,限治疗类手术使用
2703,C07010308901002,07-口腔材料,01-颌面整复材料,03-颌间固定系统,089-内固定材料,01-纯钛,002-牙弓夹板,乙类,1050.00,限治疗类手术使用
2704,C07010308902001,07-口腔材料,01-颌面整复材料,03-颌间固定系统,089-内固定材料,02-合金,001-颌间结扎螺钉,乙类,459.11,限治疗类手术使用
2705,C07010308903001,07-口腔材料,01-颌面整复材料,03-颌间固定系统,089-内固定材料,03-不锈钢,001-颌间结扎螺钉,乙类,650.48,限治疗类手术使用
2706,C07010408101001,07-口腔材料,01-颌面整复材,04-钛网,081-修复材料,01-纯钛,001-普通,乙类,1134.30,限治疗类手术使用
2707,C07010408101002,07-口腔材料,01-颌面料整复材,04-钛网,081-修复材料,01-纯钛,002-预成型,乙类,3123.71,限治疗类手术使用
2708,C07010408101003,07-口腔材料,01-颌面料整复材料,04-钛网,081-修复材料,01-纯钛,003-三维预成型,乙类,8045.00,限治疗类手术使用
2709,C07010713601001,07-口腔材料,01-颌面整复材,07-牵引器,136-牵引器,01-纯钛,001-内置式,乙类,10.00,限治疗类手术使用
2710,C07010713602001,07-口腔材料,01-颌面料整复材,07-牵引器,136-牵引器,02-合金,001-内置式,乙类,138.00,限治疗类手术使用
2711,C07020508101000,07-口腔材料,02-口腔料种植修复材料,05-骨替代品,081-修复材料,01-天然骨,000-常规,乙类,823.75,限治疗类手术使用
2712,C07020508103000,07-口腔材料,02-口腔种植修复材料,05-骨替代品,081-修复材料,03-人工合成无机物,000-常规,乙类,507.83,限治疗类手术使用
2713,C07020508105000,07-口腔材料,02-口腔种植修复材料,05-骨替代品,081-修复材料,05-复合材料,000-常规,乙类,756.30,限治疗类手术使用
2714,C07020508106000,07-口腔材料,02-口腔种植修复材料,05-骨替代品,081-修复材料,06-生物材料,000-常规,乙类,2600.21,限治疗类手术使用
2715,C07030414000001,07-口腔材料,03-根管材料,04-根管充填材料,140-根管材料,00-不区分,001-冷充填,乙类,48.47,
2716,C07030414000002,07-口腔材料,03-根管材料,04-根管充填材料,140-根管材料,00-不区分,002-热充填,乙类,54.79,
2717,C07120315000002,07-口腔材料,12-其他类口腔材料,03-固位纤维,150-口腔辅助材料,00-不区分,002-纤维夹板,乙类,138.89,
2718,C08010115101002,08-眼科材料,01-人工晶状体,01-单焦点白内障人工晶状体,151-人工晶状体,01-聚甲基丙烯酸甲酯（PMMA）,002-球面/无蓝光滤过/非预装,乙类,660.00,
2719,C08010115102004,08-眼科材料,01-人工晶状体,01-单焦点白内障人工晶状体,151-人工晶状体,02-硅凝胶,004-非球面/无蓝光滤过/非预装,乙类,660.00,
2720,C08010115103002,08-眼科材料,01-人工晶状体,01-单焦点白内障人工晶状体,151-人工晶状体,03-聚丙烯酸脂亲水,002-球面/无蓝光滤过/非预装,乙类,660.00,
2721,C08010115103003,08-眼科材料,01-人工晶状体,01-单焦点白内障人工晶状体,151-人工晶状体,03-聚丙烯酸脂亲水,003-非球面/有蓝光滤过/非预装,乙类,660.00,
2722,C08010115103004,08-眼科材料,01-人工晶状体,01-单焦点白内障人工晶状体,151-人工晶状体,03-聚丙烯酸脂亲水,004-非球面/无蓝光滤过/非预装,乙类,660.00,
2723,C08010115103006,08-眼科材料,01-人工晶状体,01-单焦点白内障人工晶状体,151-人工晶状体,03-聚丙烯酸脂亲水,006-球面/无蓝光滤过/预装,乙类,660.00,
2724,C08010115103008,08-眼科材料,01-人工晶状体,01-单焦点白内障人工晶状体,151-人工晶状体,03-聚丙烯酸脂亲水,008-非球面/无蓝光滤过/预装,乙类,660.00,
2725,C08010115104001,08-眼科材料,01-人工晶状体,01-单焦点白内障人工晶状体,151-人工晶状体,04-聚丙烯酸脂疏水,001-球面/有蓝光滤过/非预装,乙类,660.00,
2726,C08010115104002,08-眼科材料,01-人工晶状体,01-单焦点白内障人工晶状体,151-人工晶状体,04-聚丙烯酸脂疏水,002-球面/无蓝光滤过/非预装,乙类,660.00,
2727,C08010115104003,08-眼科材料,01-人工晶状体,01-单焦点白内障人工晶状体,151-人工晶状体,04-聚丙烯酸脂疏水,003-非球面/有蓝光滤过/非预装,乙类,660.00,
2728,C08010115104004,08-眼科材料,01-人工晶状体,01-单焦点白内障人工晶状体,151-人工晶状体,04-聚丙烯酸脂疏水,004-非球面/无蓝光滤过/非预装,乙类,660.00,
2729,C08010115104005,08-眼科材料,01-人工晶状体,01-单焦点白内障人工晶状体,151-人工晶状体,04-聚丙烯酸脂疏水,005-球面/有蓝光滤过/预装,乙类,660.00,
2730,C08010115104006,08-眼科材料,01-人工晶状体,01-单焦点白内障人工晶状体,151-人工晶状体,04-聚丙烯酸脂疏水,006-球面/无蓝光滤过/预装,乙类,660.00,
2731,C08010115104007,08-眼科材料,01-人工晶状体,01-单焦点白内障人工晶状体,151-人工晶状体,04-聚丙烯酸脂疏水,007-非球面/有蓝光滤过/预装,乙类,660.00,
2732,C08010115104008,08-眼科材料,01-人工晶状体,01-单焦点白内障人工晶状体,151-人工晶状体,04-聚丙烯酸脂疏水,008-非球面/无蓝光滤过/预装,乙类,660.00,
2733,C08010215103002,08-眼科材料,01-人工晶状体,02-多焦点白内障人工晶状体,151-人工晶状体,03-聚丙烯酸脂亲水,002-折射/无蓝光滤过,乙类,660.00,
2734,C08010215103003,08-眼科材料,01-人工晶状体,02-多焦点白内障人工晶状体,151-人工晶状体,03-聚丙烯酸脂亲水,003-衍射/有蓝光滤过,乙类,660.00,
2735,C08010215103004,08-眼科材料,01-人工晶状体,02-多焦点白内障人工晶状体,151-人工晶状体,03-聚丙烯酸脂亲水,004-衍射/无蓝光滤过,乙类,660.00,
2736,C08010215103008,08-眼科材料,01-人工晶状体,02-多焦点白内障人工晶状体,151-人工晶状体,03-聚丙烯酸脂亲水,008-三焦点/无蓝光滤,乙类,660.00,
2737,C08010215104003,08-眼科材料,01-人工晶状体,02-多焦点白内障人工晶状体,151-人工晶状体,04-聚丙烯酸脂疏水,003-衍射/有蓝光滤过,乙类,660.00,
2738,C08010215104004,08-眼科材料,01-人工晶状体,02-多焦点白内障人工晶状体,151-人工晶状体,04-聚丙烯酸脂疏水,004-衍射/无蓝光滤过,乙类,660.00,
2739,C08010215104007,08-眼科材料,01-人工晶状体,02-多焦点白内障人工晶状体,151-人工晶状体,04-聚丙烯酸脂疏水,007-三焦点/有蓝光滤,乙类,660.00,
2740,C08010315100001,08-眼科材料,01-人工晶状体,03-连续视程人工晶状体,151-人工晶状体,00-不区分,001-带散光,乙类,660.00,
2741,C08010315100002,08-眼科材料,01-人工晶状体,03-连续视程人工晶状体,151-人工晶状体,00-不区分,002-不带散光,乙类,660.00,
2742,C08010415103004,08-眼科材料,01-人工晶状体,04-单焦点散光型白内障人工晶体,151-人工晶状体,03-聚丙烯酸脂亲水,004-非球面/无蓝光滤,乙类,660.00,
2743,C08010415104003,08-眼科材料,01-人工晶状体,04-单焦点散光型白内障人工晶体,151-人工晶状体,04-聚丙烯酸脂疏水,003-非球面/有蓝光滤,乙类,660.00,
2744,C08010415104004,08-眼科材料,01-人工晶状体,04-单焦点散光型白内障人工晶体,151-人工晶状体,04-聚丙烯酸脂疏水,004-非球面/无蓝光滤,乙类,660.00,
2745,C08010515103002,08-眼科材料,01-人工晶状体,05-多焦点散光型白内障人工晶体,151-人工晶状体,03-聚丙烯酸脂亲水,002-折射/无蓝光滤过,乙类,660.00,
2746,C08010515103004,08-眼科材料,01-人工晶状体,05-多焦点散光型白内障人工晶体,151-人工晶状体,03-聚丙烯酸脂亲水,004-衍射/无蓝光滤过,乙类,660.00,
2747,C08010515104003,08-眼科材料,01-人工晶状体,05-多焦点散光型白内障人工晶体,151-人工晶状体,04-聚丙烯酸脂疏水,003-衍射/有蓝光滤过,乙类,660.00,
2748,C08010515104004,08-眼科材料,01-人工晶状体,05-多焦点散光型白内障人工晶体,151-人工晶状体,04-聚丙烯酸脂疏水,004-衍射/无蓝光滤过,乙类,660.00,
2749,C08010615101001,08-眼科材料,01-人工晶状体,06-前房型眼屈光性人工晶状体,151-人工晶状体,01-聚甲基丙烯酸甲酯（PMMA）,001-有晶体,乙类,660.00,不含眼内屈光矫正手术，限白内障术中或术后背驮式（Piggyback）人工晶体植入
2750,C08010715103001,08-眼科材料,01-人工晶状体,07-后房型眼屈光性人工晶状体,151-人工晶状体,03-聚丙烯酸脂亲水,001-有晶体带散光,乙类,660.00,不含眼内屈光矫正手术，限白内障术中或术后背驮式（Piggyback）人工晶体植入
2751,C08010715103002,08-眼科材料,01-人工晶状体,07-后房型眼屈光性人工晶状体,151-人工晶状体,03-聚丙烯酸脂亲水,002-有晶体不带散光,乙类,660.00,不含眼内屈光矫正手术，限白内障术中或术后背驮式（Piggyback）人工晶体植入
2752,C08010815200000,08-眼科材料,01-人工晶状体,08-囊袋张力环,152-张力环,00-不区分,000-常规,乙类,1686.26,
2753,C08020103500000,08-眼科材料,02-青光眼引流植入物,01-青光眼引流装置,035-引流装置,00-不区分,000-常规,乙类,4259.18,
2754,C08020213500000,08-眼科材料,02-青光眼引流植入物,02-眼科手术用透明质酸钠凝胶,135-填充材料,00-不区分,000-常规,乙类,4600.00,
2755,C08030108101000,08-眼科材料,03-眼表修复材,01-脱细胞基质,081-修复材料,01-羊膜,000-常规,乙类,2458.18,
2756,C08050113500000,08-眼科材料,05-眼内料填充物,01-眼用硅油,135-填充材料,00-不区分,000-常规,乙类,808.99,
2757,C08050313500000,08-眼科材料,05-眼内填充物,03-眼用填充气体,135-填充材料,00-不区分,000-常规,乙类,8979.61,
2758,C08050413500000,08-眼科材料,05-眼内填充物,04-硅胶眼科植入物,135-填充材料,00-不区分,000-常规,乙类,252.50,
2759,C08070113500000,08-眼科材料,07-术中材料,01-眼用重水,135-填充材料,00-不区分,000-常规,乙类,1067.69,
2760,C08070215400000,08-眼科材料,07-术中材料,02-粘弹剂,154-粘弹剂,00-不区分,000-常规,乙类,225.00,
2761,C08070310600000,08-眼科材料,07-术中材料,03-眼科手术刀,106-手术刀,00-不区分,000-常规,乙类,133.11,
2762,C08070400500001,08-眼科材料,07-术中材料,04-玻璃体切割头,005-手术刀头,00-不区分,001-单气路驱动,乙类,755.89,
2763,C08070400500002,08-眼科材料,07-术中材料,04-玻璃体切割头,005-手术刀头,00-不区分,002-双气路驱动,乙类,3319.24,
2764,C08070400500003,08-眼科材料,07-术中材料,04-玻璃体切割头,005-手术刀头,00-不区分,003-电动,乙类,679.00,
2765,C08080201600002,08-眼科材料,08-其他眼科用材料,02-光纤,016-光纤,00-不区分,002-眼内用,乙类,472.60,
2766,C08080315700000,08-眼科材料,08-其他眼科用材料,03-泪道栓塞物,157-栓塞物,00-不区分,000-常规,乙类,365.00,
2767,C09010101000000,09-体外循环材,01-插管,01-动脉灌注管,010-管路,00-不区分,000-常规,乙类,100.00,
2768,C09010203500000,09-体外料循环材,01-插管,02-静脉引流管,035-引流装置,00-不区分,000-常规,乙类,76.64,
2769,C09010303400000,09-体外料循环材,01-插管,03-股静脉插管,034-插管,00-不区分,000-常规,乙类,4581.13,
2770,C09010403400000,09-体外料循环材,01-插管,04-股动脉插管,034-插管,00-不区分,000-常规,乙类,2658.08,
2771,C09010503400000,09-体外料循环材,01-插管,05-颈内静脉插管,034-插管,00-不区分,000-常规,乙类,120.00,
2772,C09010603400000,09-体外料循环材,01-插管,06-心肌停跳液插管,034-插管,00-不区分,000-常规,乙类,117.13,
2773,C09010703400000,09-体外料循环材,01-插管,07-吸引管,034-插管,00-不区分,000-常规,乙类,43.76,
2774,C09020115900000,09-体外料循环材料,02-动脉微栓过滤器,01-动脉微栓过滤器,159-过滤器,00-不区分,000-常规,乙类,53.12,
2775,C09030101000000,09-体外循环材,03-体外循环管,01-体外循环管路,010-管路,00-不区分,000-常规,乙类,201.32,
2776,C09030216000000,09-体外料循环材,03-体外路循环管,02-体外循环套包,160-体外循环材,00-不区分,000-常规,乙类,5785.30,
2777,C09040116100000,09-体外料循环材料,04-心肌路保护液灌注装置,01-心肌保护液灌注装置,料161-灌注装置,00-不区分,000-常规,乙类,176.83,
2778,C09050115900000,09-体外循环材,05-血液滤过器,01-血液滤过器,159-过滤器,00-不区分,000-常规,乙类,888.93,
2779,C09060116200000,09-体外料循环材,06-氧合器,01-氧合器,162-氧合器,00-不区分,000-常规,乙类,2425.10,
2780,C11010117201001,料11-吻合器及附件,01-开放及微创手术通用吻合器及钉仓,01-管型/端端吻合器,172-吻合器,01-纯钛,001-高度可调节/标准柄/器身长度＜25cm,乙类,578.00,
2781,C11010117201002,11-吻合器及附件,01-开放及微创手术通用吻合器及钉仓,01-管型/端端吻合器,172-吻合器,01-纯钛,002-高度可调节/标准柄/器身长度≥25cm,乙类,599.00,
2782,C11010117201003,11-吻合器及附件,01-开放及微创手术通用吻合器及钉仓,01-管型/端端吻合器,172-吻合器,01-纯钛,003-高度可调节/加长柄/器身长度＜25cm,乙类,373.00,
2783,C11010117201004,11-吻合器及附件,01-开放及微创手术通用吻合器及钉仓,01-管型/端端吻合器,172-吻合器,01-纯钛,004-高度可调节/加长柄/器身长度≥25cm,乙类,604.00,
2784,C11010117201005,11-吻合器及附件,01-开放及微创手术通用吻合器及钉仓,01-管型/端端吻合器,172-吻合器,01-纯钛,005-高度固定/标准柄/器身长度＜25cm,乙类,373.00,
2785,C11010117201006,11-吻合器及附件,01-开放及微创手术通用吻合器及钉仓,01-管型/端端吻合器,172-吻合器,01-纯钛,006-高度固定/标准柄/器身长度≥25cm,乙类,539.00,
2786,C11010117201007,11-吻合器及附件,01-开放及微创手术通用吻合器及钉仓,01-管型/端端吻合器,172-吻合器,01-纯钛,007-高度固定/加长柄/器身长度＜25cm,乙类,373.00,
2787,C11010117201008,11-吻合器及附件,01-开放及微创手术通用吻合器及钉仓,01-管型/端端吻合器,172-吻合器,01-纯钛,008-高度固定/加长柄/器身长度≥25cm,乙类,373.00,
2788,C11010117202001,11-吻合器及附件,01-开放及微创手术通用吻合器及钉仓,01-管型/端端吻合器,172-吻合器,02-钛合金,001-高度可调节/标准柄/器身长度＜25cm,乙类,604.00,
2789,C11010117202002,11-吻合器及附件,01-开放及微创手术通用吻合器及钉仓,01-管型/端端吻合器,172-吻合器,02-钛合金,002-高度可调节/标准柄/器身长度≥25cm,乙类,265.00,
2790,C11010117202003,11-吻合器及附件,01-开放及微创手术通用吻合器及钉仓,01-管型/端端吻合器,172-吻合器,02-钛合金,003-高度可调节/加长柄/器身长度＜25cm,乙类,293.00,
2791,C11010117202004,11-吻合器及附件,01-开放及微创手术通用吻合器及钉仓,01-管型/端端吻合器,172-吻合器,02-钛合金,004-高度可调节/加长柄/器身长度≥25cm,乙类,604.00,
2792,C11010117202006,11-吻合器及附件,01-开放及微创手术通用吻合器及钉仓,01-管型/端端吻合器,172-吻合器,02-钛合金,006-高度固定/标准柄/器身长度≥25cm,乙类,203.00,
2793,C11010117202008,11-吻合器及附件,01-开放及微创手术通用吻合器及钉仓,01-管型/端端吻合器,172-吻合器,02-钛合金,008-高度固定/加长柄/器身长度≥25cm,乙类,299.50,
2794,C11010217200001,11-吻合器及附件,01-开放及微创手术通用吻合器及钉仓,02-腔镜切割吻/缝合器,172-吻合器,00-不区分,001-通配型/短柄,乙类,2250.00,
2795,C11010217200002,11-吻合器及附件,01-开放及微创手术通用吻合器及钉仓,02-腔镜切割吻/缝合器,172-吻合器,00-不区分,002-通配型/标准柄,乙类,2250.00,
2796,C11010217200003,11-吻合器及附件,01-开放及微创手术通用吻合器及钉仓,02-腔镜切割吻/缝合器,172-吻合器,00-不区分,003-通配型/加长柄,乙类,2250.00,
2797,C11010217200004,11-吻合器及附件,01-开放及微创手术通用吻合器及钉仓,02-腔镜切割吻/缝合器,172-吻合器,00-不区分,004-固配型/短柄,乙类,1950.00,
2798,C11010217200005,11-吻合器及附件,01-开放及微创手术通用吻合器及钉仓,02-腔镜切割吻/缝合器,172-吻合器,00-不区分,005-固配型/标准柄,乙类,2168.00,
2799,C11010217200006,11-吻合器及附件,01-开放及微创手术通用吻合器及钉仓,02-腔镜切割吻/缝合器,172-吻合器,00-不区分,006-固配型/加长柄,乙类,2069.00,
2800,C11010317301001,11-吻合器及附件,01-开放及微创手术通用吻合器及钉仓,03-腔镜切割吻/缝合器钉仓（钉匣）,173-吻合器适配钉仓,01-纯钛,001-吻合长度≤35mm,乙类,1695.00,
2801,C11010317301002,11-吻合器及附件,01-开放及微创手术通用吻合器及钉仓,03-腔镜切割吻/缝合器钉仓（钉匣）,173-吻合器适配钉仓,01-纯钛,002-吻合长度36-45mm,乙类,1695.00,
2802,C11010317301003,11-吻合器及附件,01-开放及微创手术通用吻合器及钉仓,03-腔镜切割吻/缝合器钉仓（钉匣）,173-吻合器适配钉仓,01-纯钛,003-吻合长度46-60mm,乙类,1695.00,
2803,C11010317301004,11-吻合器及附件,01-开放及微创手术通用吻合器及钉仓,03-腔镜切割吻/缝合器钉仓（钉匣）,173-吻合器适配钉仓,01-纯钛,004-吻合长度≥61mm,乙类,1630.00,
2804,C11010317302001,11-吻合器及附件,01-开放及微创手术通用吻合器及钉仓,03-腔镜切割吻/缝合器钉仓（钉匣）,173-吻合器适配钉仓,02-钛合金,001-吻合长度≤35mm,乙类,1693.50,
2805,C11010317302002,11-吻合器及附件,01-开放及微创手术通用吻合器及钉仓,03-腔镜切割吻/缝合器钉仓（钉匣）,173-吻合器适配钉仓,02-钛合金,002-吻合长度36-45mm,乙类,1693.50,
2806,C11010317302003,11-吻合器及附件,01-开放及微创手术通用吻合器及钉仓,03-腔镜切割吻/缝合器钉仓（钉匣）,173-吻合器适配钉仓,02-钛合金,003-吻合长度46-60mm,乙类,1693.50,
2807,C11010317302004,11-吻合器及附件,01-开放及微创手术通用吻合器及钉仓,03-腔镜切割吻/缝合器钉仓（钉匣）,173-吻合器适配钉仓,02-钛合金,004-吻合长度≥61mm,乙类,1600.00,
2808,C11010417200001,11-吻合器及附件,01-开放及微创手术通用吻合器及钉仓,04-电动腔镜切割吻/缝合器,172-吻合器,00-不区分,001-短柄/吻合长度≤35mm,乙类,4650.00,
2809,C11010417200002,11-吻合器及附件,01-开放及微创手术通用吻合器及钉仓,04-电动腔镜切割吻/缝合器,172-吻合器,00-不区分,002-短柄/吻合长度36-45mm,乙类,4875.00,
2810,C11010417200003,11-吻合器及附件,01-开放及微创手术通用吻合器及钉仓,04-电动腔镜切割吻/缝合器,172-吻合器,00-不区分,003-短柄/吻合长度46-60mm,乙类,4875.00,
2811,C11010417200004,11-吻合器及附件,01-开放及微创手术通用吻合器及钉仓,04-电动腔镜切割吻/缝合器,172-吻合器,00-不区分,004-短柄/吻合长度≥61mm,乙类,4650.00,
2812,C11010417200005,11-吻合器及附件,01-开放及微创手术通用吻合器及钉仓,04-电动腔镜切割吻/缝合器,172-吻合器,00-不区分,005-标准柄/吻合长度≤35mm,乙类,4650.00,
2813,C11010417200006,11-吻合器及附件,01-开放及微创手术通用吻合器及钉仓,04-电动腔镜切割吻/缝合器,172-吻合器,00-不区分,006-标准柄/吻合长度36-45mm,乙类,4650.00,
2814,C11010417200007,11-吻合器及附件,01-开放及微创手术通用吻合器及钉仓,04-电动腔镜切割吻/缝合器,172-吻合器,00-不区分,007-标准柄/吻合长度46-60mm,乙类,4870.00,
2815,C11010417200008,11-吻合器及附件,01-开放及微创手术通用吻合器及钉仓,04-电动腔镜切割吻/缝合器,172-吻合器,00-不区分,008-标准柄/吻合长度≥61mm,乙类,4650.00,
2816,C11010417200009,11-吻合器及附件,01-开放及微创手术通用吻合器及钉仓,04-电动腔镜切割吻/缝合器,172-吻合器,00-不区分,009-加长柄/吻合长度≤35mm,乙类,4650.00,
2817,C11010417200010,11-吻合器及附件,01-开放及微创手术通用吻合器及钉仓,04-电动腔镜切割吻/缝合器,172-吻合器,00-不区分,010-加长柄/吻合长度36-45mm,乙类,4875.00,
2818,C11010417200011,11-吻合器及附件,01-开放及微创手术通用吻合器及钉仓,04-电动腔镜切割吻/缝合器,172-吻合器,00-不区分,011-加长柄/吻合长度46-60mm,乙类,4875.00,
2819,C11010417200012,11-吻合器及附件,01-开放及微创手术通用吻合器及钉仓,04-电动腔镜切割吻/缝合器,172-吻合器,00-不区分,012-加长柄/吻合长度≥61mm,乙类,4650.00,
2820,C11010517301001,11-吻合器及附件,01-开放及微创手术通用吻合器及钉仓,05-电动腔镜切割吻/缝合器钉仓（钉匣）,173-吻合器适配钉仓,01-纯钛,001-吻合长度≤35mm,乙类,3120.00,
2821,C11010517301002,11-吻合器及附件,01-开放及微创手术通用吻合器及钉仓,05-电动腔镜切割吻/缝合器钉仓（钉匣）,173-吻合器适配钉仓,01-纯钛,002-吻合长度36-45mm,乙类,3120.00,
2822,C11010517301003,11-吻合器及附件,01-开放及微创手术通用吻合器及钉仓,05-电动腔镜切割吻/缝合器钉仓（钉匣）,173-吻合器适配钉仓,01-纯钛,003-吻合长度46-60mm,乙类,3120.00,
2823,C11010517301004,11-吻合器及附件,01-开放及微创手术通用吻合器及钉仓,05-电动腔镜切割吻/缝合器钉仓（钉匣）,173-吻合器适配钉仓,01-纯钛,004-吻合长度≥61mm,乙类,2480.00,
2824,C11010517302001,11-吻合器及附件,01-开放及微创手术通用吻合器及钉仓,05-电动腔镜切割吻/缝合器钉仓（钉匣）,173-吻合器适配钉仓,02-钛合金,001-吻合长度≤35mm,乙类,2310.00,
2825,C11010517302002,11-吻合器及附件,01-开放及微创手术通用吻合器及钉仓,05-电动腔镜切割吻/缝合器钉仓（钉匣）,173-吻合器适配钉仓,02-钛合金,002-吻合长度36-45mm,乙类,3105.00,
2826,C11010517302003,11-吻合器及附件,01-开放及微创手术通用吻合器及钉仓,05-电动腔镜切割吻/缝合器钉仓（钉匣）,173-吻合器适配钉仓,02-钛合金,003-吻合长度46-60mm,乙类,3105.00,
2827,C11010717500001,11-吻合器及附件,01-开放及微创手术通用吻合器及钉仓,07-腔镜施夹器（钳）,175-施夹器,00-不区分,001-适配钛夹,乙类,135.18,
2828,C11010717500002,11-吻合器及附件,01-开放及微创手术通用吻合器及钉仓,07-腔镜施夹器（钳）,175-施夹器,00-不区分,002-适配聚合物夹,乙类,2150.00,
2829,C11010817600001,11-吻合器及附件,01-开放及微创手术通用吻合器及钉仓,08-单发结扎夹,176-结扎夹,00-不区分,001-可吸收,乙类,139.20,
2830,C11010817600002,11-吻合器及附件,01-开放及微创手术通用吻合器及钉仓,08-单发结扎夹,176-结扎夹,00-不区分,002-不可吸收,乙类,1575.00,
2831,C11010917600000,11-吻合器及附件,01-开放及微创手术通用吻合器及钉仓,09-腔镜连发钛夹,176-结扎夹,00-不区分,000-常规,乙类,2250.00,
2832,C11011001100000,11-吻合器及附件,01-开放及微创手术通用吻合器及钉仓,10-圈套器,011-圈套器,00-不区分,000-常规,乙类,202.81,
2833,C11011217202001,11-吻合器及附件,01-开放及微创手术通用吻合器及钉仓,12-电动管型/端端吻合器,172-吻合器,02-钛合金,001-高度可调节/器身长度＜,乙类,319.00,
2834,C11011217202002,11-吻合器及附件,01-开放及微创手术通用吻合器及钉仓,12-电动管型/端端吻合器,172-吻合器,02-钛合金,0022-5高cm度可调节/器身长度≥25cm,乙类,4125.00,
2835,C11020117200001,11-吻合器及附件,02-开放手术用吻合器及钉仓,01-直线型切割吻/缝合器,172-吻合器,00-不区分,001-高度可调节/吻合长度≤45mm,乙类,2999.00,
2836,C11020117200002,11-吻合器及附件,02-开放手术用吻合器及钉仓,01-直线型切割吻/缝合器,172-吻合器,00-不区分,002-高度可调节/吻合长度46-,乙类,1653.48,
2837,C11020117200003,11-吻合器及附件,02-开放手术用吻合器及钉仓,01-直线型切割吻/缝合器,172-吻合器,00-不区分,0036-0高m度m可调节/吻合长度61-,乙类,2393.53,
2838,C11020117200004,11-吻合器及附件,02-开放手术用吻合器及钉仓,01-直线型切割吻/缝合器,172-吻合器,00-不区分,0049-9高m度m可调节/吻合长度≥,乙类,2357.90,
2839,C11020117200005,11-吻合器及附件,02-开放手术用吻合器及钉仓,01-直线型切割吻/缝合器,172-吻合器,00-不区分,00150-高0m度m固定/吻合长度≤45mm,乙类,300.00,
2840,C11020117200006,11-吻合器及附件,02-开放手术用吻合器及钉仓,01-直线型切割吻/缝合器,172-吻合器,00-不区分,006-高度固定/吻合长度46-60mm,乙类,1354.35,
2841,C11020117200007,11-吻合器及附件,02-开放手术用吻合器及钉仓,01-直线型切割吻/缝合器,172-吻合器,00-不区分,007-高度固定/吻合长度61-99mm,乙类,2398.89,
2842,C11020117200008,11-吻合器及附件,02-开放手术用吻合器及钉仓,01-直线型切割吻/缝合器,172-吻合器,00-不区分,008-高度固定/吻合长度≥100mm,乙类,1824.84,
2843,C11020217301002,11-吻合器及附件,02-开放手术用吻合器及钉仓,02-直线型切割吻/缝合器钉仓（钉匣）,173-吻合器适配钉仓,01-纯钛,002-高度可调节/吻合长度46-,乙类,2384.46,
2844,C11020217301003,11-吻合器及附件,02-开放手术用吻合器及钉仓,02-直线型切割吻/缝合器钉仓（钉匣）,173-吻合器适配钉仓,01-纯钛,0036-0高m度m可调节/吻合长度61-,乙类,1929.04,
2845,C11020217301005,11-吻合器及附件,02-开放手术用吻合器及钉仓,02-直线型切割吻/缝合器钉仓（钉匣）,173-吻合器适配钉仓,01-纯钛,0059-9高m度m固定/吻合长度≤45mm,乙类,3063.55,
2846,C11020217301006,11-吻合器及附件,02-开放手术用吻合器及钉仓,02-直线型切割吻/缝合器钉仓（钉匣）,173-吻合器适配钉仓,01-纯钛,006-高度固定/吻合长度46-60mm,乙类,2750.62,
2847,C11020217301007,11-吻合器及附件,02-开放手术用吻合器及钉仓,02-直线型切割吻/缝合器钉仓（钉匣）,173-吻合器适配钉仓,01-纯钛,007-高度固定/吻合长度61-99mm,乙类,1722.79,
2848,C11020217301008,11-吻合器及附件,02-开放手术用吻合器及钉仓,02-直线型切割吻/缝合器钉仓（钉匣）,173-吻合器适配钉仓,01-纯钛,008-高度固定/吻合长度≥100mm,乙类,2698.50,
2849,C11020217302003,11-吻合器及附件,02-开放手术用吻合器及钉仓,02-直线型切割吻/缝合器钉仓（钉匣）,173-吻合器适配钉仓,02-钛合金,003-高度可调节/吻合长度61-,乙类,2121.86,
2850,C11020217302006,11-吻合器及附件,02-开放手术用吻合器及钉仓,02-直线型切割吻/缝合器钉仓（钉匣）,173-吻合器适配钉仓,02-钛合金,0069-9高m度m固定/吻合长度46-60mm,乙类,2384.46,
2851,C11020217302007,11-吻合器及附件,02-开放手术用吻合器及钉仓,02-直线型切割吻/缝合器钉仓（钉匣）,173-吻合器适配钉仓,02-钛合金,007-高度固定/吻合长度61-99mm,乙类,1862.02,
2852,C11020217302008,11-吻合器及附件,02-开放手术用吻合器及钉仓,02-直线型切割吻/缝合器钉仓（钉匣）,173-吻合器适配钉仓,02-钛合金,008-高度固定/吻合长度≥100mm,乙类,2384.46,
2853,C11020317200000,11-吻合器及附件,02-开放手术用吻合器及钉仓,03-弧线型切割吻合器,172-吻合器,00-不区分,000-常规,乙类,2720.60,
2854,C11020417301000,11-吻合器及附件,02-开放手术用吻合器及钉仓,04-弧线型切割吻合器钉仓（钉匣）,173-吻合器适配钉仓,01-纯钛,000-常规,乙类,3357.00,
2855,C11020517200001,11-吻合器及附件,02-开放手术用吻合器及钉仓,05-吻/缝/闭合器,172-吻合器,00-不区分,001-高度可调节/吻合长度≤40mm,乙类,1370.53,
2856,C11020517200002,11-吻合器及附件,02-开放手术用吻合器及钉仓,05-吻/缝/闭合器,172-吻合器,00-不区分,002-高度可调节/吻合长度41-,乙类,2678.21,
2857,C11020517200004,11-吻合器及附件,02-开放手术用吻合器及钉仓,05-吻/缝/闭合器,172-吻合器,00-不区分,0046-0高m度m固定/吻合长度≤40mm,乙类,3094.98,
2858,C11020517200005,11-吻合器及附件,02-开放手术用吻合器及钉仓,05-吻/缝/闭合器,172-吻合器,00-不区分,005-高度固定/吻合长度41-60mm,乙类,430.00,
2859,C11020517200006,11-吻合器及附件,02-开放手术用吻合器及钉仓,05-吻/缝/闭合器,172-吻合器,00-不区分,006-高度固定/吻合长度≥61mm,乙类,319.00,
2860,C11020617301001,11-吻合器及附件,02-开放手术用吻合器及钉仓,06-吻/缝/闭合器钉仓（钉匣）,173-吻合器适配钉仓,01-纯钛,001-吻合长度≤40mm,乙类,2441.58,
2861,C11020617301002,11-吻合器及附件,02-开放手术用吻合器及钉仓,06-吻/缝/闭合器钉仓（钉匣）,173-吻合器适配钉仓,01-纯钛,002-吻合长度41-60mm,乙类,2441.58,
2862,C11020617301003,11-吻合器及附件,02-开放手术用吻合器及钉仓,06-吻/缝/闭合器钉仓（钉匣）,173-吻合器适配钉仓,01-纯钛,003-吻合长度≥61mm,乙类,950.00,
2863,C11020717201001,11-吻合器及附件,02-开放手术用吻合器及钉仓,07-痔吻合器,172-吻合器,01-纯钛,001-高度可调节,乙类,364.50,
2864,C11020717201002,11-吻合器及附件,02-开放手术用吻合器及钉仓,07-痔吻合器,172-吻合器,01-纯钛,002-高度固定,乙类,364.50,
2865,C11020717202001,11-吻合器及附件,02-开放手术用吻合器及钉仓,07-痔吻合器,172-吻合器,02-钛合金,001-高度可调节,乙类,364.00,
2866,C11020717202002,11-吻合器及附件,02-开放手术用吻合器及钉仓,07-痔吻合器,172-吻合器,02-钛合金,002-高度固定,乙类,183.00,
2867,C11020817700000,11-吻合器及附件,02-开放手术用吻合器及钉仓,08-荷包钳/器及线,177-吻合器附件,00-不区分,000-常规,乙类,76.87,
2868,C11021017600000,11-吻合器及附件,02-开放手术用吻合器及钉仓,10-开放连发钛夹,176-结扎夹,00-不区分,000-常规,乙类,2300.00,
2869,C11030117200003,11-吻合器及附件,03-其他吻合器及附件,01-其他吻合器及附件,172-吻合器,00-不区分,003-腹壁吻合器,乙类,648.87,
2870,C11030117700001,11-吻合器及附件,03-其他吻合器及附件,01-其他吻合器及附件,177-吻合器附件,00-不区分,001-拆钉器,乙类,1850.72,
2871,C11030124800002,11-吻合器及附件,03-其他吻合器及附件,01-其他吻合器及附件,248-筋膜闭合器,00-不区分,002-筋膜闭合器,乙类,2.60,
2872,C12010111802001,12-修补材料,01-骨盆底修补材料,01-骨盆底修复网片,118-修补材料,02-合成材料,001-不可吸收/平形,乙类,5849.80,
2873,C12010111802002,12-修补材料,01-骨盆底修补材料,01-骨盆底修复网片,118-修补材料,02-合成材料,002-不可吸收/预裁剪,乙类,9541.73,
2874,C12010211802001,12-修补材料,01-骨盆底修补材料,02-骶骨悬吊补片,118-修补材料,02-合成材料,001-不形可吸收/平形,乙类,3905.16,
2875,C12010211802004,12-修补材料,01-骨盆底修补材料,02-骶骨悬吊补片,118-修补材料,02-合成材料,004-部分可吸收/Y形,乙类,4077.39,
2876,C12020111801002,12-修补材料,02-皮肤修补材,01-皮肤修复膜,118-修补材料,01-生物材料,002-可吸收,乙类,4841.82,限治疗类手术使用
2877,C12030111802009,12-修补材料,料03-胸（腹）壁缺损修补材料,01-胸（腹）壁缺损修补片,118-修补材料,02-合成材料,009-完全可吸收/非防粘连/不带自动展开装,乙类,2129.29,
2878,C12040111801001,12-修补材料,04-软组织修补材料,01-软组织修补片,118-修补材料,01-生物材料,置001-交联,乙类,2335.41,
2879,C12040111801002,12-修补材料,04-软组织修补材料,01-软组织修补片,118-修补材料,01-生物材料,002-非交联,乙类,4432.62,
2880,C12040111802001,12-修补材料,04-软组织修补材料,01-软组织修补片,118-修补材料,02-合成材料,001-交联,乙类,4490.56,
2881,C12040111802002,12-修补材料,04-软组织修补材料,01-软组织修补片,118-修补材料,02-合成材料,002-非交联,乙类,1757.51,限治疗类手术使用
2882,C12050111801013,12-修补材料,05-疝修补材料,01-腹股沟疝补片,118-修补材料,01-生物材料,013-完全可吸收/平片/预裁剪,乙类,2750.00,
2883,C12050111801014,12-修补材料,05-疝修补材料,01-腹股沟疝补片,118-修补材料,01-生物材料,014-完全可吸收/平片/非预裁剪,乙类,5800.00,
2884,C12050111802001,12-修补材料,05-疝修补材料,01-腹股沟疝补片,118-修补材料,02-合成材料,001-不可吸收/平片/预裁剪,乙类,140.00,
2885,C12050111802002,12-修补材料,05-疝修补材料,01-腹股沟疝补片,118-修补材料,02-合成材料,002-不可吸收/平片/非预裁剪,乙类,150.00,
2886,C12050111802003,12-修补材料,05-疝修补材料,01-腹股沟疝补片,118-修补材料,02-合成材料,003-不可吸收/网塞/预裁剪,乙类,1374.61,
2887,C12050111802004,12-修补材料,05-疝修补材料,01-腹股沟疝补片,118-修补材料,02-合成材料,004-不可吸收/网塞/非预裁剪,乙类,1350.00,
2888,C12050111802005,12-修补材料,05-疝修补材料,01-腹股沟疝补片,118-修补材料,02-合成材料,005-不可吸收/立体片/预裁剪,乙类,2731.00,
2889,C12050111802006,12-修补材料,05-疝修补材料,01-腹股沟疝补片,118-修补材料,02-合成材料,006-不可吸收/立体片/非预裁剪,乙类,1623.34,
2890,C12050111802007,12-修补材料,05-疝修补材料,01-腹股沟疝补片,118-修补材料,02-合成材料,007-部分可吸收/平片/预裁剪,乙类,1380.00,
2891,C12050111802008,12-修补材料,05-疝修补材料,01-腹股沟疝补片,118-修补材料,02-合成材料,008-部分可吸收/平片/非预裁剪,乙类,1120.00,
2892,C12050111802009,12-修补材料,05-疝修补材料,01-腹股沟疝补片,118-修补材料,02-合成材料,009-部分可吸收/网塞/预裁剪,乙类,1350.00,
2893,C12050111802010,12-修补材料,05-疝修补材料,01-腹股沟疝补片,118-修补材料,02-合成材料,010-部分可吸收/网塞/非预裁剪,乙类,3758.88,
2894,C12050111802011,12-修补材料,05-疝修补材料,01-腹股沟疝补片,118-修补材料,02-合成材料,011-部分可吸收/立体片/预裁剪,乙类,3481.82,
2895,C12050111802012,12-修补材料,05-疝修补材料,01-腹股沟疝补片,118-修补材料,02-合成材料,012-部分可吸收/立体片/非预裁,乙类,655.99,
2896,C12050211801010,12-修补材料,05-疝修补材料,02-腹壁疝补片,118-修补材料,01-生物材料,010-完剪全可吸收/非防粘连/非预,乙类,125.88,
2897,C12050211801012,12-修补材料,05-疝修补材料,02-腹壁疝补片,118-修补材料,01-生物材料,012-完全可吸收/防粘连/非预裁,乙类,1350.00,
2898,C12050211802001,12-修补材料,05-疝修补材料,02-腹壁疝补片,118-修补材料,02-合成材料,001-不剪可吸收/非防粘连/预裁剪,乙类,6000.00,
2899,C12050211802002,12-修补材料,05-疝修补材料,02-腹壁疝补片,118-修补材料,02-合成材料,002-不可吸收/非防粘连/非预裁,乙类,3659.19,
2900,C12050211802003,12-修补材料,05-疝修补材料,02-腹壁疝补片,118-修补材料,02-合成材料,003-不剪可吸收/防粘连/预裁剪,乙类,7000.00,
2901,C12050211802004,12-修补材料,05-疝修补材料,02-腹壁疝补片,118-修补材料,02-合成材料,004-不可吸收/防粘连/非预裁剪,乙类,5246.92,
2902,C12050211802005,12-修补材料,05-疝修补材料,02-腹壁疝补片,118-修补材料,02-合成材料,005-部分可吸收/非防粘连/预裁,乙类,3659.19,
2903,C12050211802006,12-修补材料,05-疝修补材料,02-腹壁疝补片,118-修补材料,02-合成材料,006-部剪分可吸收/非防粘连/非预,乙类,4441.25,
2904,C12050211802007,12-修补材料,05-疝修补材料,02-腹壁疝补片,118-修补材料,02-合成材料,007裁-部剪分可吸收/防粘连/预裁剪,乙类,10865.70,
2905,C12050211802008,12-修补材料,05-疝修补材料,02-腹壁疝补片,118-修补材料,02-合成材料,008-部分可吸收/防粘连/非预裁,乙类,15476.00,
2906,C12050311802003,12-修补材料,05-疝修补材料,03-食道裂孔疝专用补片,118-修补材料,02-合成材料,003-不剪可吸收/防粘连/预裁剪,乙类,18220.00,
2907,C12050311802007,12-修补材料,05-疝修补材料,03-食道裂孔疝专用补片,118-修补材料,02-合成材料,007-部分可吸收/防粘连/预裁剪,乙类,1350.00,
2908,C12050411802001,12-修补材料,05-疝修补材料,04-其他疝修补材料,118-修补材料,02-合成材料,001-脐疝专用补片,乙类,1260.00,
2909,C12050411802002,12-修补材料,05-疝修补材料,04-其他疝修补材料,118-修补材料,02-合成材料,002-造口旁疝专用补片,乙类,1400.00,
2910,C12050512700002,12-修补材料,05-疝修补材料,05-修补固定器（装置）,127-固定器,00-不区分,002-不可吸收/直杆/螺旋钉,乙类,9500.00,
2911,C12050512700006,12-修补材料,05-疝修补材料,05-修补固定器（装置）,127-固定器,00-不区分,006-可吸收/直杆/螺旋,乙类,2846.89,
2912,C12060111800000,12-修补材料,06-心血管修补材料,01-心脏补片,118-修补材料,00-不区分,钉000-常规,乙类,1604.30,
2913,C12060211800000,12-修补材料,06-心血管修补材料,02-血管补片,118-修补材料,00-不区分,000-常规,乙类,4031.46,
2914,C12070111800000,12-修补材料,07-其他修补材,01-其他修补材料,118-修补材料,00-不区分,000-常规,乙类,1702.98,
2915,C14020118200000,14-基础卫生材,02-常规料医疗用,01-药品吸入器,182-吸入器,00-不区分,000-常规,乙类,15.12,
2916,C14020225600003,14-基础料卫生材,02-常规品医疗用,02-其他常规医疗用品,256-肛门镜,00-不区分,003-肛门镜,乙类,9.07,
2917,C14020225900006,14-基础料卫生材,02-常规品医疗用,02-其他常规医疗用品,259-胶片,00-不区分,006-胶片,乙类,12.50,
2918,C14020226500012,14-基础料卫生材料,02-常规品医疗用品,02-其他常规医疗用品,265-清创护理材,00-不区分,012-清创护理材,乙类,20.53,
2919,C14020226600013,14-基础卫生材,02-常规医疗用,02-其他常规医疗用品,266-吸氧管,00-不区分,013-吸氧管,乙类,5.00,
2920,C14020226700014,14-基础料卫生材料,02-常规品医疗用品,02-其他常规医疗用品,267-吸氧面罩,00-不区分,014-吸氧面罩,乙类,13.14,
2921,C14020226900017,14-基础卫生材料,02-常规医疗用品,02-其他常规医疗用品,269-阴道扩张,00-不区分,017-阴道扩张,乙类,1.04,
2922,C14020227100019,14-基础卫生材料,02-常规医疗用品,02-其他常规医疗用品,271-导管固定,00-不区分,019-导管固定,乙类,0.61,
2923,C14040100500000,14-基础卫生材,04-等离子刀头,01-等离子刀头,005-手术刀头,00-不区分,000-常规,乙类,2148.57,
2924,C14050100500000,14-基础料卫生材,05-射频刀头,01-射频切割凝闭刀头,005-手术刀头,00-不区分,000-常规,乙类,1113.95,
2925,C14070318300000,14-基础料卫生材料,07-光电及辅助材料,03-传感器及辅助材料,183-贴片,00-不区分,000-常规,乙类,308.29,
2926,C14080118400001,14-基础卫生材料,08-缝合及凝固材料,01-不可吸收性特殊理化缝线,184-不可吸收性缝线,00-不区分,001-免打结/单股/带针/7/0#及以,乙类,7.42,
2927,C14080118400002,14-基础卫生材料,08-缝合及凝固材料,01-不可吸收性特殊理化缝线,184-不可吸收性缝线,00-不区分,002-免下打结/单股/带针/4/0#-6/0#,乙类,23.63,
2928,C14080118400003,14-基础卫生材料,08-缝合及凝固材料,01-不可吸收性特殊理化缝线,184-不可吸收性缝线,00-不区分,003-免打结/单股/带针/3/0#及以,乙类,58.86,
2929,C14080118400025,14-基础卫生材料,08-缝合及凝固材料,01-不可吸收性特殊理化缝线,184-不可吸收性缝线,00-不区分,025-防上渗漏/单股/带针/7/0#及以,乙类,286.96,
2930,C14080118400026,14-基础卫生材料,08-缝合及凝固材料,01-不可吸收性特殊理化缝线,184-不可吸收性缝线,00-不区分,026-防下渗漏/单股/带针/4/0#-6/0#,乙类,207.16,
2931,C14080118400027,14-基础卫生材料,08-缝合及凝固材料,01-不可吸收性特殊理化缝线,184-不可吸收性缝线,00-不区分,027-防渗漏/单股/带针/3/0#及以,乙类,278.33,
2932,C14080118400036,14-基础卫生材料,08-缝合及凝固材料,01-不可吸收性特殊理化缝线,184-不可吸收性缝线,00-不区分,036-防渗漏/编织/不带针/3/0#及,乙类,300.00,
2933,C14080218400001,14-基础卫生材料,08-缝合及凝固材料,02-不可吸收性非特殊理化缝线,184-不可吸收性缝线,00-不区分,001以-单上股/带针/7/0#及以下,乙类,98.61,
2934,C14080218400002,14-基础卫生材料,08-缝合及凝固材料,02-不可吸收性非特殊理化缝线,184-不可吸收性缝线,00-不区分,002-单股/带针/4/0#-,乙类,292.00,
2935,C14080218400003,14-基础卫生材料,08-缝合及凝固材料,02-不可吸收性非特殊理化缝线,184-不可吸收性缝线,00-不区分,0036-/单0#股/带针/3/0#及以上,乙类,292.00,
2936,C14080218400005,14-基础卫生材料,08-缝合及凝固材料,02-不可吸收性非特殊理化缝线,184-不可吸收性缝线,00-不区分,005-单股/不带针/4/0#-6/0#,乙类,292.00,
2937,C14080218400006,14-基础卫生材料,08-缝合及凝固材料,02-不可吸收性非特殊理化缝线,184-不可吸收性缝线,00-不区分,006-单股/不带针/3/0#及以,乙类,292.00,
2938,C14080218400007,14-基础卫生材料,08-缝合及凝固材料,02-不可吸收性非特殊理化缝线,184-不可吸收性缝线,00-不区分,007-上编织/带针/7/0#及以下,乙类,1008.00,
2939,C14080218400008,14-基础卫生材料,08-缝合及凝固材料,02-不可吸收性非特殊理化缝线,184-不可吸收性缝线,00-不区分,008-编织/带针/4/0#-,乙类,302.00,
2940,C14080218400009,14-基础卫生材料,08-缝合及凝固材料,02-不可吸收性非特殊理化缝线,184-不可吸收性缝线,00-不区分,0096-/编0#织/带针/3/0#及以上,乙类,1055.00,
2941,C14080218400010,14-基础卫生材料,08-缝合及凝固材料,02-不可吸收性非特殊理化缝线,184-不可吸收性缝线,00-不区分,010-编织/不带针/7/0#及以,乙类,300.00,
2942,C14080218400011,14-基础卫生材料,08-缝合及凝固材料,02-不可吸收性非特殊理化缝线,184-不可吸收性缝线,00-不区分,011-下编织/不带针/4/0#-6/0#,乙类,304.00,
2943,C14080218400012,14-基础卫生材料,08-缝合及凝固材料,02-不可吸收性非特殊理化缝线,184-不可吸收性缝线,00-不区分,012-编织/不带针/3/0#及以,乙类,304.00,
2944,C14080318500002,14-基础卫生材料,08-缝合及凝固材料,03-可吸收性特殊理化缝线,185-可吸收缝线,00-不区分,002-含上抗菌剂/单股/带针/4/0#-,乙类,227.04,
2945,C14080318500003,14-基础卫生材料,08-缝合及凝固材料,03-可吸收性特殊理化缝线,185-可吸收缝线,00-不区分,0036-含/0抗# 菌剂/单股/带针/3/0#及以上,乙类,291.56,
2946,C14080318500008,14-基础卫生材料,08-缝合及凝固材料,03-可吸收性特殊理化缝线,185-可吸收缝线,00-不区分,008-含抗菌剂/编织/带针/4/0#-,乙类,62.56,
2947,C14080318500009,14-基础卫生材料,08-缝合及凝固材料,03-可吸收性特殊理化缝线,185-可吸收缝线,00-不区分,0096-含/0抗# 菌剂/编织/带针/3/0#及以上,乙类,62.14,
2948,C14080318500014,14-基础卫生材料,08-缝合及凝固材料,03-可吸收性特殊理化缝线,185-可吸收缝线,00-不区分,014-免打结/单股/带针/4/0#-6/0#,乙类,527.51,
2949,C14080318500015,14-基础卫生材料,08-缝合及凝固材料,03-可吸收性特殊理化缝线,185-可吸收缝线,00-不区分,015-免打结/单股/带针/3/0#及以,乙类,558.54,
2950,C14080318500018,14-基础卫生材料,08-缝合及凝固材料,03-可吸收性特殊理化缝线,185-可吸收缝线,00-不区分,018-免上打结/单股/不带针/3/0#及,乙类,493.51,
2951,C14080318500037,14-基础卫生材料,08-缝合及凝固材料,03-可吸收性特殊理化缝线,185-可吸收缝线,00-不区分,037以-防上刺伤/单股/带针/7/0#及以,乙类,271.83,
2952,C14080318500038,14-基础卫生材料,08-缝合及凝固材料,03-可吸收性特殊理化缝线,185-可吸收缝线,00-不区分,038-防下刺伤/单股/带针/4/0#-6/0#,乙类,398.27,
2953,C14080318500039,14-基础卫生材料,08-缝合及凝固材料,03-可吸收性特殊理化缝线,185-可吸收缝线,00-不区分,039-防刺伤/单股/带针/3/0#及以,乙类,405.87,
2954,C14080318500044,14-基础卫生材料,08-缝合及凝固材料,03-可吸收性特殊理化缝线,185-可吸收缝线,00-不区分,044-防上刺伤/编织/带针/4/0#-6/0#,乙类,266.31,
2955,C14080318500045,14-基础卫生材料,08-缝合及凝固材料,03-可吸收性特殊理化缝线,185-可吸收缝线,00-不区分,045-防刺伤/编织/带针/3/0#及以,乙类,137.96,
2956,C14080318500050,14-基础卫生材料,08-缝合及凝固材料,03-可吸收性特殊理化缝线,185-可吸收缝线,00-不区分,050-含上抗菌剂免打结/单股/带针/4/0#-6/0#,乙类,746.16,
2957,C14080318500051,14-基础卫生材料,08-缝合及凝固材料,03-可吸收性特殊理化缝线,185-可吸收缝线,00-不区分,051-含抗菌剂免打结/单股/带针/3/0#及以,乙类,687.72,
2958,C14080318500063,14-基础卫生材料,08-缝合及凝固材料,03-可吸收性特殊理化缝线,185-可吸收缝线,00-不区分,063-含抗菌剂防刺伤/单股/带针/3/0#及以,乙类,325.56,
2959,C14080318500068,14-基础卫生材料,08-缝合及凝固材料,03-可吸收性特殊理化缝线,185-可吸收缝线,00-不区分,068-含上抗菌剂防刺伤/编织/带针/4/0#-6/0#,乙类,120.00,
2960,C14080318500069,14-基础卫生材料,08-缝合及凝固材料,03-可吸收性特殊理化缝线,185-可吸收缝线,00-不区分,069-含抗菌剂防刺伤/编织/带针/3/0#及以,乙类,192.74,
2961,C14080418500001,14-基础卫生材料,08-缝合及凝固材料,04-可吸收性非特殊理化缝线,185-可吸收缝线,00-不区分,001-上单股/带针/7/0#及以下,乙类,102.12,
2962,C14080418500002,14-基础卫生材料,08-缝合及凝固材料,04-可吸收性非特殊理化缝线,185-可吸收缝线,00-不区分,002-单股/带针/4/0#-,乙类,98.36,
2963,C14080418500003,14-基础卫生材料,08-缝合及凝固材料,04-可吸收性非特殊理化缝线,185-可吸收缝线,00-不区分,0036-/单0#股/带针/3/0#及以上,乙类,80.83,
2964,C14080418500006,14-基础卫生材料,08-缝合及凝固材料,04-可吸收性非特殊理化缝线,185-可吸收缝线,00-不区分,006-单股/不带针/3/0#及以,乙类,26.23,
2965,C14080418500007,14-基础卫生材料,08-缝合及凝固材料,04-可吸收性非特殊理化缝线,185-可吸收缝线,00-不区分,007-上编织/带针/7/0#及以下,乙类,22.54,
2966,C14080418500008,14-基础卫生材料,08-缝合及凝固材料,04-可吸收性非特殊理化缝线,185-可吸收缝线,00-不区分,008-编织/带针/4/0#-,乙类,23.67,
2967,C14080418500009,14-基础卫生材料,08-缝合及凝固材料,04-可吸收性非特殊理化缝线,185-可吸收缝线,00-不区分,0096-/编0#织/带针/3/0#及以上,乙类,25.73,
2968,C14080418500011,14-基础卫生材料,08-缝合及凝固材料,04-可吸收性非特殊理化缝线,185-可吸收缝线,00-不区分,011-编织/不带针/4/0#-6/0#,乙类,22.16,
2969,C14080418500012,14-基础卫生材料,08-缝合及凝固材料,04-可吸收性非特殊理化缝线,185-可吸收缝线,00-不区分,012-编织/不带针/3/0#及以,乙类,76.14,
2970,C14080618700001,14-基础卫生材料,08-缝合及凝固材料,06-皮肤缝合器,187-缝合器,00-不区分,上001-≤35枚,乙类,107.93,
2971,C14080618700002,14-基础卫生材料,08-缝合及凝固材料,06-皮肤缝合器,187-缝合器,00-不区分,002-＞35枚,乙类,159.38,
2972,C14080727400001,14-基础卫生材料,08-缝合及凝固材料,07-其他缝合及凝固材料,274-缝合针,00-不区分,001-缝合针,乙类,3.48,
2973,C14080802200001,14-基础卫生材料,08-缝合及凝固材料,08-止血夹,022-止血夹,00-不区分,001-专科/单件,乙类,18.67,
2974,C14080802200002,14-基础卫生材料,08-缝合及凝固材料,08-止血夹,022-止血夹,00-不区分,002-专科/套装,乙类,172.10,
2975,C14080802200003,14-基础卫生材料,08-缝合及凝固材料,08-止血夹,022-止血夹,00-不区分,003-通用/单件,乙类,9.54,
2976,C14090118800000,14-基础卫生材,09-护创材料,01-外固定材料,188-外固定材料,00-不区分,000-常规,乙类,1.68,
2977,C14100118900001,14-基础料卫生材料,10-麻醉包及套件,01-麻醉包,189-麻醉套包,00-不区分,001-全身麻醉,乙类,58.24,
2978,C14100118900002,14-基础卫生材料,10-麻醉包及套件,01-麻醉包,189-麻醉套包,00-不区分,002-硬膜外麻醉,乙类,59.64,
2979,C14100118900003,14-基础卫生材料,10-麻醉包及套件,01-麻醉包,189-麻醉套包,00-不区分,003-神经阻滞麻醉,乙类,38.96,
2980,C14100118900004,14-基础卫生材,10-麻醉包及套,01-麻醉包,189-麻醉套包,00-不区分,004-其他,乙类,40.50,
2981,C14100218900000,14-基础料卫生材,10-麻醉件包及套,02-局麻针,189-麻醉套包,00-不区分,000-常规,乙类,9.53,
2982,C14100318900000,14-基础料卫生材,10-麻醉件包及套,03-局麻导管,189-麻醉套包,00-不区分,000-常规,乙类,72.13,
2983,C14100418900000,14-基础料卫生材,10-麻醉件包及套,04-其他麻醉套件,189-麻醉套包,00-不区分,000-其他,乙类,45.90,
2984,C14100423000003,14-基础料卫生材料,10-麻醉件包及套件,04-其他麻醉套件,230-气体吸附器,00-不区分,003-气体吸附器,乙类,37.36,
2985,C14110119000001,14-基础卫生材,11-药液转移器,01-药液转移器,190-移液器,00-不区分,001-有针,乙类,1.47,
2986,C14110119000002,14-基础料卫生材,11-药液转移器,01-药液转移器,190-移液器,00-不区分,002-无针,乙类,6.54,
2987,C14120119100000,14-基础料卫生材,12-引流袋,01-集尿袋,191-集尿袋,00-不区分,000-常规,乙类,3.36,
2988,C14120203500000,14-基础料卫生材,12-引流袋,02-引流袋,035-引流装置,00-不区分,000-常规,乙类,5.12,
2989,C14130119200001,14-基础料卫生材,13-造口护理材,01-造口袋,192-造口袋,00-不区分,001-一件式,乙类,34.91,
2990,C14130119200002,14-基础料卫生材,13-造口料护理材,01-造口袋,192-造口袋,00-不区分,002-两件式,乙类,73.41,
2991,C14150100400000,14-基础料卫生材,15-扩料张导管,01-子宫颈扩张导管,004-导管,00-不区分,000-常规,乙类,2000.00,
2992,C14150200200001,14-基础料卫生材料,15-扩张导管,02-子宫颈扩张球囊,002-球囊,00-不区分,001-带可调式针芯,乙类,437.16,
2993,C14150200200002,14-基础卫生材料,15-扩张导管,02-子宫颈扩张球囊,002-球囊,00-不区分,002-不带可调式针芯,乙类,410.29,
2994,C14150400400000,14-基础卫生材,15-扩张导管,04-其他扩张类导管,004-导管,00-不区分,000-常规,乙类,2000.00,
2995,C14160100400000,14-基础料卫生材,16-测压导管,01-动静脉测压管,004-导管,00-不区分,000-常规,乙类,4.00,
2996,C14160600400000,14-基础料卫生材,16-测压导管,06-膀胱内静压监测包,004-导管,00-不区分,000-常规,乙类,1081.40,
2997,C14160700400002,14-基础料卫生材,16-测压导管,07-尿动力学导管,004-导管,00-不区分,002-双腔,乙类,1000.00,
2998,C14160700400003,14-基础料卫生材,16-测压导管,07-尿动力学导管,004-导管,00-不区分,003-三腔,乙类,1000.00,
2999,C14160900400000,14-基础料卫生材,16-测压导管,09-直肠测压导管,004-导管,00-不区分,000-常规,乙类,216.86,
3000,C14161000400000,14-基础料卫生材,16-测压导管,10-测压连接管,004-导管,00-不区分,000-常规,乙类,22.97,
3001,C14161100400000,14-基础料卫生材,16-测压导管,11-压力监测套件,004-导管,00-不区分,000-常规,乙类,200.22,
3002,C14170103501002,14-基础卫生材料,17-导管、引流装置,01-胸腔引流管,035-引流装置,01-PVC,002-数字式/负压/不带针胸管,乙类,331.00,
3003,C14170103501003,14-基础卫生材料,17-导管、引流装置,01-胸腔引流管,035-引流装置,01-PVC,003-数字式/无负压/带针胸管,乙类,344.28,
3004,C14170103501006,14-基础卫生材料,17-导管、引流装置,01-胸腔引流管,035-引流装置,01-PVC,006-非数字式/负压/不带针胸管,乙类,7.78,
3005,C14170103501007,14-基础卫生材料,17-导管、引流装置,01-胸腔引流管,035-引流装置,01-PVC,007-非数字式/无负压/带针胸管,乙类,6.93,
3006,C14170103501008,14-基础卫生材料,17-导管、引流装置,01-胸腔引流管,035-引流装置,01-PVC,008-非数字式/无负压/不带针胸管,乙类,5.17,
3007,C14170103502004,14-基础卫生材料,17-导管、引流装置,01-胸腔引流管,035-引流装置,02-乳胶,004-数字式/无负压/不带针胸管,乙类,1000.00,
3008,C14170103502007,14-基础卫生材料,17-导管、引流装置,01-胸腔引流管,035-引流装置,02-乳胶,007-非数字式/无负压/带针胸管,乙类,1000.00,
3009,C14170103503004,14-基础卫生材料,17-导管、引流装置,01-胸腔引流管,035-引流装置,03-硅胶,004-数字式/无负压/不带针胸管,乙类,8.31,
3010,C14170103503005,14-基础卫生材料,17-导管、引流装置,01-胸腔引流管,035-引流装置,03-硅胶,005-非数字式/负压/带针胸管,乙类,1000.00,
3011,C14170103503008,14-基础卫生材料,17-导管、引流装置,01-胸腔引流管,035-引流装置,03-硅胶,008-非数字式/无负压/不带针胸管,乙类,12.16,
3012,C14170203500001,14-基础卫生材料,17-导管、引流装置,02-胸腔引流瓶,035-引流装置,00-不区分,001-数字式/可加负压/单腔,乙类,7.58,
3013,C14170203500003,14-基础卫生材料,17-导管、引流装置,02-胸腔引流瓶,035-引流装置,00-不区分,003-数字式/可加负压/多腔,乙类,47.15,
3014,C14170203500004,14-基础卫生材料,17-导管、引流装置,02-胸腔引流瓶,035-引流装置,00-不区分,004-数字式/不可加负压/单腔,乙类,20.81,
3015,C14170203500005,14-基础卫生材料,17-导管、引流装置,02-胸腔引流瓶,035-引流装置,00-不区分,005-数字式/不可加负压/双腔,乙类,45.55,
3016,C14170203500006,14-基础卫生材料,17-导管、引流装置,02-胸腔引流瓶,035-引流装置,00-不区分,006-数字式/不可加负压/多腔,乙类,12.71,
3017,C14170203500007,14-基础卫生材料,17-导管、引流装置,02-胸腔引流瓶,035-引流装置,00-不区分,007-非数字式/可加负压/单腔,乙类,18.62,
3018,C14170203500008,14-基础卫生材料,17-导管、引流装置,02-胸腔引流瓶,035-引流装置,00-不区分,008-非数字式/可加负压/双腔,乙类,320.00,
3019,C14170203500009,14-基础卫生材料,17-导管、引流装置,02-胸腔引流瓶,035-引流装置,00-不区分,009-非数字式/可加负压/多腔,乙类,54.83,
3020,C14170203500010,14-基础卫生材料,17-导管、引流装置,02-胸腔引流瓶,035-引流装置,00-不区分,010-非数字式/不可加负压/单腔,乙类,15.39,
3021,C14170203500011,14-基础卫生材料,17-导管、引流装置,02-胸腔引流瓶,035-引流装置,00-不区分,011-非数字式/不可加负压/双腔,乙类,18.55,
3022,C14170203500012,14-基础卫生材料,17-导管、引流装置,02-胸腔引流瓶,035-引流装置,00-不区分,012-非数字式/不可加负压/多腔,乙类,55.33,
3023,C14170303501001,14-基础卫生材料,17-导管、引流装置,03-腹腔引流管,035-引流装置,01-PVC,001-负压/带穿刺针,乙类,320.00,
3024,C14170303501002,14-基础卫生材料,17-导管、引流装置,03-腹腔引流管,035-引流装置,01-PVC,002-负压/不带穿刺针,乙类,439.80,
3025,C14170303501004,14-基础卫生材料,17-导管、引流装置,03-腹腔引流管,035-引流装置,01-PVC,004-无负压/不带穿刺,乙类,1000.00,
3026,C14170303502004,14-基础卫生材料,17-导管、引流装置,03-腹腔引流管,035-引流装置,02-乳胶,004-无负压/不带穿刺,乙类,7.67,
3027,C14170303503001,14-基础卫生材料,17-导管、引流装置,03-腹腔引流管,035-引流装置,03-硅胶,001-负压/带穿刺针,乙类,287.77,
3028,C14170303503002,14-基础卫生材料,17-导管、引流装置,03-腹腔引流管,035-引流装置,03-硅胶,002-负压/不带穿刺针,乙类,177.32,
3029,C14170303503003,14-基础卫生材料,17-导管、引流装置,03-腹腔引流管,035-引流装置,03-硅胶,003-无负压/带穿刺针,乙类,1000.00,
3030,C14170303503004,14-基础卫生材料,17-导管、引流装置,03-腹腔引流管,035-引流装置,03-硅胶,004-无负压/不带穿刺,乙类,7.41,
3031,C14170419501001,14-基础卫生材料,17-导管、引流装置,04-导尿管/套装,195-导尿包,01-PVC,001-硅胶涂层/单腔,乙类,18.23,
3032,C14170419501005,14-基础卫生材料,17-导管、引流装置,04-导尿管/套装,195-导尿包,01-PVC,005-超滑涂层/单腔,乙类,21.34,
3033,C14170419501013,14-基础卫生材料,17-导管、引流装置,04-导尿管/套装,195-导尿包,01-PVC,013-复合涂层/单腔,乙类,19.38,
3034,C14170419501017,14-基础卫生材料,17-导管、引流装置,04-导尿管/套装,195-导尿包,01-PVC,017-测温/单腔,乙类,16.00,
3035,C14170419501018,14-基础卫生材料,17-导管、引流装置,04-导尿管/套装,195-导尿包,01-PVC,018-测温/双腔,乙类,18.00,
3036,C14170419502001,14-基础卫生材料,17-导管、引流装置,04-导尿管/套装,195-导尿包,02-乳胶,001-硅胶涂层/单腔,乙类,17.66,
3037,C14170419502002,14-基础卫生材料,17-导管、引流装置,04-导尿管/套装,195-导尿包,02-乳胶,002-硅胶涂层/双腔,乙类,19.73,
3038,C14170419502003,14-基础卫生材料,17-导管、引流装置,04-导尿管/套装,195-导尿包,02-乳胶,003-硅胶涂层/三腔,乙类,16.88,
3039,C14170419502005,14-基础卫生材料,17-导管、引流装置,04-导尿管/套装,195-导尿包,02-乳胶,005-超滑涂层/单腔,乙类,26.92,
3040,C14170419502006,14-基础卫生材料,17-导管、引流装置,04-导尿管/套装,195-导尿包,02-乳胶,006-超滑涂层/双腔,乙类,22.22,
3041,C14170419502007,14-基础卫生材料,17-导管、引流装置,04-导尿管/套装,195-导尿包,02-乳胶,007-超滑涂层/三腔,乙类,26.68,
3042,C14170419502009,14-基础卫生材料,17-导管、引流装置,04-导尿管/套装,195-导尿包,02-乳胶,009-抗菌涂层/单腔,乙类,23.68,
3043,C14170419502010,14-基础卫生材料,17-导管、引流装置,04-导尿管/套装,195-导尿包,02-乳胶,010-抗菌涂层/双腔,乙类,14.28,
3044,C14170419502013,14-基础卫生材料,17-导管、引流装置,04-导尿管/套装,195-导尿包,02-乳胶,013-复合涂层/单腔,乙类,19.22,
3045,C14170419502014,14-基础卫生材料,17-导管、引流装置,04-导尿管/套装,195-导尿包,02-乳胶,014-复合涂层/双腔,乙类,18.18,
3046,C14170419502015,14-基础卫生材料,17-导管、引流装置,04-导尿管/套装,195-导尿包,02-乳胶,015-复合涂层/三腔,乙类,21.97,
3047,C14170419502018,14-基础卫生材料,17-导管、引流装置,04-导尿管/套装,195-导尿包,02-乳胶,018-测温/双腔,乙类,17.58,
3048,C14170419502019,14-基础卫生材料,17-导管、引流装置,04-导尿管/套装,195-导尿包,02-乳胶,019-测温/三腔,乙类,20.23,
3049,C14170419503002,14-基础卫生材料,17-导管、引流装置,04-导尿管/套装,195-导尿包,03-硅胶,002-硅胶涂层/双腔,乙类,30.35,
3050,C14170419503003,14-基础卫生材料,17-导管、引流装置,04-导尿管/套装,195-导尿包,03-硅胶,003-硅胶涂层/三腔,乙类,12.58,
3051,C14170419503005,14-基础卫生材料,17-导管、引流装置,04-导尿管/套装,195-导尿包,03-硅胶,005-超滑涂层/单腔,乙类,18.00,
3052,C14170419503006,14-基础卫生材料,17-导管、引流装置,04-导尿管/套装,195-导尿包,03-硅胶,006-超滑涂层/双腔,乙类,18.00,
3053,C14170419503007,14-基础卫生材料,17-导管、引流装置,04-导尿管/套装,195-导尿包,03-硅胶,007-超滑涂层/三腔,乙类,18.00,
3054,C14170419503010,14-基础卫生材料,17-导管、引流装置,04-导尿管/套装,195-导尿包,03-硅胶,010-抗菌涂层/双腔,乙类,17.44,
3055,C14170419503011,14-基础卫生材料,17-导管、引流装置,04-导尿管/套装,195-导尿包,03-硅胶,011-抗菌涂层/三腔,乙类,19.40,
3056,C14170419503014,14-基础卫生材料,17-导管、引流装置,04-导尿管/套装,195-导尿包,03-硅胶,014-复合涂层/双腔,乙类,18.53,
3057,C14170419503019,14-基础卫生材料,17-导管、引流装置,04-导尿管/套装,195-导尿包,03-硅胶,019-测温/三腔,乙类,18.00,
3058,C14170519601001,14-基础卫生材料,17-导管、引流装置,05-儿童导尿管,196-导尿管,01-PVC,001-硅胶涂层/单腔,乙类,18.36,
3059,C14170519601005,14-基础卫生材料,17-导管、引流装置,05-儿童导尿管,196-导尿管,01-PVC,005-超滑涂层/单腔,乙类,15.02,
3060,C14170519601013,14-基础卫生材料,17-导管、引流装置,05-儿童导尿管,196-导尿管,01-PVC,013-复合涂层/单腔,乙类,5.39,
3061,C14170519602001,14-基础卫生材料,17-导管、引流装置,05-儿童导尿管,196-导尿管,02-乳胶,001-硅胶涂层/单腔,乙类,6.28,
3062,C14170519602002,14-基础卫生材料,17-导管、引流装置,05-儿童导尿管,196-导尿管,02-乳胶,002-硅胶涂层/双腔,乙类,7.50,
3063,C14170519602005,14-基础卫生材料,17-导管、引流装置,05-儿童导尿管,196-导尿管,02-乳胶,005-超滑涂层/单腔,乙类,16.00,
3064,C14170519602006,14-基础卫生材料,17-导管、引流装置,05-儿童导尿管,196-导尿管,02-乳胶,006-超滑涂层/双腔,乙类,16.94,
3065,C14170519602014,14-基础卫生材料,17-导管、引流装置,05-儿童导尿管,196-导尿管,02-乳胶,014-复合涂层/双腔,乙类,4.50,
3066,C14170519603001,14-基础卫生材料,17-导管、引流装置,05-儿童导尿管,196-导尿管,03-硅胶,001-硅胶涂层/单腔,乙类,120.39,
3067,C14170519603002,14-基础卫生材料,17-导管、引流装置,05-儿童导尿管,196-导尿管,03-硅胶,002-硅胶涂层/双腔,乙类,36.10,
3068,C14170519603009,14-基础卫生材料,17-导管、引流装置,05-儿童导尿管,196-导尿管,03-硅胶,009-抗菌涂层/单腔,乙类,2.56,
3069,C14170519603010,14-基础卫生材料,17-导管、引流装置,05-儿童导尿管,196-导尿管,03-硅胶,010-抗菌涂层/双腔,乙类,180.00,
3070,C14170519603018,14-基础卫生材料,17-导管、引流装置,05-儿童导尿管,196-导尿管,03-硅胶,018-测温/双腔,乙类,18.00,
3071,C14170619601005,14-基础卫生材料,17-导管、引流装置,06-成人导尿管,196-导尿管,01-PVC,005-超滑涂层/单腔,乙类,10.82,
3072,C14170619601013,14-基础卫生材料,17-导管、引流装置,06-成人导尿管,196-导尿管,01-PVC,013-复合涂层/单腔,乙类,2.20,
3073,C14170619601017,14-基础卫生材料,17-导管、引流装置,06-成人导尿管,196-导尿管,01-PVC,017-测温/单腔,乙类,0.58,
3074,C14170619602001,14-基础卫生材料,17-导管、引流装置,06-成人导尿管,196-导尿管,02-乳胶,001-硅胶涂层/单腔,乙类,5.77,
3075,C14170619602002,14-基础卫生材料,17-导管、引流装置,06-成人导尿管,196-导尿管,02-乳胶,002-硅胶涂层/双腔,乙类,6.35,
3076,C14170619602003,14-基础卫生材料,17-导管、引流装置,06-成人导尿管,196-导尿管,02-乳胶,003-硅胶涂层/三腔,乙类,7.55,
3077,C14170619602004,14-基础卫生材料,17-导管、引流装置,06-成人导尿管,196-导尿管,02-乳胶,004-硅胶涂层/四腔,乙类,9.25,
3078,C14170619602005,14-基础卫生材料,17-导管、引流装置,06-成人导尿管,196-导尿管,02-乳胶,005-超滑涂层/单腔,乙类,3.82,
3079,C14170619602006,14-基础卫生材料,17-导管、引流装置,06-成人导尿管,196-导尿管,02-乳胶,006-超滑涂层/双腔,乙类,10.32,
3080,C14170619602007,14-基础卫生材料,17-导管、引流装置,06-成人导尿管,196-导尿管,02-乳胶,007-超滑涂层/三腔,乙类,72.61,
3081,C14170619602009,14-基础卫生材料,17-导管、引流装置,06-成人导尿管,196-导尿管,02-乳胶,009-抗菌涂层/单腔,乙类,3.44,
3082,C14170619602013,14-基础卫生材料,17-导管、引流装置,06-成人导尿管,196-导尿管,02-乳胶,013-复合涂层/单腔,乙类,138.97,
3083,C14170619602014,14-基础卫生材料,17-导管、引流装置,06-成人导尿管,196-导尿管,02-乳胶,014-复合涂层/双腔,乙类,244.23,
3084,C14170619602015,14-基础卫生材料,17-导管、引流装置,06-成人导尿管,196-导尿管,02-乳胶,015-复合涂层/三腔,乙类,144.44,
3085,C14170619602017,14-基础卫生材料,17-导管、引流装置,06-成人导尿管,196-导尿管,02-乳胶,017-测温/单腔,乙类,5.25,
3086,C14170619602018,14-基础卫生材料,17-导管、引流装置,06-成人导尿管,196-导尿管,02-乳胶,018-测温/双腔,乙类,6.92,
3087,C14170619603001,14-基础卫生材料,17-导管、引流装置,06-成人导尿管,196-导尿管,03-硅胶及其他,001-硅胶涂层/单腔,乙类,122.56,
3088,C14170619603002,14-基础卫生材料,17-导管、引流装置,06-成人导尿管,196-导尿管,03-硅胶及其他,002-硅胶涂层/双腔,乙类,47.29,
3089,C14170619603003,14-基础卫生材料,17-导管、引流装置,06-成人导尿管,196-导尿管,03-硅胶及其他,003-硅胶涂层/三腔,乙类,45.23,
3090,C14170619603006,14-基础卫生材料,17-导管、引流装置,06-成人导尿管,196-导尿管,03-硅胶及其他,006-超滑涂层/双腔,乙类,18.00,
3091,C14170619603007,14-基础卫生材料,17-导管、引流装置,06-成人导尿管,196-导尿管,03-硅胶及其他,007-超滑涂层/三腔,乙类,18.00,
3092,C14170619603008,14-基础卫生材料,17-导管、引流装置,06-成人导尿管,196-导尿管,03-硅胶及其他,008-超滑涂层/四腔,乙类,4.82,
3093,C14170619603009,14-基础卫生材料,17-导管、引流装置,06-成人导尿管,196-导尿管,03-硅胶及其他,009-抗菌涂层/单腔,乙类,2.59,
3094,C14170619603010,14-基础卫生材料,17-导管、引流装置,06-成人导尿管,196-导尿管,03-硅胶及其他,010-抗菌涂层/双腔,乙类,11.87,
3095,C14170619603011,14-基础卫生材料,17-导管、引流装置,06-成人导尿管,196-导尿管,03-硅胶及其他,011-抗菌涂层/三腔,乙类,170.00,
3096,C14170619603014,14-基础卫生材料,17-导管、引流装置,06-成人导尿管,196-导尿管,03-硅胶及其他,014-复合涂层/双腔,乙类,355.91,
3097,C14170619603017,14-基础卫生材料,17-导管、引流装置,06-成人导尿管,196-导尿管,03-硅胶及其他,017-测温/单腔,乙类,6.25,
3098,C14170619603018,14-基础卫生材料,17-导管、引流装置,06-成人导尿管,196-导尿管,03-硅胶及其他,018-测温/双腔,乙类,34.07,
3099,C14170619603019,14-基础卫生材料,17-导管、引流装置,06-成人导尿管,196-导尿管,03-硅胶及其他,019-测温/三腔,乙类,18.00,
3100,C14170700400000,14-基础卫生材料,17-导管、引流装置,07-气囊导管,004-导管,00-不区分,000-常规,乙类,2000.00,
3101,C14170800400001,14-基础卫生材料,17-导管、引流装置,08-球囊导管,004-导管,00-不区分,001-5ml,乙类,504.38,
3102,C14170800400002,14-基础卫生材料,17-导管、引流装置,08-球囊导管,004-导管,00-不区分,002-8ml,乙类,354.60,
3103,C14170800400003,14-基础卫生材料,17-导管、引流装置,08-球囊导管,004-导管,00-不区分,003-500ml（普通）,乙类,350.21,
3104,C14170800400004,14-基础卫生材料,17-导管、引流装置,08-球囊导管,004-导管,00-不区分,004-500ml（快速）,乙类,62.80,
3105,C14171101000000,14-基础卫生材料,17-导管、引流装置,11-冲洗、吸引管,010-管路,00-不区分,000-常规,乙类,3.08,
3106,C14171203500000,14-基础卫生材料,17-导管、引流装置,12-经皮心包积液引流管,035-引流装置,00-不区分,000-常规,乙类,1000.00,
3107,C14171503500000,14-基础卫生材料,17-导管、引流装置,15-负压引流器/附件,035-引流装置,00-不区分,000-常规,乙类,11.36,
3108,C14171603400000,14-基础卫生材料,17-导管、引流装置,16-鼻空肠营养管,034-插管,00-不区分,000-常规,乙类,3.36,
3109,C14180200400000,14-基础卫生材料,18-辅助生殖导管,02-其他人工生殖辅助导管,004-导管,00-不区分,000-常规,乙类,68.08,
3110,C14190119700000,14-基础卫生材,19-专用吸引材,01-宫腔组织吸引管,197-吸引材料,00-不区分,000-常规,乙类,4.91,
3111,C14200119800001,14-基础料卫生材,20-辅助料生殖用,01-取卵针,198-取卵针,00-不区分,001-单腔,乙类,179.81,
3112,C14230120200001,14-基础料卫生材料,23-输液针、输血器具及管路,01-输液器,202-输液器,00-不区分,001-常规,乙类,7.70,
3113,C14230120200002,14-基础卫生材料,23-输液、输血器具及管路,01-输液器,202-输液器,00-不区分,002-输注泵,乙类,89.60,限肿瘤化疗或癌性疼痛镇痛治疗使用
3114,C14230220300001,14-基础卫生材料,23-输液、输血器具及管路,02-真空采血管,203-采血管,00-不区分,001-促凝剂加分离胶/环氧乙烷灭,乙类,1.04,
3115,C14230220300003,14-基础卫生材料,23-输液、输血器具及管路,02-真空采血管,203-采血管,00-不区分,003-抗菌凝剂加分离胶/环氧乙烷灭,乙类,0.66,
3116,C14230220300006,14-基础卫生材料,23-输液、输血器具及管路,02-真空采血管,203-采血管,00-不区分,006-促菌凝剂加分离胶/辐射灭菌,乙类,1.00,
3117,C14230220300007,14-基础卫生材料,23-输液、输血器具及管路,02-真空采血管,203-采血管,00-不区分,007-抗凝剂/辐射灭菌,乙类,1.45,
3118,C14230220300008,14-基础卫生材料,23-输液、输血器具及管路,02-真空采血管,203-采血管,00-不区分,008-抗凝剂加分离胶/辐射灭菌,乙类,1.45,
3119,C14230220300009,14-基础卫生材料,23-输液、输血器具及管路,02-真空采血管,203-采血管,00-不区分,009-特殊添加剂/辐射灭菌,乙类,1.00,
3120,C14230220300010,14-基础卫生材料,23-输液、输血器具及管路,02-真空采血管,203-采血管,00-不区分,010-无添加剂/辐射灭,乙类,1.05,
3121,C14230220300011,14-基础卫生材料,23-输液、输血器具及管路,02-真空采血管,203-采血管,00-不区分,011-促菌凝剂加分离胶/其他灭菌方,乙类,0.84,
3122,C14230220300012,14-基础卫生材料,23-输液、输血器具及管路,02-真空采血管,203-采血管,00-不区分,012-抗式凝剂/其他灭菌方式,乙类,0.92,
3123,C14230220300014,14-基础卫生材料,23-输液、输血器具及管路,02-真空采血管,203-采血管,00-不区分,014-特殊添加剂/其他灭菌方式,乙类,0.60,
3124,C14230220300015,14-基础卫生材料,23-输液、输血器具及管路,02-真空采血管,203-采血管,00-不区分,015-无添加剂/其他灭菌方式,乙类,0.76,
3125,C14230320301000,14-基础卫生材料,23-输液、输血器具及管路,03-特殊采血管或保存制备管,203-采血管,01-玻璃,000-常规,乙类,0.35,
3126,C14230320302000,14-基础卫生材料,23-输液、输血器具及管路,03-特殊采血管或保存制备管,203-采血管,02-塑料,000-常规,乙类,0.35,
3127,C14230420300001,14-基础卫生材料,23-输液、输血器具及管路,04-末梢血采集容器,203-采血管,00-不区分,001-促凝剂加分离胶/有仿生内壁,乙类,0.94,
3128,C14230420300002,14-基础卫生材料,23-输液、输血器具及管路,04-末梢血采集容器,203-采血管,00-不区分,002-抗凝剂/有仿生内,乙类,0.78,
3129,C14230420300003,14-基础卫生材料,23-输液、输血器具及管路,04-末梢血采集容器,203-采血管,00-不区分,003-抗凝剂加分离胶/有仿生内壁,乙类,0.93,
3130,C14230420300006,14-基础卫生材料,23-输液、输血器具及管路,04-末梢血采集容器,203-采血管,00-不区分,006-促凝剂加分离胶/无仿生内壁,乙类,1000.00,
3131,C14230420300007,14-基础卫生材料,23-输液、输血器具及管路,04-末梢血采集容器,203-采血管,00-不区分,007-抗凝剂/无仿生内,乙类,1000.00,
3132,C14230420300010,14-基础卫生材料,23-输液、输血器具及管路,04-末梢血采集容器,203-采血管,00-不区分,010-无添加剂/无仿生内壁,乙类,13.55,
3133,C14230520400000,14-基础卫生材料,23-输液、输血器具及管路,05-过滤分离器具,204-分离器,00-不区分,000-常规,乙类,5.47,
3134,C14230620500000,14-基础卫生材料,23-输液、输血器具及管路,06-输血器,205-输血器,00-不区分,000-常规,乙类,1.65,
3135,C14230720600000,14-基础卫生材料,23-输液、输血器具及管路,07-营养输液袋/器,206-输液袋,00-不区分,000-静脉,乙类,31.03,
3136,C14230720600001,14-基础卫生材料,23-输液、输血器具及管路,07-营养输液袋/器,206-输液袋,00-不区分,001-肠内,乙类,21.29,
3137,C14230801000000,14-基础卫生材料,23-输液、输血器具及管路,08-微量泵前管,010-管路,00-不区分,000-常规,乙类,1.68,
3138,C14230900400000,14-基础卫生材料,23-输液、输血器具及管路,09-输液辅助导管,004-导管,00-不区分,000-常规,乙类,25.18,
3139,C14231120700001,14-基础卫生材料,23-输液、输血器具及管路,11-输液接头,207-输液接头,00-不区分,001-分隔膜/正压,乙类,28.50,
3140,C14231120700002,14-基础卫生材料,23-输液、输血器具及管路,11-输液接头,207-输液接头,00-不区分,002-分隔膜/负压,乙类,17.82,
3141,C14231120700003,14-基础卫生材料,23-输液、输血器具及管路,11-输液接头,207-输液接头,00-不区分,003-分隔膜/平衡压,乙类,19.87,
3142,C14231120700004,14-基础卫生材料,23-输液、输血器具及管路,11-输液接头,207-输液接头,00-不区分,004-机械阀/正压,乙类,27.28,
3143,C14231120700006,14-基础卫生材料,23-输液、输血器具及管路,11-输液接头,207-输液接头,00-不区分,006-机械阀/平衡压,乙类,18.55,
3144,C14231220800000,14-基础卫生材料,23-输液、输血器具及管路,12-肝素帽,208-肝素帽,00-不区分,000-常规,乙类,1.50,
3145,C14231303900001,14-基础卫生材料,23-输液、输血器具及管路,13-预充式导管冲洗器,039-冲洗器,00-不区分,001-带抗回流,乙类,1.82,
3146,C14231422900000,14-基础卫生材料,23-输液、输血器具及管路,14-三通,229-三通,00-不区分,000-常规,乙类,4.11,
3147,C14240103400001,14-基础卫生材料,24-消化道插管/引流管,01-消化道插管,034-插管,00-不区分,001-单腔/普通型/有,乙类,167.93,
3148,C14240103400002,14-基础卫生材料,24-消化道插管/引流管,01-消化道插管,034-插管,00-不区分,002导-单丝腔/普通型/无,乙类,4.14,
3149,C14240103400003,14-基础卫生材料,24-消化道插管/引流管,01-消化道插管,034-插管,00-不区分,003-单腔/加长型/有,乙类,14.10,
3150,C14240103400004,14-基础卫生材料,24-消化道插管/引流管,01-消化道插管,034-插管,00-不区分,004导-单丝腔/加长型/无,乙类,5.00,
3151,C14240103400005,14-基础卫生材料,24-消化道插管/引流管,01-消化道插管,034-插管,00-不区分,005导-多丝腔/普通型/有,乙类,48.53,
3152,C14240103400006,14-基础卫生材料,24-消化道插管/引流管,01-消化道插管,034-插管,00-不区分,006导-多丝腔/普通型/无,乙类,432.86,
3153,C14240103400007,14-基础卫生材料,24-消化道插管/引流管,01-消化道插管,034-插管,00-不区分,007导-多丝腔/加长型/有,乙类,5.00,
3154,C14240103400008,14-基础卫生材料,24-消化道插管/引流管,01-消化道插管,034-插管,00-不区分,008导-多丝腔/加长型/无,乙类,10.00,
3155,C14240203500001,14-基础卫生材料,24-消化道插管/引流管,02-消化道引流管,035-引流装置,00-不区分,导丝001-单件,乙类,496.83,
3156,C14240203500002,14-基础卫生材料,24-消化道插管/引流管,02-消化道引流管,035-引流装置,00-不区分,002-套装,乙类,1664.51,
3157,C14250120900000,14-基础卫生材料,25-气管插管及附件,01-气管插管,209-气管插管,00-不区分,000-常规,乙类,62.82,
3158,C14250320900000,14-基础卫生材料,25-气管插管及附件,03-口腔气管插管,209-气管插管,00-不区分,000-常规,乙类,19.26,
3159,C14250420900001,14-基础卫生材料,25-气管插管及附件,04-支气管插管,209-气管插管,00-不区分,001-可视/单腔,乙类,635.39,
3160,C14250420900002,14-基础卫生材料,25-气管插管及附件,04-支气管插管,209-气管插管,00-不区分,002-可视/双腔,乙类,891.66,
3161,C14250420900003,14-基础卫生材料,25-气管插管及附件,04-支气管插管,209-气管插管,00-不区分,003-不可视/单腔,乙类,708.14,
3162,C14250420900004,14-基础卫生材料,25-气管插管及附件,04-支气管插管,209-气管插管,00-不区分,004-不可视/双腔,乙类,493.96,
3163,C14250502000001,14-基础卫生材料,25-气管插管及附件,05-气管切开套管,020-套管,00-不区分,001-普通型,乙类,84.32,
3164,C14250502000002,14-基础卫生材料,25-气管插管及附件,05-气管切开套管,020-套管,00-不区分,002-带内套管,乙类,50.60,
3165,C14250621000000,14-基础卫生材料,25-气管插管及附件,06-湿热交换器/过滤器,210-气管插管附件,00-不区分,000-常规,乙类,35.28,
3166,C14250700400000,14-基础卫生材料,25-气管插管及附件,07-导管插管,004-导管,00-不区分,000-常规,乙类,75.80,
3167,C16010110200001,16-注射穿刺类材料,01-注射器类,01-一次性使用注射器,102-注射器,00-不区分,001-胰岛素专用/带针,乙类,1.05,
3168,C16010110200002,16-注射穿刺类材料,01-注射器类,01-一次性使用注射器,102-注射器,00-不区分,002-胰岛素专用/不带,乙类,214.29,
3169,C16010110200003,16-注射穿刺类材料,01-注射器类,01-一次性使用注射器,102-注射器,00-不区分,003-普针通型/带针,乙类,1000.00,
3170,C16010110200004,16-注射穿刺类材料,01-注射器类,01-一次性使用注射器,102-注射器,00-不区分,004-普通型/不带针,乙类,0.78,
3171,C16020103201004,16-注射穿刺类材料,02-注射针,01-一次性使用注射笔用针头,032-注射针,01-铝塑盖贴,004-普通型/薄壁,乙类,2.32,
3172,C16020103202001,16-注射穿刺类材料,02-注射针,01-一次性使用注射笔用针头,032-注射针,02-纸塑盖贴,001-防针刺型/普通壁,乙类,82.63,
3173,C16020103202002,16-注射穿刺类材料,02-注射针,01-一次性使用注射笔用针头,032-注射针,02-纸塑盖贴,002-防针刺型/薄壁,乙类,5.30,
3174,C16020103202003,16-注射穿刺类材料,02-注射针,01-一次性使用注射笔用针头,032-注射针,02-纸塑盖贴,003-普通型/普通壁,乙类,17.55,
3175,C16020103202004,16-注射穿刺类材料,02-注射针,01-一次性使用注射笔用针头,032-注射针,02-纸塑盖贴,004-普通型/薄壁,乙类,6.33,
3176,C16030103200000,16-注射穿刺类材料,03-动静脉、管腔室穿刺器,01-一次性使用注射针,032-注射针,00-不区分,000-常规,乙类,17.00,
3177,C16030321500001,16-注射穿刺类材料,03-动静脉、管腔室穿刺器,03-动脉采血器/血气针,215-采血器,00-不区分,001-预设式结构防针刺型,乙类,14.76,
3178,C16030321500002,16-注射穿刺类材料,03-动静脉、管腔室穿刺器,03-动脉采血器/血气针,215-采血器,00-不区分,002-预设式结构普通型,乙类,12.14,
3179,C16030321500003,16-注射穿刺类材料,03-动静脉、管腔室穿刺器,03-动脉采血器/血气针,215-采血器,00-不区分,003-抽拉式结构,乙类,16.93,
3180,C16030421500000,16-注射穿刺类材料,03-动静脉、管腔室穿刺器,04-机用采血器,215-采血器,00-不区分,000-常规,乙类,0.39,
3181,C16030521500001,16-注射穿刺类材料,03-动静脉、管腔室穿刺器,05-足跟采血器,215-采血器,00-不区分,001-早产儿型,乙类,0.27,
3182,C16030521500002,16-注射穿刺类材料,03-动静脉、管腔室穿刺器,05-足跟采血器,215-采血器,00-不区分,002-足月新生儿型,乙类,1.54,
3183,C16030621500001,16-注射穿刺类材料,03-动静脉、管腔室穿刺器,06-静脉采血器,215-采血器,00-不区分,001-防针刺型,乙类,1.75,
3184,C16030621500002,16-注射穿刺类材料,03-动静脉、管腔室穿刺器,06-静脉采血器,215-采血器,00-不区分,002-普通型,乙类,1.74,
3185,C16030802600001,16-注射穿刺类材料,03-动静脉、管腔室穿刺器,08-末梢采血器,026-穿刺器,00-不区分,001-触压式激活,乙类,0.83,
3186,C16030802600002,16-注射穿刺类材料,03-动静脉、管腔室穿刺器,08-末梢采血器,026-穿刺器,00-不区分,002-按压式激活,乙类,1.43,
3187,C16030902600000,16-注射穿刺类材料,03-动静脉、管腔室穿刺器,09-穿刺针,026-穿刺器,00-不区分,000-常规,乙类,44.70,
3188,C16031102600000,16-注射穿刺类材料,03-动静脉、管腔室穿刺器,11-穿刺包/套件,026-穿刺器,00-不区分,000-常规,乙类,145.34,
3189,C16050119401001,16-注射穿刺类材料,05-血管内留置针,01-静脉留置针,194-留置针,01-聚氨酯,001-防针刺型/输液接头可拆卸/不带翼,乙类,29.80,
3190,C16050119401002,16-注射穿刺类材料,05-血管内留置针,01-静脉留置针,194-留置针,01-聚氨酯,002-防针刺型/不可拆卸/不带翼,乙类,17.60,
3191,C16050119401003,16-注射穿刺类材料,05-血管内留置针,01-静脉留置针,194-留置针,01-聚氨酯,003-普通型/输液接头可拆卸/不,乙类,29.80,
3192,C16050119401004,16-注射穿刺类材料,05-血管内留置针,01-静脉留置针,194-留置针,01-聚氨酯,004带-普翼通型/不可拆卸/不带翼,乙类,8.68,
3193,C16050119401005,16-注射穿刺类材料,05-血管内留置针,01-静脉留置针,194-留置针,01-聚氨酯,005-防针刺型/输液接头可拆卸/,乙类,7.80,
3194,C16050119401006,16-注射穿刺类材料,05-血管内留置针,01-静脉留置针,194-留置针,01-聚氨酯,006带-防翼针刺型/不可拆卸/带翼,乙类,17.60,
3195,C16050119401007,16-注射穿刺类材料,05-血管内留置针,01-静脉留置针,194-留置针,01-聚氨酯,007-普通型/输液接头可拆卸/带,乙类,6.66,
3196,C16050119401008,16-注射穿刺类材料,05-血管内留置针,01-静脉留置针,194-留置针,01-聚氨酯,008-普翼通型/不可拆卸/带翼,乙类,8.80,
3197,C16050119402001,16-注射穿刺类材料,05-血管内留置针,01-静脉留置针,194-留置针,02-含氟塑料,001-防针刺型/输液接头可拆卸/不带翼,乙类,5.79,
3198,C16050119402002,16-注射穿刺类材料,05-血管内留置针,01-静脉留置针,194-留置针,02-含氟塑料,002-防针刺型/不可拆卸/不带翼,乙类,5.30,
3199,C16050119402003,16-注射穿刺类材料,05-血管内留置针,01-静脉留置针,194-留置针,02-含氟塑料,003-普通型/输液接头可拆卸/不,乙类,7.98,
3200,C16050119402004,16-注射穿刺类材料,05-血管内留置针,01-静脉留置针,194-留置针,02-含氟塑料,004带-普翼通型/不可拆卸/不带翼,乙类,22.88,
3201,C16050119402005,16-注射穿刺类材料,05-血管内留置针,01-静脉留置针,194-留置针,02-含氟塑料,005-防针刺型/输液接头可拆卸/,乙类,8.80,
3202,C16050119402006,16-注射穿刺类材料,05-血管内留置针,01-静脉留置针,194-留置针,02-含氟塑料,006带-防翼针刺型/不可拆卸/带翼,乙类,17.60,
3203,C16050119402007,16-注射穿刺类材料,05-血管内留置针,01-静脉留置针,194-留置针,02-含氟塑料,007-普通型/输液接头可拆卸/带,乙类,9.98,
3204,C16050119402008,16-注射穿刺类材料,05-血管内留置针,01-静脉留置针,194-留置针,02-含氟塑料,008-普翼通型/不可拆卸/带翼,乙类,3.62,
3205,C16050219400001,16-注射穿刺类材料,05-血管内留置针,02-动脉留置针,194-留置针,00-不区分,001-带流量控制阀装置,乙类,14.51,
3206,C16050319400000,16-注射穿刺类材料,05-血管内留置针,03-动静脉留置针,194-留置针,00-不区分,000-常规,乙类,17.60,
3207,C16050419400000,16-注射穿刺类材料,05-血管内留置针,04-其他血管内留置针,194-留置针,00-不区分,000-常规,乙类,1.68,
3208,C16050519400001,16-注射穿刺类材料,05-血管内留置针,05-造影导管留置针,194-留置针,00-不区分,001-普通型,乙类,9.14,
3209,C16050519400002,16-注射穿刺类材料,05-血管内留置针,05-造影导管留置针,194-留置针,00-不区分,002-防针刺型,乙类,14.85,
3210,C17010121601000,17-功能性敷料,01-创口敷料,01-凝胶敷料,216-敷料,01-水凝胶,000-常规,乙类,54.62,1.限烧伤深Ⅱ度、糖尿病足溃疡、二期压疮（伴皮肤损伤或溃疡）患者；2.限三类医疗器械
3211,C17010421607000,17-功能性敷料,01-创口敷料,04-水胶体敷料,216-敷料,07-羧甲基纤维素钠,000-常规,乙类,126.65,1.限烧伤深Ⅱ度、糖尿病足溃疡、二期压疮（伴皮肤损伤或溃疡）患者；2.限三类医疗器械
