id,name,code,parent_id/id,cpms,yqyt,pmjl,gllb
medical_device_category_01,有源手术器械,01,udi_data.medical_device_category_all,,,,
medical_device_category_02,无源手术器械,02,udi_data.medical_device_category_all,,,,
medical_device_category_03,神经和心血管手术器械,03,udi_data.medical_device_category_all,,,,
medical_device_category_04,骨科手术器械,04,udi_data.medical_device_category_all,,,,
medical_device_category_05,放射治疗器械,05,udi_data.medical_device_category_all,,,,
medical_device_category_06,医用成像器械,06,udi_data.medical_device_category_all,,,,
medical_device_category_07,医用诊察和监护器械,07,udi_data.medical_device_category_all,,,,
medical_device_category_08,呼吸、麻醉和急救器械,08,udi_data.medical_device_category_all,,,,
medical_device_category_09,物理治疗器械,09,udi_data.medical_device_category_all,,,,
medical_device_category_10,输血、透析和体外循环器械,10,udi_data.medical_device_category_all,,,,
medical_device_category_11,医疗器械消毒灭菌器械,11,udi_data.medical_device_category_all,,,,
medical_device_category_12,有源植入器械,12,udi_data.medical_device_category_all,,,,
medical_device_category_13,无源植入器械,13,udi_data.medical_device_category_all,,,,
medical_device_category_14,注输、护理和防护器械,14,udi_data.medical_device_category_all,,,,
medical_device_category_15,患者承载器械,15,udi_data.medical_device_category_all,,,,
medical_device_category_16,眼科器械,16,udi_data.medical_device_category_all,,,,
medical_device_category_17,口腔科器械,17,udi_data.medical_device_category_all,,,,
medical_device_category_18,妇产科、辅助生殖和避孕器械,18,udi_data.medical_device_category_all,,,,
medical_device_category_19,医用康复器械,19,udi_data.medical_device_category_all,,,,
medical_device_category_20,中医器械,20,udi_data.medical_device_category_all,,,,
medical_device_category_21,医用软件,21,udi_data.medical_device_category_all,,,,
medical_device_category_22,临床检验器械,22,udi_data.medical_device_category_all,,,,
medical_device_category_01-01,超声手术设备及附件,01-01,__import__.medical_device_category_01,,,,
medical_device_category_01-02,激光手术设备及附件,01-02,__import__.medical_device_category_01,,,,
medical_device_category_01-03,高频/射频手术设备及附件,01-03,__import__.medical_device_category_01,,,,
medical_device_category_01-04,微波手术设备,01-04,__import__.medical_device_category_01,,,,
medical_device_category_01-05,冷冻手术设备及附件,01-05,__import__.medical_device_category_01,,,,
medical_device_category_01-06,冲击波手术设备,01-06,__import__.medical_device_category_01,,,,
medical_device_category_01-07,手术导航、控制系统,01-07,__import__.medical_device_category_01,,,,
medical_device_category_01-08,手术照明设备,01-08,__import__.medical_device_category_01,,,,
medical_device_category_01-09,内窥镜手术用有源设备,01-09,__import__.medical_device_category_01,,,,
medical_device_category_01-10,其他手术设备,01-10,__import__.medical_device_category_01,,,,
medical_device_category_02-01,手术器械-刀,02-01,__import__.medical_device_category_02,,,,
medical_device_category_02-02,手术器械-凿,02-02,__import__.medical_device_category_02,,,,
medical_device_category_02-03,手术器械-剪,02-03,__import__.medical_device_category_02,,,,
medical_device_category_02-04,手术器械-钳,02-04,__import__.medical_device_category_02,,,,
medical_device_category_02-05,手术器械-镊,02-05,__import__.medical_device_category_02,,,,
medical_device_category_02-06,手术器械-夹,02-06,__import__.medical_device_category_02,,,,
medical_device_category_02-07,手术器械-针,02-07,__import__.medical_device_category_02,,,,
medical_device_category_02-08,手术器械-钩,02-08,__import__.medical_device_category_02,,,,
medical_device_category_02-09,手术器械-刮匙,02-09,__import__.medical_device_category_02,,,,
medical_device_category_02-10,手术器械-剥离器,02-10,__import__.medical_device_category_02,,,,
medical_device_category_02-11,手术器械-牵开器,02-11,__import__.medical_device_category_02,,,,
medical_device_category_02-12,手术器械-穿刺导引器,02-12,__import__.medical_device_category_02,,,,
medical_device_category_02-13,手术器械-吻（缝）合器械及材料,02-13,__import__.medical_device_category_02,,,,
medical_device_category_02-14,手术器械-冲吸器,02-14,__import__.medical_device_category_02,,,,
medical_device_category_02-15,手术器械-其他器械,02-15,__import__.medical_device_category_02,,,,
medical_device_category_03-01,神经和心血管手术器械-刀,03-01,__import__.medical_device_category_03,,,,
medical_device_category_03-02,神经和心血管手术器械-剪,03-02,__import__.medical_device_category_03,,,,
medical_device_category_03-03,神经和心血管手术器械-钳,03-03,__import__.medical_device_category_03,,,,
medical_device_category_03-04,神经和心血管手术器械-镊,03-04,__import__.medical_device_category_03,,,,
medical_device_category_03-05,神经和心血管手术器械-夹,03-05,__import__.medical_device_category_03,,,,
medical_device_category_03-06,神经和心血管手术器械-针,03-06,__import__.medical_device_category_03,,,,
medical_device_category_03-07,神经和心血管手术器械-钩,03-07,__import__.medical_device_category_03,,,,
medical_device_category_03-08,神经和心血管手术器械-刮匙,03-08,__import__.medical_device_category_03,,,,
medical_device_category_03-09,神经和心血管手术器械-剥离器,03-09,__import__.medical_device_category_03,,,,
medical_device_category_03-10,神经和心血管手术器械-牵开器,03-10,__import__.medical_device_category_03,,,,
medical_device_category_03-11,神经和心血管手术器械-穿刺导引器,03-11,__import__.medical_device_category_03,,,,
medical_device_category_03-12,神经和心血管手术器械-冲吸器,03-12,__import__.medical_device_category_03,,,,
medical_device_category_03-13,神经和心血管手术器械-心血管介入器械,03-13,__import__.medical_device_category_03,,,,
medical_device_category_03-14,神经和心血管手术器械-其他器械,03-14,__import__.medical_device_category_03,,,,
medical_device_category_04-01,骨科用刀,04-01,__import__.medical_device_category_04,,,,
medical_device_category_04-02,骨科用剪,04-02,__import__.medical_device_category_04,,,,
medical_device_category_04-03,骨科用钳,04-03,__import__.medical_device_category_04,,,,
medical_device_category_04-04,骨科用钩,04-04,__import__.medical_device_category_04,,,,
medical_device_category_04-05,骨科用针,04-05,__import__.medical_device_category_04,,,,
medical_device_category_04-06,骨科用刮,04-06,__import__.medical_device_category_04,,,,
medical_device_category_04-07,骨科用锥,04-07,__import__.medical_device_category_04,,,,
medical_device_category_04-08,骨科用钻,04-08,__import__.medical_device_category_04,,,,
medical_device_category_04-09,骨科用锯,04-09,__import__.medical_device_category_04,,,,
medical_device_category_04-10,骨科用凿,04-10,__import__.medical_device_category_04,,,,
medical_device_category_04-11,骨科用锉、铲,04-11,__import__.medical_device_category_04,,,,
medical_device_category_04-12,骨科用有源器械,04-12,__import__.medical_device_category_04,,,,
medical_device_category_04-13,外固定及牵引器械,04-13,__import__.medical_device_category_04,,,,
medical_device_category_04-14,基础通用辅助器械,04-14,__import__.medical_device_category_04,,,,
medical_device_category_04-15,创伤外科辅助器械,04-15,__import__.medical_device_category_04,,,,
medical_device_category_04-16,关节外科辅助器械,04-16,__import__.medical_device_category_04,,,,
medical_device_category_04-17,脊柱外科辅助器械,04-17,__import__.medical_device_category_04,,,,
medical_device_category_04-18,骨科其他手术器械,04-18,__import__.medical_device_category_04,,,,
medical_device_category_05-01,放射治疗设备,05-01,__import__.medical_device_category_05,,,,
medical_device_category_05-02,放射治疗模拟及图像引导系统,05-02,__import__.medical_device_category_05,,,,
medical_device_category_05-03,放射治疗准直限束装置,05-03,__import__.medical_device_category_05,,,,
medical_device_category_05-04,放射治疗配套器械,05-04,__import__.medical_device_category_05,,,,
medical_device_category_06-01,诊断X射线机,06-01,__import__.medical_device_category_06,,,,
medical_device_category_06-02,X射线计算机体层摄影设备（CT）,06-02,__import__.medical_device_category_06,,,,
medical_device_category_06-03,X射线发生、限束装置,06-03,__import__.medical_device_category_06,,,,
medical_device_category_06-04,X射线影像接收处理装置,06-04,__import__.medical_device_category_06,,,,
medical_device_category_06-05,X射线附属及辅助设备,06-05,__import__.medical_device_category_06,,,,
medical_device_category_06-06,医用射线防护设备,06-06,__import__.medical_device_category_06,,,,
medical_device_category_06-07,超声影像诊断设备,06-07,__import__.medical_device_category_06,,,,
medical_device_category_06-08,超声影像诊断附属设备,06-08,__import__.medical_device_category_06,,,,
medical_device_category_06-09,磁共振成像设备（MRI）,06-09,__import__.medical_device_category_06,,,,
medical_device_category_06-10,磁共振辅助设备,06-10,__import__.medical_device_category_06,,,,
medical_device_category_06-11,放射性核素成像设备,06-11,__import__.medical_device_category_06,,,,
medical_device_category_06-12,放射性核素成像辅助设备,06-12,__import__.medical_device_category_06,,,,
medical_device_category_06-13,光学成像诊断设备,06-13,__import__.medical_device_category_06,,,,
medical_device_category_06-14,医用内窥镜,06-14,__import__.medical_device_category_06,,,,
medical_device_category_06-15,内窥镜功能供给装置,06-15,__import__.medical_device_category_06,,,,
medical_device_category_06-16,内窥镜辅助用品,06-16,__import__.medical_device_category_06,,,,
medical_device_category_06-17,组合功能融合成像器械,06-17,__import__.medical_device_category_06,,,,
medical_device_category_06-18,图像显示、处理、传输及打印设备,06-18,__import__.medical_device_category_06,,,,
medical_device_category_07-01,诊察辅助器械,07-01,__import__.medical_device_category_07,,,,
medical_device_category_07-02,呼吸功能及气体分析测定装置,07-02,__import__.medical_device_category_07,,,,
medical_device_category_07-03,生理参数分析测量设备,07-03,__import__.medical_device_category_07,,,,
medical_device_category_07-04,监护设备,07-04,__import__.medical_device_category_07,,,,
medical_device_category_07-05,电声学测量、分析设备,07-05,__import__.medical_device_category_07,,,,
medical_device_category_07-06,放射性核素诊断设备,07-06,__import__.medical_device_category_07,,,,
medical_device_category_07-07,超声生理参数测量、分析设备,07-07,__import__.medical_device_category_07,,,,
medical_device_category_07-08,遥测和中央监护设备,07-08,__import__.medical_device_category_07,,,,
medical_device_category_07-09,其他测量、分析设备,07-09,__import__.medical_device_category_07,,,,
medical_device_category_07-10,附件、耗材,07-10,__import__.medical_device_category_07,,,,
medical_device_category_08-01,呼吸设备,08-01,__import__.medical_device_category_08,,,,
medical_device_category_08-02,麻醉器械,08-02,__import__.medical_device_category_08,,,,
medical_device_category_08-03,急救设备,08-03,__import__.medical_device_category_08,,,,
medical_device_category_08-04,医用制氧设备,08-04,__import__.medical_device_category_08,,,,
medical_device_category_08-05,呼吸、麻醉、急救设备辅助装置,08-05,__import__.medical_device_category_08,,,,
medical_device_category_08-06,呼吸、麻醉用管路、面罩,08-06,__import__.medical_device_category_08,,,,
medical_device_category_08-07,医用供气排气相关设备,08-07,__import__.medical_device_category_08,,,,
medical_device_category_09-01,电疗设备/器具,09-01,__import__.medical_device_category_09,,,,
medical_device_category_09-02,温热（冷）治疗设备/器具,09-02,__import__.medical_device_category_09,,,,
medical_device_category_09-03,光治疗设备,09-03,__import__.medical_device_category_09,,,,
medical_device_category_09-04,力疗设备/器具,09-04,__import__.medical_device_category_09,,,,
medical_device_category_09-05,磁疗设备/器具,09-05,__import__.medical_device_category_09,,,,
medical_device_category_09-06,超声治疗设备及附件,09-06,__import__.medical_device_category_09,,,,
medical_device_category_09-07,高频治疗设备,09-07,__import__.medical_device_category_09,,,,
medical_device_category_09-08,其他物理治疗设备,09-08,__import__.medical_device_category_09,,,,
medical_device_category_10-01,血液分离、处理、贮存设备,10-01,__import__.medical_device_category_10,,,,
medical_device_category_10-02,血液分离、处理、贮存器具,10-02,__import__.medical_device_category_10,,,,
medical_device_category_10-03,血液净化及腹膜透析设备,10-03,__import__.medical_device_category_10,,,,
medical_device_category_10-04,血液净化及腹膜透析器具,10-04,__import__.medical_device_category_10,,,,
medical_device_category_10-05,心肺转流设备,10-05,__import__.medical_device_category_10,,,,
medical_device_category_10-06,心肺转流器具,10-06,__import__.medical_device_category_10,,,,
medical_device_category_10-07,其他,10-07,__import__.medical_device_category_10,,,,
medical_device_category_11-01,湿热消毒灭菌设备,11-01,__import__.medical_device_category_11,,,,
medical_device_category_11-02,干热消毒灭菌设备,11-02,__import__.medical_device_category_11,,,,
medical_device_category_11-03,化学消毒灭菌设备,11-03,__import__.medical_device_category_11,,,,
medical_device_category_11-04,紫外线消毒设备,11-04,__import__.medical_device_category_11,,,,
medical_device_category_11-05,清洗消毒设备,11-05,__import__.medical_device_category_11,,,,
medical_device_category_12-01,心脏节律管理设备,12-01,__import__.medical_device_category_12,,,,
medical_device_category_12-02,神经调控设备,12-02,__import__.medical_device_category_12,,,,
medical_device_category_12-03,辅助位听觉设备,12-03,__import__.medical_device_category_12,,,,
medical_device_category_12-04,其他,12-04,__import__.medical_device_category_12,,,,
medical_device_category_13-01,骨接合植入物,13-01,__import__.medical_device_category_13,,,,
medical_device_category_13-02,运动损伤软组织修复重建及置换植入物,13-02,__import__.medical_device_category_13,,,,
medical_device_category_13-03,脊柱植入物,13-03,__import__.medical_device_category_13,,,,
medical_device_category_13-04,关节置换植入物,13-04,__import__.medical_device_category_13,,,,
medical_device_category_13-05,骨科填充和修复材料,13-05,__import__.medical_device_category_13,,,,
medical_device_category_13-06,神经内/外科植入物,13-06,__import__.medical_device_category_13,,,,
medical_device_category_13-07,心血管植入物,13-07,__import__.medical_device_category_13,,,,
medical_device_category_13-08,耳鼻喉植入物,13-08,__import__.medical_device_category_13,,,,
medical_device_category_13-09,整形及普通外科植入物,13-09,__import__.medical_device_category_13,,,,
medical_device_category_13-10,组织工程支架材料,13-10,__import__.medical_device_category_13,,,,
medical_device_category_13-11,其他,13-11,__import__.medical_device_category_13,,,,
medical_device_category_14-01,注射、穿刺器械,14-01,__import__.medical_device_category_14,,,,
medical_device_category_14-02,血管内输液器械,14-02,__import__.medical_device_category_14,,,,
medical_device_category_14-03,非血管内输液器械,14-03,__import__.medical_device_category_14,,,,
medical_device_category_14-04,止血器具,14-04,__import__.medical_device_category_14,,,,
medical_device_category_14-05,非血管内导（插）管,14-05,__import__.medical_device_category_14,,,,
medical_device_category_14-06,与非血管内导管配套用体外器械,14-06,__import__.medical_device_category_14,,,,
medical_device_category_14-07,清洗、灌洗、吸引、给药器械,14-07,__import__.medical_device_category_14,,,,
medical_device_category_14-08,可吸收外科敷料（材料）,14-08,__import__.medical_device_category_14,,,,
medical_device_category_14-09,不可吸收外科敷料,14-09,__import__.medical_device_category_14,,,,
medical_device_category_14-10,创面敷料,14-10,__import__.medical_device_category_14,,,,
medical_device_category_14-11,包扎敷料,14-11,__import__.medical_device_category_14,,,,
medical_device_category_14-12,造口、疤痕护理用品,14-12,__import__.medical_device_category_14,,,,
medical_device_category_14-13,手术室感染控制用品,14-13,__import__.medical_device_category_14,,,,
medical_device_category_14-14,医护人员防护用品,14-14,__import__.medical_device_category_14,,,,
medical_device_category_14-15,病人护理防护用品,14-15,__import__.medical_device_category_14,,,,
medical_device_category_14-16,其它器械,14-16,__import__.medical_device_category_14,,,,
medical_device_category_15-01,手术台,15-01,__import__.medical_device_category_15,,,,
medical_device_category_15-02,诊疗台,15-02,__import__.medical_device_category_15,,,,
medical_device_category_15-03,医用病床,15-03,__import__.medical_device_category_15,,,,
medical_device_category_15-04,患者位置固定辅助器械,15-04,__import__.medical_device_category_15,,,,
medical_device_category_15-05,患者转运器械,15-05,__import__.medical_device_category_15,,,,
medical_device_category_15-06,防压疮（褥疮）垫,15-06,__import__.medical_device_category_15,,,,
medical_device_category_16-01,眼科无源手术器械,16-01,__import__.medical_device_category_16,,,,
medical_device_category_16-02,眼科无源辅助手术器械,16-02,__import__.medical_device_category_16,,,,
medical_device_category_16-03,视光设备和器具,16-03,__import__.medical_device_category_16,,,,
medical_device_category_16-04,眼科测量诊断设备和器具,16-04,__import__.medical_device_category_16,,,,
medical_device_category_16-05,眼科治疗和手术设备、辅助器具,16-05,__import__.medical_device_category_16,,,,
medical_device_category_16-06,眼科矫治和防护器具,16-06,__import__.medical_device_category_16,,,,
medical_device_category_16-07,眼科植入物及辅助器械,16-07,__import__.medical_device_category_16,,,,
medical_device_category_17-01,口腔诊察设备,17-01,__import__.medical_device_category_17,,,,
medical_device_category_17-02,口腔诊察器具,17-02,__import__.medical_device_category_17,,,,
medical_device_category_17-03,口腔治疗设备,17-03,__import__.medical_device_category_17,,,,
medical_device_category_17-04,口腔治疗器具,17-04,__import__.medical_device_category_17,,,,
medical_device_category_17-05,口腔充填修复材料,17-05,__import__.medical_device_category_17,,,,
medical_device_category_17-06,口腔义齿制作材料,17-06,__import__.medical_device_category_17,,,,
medical_device_category_17-07,口腔正畸材料及制品,17-07,__import__.medical_device_category_17,,,,
medical_device_category_17-08,口腔植入及组织重建材料,17-08,__import__.medical_device_category_17,,,,
medical_device_category_17-09,口腔治疗辅助材料,17-09,__import__.medical_device_category_17,,,,
medical_device_category_17-10,其他口腔材料,17-10,__import__.medical_device_category_17,,,,
medical_device_category_18-01,妇产科手术器械,18-01,__import__.medical_device_category_18,,,,
medical_device_category_18-02,妇产科测量、监护设备,18-02,__import__.medical_device_category_18,,,,
medical_device_category_18-03,妇产科诊断器械,18-03,__import__.medical_device_category_18,,,,
medical_device_category_18-04,妇产科治疗器械,18-04,__import__.medical_device_category_18,,,,
medical_device_category_18-05,妇产科承载器械,18-05,__import__.medical_device_category_18,,,,
medical_device_category_18-06,避孕节育器械,18-06,__import__.medical_device_category_18,,,,
medical_device_category_18-07,辅助生殖器械,18-07,__import__.medical_device_category_18,,,,
medical_device_category_19-01,认知言语视听障碍康复设备,19-01,__import__.medical_device_category_19,,,,
medical_device_category_19-02,运动康复训练器械,19-02,__import__.medical_device_category_19,,,,
medical_device_category_19-03,助行器械,19-03,__import__.medical_device_category_19,,,,
medical_device_category_19-04,矫形固定器械,19-04,__import__.medical_device_category_19,,,,
medical_device_category_20-01,中医诊断设备,20-01,__import__.medical_device_category_20,,,,
medical_device_category_20-02,中医治疗设备,20-02,__import__.medical_device_category_20,,,,
medical_device_category_20-03,中医器具,20-03,__import__.medical_device_category_20,,,,
medical_device_category_21-01,治疗计划软件,21-01,__import__.medical_device_category_21,,,,
medical_device_category_21-02,影像处理软件,21-02,__import__.medical_device_category_21,,,,
medical_device_category_21-03,数据处理软件,21-03,__import__.medical_device_category_21,,,,
medical_device_category_21-04,决策支持软件,21-04,__import__.medical_device_category_21,,,,
medical_device_category_21-05,体外诊断类软件,21-05,__import__.medical_device_category_21,,,,
medical_device_category_21-06,其他,21-06,__import__.medical_device_category_21,,,,
medical_device_category_22-01,血液学分析设备,22-01,__import__.medical_device_category_22,,,,
medical_device_category_22-02,生化分析设备,22-02,__import__.medical_device_category_22,,,,
medical_device_category_22-03,电解质及血气分析设备,22-03,__import__.medical_device_category_22,,,,
medical_device_category_22-04,免疫分析设备,22-04,__import__.medical_device_category_22,,,,
medical_device_category_22-05,分子生物学分析设备,22-05,__import__.medical_device_category_22,,,,
medical_device_category_22-06,微生物分析设备,22-06,__import__.medical_device_category_22,,,,
medical_device_category_22-07,扫描图像分析系统,22-07,__import__.medical_device_category_22,,,,
medical_device_category_22-08,放射性核素标本测定装置,22-08,__import__.medical_device_category_22,,,,
medical_device_category_22-09,尿液及其他样本分析设备,22-09,__import__.medical_device_category_22,,,,
medical_device_category_22-10,其他医用分析设备,22-10,__import__.medical_device_category_22,,,,
medical_device_category_22-11,采样设备和器具,22-11,__import__.medical_device_category_22,,,,
medical_device_category_22-12,分析前样本处理设备,22-12,__import__.medical_device_category_22,,,,
medical_device_category_22-13,样本分离设备,22-13,__import__.medical_device_category_22,,,,
medical_device_category_22-14,培养与孵育设备,22-14,__import__.medical_device_category_22,,,,
medical_device_category_22-15,检验及其他辅助设备,22-15,__import__.medical_device_category_22,,,,
medical_device_category_22-16,医用生物防护设备,22-16,__import__.medical_device_category_22,,,,
medical_device_category_01-01-01,1 超声手术设备,01-01-01,__import__.medical_device_category_01-01,通常由超声波发生器和带有外科尖端的手持部件组成，手持部件通常由一个换能器、一个连接构件和一个治疗头尖端组成。,用于软组织的切割、止血、整形。,软组织超声手术仪、外科超声手术系统、超声手术系统、超声切割止血刀系统、软组织超声手术系统、超声手术刀、超声刀系统,Ⅲ
medical_device_category_01-01-01,2 超声手术设备,01-01-01,__import__.medical_device_category_01-01,通常由主机、换能器和负压吸引装置组成，运用超声波能量使人体组织有选择性地被破碎，使其呈乳化态，同时利用负压吸除已经乳化的组织细胞。,用于人体软组织的破碎、乳化。,超声脂肪乳化仪、超声外科吸引系统、软组织超声手术仪、软组织超声手术系统,Ⅲ
medical_device_category_01-01-01,3 超声手术设备,01-01-01,__import__.medical_device_category_01-01,通常由超声波发生器、手柄、刀头和冲洗部分组成，利用压电效应或者磁致伸缩效应将电能转化为超声能，通过刀头将超声振动作用于骨组织以达到切割和破碎目的。,用于骨组织（包括牙齿）的切割和破碎。,超声骨科手术仪、超声骨组织手术系统,Ⅲ
medical_device_category_01-01-01,4 超声手术设备,01-01-01,__import__.medical_device_category_01-01,通常由主机、换能器、负压吸引和灌注装置组成，在内窥镜直视下将超声碎石头（变幅杆）接触结石，利用超声波能量将其击碎，并利用液体灌注、负压吸引将碎石排出体外。,用于泌尿系统结石的破碎。,超声碎石系统,Ⅲ
medical_device_category_01-01-02,1 高强度超声治疗设备,01-01-02,__import__.medical_device_category_01-01,通常由超声功率发生器、治疗头、控制装置等组成，一般采用聚焦或弱聚焦超声波。超声强度一般不超过1000W/cm2。,用于手术及辅助治疗。,超声治疗仪、超声治疗系统、减脂聚焦超声治疗系统,Ⅲ
medical_device_category_01-01-02,2 高强度超声治疗设备,01-01-02,__import__.medical_device_category_01-01,通常由超声功率发生器、治疗头、声耦合装置、测位装置、定位装置、控制装置、患者承载装置和水处理及水温控制装置组成。由单元换能器或多元换能器阵列构成的聚焦超声声源，发出的超声通过传声媒质后，以人体正常组织可接受的声强透过患者体表，将能量聚集在靶组织上，致其凝固性坏死（或瞬间灭活）的治疗系统。超声强度超过1000W/cm2。,用于手术治疗中人体组织的凝固性坏死（或瞬间灭活）。,磁共振引导高强度聚焦超声治疗系统、肿瘤消融聚焦超声治疗系统、肿瘤聚焦超声治疗系统、肿瘤高强度聚焦超声治疗系统,Ⅲ
medical_device_category_01-01-03,1 超声手术设备附件,01-01-03,__import__.medical_device_category_01-01,通常由手柄、波导杆、套管、组织垫等组成，手柄形状分为夹钳式、握式、剪式等。,用于手术中对血管、软组织及器官进行切割、止血和血管闭合。配合超声软组织手术设备主机使用。,超声切割止血刀头、超声软组织手术刀头、超声吸引手术刀头,Ⅲ
medical_device_category_01-01-03,2 超声手术设备附件,01-01-03,__import__.medical_device_category_01-01,通常由连接部位和治疗头组成。,用于手术中骨组织（包括牙齿）的切割和破碎。配合超声骨组织手术设备主机使用。,超声骨组织手术刀头、牙科超声治疗仪用刀头,Ⅱ
medical_device_category_01-02-01,激光手术设备,01-02-01,__import__.medical_device_category_01-02,通常由激光器、冷却装置、传输装置、目标指示装置、控制装置、防护装置等部分组成。利用激光与生物组织的相互作用机理进行手术治疗。,用于对机体组织进行汽化、碳化、凝固，以达到手术治疗的目的。,钬（Ho:YAG）激光治疗机、掺钕钇铝石榴石激光治疗机、掺铥光纤激光治疗仪、半导体激光治疗机、二氧化碳激光治疗机,Ⅲ
medical_device_category_01-02-02,医用激光光纤,01-02-02,__import__.medical_device_category_01-02,通常由光纤、激光器连接接口和手持部组成。,用于传输激光能量。,医用激光光纤、无菌医用激光光纤,Ⅱ
medical_device_category_01-03-01,1 高频手术设备,01-03-01,__import__.medical_device_category_01-03,通常由高频发生器、手术手柄、手术电极（包括中性电极）、连接电缆和脚踏开关组成。在两个电极之间产生高频（通常高于200kHz）电流。,用于外科手术中对相应组织进行切割和凝固。,高频电刀、高频手术器、双极电凝固器、双极电凝器、高频手术系统、高频电外科手术系统、等离子手术设备,Ⅲ
medical_device_category_01-03-01,2 高频手术设备,01-03-01,__import__.medical_device_category_01-03,通常由高频发生器、手术手柄、手术电极、连接电缆和脚踏开关组成。在两个电极之间产生高频（通常高于200kHz）电流。,仅用于皮肤科、耳鼻喉科、妇科和肛肠科浅表部位的手术中，对相应组织进行凝固、使组织变性和/或坏死。,高频电灼仪,Ⅱ
medical_device_category_01-03-02,射频消融设备,01-03-02,__import__.medical_device_category_01-03,通常由射频发生器，射频电极、电缆、中性电极和脚踏开关组成。在电极间产生射频电流。,用于组织和器官（心脏、肝脏、前列腺、妇科和耳鼻喉等）的消融和凝固。,射频治疗仪、射频消融治疗仪、射频热凝器、射频消融发生器、射频消融系统、心脏消融系统,Ⅲ
medical_device_category_01-03-03,氩保护气凝设备,01-03-03,__import__.medical_device_category_01-03,通常由主机、手术输出端口、开关检测器、氩气源等组成，需要配合高频手术设备使用。,用于配合高频手术设备，利用氩气电离效果用于大面积流血面的快速均匀凝固，或利用氩气隔离空气用于减轻组织烟雾和碳化形成。,氩气控制器,Ⅱ
medical_device_category_01-03-04,1 高频/射频用电极及导管,01-03-04,__import__.medical_device_category_01-03,通常配合高频/射频手术设备使用的附件。使电流从高频/射频发生器流入或流出患者的终端，用于在手术时对组织进行切割，或使组织坏死、血液凝固等。该类附件可以是手术端的，即作为发生器的终端，用于发出电流，施行手术；也可以是返回端的，即不用于提供能量，而用于使电流返回发生器。,用于与射频发生器配合使用。以导管等形式通过血管和腔道，将射频能量作用于目标组织，对组织实施切割、消融等作用的射频附件。,消融导管、射频消融导管、双向消融术导管、温控消融导管、诊断/消融可调弯头端导管,Ⅲ
medical_device_category_01-03-04,2 高频/射频用电极及导管,01-03-04,__import__.medical_device_category_01-03,通常配合高频/射频手术设备使用的附件。使电流从高频/射频发生器流入或流出患者的终端，用于在手术时对组织进行切割，或使组织坏死、血液凝固等。该类附件可以是手术端的，即作为发生器的终端，用于发出电流，施行手术；也可以是返回端的，即不用于提供能量，而用于使电流返回发生器。,用于内窥镜外科手术中，与高频/射频手术设备配合使用。作为高频/射频手术设备的附件对目标组织实施切割、消融、凝血等作用。,电凝手术剪、电凝手术钳、双极电凝钳、高频切开刀、等离子凝开刀、热活检钳,Ⅲ
medical_device_category_01-03-04,3 高频/射频用电极及导管,01-03-04,__import__.medical_device_category_01-03,通常配合高频/射频手术设备使用的附件。使电流从高频/射频发生器流入或流出患者的终端，用于在手术时对组织进行切割，或使组织坏死、血液凝固等。该类附件可以是手术端的，即作为发生器的终端，用于发出电流，施行手术；也可以是返回端的，即不用于提供能量，而用于使电流返回发生器。,用于非内窥镜外科手术中，与高频/射频手术设备配合使用。作为高频/射频手术设备的附件对目标组织实施切割、消融、凝血等作用；或与患者身体相连，具有相对较大面积的电极，预期为高频电流提供一个低电流密度的返回通道，以防止在人体组织中产生不希望的灼伤等物理效应的高频附件。,高频手术电极、中性电极、随弃式中性极板、双极电极、消融电极、射频消融电极、射频凝闭电极、一次性使用手术电极,Ⅱ
medical_device_category_01-03-05,射频消融设备用灌注泵,01-03-05,__import__.medical_device_category_01-03,通常由主机、控制器和电缆组成。,通常用于降低消融区域与患者接触部分的温度。与射频消融设备配套使用。,射频灌注泵,Ⅱ
medical_device_category_01-04-01,微波手术设备,01-04-01,__import__.medical_device_category_01-04,通常由微波发生源、微波传输线缆和热凝器（手术电极、消融针等）组成，利用工作频率0.3GHz～30GHz的微波辐射能量进行手术治疗的设备。,用于手术中的止血，和对增生或病变组织进行凝固。,微波手术刀、微波消融仪、微波消融治疗仪,Ⅲ
medical_device_category_01-05-01,冷冻手术设备,01-05-01,__import__.medical_device_category_01-05,通常由低温工质、升温装置、储存容器、控制系统主机和探针组成。探针直接作用于人体治疗部位。,用于采用冷冻/快速升温方式对局部组织进行冷冻手术治疗。,低温手术设备、低温冷冻治疗系统、冷冻手术治疗机、冷冻治疗仪、冷冻消融系统、冷冻消融仪、冷冻减脂仪,Ⅲ
medical_device_category_01-05-02,冷冻消融针及导管,01-05-02,__import__.medical_device_category_01-05,通常由手柄、导管、冷却部分组成。,用于配合冷冻消融设备对局部组织进行冷冻消融。,冷冻消融针、冷冻消融导管,Ⅲ
medical_device_category_01-06-01,冲击波碎石机,01-06-01,__import__.medical_device_category_01-06,通常由波源发生系统、定位系统、水系统、三维运动系统和辅助系统组成。通过经过聚焦的具有高能量的压力脉冲对结石的应力作用，引起结石的开裂和破碎。冲击波在发生形式上可以分成压电式、液电式和电磁式。,产生的压力脉冲波在患者体内碎石。,体外引发碎石设备、冲击波碎石机、电磁式体外冲击波碎石机、液电式碎石设备、体内冲击波碎石机,Ⅲ
medical_device_category_01-07-01,手术导航系统,01-07-01,__import__.medical_device_category_01-07,通常由主机、跟踪定位装置、功能软件、定位框架、适配器、标记物和附件组成。分为光学和电磁导航。部分导航系统带有机械臂。,用于配合已生成的手术计划方案或制定手术计划方案，辅助外科手术导航。带有机械臂的导航系统可用于外科手术中的微创手术，为更精准和精细的手术技能与手术操作提供支持。,手术导航系统、外科手术导航系统、导航定位系统、红外导航系统,Ⅲ
medical_device_category_01-07-02,手术定位系统,01-07-02,__import__.medical_device_category_01-07,通常由框架、弓形架和电子计算机断层扫描（CT）、磁共振成像（MRI）坐标显示板组成。,用于对病灶进行诊断和治疗时定位导向。,脑立体定向仪、无框架脑立体定向仪,Ⅲ
medical_device_category_01-07-03,手术控制系统,01-07-03,__import__.medical_device_category_01-07,通常由医生控制台、患者手术平台、立体内窥镜系统、影像处理平台专用器械构成。,用于腔内手术中帮助精确控制手术操作的设备。,内窥镜手术器械控制系统、整体手术室控制系统,Ⅲ
medical_device_category_01-08-01,手术无影灯,01-08-01,__import__.medical_device_category_01-08,通常由灯体和灯架组成。有无影效果，能提供够的中心照度来照明患者身体局部。,用于手术室的照明，最大程度地减少由手术者的局部遮挡而造成的工作区域阴影。,手术无影灯、移动式手术无影灯、应急手术无影灯,Ⅱ
medical_device_category_01-08-02,手术辅助照明灯,01-08-02,__import__.medical_device_category_01-08,通常由光源、灯架等组成。分为吊顶式、墙面式或移动式。不具有无影效果。,用于手术室和治疗室，对患者的手术或检查区域进行局部照明。不用于眼科检查。,移动式LED手术照明灯、LED手术照明灯、手术照明灯、手术反光灯、手术辅助照明灯、手术辅助移动式手术照明灯、手术头灯,Ⅰ
medical_device_category_01-09-01,1 内窥镜手术用有源设备,01-09-01,__import__.medical_device_category_01-09,在内窥镜手术中，以治疗为目的，需要电源实现手术功能的医疗设备。其应用部分通常由通过和内窥镜相同的或不同的通道进入人体（超声、高频、妇产科用除外）。,用于在内窥镜手术中，实现破碎结石等手术功能。,腔内气压弹道碎石机,Ⅲ
medical_device_category_01-09-01,2 内窥镜手术用有源设备,01-09-01,__import__.medical_device_category_01-09,在内窥镜手术中，以治疗为目的，需要电源实现手术功能的医疗设备。其应用部分通常由通过和内窥镜相同的或不同的通道进入人体（超声、高频、妇产科用除外）。,用于在内窥镜手术中，实现绞碎或切除组织等手术功能。,刨削系统、鼻窦电动手术刀、手术吸引切割器、关节镜刨削手机、鼻窦手术动力装置,Ⅱ
medical_device_category_01-09-01,3 内窥镜手术用有源设备,01-09-01,__import__.medical_device_category_01-09,在内窥镜手术中，以治疗为目的，需要电源实现手术功能的医疗设备。其应用部分通常由通过和内窥镜相同的或不同的通道进入人体（超声、高频、妇产科用除外）。,用于在内窥镜手术中，实现鼻腔部位切除组织等手术功能。,鼻腔手术切割器,Ⅱ
medical_device_category_01-10-01,水刀,01-10-01,__import__.medical_device_category_01-10,通常由主机、控制装置和手柄组件组成。产品使用高压水束进行外科手术。,用于手术部位的清理和/或对人体组织进行选择性分离。,水刀、清创水刀系统,Ⅲ
medical_device_category_01-10-02,分离控制盒,01-10-02,__import__.medical_device_category_01-10,通常由机体、电池组、指示灯、解脱按钮和电缆组成。电缆与弹簧圈相连。,用于介入手术中提供电量，解脱弹簧圈。,弹簧圈分离控制盒、分离控制盒,Ⅱ
medical_device_category_01-10-03,1 电动吻合器,01-10-03,__import__.medical_device_category_01-10,通常由电动手柄、吻合器、钉仓和电池包组成。吻合钉一般由钛合金、纯钛等材料制成。,用于体内血管的离断、切除和/或建立吻合。适用于多种开放或微创的手术。,电动吻合器、电动式切割吻合器,Ⅲ
medical_device_category_01-10-03,2 电动吻合器,01-10-03,__import__.medical_device_category_01-10,通常由电动手柄、吻合器、钉仓和电池包组成。吻合钉一般由钛合金、纯钛等材料制成。,用于体内器官、组织的离断、切除和/或建立吻合。适用于多种开放或微创的手术。,电动吻合器、电动式切割吻合器,Ⅱ
medical_device_category_01-10-04,手术动力系统,01-10-04,__import__.medical_device_category_01-10,通常由主机、控制装置、电动马达、手柄和各类切割器组成。,用于手术时切割/切开、削磨、钻孔等外科手术。,手术动力系统、综合手术动力系统,Ⅱ
medical_device_category_01-10-05,取、植皮设备,01-10-05,__import__.medical_device_category_01-10,通常由主机和手持件组成。,用于皮肤的取皮、植皮或擦皮。,电动植皮刀、植皮机、取皮机,Ⅱ
medical_device_category_01-10-06,1 乳腺旋切活检系统及附件,01-10-06,__import__.medical_device_category_01-10,通常由主机、真空系统、驱动手柄和脚踏开关组成。用于对患者影像学异常的乳腺组织，通过微创方式完全或部分切除，进行活检取样时使用。,用于乳房病变组织旋切和取样，供临床使用。,乳房活检与旋切系统、双向真空辅助乳房活检与旋切系统,Ⅲ
medical_device_category_01-10-06,2 乳腺旋切活检系统及附件,01-10-06,__import__.medical_device_category_01-10,通常由穿刺针主体、切割刀、组织标本收集盒、真空导管、冲洗导管和适配盒组成。,用于对患者影像学检查异常的乳腺组织进行活检取样。配合乳腺活检旋切系统使用。,乳房旋切穿刺针及配件,Ⅲ
medical_device_category_02-01-01,1 手术刀,02-01-01,__import__.medical_device_category_02-01,通常由刀片和刀柄组成。刀片通常有刃口和与手术刀柄对接的安装槽。刀片一般采用纯钛、钛合金、不锈钢或碳钢材料制成。无菌提供。,用于切割组织或在手术中切割器械。,一次性使用无菌塑柄手术刀、一次性使用无菌手术刀、一次性使用无菌导管切开刀、一次性使用无菌手术刀片、一次性使用无菌取皮刀,Ⅱ
medical_device_category_02-01-01,2 手术刀,02-01-01,__import__.medical_device_category_02-01,通常由刀片和刀柄组成。刀片通常有刃口和与手术刀柄对接的安装槽。刀片一般采用纯钛、钛合金、不锈钢、碳钢或陶瓷等材料制成。非无菌提供。使用前由使用机构根据说明书进行灭菌或消毒（如适用）。不在内窥镜下使用。,用于切割组织或在手术中切割器械。,手术刀、组织环切刀、皮片刀、疣体剥离刀、急救切割器、耳用刀、耳鼓膜刀、耳道皮瓣刀、鼻手术刀、鼻粘膜刀、鼻中隔旋转刀、鼻窦切割刀、鼻增殖体切除器、扁桃体刀、扁桃体切除器、扁桃体挤切刀、耳鼻喉用刀、皮屑刮刀、显微刀、显微喉刀、手术刀片、皮瓣刀片、医用取皮刀、辊轴植皮刀、盒式切除刀、乳腺病灶切割器,Ⅰ
medical_device_category_02-01-02,血管刀,02-01-02,__import__.medical_device_category_02-01,通常由刀片和刀柄组成。刀片一般采用纯钛、钛合金、不锈钢或碳钢材料制成。,用于切割血管。,血管刀,Ⅱ
medical_device_category_02-01-03,1 备皮刀,02-01-03,__import__.medical_device_category_02-01,通常由刀片、刀架和保护盖组成。无菌提供。一次性使用。,用于术前准备，去除毛发。,一次性使用无菌备皮刀,Ⅱ
medical_device_category_02-01-03,2 备皮刀,02-01-03,__import__.medical_device_category_02-01,通常由刀片、刀架和保护盖组成。非无菌提供。使用前由使用机构根据说明书进行灭菌或消毒（如适用）。,用于术前准备，去除毛发。,备皮刀、一次性使用备皮刀、剃毛刀、一次性使用剃毛刀,Ⅰ
medical_device_category_02-01-03,3 备皮刀,02-01-03,__import__.medical_device_category_02-01,通常由刀片和手柄组成。一般采用不锈钢材料制成。非无菌提供。使用前由使用机构根据说明书进行灭菌或消毒（如适用）。,用于削除痂皮以保留部分真皮。,辊轴取皮刀,Ⅰ
medical_device_category_02-01-04,1 环切器,02-01-04,__import__.medical_device_category_02-01,通常由带切口的外环、内环组成。无菌提供。一次性使用。,用于环切阴茎包皮。,一次性使用无菌包皮环切器、一次性使用无菌包皮环切套扎器、一次性使用无菌包皮除去环、一次性使用无菌包皮环扎切除环,Ⅱ
medical_device_category_02-01-04,2 环切器,02-01-04,__import__.medical_device_category_02-01,通常由带切口的外环、内环组成。非无菌提供。使用前由使用机构根据说明书进行灭菌或消毒（如适用）。,用于环切阴茎包皮。,包皮切除环,Ⅰ
medical_device_category_02-01-05,内窥镜用刀,02-01-05,__import__.medical_device_category_02-01,通常由头部、杆部和手柄组成，头部为一刃口片，通过手柄操作传递、控制头部工作。一般头部采用不锈钢材料制成。,手术中在内窥镜下操作，用于切割组织。,内窥镜用刀,Ⅱ
medical_device_category_02-02-01,手术凿,02-02-01,__import__.medical_device_category_02-02,通常由头部和柄部组成，头端带刃口。一般采用不锈钢材料制成。非无菌提供。使用前由使用机构根据说明书进行灭菌或消毒（如适用）。不在内窥镜下使用。,用于凿切或修整骨。,鼻骨凿、乳突骨凿、耳用骨凿、鼻中隔凿、整形用鼻骨凿、指骨凿,Ⅰ
medical_device_category_02-02-02,手术锤,02-02-02,__import__.medical_device_category_02-02,通常由头部和柄部组成，头部分软、硬锤头。一般硬锤采用不锈钢材料制成、软锤采用聚四氟乙烯制成。非无菌提供。使用前由使用机构根据说明书进行灭菌或消毒（如适用）。不在内窥镜下使用。,用于敲击手术凿等。,鼻骨锤、乳突器械敲击锤,Ⅰ
medical_device_category_02-03-01,组织剪,02-03-01,__import__.medical_device_category_02-03,通常由中间连接的两片组成，头部有刃口。一般采用不锈钢材料制成。非无菌提供。使用前由使用机构根据说明书进行灭菌或消毒（如适用）。不在内窥镜下使用。,用于剪切组织。,手术剪、组织剪、血管剪、食道剪、胆道剪、胃剪、前列腺剪、膀胱切除剪、肠剪、耳剪、中耳剪、耳息肉剪、镫骨足弓剪、槌骨剪、鼻剪、鼻组织剪、鼻粘膜剪、鼻中隔骨剪、喉剪、甲状腺剪、扁桃体剪、耳鼻喉用剪、显微剪、显微组织剪、显微手术剪、显微喉剪、显微耳剪、腹部用直视直剪、腹部用直视弯剪、双向剪、腹部用双动直剪、腹部用双动弯剪、腹部用直剪、腹部用钩剪、耳用槌骨咬骨剪、显微枪形手术剪,Ⅰ
medical_device_category_02-03-02,器械剪,02-03-02,__import__.medical_device_category_02-03,通常由中间连接的两片组成，头部有刃口。一般采用不锈钢材料制成。非无菌提供。使用前由使用机构根据说明书进行灭菌或消毒（如适用）。不在内窥镜下使用。,用于剪切器械。,敷料剪、拆线剪、纱布绷带剪,Ⅰ
medical_device_category_02-03-03,内窥镜用剪,02-03-03,__import__.medical_device_category_02-03,通常由头部、杆部或软性导管和手柄组成，头部为一对带刃口的叶片，通过手柄操作传递、控制头部工作。一般头部采用不锈钢材料制成。,手术中在内窥镜下操作，用于剪切组织。,内窥镜手术剪、鼻窦镜手术剪、腹腔镜手术剪、内窥镜结扎线剪刀、内窥镜光学剪,Ⅱ
medical_device_category_02-04-01,1 组织钳,02-04-01,__import__.medical_device_category_02-04,通常由内套管、外套管和弹力环组成。无菌提供。一次性使用。,用于钳夹组织。,一次性使用无菌负压吸引痔核钳、一次性使用无菌荷包钳,Ⅱ
medical_device_category_02-04-01,2 组织钳,02-04-01,__import__.medical_device_category_02-04,通常有二种型式：由中间连接的两片组成，头部为钳喙；或由头部、杆部和手柄组成，头部为一对带钳喙的叶片。一般采用不锈钢材料制成。非无菌提供。使用前由使用机构根据说明书进行灭菌或消毒（如适用）。不在内窥镜下使用。,用于钳夹组织。,荷包钳、组织钳、器官固定钳、造影钳、夹持钳、爪钳、抓钳、粘膜抓钳、息肉钳、淋巴结钳、皮肤钳、头皮钳、耳鼻喉用钳、耳钳、耳息肉钳、中耳息肉钳、镫骨钳、乳突咬骨钳、鼻钳、鼻组织钳、鼻甲钳、鼻咬切钳、鼻粘膜钳、鼻筛窦钳、鼻息肉钳、鼻（窦）息肉钳、鼻骨复位钳、鼻咬骨钳、鼻中隔咬骨钳、间接喉钳、异物喉钳、上颌窦咬骨钳、蝶窦咬骨钳、颌骨夹持钳、喉钳、喉息肉钳、喉粘膜钳、舌钳、扁桃体钳、甲状腺钳、支气管钳、腹腔抓钳、腹膜钳、胃钳、肠钳、肠夹持钳、阑尾肠钳、肝门吻合钳、胆囊钳、胆管钳、脾蒂钳、肾蒂钳、输尿管夹持钳、膀胱钳、膀胱肿瘤钳、膀胱颈钳、前列腺组织钳、后尿道钳、痔核钳、套圈痔核钳、肌腱夹持钳、显微钳、显微喉钳、显微皮下组织固定钳、三叶钳、三叶扇形钳、五叶钳、五叶扇形钳、无齿钳、V形钳、O形钳、扳克钳、钝头钳、中空竖齿钳、中空横齿钳、芯轴钳、小切口组织钳、微针钳、分离结扎钳、显微枪形麦粒钳、肌腱穿刺钳、软骨塑型钳,Ⅰ
medical_device_category_02-04-02,1 取样钳,02-04-02,__import__.medical_device_category_02-04,通常由头部、杆部和手柄组成，头部为一对带钳喙的叶片。一般采用不锈钢材料制成。无菌提供。一次性使用。,用于组织取样。,一次性使用无菌活体取样钳,Ⅱ
medical_device_category_02-04-02,2 取样钳,02-04-02,__import__.medical_device_category_02-04,通常有二种型式：由中间连接的两片组成，头部为钳喙；或由头部、杆部和手柄组成，头部为一对带钳喙的叶片。一般采用不锈钢材料制成。非无菌提供。使用前由使用机构根据说明书进行灭菌或消毒（如适用）。不在内窥镜下使用。,用于组织取样。,取样钳、活检钳、活检穿刺钳、腹腔活检钳、直肠取样钳、鼻取样钳、鼻咽活体取样钳、喉取样钳、鼻咽取样钳,Ⅰ
medical_device_category_02-04-03,分离钳,02-04-03,__import__.medical_device_category_02-04,通常有二种型式：由中间连接的两片组成，头部为钳喙；或由头部、杆部和手柄组成，头部为一对带钳喙的叶片。一般采用不锈钢材料制成。非无菌提供。使用前由使用机构根据说明书进行灭菌或消毒（如适用）。不在内窥镜下使用。,用于分离组织。,分离钳、剥离钳、腹腔分离钳、喉分离钳,Ⅰ
medical_device_category_02-04-04,牵引钳,02-04-04,__import__.medical_device_category_02-04,通常由中间连接的两片组成，头部为钳喙。一般采用不锈钢材料制成。非无菌提供。使用前由使用机构根据说明书进行灭菌或消毒（如适用）。不在内窥镜下使用。,用于牵拉组织。,牵引钳、撑开钳、腹壁牵拉钳、皮瓣张力钳,Ⅰ
medical_device_category_02-04-05,异物钳,02-04-05,__import__.medical_device_category_02-04,通常有二种型式：由中间连接的两片组成，头部为钳喙；或由头部、杆部和手柄组成，头部为一对带钳喙的叶片。一般采用不锈钢材料制成。非无菌提供。使用前由使用机构根据说明书进行灭菌或消毒（如适用）。不在内窥镜下使用。,用于钳取异物。,异物钳、子弹钳、胆囊取石钳、取石钳、膀胱取石钳、肾石钳、碎石钳、耳异物钳、喉异物钳、气管异物钳、食道异物钳、鼻异物钳、耵聍钳,Ⅰ
medical_device_category_02-04-06,止血钳,02-04-06,__import__.medical_device_category_02-04,通常有二种型式：由中间连接的两片组成，头部为钳喙；或由头部、杆部和手柄组成，头部为一对带钳喙的叶片。一般采用不锈钢材料制成。非无菌提供。使用前由使用机构根据说明书进行灭菌或消毒（如适用）。不在内窥镜下使用。,用于钳夹血管、分离组织以止血。,止血钳、血管钳、血管止血钳、分离止血钳、鼻止血钳、上颌窦止血钳、扁桃体止血钳、喉止血钳、耳止血钳、蚊式止血钳、微血管止血钳,Ⅰ
medical_device_category_02-04-07,1 扩张钳,02-04-07,__import__.medical_device_category_02-04,通常由一对中间连接的叶片组成，头部为钳喙。一般采用不锈钢材料制成。非无菌提供。使用前由使用机构根据说明书进行灭菌或消毒（如适用）。不在内窥镜下使用。,用于扩张气管。,气管扩张钳,Ⅰ
medical_device_category_02-04-07,2 扩张钳,02-04-07,__import__.medical_device_category_02-04,通常由左钳柄、锁紧装置、弹簧片、右钳柄组成。一般采用不锈钢材料制造。非无菌提供。使用前由使用机构根据说明书进行灭菌或消毒（如适用）。不在内窥镜下使用。,用于微创手术中扩张切口。,微创手术扩张钳,Ⅰ
medical_device_category_02-04-08,1 器械钳,02-04-08,__import__.medical_device_category_02-04,通常由一对中间连接的叶片组成，钳喙。一般采用聚苯乙烯高分子材料制成。无菌提供。一次性使用。,用于钳夹器械。,一次性使用无菌手术钳,Ⅱ
medical_device_category_02-04-08,2 器械钳,02-04-08,__import__.medical_device_category_02-04,通常由左钳柄、锁紧装置、弹簧片、右钳柄组成。一般采用不锈钢材料制造。非无菌提供。使用前由使用机构根据说明书进行灭菌或消毒（如适用）。不在内窥镜下使用。,用于微创手术中扩张切口。,微创手术扩张钳,Ⅰ
medical_device_category_02-04-08,3 器械钳,02-04-08,__import__.medical_device_category_02-04,通常由底座、主轴、棘轮、手柄、舌片、 滑杆、旋钮、横杆、钢丝槽、分线嵴、观察窗、压线槽、钢丝孔组成。一般采用不锈钢和高分子材料制成。无源产品。非无菌提供。使用前由使用机构根据说明书进行灭菌或消毒（如适用）。不在内窥镜下使用。,用于外科手术中以钢丝关闭胸骨切口或骨科手术时以钢丝内固定骨块时，捻紧钢丝。,医用钢丝捻紧器,Ⅰ
medical_device_category_02-04-09,内窥镜用组织钳,02-04-09,__import__.medical_device_category_02-04,通常由头部、杆部或软性导管和手柄组成，通过手柄操作传递、控制头部工作。一般头部采用不锈钢材料制成。,手术中在内窥镜下操作，用于钳夹组织。,内窥镜手术钳、内窥镜抓钳、内窥镜组织抓钳、腹腔镜手术钳、内窥镜钳夹器,Ⅱ
medical_device_category_02-04-10,内窥镜用取样钳,02-04-10,__import__.medical_device_category_02-04,通常由头部、杆部或软性导管和手柄组成，通过手柄操作传递、控制头部工作。一般头部采用不锈钢材料制成。,手术中在内窥镜下操作，用于钳取组织。,内窥镜活检钳、内窥镜活组织检查钳、内窥镜取样钳、内窥镜组织检查钳,Ⅱ
medical_device_category_02-04-11,内窥镜用分离钳,02-04-11,__import__.medical_device_category_02-04,通常由头部、杆部或软性导管和手柄组成，通过手柄操作传递、控制头部工作。一般头部采用不锈钢材料制成。,手术中在内窥镜下操作，用于分离组织。,内窥镜组织分离钳,Ⅱ
medical_device_category_02-04-12,内窥镜用异物钳,02-04-12,__import__.medical_device_category_02-04,通常由头部、杆部或软性导管和手柄组成，通过手柄操作传递、控制头部工作。一般头部采用不锈钢材料制成。,手术中在内窥镜下操作，用于钳取异物。,内窥镜异物钳,Ⅱ
medical_device_category_02-04-13,内窥镜用器械钳,02-04-13,__import__.medical_device_category_02-04,通常由头部、杆部或软性导管和手柄组成，头通过手柄操作传递、控制头部工作。一般头部采用不锈钢材料制成。,手术中在内窥镜下操作，用于夹持器械。,内窥镜持针钳、内窥镜施夹钳、内窥镜持针器、内窥镜支架回收器,Ⅱ
medical_device_category_02-05-01,1 组织镊,02-05-01,__import__.medical_device_category_02-05,通常由一对尾部叠合的叶片组成。一般采用不锈钢材料制成。无菌提供。一次性使用。,用于夹持组织。,一次性使用无菌手术镊、一次性使用无菌组织镊,Ⅱ
medical_device_category_02-05-01,2 组织镊,02-05-01,__import__.medical_device_category_02-05,通常由一对尾部叠合的叶片组成。一般采用不锈钢材料制成。非无菌提供。使用前由使用机构根据说明书进行灭菌或消毒（如适用）。不在内窥镜下使用。,用于夹持组织。,组织镊、组织夹持镊、血管镊、皮肤镊、耳用镊、耳用膝状镊、整形镊、鼻用镊、耳鼻喉用镊、显微镊、显微组织镊、医用镊,Ⅰ
medical_device_category_02-05-02,1 器械镊,02-05-02,__import__.medical_device_category_02-05,通常由一对尾部叠合的叶片组成。一般采用ABS或聚乙烯材料制成。无菌提供。一次性使用。,用于夹持器械、辅料。,一次性使用无菌敷料镊、一次性使用无菌换药镊,Ⅱ
medical_device_category_02-05-02,2 器械镊,02-05-02,__import__.medical_device_category_02-05,通常由一对尾部叠合的叶片组成。一般采用不锈钢、ABS或聚乙烯材料制成。非无菌提供。使用前由使用机构根据说明书进行灭菌或消毒（如适用）。不在内窥镜下使用。,用于夹持器械、敷料。,持针镊、敷料镊、换药镊、帕巾镊、缝线结扎镊、系线镊、一次性使用敷料镊、一次性使用换药镊、喉用敷料镊、显微持针镊、显微止血夹镊,Ⅰ
medical_device_category_02-06-01,1 闭合夹,02-06-01,__import__.medical_device_category_02-06,通常为U形状，带锁扣。一般采用化学合成或高分子材料制成。无菌提供。一次性使用。,用于闭合管状组织结构，术后不取出。,可吸收止血结扎夹、非吸收高分子结扎夹,Ⅲ
medical_device_category_02-06-01,2 闭合夹,02-06-01,__import__.medical_device_category_02-06,通常为U形状，带锁扣。一般采用化学合成或高分子材料制成。无菌提供。一次性使用。,用于术中夹闭组织，术后取出。,一次性使用无菌组织闭合夹,Ⅱ
medical_device_category_02-06-01,3 闭合夹,02-06-01,__import__.medical_device_category_02-06,为U形或V形，带锁扣。采用纯钛或钛合金等金属材料制成。非无菌提供。使用前由使用机构根据说明书进行灭菌或消毒（如适用）。不在内窥镜下使用。,用于术中夹闭组织、器官，术后取出。,腹腔用金属夹、尿失禁控制夹、阴茎夹,Ⅰ
medical_device_category_02-06-02,止血夹,02-06-02,__import__.medical_device_category_02-06,为U形或V形，带锁扣或由一对尾部叠合的叶片组成。采用纯钛、钛合金和不锈钢等金属材料制成。非无菌提供。使用前由使用机构根据说明书进行灭菌或消毒（如适用）。不在内窥镜下使用。,用于术中临时夹闭血管、组织止血。,止血夹、血管缝合用夹、唇夹、显微止血夹、显微血管夹,Ⅰ
medical_device_category_02-06-03,1 器械夹,02-06-03,__import__.medical_device_category_02-06,通常由一片折弯而成。头端带线槽或无槽。一般采用不锈钢材料制成。非无菌提供。使用前由使用机构根据说明书进行灭菌或消毒（如适用）。不在内窥镜下使用。,用于显微手术时夹持牵引线。,显微牵线夹,Ⅰ
medical_device_category_02-06-03,2 器械夹,02-06-03,__import__.medical_device_category_02-06,通常由一块金属薄片弯曲，并使头部交叉相扣形成的夹子。一般采用不锈钢材料制成。非无菌提供。使用前由使用机构根据说明书进行灭菌或消毒（如适用）。不在内窥镜下使用。,用于显微外科手术进行血管吻合时，夹住缝合线垂吊，防止手术时血管产生扭转。,显微血管吻合牵线夹,Ⅰ
medical_device_category_02-07-01,1 缝合针,02-07-01,__import__.medical_device_category_02-07,通常外形呈直形或弧形，针尖有圆、三角、铲形状，针尾带孔。一般采用不锈钢材料制成。,用于缝合组织、皮肤。,缝合针,Ⅱ
medical_device_category_02-07-01,2 缝合针,02-07-01,__import__.medical_device_category_02-07,通常由缝合线连接缝合针组成。,用于缝扎组织成荷包状。,荷包针、一次性使用荷包缝合针、一次性使用荷包针,Ⅱ
medical_device_category_02-07-02,1 手术针,02-07-02,__import__.medical_device_category_02-07,通常由针体和柄部组成。一般采用不锈钢材料或高分子材料制成。无菌提供。一次性使用。,用于探查组织或穿刺组织建立通路。,一次性使用无菌气腹针、一次性使用无菌导引针、一次性使用无菌肛门探针、一次性使用无菌腹水穿刺针,Ⅱ
medical_device_category_02-07-02,2 手术针,02-07-02,__import__.medical_device_category_02-07,通常由针体和柄部组成，针体头端有平、十字、球头、尖头、圆头、弯钩形状。非无菌提供。使用前由使用机构根据说明书进行灭菌或消毒（如适用）。不在内窥镜下使用。,用于探、拨、挑、刺组织。不得用于注射。,探针、刺探针、拔松针、钩针、痔漏探针、耳针、耳用探针、鼻穿刺针、鼻探针、上颌窦探针、显微针、显微耳针、显微喉针、气腹针、导引针、腹水穿刺针、一次性使用皮肤点刺针、肛门探针、外科手术探针、内耳手术剥离针、动脉瘤针,Ⅰ
medical_device_category_02-07-03,1 定位针,02-07-03,__import__.medical_device_category_02-07,通常由穿刺针、定位针和标记物组成。一般采用不锈钢材料制成。无菌提供。一次性使用。标记物接触人体组织时间超过30天。,用于手术中乳腺活组织检查定位标记。,乳腺组织标记定位针,Ⅲ
medical_device_category_02-07-03,2 定位针,02-07-03,__import__.medical_device_category_02-07,通常由穿刺针和定位针组成。一般采用不锈钢材料制成。无菌提供。一次性使用。,用于手术中乳腺活组织检查定位。,乳腺定位丝及其导引针、乳腺定位针,Ⅱ
medical_device_category_02-07-04,内窥镜取样针,02-07-04,__import__.medical_device_category_02-07,通常由头部、杆部或软性导管和手柄组成，头部为针形，通过手柄操作传递、控制头部工作。一般头部采用不锈钢材料制成。无菌提供。,手术中在内窥镜下操作，用于探查组织、取样。,内窥镜用针、内窥镜吸引活检针、内窥镜活体取样针、内窥镜组织样本取样器,Ⅱ
medical_device_category_02-08-01,1 手术钩,02-08-01,__import__.medical_device_category_02-08,通常由头部和杆部组成，头部带钩头。一般采用不锈钢材料制成。无菌提供。一次性使用。,用于钩拉组织或皮肤。,一次性使用无菌拉钩,Ⅱ
medical_device_category_02-08-01,2 手术钩,02-08-01,__import__.medical_device_category_02-08,通常由头部和杆部组成，头部带钩头。一般采用不锈钢材料制成。非无菌提供。使用前由使用机构根据说明书进行灭菌或消毒（如适用）。不在内窥镜下使用。,用于钩拉组织或皮肤。,拉钩、皮肤拉钩、头皮拉钩、组织拉钩、静脉拉钩、肌腱神经拉钩、创口钩、小切口拉钩、腹腔拉钩、胆道拉钩、腹部拉钩、腹壁拉钩、大腹钩、腹部外科用拉钩、阑尾拉钩、肾盂拉钩、肾窦拉钩、前列腺拉钩、膀胱拉钩、耳钩、耵聍钩、鼻腔拉钩、甲状腺拉钩、扁桃体拉钩、耳鼻喉科拉钩、显微钩、显微耳钩、显微喉钩、医用拉钩、基础外科用钩、手术拉钩、整形拉钩、扁平拉钩、双头拉钩、深部拉钩、悬吊拉钩、活动拉钩、S状拉钩、L状拉钩、导光拉钩、万向拉钩、直角拉钩,Ⅰ
medical_device_category_02-08-02,内窥镜用钩,02-08-02,__import__.medical_device_category_02-08,通常由头部、杆部或软性导管和手柄组成，头部为钩形，通过手柄操作传递、控制头部工作。一般头部采用不锈钢材料制成。,手术中在内窥镜下操作，用于钩拉组织。,内窥镜用钩、内窥镜组织拉钩,Ⅱ
medical_device_category_02-09-01,手术刮匙,02-09-01,__import__.medical_device_category_02-09,通常细长设计，头部为边缘锋利的匙形或内边缘锋利的方形。一般采用不锈钢材料制成。非无菌提供。使用前由使用机构根据说明书进行灭菌或消毒（如适用）。不在内窥镜下使用。,用于手术时刮除组织、汗腺、皮肤赘生物、异物。,刮匙、皮肤刮匙、腋臭刮匙、整形腋臭刮、耳刮匙、鼻增殖体刮匙、鼻刮匙、鼻窦刮匙、耳鼻喉科用刮匙、乳突刮匙、显微汗腺刮除器、显微皮肤赘生物刮除器、胆石匙、胆囊刮匙、胆管结石刮除器、外耳道异物刮匙,Ⅰ
medical_device_category_02-09-02,内窥镜用组织刮匙,02-09-02,__import__.medical_device_category_02-09,通常由头部、杆部或软性导管和手柄组成，头部为匙形，通过手柄操作传递、控制头部工作。一般头部采用不锈钢材料制成。,手术中在内窥镜下操作，用于刮除/采集组织。,内窥镜刮匙、鼻窦镜手术刮匙,Ⅱ
medical_device_category_02-10-01,1 剥离器,02-10-01,__import__.medical_device_category_02-10,通常由剥离头、杆部和柄部组成，头端带光源。一般采用不锈钢材料制成。无菌提供。一次性使用。,用于剥离或分离粘膜、组织。,一次性使用无菌软组织剥离器,Ⅱ
medical_device_category_02-10-01,2 剥离器,02-10-01,__import__.medical_device_category_02-10,通常杆形设计，头部为钝口或微锐。一般采用不锈钢材料制成。非无菌提供。使用前由使用机构根据说明书进行灭菌或消毒（如适用）。不在内窥镜下使用。,用于剥离或分离粘膜、组织。,剥离器、肌腱剥离器、头皮剥离子分离器、乳房分离器、鼻剥离器、鼻骨膜剥离器、鼻中隔剥离器、显微喉剥离子、医用剥离器、软组织剥离器、整形分离器、整形肌腱分离器、整形肌腱剥离器,Ⅰ
medical_device_category_02-10-02,内窥镜用剥离器,02-10-02,__import__.medical_device_category_02-10,通常由头部、杆部和手柄组成，头部为钝口或微锐，通过手柄操作传递、控制头部工作。一般头部采用不锈钢材料制成。,手术中在内窥镜下操作，用于剥离或分离粘膜、组织。,内窥镜手术用剥离子、鼻窦镜手术剥离子,Ⅱ
medical_device_category_02-11-01,1 牵开器,02-11-01,__import__.medical_device_category_02-11,通常由撑开片或钩板、齿条（或弹簧片、螺丝）和手柄主杆组成。一般采用不锈钢材料或高分子材料制成。无菌提供。一次性使用。,用于牵开组织。,一次性使用无菌牵开器、一次性使用无菌软组织扩张器,Ⅱ
medical_device_category_02-11-01,2 牵开器,02-11-01,__import__.medical_device_category_02-11,通常杆形设计，头部为钝口或微锐。一般采用不锈钢材料制成。非无菌提供。使用前由使用机构根据说明书进行灭菌或消毒（如适用）。不在内窥镜下使用。,用于剥离或分离粘膜、组织。,剥离器、肌腱剥离器、头皮剥离子分离器、乳房分离器、鼻剥离器、鼻骨膜剥离器、鼻中隔剥离器、显微喉剥离子、医用剥离器、软组织剥离器、整形分离器、整形肌腱分离器、整形肌腱剥离器,Ⅰ
medical_device_category_02-11-01,3 牵开器,02-11-01,__import__.medical_device_category_02-11,通常由左撑开柄、右撑开柄、齿片、棘爪组成。一般采用不锈钢材料制成。非无菌提供。使用前由使用机构根据说明书进行灭菌或消毒（如适用）。不在内窥镜下使用。,用于急救时或喉科手术中撑开口腔用。,口腔撑开器,Ⅰ
medical_device_category_02-11-02,压迫器,02-11-02,__import__.medical_device_category_02-11,通常为板状设计。一般采用不锈钢材料制成。不接触中枢神经系统或血液循环系统。非无菌提供。使用前由使用机构根据说明书进行灭菌或消毒（如适用）。不在内窥镜下使用。,用于下压组织或脏器。,组织压板、压板、压肠板,Ⅰ
medical_device_category_02-11-03,1 扩张器,02-11-03,__import__.medical_device_category_02-11,通常由头部和柄部组成，头部渐尖式圆锥形。一般采用不锈钢材料制成。,用于非介入手术中，扩张血管。,血管扩张器,Ⅱ
medical_device_category_02-11-03,2 扩张器,02-11-03,__import__.medical_device_category_02-11,通常为细长设计，由硬质导丝和软质导管组成。无菌提供。一次性使用。,用于扩张尿道。,一次性使用无菌尿道扩张器,Ⅱ
medical_device_category_02-11-03,3 扩张器,02-11-03,__import__.medical_device_category_02-11,通常由主操作鞘管、扩张器等组成。无菌提供。,用于微创手术前，在体外与手术部位中间建立一个手术所需的操作空间。,内窥镜通道扩张器,Ⅱ
medical_device_category_02-11-03,4 扩张器,02-11-03,__import__.medical_device_category_02-11,通常由头部、杆部和柄部组成。一般采用不锈钢材料制成。非无菌提供。使用前由使用机构根据说明书进行灭菌或消毒（如适用）。不在内窥镜下使用。,用于扩张组织。,耳鼻喉用扩张器、耳鼻喉用扩张套管、内耳张开器、胆道探条、尿道扩张器、扩肛器、一次性使用扩肛器、食道贲门狭窄扩张器、喉扩张器、外耳道扩张器、鼻腔扩张器,Ⅰ
medical_device_category_02-11-04,1 内窥镜用牵开器,02-11-04,__import__.medical_device_category_02-11,通常由头部、杆部或软性导管和手柄组成，头部为牵开装置，通过手柄操作传递、控制头部工作。一般头部采用不锈钢材料制成。,手术中在内窥镜下操作，用于牵开组织。,腹腔镜肝脏牵开器、内窥镜五叶扇形钳,Ⅱ
medical_device_category_02-11-04,2 内窥镜用牵开器,02-11-04,__import__.medical_device_category_02-11,通常由悬吊器主体、导入针、锁定夹组成。采用金属和高分子材料制成。无菌提供，一次性使用。,手术中在内窥镜下操作，用于悬吊牵开目标组织或器官来改善手术视野。,一次性使用组织悬吊器,Ⅱ
medical_device_category_02-11-05,内窥镜用气囊扩张器,02-11-05,__import__.medical_device_category_02-11,通常由头部、杆部或软性导管和手柄组成，头部为扩张体，通过手柄操作传递、控制头部工作。,手术中在内窥镜下操作，用于扩张狭窄部位。,内窥镜球囊扩张器、内窥镜球囊扩张导管、输尿管镜球囊扩张导管,Ⅱ
medical_device_category_02-12-01,穿刺器,02-12-01,__import__.medical_device_category_02-12,通常由穿刺锥和鞘管组成。一般采用不锈钢和/或高分子材料制成。,用于穿刺组织（不包括腰椎、血管、脑室），建立通路。,穿刺器、腹部穿刺器、胸部穿刺器、一次性使用无菌腹腔镜穿刺器、一次性使用无菌套管穿刺器,Ⅱ
medical_device_category_02-12-02,1 打孔器,02-12-02,__import__.medical_device_category_02-12,通常由打孔针和鞘管组成。一般采用不锈钢材料制成。不接触中枢神经系统或血液循环系统。非无菌提供。使用前由使用机构根据说明书进行灭菌或消毒（如适用）。不在内窥镜下使用。,用于组织打孔，建立通路。,鼻打孔器、皮肤组织穿孔器,Ⅰ
medical_device_category_02-12-02,2 打孔器,02-12-02,__import__.medical_device_category_02-12,通常由钻头、钻体和柄部组成。不接触中枢神经系统或血液循环系统。非无菌提供。使用前由使用机构根据说明书进行灭菌或消毒（如适用）。不在内窥镜下使用。,用于组织打孔，建立通路。,显微皮肤活检环钻、耳钻、皮肤组织钻孔器,Ⅰ
medical_device_category_02-12-03,1 输送导引器,02-12-03,__import__.medical_device_category_02-12,通常由导丝针和控制旋塞组成。,用于导引导丝进入血管。,一次性使用无菌连接器,Ⅲ
medical_device_category_02-12-03,2 输送导引器,02-12-03,__import__.medical_device_category_02-12,通常由内套管、外套管、手柄、导引头、定位标记组成。一次性使用。不接触血管。,用于将器械通过组织或腔道（不含血管）输送到目标位置。,胆道支架输送导管、食道支架输送导管、非血管内支架输送器、支气管内活瓣输送导管,Ⅱ
medical_device_category_02-12-03,3 输送导引器,02-12-03,__import__.medical_device_category_02-12,通常由导引针和套管组成。无菌提供。一次性使用。,用于引导器械，进入腔道或组织。,一次性使用无菌插管管芯、一次性使用无菌耻骨上导入器、一次性使用无菌泌尿导丝、一次性使用无菌输尿管鞘、一次性使用无菌输尿管导引鞘、一次性使用无菌膀胱造瘘管,Ⅱ
medical_device_category_02-12-03,4 输送导引器,02-12-03,__import__.medical_device_category_02-12,通常由套管和座组成。非无菌提供。使用前由使用机构根据说明书进行灭菌或消毒（如适用）。不在内窥镜下使用。,用于引导器械，进入腔道或组织（不含血管）。,鼻导引器、假体导引器、胆道插管引导器、鼻假体导引器,Ⅰ
medical_device_category_02-12-03,5 输送导引器,02-12-03,__import__.medical_device_category_02-12,通常由手柄、内杆、外鞘和弹头组成。一般采用不锈钢材料制成。在使用过程中不接触血液循环系统。非无菌提供。使用前由使用机构根据说明书进行灭菌或消毒（如适用）。不在内窥镜下使用。接触本产品的移植物应去除，不可留置于体内，也不可被再次使用。,用于外周血管、股动静脉通路和解剖外旁路手术中，构建置入人造血管（移植物）所需的皮下隧道。,外周血管隧道器及组件,Ⅰ
medical_device_category_02-12-03,6 输送导引器,02-12-03,__import__.medical_device_category_02-12,通常由手柄、内杆、外鞘和尖端组成。一般采用不锈钢材料制成。在使用过程中不接触血液循环系统。非无菌提供。使用前由使用机构根据说明书进行灭菌或消毒（如适用）。不在内窥镜下使用。接触本产品的移植物应去除，不可留置于体内，也不可被再次使用。,用于动静脉通路手术中，构建置入人造血管（移植物）所需的皮下隧道。,动静脉通路隧道器套件,Ⅰ
medical_device_category_02-12-03,7 输送导引器,02-12-03,__import__.medical_device_category_02-12,通常由尖端和手柄组成。一般采用不锈钢材料制成。在使用过程中不接触血液循环系统。非无菌提供。使用前由使用机构根据说明书进行灭菌或消毒（如适用）。不在内窥镜下使用。接触本产品的移植物应去除，不可留置于体内，也不可被再次使用。,用于周围血管和解剖外旁路手术及血管通路手术中，构建置入人造血管或自体移植物所需的皮下隧道。,皮下隧道器,Ⅰ
medical_device_category_02-12-03,8 输送导引器,02-12-03,__import__.medical_device_category_02-12,一般采用不锈钢材料制成。非无菌提供。使用前由使用机构根据说明书进行灭菌或消毒（如适用）。不在内窥镜下使用。,用于腹腔手术时辅助将扩张器和套管引导入腹部切口内，建立气腹。,引导棒,Ⅰ
medical_device_category_02-12-03,9 输送导引器,02-12-03,__import__.medical_device_category_02-12,通常由内芯和绕丝组成。一般采用不锈钢材料制成。非无菌提供。使用前由使用机构根据说明书进行灭菌或消毒（如适用）。不在内窥镜下使用。,用于泌尿外科中支撑导引辅助导尿管置入尿道，导尿管置入后撤出。与患者无直接接触。,导尿管导引钢丝,Ⅰ
medical_device_category_02-12-04,微创入路装置,02-12-04,__import__.medical_device_category_02-12,通常由入路牵引器和密封帽组成。一般采用高分子材料制成。无菌提供。,用于手术时外科医生手部进入切口协助操作及取出较大标本。（适用于结直肠、泌尿系统、妇产科及普外科手术范围内的特定手术。）,微创入路装置,Ⅱ
medical_device_category_02-12-05,内窥镜用导引器,02-12-05,__import__.medical_device_category_02-12,通常由头部、杆部或软性导管和手柄组成，头部为导引件，通过手柄操作传递、控制头部工作。,手术中在内窥镜下操作，用于引导器械，进入腔道或组织。,内窥镜导引器、内窥镜导丝、内窥镜导入器、内窥镜导管、内窥镜推进导管、内窥镜推送导管,Ⅱ
medical_device_category_02-13-01,1 吻合器（带钉）,02-13-01,__import__.medical_device_category_02-13,通常由吻合器或缝合器和钉仓（带钉）组成。吻合钉一般由钛合金、纯钛等材料制成。,用于血管的离断、切除和/或建立吻合。,血管吻合器、血管切割吻合器、内窥镜血管吻合器,Ⅲ
medical_device_category_02-13-01,2 吻合器（带钉）,02-13-01,__import__.medical_device_category_02-13,通常由吻合器或缝合器和钉仓（带钉）组成。吻合钉一般由钛合金、纯钛等不可吸收材料制成。,用于体内器官、组织的离断、切除和/或建立吻合。（不包含血管吻合）,吻合器、切割吻合器、内窥镜吻合器、内窥镜切割吻合器、缝合器、内窥镜缝合器,Ⅱ
medical_device_category_02-13-01,3 吻合器（带钉）,02-13-01,__import__.medical_device_category_02-13,由吻合器和可吸收钉组成。可吸收钉采用可吸收材料制成。,用于器官、组织的离断、切除和/或建立吻合,一次性可吸收钉皮内吻合器,Ⅲ
medical_device_category_02-13-02,1 吻合器（不带钉）,02-13-02,__import__.medical_device_category_02-13,通常由抵钉座、锁定杆、切割组件等组成。不带钉。无菌提供。,与钉仓和吻合钉配合使用，用于特定的腔道器官或体内组织的离断、切除和/或建立吻合。,吻合器（不带钉）、切割吻合器（不带钉）、缝合器（不带钉）,Ⅱ
medical_device_category_02-13-02,2 吻合器（不带钉）,02-13-02,__import__.medical_device_category_02-13,通常由套管和座组成。非无菌提供。使用前由使用机构根据说明书进行灭菌或消毒（如适用）。不在内窥镜下使用。,用于引导器械，进入腔道或组织（不含血管）。,鼻导引器、假体导引器、胆道插管引导器、鼻假体导引器,Ⅰ
medical_device_category_02-13-03,内窥镜用吻（缝）合器械（不带钉）,02-13-03,__import__.medical_device_category_02-13,通常由头部、杆部和手柄组成，头部为吻合器件，头部动作通过传动机构由手柄操控。通过手柄操作传递、控制头部工作。不带钉。,手术中在内窥镜下操作，用于组织或血管的离断、切除和/或建立吻合。同时还可用于微创手术或开放手术中。,内窥镜缝合器（不带钉）、内窥镜切割吻合器（不带钉）、内窥镜吻合器（不带钉）、腔镜缝合器（不带钉）、腔镜吻合器（不带钉）、腔镜直线型切割吻合器（不带钉）,Ⅱ
medical_device_category_02-13-04,1 血管缝合装置,02-13-04,__import__.medical_device_category_02-13,通常由不锈钢缝合针、缝线及缝线修整器组成。,用于进行介入导管检查或治疗病人，在术后经皮递送缝线以缝合股总动脉穿刺部位。,血管穿刺口缝合器系统,Ⅲ
medical_device_category_02-13-04,2 血管缝合装置,02-13-04,__import__.medical_device_category_02-13,通常由高密度聚乙烯缝线和不锈钢针组成，装配防护盖和钳夹保护套环。无菌提供。,用于血管、移植血管或其他管状结构的吻合,微血管吻合装置,Ⅲ
medical_device_category_02-13-04,3 血管缝合装置,02-13-04,__import__.medical_device_category_02-13,通常为圆环形结构，周边带有尖抓。一般采用纯钛或钛合金制成。非无菌提供。,通过将血管断端的血管壁挂在尖抓上使其外翻90度，再将两吻合轮相互抱合，从而连接血管，便于吻合。用于上肢动、静脉血管吻合。,血管吻合轮,Ⅱ
medical_device_category_02-13-04,4 血管缝合装置,02-13-04,__import__.medical_device_category_02-13,通常由方杆（或螺旋杆）和两个叶片夹组成。一般采用不锈钢材料制成。非无菌提供。,用于显微外科手术时，辅助血管合拢吻合。,显微合拢器,Ⅰ
medical_device_category_02-13-05,1 施夹器,02-13-05,__import__.medical_device_category_02-13,通常由钳喙、关节、柄部和血管闭合夹组成。血管闭合夹一般采用纯钛或高分子材料制成，在体内滞留时间大于等于30天。,用于钳闭血管闭合夹，使其闭合血管。,一次性使用无菌施夹钳（带夹）,Ⅲ
medical_device_category_02-13-05,2 施夹器,02-13-05,__import__.medical_device_category_02-13,通常由钳喙、关节、柄部组成。不含血管闭合夹。无菌提供。一次性使用。,用于钳闭血管闭合夹，使其闭合血管。,一次性使用无菌施夹钳（不带夹）,Ⅱ
medical_device_category_02-13-05,3 施夹器,02-13-05,__import__.medical_device_category_02-13,通常由钳喙、关节、柄部组成。不含血管闭合夹。非无菌提供。使用前由使用机构根据说明书进行灭菌或消毒（如适用）。不在内窥镜下使用。,用于钳闭血管闭合夹，使其闭合血管。,施夹钳（不带夹）,Ⅰ
medical_device_category_02-13-06,1 可吸收缝合线,02-13-06,__import__.medical_device_category_02-13,通常由各种非动物来源的单体材料聚合或多个单体共聚制成的可降解吸收的缝合线。缝合线表面可有涂层，分为带针和不带针两种。不包括预期用于骨结合的缝线。无菌提供，一次性使用。,用于体内软组织、器官和/或皮肤的缝合和/或结扎。,合成可吸收缝合线、聚乙醇酸可吸收缝合线、聚乳酸可吸收缝合线、带针合成可吸收缝合线、带针聚乙醇酸可吸收缝合线、带针聚乳酸可吸收缝合线、可吸收性外科缝线,Ⅲ
medical_device_category_02-13-06,2 可吸收缝合线,02-13-06,__import__.medical_device_category_02-13,通常由动物来源的组织材料制成的可降解吸收的缝合线。分为带针和不带针两种。不包括预期用于骨结合的缝线。无菌提供，一次性使用。,用于体内软组织、器官和/或皮肤的缝合和/或结扎。,动物源可吸收缝合线、带针动物源可吸收缝合线、羊肠缝合线、胶原蛋白缝合线、带针羊肠缝合线、带针胶原蛋白缝合线,Ⅲ
medical_device_category_02-13-07,1 不可吸收缝合线,02-13-07,__import__.medical_device_category_02-13,通常由天然材料制成的表面可有涂层的不可降解吸收的缝合线。分为带针和不带针两种。不包括预期用于骨结合的缝线。无菌提供。一次性使用。,用于软组织、器官和/或皮肤的缝合。,天然不可吸收缝合线、蚕丝缝合线、真丝缝合线、带针天然不可吸收缝合线、带针蚕丝缝合线、带针真丝缝合线,Ⅱ
medical_device_category_02-13-07,2 不可吸收缝合线,02-13-07,__import__.medical_device_category_02-13,通常由聚合材料或金属材料制成的表面可有涂层的不可降解吸收的缝合线。分为带针和不带针两种。不包括预期用于骨结合的缝线。无菌提供，一次性使用。,用于软组织、器官和/或皮肤的缝合。,合成不可吸收缝合线、带针合成不可吸收缝合线、聚丁酯缝合线、不锈钢缝合线、聚丙烯缝合线、尼龙缝合线、钛缝合线、聚酯缝合线、聚酰胺缝合线,Ⅱ
medical_device_category_02-13-08,1 免缝闭合器械,02-13-08,__import__.medical_device_category_02-13,通常由两拉链带和粘附于其背面靠外侧的胶带组成。用于替代传统缝线愈合伤口。无菌提供，一次性使用。,用于体表各部位伤口的闭合。,免缝拉链,Ⅱ
medical_device_category_02-13-08,2 免缝闭合器械,02-13-08,__import__.medical_device_category_02-13,通常为多个条状胶带平行贴于离型纸上。用时横跨手术切口平行地将条形胶带以一定的间隔一条条地横贴于手术切口使其闭合。无菌提供，一次性使用。,用于粘贴手术切口，使其闭合。,免缝胶带,Ⅱ
medical_device_category_02-13-09,粘合剂,02-13-09,__import__.medical_device_category_02-13,一般采用高分子材料制成。有多组分和单组分之分。不包括牙科粘合剂。无菌提供，一次性使用。,用于手术切口接近皮肤表面边缘的封闭，包括微创介入手术穿刺口的封闭、完全清创后的封闭。,α-氰基丙烯酸异丁酯粘合剂、α-氰基丙烯酸正丁酯粘合剂、2-辛基-氰基丙烯酸酯粘合剂、医用皮肤胶,Ⅲ
medical_device_category_02-13-10,粘堵剂,02-13-10,__import__.medical_device_category_02-13,通常由液体和粉剂组成，通过固化反应机械性地封堵血管或组织缝隙。无菌提供，一次性使用。,用于血管重建时通过机械封闭方式辅助止血。也用于封堵组织上或组织间的缝隙。,外科用封合剂、血管封堵剂、外科用止血封闭胶、医用可吸收硬脑膜封合胶,Ⅲ
medical_device_category_02-14-01,1 冲吸器,02-14-01,__import__.medical_device_category_02-14,通常由冲吸管、管路和连接口组成。,用于冲洗组织或吸液。,一次性使用无菌显微血管扩张冲洗器、一次性使用无菌显微冲洗管、一次性使用无菌三通冲吸器、一次性使用无菌可持式三通冲吸器、一次性使用无菌冲洗吸引管、一次性使用无菌冲洗管、一次性使用无菌吸引管、一次性使用无菌泌尿肛肠用冲吸器、一次性使用无菌上颌窦灌洗管、一次性使用无菌耳鼻喉用冲洗器、一次性使用无菌鼻窦冲吸器、一次性使用无菌医用吸引管、一次性使用无菌医用吸引头,Ⅱ
medical_device_category_02-14-01,2 冲吸器,02-14-01,__import__.medical_device_category_02-14,通常由冲吸管、管路和连接口组成。采用金属材料制成。不含冲洗液。非无菌提供，可重复使用。使用前由使用机构根据说明书进行灭菌或消毒（如适用）。不在内窥镜下使用。,用于手术中冲洗组织或吸液。,显微冲洗针、三通冲吸器、可持式三通冲吸器、冲洗吸引管、泌尿肛肠用冲吸器、上颌窦灌洗管、耳鼻喉用冲洗器、鼻窦冲吸器、吸引管、腹腔吸引管、胆道吸引管、耳用吸引管、鼻吸引管、鼻蝶创口吸引器、扁桃体吸引管、乳突吸引管、鼻腔吸管、五官科吸引管、医用吸引头,Ⅰ
medical_device_category_02-14-02,吸引器,02-14-02,__import__.medical_device_category_02-14,通常由吸引管和柄部组成。,用于抽吸脂肪。,抽脂管,Ⅱ
medical_device_category_02-15-01,1 套扎器,02-15-01,__import__.medical_device_category_02-15,通常由套环、夹紧环、连接装置组成。无菌提供。一次性使用。,用于包皮环切，免缝愈合。,一次性使用无菌包皮套扎器,Ⅱ
medical_device_category_02-15-01,2 套扎器,02-15-01,__import__.medical_device_category_02-15,通常由头部、杆部和推杆组成，头部为结扎套。无菌提供。一次性使用。,用于套扎内痔或息肉。,一次性使用无菌痔疮套扎器、一次性使用无菌肛肠套扎器,Ⅱ
medical_device_category_02-15-01,3 套扎器,02-15-01,__import__.medical_device_category_02-15,通常由头部、杆部和柄部组成。头部为套环，环口微锐。一般采用不锈钢材料制成。非无菌提供。使用前由使用机构根据说明书进行灭菌或消毒（如适用）。不在内窥镜下使用。,用于分离或切除组织。,肌腱套取器、息肉圈断器、扁桃体器、内痔套扎器、痔疮套扎器、耳息肉圈断器、扁桃体圈断器、鼻息肉圈断器,Ⅰ
medical_device_category_02-15-02,1 推结器,02-15-02,__import__.medical_device_category_02-15,通常由头部、杆部和柄部组成。头端有线槽。一般采用不锈钢材料制成。无菌提供。一次性使用。,用于缝合打结。,一次性使用无菌推结器,Ⅱ
medical_device_category_02-15-02,2 推结器,02-15-02,__import__.medical_device_category_02-15,通常由头部、杆部和柄部组成。采用不锈钢等金属材料制成。非无菌提供。使用前由使用机构根据说明书进行灭菌或消毒（如适用）。不在内窥镜下使用。,用于缝合打结。,腹部推结器、打结器、结扎缝合引线器,Ⅰ
medical_device_category_02-15-02,3 推结器,02-15-02,__import__.medical_device_category_02-15,通常由左右柄和齿爪构成。一般由不锈钢等材料制成。非无菌提供。使用前由使用机构根据说明书进行灭菌或消毒（如适用）。不在内窥镜下使用。,用于手术时做荷包缝线成型。,荷包成型器,Ⅰ
medical_device_category_02-15-03,1 固位器,02-15-03,__import__.medical_device_category_02-15,通常由杆部和旋转头组成。或通常上、下夹片连为一体，其鼻内部分呈鸭嘴形。无菌提供。一次性使用。,用于支撑、固定鼻中隔或肠管。,一次性使用无菌支撑棒、一次性使用无菌鼻内夹板,Ⅱ
medical_device_category_02-15-03,2 固位器,02-15-03,__import__.medical_device_category_02-15,通常上、下夹片连为一体，其鼻内部分呈鸭嘴形。或为扁长状，二端渐尖。非无菌提供。,用于手术中暂时（小于24h）支撑、固定、复位鼻中隔。,鼻中隔固定器、鼻骨复位器,Ⅰ
medical_device_category_02-15-03,3 固位器,02-15-03,__import__.medical_device_category_02-15,通常为锁扣状，一般采用聚丙烯材料制成。无菌提供，一次性使用。,用于外科手术中辅助固定缝合线，手术完毕时拆除。,一次性使用无菌医用缝线锁合扣,Ⅱ
medical_device_category_02-15-03,4 固位器,02-15-03,__import__.medical_device_category_02-15,通常上、下夹片连为一体，其鼻内部分呈鸭嘴形。或为扁长状，二端渐尖。非无菌提供。使用前由使用机构根据说明书进行灭菌或消毒（如适用）。不在内窥镜下使用。,用于手术中暂时（小于24h）支撑、固定、复位鼻中隔。,鼻中隔固定器、鼻骨复位器,Ⅰ
medical_device_category_02-15-03,5 固位器,02-15-03,__import__.medical_device_category_02-15,通常为锁扣状，一般采用聚丙烯材料制成。非无菌提供。使用前由使用机构根据说明书进行灭菌或消毒（如适用）。不在内窥镜下使用。,用于外科手术中辅助固定缝合线，手术完毕时拆除。,医用缝线锁合扣,Ⅰ
medical_device_category_02-15-03,6 固位器,02-15-03,__import__.medical_device_category_02-15,通常由球囊、止动器、活栓和手柄组成。一般球囊采用硅橡胶材料制成。非无菌提供。使用前由使用机构根据说明书进行灭菌或消毒（如适用）。不在内窥镜下使用。,用于影像检查中固定直肠壁和周围的组织。,直肠用扩张定位器,Ⅰ
medical_device_category_02-15-03,7 固位器,02-15-03,__import__.medical_device_category_02-15,通常呈圆环状薄壁，外面有凹槽，里面呈圆弧状，按直径大小分不同规格。一般采用金属材料制成。非无菌提供。使用前由使用机构根据说明书进行灭菌或消毒（如适用）。,用于辅助使环切部位无松动，以便于辅助手术刀、手术剪定位环切。,包皮环切定位环,Ⅰ
medical_device_category_02-15-03,8 固位器,02-15-03,__import__.medical_device_category_02-15,通常由固定夹、升降器、转向器、调节横杆和托盘组成。非无菌提供。使用前由使用机构根据说明书进行灭菌或消毒（如适用）。,用于支撑胸托。,护胸板,Ⅰ
medical_device_category_02-15-03,9 固位器,02-15-03,__import__.medical_device_category_02-15,通常为板状。一般采用不锈钢材料制成。非无菌提供。使用前由使用机构根据说明书进行灭菌或消毒（如适用）。不在内窥镜下使用。,用于安装人工耳蜗时定位。,耳用定位模板,Ⅰ
medical_device_category_02-15-04,1 清洁器,02-15-04,__import__.medical_device_category_02-15,通常由基层、抛光磨料、压敏胶和隔离纸制成。无菌提供。一次性使用。,用于清洁电刀刀头。,一次性使用无菌刀头清洁片、一次性使用无菌电刀清洁片、一次性使用无菌清洁片、一次性使用无菌手术电极清洁片,Ⅱ
medical_device_category_02-15-04,2 清洁器,02-15-04,__import__.medical_device_category_02-15,通常由刷柄、刷毛和丝线组成。无菌提供。一次性使用。,用于清洁直肠瘘管。,一次性使用无菌瘘管刷,Ⅱ
medical_device_category_02-15-04,3 清洁器,02-15-04,__import__.medical_device_category_02-15,通常由基层、抛光磨料、压敏胶和隔离纸组成。非无菌提供。使用前由使用机构根据说明书进行灭菌或消毒（如适用）。,用于清洁电刀刀头。,电刀清洁片,Ⅰ
medical_device_category_02-15-04,4 清洁器,02-15-04,__import__.medical_device_category_02-15,通常由卷头、杆部和柄部组成。非无菌提供。使用前由使用机构根据说明书进行灭菌或消毒（如适用）。不在内窥镜下使用。,用于检查或清洁伤口，使用时将脱脂棉卷缠在卷棉子的卷头上。,卷棉子、耳用卷棉子,Ⅰ
medical_device_category_02-15-05,1 测量器,02-15-05,__import__.medical_device_category_02-15,通常器身有刻度。一般采用不锈钢材料制成。非无菌提供。使用前由使用机构根据说明书进行灭菌或消毒（如适用）。不在内窥镜下使用。,用于手术中测距。,显微血管测量尺、耳鼻喉科用测量器,Ⅰ
medical_device_category_02-15-05,2 测量器,02-15-05,__import__.medical_device_category_02-15,通常由头部、杆部和手柄组成，头部带刻度。一般采用不锈钢材料制成。非无菌提供。使用前由使用机构根据说明书进行灭菌或消毒（如适用）。不在内窥镜下使用。,用于胆道手术时测量胆管口径。,胆管测量钳,Ⅰ
medical_device_category_02-15-06,1 保护器,02-15-06,__import__.medical_device_category_02-15,通常由卡环和通道组成。一般采用塑料材料制成。无菌提供。一次性使用。,用于保护切口或组织免受损伤。,一次性无菌手术切口保护套、一次性使用无菌龟头保护套,Ⅱ
medical_device_category_02-15-06,2 保护器,02-15-06,__import__.medical_device_category_02-15,通常由栓塞、水溶性薄膜和纱布绳组成。无菌提供。,用于排泄失禁患者或肠胃气失禁者栓塞肛门，延长大便滞留时间。,失禁肛门塞,Ⅱ
medical_device_category_02-15-06,3 保护器,02-15-06,__import__.medical_device_category_02-15,通常由球囊、绑带和充气阀组成。非无菌提供。使用前由使用机构根据说明书进行灭菌或消毒（如适用）。,用于辅助控制尿液失禁。,尿失禁束带,Ⅰ
medical_device_category_02-15-07,1 植皮器,02-15-07,__import__.medical_device_category_02-15,通常由刀片和底座组成。刀片一般采用不锈钢材料制成。非无菌提供。使用前由使用机构根据说明书进行灭菌或消毒（如适用）。不在内窥镜下使用。,用于取、植皮或轧皮处理。,鼓式取皮机、轧皮机,Ⅰ
medical_device_category_02-15-07,2 植皮器,02-15-07,__import__.medical_device_category_02-15,通常由基座、圆刀轴、运输轴、齿轮、手柄组成。一般采用金属材料制成。无源产品。非无菌提供。使用前由使用机构根据说明书进行灭菌或消毒（如适用）。,用于取、植皮手术中，辅助将移植皮肤切成网状。,医用轧皮机,Ⅰ
medical_device_category_02-15-08,标记器,02-15-08,__import__.medical_device_category_02-15,通常由卷包芯、墨水、涤纶纤维笔头、笔套、笔杆、尾帽和标尺组成，其中墨水通常由水、酒精、乙二醇、龙胆紫和苯甲酸钠组成。,用于外科手术、放射治疗和皮肤治疗时在病人皮肤（无黏膜及皮肤破损处）上作标记和定位。,医用皮肤记号笔（含墨水）、一次性使用无菌医用标记笔、医用标记笔,Ⅱ
medical_device_category_02-15-09,1 手柄,02-15-09,__import__.medical_device_category_02-15,通常由头部和柄部组成。头部为接口。无菌提供。一次性使用。,用于连接器械。,一次性使用无菌鼻窦导引导管把手,Ⅱ
medical_device_category_02-15-09,2 手柄,02-15-09,__import__.medical_device_category_02-15,通常由头部和柄部组成。头部为接口。一般采用不锈钢材料制成。非无菌提供。使用前由使用机构根据说明书进行灭菌或消毒（如适用）。不在内窥镜下使用。,用于连接器械（刀片）。,手术刀柄、刀柄、刀片夹持器、喉显微手术器械手柄、医用握持手柄,Ⅰ
medical_device_category_02-15-10,手术锉,02-15-10,__import__.medical_device_category_02-15,通常由锉身和柄部组成。一般采用不锈钢材料制成。非无菌提供。使用前由使用机构根据说明书进行灭菌或消毒（如适用）。不在内窥镜下使用。,用于锉削骨组织。,鼻骨锉、鼻骨整形锯锉,Ⅰ
medical_device_category_02-15-11,手术叉,02-15-11,__import__.medical_device_category_02-15,通常由头部、杆部和柄部组成。头部为叉头。一般采用不锈钢材料制成。非无菌提供。使用前由使用机构根据说明书进行灭菌或消毒（如适用）。不在内窥镜下使用。,用于将植入物等医疗器械推送进入组织或腔道。,电极植入用叉、耳用叉,Ⅰ
medical_device_category_02-15-12,手术环,02-15-12,__import__.medical_device_category_02-15,通常为扁平条弯成带缺口的圆环，两端曲卷成鼓环状。非无菌提供。使用前由使用机构根据说明书进行灭菌或消毒（如适用）。不在内窥镜下使用。,用于重建外耳道和鼓膜、修补穿孔鼓膜。,人工鼓环,Ⅰ
medical_device_category_02-15-13,试模,02-15-13,__import__.medical_device_category_02-15,通常外壳为硅橡胶，内填充硅凝胶。无菌提供。,用于确定乳房植入体时形状和大小。,乳房试模,Ⅱ
medical_device_category_02-15-14,夹子装置,02-15-14,__import__.medical_device_category_02-15,通常由外鞘管、旋转鞘管、夹子组成。夹子一般采用不锈钢材料制成。无菌提供。,与内窥镜配套使用，用于在消化道内放置夹子。夹子用于内窥镜下的标记、消化道组织的止血。,夹子装置,Ⅱ
medical_device_category_02-15-15,1 肛门镜,02-15-15,__import__.medical_device_category_02-15,通常由镜管、镜芯和手柄组成。一般采用不锈钢、黄铜或聚乙烯材料制成。无菌提供。一次性使用。,用于肛门部位组织检查。,一次性使用无菌肛门镜,Ⅱ
medical_device_category_02-15-15,2 肛门镜,02-15-15,__import__.medical_device_category_02-15,通常由镜管、镜芯和手柄组成。一般采用不锈钢、黄铜或聚乙烯材料制成。非无菌提供。使用前由使用机构根据说明书进行灭菌或消毒（如适用）。不在内窥镜下使用。,用于肛门部位组织检查。,肛门镜、塑制肛门镜、不锈钢肛门镜、窥肛器,Ⅰ
medical_device_category_02-15-16,内窥镜用推结器,02-15-16,__import__.medical_device_category_02-15,通常由头部、杆部或软性导管和手柄组成，头部为打结器，通过手柄操作传递、控制头部工作。,手术中在内窥镜下操作，用于缝合打结。,内窥镜推结器、腹腔镜线结推送器,Ⅱ
medical_device_category_02-15-17,内窥镜用细胞刷,02-15-17,__import__.medical_device_category_02-15,通常由头部、杆部或软性导管和手柄组成，头部为刷件，通过手柄操作传递、控制头部工作。,手术中在内窥镜下操作，用于组织取样。,内窥镜细胞刷、内窥镜活检刷、内窥镜细胞活检刷、一次性使用内窥镜用取样刷、一次性使用内窥镜防污样本刷,Ⅱ
medical_device_category_02-15-18,内窥镜用取石器械,02-15-18,__import__.medical_device_category_02-15,通常由头部、杆部或软性导管和手柄组成，头部为抓取件或其他取出装置，通过手柄操作传递、控制头部工作。,手术中在内窥镜下操作，用于取出组织、异物、粉碎结石。,内窥镜碎石网篮、内窥镜取石网篮、内窥镜取石器、内窥镜结石回收篮、内窥镜结石取出器、内窥镜用锚、一次性使用内窥镜取石篮,Ⅱ
medical_device_category_02-15-19,内窥镜切口牵开保护器,02-15-19,__import__.medical_device_category_02-15,通常由头部、杆部或软性导管和手柄组成，头部为保护件，通过手柄操作传递、控制头部工作。,手术中在内窥镜下操作，用于保护切口免受损伤。,内窥镜切口牵开保护器,Ⅱ
medical_device_category_02-15-20,内窥镜用取石球囊导管,02-15-20,__import__.medical_device_category_02-15,通常由头部、软性导管和手柄组成，头部为球囊。有不透射线标记。,手术中在内窥镜下操作，用于从胰胆管系统取出结石，包括沙样结石、机械碎石后残留在胆管中的残余结石；或利用球囊阻塞胆管时注入造影剂。,内窥镜取石气囊、内窥镜取石球囊、内窥镜取石球囊导管、内窥镜球囊取石导管、内窥镜结石移除球囊导管,Ⅱ
medical_device_category_02-15-21,内窥镜用气囊导管,02-15-21,__import__.medical_device_category_02-15,通常由气囊、导管和手柄组成。一般采用高分子材料制成。无菌提供，一次性使用。,手术中在内窥镜下操作，用于向呼吸道内或消化道内注入药液、清洗液也用于估量气管直径，还用于回收异物。,气囊导管,Ⅱ
medical_device_category_02-15-22,内窥镜用给物器,02-15-22,__import__.medical_device_category_02-15,通常由头部、杆部或软性导管和手柄组成，头部为灌注装置，通过手柄操作传递、控制头部工作。,手术中在内窥镜下操作，用于注射给物。不用于血液循环系统和中枢神经系统给物。,内窥镜喷洒管、内窥镜注射喷洒管、内窥镜给药器、内窥镜推注器、内窥镜注射管、内窥镜灌洗管、一次性使用内窥镜给药管,Ⅱ
medical_device_category_02-15-23,内窥镜用套扎器,02-15-23,__import__.medical_device_category_02-15,通常由头部、杆部或软性导管和推拉手柄组成，头部为结扎套。,手术中在内窥镜下操作，用于套扎息肉、或放入可防止或控制出血的结扎环也用于静脉曲张的结扎。,内窥镜套扎器,Ⅱ
medical_device_category_03-01-01,1 手术刀,03-01-01,__import__.medical_device_category_03-01,通常由刀片和刀柄组成。一般采用不锈钢或钻石材料制成。,用于切割组织。,鞍隔刀、神经外科用钻石刀、脑神经刀、脑膜刀,Ⅱ
medical_device_category_03-01-01,2 手术刀,03-01-01,__import__.medical_device_category_03-01,通常由刀片和刀柄组成。一般采用不锈钢材料制成。不接触中枢神经系统或血液循环系统。非无菌提供。使用前由使用机构根据说明书进行灭菌或消毒（如适用）。不在内窥镜下使用。,用于切割组织。,胸骨刀,Ⅰ
medical_device_category_03-02-01,1 组织剪,03-02-01,__import__.medical_device_category_03-02,通常由一对中间连接的叶片组成，头部有刃口。一般采用不锈钢材料制成。,用于剪切组织。,三叉神经剪、脑膜剪、脑内用剪、冠状动脉剪,Ⅱ
medical_device_category_03-02-01,2 组织剪,03-02-01,__import__.medical_device_category_03-02,通常由一对中间连接的叶片组成，头部有刃口。一般采用不锈钢材料制成。不接触中枢神经系统或血液循环系统。非无菌提供。使用前由使用机构根据说明书进行灭菌或消毒（如适用）。不在内窥镜下使用。,用于剪切组织。,胸腔心血管外科用剪、心脏手术剪、胸骨剪、肋骨剪,Ⅰ
medical_device_category_03-03-01,1 组织钳,03-03-01,__import__.medical_device_category_03-03,通常由中间连接的两片组成，头部为钳喙。一般采用不锈钢材料制成。,用于钳夹组织。,脑内用钳、心房钳、腔静脉钳、心耳钳、瓣膜手术用钳、瓣膜夹持钳,Ⅱ
medical_device_category_03-03-01,2 组织钳,03-03-01,__import__.medical_device_category_03-03,通常由一对中间连接的叶片组成，头部为钳喙。非无菌提供，不接触中枢神经系统或血液循环系统。,用于钳夹组织。,胸腔组织钳、肺叶钳、肋骨咬骨钳、三角肺叶钳、双关节肋骨咬骨钳、直视大型肺叶钳,Ⅰ
medical_device_category_03-03-02,1 取样钳,03-03-02,__import__.medical_device_category_03-03,通常由咬切器、鞘管和控制手柄组成。无菌提供。接触中枢神经系统或血液循环系统。,用于血管介入手术中心肌组织取样。,心肌活检钳、心内膜心肌活检钳,Ⅲ
medical_device_category_03-03-02,2 取样钳,03-03-02,__import__.medical_device_category_03-03,通常由头部、杆部和手柄组成，头部为一对带钳喙的叶片。一般采用不锈钢材料制成。非无菌提供。接触中枢神经系统或血液循环系统。,用于脑外科手术中脑组织取样。,脑活体取样钳,Ⅱ
medical_device_category_03-03-02,3 取样钳,03-03-02,__import__.medical_device_category_03-03,通常由头部、杆部和手柄组成。一般采用不锈钢材料制成。不接触中枢神经系统或血液循环系统。非无菌提供。使用前由使用机构根据说明书进行灭菌或消毒（如适用）。不在内窥镜下使用。,用于神经外科手术中夹取活检组织。,神经外科组织活检钳,Ⅰ
medical_device_category_03-03-03,分离钳,03-03-03,__import__.medical_device_category_03-03,通常由一对中间连接的叶片组成，头部为钳喙。一般采用不锈钢材料制成。接触中枢神经系统或血液循环系统。,用于分离组织。,脑组织咬除钳、肿瘤摘除钳、主动脉游离钳、腔静脉游离钳、动脉侧壁钳,Ⅱ
medical_device_category_03-03-04,止血钳,03-03-04,__import__.medical_device_category_03-03,通常由一对中间连接的叶片组成，头部为钳喙。一般采用不锈钢材料制成。接触中枢神经系统或血液循环系统。,用于钳夹血管、组织以止血。,心血管外科用钳、心血管外科用止血钳、主动脉止血钳、胸腔止血钳、心血管钳、血管阻断钳、主肺动脉钳、动脉阻断钳、静脉阻断钳,Ⅱ
medical_device_category_03-03-05,异物钳,03-03-05,__import__.medical_device_category_03-03,通常由头部、杆部和手柄组成，头部为一对带钳喙的叶片。一般采用不锈钢材料制成。接触中枢神经系统或血液循环系统。,用于脑外科手术中钳取异物。,脑异物钳,Ⅱ
medical_device_category_03-03-06,器械钳,03-03-06,__import__.medical_device_category_03-03,通常有二种型式：由中间连接的两片组成，头部为钳喙；或由头部、杆部和手柄组成，头部为一对带钳喙的叶片。一般采用不锈钢材料制成。非无菌提供。使用前由使用机构根据说明书进行灭菌或消毒（如适用）。不在内窥镜下使用。,用于胸腔心血管手术及神经外科手术中钳夹器械。,U型夹钳、动脉瘤夹钳、头皮夹钳、银夹钳、胸腔心血管外科用持针钳、心房持针钳、结扎钳、套管束紧钳,Ⅰ
medical_device_category_03-04-01,1 组织镊,03-04-01,__import__.medical_device_category_03-04,通常由一对尾部叠合的叶片组成。一般采用不锈钢材料制成。,用于夹持组织。,脑用镊、脑膜镊、肿瘤夹持镊、垂体瘤镊、脑内用镊、微创心外手术用镊、心肌镊、大隐静脉镊,Ⅱ
medical_device_category_03-04-01,2 组织镊,03-04-01,__import__.medical_device_category_03-04,通常由一对尾部叠合的叶片组成。一般采用不锈钢材料制成。不接触中枢神经系统或血液循环系统。非无菌提供。使用前由使用机构根据说明书进行灭菌或消毒（如适用）。不在内窥镜下使用。,用于夹持组织。,胸腔镊、肺组织镊、胸腔组织镊,Ⅰ
medical_device_category_03-04-02,摘除镊,03-04-02,__import__.medical_device_category_03-04,通常由一对尾部叠合的叶片组成。一般采用不锈钢材料制成。接触中枢神经系统或血液循环系统。,用于夹持并摘除组织。,肿瘤摘除镊,Ⅱ
medical_device_category_03-05-01,头皮夹,03-05-01,__import__.medical_device_category_03-05,通常呈圆筒形，一侧有一组相互吻合的唇头齿，另一侧有和头皮夹钳匹配的钳槽。一般采用塑料或不锈钢材料制成。无菌提供。一次性使用。,用于夹持切口头皮以止血。,一次性使用无菌头皮夹,Ⅱ
medical_device_category_03-05-02,1 止血夹,03-05-02,__import__.medical_device_category_03-05,通常形状为V型。一般采用金属纯银（纯度大于99.9%）、纯钛和纯钽等金属材料制成。,用于脑部手术时夹闭小血管和管状组织，以止血。也可用于腹腔等微创手术。术后不取出。,银夹,Ⅲ
medical_device_category_03-05-02,2 止血夹,03-05-02,__import__.medical_device_category_03-05,通常由夹子、弹簧和轴组成或由一对尾部叠合的叶片组成。一般采用不锈钢材料制成。接触中枢神经系统或血液循环系统，或为无菌提供、一次性使用。,用于临时阻断血管或心血管组织。,心房止血器、心耳止血器、一次性使用无菌血管夹,Ⅱ
medical_device_category_03-05-02,3 止血夹,03-05-02,__import__.medical_device_category_03-05,由两片组成，头部为直形或弯形，尾部为带锁止牙指圈，穿鳃后用铆钉连接固定。一般采用不锈钢等金属材料制成。非无菌提供。使用前由使用机构根据说明书进行灭菌或消毒（如适用）。不在内窥镜下使用。体内留置时间小于24小时。,用于心胸外科手术中，钳夹血管。,凹凸齿止血夹,Ⅰ
medical_device_category_03-06-01,手术针,03-06-01,__import__.medical_device_category_03-06,通常由针体和柄部组成，头端圆钝。一般采用不锈钢材料制成。接触中枢神经系统或血液循环系统。,用于脑外科手术中导引器械入脑组织。,脑用探针,Ⅱ
medical_device_category_03-06-02,排气针,03-06-02,__import__.medical_device_category_03-06,通常由针管与针柄组成，头端带刃口。一般采用不锈钢材料制成。接触中枢神经系统或血液循环系统。,用于主动脉根部排气。,主动脉排气针,Ⅱ
medical_device_category_03-07-01,1 手术钩,03-07-01,__import__.medical_device_category_03-07,通常由头部和柄部组成。头部带弯钩。一般采用不锈钢材料制成。,用于钩拉组织，显露手术视野。,脑膜拉钩、神经钩、脑神经根拉钩、交感神经钩、脑内用钩、主动脉拉钩,Ⅱ
medical_device_category_03-07-01,2 手术钩,03-07-01,__import__.medical_device_category_03-07,通常由头部和柄部组成。头部带弯钩。一般采用不锈钢材料制成。非无菌提供。使用前由使用机构根据说明书进行灭菌或消毒（如适用）。不在内窥镜下使用。,用于钩拉心血管组织，显露手术视野。,心脏拉钩、心房拉钩、心室拉钩、房室拉钩、二尖瓣膜拉钩,Ⅰ
medical_device_category_03-07-01,3 手术钩,03-07-01,__import__.medical_device_category_03-07,通常由头部和柄部组成。头部带弯钩。一般采用不锈钢材料制成。不接触中枢神经系统或血液循环系统。非无菌提供。使用前由使用机构根据说明书进行灭菌或消毒（如适用）。不在内窥镜下使用。,用于牵拉肩胛骨等组织。,肩胛骨拉钩,Ⅰ
medical_device_category_03-08-01,刮匙,03-08-01,__import__.medical_device_category_03-08,通常为细长状设计，头部为边缘锋利的匙形。一般采用不锈钢材料制成。接触中枢神经系统或血液循环系统。,用于脑外科手术中剥离组织。,垂体刮、脑肿瘤刮匙、脑刮匙,Ⅱ
medical_device_category_03-09-01,剥离器,03-09-01,__import__.medical_device_category_03-09,通常为杆形设计，头部为钝口或微锐。一般采用不锈钢材料制成。接触中枢神经系统或血液循环系统。或为无菌提供、一次性使用。,用于剥离或分离粘膜、组织。,一次性使用无菌软组织剥离器、脑骨膜剥离器、脑内剥离器、静脉剥离器、显微剥离器,Ⅱ
medical_device_category_03-10-01,1 牵开器,03-10-01,__import__.medical_device_category_03-10,通常由撑开片、齿条和手柄组成或为中空弯形管。一般采用不锈钢材料制成。,用于牵开组织。,一次性使用无菌软组织牵开器、一次性使用无菌肋间软组织牵开器、心房牵开器、取乳内动脉牵开器,Ⅱ
medical_device_category_03-10-01,2 牵开器,03-10-01,__import__.medical_device_category_03-10,通常由头部和柄部组成。头部带弯钩。一般采用不锈钢材料制成。非无菌提供。使用前由使用机构根据说明书进行灭菌或消毒（如适用）。不在内窥镜下使用。,用于钩拉心血管组织，显露手术视野。,心脏拉钩、心房拉钩、心室拉钩、房室拉钩、二尖瓣膜拉钩,Ⅰ
medical_device_category_03-10-02,压器,03-10-02,__import__.medical_device_category_03-10,通常为薄片板状设计。一般采用不锈钢材料制成。接触中枢神经系统或血液循环系统。,用于压脑组织。,脑压板,Ⅱ
medical_device_category_03-10-03,1 扩张器,03-10-03,__import__.medical_device_category_03-10,通常由管身、接头组成。管身一般较厚，不易弯折。扩张器头端一般为锥形。无菌提供。,用于对进入组织（不包括血管）的经皮穿刺通道进行扩张的柔性管状器械。,经皮肾通道扩张器,Ⅱ
medical_device_category_03-10-03,2 扩张器,03-10-03,__import__.medical_device_category_03-10,通常由头部、杆部、弹簧和柄部组成，头部有扩张瓣。一般采用不锈钢材料制成。接触中枢神经系统或血液循环系统。,用于非介入手术中扩张血管或心血管组织。,血管扩张器、血管固定扩张器、二尖瓣扩张器,Ⅱ
medical_device_category_03-11-01,1 打孔器,03-11-01,__import__.medical_device_category_03-11,通常由打孔头和柄部组成。无菌提供。一次性使用。接触中枢神经系统或血液循环系统。,用于介入手术中在组织上打孔，建立通路。,一次性使用无菌心房打洞器、一次性使用无菌主动脉打孔器、一次性使用无菌血管打洞器、一次性使用无菌血管打孔器,Ⅲ
medical_device_category_03-11-01,2 打孔器,03-11-01,__import__.medical_device_category_03-11,通常由打孔头和柄部组成。一般采用不锈钢材料制成。接触中枢神经系统或血液循环系统。,用于非介入手术中在血管或心血管组织上打孔，建立通路。,打孔器、心房打洞器、主动脉打孔器、血管打洞器、血管打孔器,Ⅱ
medical_device_category_03-11-01,3 打孔器,03-11-01,__import__.medical_device_category_03-11,通常由钻头和驱动装置组成。钻头一般采用不锈钢材料制成。,用于组织钻孔，建立通路。,定向钻颅仪、电动颅骨钻、风动开颅器、电池式自停颅骨钻,Ⅱ
medical_device_category_03-11-01,4 打孔器,03-11-01,__import__.medical_device_category_03-11,通常由头部和柄部组成。头部带弯钩。一般采用不锈钢材料制成。非无菌提供。使用前由使用机构根据说明书进行灭菌或消毒（如适用）。不在内窥镜下使用。,用于钩拉心血管组织，显露手术视野。,心脏拉钩、心房拉钩、心室拉钩、房室拉钩、二尖瓣膜拉钩,Ⅰ
medical_device_category_03-11-02,1 导引器,03-11-02,__import__.medical_device_category_03-11,通常由头部和柄部组成，头端带导引钩。不接触中枢神经系统或血液循环系统。非无菌提供。使用前由使用机构根据说明书进行灭菌或消毒（如适用）。不在内窥镜下使用。,用于手术中导引器械进入。,线锯导引器,Ⅰ
medical_device_category_03-11-02,2 导引器,03-11-02,__import__.medical_device_category_03-11,通常由头部和柄部组成，头部为锥形，尾部带叶片。一般采用不锈钢材料制成。不接触中枢神经系统或血液循环系统。非无菌提供。使用前由使用机构根据说明书进行灭菌或消毒（如适用）。不在内窥镜下使用。,用于手术中钻孔后准确导向。,颅骨锁孔器、颅骨锁孔校正器,Ⅰ
medical_device_category_03-12-01,冲吸器,03-12-01,__import__.medical_device_category_03-12,通常为中空直形或弯形管。一般采用不锈钢材料制成。,用于胸腔心血管手术或脑外科手术中冲洗、吸引、抽吸。,心内吸引管、左房引流管、静脉冲洗管、心内吸引头、血管冲洗/吸引管、脑吸引管、脑活检抽吸器、脑室液抽吸管,Ⅱ
medical_device_category_03-12-02,通条,03-12-02,__import__.medical_device_category_03-12,通常由管道和柄部组成。一般采用不锈钢材料制成。体内接触时间不超过30天。,用于创建脑室积液引流至腹腔的通道。,脑室腹腔通条,Ⅱ
medical_device_category_03-12-03,吸引器,03-12-03,__import__.medical_device_category_03-12,通常为中空弯形管。一般采用不锈钢材料制成。非无菌提供。使用前由使用机构根据说明书进行灭菌或消毒（如适用）。不在内窥镜下使用。,用于吸引废液。,胸腹吸引管,Ⅰ
medical_device_category_03-13-01,造影导管,03-13-01,__import__.medical_device_category_03-13,通常由导管管体、导管尖端、不透射线标记、接头等结构组成。,用于注射或输入对照介质和/或液体，可用于测量血压和获取血样的血管内导管。,造影导管、血管造影导管、外周血管用造影导管,Ⅲ
medical_device_category_03-13-02,导引导管,03-13-02,__import__.medical_device_category_03-13,通常由导管管体、导管尖端、不透射线标记、接头等结构组成。,用于以介入治疗方式进入心血管系统，为介入治疗建立通道。,导引导管、指引导管、支持导管、外周血管用导引导管,Ⅲ
medical_device_category_03-13-03,1 中心静脉导管,03-13-03,__import__.medical_device_category_03-13,通常由导管管体、接头等结构组成。管体结构为单腔或多腔。,用于插入中心静脉系统，以输入药液或抽取血样和/或压力等测量。,中心静脉导管,Ⅲ
medical_device_category_03-13-03,2 中心静脉导管,03-13-03,__import__.medical_device_category_03-13,通常由导管管体、接头等结构组成。管体结构为单腔或多腔。含有药物。,用于插入中心静脉系统，以输入药液或抽取血样和/或压力等测量。,含药中心静脉导管,Ⅲ
medical_device_category_03-13-04,导管消毒连接器,03-13-04,__import__.medical_device_category_03-13,通常由外接头、内圆锥锁定接头、外接头海绵、内圆锥锁定接头海绵、支撑硅橡胶、连接管和70%异丙醇或乙醇水溶液组成。,既用于物理屏障输液（注射）器具无针接头（包括外圆锥锁定接头及内圆锥锁定接头）；也用于对输液（注射）器具无针接头进行消毒。,导管消毒连接器、输液接头消毒帽,Ⅱ
medical_device_category_03-13-05,灌注导管,03-13-05,__import__.medical_device_category_03-13,通常由导管管体、导管尖端、不透射线标记、接头等结构组成。导管远端可有侧孔。,用于将各种诊断和治疗溶剂递送至血管内。,灌注导管,Ⅲ
medical_device_category_03-13-06,1 球囊扩张导管,03-13-06,__import__.medical_device_category_03-13,通常由导管管体、球囊、不透射线标记、接头等结构组成。管体具有单腔或多腔结构。在靠近其末端处装有球囊。,用于插入动脉或静脉，以扩张血管系统或某些植入物。或通过扩张的球囊，用于固定导引导管内的导丝，以实现导管的交换。,冠状动脉球囊扩张导管、PTCA导管、PTA导管、PTCA球囊扩张导管、非顺应性PTCA球囊扩张导管、主动脉内球囊导管、快速交换球囊扩张导管、锚定球囊扩张导管,Ⅲ
medical_device_category_03-13-06,2 球囊扩张导管,03-13-06,__import__.medical_device_category_03-13,通常由导管管体、球囊、不透射线标记、接头等结构组成。管体具有单腔或多腔结构。在靠近其末端处装有球囊。含有药物。,用于插入动脉或静脉，以扩张血管系统或某些植入物。,带药球囊扩张导管、紫杉醇涂层冠状动脉球囊扩张导管、紫杉醇涂层外周球囊扩张导管,Ⅲ
medical_device_category_03-13-07,切割球囊,03-13-07,__import__.medical_device_category_03-13,通常由导管管体、球囊、不透射线标记、接头等结构组成，球囊外层表面上具有刀状结构。,用于球囊扩张的同时可对血管病变部位的斑块进行切割。,切割球囊、外周切割球囊,Ⅲ
medical_device_category_03-13-08,造影球囊,03-13-08,__import__.medical_device_category_03-13,通常由球囊、不透射线标记、接头等结构组成。,用于向血管内注入造影液，进行血管内造影。,静脉造影球囊导管,Ⅲ
medical_device_category_03-13-09,封堵球囊,03-13-09,__import__.medical_device_category_03-13,通常由导管、球囊、接头组成。,用于临时封堵外周血管或神经血管，亦可选择性地阻断或控制血流。,封堵球囊导管、阻断球囊导管,Ⅲ
medical_device_category_03-13-10,血栓抽吸导管,03-13-10,__import__.medical_device_category_03-13,通常有导管、接头、抽吸装置组成，导管有腔体用于血管内物质的吸出。,用于抽吸血管内的血栓,血栓抽吸导管,Ⅲ
medical_device_category_03-13-11,套针外周导管,03-13-11,__import__.medical_device_category_03-13,通常由穿刺针、导管、接头等组成。,用于从外周血管系统将液体或器械引入或引出的导管。,套针外周导管,Ⅲ
medical_device_category_03-13-12,穿刺针,03-13-12,__import__.medical_device_category_03-13,通常是尖部锋利的刚性管。,用于将导丝或导管引入血管。,血管穿刺针,Ⅱ
medical_device_category_03-13-13,导引套管,03-13-13,__import__.medical_device_category_03-13,通常由管体、接头组成。,与穿刺针配合使用，用于将导管或导丝插入。,导引套管,Ⅱ
medical_device_category_03-13-14,导管鞘,03-13-14,__import__.medical_device_category_03-13,通常由鞘管、接头组成，也可配备止血阀、侧管等结构，某些导管鞘设计为可撕开式。鞘管内腔一般较大。,与扩张器配合使用，用于将导丝、导管等医疗器械插入血管。包括进入心腔的导管鞘。,导管鞘、导引鞘、动脉鞘、静脉血管鞘、微穿刺血管鞘、撕开型血管鞘,Ⅱ
medical_device_category_03-13-15,扩张器,03-13-15,__import__.medical_device_category_03-13,通常由管身和接头组成。管身一般较厚，不易弯折。扩张器头端一般为锥形。无菌提供。,用于对进入血管的经皮穿刺通道及血管通道进行扩张的柔性管状器械。,扩张器,Ⅱ
medical_device_category_03-13-16,导丝,03-13-16,__import__.medical_device_category_03-13,引导导管等介入器械插入血管和/或定位的柔性器械。,用于引导导管等介入器械插入血管和/或定位。,硬导丝、软头导丝、肾动脉导丝、微导丝、推送导丝、超滑导丝、导引导丝、造影导丝,Ⅱ
medical_device_category_03-13-17,球囊扩张导管用球囊充压装置,03-13-17,__import__.medical_device_category_03-13,通常由充气装置、压力表、连接管和接头组成。,用于心血管介入手术中，与球囊扩张导管连接使用，通过压力表显示的压力值，对球囊作精确充盈及收缩，从而达到扩张或收缩球囊的目的。,球囊扩充压力泵、球囊扩张充压装置、球囊充压装置、球囊加压装置,Ⅱ
medical_device_category_03-13-18,连接阀,03-13-18,__import__.medical_device_category_03-13,通常有两个或多个接口，可连接进入血管的导管或其他器械。,用于连接管路，建立通道辅助器械进入人体，同时可减少血液流出。,Y型连接阀,Ⅱ
medical_device_category_03-13-19,腔静脉滤器回收装置,03-13-19,__import__.medical_device_category_03-13,通常由与腔静脉滤器相匹配的回收圈套和回收鞘管等组成，可在显影设备下抓捕并移出可转换腔静脉滤器和可回收腔静脉滤器。,用于将可回收腔静脉滤器移出人体或转换可转换滤器。,腔静脉滤器移出器,Ⅲ
medical_device_category_03-13-20,心脏封堵器装载器,03-13-20,__import__.medical_device_category_03-13,通常由导管、接头组成，导管较短，其长度可覆盖配用的心脏封堵器。接触血液循环系统。,用于收纳心脏封堵器，当与鞘管连接后，可将其中心脏封堵器推送至鞘管中。,心脏封堵器装载器,Ⅲ
medical_device_category_03-13-21,心脏封堵器输送线缆,03-13-21,__import__.medical_device_category_03-13,通常由线缆、手柄组成，线缆头端有特定的连接机制，可与配用的心脏封堵器进行连接，并可在植入心脏封堵器后与其分离。,用于将心脏封堵器输送入植入位置。使用时与心脏封堵器连接，并将心脏封堵器沿鞘管推送至预期植入部位、释放后断开连接并退出。,心脏封堵器输送线缆、心脏封堵器输送钢缆,Ⅲ
medical_device_category_03-13-22,血管内回收装置,03-13-22,__import__.medical_device_category_03-13,通常由抓取装置、杆、控制装置和鞘管等结构组成，具备异物抓取功能。抓取装置一般采用金属材料、高分子材料制成。,用于血管内回收异物。,血管内回收装置、血管内回收钳、血管内异物圈套器,Ⅲ
medical_device_category_03-13-23,远端保护器,03-13-23,__import__.medical_device_category_03-13,通常由鞘管、导丝和滤网类结构等组成。鞘管一般采用高分子材料制成，导丝一般采用不锈钢材料制成，滤网结构一般采用镍钛合金制成，滤网上可覆膜。,用于介入手术过程中容纳和移除栓塞物质。,远端保护器、抗栓塞远端保护装置,Ⅲ
medical_device_category_03-13-24,环柄注射器,03-13-24,__import__.medical_device_category_03-13,通常由推杆组件、端盖、外套组件、胶塞、接头保护帽组成。一般采用聚碳酸酯等材料制成。,用于介入手术中，对患者进行药液或造影剂注射。,环柄注射器,Ⅲ
medical_device_category_03-13-25,延长管,03-13-25,__import__.medical_device_category_03-13,通常由导管、接头、O型圈组成。,用于介入手术中管路加长、药物输注和快速输液等。,高压造影注射延长管,Ⅱ
medical_device_category_03-13-26,微导管,03-13-26,__import__.medical_device_category_03-13,通常由导管管身、不透射线标记、接头等结构组成。管身通常较细且柔软，表面可带有亲水涂层。,用于向血管系统中注入诊断试剂（如造影剂）、治疗试剂（如药物制剂、栓塞材料）和适当的器械（如支架、弹簧圈）等。,微导管、外周介入微导管、输送微导管、漂浮微导管、一次性使用微导管,Ⅲ
medical_device_category_03-13-27,脑血栓取出装置,03-13-27,__import__.medical_device_category_03-13,通常由支架型取出装置、推送杆、不透射线标记等组成。,用于移除缺血性脑卒中患者颅内血管中的血栓，从而恢复血流。,颅内取栓支架、颅内血栓取出装置,Ⅲ
medical_device_category_03-13-28,房间隔穿刺鞘,03-13-28,__import__.medical_device_category_03-13,通常由导管鞘管、扩张器、导丝、带有穿刺功能的组件组成。无菌提供，一次性使用。,用于经房间隔将各种心血管导管插入左侧心脏。,房间隔穿刺鞘,Ⅲ
medical_device_category_03-14-01,分流栓,03-14-01,__import__.medical_device_category_03-14,通常由头部、管腔和柄部组成，头部为不透射线的球囊，球囊一般采用硅橡胶材料制成。接触中枢神经系统或血液循环系统。,用于冠状动脉或外周血管手术，暂时阻断血流，分流血液使其流向吻合口远端，为缝合血管提供一个暂时无血的手术视野，完成血管缝合之前取出。,冠状动脉分流栓,Ⅲ
medical_device_category_03-14-02,1 固位器,03-14-02,__import__.medical_device_category_03-14,通常由头托和颅骨固定架组成或由稳定板、稳定臂、固定装置等组成。,用于固定头部等相关部位，以提供一个稳定的手术区域。,一次性使用无菌颅脑手术头架、一次性使用无菌心脏稳定器、一次性使用无菌心脏固定器、一次性使用无菌心表固定器、一次性使用无菌心表稳定板,Ⅱ
medical_device_category_03-14-02,2 固位器,03-14-02,__import__.medical_device_category_03-14,通常由头托和颅骨固定架组成。不接触中枢神经系统或血液循环系统。非无菌提供。使用前由使用机构根据说明书进行灭菌或消毒（如适用）。不在内窥镜下使用。,用于固定头部等相关部位，以提供一个稳定的手术区域。,手术头架、颅脑手术固定架、颅脑手术固定器、颅脑手术头架,Ⅰ
medical_device_category_03-14-03,推结器,03-14-03,__import__.medical_device_category_03-14,通常由头部、杆部和柄部构成。头端有线槽。一般采用不锈钢材料制成。无菌提供。一次性使用。,用于胸腔心血管手术中缝合打结。,一次性使用无菌胸腔心血管外科用推结器、一次性使用无菌胸腔用推结器,Ⅱ
medical_device_category_03-14-04,排线器,03-14-04,__import__.medical_device_category_03-14,通常由卡线块和底座组成。一般采用不锈钢材料制成。无菌提供。,用于缝合组织时排线，使缝线的每针缝合位置整齐，不紊乱。,胸腔用排线器,Ⅱ
medical_device_category_03-14-05,手术叉,03-14-05,__import__.medical_device_category_03-14,通常由头部、杆部和柄部组成。头部为叉头。一般采用不锈钢材料制成。接触中枢神经系统或血液循环系统。,用于分离或叉取脑瘤。,显微取瘤叉,Ⅱ
medical_device_category_03-14-06,合拢器,03-14-06,__import__.medical_device_category_03-14,通常由合拢板、齿条和手柄组成。一般采用不锈钢材料制成。非无菌提供。使用前由使用机构根据说明书进行灭菌或消毒（如适用）。不在内窥镜下使用。,用于合拢肋骨。,肋骨合拢器,Ⅰ
medical_device_category_03-14-07,1 测量器,03-14-07,__import__.medical_device_category_03-14,通常器身带刻度。一般采用不锈钢材料制成。无源产品。非无菌提供。,用于手术中测距。,颅骨探棒尺、颅脑立体定位尺、胸腔心血管用手术测量尺、腱索缝线量规、测瓣器、瓣叶开合测瓣器,Ⅰ
medical_device_category_03-14-07,2 测量器,03-14-07,__import__.medical_device_category_03-14,通常由手柄、测瓣器、持瓣器、测环器、旋瓣器组成。一般采用不锈钢材料或高分子材料制成。非无菌提供。使用前由使用机构根据说明书进行灭菌或消毒（如适用）。不在内窥镜下使用。,用于手术中，测量需置换的人体生理瓣膜、瓣环尺寸，以帮助外科手术医生选择合适尺寸的人工心脏瓣膜或瓣膜成形环。,测瓣器及其组件、测瓣器、持瓣器、测环器,Ⅰ
medical_device_category_03-14-08,1 手柄,03-14-08,__import__.medical_device_category_03-14,通常由接口和柄部组成。非无菌提供。使用前由使用机构根据说明书进行灭菌或消毒（如适用）。不在内窥镜下使用。,用于连接器械。,扩张鞘夹持手柄,Ⅰ
medical_device_category_03-14-08,2 手柄,03-14-08,__import__.medical_device_category_03-14,通常由助推器护帽、助推器手柄、护套管、双位夹、双位帽组成。非无菌提供。使用前由使用机构根据说明书进行灭菌或消毒（如适用）。不在内窥镜下使用。,用于介入手术中控制导丝的推送和旋转。,导丝控制手柄,Ⅰ
medical_device_category_03-14-09,手术锯,03-14-09,__import__.medical_device_category_03-14,通常由多根细丝捻成具有齿形的金属线条组成。无源产品。非无菌提供。使用前由使用机构根据说明书进行灭菌或消毒（如适用）。不在内窥镜下使用。,安装在锯架上，用于锯骨。,脑外科线锯条、颅骨线锯条,Ⅰ
medical_device_category_04-01-01,1 截骨用刀,04-01-01,__import__.medical_device_category_04-01,通常由刀片和手柄组成，远端有坚硬、锋利、单刃配置的切割刀片，手柄位于其近端。一般采用不锈钢材料制成。无菌提供。,用于切除、截断骨。,无菌刀头、一次性使用刀头、无菌骨刀,Ⅱ
medical_device_category_04-01-01,2 截骨用刀,04-01-01,__import__.medical_device_category_04-01,通常由刀片和手柄组成，远端有坚硬、锋利、单刃配置的切割刀片，手柄位于其近端。一般采用不锈钢材料制成。非无菌提供。使用前由使用机构根据说明书进行灭菌或消毒（如适用）。不在内窥镜下使用。,用于切除、截断骨。,骨刀、截骨刀、截断刀、半月板刀、胫骨切刀、胫骨切割器、削切刀,Ⅰ
medical_device_category_04-01-01,3 截骨用刀,04-01-01,__import__.medical_device_category_04-01,通常由刀片和刀杆组成，一般采用金属和高分子材料制成。非无菌提供。使用前由使用机构根据说明书进行灭菌或消毒（如适用）。不在内窥镜下使用。,用于股骨头坏死修复术中，清除股骨头内部坏死组织。,股骨头内部坏死组织清除刀,Ⅰ
medical_device_category_04-01-02,骨科内窥镜用刀,04-01-02,__import__.medical_device_category_04-01,通常由头部、杆部和手柄组成，头部为一刃口片，通过手柄操作传递、控制头部工作。头部一般采用不锈钢材料制成。,手术中在内窥镜下操作，用于骨科微创手术中，对病变组织进行切除、剥离。,关节镜用手术刀,Ⅱ
medical_device_category_04-01-03,1 扩孔用刀,04-01-03,__import__.medical_device_category_04-01,通常由铰刀杆和夹持手柄组成。一般采用不锈钢材料制成。非无菌提供。使用前由使用机构根据说明书进行灭菌或消毒（如适用）。不在内窥镜下使用。,用于铰削椎间盘。,椎间盘铰刀,Ⅰ
medical_device_category_04-01-03,2 扩孔用刀,04-01-03,__import__.medical_device_category_04-01,通常由手柄或接头和具有扩孔切削刃的刀头组成。一般采用不锈钢材料制成。非无菌提供。使用前由使用机构根据说明书进行灭菌或消毒（如适用）。不在内窥镜下使用。,用于骨科手术中扩孔或铰孔、髓腔再造及扩大。,髓腔铰刀、骨铰刀、加压螺纹钉铰刀,Ⅰ
medical_device_category_04-01-04,石膏切割用刀,04-01-04,__import__.medical_device_category_04-01,通常由刀片和刀柄组成，刀片的远端可以采用各种不同形状，通常是圆形。一般采用不锈钢材料制成。非无菌提供。使用前由使用机构根据说明书进行灭菌或消毒（如适用）。,用于切割石膏、绷带。,石膏刀,Ⅰ
medical_device_category_04-02-01,骨科内窥镜用剪,04-02-01,__import__.medical_device_category_04-02,通常由头部、杆部或软性导管和手柄组成，头部为一对带刃口的叶片，通过手柄操作传递、控制头部工作。一般头部采用不锈钢材料制成。,手术中在内窥镜下操作，用于剪切组织。,关节镜用手术剪,Ⅱ
medical_device_category_04-02-02,骨及组织用剪,04-02-02,__import__.medical_device_category_04-02,通常由一对中间连接的叶片组成，头部为刀刃。一般采用不锈钢材料制成。非无菌提供。使用前由使用机构根据说明书进行灭菌或消毒（如适用）。不在内窥镜下使用。,用于剪断骨、韧带或组织。,骨剪、咬骨剪、双关节咬骨剪、双关节棘突骨剪、膝关节韧带手术剪,Ⅰ
medical_device_category_04-02-03,植入物或石膏用剪,04-02-03,__import__.medical_device_category_04-02,通常由一对中间连接的叶片组成，头部为刀刃。一般采用不锈钢材料制成。非无菌提供。使用前由使用机构根据说明书进行灭菌或消毒（如适用）。不在内窥镜下使用。,用于剪断植入物或石膏。,钢丝剪、台式钢丝剪、钢针剪、钛笼剪、钛网剪、石膏剪,Ⅰ
medical_device_category_04-03-01,骨科内窥镜用钳,04-03-01,__import__.medical_device_category_04-03,通常由头部、杆部或软性导管和手柄组成，头部为一对带钳喙的叶片，通过手柄操作传递、控制头部工作。头部一般采用不锈钢材料制成。,手术中在内窥镜下操作，用于钳夹组织或器械。,关节镜用手术钳、半月板篮钳,Ⅱ
medical_device_category_04-03-02,1 夹持/复位用钳,04-03-02,__import__.medical_device_category_04-03,通常由钳柄、钳头和鳃轴螺钉组成，钳头内表面多设有齿，钳柄之间可设置锁合装置。一般采用不锈钢材料制成。非无菌提供。使用前由使用机构根据说明书进行灭菌或消毒（如适用）。不在内窥镜下使用。,用于骨科手术时夹持椎体。,脊柱侧弯矫正钳,Ⅰ
medical_device_category_04-03-02,2 夹持/复位用钳,04-03-02,__import__.medical_device_category_04-03,通常由钳柄、钳头和鳃轴螺钉组成，钳头内表面多设有齿，钳柄之间可设置锁合装置。一般采用不锈钢材料制成。非无菌提供。使用前由使用机构根据说明书进行灭菌或消毒（如适用）。不在内窥镜下使用。,用于骨科手术中夹持并固定骨骼、植入物，或夹持器械。,持骨钳、三爪持骨钳、持钉钳、持板钳、持棒钳、持钩钳、持针钳、螺杆夹持钳、复位钳、髌骨钳、三爪骨复位钳、骨盆复位钳、经皮复位钳、滑车关节钳、转棒钳、取出钳、夹持钳,Ⅰ
medical_device_category_04-03-03,咬骨钳,04-03-03,__import__.medical_device_category_04-03,通常由钳柄、钳头、弹簧片和鳃轴螺钉组成，型式可有单关节、双关节、颅骨。其中单关节咬骨钳钳头可分为直型和角（前）弯型，双关节咬骨钳钳头有直型、角（前）弯型和棘突型。头部一般采用不锈钢材料制成。非无菌提供。使用前由使用机构根据说明书进行灭菌或消毒（如适用）。不在内窥镜下使用。,用于咬取死骨或修整骨残端。,咬骨钳、关节咬骨钳、单关节咬骨钳、双关节咬骨钳、椎板咬骨钳、椎骨咬骨钳、颈椎咬骨钳、颈椎双关节咬骨钳、弯头平口棘突骨钳、枪形咬骨钳、腐骨钳,Ⅰ
medical_device_category_04-03-04,组织用钳,04-03-04,__import__.medical_device_category_04-03,通常由钳柄、钳头、弹簧片和鳃轴螺钉组成。头部一般采用不锈钢材料制成。非无菌提供。使用前由使用机构根据说明书进行灭菌或消毒（如适用）。不在内窥镜下使用。,用于骨科手术中咬除组织或息肉。,膝关节息肉钳、肌腱钳膝关节息肉钳、肌腱钳、髓核钳,Ⅰ
medical_device_category_04-03-05,撑开钳,04-03-05,__import__.medical_device_category_04-03,通常型式有直型和弯型，牵引刀片位于工作端，通过一个单或双枢轴动作，枢轴传递牵引所需的力。一般采用不锈钢材料制成。非无菌提供。使用前由使用机构根据说明书进行灭菌或消毒（如适用）。不在内窥镜下使用。,用于骨科手术中撑开椎体、组织或植入物。,骨科撑开钳、椎体张开钳、骨科撑开器、脊柱撑开器、股骨撑开器、颈椎撑开器、椎体撑开器、骨盆撑开器、椎间撑开器、脊柱后路撑开器、锥板撑开器,Ⅰ
medical_device_category_04-03-06,压缩钳,04-03-06,__import__.medical_device_category_04-03,通常由左右钳柄、弹簧片和齿条组成，单关节或双关节。一般采用不锈钢材料制成。非无菌提供。使用前由使用机构根据说明书进行灭菌或消毒（如适用）。不在内窥镜下使用。,用于骨科手术时压缩固定金属钩、钉或脊柱手术时在椎体间加压用。,压缩钳、加压钳,Ⅰ
medical_device_category_04-03-07,1 植入物塑形用钳,04-03-07,__import__.medical_device_category_04-03,通常由手柄和钳口通过单或双连接轴连接组成，具有直型或弯曲手柄，有各种尺寸。一般采用不锈钢材料或硬质合金制成。非无菌提供。使用前由使用机构根据说明书进行灭菌或消毒（如适用）。不在内窥镜下使用。,用于骨科手术时剪断、弯曲、结扎。,骨克丝钳、钢丝钳、钢板弯曲钳、钢丝结扎钳、剪断钳、剪切钳、弯棒钳、钢针钳、折弯钳、断棒钳,Ⅰ
medical_device_category_04-03-07,2 植入物塑形用钳,04-03-07,__import__.medical_device_category_04-03,通常由电源、温控器、发热管、医用硅胶管、不锈钢夹等组成。非无菌提供。使用前由使用机构根据说明书进行灭菌或消毒（如适用）。不在内窥镜下使用。,用于骨科手术中加热可塑性骨接合材料（如骨板）并使之弯曲。,热弯曲钳,Ⅰ
medical_device_category_04-04-01,拉钩,04-04-01,__import__.medical_device_category_04-04,通常由头部和柄部组成，头部带钩头。一般采用不锈钢材料制成。非无菌提供。,用于骨科手术中显露手术视野；或用于骨科手术中剥离、牵开或遮挡神经根。,骨拉钩、单侧椎板拉钩、下肢截断拉钩、半月板钩、颈椎拉钩、椎板拉钩、弯曲拉钩、腹腔S拉钩、髋关节拉钩、膝关节拉钩、肩胛骨拉钩、骨科用神经根拉钩、（椎间）神经根拉钩、脊柱手术用神经拉钩,Ⅰ
medical_device_category_04-04-02,牵开器,04-04-02,__import__.medical_device_category_04-04,通常为各种形式（如钝型、锐型、开窗型、深型）的钩状结构，手动操作、自锁式手术器械。一般采用不锈钢材料制成。非无菌提供。,用于骨科手术中显露手术视野。,骨用牵开器、手摇式牵开器、多向牵开器、双向牵开器、可调式牵开器、微创牵开器、胫骨牵开器、关节微创牵开器、后颅牵开器、坐骨神经牵开器、脊柱牵开器、椎板牵开器、颈椎椎体牵开器、颈椎关节牵开器、颈椎组织牵开器、颈椎微创牵开器、环形椎骨牵开器、不对称牵开器、髋关节牵开器、胸腰椎微创牵开器、手摇式颈椎牵开器、腰椎牵开器、颈椎牵开器、颈椎椎体后缘牵开器、椎间牵开器,Ⅰ
medical_device_category_04-04-03,骨钩,04-04-03,__import__.medical_device_category_04-04,通常由钩和手柄组成。钩的头部一般采用不锈钢材料制成。非无菌提供。使用前由使用机构根据说明书进行灭菌或消毒（如适用）。不在内窥镜下使用。,用于矫形外科手术时提拉骨骼。,骨钩,Ⅰ
medical_device_category_04-05-01,1 探针,04-05-01,__import__.medical_device_category_04-05,通常由尖端含传感器的探针、含电路的手柄等组成。通过测量和分析不同组织的电阻，检测并反馈探针尖端与软组织的接触情况。,用于判断是否出现椎骨皮质穿孔。,脊柱探针,Ⅱ
medical_device_category_04-05-01,2 探针,04-05-01,__import__.medical_device_category_04-05,通常由头部、杆部或软性导管和手柄组成，头部为针形，通过手柄操作传递、控制头部工作。头部一般采用不锈钢材料制成。,手术中在内窥镜下操作，用于探查组织、取样。,关节镜用手术探针,Ⅱ
medical_device_category_04-05-01,3 探针,04-05-01,__import__.medical_device_category_04-05,通常由头部和柄部组成，有直型、弯型和角弯型。一般采用不锈钢材料制成。非无菌提供。,用于骨科手术中探测方向和深度。,骨探针,Ⅰ
medical_device_category_04-05-01,4 探针,04-05-01,__import__.medical_device_category_04-05,通常由头部和柄部组成，有直型、弯型和角弯型。一般采用不锈钢材料制成。非无菌提供。,用于骨科手术中，与通用手动手柄或者电动手柄连接，在导航系统的导引下探测方向和深度。,导航系统用骨探针,Ⅰ
medical_device_category_04-05-02,1 牵引针,04-05-02,__import__.medical_device_category_04-05,通常由头部、针体和尾部组成，可分为螺纹型和光杆型两种型式。一般采用不锈钢材料或钛合金材料制成。无菌提供。,用于在骨折手术过程中牵引、定位或固定。,无菌骨牵引针,Ⅱ
medical_device_category_04-05-02,2 牵引针,04-05-02,__import__.medical_device_category_04-05,通常由头部、针体和尾部组成，可分为螺纹型和光杆型两种型式。一般采用不锈钢材料或钛合金材料制成。非无菌提供。使用前由使用机构根据说明书进行灭菌或消毒（如适用）。不在内窥镜下使用。,用于在骨折手术过程中牵引、定位或固定。,骨牵引针,Ⅰ
medical_device_category_04-05-03,定位导引针,04-05-03,__import__.medical_device_category_04-05,通常由头部、针体和尾部组成，可分为螺纹型和光杆型两种型式。一般采用不锈钢材料或钛合金材料制成。非无菌提供。使用前由使用机构根据说明书进行灭菌或消毒（如适用）。不在内窥镜下使用。,用于在骨科手术过程中导向、导引或定位。,螺纹钉导引针、加压螺纹钉导引针、骨导引针、骨定位针、钻孔器导引针、定位针、颈椎前路手术定位针,Ⅰ
medical_device_category_04-05-04,固定针,04-05-04,__import__.medical_device_category_04-05,通常由头端为锐尖的金属棒制成。一般采用金属材料制成。非无菌提供。使用前由使用机构根据说明书进行灭菌或消毒（如适用）。不在内窥镜下使用。,用于关节置换手术中固定试模或其他器械。,固定针、试模固定针,Ⅰ
medical_device_category_04-05-05,穿孔针,04-05-05,__import__.medical_device_category_04-05,通常由手柄、锥杆和锥头组成。一般采用不锈钢、硬铝或聚乙烯材料制成。非无菌提供。使用前由使用机构根据说明书进行灭菌或消毒（如适用）。不在内窥镜下使用。,用于非脊柱手术时穿孔或穿线。,骨科用穿孔针、骨科用穿线器,Ⅰ
medical_device_category_04-05-06,切割针,04-05-06,__import__.medical_device_category_04-05,通常由头部和柄部组成，根据柄部不同，型式可分为圆棒花纹钩针、六角形棒钩针、扁柄式钩针。非无菌提供。使用前由使用机构根据说明书进行灭菌或消毒（如适用）。不在内窥镜下使用。,用于骨科手术中切割软组织。,骨科用钩针,Ⅰ
medical_device_category_04-06-01,骨科内窥镜用刮匙,04-06-01,__import__.medical_device_category_04-06,通常由头部、杆部或软性导管和手柄组成，头部为匙形，通过手柄操作传递、控制头部工作。头部一般采用不锈钢材料制成。,手术中在内窥镜下操作，用于骨科微创手术中，对病变组织进行刮削。,关节镜用手术刮匙,Ⅱ
medical_device_category_04-06-02,1 刮匙,04-06-02,__import__.medical_device_category_04-06,通常由头部和柄部组成。在近端有手柄，远端为具锋利边缘的匙形凹尖，也可以是双端的。一般采用不锈钢材料制成。非无菌提供。使用前由使用机构根据说明书进行灭菌或消毒（如适用）。不在内窥镜下使用。,用于刮除病灶、窦道内的瘢痕、肉芽组织，以及骨腔和潜在腔隙的死骨或病理组织等。,刮匙、骨刮匙、空心骨刮匙、直杯状骨刮匙、椎板刮匙、颈椎刮匙、椎体成形用刮匙器、终板刮匙、椎体刮匙、刮刀,Ⅰ
medical_device_category_04-06-02,2 刮匙,04-06-02,__import__.medical_device_category_04-06,骨科手术配套基础工具，一般采用不锈钢材料、钛合金或高分子等材料制成。非无菌提供。使用前由使用机构根据说明书进行灭菌或消毒（如适用）。不在内窥镜下使用。,用于骨科手术中取骨质。,骨质活检提取器,Ⅰ
medical_device_category_04-07-01,介入术用骨锥,04-07-01,__import__.medical_device_category_04-07,通常由导针、带手柄的空心钻和工作通道组成。金属部分一般采用不锈钢材料制成，手柄一般采用工程塑料制成。无菌提供。,用于骨科微创介入手术中（经皮椎体成形、椎体后凸成形术等）钻孔，建立工作通道。,骨科微创介入术用骨锥,Ⅱ
medical_device_category_04-07-02,开口用锥,04-07-02,__import__.medical_device_category_04-07,通常由头部和手柄组成，头部有截止设计。头部一般采用不锈钢材料制成。无源产品。非无菌提供。使用前由使用机构根据说明书进行灭菌或消毒（如适用）。不在内窥镜下使用。,用于骨科手术中在骨骼上开孔。,骨锥、开口锥、手锥,Ⅰ
medical_device_category_04-07-03,攻丝用锥,04-07-03,__import__.medical_device_category_04-07,通常由刃部和柄部组成。刃部一般采用不锈钢材料制成，柄部一般采用不锈钢、铝材等材料制成。非无菌提供。使用前由使用机构根据说明书进行灭菌或消毒（如适用）。不在内窥镜下使用。,用于骨科手术时在骨骼上攻螺纹孔。,丝锥、丝攻、骨用丝锥、骨用丝攻,Ⅰ
medical_device_category_04-08-01,1 切/取骨钻,04-08-01,__import__.medical_device_category_04-08,通常为中空结构。一般采用不锈钢材料制成。,用于脊柱手术中切除骨或取骨用。,颈椎环钻,Ⅱ
medical_device_category_04-08-01,2 切/取骨钻,04-08-01,__import__.medical_device_category_04-08,通常为中空结构。刃部一般采用不锈钢材料制成。不接触中枢神经系统。非无菌提供。使用前由使用机构根据说明书进行灭菌或消毒（如适用）。不在内窥镜下使用。,用于骨科手术中切除骨或取骨用。,空心钻、取骨钻,Ⅰ
medical_device_category_04-08-02,1 钻孔用钻,04-08-02,__import__.medical_device_category_04-08,通常由头部和柄部组成，头部有切割刃口。头部一般采用不锈钢材料制成，柄部一般采用不锈钢、钛或合成材料制成。,手术中在内窥镜下操作，用于关节微创手术中，用于钻孔、攻螺纹。,关节镜用手术钻头、关节镜手术用锯片,Ⅱ
medical_device_category_04-08-02,2 钻孔用钻,04-08-02,__import__.medical_device_category_04-08,通常由头部、刃部和刀柄组成。一般采用金刚石或不锈钢材料制成。无菌提供。,用于骨组织开孔或打磨骨组织。,无菌磨头、一次性使用磨头,Ⅱ
medical_device_category_04-08-02,3 钻孔用钻,04-08-02,__import__.medical_device_category_04-08,通常由头部和柄部组成，头部有切割刃口。头部一般采用不锈钢材料制成，柄部一般采用不锈钢、钛或合成材料制成。不与有源器械（含气动工具）连用。非无菌提供。使用前由使用机构根据说明书进行灭菌或消毒（如适用）。不在内窥镜下使用。,用于钻孔、攻螺纹；或用于将钉头埋入骨内。,骨科钻头、T型钻头、手动骨钻、手摇骨钻、弓形钻、手动铰孔钻、埋头钻、磨头,Ⅰ
medical_device_category_04-08-03,导钻（套钻）,04-08-03,__import__.medical_device_category_04-08,通常由手柄和导套组成，有双头或单头结构。一般采用不锈钢材料制成。不与有源器械（含气动工具）连用。非无菌提供。使用前由使用机构根据说明书进行灭菌或消毒（如适用）。不在内窥镜下使用。,用于钻头或丝锥导向定位。,C型导钻、导钻,Ⅰ
medical_device_category_04-08-04,修整用钻,04-08-04,__import__.medical_device_category_04-08,通常由头部和柄部组成，头部具有研磨性外表面的半球形，有多种型号，手持式手动外科器械。一般采用不锈钢材料制成。不与有源器械（含气动工具）连用。非无菌提供。使用前由使用机构根据说明书进行灭菌或消毒（如适用）。不在内窥镜下使用。,用于修整股骨头和髋臼。,髋关节成型凹凸钻、骨科用修整用钻,Ⅰ
medical_device_category_04-08-05,扩髓用钻,04-08-05,__import__.medical_device_category_04-08,通常为长的圆柱形结构，带有直的螺旋或曲线的凹槽，手持式手动外科器械。不与有源器械（含气动工具）连用。非无菌提供。使用前由使用机构根据说明书进行灭菌或消毒（如适用）。不在内窥镜下使用。,用于扩大髓腔。,髓腔扩大钻、扩髓钻,Ⅰ
medical_device_category_04-08-06,芯钻,04-08-06,__import__.medical_device_category_04-08,通常由芯钻、导向套等组成。一般采用不锈钢材料、工程塑料或聚碳酸酯等材料制成。不与有源器械（含气动工具）连用。非无菌提供。使用前由使用机构根据说明书进行灭菌或消毒（如适用）。不在内窥镜下使用。,用于四肢骨折髓内钉固定手术。,芯钻,Ⅰ
medical_device_category_04-09-01,1 骨锯,04-09-01,__import__.medical_device_category_04-09,通常为环形或扁形手术切割器械，有锯齿刃口。一般采用不锈钢材料制成。,用于切除和修正腐骨或骨科脊柱手术时钻孔、减压。,环锯、椎间盘手术用环锯,Ⅱ
medical_device_category_04-09-01,2 骨锯,04-09-01,__import__.medical_device_category_04-09,通常为扁平或线型的手术切割器械，有锯齿刃口。可带有附属手柄。一般采用不锈钢材料制成。无菌提供。不接触中枢神经系统。,用于截锯骨骼。,无菌骨锯、无菌线锯条,Ⅱ
medical_device_category_04-09-01,3 骨锯,04-09-01,__import__.medical_device_category_04-09,通常为扁平或线型的手术切割器械，有锯齿刃口。可带有附属手柄。一般采用不锈钢材料制成。不接触中枢神经系统。非无菌提供。使用前由使用机构根据说明书进行灭菌或消毒（如适用）。不在内窥镜下使用。,用于截锯骨骼。,骨锯、手动骨锯、弓锯、指骨锯、手动胸骨锯、骨科用锯片、骨科用线锯条、骨科用线锯,Ⅰ
medical_device_category_04-09-02,石膏锯,04-09-02,__import__.medical_device_category_04-09,通常由锯柄和锯片组成，锯柄下部的两侧连接锯片。锯片一般采用不锈钢材料制成。非无菌提供。使用前由使用机构根据说明书进行灭菌或消毒（如适用）。,用于骨科锯石膏绷带。,石膏锯,Ⅰ
medical_device_category_04-09-03,配套工具,04-09-03,__import__.medical_device_category_04-09,通常有引导钩。一般采用不锈钢材料制成。非无菌提供。使用前由使用机构根据说明书进行灭菌或消毒（如适用）。不在内窥镜下使用。,用于导引线锯条。,骨科用线锯导引器,Ⅰ
medical_device_category_04-10-01,骨凿,04-10-01,__import__.medical_device_category_04-10,切削器具，通常由柄部和刀头组成，刀头是斜面锋利刃口。一般采用不锈钢材料制成，或刀片为不锈钢材料手柄采用合成材料（如聚四氟乙烯）。非无菌提供。使用前由使用机构根据说明书进行灭菌或消毒（如适用）。不在内窥镜下使用。,用于骨科手术时修整骨骼、取骨和凿骨。,腰椎用梯形骨凿、颈椎测深凿、颈椎骨凿、椎板骨凿、椎体骨凿、椎骨骨凿、骨凿、小圆刮凿、丁字凿、弧形凿、髋关节成型凿、肘关节肱骨成型骨凿、座导凿、平骨凿、圆骨凿、脱臼凿、峨眉凿、股骨滑车凿、髁间骨凿,Ⅰ
medical_device_category_04-11-01,1 骨科用锉,04-11-01,__import__.medical_device_category_04-11,通常由锉身和手柄组成。锉身一般采用不锈钢材料制成。,手术中在内窥镜下操作，用于关节微创手术中，对病变组织进行磨削。,关节镜用手术骨锉,Ⅱ
medical_device_category_04-11-01,2 骨科用锉,04-11-01,__import__.medical_device_category_04-11,通常由锉身和手柄（可不含）组成，有扁平和弯曲等型式。锉身一般采用不锈钢材料制成。非无菌提供。使用前由使用机构根据说明书进行灭菌或消毒（如适用）。不在内窥镜下使用。,用于骨科手术时锉削骨骼、锉平骨断端。,椎管锉、椎管锉刀、椎间锉、脊柱手术用骨锉、骨锉、髓腔锉、髋臼锉,Ⅰ
medical_device_category_04-11-02,骨科用铲,04-11-02,__import__.medical_device_category_04-11,通常由刀柄和刀头组成。刀头一般采用不锈钢材料制成。非无菌提供。使用前由使用机构根据说明书进行灭菌或消毒（如适用）。不在内窥镜下使用。,用于脊柱手术中在脊柱上铲除骨片及修正骨骼用。,椎管铲刀、骨铲、梯形铲,Ⅰ
medical_device_category_04-12-01,1 骨科动力手术设备,04-12-01,__import__.medical_device_category_04-12,通常由主机、软轴、电缆、手机和刀具（或脚踏开关）组成，或由手机、刀具、电池和控制系统等组成。,用于对骨组织进行钻、切取、锯、磨、铣等。,电动胸骨锯、电动骨锯、充电式电动骨锯、电池式电动骨锯、微型电动骨锯、电动骨钻、充电式电动骨钻、电池式电动骨钻、微型电动骨钻、气动咬骨钳、气动骨钻、电动显微磨钻、电动铣磨钻、电池供电骨组织手术设备、网电源供电骨组织手术设备、气动骨组织手术设备、微动力骨组织手术设备、微动力气动骨组织手术设备,Ⅱ
medical_device_category_04-12-01,2 骨科动力手术设备,04-12-01,__import__.medical_device_category_04-12,通常由电钻主机和支架组成。,与抽吸系统配合使用，用于成人和儿科患者的前路或后路髂嵴骨髓抽吸以及成人患者的前路或后路髂嵴骨组织（如骨髓等）针芯活检。,骨髓抽吸和活检系统电钻,Ⅱ
medical_device_category_04-12-01,3 骨科动力手术设备,04-12-01,__import__.medical_device_category_04-12,通常由电动器械驱动器（又称为控制台）、连接线缆、研骨机主机和一次性无菌粉碎组件（包括切割圆盘、活塞和收骨屉）组成。,用于将自体移植用骨材加工成尺寸适宜的骨颗粒，用于外科治疗。,电动骨组织加工装置,Ⅱ
medical_device_category_04-12-02,1 配套工具,04-12-02,__import__.medical_device_category_04-12,一般采用金属材料、金刚石材料制成。,与关节镜手术用的动力系统的手柄等有源设备联用。手术中在内窥镜下操作，用于打磨、切削组织和骨质。,关节镜刨刀、关节镜磨头、关节镜锯片,Ⅱ
medical_device_category_04-12-02,2 配套工具,04-12-02,__import__.medical_device_category_04-12,一般采用不锈钢或金刚石等材料制成。,与气动或电动手术设备配合使用，用于打磨、切削组织。,刀头、钻石磨头、金刚石磨头、刀片,Ⅰ
medical_device_category_04-12-02,3 配套工具,04-12-02,__import__.medical_device_category_04-12,通常由钻身和/或螺旋槽、连接器组成。一般采用不锈钢材料制成。非无菌提供。使用前由使用机构根据说明书进行灭菌或消毒（如适用）。不在内窥镜下使用。,与电钻等有源设备配合使用，用于钻孔、攻螺纹、固定、导向或插入取出植入物。,骨科电钻头、T型电钻头、微创介入术用骨钻、柔性钻、软钻、螺纹钉、钻头,Ⅰ
medical_device_category_04-12-02,4 配套工具,04-12-02,__import__.medical_device_category_04-12,通常为环形或扁形手术切割器械，有锯齿刃口。一般采用不锈钢材料制成。非无菌提供。使用前由使用机构根据说明书进行灭菌或消毒（如适用）。不在内窥镜下使用。,与气动或电动手术设备配合使用，用于截锯骨骼、切除和修正腐骨用或骨科脊柱手术时钻孔、减压。,骨科用电锯片,Ⅰ
medical_device_category_04-12-02,5 配套工具,04-12-02,__import__.medical_device_category_04-12,一般采用不锈钢等金属材料制成。非无菌提供。使用前由使用机构根据说明书进行灭菌或消毒（如适用）。不在内窥镜下使用。,与气动或电动工具配合使用，用于主机与工具之间的连接或保护。,连接杆、手柄、夹头、髋臼锉连杆、钻头连接杆、连杆、柔性杆、护鞘、套管、快接头、骨科刀具连接杆、膝关节手术通用手柄、磨钻手柄,Ⅰ
medical_device_category_04-12-03,石膏切割器具,04-12-03,__import__.medical_device_category_04-12,通常由主机、软轴、电缆、手机和刀具组成。非无菌提供。使用前由使用机构根据说明书进行灭菌或消毒（如适用）。,用于骨科手术固定复位后，切割拆除石膏绷带。,电动石膏剪、电动石膏锯、电动石膏切割器,Ⅰ
medical_device_category_04-13-01,髌骨爪,04-13-01,__import__.medical_device_category_04-13,通常由卡爪（爪体）及紧固装置组成。一般采用不锈钢或纯钛材料制成。卡爪在体内滞留时间大于等于30天。,用于髌骨骨折的固定,髌骨爪,Ⅲ
medical_device_category_04-13-02,1 外固定支架,04-13-02,__import__.medical_device_category_04-13,通常由连接装置、固定装置及无源植入物组成，一般采用金属材料制成。无源植入物在体滞留时间大于等于30天。,用于骨折、肢体固定，或进行关节制动或关节桥接。,带植入物外固定支架、带植入物骨科外固定支架,Ⅲ
medical_device_category_04-13-02,2 外固定支架,04-13-02,__import__.medical_device_category_04-13,通常由针杆链接装置、杆、环、连接部件等组成，不包括骨针。一般采用铝合金、不锈钢、碳纤维、钛合金材料制成。,连接体内骨针使用，通过固定、加压或牵拉骨端，实现骨科畸形矫形、骨折复位等治疗目的。,骨科外固定器、骨科外固定支架、单侧外固定支架、单侧外固定器、骨科拱环外固定架、骨科管式外固定架、环形支架、组合式外固定支架、肢体延长架、单臂一体骨科外固定支架、单臂式外固定支架、四肢骨外固定器、环棒组合骨科外固定支架、镶嵌式外固定支架、测力式半环骨科外固定支架,Ⅱ
medical_device_category_04-13-03,1 夹板及固定带,04-13-03,__import__.medical_device_category_04-13,一般采用玻璃纤维、聚酯纤维、聚氨酯等高分子材料、不锈钢、铝合金、石膏粉、纱布、非织造布等制成。不与体内使用的医疗器械连接。非无菌提供。,用于骨折或软组织等损伤的外固定。,骨夹板、骨科高分子夹板、骨科外固定夹板、骨折固定夹板、鼻外夹板、胸部固定板、肋骨固定板、骨科手术手部固定板、指骨夹板、可调式骨伤塑料夹板、气压夹板、有衬夹板、无衬夹板、医用高分子夹板、医用固定带、医用外固定带、骨科固定带、锁骨固定带、肩臂固定带、肩部固定带、前臂吊带、手臂吊带、医用手臂吊带、肘关节固定带、腕部固定带、腕关节固定带、颈椎固定带、腰椎固定带、胸部固定带、肋骨固定带、髋关节固定带、膝部固定带、踝关节固定带、下肢带、粉状型石膏绷带、粘胶型石膏绷带、固定用弹力束带、石膏衬垫、骨折固定气垫、肢体固定器、关节固定器、肩关节固定器、臂外展固定器、膝关节固定器、膝关节加压固定器、骨盆固定器、髌骨加压固定器、踝关节固定器、足托固定器、头颈胸固定器、颈椎固定器、腰椎固定器、胸腰椎固定器、胸腰骶固定器、骨科保护支具、可调式固定支具、医用外固定支具、颈托、上/下肢医用外固定支具、上肢医用外固定支具、下肢支具、下肢医用外固定支具,Ⅰ
medical_device_category_04-13-03,2 夹板及固定带,04-13-03,__import__.medical_device_category_04-13,通常由负压固定囊、负压阀、手柄、固定带、头部固定器组成。一般采用不锈钢等材料制成。非无菌提供。使用前由使用机构根据说明书进行灭菌或消毒（如适用）。,用于骨折急救护理及送院前的骨折处理。,负压式骨折固定保护气垫,Ⅰ
medical_device_category_04-13-04,1 牵引器,04-13-04,__import__.medical_device_category_04-13,通常包括一个整体式结构的弓架，弓架左、右两牵引杆的前端分别设置有用于穿装牵引钢针的牵引耳。一般采用不锈钢或碳纤维材料制成。非无菌提供。,通过施加牵引力于牵引钢针，用于骨折牵引复位、拉直骨牵引针及颅骨牵引。,骨科牵引弓、颅骨牵引弓、斯氏针牵引弓、克氏针牵引弓、骨科牵引器、颅骨牵引器、粗钢针牵引器、下颌骨牵引装置、体外牵引弓,Ⅰ
medical_device_category_04-13-04,2 牵引器,04-13-04,__import__.medical_device_category_04-13,通常由锁紧机构和手柄组成。一般采用不锈钢和铝合金材料制成。无源产品。非无菌提供。使用前由使用机构根据说明书进行灭菌或消毒（如适用）。不在内窥镜下使用。,用于环式外固定支架安装手术中，通过手动操作手柄，驱动锁紧装置，锁紧克氏针，并向外拉伸，以收紧克氏针。,克氏针收紧手术工具,Ⅰ
medical_device_category_04-13-05,1 术中牵引架及配件,04-13-05,__import__.medical_device_category_04-13,主体部分一般采用不锈钢或普通钢材、铝合金等材料制成。非无菌提供。使用前由使用机构根据说明书进行灭菌或消毒（如适用）。不在内窥镜下使用。,用于骨科手术中骨骼复位牵引用。,骨科四肢牵引架、组合式骨牵引架、上臂支撑牵引架、骨科牵引架、脊柱手术组合式牵引架,Ⅰ
medical_device_category_04-13-05,2 术中牵引架及配件,04-13-05,__import__.medical_device_category_04-13,通常由足踝牵引架和大腿托架组成。足踝牵引架主要由床夹、支撑杆、牵引调节器、牵引脚带等组成；大腿托架主要由床夹、支撑杆、大腿托盘、海绵垫组成。使用大腿托架托住患者大腿，调节足踝牵引架的长度及角度，进行踝关节牵引。非无菌提供。使用前由使用机构根据说明书进行灭菌或消毒（如适用）。,用于踝关节手术时进行踝关节牵引撑开用。,踝关节无创牵引系统,Ⅰ
medical_device_category_04-13-05,3 术中牵引架及配件,04-13-05,__import__.medical_device_category_04-13,通常由牵引杆、牵引靴、支撑件、横梁滑板、支脚、拉杆单元、移动虎钳、台车组成。一般采用碳纤维和金属等材料制成。无源产品。非无菌提供。使用前由使用机构根据说明书进行灭菌或消毒（如适用）。不在内窥镜下使用。,配合手术台使用，用于患者进行骨盆区域和股骨近端区域的手术之前、期间和之后以及进行检查时支撑和固定患者。也用于手术中牵引患者，以暴露术野，便于开展手术。,髋关节手术支撑牵引架,Ⅰ
medical_device_category_04-13-05,4 术中牵引架及配件,04-13-05,__import__.medical_device_category_04-13,通常由肩关节牵引支架、袖套连接器、侧向牵引连接器、配重、存放台车和各种床夹组成。一般采用金属和高分子等材料制成。无源产品。非无菌提供。使用前由使用机构根据说明书进行灭菌或消毒（如适用）。,用于骨科手术中，与手术床连接，固定患者手术体位。,肩关节牵引架系统,Ⅰ
medical_device_category_04-13-06,骨科牵引床及配件,04-13-06,__import__.medical_device_category_04-13,通常由床体和牵引装置组成，不含电源、液压源。非无菌提供。,用于骨科手术后患者的四肢牵引，以帮助患者恢复。或用于手术中牵引。,骨科牵引床、手动式骨科牵引床,Ⅰ
medical_device_category_04-13-07,紧固、支撑工具,04-13-07,__import__.medical_device_category_04-13,一般采用不锈钢材料制成。非无菌提供。使用前由使用机构根据说明书进行灭菌或消毒（如适用）。,用于体外固定复位手术时辅助、配套使用。,紧丝钳、指骨手术支撑架、下肢骨折整复器,Ⅰ
medical_device_category_04-14-01,微创骨导引器,04-14-01,__import__.medical_device_category_04-14,通常由钝骨导引器探针、套管、钝导引针、尖导引针和高精度钻组成。无菌提供。,用于微创骨折复位术，通过导针引导，建立经皮进入椎体的通道。,一次性使用微创骨导引器,Ⅱ
medical_device_category_04-14-02,1 骨水泥器械,04-14-02,__import__.medical_device_category_04-14,一般采用不锈钢或铝合金或高分子材料制成。,用于混匀骨水泥，或/并将骨水泥注入（输送到）人体的骨科工具。,无菌骨水泥枪、无菌骨水泥加压器、无菌骨水泥搅拌器、无菌骨水泥填充器、无菌骨水泥注入器、无菌骨水泥注射器、无菌骨水泥推进器、无菌骨水泥输送器、无菌骨水泥套管、无菌骨水泥真空混合套件、无菌骨水泥加压灌注器、一次性使用骨水泥枪、一次性使用骨水泥加压器、一次性使用骨水泥搅拌器、一次性使用骨水泥填充器、一次性使用骨水泥注入器、一次性使用骨水泥注射器、一次性使用骨水泥推进器、一次性使用骨水泥输送器、一次性使用骨水泥套管、一次性使用骨水泥真空混合套件、一次性使用骨水泥加压灌注器、无菌骨水泥搅拌输送器、骨水泥加压塞、可弯曲骨水泥输送器、一次性远程骨水泥输送器,Ⅱ
medical_device_category_04-14-02,2 骨水泥器械,04-14-02,__import__.medical_device_category_04-14,一般采用不锈钢或铝合金等金属材料制成。非无菌提供。使用前由使用机构根据说明书进行灭菌或消毒（如适用）。不在内窥镜下使用。,用于混匀骨水泥，或/并将骨水泥注入（输送到）人体的骨科工具。,骨水泥枪、骨水泥加压器、骨水泥搅拌器、骨水泥填充器、骨水泥注入器、骨水泥注射器、骨水泥推进器、骨水泥输送器、骨水泥套管、骨水泥真空混合套件、骨水泥加压灌注器、骨水泥转接头、高真空骨水泥搅拌器,Ⅰ
medical_device_category_04-14-03,1 植骨器械,04-14-03,__import__.medical_device_category_04-14,植入骨替代材料时使用的工具。一般采用不锈钢或高分子材料制成。无菌提供。,用于植骨手术中完成骨骼系统的骨缺损和骨空腔填充物的输送、填充、搅拌等操作。,无菌骨替代材料传送针管、无菌骨导引器、无菌骨填充器、无菌骨替代材料传送枪、无菌骨填充材料注射器、无菌骨填充材料搅拌器,Ⅱ
medical_device_category_04-14-03,2 植骨器械,04-14-03,__import__.medical_device_category_04-14,植入骨替代材料时使用的工具。一般采用不锈钢材料、钛合金或高分子材料制成。无源产品。非无菌提供。使用前由使用机构根据说明书进行灭菌或消毒（如适用）。不在内窥镜下使用。,用于植骨手术中完成骨骼系统的骨缺损和骨空腔填充物的输送、搅拌等操作。,骨替代材料传送针管、骨导引器、骨填充器、双室漏斗、弯形漏斗、植骨器、骨移植搅拌器、植骨漏斗,Ⅰ
medical_device_category_04-14-04,1 取样器械,04-14-04,__import__.medical_device_category_04-14,通常由套管、管芯和手柄组成。套管和管芯一般采用不锈钢材料制成。无菌提供。,用于获取骨样本。,无菌骨取样器,Ⅱ
medical_device_category_04-14-04,2 取样器械,04-14-04,__import__.medical_device_category_04-14,植入骨替代材料时使用的工具。一般采用不锈钢材料、钛合金或高分子材料制成。无源产品。非无菌提供。使用前由使用机构根据说明书进行灭菌或消毒（如适用）。不在内窥镜下使用。,用于植骨手术中完成骨骼系统的骨缺损和骨空腔填充物的输送、搅拌等操作。,骨替代材料传送针管、骨导引器、骨填充器、双室漏斗、弯形漏斗、植骨器、骨移植搅拌器、植骨漏斗,Ⅰ
medical_device_category_04-14-05,1 测量器械,04-14-05,__import__.medical_device_category_04-14,通常由头部、杆部（标有刻度）和手柄组成。采用不锈钢和高分子材料制成。非无菌提供。,手术中在关节镜下使用，估量深度。,关节镜测深器、脊柱后路手术用测深器,Ⅱ
medical_device_category_04-14-05,2 测量器械,04-14-05,__import__.medical_device_category_04-14,骨科手术配套基础工具。一般采用不锈钢材料、钛合金或高分子材料制成。非无菌提供。使用前由使用机构根据说明书进行灭菌或消毒（如适用）。不在内窥镜下使用。,用于骨科手术时测量直径、深度、孔径、角度、弧度等。,直径尺、医用尺、角度尺、测深器、骨测量器、填充块、量规、试模、模板,Ⅰ
medical_device_category_04-14-06,1 定位导向器械,04-14-06,__import__.medical_device_category_04-14,骨科手术配套基础工具。一般采用不锈钢材料、钛合金、铝合金或高分子材料制成。采用增材制造工艺加工制成,用于定位、导向和保护。,增材制造骨板试模、增材制造骨科定位杆、增材制造骨科手术导板,Ⅱ
medical_device_category_04-14-06,2 定位导向器械,04-14-06,__import__.medical_device_category_04-14,骨科手术配套基础工具。一般采用不锈钢材料、钛合金、铝合金或高分子材料制成。不是采用增材制造工艺加工制成。非无菌提供。使用前由使用机构根据说明书进行灭菌或消毒（如适用）。不在内窥镜下使用。,用于定位、导向和保护。,骨科定位器、骨科定位片、骨科钻孔瞄准器、骨科导向器、植入棒位置确定器、骨板试模、骨科定位杆、骨科定位架、导针,Ⅰ
medical_device_category_04-14-07,1 夹持、固定器械,04-14-07,__import__.medical_device_category_04-14,骨科手术配套基础工具。一般采用不锈钢材料、钛合金或高分子材料制成。非无菌提供。使用前由使用机构根据说明书进行灭菌或消毒（如适用）。不在内窥镜下使用。,用于骨科手术时夹持植入物、器械或组织，手术结束前取出。,持钉夹、持钉镊、持针镊、骨科用夹持器、骨科用夹持镊、骨科用持钉器、螺钉连接器、术前肌腱固定器、肌腱分张器、关节假体夹持器、股骨把持器、试模把持器,Ⅰ
medical_device_category_04-14-07,2 夹持、固定器械,04-14-07,__import__.medical_device_category_04-14,通常由工作平台基座、可调节式固定桩、钳夹式组织固定柱、固定器/量尺、固定桩、固定桩带拉力计端、肌腱测量模块和用于肌腱清理的钳夹式组织固定柱组成，一般采用金属和高分子材料制成。无源产品。非无菌提供。使用前由使用机构根据说明书进行灭菌或消毒（如适用）。不在内窥镜下使用。,用于在骨科手术中软组织植入物植入前，辅助测量、夹持和固定肌腱软组织以准备特定的软组织植入物。,手术肌腱整理架,Ⅰ
medical_device_category_04-14-08,敲拔器械,04-14-08,__import__.medical_device_category_04-14,骨科手术配套基础工具。一般采用不锈钢材料、钛合金或高分子材料制成。非无菌提供。使用前由使用机构根据说明书进行灭菌或消毒（如适用）。不在内窥镜下使用。,用于骨科手术时作敲击、撬拨。,骨锤、骨撬、撬棒、骨锨、滑锤、膝关节骨撬、髋关节骨撬、上肢关节骨撬,Ⅰ
medical_device_category_04-14-09,开口器械,04-14-09,__import__.medical_device_category_04-14,骨科手术配套基础工具。一般采用不锈钢材料、钛合金或高分子材料制成。非无菌提供。使用前由使用机构根据说明书进行灭菌或消毒（如适用）。不在内窥镜下使用。,用于骨科手术时打孔、钻孔、扩孔。,打孔器、骨质开口器、开路器、扩孔器、钻孔器、隧道扩张器,Ⅰ
medical_device_category_04-14-10,石膏拆除器械,04-14-10,__import__.medical_device_category_04-14,骨科手术配套工具。一般采用不锈钢材料制成。无源产品。非无菌提供。使用前由使用机构根据说明书进行灭菌或消毒（如适用）。,用于拆除或撑开石膏绷带。,石膏撑开器、石膏摊开器,Ⅰ
medical_device_category_04-14-11,刨骨器,04-14-11,__import__.medical_device_category_04-14,骨科手术配套工具。一般采用不锈钢材料制成。非无菌提供。使用前由使用机构根据说明书进行灭菌或消毒（如适用）。不在内窥镜下使用。,用于骨科手术时对自体骨进行体外切削。,刨骨器,Ⅰ
medical_device_category_04-14-12,植入取出工具,04-14-12,__import__.medical_device_category_04-14,骨科手术配套工具。一般采用不锈钢材料制成。非无菌提供。使用前由使用机构根据说明书进行灭菌或消毒（如适用）。不在内窥镜下使用。,用于辅助将植入物或骨植入体内或者从体内取出。,骨科用扳手、骨科用扭力扳手、骨科用螺丝刀、打入器、打拔器、三翼钉打拔器、髓内针打拔器、拔出器、取钉器、螺钉取出器、断钉取出器、髂骨取出器、上钉器、对抗扳手,Ⅰ
medical_device_category_04-14-13,1 配套工具,04-14-13,__import__.medical_device_category_04-14,骨科手术配套工具。一般采用不锈钢、钛合金或高分子材料等制成。无菌提供。,与手术器械配合使用，用于辅助完成植入物安装。,无菌转接头,Ⅱ
medical_device_category_04-14-13,2 配套工具,04-14-13,__import__.medical_device_category_04-14,骨科手术配套工具。一般采用不锈钢、钛合金或高分子材料等制成。非无菌提供。使用前由使用机构根据说明书进行灭菌或消毒（如适用）。不在内窥镜下使用。,与手术器械配合使用，用于辅助完成植入物安装。,快装手柄、扭力手柄、棘轮手柄、扭力快换接头、快速连接杆、转接头、骨科手术器械通用手柄、护套、器械连接杆,Ⅰ
medical_device_category_04-15-01,扩髓器,04-15-01,__import__.medical_device_category_04-15,通常由扩髓头、管型组装部件、过滤装置、密封头、锁定夹、柔性杆、钻头、导针和送针器组成。无源产品。非无菌提供。使用前由使用机构根据说明书进行灭菌或消毒（如适用）。不在内窥镜下使用。,用于骨科手术中髓腔内的扩髓。,柔性扩髓器、扩髓器、髓腔扩大器,Ⅰ
medical_device_category_04-15-02,骨把持器,04-15-02,__import__.medical_device_category_04-15,骨科创伤手术配套工具。一般采用不锈钢材料制成。非无菌提供。使用前由使用机构根据说明书进行灭菌或消毒（如适用）。不在内窥镜下使用。,用于骨折手术时，夹持骨骼复位固定。,骨把持器、三爪骨把持器、骨折固定夹、持骨器,Ⅰ
medical_device_category_04-15-03,塑形工具,04-15-03,__import__.medical_device_category_04-15,骨科创伤手术配套工具。一般采用不锈钢材料制成。非无菌提供。使用前由使用机构根据说明书进行灭菌或消毒（如适用）。不在内窥镜下使用。,用于骨科内固定手术时弯折钢板或棒，或截断植入物。,钢板弯曲扳手、钢板弯曲器、台式钢板弯曲器、剪断器、断棒器、扭断器、钢针切断器、钢板塑型片、锁定金属接骨板模板、剪棒器、弯棒器,Ⅰ
medical_device_category_04-15-04,骨折复位器,04-15-04,__import__.medical_device_category_04-15,骨科创伤手术配套工具。一般采用不锈钢材料制成。非无菌提供。使用前由使用机构根据说明书进行灭菌或消毒（如适用）。不在内窥镜下使用。,用于骨科内固定手术骨折复位。,髓内骨折复位器、胫骨平台复位器、枪式骨折复位器、骨科复位器、张力器,Ⅰ
medical_device_category_04-15-05,配套工具,04-15-05,__import__.medical_device_category_04-15,骨科创伤手术配套工具。一般采用不锈钢材料制成。非无菌提供。使用前由使用机构根据说明书进行灭菌或消毒（如适用）。不在内窥镜下使用。,用于骨科创伤手术中，配合其它手术器械使用。,锁针加压器、钢丝穿孔器、钢丝穿引器、钉孔清除器、骨螺钉延长杆、金属缆线收紧器,Ⅰ
medical_device_category_04-16-01,1 骨水泥定型模具,04-16-01,__import__.medical_device_category_04-16,一般采用医用级硅胶制成，包含植入体内的组件。,用于关节用骨水泥定型。,膝关节用骨水泥定型模具（含植入加固组件）、髋关节用骨水泥定型模具（含植入加固组件）,Ⅲ
medical_device_category_04-16-01,2 骨水泥定型模具,04-16-01,__import__.medical_device_category_04-16,一般采用医用级硅胶制成，不包含植入体内的组件。,用于关节用骨水泥定型。,膝关节用骨水泥定型模具、髋关节用骨水泥定型模具,Ⅱ
medical_device_category_04-16-02,关节镜配套工具,04-16-02,__import__.medical_device_category_04-16,关节镜手术配套手术工具。一般采用不锈钢材料或高分子材料制成。,手术中在关节镜下使用的手术工具。,瞄准臂、导向管、导向手柄、股骨瞄准器、后叉保护器、关节镜用套管、软组织过线器,Ⅱ
medical_device_category_04-16-03,1 定位、导向、测量器械,04-16-03,__import__.medical_device_category_04-16,关节手术配套手术工具。一般采用不锈钢材料或高分子材料制成。采用增材制造工艺加工制成。,用于关节手术中定位、探测、导向、评估或提供基准用；或用于关节置换手术中股骨远端截骨块的支撑及定位。,增材制造关节假体试模,Ⅱ
medical_device_category_04-16-03,2 定位、导向、测量器械,04-16-03,__import__.medical_device_category_04-16,关节手术配套手术工具。一般采用不锈钢材料或高分子材料制成。不是采用增材制造工艺加工制成。非无菌提供。使用前由使用机构根据说明书进行灭菌或消毒（如适用）。不在内窥镜下使用。,用于关节手术中定位、探测、导向、评估或提供基准用；或用于关节置换手术中股骨远端截骨块的支撑及定位。,关节假体试模、股骨假体试模、胫骨垫片试模、胫骨托试模、髌骨假体试模、膝关节组件试模、髋关节手术导板、膝关节手术导板、股骨测定导板、胫骨冲头导板、骨水泥型组配式胫骨冲头导板、股骨截骨导向板、髌骨截骨定位工具、膝关节间隙评估块、截骨板、髁间窝截骨模板、股骨远端截骨定位工具、胫骨截骨定位工具、股骨髓腔对线手柄套、股骨髓腔探棒、股骨定位装置支架,Ⅰ
medical_device_category_04-16-04,打拔器,04-16-04,__import__.medical_device_category_04-16,关节手术配套手术工具。一般采用不锈钢材料或高分子材料制成。非无菌提供。使用前由使用机构根据说明书进行灭菌或消毒（如适用）。不在内窥镜下使用。,用于安装或拆卸假体或试模。,关节假体打拔器、胫骨假体和试模打击器、股骨打击器、股骨头打入器、股骨柄打入器、髋臼内衬打入器、膝关节手术用假体和试模打击器、股骨假体和试模打击器,Ⅰ
medical_device_category_04-16-05,冲头,04-16-05,__import__.medical_device_category_04-16,关节手术配套手术工具。一般采用不锈钢材料或高分子材料制成。非无菌提供。使用前由使用机构根据说明书进行灭菌或消毒（如适用）。不在内窥镜下使用。,用于关节手术中冲出型腔或开髓用。,骨科冲头、非骨水泥型胫骨冲头、骨水泥型胫骨冲头、骨水泥型组配式胫骨冲头、胫骨冲头,Ⅰ
medical_device_category_04-16-06,配套工具,04-16-06,__import__.medical_device_category_04-16,关节手术配套手术工具。一般采用金属材料或高分子材料制成。非无菌提供。使用前由使用机构根据说明书进行灭菌或消毒（如适用）。不在内窥镜下使用。,关节置换手术中配合其他手术器械使用的手术工具。,对线手柄、髓内定位杆、关节手术用手柄、对线杆、肩关节置换手术销钉、钉鞘植入物插入器、测量杆、固定钉、骨科手术通用手柄,Ⅰ
medical_device_category_04-17-01,1 椎体成形器械,04-17-01,__import__.medical_device_category_04-17,通常为金属网状袋等扩张膨胀装置，长期植入人体。,用于骨折的复位和/或在椎体松质骨内的形成可供填充物填充的空腔，恢复椎体高度。,可膨胀金属网状袋、可膨胀骨成型器,Ⅲ
medical_device_category_04-17-01,2 椎体成形器械,04-17-01,__import__.medical_device_category_04-17,通常为一可膨胀装置，可以是扩张球囊导管结构，或机械扩张方式，或其他扩张膨胀结构。不包括长期植入人体器械。,用于骨折的复位和/或在椎体松质骨内的形成可供填充物填充的空腔，恢复椎体高度。,椎体扩张球囊导管、骨扩张器、椎体成形支撑系统、骨膨胀器、可膨胀骨成型器,Ⅱ
medical_device_category_04-17-02,椎间盘旋切器械,04-17-02,__import__.medical_device_category_04-17,通常由微创钻头、驱动控制装置、刮片和导引套管组成。钻头一般采用钛合金材料制成。,用于切除并吸出椎间盘组织。,微创电动椎间盘旋切器、经皮椎间盘旋切器,Ⅲ
medical_device_category_04-17-03,1 注射推进装置,04-17-03,__import__.medical_device_category_04-17,通常由底盘升降支架、加持装置控制、手持控制器、遥控器等组成。用于临床椎体成形手术时，医生在防护玻璃后远距离进行操作，以遥控方式注射对比剂或骨水泥，以减少X光对手术医生的辐射。,用于遥控功能推注骨水泥。,遥控注射推进装置,Ⅲ
medical_device_category_04-17-03,2 注射推进装置,04-17-03,__import__.medical_device_category_04-17,通常由底盘升降支架、加持装置控制、手持控制器、遥控器等组成。用于临床椎体成形手术时，医生在防护玻璃后远距离进行操作，以线控方式注射对比剂或骨水泥，以减少X光对手术医生的辐射。,用于线控推注骨水泥。,线控注射推进装置,Ⅱ
medical_device_category_04-17-04,椎体成形导引系统,04-17-04,__import__.medical_device_category_04-17,通常由引导丝定位、扩张套管、高精度钻、工作套管等组成。,用于为注入骨水泥而建立进入椎体的工作通道。,椎体成形导向系统、椎体成形导引系统、椎体成形术器械,Ⅱ
medical_device_category_04-17-05,纤维环缝合器械,04-17-05,__import__.medical_device_category_04-17,通常由缝合器壳体、缝合组件和传动组件组成。无菌提供。,用于单纯椎间盘突出髓核摘除手术后的纤维环缝合。,一次性使用纤维环缝合器,Ⅱ
medical_device_category_04-17-06,椎体后缘处理器,04-17-06,__import__.medical_device_category_04-17,脊柱手术配套手术工具。一般采用不锈钢材料制成。接触中枢神经系统。,用于处理后缘骨赘、硬性突出物，疏通神经根通道。,椎体后缘处理器,Ⅱ
medical_device_category_04-17-07,椎弓根定位测量器,04-17-07,__import__.medical_device_category_04-17,脊柱手术配套手术工具。一般采用不锈钢材料制成。,根据术前影像数据，在术中精确导向置钉，安置内固定系统。,椎弓根定位测量器,Ⅰ
medical_device_category_04-17-08,1 定位、导向、测量器械,04-17-08,__import__.medical_device_category_04-17,脊柱手术配套手术工具。一般采用不锈钢材料或高分子材料制成。采用增材制造工艺加工制成,用于脊柱手术提供基准或定位。,增材制造脊柱手术导板,Ⅱ
medical_device_category_04-17-08,2 定位、导向、测量器械,04-17-08,__import__.medical_device_category_04-17,脊柱手术配套手术工具。一般采用不锈钢材料或高分子材料制成。不是采用增材制造工艺加工制成。非无菌提供。使用前由使用机构根据说明书进行灭菌或消毒（如适用）。不在内窥镜下使用。,用于脊柱手术提供基准或定位。,脊柱手术导板、椎间盘手术用定位器、脊柱微创手术定位器、脊柱手术定位器、脊柱手术导向器,Ⅰ
medical_device_category_04-17-09,开孔扩孔器械,04-17-09,__import__.medical_device_category_04-17,脊柱手术配套手术工具。一般采用不锈钢材料制成。非无菌提供。使用前由使用机构根据说明书进行灭菌或消毒（如适用）。不在内窥镜下使用。,用于脊柱手术时打孔、扩孔或测孔深。,椎弓根钉打孔器、棘突打孔器、齿状突定位打孔器、椎弓根匙形开孔器,Ⅰ
medical_device_category_04-17-10,神经根探子,04-17-10,__import__.medical_device_category_04-17,脊柱手术配套手术工具。一般采用不锈钢材料制成。非无菌提供。使用前由使用机构根据说明书进行灭菌或消毒（如适用）。不在内窥镜下使用。,用于探测并确定神经根的位置及椎弓根的深度。,神经根探子、椎弓根探子,Ⅰ
medical_device_category_04-17-11,植骨块嵌入器,04-17-11,__import__.medical_device_category_04-17,脊柱手术配套手术工具。一般采用不锈钢材料制成。非无菌提供。使用前由使用机构根据说明书进行灭菌或消毒（如适用）。不在内窥镜下使用。,用于脊柱手术时植骨。,植骨块嵌入器,Ⅰ
medical_device_category_04-17-12,椎弓根钉尾部切断器,04-17-12,__import__.medical_device_category_04-17,脊柱手术配套手术工具。一般采用不锈钢材料制成。非无菌提供。使用前由使用机构根据说明书进行灭菌或消毒（如适用）。不在内窥镜下使用。,用于脊柱内固定手术时，切断椎弓根钉。,椎弓根钉尾部切断器,Ⅰ
medical_device_category_04-17-13,1 脊柱手术通道器械,04-17-13,__import__.medical_device_category_04-17,脊柱手术配套手术工具。一般由可扩张通道、逐级撑开套筒、撑开通道及内芯和测深尺组成。采用医用高分子材料制成。无菌提供。,用于腰椎后路手术通道的建立。,脊柱手术通道系统,Ⅱ
medical_device_category_04-17-13,2 脊柱手术通道器械,04-17-13,__import__.medical_device_category_04-17,脊柱手术配套手术工具。一般采用不锈钢材料制成。非无菌提供。使用前由使用机构根据说明书进行灭菌或消毒（如适用）。不在内窥镜下使用。,用于扩大手术视野。,扩张式通道管、脊柱微创手术通道扩张管,Ⅰ
medical_device_category_04-17-14,椎体复位器,04-17-14,__import__.medical_device_category_04-17,脊柱手术配套手术工具。一般采用不锈钢材料制成。非无菌提供。使用前由使用机构根据说明书进行灭菌或消毒（如适用）。不在内窥镜下使用。,用于手术时复位错位的椎体。,椎体复位器,Ⅰ
medical_device_category_04-17-15,1 配套工具,04-17-15,__import__.medical_device_category_04-17,脊柱手术配套手术工具。一般采用不锈钢、高分子材料等材料制成。非无菌提供。,脊柱手术过程中，辅助配合植入物或其他手术工具使用。,脊柱手术用持笼器、脊柱后路手术用植骨推骨器,Ⅱ
medical_device_category_04-17-15,2 配套工具,04-17-15,__import__.medical_device_category_04-17,脊柱手术配套手术工具。一般采用不锈钢、高分子材料等材料制成。不针对中枢神经系统操作。非无菌提供。使用前由使用机构根据说明书进行灭菌或消毒（如适用）。不在内窥镜下使用。,脊柱手术过程中，配合其他手术工具使用。,脊柱外科手术器械手柄、骨科通条、植入棒压入器、脊柱植入物推送器、脊柱内固定手术椎体撑开针、椎弓根螺钉套管、持取器、套筒,Ⅰ
medical_device_category_04-18-01,1 剥离器,04-18-01,__import__.medical_device_category_04-18,通常由头部和柄部组成，柄的顶端为椭圆形或弧形的片状板，其刃有锐性和钝性之分。一般采用不锈钢材料制成。,用于剥离附着于骨面上的骨膜及软组织。,椎体前方剥离器、椎板剥离器、C－D椎板剥离器,Ⅱ
medical_device_category_04-18-01,2 剥离器,04-18-01,__import__.medical_device_category_04-18,通常由头部和柄部组成，柄的顶端为椭圆形或弧形的片状板，其刃有锐性和钝性之分。一般采用不锈钢材料制成。非无菌提供。使用前由使用机构根据说明书进行灭菌或消毒（如适用）。不在内窥镜下使用。,用于剥离或分开附着于骨面上的骨膜及软组织。,骨膜剥离子、神经剥离子、可变神经剥离子、骨膜剥离器、神经剥离器、可变神经剥离器、双头剥离匙、肋骨骨膜剥离器、内膜剥离器,Ⅰ
medical_device_category_04-18-02,1 颅骨矫形器械,04-18-02,__import__.medical_device_category_04-18,通常由外壳、填充材料/垫和固定装置组成。一般采用高分子材料制成。,用于3-18个月之间的婴幼儿，通过给婴幼儿头部接触部位一定的压力，预防或治疗先天性或后天发生的非对称或斜头症及短头症的矫形器械。,婴儿颅骨矫形固定器,Ⅱ
medical_device_category_04-18-02,2 颅骨矫形器械,04-18-02,__import__.medical_device_category_04-18,通常由正模具、负模具组成。一般采用硅橡胶材料制成。,用于将颅骨修补材料制成预期的形状。,颅骨成形术材料形成模具,Ⅱ
medical_device_category_04-18-03,剥离保护器,04-18-03,__import__.medical_device_category_04-18,通常由把手、牵引杆和剥爪组成。非无菌提供。使用前由使用机构根据说明书进行灭菌或消毒（如适用）。不在内窥镜下使用。,用于椎间盘手术中神经剥离保护用。,神经剥离保护器,Ⅰ
medical_device_category_04-18-04,韧带手术器械,04-18-04,__import__.medical_device_category_04-18,一般采用不锈钢材料制成。非无菌提供。使用前由使用机构根据说明书进行灭菌或消毒（如适用）。不在内窥镜下使用。,用于人工关节韧带手术的外科器械。,导引袖套、环状套扎器,Ⅰ
medical_device_category_04-18-05,骨科组织保护器具,04-18-05,__import__.medical_device_category_04-18,一般采用不锈钢材料或高分子材料制成。非无菌提供。使用前由使用机构根据说明书进行灭菌或消毒（如适用）。不在内窥镜下使用。,用于骨科手术中，放入到手术部位，减少手术过程对相关组织的损害。,关节盂保护器、骨科用保护器,Ⅰ
medical_device_category_04-18-06,骨科手术体位固定架,04-18-06,__import__.medical_device_category_04-18,一般采用金属和高分子材料制成。非无菌提供。使用前由使用机构根据说明书进行灭菌或消毒（如适用）。不在内窥镜下使用。,用于骨科手术中，固定患者手术体位，以有利于手术医生操作。,膝关节镜手术体位固定架、骨科手术腕关节固定装置,Ⅰ
medical_device_category_04-18-07,软骨整形器械,04-18-07,__import__.medical_device_category_04-18,一般采用不锈钢材料制成。非无菌提供。使用前由使用机构根据说明书进行灭菌或消毒（如适用）。不在内窥镜下使用。,用于手术中，压碎需要移植的软骨或将其压扁塑形，以便于植入体内。,软骨压碎器,Ⅰ
medical_device_category_05-01-01,1 医用电子加速器,05-01-01,__import__.medical_device_category_05-01,通常由机架、辐射头、治疗床、控制台、图像引导装置等组成。,用于患者肿瘤或其他病灶的放射治疗。,医用电子直线加速器、医用电子回旋加速器、螺旋断层放射治疗系统,Ⅲ
medical_device_category_05-01-01,2 医用电子加速器,05-01-01,__import__.medical_device_category_05-01,通常由辐射头、机械手臂、立体定向装置、治疗床、治疗计划系统等组成。,用于患者肿瘤或其他病灶的立体定向放射治疗。,X射线立体定向放射外科治疗系统,Ⅲ
medical_device_category_05-01-01,3 医用电子加速器,05-01-01,__import__.medical_device_category_05-01,通常由可移动机架和电子直线加速器组成。,使用MeV级电子束开展术中放射治疗。,移动式电子束术中放射治疗系统,Ⅲ
medical_device_category_05-01-02,医用轻离子治疗系统,05-01-02,__import__.medical_device_category_05-01,通常由轻离子加速器与粒子传输系统、束流应用及监测系统、安全治疗控制系统、治疗室控制装置、成像器、治疗床等组成。其中轻离子指原子序数小于或等于氖（Z≤10）的离子种类。此处所指轻离子不包括电子，以便与医用电子加速器区别。,用于患者肿瘤或其他病灶的放射治疗。,质子治疗设备、碳离子治疗设备、质子/碳离子治疗设备、粒子治疗设备,Ⅲ
medical_device_category_05-01-03,医用X射线治疗设备,05-01-03,__import__.medical_device_category_05-01,通常由高压发生器、X射线组件、控制台、冷却系统等组成。通常指10kV～1MV X射线治疗设备。,用于浅中部肿瘤的放射治疗。,X射线放射治疗机、X射线放射治疗系统,Ⅲ
medical_device_category_05-01-04,1 伽玛射束远距离治疗机,05-01-04,__import__.medical_device_category_05-01,通常由机架、源容器、辐射头、治疗床、电气控制子系统等部分组成。,用于对肿瘤患者进行远距离放射治疗。,钴-60治疗机、钴-60远距离治疗机,Ⅲ
medical_device_category_05-01-04,2 伽玛射束远距离治疗机,05-01-04,__import__.medical_device_category_05-01,通常由主机、准直子系统、治疗床、立体定位组件、电气控制组件、治疗计划子系统等组成。,采用立体定向放射治疗技术，专门用于头部或（和）体部实体肿瘤的立体定向放射治疗。,钴-60头部旋转式伽玛（γ）射束放射治疗装置、立体定向伽玛（γ）射束全身治疗系统、伽玛射束（γ）立体定向回转聚焦放射治疗机、立体定向伽玛（γ）射束体部治疗系统、伽玛（γ）射束多源聚焦体部立体定向放射治疗系统、陀螺旋转式钴-60立体定向放射治疗系统、体部多源伽玛（γ）射束立体定向放射治疗系统、头部多源伽玛（γ）射束立体定向放射治疗系统,Ⅲ
medical_device_category_05-01-05,近距离后装治疗设备,05-01-05,__import__.medical_device_category_05-01,通常由储源器、驱动器、施源器、操作控制子系统、治疗计划子系统组成。,用于人体自然腔道或组织间病变的放射治疗。,自动控制式近距离治疗后装设备、伽玛（γ）射线遥控近距离治疗机、核素后装近距离放射治疗机、钴-60后装治疗机、铱-192后装治疗机、后装治疗机、后装机、γ射线遥控后装治疗机,Ⅲ
medical_device_category_05-01-06,放射性粒籽植入治疗系统,05-01-06,__import__.medical_device_category_05-01,通常由防护装置、图像引导装置、植入装置、治疗计划系统等组成。,用于肿瘤内粒籽植入放射治疗。,放射性粒籽植入枪、放射性粒籽植入器,Ⅲ
medical_device_category_05-02-01,放射治疗模拟系统,05-02-01,__import__.medical_device_category_05-02,通常由机架、治疗床、影像子系统（可以是多种成像方式）等组成。,用于模拟各类外照射放射治疗设备，确定放射治疗过程中被照射的病灶部位和治疗辐射野的位置、尺寸，为放射治疗设备的定位提供依据。,放射治疗模拟机、X线模拟定位机、模拟定位机,Ⅲ
medical_device_category_05-02-02,放射治疗用X射线图像引导系统,05-02-02,__import__.medical_device_category_05-02,通常由X射线成像装置、相关软件等组成。一般独立安装在治疗室内。,配合外照射设备，用于患者在放射治疗中的引导和位置验证。,X射线机载定位引导系统、图像引导监测定位系统、图像引导放射治疗定位系统、放射治疗图像引导系统,Ⅲ
medical_device_category_05-02-03,电子射野成像系统,05-02-03,__import__.medical_device_category_05-02,通常由正对于治疗射线束的射线探测单元、相关软件等组成。,配合外照射设备，通过采集射野图像，主要用于患者在放射治疗中的引导和位置验证。,电子射野成像装置、实时影像动态验证系统,Ⅲ
medical_device_category_05-02-04,超声影像引导系统,05-02-04,__import__.medical_device_category_05-02,通常由超声系统主机、凸阵探头、床位指示器套件、模体、工作站和服务器、软件等组成。,可将超声与CT图像配准融合，用于前列腺等图像引导放射治疗的支持与补充。,超声影像引导系统,Ⅲ
medical_device_category_05-02-05,电磁定位系统,05-02-05,__import__.medical_device_category_05-02,通常由植入人体靶区的信号发生装置、信号探测装置、控制台、支撑装置等组成。,配合外照射设备，用于患者在放射治疗中的定位和追踪。,放射治疗电磁定位系统,Ⅲ
medical_device_category_05-02-06,光学定位引导系统,05-02-06,__import__.medical_device_category_05-02,通常由光学发生装置、光学探测装置、摄像设备、控制台、支撑装置、软件等组成。,配合外照射设备，用于患者在放射治疗中的定位、追踪和监测。,放射治疗红外定位系统、放射治疗光学定位系统、患者定位系统、放射治疗患者定位系统、激光定位引导系统,Ⅲ
medical_device_category_05-03-01,X辐射放射治疗立体定向系统,05-03-01,__import__.medical_device_category_05-03,通常由立体定向装置、治疗计划软件、准直器、辅助装置等组成。,用于制定X射线立体定向放射治疗计划，并与直线加速器联合使用，进行立体定向放射治疗。,X辐射放射治疗立体定向系统、立体定向放射治疗计划系统,Ⅲ
medical_device_category_05-03-02,准直限束装置,05-03-02,__import__.medical_device_category_05-03,通常由准直器、适配装置、治疗计划系统等组成。与主机有安全联锁。,与医用直线加速器和钴-60机等外照射设备配套使用，用于放射治疗（放射外科）中对患者提供与靶区适形的辐射野，从而减少对周围正常组织和危及器官的照射。,多叶准直器、多叶光栅系统、动态多叶准直器、放射治疗用适形调强装置、立体定向锥形准直器、自动多叶准直器适形调强系统、微型多叶准直器,Ⅲ
medical_device_category_05-04-01,1 射线束扫描测量系统,05-04-01,__import__.medical_device_category_05-04,通常由水箱、控制单元、探测器、控制软件、电缆线等组成。,用于测量射线束在水中的吸收剂量分布和在空气中的比释动能分布，测量结果用于对放射治疗计划系统的数据配置和修改，及放射治疗设备的质量控制。,放射治疗用自动扫描水模体系统,Ⅱ
medical_device_category_05-04-01,2 射线束扫描测量系统,05-04-01,__import__.medical_device_category_05-04,通常由探测器阵列、测量控制系统、控制软件等组成。,用于测量放射治疗设备所执行的放射治疗计划的剂量分布，用于与计划系统的数据进行比较，比较结果作为计划系统验证和修改的依据。,放射治疗用射线束剂量探测器阵列装置,Ⅱ
medical_device_category_05-04-02,1 呼吸门控系统,05-04-02,__import__.medical_device_category_05-04,通常由呼吸监控装置、呼吸门控信号接口、计算机控制系统及其他附件组成。,用于追踪病人的呼吸模式，以便实施与呼吸同步的影像采集和放射治疗。也可以用于在图像采集、放射治疗模拟和放射治疗过程中对病人位置的监控。,呼吸门控系统,Ⅲ
medical_device_category_05-04-02,2 呼吸门控系统,05-04-02,__import__.medical_device_category_05-04,通常由呼吸监控装置、屏气控制开关、通讯接口、计算机控制系统及其他附件组成。,用于控制患者呼吸，最大程度的减少患者呼吸所引起的胸部和腹部的器官运动的影响，提高治疗过程中的靶区定位的准确性。,主动呼吸控制系统,Ⅲ
medical_device_category_05-04-03,放射治疗患者摆位系统,05-04-03,__import__.medical_device_category_05-04,通常由患者摆位床架、扩展床板、手控制器、启动开关板、电源盒、工作站、跟踪系统、参考框架、软件等组成。,用于放射治疗环境下的患者精确摆位。,放射治疗患者摆位系统,Ⅲ
medical_device_category_05-04-04,施源器,05-04-04,__import__.medical_device_category_05-04,通常由塑料、金属、碳纤维等材料制成的导管、针、固定装置等组成。不包括放射源。,与近距离后装治疗设备配合使用，用于为人体自然腔道或组织间等部位近距离放射治疗提供通道。,阴道施源器,Ⅲ
medical_device_category_05-04-05,治疗机用X射线管,05-04-05,__import__.medical_device_category_05-04,通常管电压在10kV～1MV ，可长时间连续工作的X射线管。,用于装配至X射线治疗设备的管组件内。,治疗用固定阳极X射线管,Ⅱ
medical_device_category_05-04-06,放射治疗激光定位系统,05-04-06,__import__.medical_device_category_05-04,通常由多个固定或移动式激光灯等组成。,用于不同类型放射治疗及定位设备的坐标指示。,激光定位系统、激光定位器,Ⅱ
medical_device_category_05-04-07,放射性粒籽防护植入器,05-04-07,__import__.medical_device_category_05-04,通常由防护件、附件等组成。,配合一次性使用粒籽和输送穿刺针使用，用于对操作者及其他周边人群的防护。,放射性粒籽植入防护枪、放射性粒籽防护植入器,Ⅱ
medical_device_category_05-04-08,1 放射治疗患者用固定装置,05-04-08,__import__.medical_device_category_05-04,通常由带有头垫和前片的框架、牙垫、热塑性面膜、真空垫、患者控制单元、适配器、立体定向框架、重复定位检查工具等组成。,用于直线加速器环境下的立体定向放射治疗过程，对头部进行固定、定位和重新定位，也可用于直线加速器环境中的立体定向放射外科治疗。本产品不可与MRI和伽玛射束立体定向放射治疗系统配合使用。,患者固定框架,Ⅱ
medical_device_category_05-04-08,2 放射治疗患者用固定装置,05-04-08,__import__.medical_device_category_05-04,通常由带有头垫和前片的框架、牙垫、真空垫、患者控制单元、适配器、指示器、重复定位检查工具等组成。,用于伽玛射束立体定向放射治疗系统环境下提供靶点定位（空间参考），以及将患者的头部固定在制定的几何坐标处，辅助患者重复固定和重复定位。本产品不可与MRI和医用电子直线加速器配合使用。,患者固定框架,Ⅱ
medical_device_category_05-04-08,3 放射治疗患者用固定装置,05-04-08,__import__.medical_device_category_05-04,一般采用热塑性材料制成。,用于放射治疗过程中患者定位和固定。,热塑膜、热塑板、乳腺热塑板、体部热塑板、头颈肩热塑板、面部热塑板、低温热塑板、热塑固定板、定位膜、人体定位垫,Ⅰ
medical_device_category_05-04-08,4 放射治疗患者用固定装置,05-04-08,__import__.medical_device_category_05-04,通常由袋体、填充泡沫颗粒和气嘴等组成。抽真空可成形。,用于放射治疗过程中患者定位和固定。,真空负压固定垫、负压定位垫、医用负压固定垫、真空垫、放射治疗用患者体位固定袋、人体定位袋,Ⅰ
medical_device_category_05-04-08,5 放射治疗患者用固定装置,05-04-08,__import__.medical_device_category_05-04,通常由射线辐射衰减率较小的材料制成的底板、定位孔/销、支撑或固定架等组成。,用于放射治疗过程中患者定位和固定。,放射治疗托架、放射治疗定位装置、乳腺放射治疗托架、头肩固定架、头颈固定架、乳腺照射固定架、头颅放射治疗定位装置、人体固定架、放疗体位固定托架,Ⅰ
medical_device_category_05-04-08,6 放射治疗患者用固定装置,05-04-08,__import__.medical_device_category_05-04,通常由基层贴、胶粘剂、球体或贴纸、保护层、固定层等组成。,用于放射治疗过程中标识被照射的病灶部位。,放射治疗定位球、放射治疗定位贴,Ⅰ
medical_device_category_06-01-01,血管造影X射线机,06-01-01,__import__.medical_device_category_06-01,通常由X射线发生装置、数字化影像接收装置、图像信息分析、显示系统和导管床组成。,用于对心、脑血管和周围血管等进行造影检查和介入治疗时获得影像供临床诊断用。,血管造影X射线机,Ⅲ
medical_device_category_06-01-02,泌尿X射线机,06-01-02,__import__.medical_device_category_06-01,通常由X射线发生装置、图像显示系统、专用泌尿床组成。X射线透视摄影设备。,用于泌尿科、妇科、胃肠道等X射线透视和摄影，获得影像供临床诊断用。,泌尿X射线机,Ⅱ
medical_device_category_06-01-03,1 乳腺X射线机,06-01-03,__import__.medical_device_category_06-01,通常由机架、X射线发生装置、乳腺压迫器、影像接收装置组成。可能带有活检穿刺立体定位装置。数字化产品还带有工作站和显示系统。一般采用钼或铑等材料制X射线管靶面。使用较低的管电压形成低能量的X射线进行摄影。,用于对人体乳腺组织摄影，带有活检穿刺立体定位和/或数字化体层成像功能，获得影像供临床诊断用。,乳腺X射线机、数字化乳腺X射线机,Ⅲ
medical_device_category_06-01-03,2 乳腺X射线机,06-01-03,__import__.medical_device_category_06-01,通常由机架、X射线发生装置、乳腺压迫器、影像接收装置组成。可能带有活检穿刺立体定位装置。数字化产品还带有工作站和显示系统。一般采用钼或铑等材料制X射线管靶面。使用较低的管电压形成低能量的X射线进行摄影。,用于对人体乳腺组织摄影，获得影像供临床诊断用。,乳腺X射线机、数字化乳腺X射线机,Ⅱ
medical_device_category_06-01-03,3 乳腺X射线机,06-01-03,__import__.medical_device_category_06-01,通常由X射线发生装置、影像接收器、影像处理和显示系统组成。利用锥形束投照计算机重组体层成像（CBCT）原理成像。,用于对人体乳腺组织数字化体层成像，供临床诊断用。,乳腺数字化体层摄影X射线机、乳腺锥形束计算机体层摄影设备,Ⅲ
medical_device_category_06-01-04,1 口腔X射线机,06-01-04,__import__.medical_device_category_06-01,通常由X射线发生装置、狭缝光阑和口外影像接收器组成。X射线发生装置和口外影像接收器之间相对运动。,用于口腔颌面部（包括如上下颌骨、上颌窦、颞下颌关节及牙齿部位）的曲面断层成像，可能带有头颅侧位成像功能，供临床诊断用。,口腔全景X射线机、口腔颌面全景X射线机,Ⅱ
medical_device_category_06-01-04,2 口腔X射线机,06-01-04,__import__.medical_device_category_06-01,通常由X射线发生装置、口外影像接收器、影像处理软件组成。成像时，X射线束围绕患者的颌面部运动获取平面图像，通过平面图像进行三维重建获得体层影像的口腔颌面部诊断X射线摄影系统。,用于口腔颌面部的组织结构的数字化体层成像，可能带有口腔全景、头颅侧位成像功能，供临床诊断用。,口腔数字化体层摄影X射线机、口腔颌面锥形束计算机体层摄影设备,Ⅲ
medical_device_category_06-01-04,3 口腔X射线机,06-01-04,__import__.medical_device_category_06-01,通常由X射线发生装置及其支撑部件组成。配合口内影像接收器使用。,用于对牙齿进行X射线摄影，获得影像供临床诊断用。,牙科X射线机、数字化牙科X射线机,Ⅱ
medical_device_category_06-01-05,1 透视摄影X射线机,06-01-05,__import__.medical_device_category_06-01,通常由X射线发生装置、图像显示系统、患者支撑装置组成，有的配有专用胃肠床、压迫器、点片装置、体层摄影装置等，是用于辅助胃肠诊断，兼有摄影和透视功能的X射线设备。使用时一般通过透视动态图像锁定感兴趣区，而后用较大剂量摄影得到该区域清晰的静态图像。,用于常规、胃肠道透视摄影检查，且带有数字减影血管造影和/或数字化体层摄影功能，获得影像供临床诊断用。,透视摄影X射线机、数字化透视摄影X射线机、胃肠X射线机、医用诊断X射线透视摄影系统,Ⅲ
medical_device_category_06-01-05,2 透视摄影X射线机,06-01-05,__import__.medical_device_category_06-01,通常由X射线发生装置、图像显示系统、患者支撑装置组成，有的配有专用胃肠床、压迫器、点片装置、体层摄影装置等，是用于辅助胃肠诊断，兼有摄影和透视功能的X射线设备。使用时一般通过透视动态图像锁定感兴趣区，而后用较大剂量摄影得到该区域清晰的静态图像。,用于常规、胃肠道透视摄影检查，可带有泌尿摄影功能，获得影像供临床诊断用。,泌尿透视摄影X射线机,Ⅱ
medical_device_category_06-01-06,1 移动式C形、G形、O形臂X射线机,06-01-06,__import__.medical_device_category_06-01,通常由移动式C形（或O形、G形）臂支架、X射线发生装置、影像增强器电视系统或数字平板探测器成像系统等组成。,用于外科手术透视及摄影，且带有数字化体层摄影和/或数字减影血管造影功能，获得影像供临床诊断用。,移动式C形臂X射线机、移动式O形臂X射线机、移动式G形臂X射线机,Ⅲ
medical_device_category_06-01-06,2 移动式C形、G形、O形臂X射线机,06-01-06,__import__.medical_device_category_06-01,通常由移动式C形（或O形、G形）臂支架、X射线发生装置、影像增强器电视系统或数字平板探测器成像系统等组成。,用于外科手术透视及摄影，获得影像供临床诊断用。,移动式C形臂X射线机、移动式O形臂X射线机、移动式G形臂X射线机,Ⅱ
medical_device_category_06-01-07,摄影X射线机,06-01-07,__import__.medical_device_category_06-01,通常由X射线发生装置和摄影X射线附属设备组成。数字化系统还带X射线探测器及其影像系统。利用从X射线管发射出的X射线穿过患者身体不同组织和器官时对射线衰减不同的原理，将穿过患者且携带足够信息的X射线投射到成像介质上所形成的影像，转化为可见的平面灰度影像的通用X射线设备。,用于对患者的常规摄影，获得单幅影像供临床诊断用。,摄影X射线机、数字化摄影X射线机、移动式摄影X射线机、数字化移动式摄影X射线机,Ⅱ
medical_device_category_06-01-08,透视X射线机,06-01-08,__import__.medical_device_category_06-01,通常由X射线发生装置、荧光屏或电视系统或动态探测器等影像接收装置组成，可能带有患者支撑装置等。利用人体不同组织和器官对射线衰减不同的原理，通过对X射线源的连续加载，在成像介质上转化为动态影像的通用X射线设备。,用于对患者的常规透视，获得连续影像供临床诊断用。,透视X射线机、数字化透视X射线机,Ⅱ
medical_device_category_06-01-09,X射线骨密度仪,06-01-09,__import__.medical_device_category_06-01,通常由X射线发生装置、探测器、信息分析和显示系统组成，还可能带有患者支撑装置。根据不同密度的骨骼和组织对X射线的吸收程度不同，将接收到的带有人体信息的数字信号输入计算机进行分析得出骨密度的结果。,用于通过对人体的X射线衰减测量，评估患者骨骼及邻近组织的骨密度和矿物质含量，供临床诊断用。,X射线骨密度仪、双能X射线骨密度仪,Ⅱ
medical_device_category_06-01-10,车载X射线机,06-01-10,__import__.medical_device_category_06-01,安装在可移动运输工具上的X射线机，有透视和/或摄影功能。,用于机动条件下，在远离医院的现场开展X射线透视、摄影诊断检查。,车载X射线机,Ⅱ
medical_device_category_06-01-11,携带式X射线机,06-01-11,__import__.medical_device_category_06-01,通常由X射线源组件、影像接收装置等组成。在使用时或使用的间隔期间，可由一个人或几个人携着从一个地方移到另一个地方的X射线机。,用于对四肢或其他衰减度较小的身体部位组织进行X射线成像，供临床诊断用。,携带式X射线机、微型X射线机,Ⅱ
medical_device_category_06-01-12,肢体数字化体层摄影X射线机,06-01-12,__import__.medical_device_category_06-01,通常由X射线发生装置、影像接收器、影像处理和显示系统组成。利用锥形束投照计算机重组体层成像（CBCT）原理成像。,用于四肢部位组织结构的数字化体层成像，供临床诊断用。,肢体数字化体层摄影X射线机、肢体锥形束计算机体层摄影设备,Ⅲ
medical_device_category_06-02-01,X射线计算机体层摄影设备（CT）,06-02-01,__import__.medical_device_category_06-02,通常由扫描架、X射线发生装置、探测器、图像处理系统和患者支撑装置组成。,用于对从多方向穿过患者的X射线信号进行计算机处理，为诊断提供重建影像，或为放射治疗计划提供图像数据。,X射线计算机体层摄影设备、头部X射线计算机体层摄影设备、移动式X射线计算机体层摄影设备、车载X射线计算机体层摄影设备,Ⅲ
medical_device_category_06-03-01,X 射线高压发生器,06-03-01,__import__.medical_device_category_06-03,通常由高压变压器组件和高压控制器组成。X射线机的主要部件，控制和产生供X射线管工作的电能。,装配于诊断X射线机，为X射线管组件提供电能，以产生X射线。,X射线高压发生器,Ⅱ
medical_device_category_06-03-02,X射线管,06-03-02,__import__.medical_device_category_06-03,X射线机的主要部件，通过施加在X射线管阴极和阳极之间的高电压，使阴极表面上的游离电子撞击阳极，产生X射线。通过控制加载时间和电压电流，达到不同的医疗诊断目的。,装配于X射线管套内使用。,固定阳极X射线管、旋转阳极X射线管,Ⅱ
medical_device_category_06-03-03,X射线管组件,06-03-03,__import__.medical_device_category_06-03,通常由X射线管及管套组成。管套内装满高压绝缘油并密封，实现绝缘和热交换的目的。,装配于诊断X射线机，将来自于高压发生器的高压加在X射线管组件上，产生X射线。,X射线管组件、医用诊断X射线管组件,Ⅱ
medical_device_category_06-03-04,限束装置,06-03-04,__import__.medical_device_category_06-03,通过限制X射线初级线束的几何形状以限制设备的辐射野。,装配于X射线管组件的出线口处，限制X射线的辐射野。,X射线限束器,Ⅱ
medical_device_category_06-04-01,X射线影像增强器、X射线影像增强器电视系统,06-04-01,__import__.medical_device_category_06-04,X射线影像增强器电视系统通常由X射线影像增强器、光学系统、摄像机信号处理系统及影像显示装置组成，将X射线图像转换成相应的可见光影像的系统。影像增强器是将携带患者信息的X射线信号转换为可见光图像的光电真空管。,装配于诊断X射线机，用于将X射线图像转换成可见光图像。,X射线影像增强器、X射线影像增强器电视系统,Ⅱ
medical_device_category_06-04-02,X射线探测器、X射线探测器及其影像系统,06-04-02,__import__.medical_device_category_06-04,X射线探测器（包括平板探测器或光电耦合器（CCD）探测器等）采用特定的光电转换介质将穿过人体的X射线信号转化为数字信号。影像系统一般包括图像传输，处理和显示系统。,装配于或配合诊断X射线机，用于将X射线信号转化为数字信号。,X射线平板探测器、X射线CCD探测器、X射线动态平板探测器、数字化X射线成像系统、牙科数字化X射线成像系统、口腔数字化X射线成像系统、X射线平板探测器及其影像系统,Ⅱ
medical_device_category_06-04-03,X射线摄影用影像板成像装置（CR）,06-04-03,__import__.medical_device_category_06-04,通常由影像板、激光扫描装置等组成。采用影像板对来自人体的X射线信息进行收集并形成潜影，通过激光扫描读取存储在影像板中的信息并送入计算机进行存储、处理和显示。,配合诊断X射线机，用于实现数字化图像的显示、存储和传输等。,X射线摄影用影像板成像装置、影像板扫描仪、牙科影像板扫描仪,Ⅱ
medical_device_category_06-04-04,X射线感光胶片,06-04-04,__import__.medical_device_category_06-04,片基上敷感光材料涂层，X射线照射后，经显影、定影冲洗过程，得到X射线摄影图像。,用于X射线直接摄影。,X射线胶片、牙科X射线胶片、X射线感蓝胶片、X射线感绿胶片、医用X射线胶片,Ⅰ
medical_device_category_06-04-05,医用增感屏,06-04-05,__import__.medical_device_category_06-04,利用X射线激发屏中的荧光体发出荧光，增强胶片的感光作用，从而可以大大减少X射线曝光剂量。,一般在直接X射线摄影中使用，多置于摄影暗盒中。,医用增感屏、钨酸钙中速增感屏、硫氧化钆高速增感屏、氟氯化钡铕高速增感屏、医用中速增感屏、医用高速增感屏、极光增感屏、增感纸、钨酸钙中速医用增感屏、牙用增感屏,Ⅰ
medical_device_category_06-04-06,透视荧光屏,06-04-06,__import__.medical_device_category_06-04,通常由高纯度硫化物荧光物质和支承体（纸基）组成。将X射线信号直接转化成可见光信号。,用于常规X射线透视检查。,X射线透视荧光屏、医用透视荧光屏、医用诊断X射线透视荧光屏,Ⅰ
medical_device_category_06-04-07,影像板,06-04-07,__import__.medical_device_category_06-04,受到X射线照射后形成潜影，再经过扫描转化成数字信号，进入计算机进行图像处理。,装配于传统X射线（胶片采集）诊断系统，配合 X射线摄影用影像板成像装置（CR）使用。,影像板、牙科影像板、影像板及暗盒、IP板、影像IP板,Ⅰ
medical_device_category_06-05-01,透视摄影床,06-05-01,__import__.medical_device_category_06-05,通常由床体、点片装置、遥控操作装置和/或近台操作装置等组成。,用于胃肠X射线检查，配合胃肠X射线机使用。,透视摄影床、X射线胃肠诊断床,Ⅱ
medical_device_category_06-05-02,导管床,06-05-02,__import__.medical_device_category_06-05,通常为单臂支撑，床面板一般采用碳纤维等材料。在与 C臂、U臂等介入手术X射线设备组合进行多方向摄影时，视野不受妨碍。,用于普通介入治疗和数字减影血管造影（DSA），配合血管造影X射线设备使用。,导管床、介入手术台,Ⅱ
medical_device_category_06-05-03,1 X射线摄影患者支撑装置,06-05-03,__import__.medical_device_category_06-05,患者支撑装置。可电动平移、转动等。,用于X射线摄影成像中对患者的支撑。,电动摄影平床,Ⅱ
medical_device_category_06-05-03,2 X射线摄影患者支撑装置,06-05-03,__import__.medical_device_category_06-05,患者支撑装置。只可手动平移、转动等。,用于X射线摄影成像中对患者的支撑。,摄影平床、X射线摄影床、移动式X射线检查支架、手动摄影平床、手动X射线摄影平床,Ⅰ
medical_device_category_06-05-04,1 悬吊、支撑装置,06-05-04,__import__.medical_device_category_06-05,通常由基座、立柱、支撑臂或悬吊架及导轨等部件组成。可电动平移，转动等。,用于X射线源组件、影像接收装置等部件的悬吊、支撑。,立式摄影架、电动立式摄影架,Ⅱ
medical_device_category_06-05-04,2 悬吊、支撑装置,06-05-04,__import__.medical_device_category_06-05,通常由基座、立柱、支撑臂或悬吊架及导轨等部件组成。只可手动平移，转动等。,用于X射线源组件、影像接收装置等部件的悬吊、支撑。,立式摄影架,Ⅰ
medical_device_category_06-05-04,3 悬吊、支撑装置,06-05-04,__import__.medical_device_category_06-05,通常由固定架组成。可能带有套袋，套袋非无菌提供。,用于医疗机构作口腔科X射线胶片摄影时夹持、固定牙片或数码影像采集器使用。,口腔X射线摄影固定支架、口腔X射线摄片架,Ⅰ
medical_device_category_06-05-05,1 造影剂注射装置,06-05-05,__import__.medical_device_category_06-05,通常由外套、活塞和活塞密封圈组成，附件包括连接管、吸药管等。,与高压注射器配套使用。,高压注射器针筒、造影剂高压注射器针筒、一次性使用高压注射器针筒、高压注射连接管,Ⅲ
medical_device_category_06-05-05,2 造影剂注射装置,06-05-05,__import__.medical_device_category_06-05,通常由注射机头，控制部分等组成。通过向人体血管内注入造影剂获得清晰的血管影像。,与高压注射器针筒及附件配套使用。用于X射线造影、CT成像时，造影剂的注入。,高压注射器、造影剂高压注射器、输卵管造影通液给药系统、椎间盘造影注射器,Ⅱ
medical_device_category_06-05-06,防散射滤线栅,06-05-06,__import__.medical_device_category_06-05,通常由铅条、介质等组成。放置于影像接收面之前，以减少辐射到影像接收面上的散射辐射，从而改善X射线影像对比度的一种装置。,配合X射线机使用，用于增加X射线影像的对比度。,防散射滤线栅、乳腺防散射滤线栅,Ⅰ
medical_device_category_06-05-07,1 X射线摄影暗盒,06-05-07,__import__.medical_device_category_06-05,承装X射线摄影胶片等的装置，带有滤线栅，按照不同应用分为不同尺寸。,用于承装X射线摄影胶片。,暗盒、X射线摄影暗盒、暗匣、成像板暗盒、X射线摄影暗匣,Ⅱ
medical_device_category_06-05-07,2 X射线摄影暗盒,06-05-07,__import__.medical_device_category_06-05,承装X射线摄影胶片等的装置，按照不同应用分为不同尺寸。,用于承装X射线摄影胶片。,暗盒、X射线摄影暗盒、暗匣、成像板暗盒、X射线摄影暗匣,Ⅰ
medical_device_category_06-05-08,X射线胶片显影剂、定影剂,06-05-08,__import__.medical_device_category_06-05,使胶片经曝光后产生的潜影显现成可见影像的药剂。,用于曝光后载有患者信息的X射线胶片的显影和定影。,X射线胶片显影液、定影液、X射线胶片定影液、X射线胶片显影粉、X射线胶片定影粉,Ⅰ
medical_device_category_06-05-09,胶片观察装置,06-05-09,__import__.medical_device_category_06-05,通常由光源、观察屏、箱体及必要的附件组成，分为单联、双联、多联等。通过将胶片放置在具有一定亮度的观察屏上的方式，提高观片的清晰度。,用于观察医用诊断胶片。,医用观片灯、X射线胶片观片灯、X射线胶片观片仪、X射线胶片观片灯箱,Ⅰ
medical_device_category_06-05-10,X射线胶片自动洗片机,06-05-10,__import__.medical_device_category_06-05,可以自动完成从胶片传送、药液循环、药液补充、药液温度控制、显影时间控制，到水洗干燥等一系列使胶片显示可见影像的环节。,用于冲洗X射线胶片。,X射线胶片洗片机、医用X射线胶片冲洗机,Ⅰ
medical_device_category_06-05-11,患者体位固定装置,06-05-11,__import__.medical_device_category_06-05,通常由托架、固定装置、支撑臂、支撑装置和挡板组成。,用于股动脉介入手术、血管造影手术中固定腿部或放射诊断中患者体位的固定。仅具有固定支撑作用。,患者体位固定带、固定架、固定板、真空固定垫、股动脉穿刺用体位固定架,Ⅰ
medical_device_category_06-05-12,1 穿刺定位引导装置,06-05-12,__import__.medical_device_category_06-05,通常由运动模块和控制软件组成。,配合乳腺X射线摄影系统使用，用于对乳腺病灶进行定位引导穿刺。,乳腺摄影立体定位装置、乳腺活检定位装置,Ⅲ
medical_device_category_06-05-12,2 穿刺定位引导装置,06-05-12,__import__.medical_device_category_06-05,通常由运动模块、控制部分、计算机系统组成。依据CT图像信息，由临床医师确认入针角度。,用于CT等成像系统下定位引导穿刺。,数控穿刺引导仪、自动穿刺引导仪,Ⅲ
medical_device_category_06-05-12,3 穿刺定位引导装置,06-05-12,__import__.medical_device_category_06-05,通常由定位座、旋转件、固定穿刺针装置等组成。,用于CT等成像系统下定位引导穿刺。,经皮穿刺角度定位器、一次性使用穿刺导入固定器,Ⅱ
medical_device_category_06-05-12,4 穿刺定位引导装置,06-05-12,__import__.medical_device_category_06-05,具有刻度数值的立体定位装置，依靠水平仪等确定平面，利用量角器等刻度数值，达到角度定位目的。非无菌提供。,用于临床辅助引导靶点定位穿刺。,一次性使用导向器、一次性使用CT定位穿刺角度引导器,Ⅰ
medical_device_category_06-05-12,5 穿刺定位引导装置,06-05-12,__import__.medical_device_category_06-05,通常由粘接部分和显影部分组成。非无菌提供。,用于医用成像器械成像时，体外定位使用。,医学图像体外定位贴、X线摄片乳头定位贴、一次性使用影像定位材料,Ⅰ
medical_device_category_06-05-12,6 穿刺定位引导装置,06-05-12,__import__.medical_device_category_06-05,通常由硅胶片、压敏胶和隔离膜组成。不含药物成分。产品非无菌提供。使用时不接触粘膜、非完好皮肤和新生儿。,用于医用成像器械成像时，体外定位使用。,医用成像体外定位标记贴,Ⅰ
medical_device_category_06-05-12,7 穿刺定位引导装置,06-05-12,__import__.medical_device_category_06-05,通常由无纺布、PE膜、PU膜、防粘纸、平布、丝绸、压敏胶和硫酸钡显影线组成。在定位扫描前，将产品贴附在病变部位体表上进行CT扫描，在所得到的图像中，病变部位显示出栅栏定位器的点状高密度影。,用于CT引导下经皮穿刺定位。,显影胶带,Ⅰ
medical_device_category_06-05-13,静脉尿路造影腹压器,06-05-13,__import__.medical_device_category_06-05,通常由压迫装置、捆绑收紧装置等组成。,用于X射线静脉尿路造影时体外压迫，阻止造影剂通过输尿管流到膀胱。,静脉尿路造影腹压器、静脉尿路造影腹压带,Ⅰ
medical_device_category_06-05-14,1 胃肠X射线检查用品,06-05-14,__import__.medical_device_category_06-05,通常由胶囊及内容标记物组成。胶囊一般由羟丙甲纤维素制成，内容标记物主要由添加硫酸钡的聚氯乙烯材料等制成。非无菌提供。,用于对胃肠功能性紊乱等疾病进行诊断或疗效评估。,胃肠动力标记物胶囊,Ⅲ
medical_device_category_06-05-14,2 胃肠X射线检查用品,06-05-14,__import__.medical_device_category_06-05,无色透明，均匀液体，无结块。成分通常为食用级液体石蜡、添加剂、纯化水等。CT值一般为200HU±50HU。,用于CT胃肠道造影显像。,胃肠道造影显像剂,Ⅱ
medical_device_category_06-05-14,3 胃肠X射线检查用品,06-05-14,__import__.medical_device_category_06-05,通常由结肠充气机主机和充气管路和气囊充气装置等附件组成。向结肠内注入二氧化碳气体，保持结肠处于充盈状态，并使之维持在指定气压。,配合X射线机、CT等使用，向结肠内注入二氧化碳气体。,结肠充气机,Ⅱ
medical_device_category_06-06-01,1 医用射线防护用具,06-06-01,__import__.medical_device_category_06-06,通常由铅橡胶、铅橡塑、铅玻璃或其它含重金属元素的防护材料片组成。,用于进行放射治疗时对人体的防护。,医用射线防护服、医用射线防护手套、医用射线防护裙、防辐射衣、防辐射帽、防辐射裙、防辐射围领、医用射线防护眼镜、医用射线防护帘、医用射线性腺防护帘、防护玻璃板、医用射线防护面罩、防辐射背心、医用射线防护玻璃板、乳腺防护罩、医用射线防护方巾、牙科用防护裙、射线防护护臂、医用X射线防护用具,Ⅱ
medical_device_category_06-06-01,2 医用射线防护用具,06-06-01,__import__.medical_device_category_06-06,通常由铅橡胶、铅橡塑、铅玻璃或其它含重金属元素的防护材料片组成。,用于进行放射诊断时对人体的防护。,医用射线防护服、医用射线防护手套、医用射线防护裙、防辐射衣、防辐射帽、防辐射裙、防辐射围领、医用射线防护眼镜、医用射线防护帘、医用射线性腺防护帘、防护玻璃板、医用射线防护面罩、防辐射背心、医用射线防护玻璃板、乳腺防护罩、医用射线防护方巾、牙科用防护裙、射线防护护臂、医用X射线防护用具,Ⅰ
medical_device_category_06-06-02,医用射线防护装置,06-06-02,__import__.medical_device_category_06-06,通常由含铅等重金属元素的防护材料和悬挂、支撑机械装置组成。,用于进行放射诊断时对人体的防护。,射线防护椅、射线防护屏风、铅屏风、X射线防护装置、医用X射线立式摄片架防护装置、医用射线防护悬吊屏风、医用射线防护系统、X射线防护舱、医用射线防护屏、医用X射线悬挂防护服装置、移动式床旁X射线机防护装置,Ⅰ
medical_device_category_06-07-01,1 超声脉冲回波成像设备,06-07-01,__import__.medical_device_category_06-07,通常由探头（相控阵、线阵、凸阵、机械扇扫、三维探头、内窥镜探头等）、超声波发射/接收电路、信号处理和图像显示等部分组成的设备。利用超声脉冲回波原理，完成人体器官组织的成像。,运用超声成像原理，对人体组织（如腹部等）或器官（如心脏等）进行成像供诊断使用。其中探头可经食道、血管内、术中经人体内部组织，和/或用于超声导航等领域。,超声诊断系统、超声诊断仪、内镜超声诊断仪、血管内超声诊断系统、血管内超声诊断仪,Ⅲ
medical_device_category_06-07-01,2 超声脉冲回波成像设备,06-07-01,__import__.medical_device_category_06-07,通常由探头（相控阵、线阵、凸阵、机械扇扫、三维探头、内窥镜探头等）、超声波发射/接收电路、信号处理和图像显示等部分组成的设备。利用超声脉冲回波原理，完成人体器官组织的成像。,运用超声成像原理，对人体组织（如腹部等）或器官（如心脏等）进行成像供诊断使用。其中探头经体表、直肠和阴道。,超声诊断系统、超声诊断仪、鼻窦超声诊断仪、便携式超声诊断仪、超声膀胱扫描仪、皮肤超声诊断系统、全数字超声诊断系统、全数字超声诊断仪、推车式超声诊断仪、医用超声影像处理器、掌上超声诊断仪,Ⅱ
medical_device_category_06-07-02,1 超声回波多普勒成像设备,06-07-02,__import__.medical_device_category_06-07,通常由探头（相控阵、线阵、凸阵、机械扇扫、三维探头、内窥镜探头等）、超声波发射/接收电路、信号处理和图像显示等部分组成。利用超声多普勒技术和超声回波原理，同时进行采集血流运动、组织运动信息和人体器官组织成像的设备。,用于超声成像、测量与血流运动信息采集供临床超声诊断检查使用。其中探头可经食道、血管内、术中经人体内部组织，和/或用于超声导航等领域。,彩色超声诊断系统、彩色超声诊断仪、彩色多普勒超声诊断系统、全数字彩色超声诊断仪、彩色多普勒超声诊断仪、便携式彩色超声诊断仪、便携式彩色多普勒超声诊断系统、全数字彩色超声诊断系统,Ⅲ
medical_device_category_06-07-02,2 超声回波多普勒成像设备,06-07-02,__import__.medical_device_category_06-07,通常由探头（相控阵、线阵、凸阵、机械扇扫、三维探头、内窥镜探头等）、超声波发射/接收电路、信号处理和图像显示等部分组成。利用超声多普勒技术和超声回波原理，同时进行采集血流运动、组织运动信息和人体器官组织成像的设备。,用于超声成像与血流运动信息采集，对人体组织（如腹部等）或器官（如心脏等）进行成像供诊断使用。其中探头经体表、直肠和阴道。,彩色超声诊断系统、彩色超声诊断仪、彩色多普勒超声诊断系统、全数字彩色超声诊断仪、彩色多普勒超声诊断仪、便携式彩色超声诊断仪、便携式彩色多普勒超声诊断系统、全数字彩色超声诊断系统,Ⅱ
medical_device_category_06-08-01,1 超声耦合剂,06-08-01,__import__.medical_device_category_06-08,超声诊断或治疗操作中，充填或涂敷于皮肤-黏膜与探头（或治疗头）辐射面之间，用于透射声波的中介媒质。,用于改善探头与患者之间的超声耦合效果。包括术中超声、穿刺活检等侵入性操作，经直肠、经阴道、经食管等接触粘膜的操作，及对非完好皮肤和新生儿进行的操作。,医用超声耦合剂、超声耦合剂,Ⅱ
medical_device_category_06-08-01,2 超声耦合剂,06-08-01,__import__.medical_device_category_06-08,超声诊断或治疗操作中，充填或涂敷于皮肤与探头（或治疗头）辐射面之间，用于透射声波的中介媒质，不具备消毒功能，非无菌产品。,改善探头与患者之间的超声耦合效果，用于完好皮肤上。,医用超声耦合剂、超声耦合剂,Ⅰ
medical_device_category_06-08-02,1 超声耦合垫,06-08-02,__import__.medical_device_category_06-08,超声诊断或治疗操作中，充填或涂敷于皮肤与探头（或治疗头）辐射面之间，用于透射声波的中介媒质，不具备消毒功能，非无菌产品。,用于改善探头与患者之间的超声耦合效果。包括术中超声、穿刺活检等侵入性操作，经直肠、经阴道、经食管等接触粘膜的操作，及对非完好皮肤和新生儿进行的操作。,超声贴片、一次性使用治疗超声垫片,Ⅱ
medical_device_category_06-08-02,2 超声耦合垫,06-08-02,__import__.medical_device_category_06-08,通常由水基凝胶块及其外包装组成。非无菌产品。,改善探头与患者之间的超声耦合效果。用于完好皮肤上。,超声贴片、一次性使用治疗超声垫片、医用超声耦合贴片、卡套式超声耦合贴片、医用超声耦合套,Ⅰ
medical_device_category_06-08-03,超声水囊,06-08-03,__import__.medical_device_category_06-08,通常为全乳胶材料（或类似特性材料），包含脱气水。,使用时将水囊套入超声探头，用于提高对人体浅表部位检查的清晰度，便于手术中检查和直肠内检查。,超声水囊、超声内窥镜专用水囊、内镜超声探头用附件-水囊,Ⅱ
medical_device_category_06-08-04,1 超声探头,06-08-04,__import__.medical_device_category_06-08,通常由超声换能器和/或超声换能器阵元组，及不可缺少的部分诸如声透镜、壳体、电缆线等构成的组件。探头通常是可以和与超声设备主机相分离的，又称为超声换能器组件。超声探头通常按照预期用途和/或结构形式进行分类。,配合超声影像设备使用，经食道、血管内、术中经人体内部组织使用，和/或用于手术导航领域，实现人体组织成像功能。,术中电子线阵超声探头、术中电子相控阵超声探头、经食道电子相控阵超声探头、内镜用超声探头,Ⅲ
medical_device_category_06-08-04,2 超声探头,06-08-04,__import__.medical_device_category_06-08,通常由超声换能器和/或超声换能器阵元组，及不可缺少的部分诸如声透镜、壳体、电缆线等构成的组件。探头通常是可以和与超声设备主机相分离的，又称为超声换能器组件。超声探头通常按照预期用途和/或结构形式进行分类。,配合超声影像设备使用，经体表、阴道和直肠使用，实现人体组织成像功能。,电子凸阵扇扫超声探头、电子相控阵超声探头、线阵超声探头、凸阵超声探头、电子凸阵超声探头、电子线阵超声探头、直肠镜用多普勒超声探头、医用超声探头、超声探头,Ⅱ
medical_device_category_06-08-05,1 超声探头穿刺架,06-08-05,__import__.medical_device_category_06-08,通常安装在超声探头上，在超声的引导下将穿刺针引导到人体的目标位置。无菌提供。,配合腔内或体外超声探头使用，用于使用超声诊断设备实现细胞学检测、组织学检测、囊肿抽吸和治疗等。,超声探头穿刺架,Ⅱ
medical_device_category_06-08-05,2 超声探头穿刺架,06-08-05,__import__.medical_device_category_06-08,通常安装在超声探头上，在超声的引导下将穿刺针引导到人体的目标位置。非无菌提供。,配合腔内或体外超声探头使用，用于使用超声诊断设备实现细胞学检测、组织学检测、囊肿抽吸和治疗等。,超声探头穿刺架,Ⅰ
medical_device_category_06-08-06,胃肠超声显像粉,06-08-06,__import__.medical_device_category_06-08,通常由可食用的主料和配料组成。提高受检脏器（胃肠）超声影像的清晰度。,用于辅助对人体胃肠及其周围器官的超声诊断。,速溶胃肠超声助显剂,Ⅱ
medical_device_category_06-09-01,永磁型磁共振成像系统,06-09-01,__import__.medical_device_category_06-09,通常由永磁型磁体、梯度系统、射频系统、射频线圈、谱仪、工作站计算机系统、患者支撑装置等组成。,用于临床诊断磁共振成像。,永磁型磁共振成像系统、医用磁共振成像系统,Ⅲ
medical_device_category_06-09-02,常导型磁共振成像系统,06-09-02,__import__.medical_device_category_06-09,通常由常导型磁体、梯度系统、射频系统、射频线圈、谱仪、工作站计算机系统、患者支撑装置等组成。,用于临床诊断磁共振成像。,常导型磁共振成像系统、医用磁共振成像系统,Ⅲ
medical_device_category_06-09-03,超导型磁共振成像系统,06-09-03,__import__.medical_device_category_06-09,通常由超导型磁体、梯度系统、射频系统、射频线圈、谱仪、工作站计算机系统、患者支撑装置等组成。,用于临床诊断磁共振成像。,超导型磁共振成像系统、医用磁共振成像系统,Ⅲ
medical_device_category_06-10-01,1 磁共振造影注射装置,06-10-01,__import__.medical_device_category_06-10,通常由外套、活塞和活塞密封圈组成，附件包括连接管、吸药管等。,与磁共振高压注射器配套使用。,磁共振高压注射器针筒、磁共振造影剂高压注射器针筒、一次性使用磁共振高压注射器针筒、磁共振用高压注射连接管,Ⅲ
medical_device_category_06-10-01,2 磁共振造影注射装置,06-10-01,__import__.medical_device_category_06-10,通常由操作室组件和扫描室组件组成。扫描室组件由非铁磁材料制成，导线经过射频屏蔽。不包含配套使用的针筒。,用于静脉注射磁共振造影剂和/或在人体血管内注射常用的冲刷液，以满足磁共振扫描诊断需要。,磁共振高压造影注射系统、磁共振高压造影注射器,Ⅱ
medical_device_category_06-10-02,磁共振辅助刺激系统,06-10-02,__import__.medical_device_category_06-10,通常由在控制室使用的计算机、操作员显示器、光纤介质转换器等部件和在磁共振扫描室内使用的患者界面显示器、电源、光缆、按钮响应单元、耳机等部件组成。,配合磁共振成像系统使用。用于在大脑扫描时，通过播放文本、图片、幻灯片、声音、CD和DVD，向患者提供视觉、运动、听觉和语言任务刺激。,磁共振成像辅助刺激系统,Ⅱ
medical_device_category_06-10-03,1 磁共振定位装置,06-10-03,__import__.medical_device_category_06-10,通常由磁共振乳腺线圈固定装置、可移动模板架、钻有系列孔的模板组成。,用于固定穿刺针，提高穿刺的准确度。安装在磁共振线圈上。,磁共振乳腺线圈穿刺固定架,Ⅰ
medical_device_category_06-10-03,2 磁共振定位装置,06-10-03,__import__.medical_device_category_06-10,通常由电源、底板组件、插针引导台组件、位置显示单元等组成。,配合磁共振成像系统使用。用于对患者微创检查诊断。,导向定位装置,Ⅲ
medical_device_category_06-11-01,伽玛照相机,06-11-01,__import__.medical_device_category_06-11,通常由机架、准直器、探测器、数据采集、图像处理工作站、系统软件、患者支撑装置等组成。,用于获取单光子放射性核素在人体全身或部分器官组织中的分布情况，形成平面图像。,伽玛（γ）照相机,Ⅱ
medical_device_category_06-11-02,单光子发射计算机断层成像设备,06-11-02,__import__.medical_device_category_06-11,通常由可旋转机架、准直器、探测器、患者支撑装置、数据采集、图像处理工作站、运动控制系统、系统软件等组成。,用于获取单光子放射性核素在人体全身或部分器官组织的分布情况，通过采集和处理形成平面和断层图像。,单光子发射计算机断层成像设备、单光子发射计算机断层扫描系统、心脏单光子发射计算机断层成像设备,Ⅲ
medical_device_category_06-11-03,正电子发射断层成像设备,06-11-03,__import__.medical_device_category_06-11,通常由机架、探测器、患者支撑装置、数据采集、图像处理工作站、运动控制子系统、系统软件等组成。,用于探测放射性核素发射的正电子的湮没辐射，以获得人体全身或器官组织的正电子核素的断层分布图像。,正电子发射断层成像设备、正电子发射断层成像系统、乳腺正电子发射断层成像设备,Ⅲ
medical_device_category_06-11-04,放射性核素扫描装置,06-11-04,__import__.medical_device_category_06-11,通常由主机、计算机、彩色打印机、工作软件和隔离电源组成。,用于人体甲状腺放射性核素扫描成像。,放射性核素扫描仪、核素扫描机,Ⅱ
medical_device_category_06-12-01,自动给药系统,06-12-01,__import__.medical_device_category_06-12,通常由放射性药物泵、生理盐水泵、剂量校准器、空气检测器、系统屏蔽装置、小瓶屏蔽装置组成，还包括显示器、校准源托架等。,用于核医学诊断过程中向患者输注放射性药物等。,PET自动给药系统,Ⅱ
medical_device_category_06-12-02,锝气体发生器,06-12-02,__import__.medical_device_category_06-12,通常由锝气体发生器主机、推车、舟型坩锅和手动加压通气附件组成，手动加压通气附件由球囊、单向阀门、一次性病人施给器（PAS）、控制阀和管路组成。,用于产生放射性标记的锝气体，病人吸入此锝气体后，用已有的伽玛射线成像装置，就能得到锝气体在肺部的分布图，用以诊断肺部疾病，如肺栓塞。,锝气体发生器,Ⅱ
medical_device_category_06-13-01,红外热像仪,06-13-01,__import__.medical_device_category_06-13,通常由红外摄像机、处理系统、支架和显示屏组成。通过红外摄影标出人体热图像。,用于测量人体表面温度的分布并提供红外热像图。,医用红外热像仪、热断层扫描系统、红外荧光定位观察相机,Ⅱ
medical_device_category_06-13-02,红外线乳腺诊断仪,06-13-02,__import__.medical_device_category_06-13,通常由红外光探头对乳腺组织进行照射透视，经摄像系统把摄取的图像显示在屏幕上。,用于乳腺增生、乳腺炎症及良恶性肿瘤等乳房疾病的检查。,红外乳腺检查仪、红外乳腺诊断仪,Ⅱ
medical_device_category_06-13-03,1 光相干断层成像系统（非眼科）,06-13-03,__import__.medical_device_category_06-13,通常由导管头端、成像窗、远端导管轴、近端导管轴、侧管接头、冲洗液注入口、鲁尔接头保护帽、外壳连接端口、保护帽、透镜、牵引丝、扭力传导管、镍钛合金管和光纤连接器组成。无菌提供，一次性使用。,配合光学干涉断层成像系统使用，用于冠状动脉的成像。,光学干涉断层成像系统成像导管、一次性使用血管内成像导管,Ⅲ
medical_device_category_06-13-03,2 光相干断层成像系统（非眼科）,06-13-03,__import__.medical_device_category_06-13,通常由光学成像系统和图像采集显示系统组成。利用近红外线及光学干涉的光相干断层成像技术（几何光学成像、光纤成像、衍射成像、干涉成像、扫描成像、遥感成像、近场光学成像、综合孔径成像等）获取所需信息的设备。（不包括成像导管）,用于诊断中获取血管等组织的形态、尺寸、位置等信息。,光学干涉断层成像系统,Ⅱ
medical_device_category_06-13-03,3 光相干断层成像系统（非眼科）,06-13-03,__import__.medical_device_category_06-13,通常由激光光源、控制装置等部分组成。发射激光，利用成像技术获取组织的图像。,用于组织的检查诊断。,光学相干层析成像激光检测仪,Ⅱ
medical_device_category_06-13-04,手术显微镜（非眼科）,06-13-04,__import__.medical_device_category_06-13,通常由观察系统、照明系统和支架系统组成，观察系统是具有目镜、物镜的长工作距的体视光学显微系统，外接或内置图像采集显示处理系统。利用显微放大原理，观察组织细节。,用于在非眼科手术过程中放大手术区域细节。,手术显微镜、手术显微镜图像采集处理系统,Ⅱ
medical_device_category_06-13-05,微循环显微镜,06-13-05,__import__.medical_device_category_06-13,通常由观察系统和照明系统组成，观察系统是具有目镜、物镜的短工作距的体视光学显微系统，外接图像采集显示系统。利用显微放大原理，观察组织细节。,用于人体微循环的检查。,微循环显微检查仪、微循环显微仪,Ⅱ
medical_device_category_06-13-06,医用光学放大器具,06-13-06,__import__.medical_device_category_06-13,通常由光学系统和镜架组成。利用透镜放大原理、显微放大原理的光学放大器具。,用于增大操作者视角，便于观察物体细节。,手术放大镜、双目手术放大镜、医用手术放大镜、放大眼镜、双目放大镜、额带放大镜、镜戴式放大镜、医用放大镜、单目皮肤放大镜、医用光学放大镜、头戴式放大镜,Ⅰ
medical_device_category_06-14-01,1 光学内窥镜,06-14-01,__import__.medical_device_category_06-14,通常由物镜系统和光学传/转像系统，含有或不含有观察目镜系统构成观察光路的内窥镜。可包含附件。附件是配合内窥镜使用的配件或独立产品。,通过创口进入人体内，用于成像和诊断。,胆道镜、腹腔镜、关节镜、脊柱外科内窥镜、颈椎内窥镜、血管内窥镜、脑室镜、三维腹腔镜、膝关节镜、胸腔镜、血管采集用内窥镜、腰椎间盘镜、椎间孔镜、椎间盘镜、胆胰管内窥镜、肾镜、输尿管镜、硬膜外腔内窥镜,Ⅱ
medical_device_category_06-14-01,2 光学内窥镜,06-14-01,__import__.medical_device_category_06-14,通常由物镜系统和光学传/转像系统，含有或不含有观察目镜系统构成观察光路的内窥镜。可包含附件。附件是配合内窥镜使用的配件或独立产品。,通过自然孔道进入人体内，用于成像和诊断。,膀胱镜、鼻内窥镜、鼻窦镜、儿童喉镜系统、耳内窥镜、喉镜、口腔内窥镜、口腔与口腔颌面外科内窥镜、尿道膀胱镜、气管镜管、硬性纤维乳管内窥镜、食道镜、小儿支气管内窥镜、咽喉镜、乙状结肠内窥镜、硬性纤维输尿管肾镜、直肠内窥镜、纤维结肠镜、纤维鼻咽喉镜、纤维胆管内窥镜、纤维儿童喉镜、纤维尿道膀胱镜、纤维食道镜、纤维胆道内窥镜、纤维上消化道镜、纤维输尿管肾镜、尿道内切开内窥镜,Ⅱ
medical_device_category_06-14-02,电凝切割内窥镜,06-14-02,__import__.medical_device_category_06-14,通常由支撑内窥镜和手术电极的手持操作部件、配套的内窥镜、手术电极和连接电缆组成。,通过高频发生器提供能量，用于高频电烧手术时的手术视野成像及切割、电凝操作。,膀胱电切内窥镜、前列腺电切内窥镜,Ⅲ
medical_device_category_06-14-03,电子内窥镜,06-14-03,__import__.medical_device_category_06-14,通常由物镜系统、像阵面光电传感器、A/D转换集成模块组成。将所要观察的腔内物体通过微小的物镜系统成像到像阵面光电传感器上，然后将接收到的图像信号送到图像处理系统上，最后在监视器上输出处理后的图像。,通过创口或自然孔道进入人体内，用于成像和诊断。,电子腹腔镜、电子喉镜、电子鼻咽喉内窥镜、电子肛肠镜、电子小肠镜系统、电子膀胱镜、电子膀胱肾盂镜、电子大肠镜、电子胆道镜、电子结肠镜、电子气管插管镜、电子十二指肠镜、电子胃镜、电子胸腹腔镜,Ⅱ
medical_device_category_06-14-04,胶囊式内窥镜系统,06-14-04,__import__.medical_device_category_06-14,通常由胶囊内窥镜和图像数据接收处理装置组成。由集成于胶囊形状内的光学图像获取器件，通过无线传输方式实现由外部获取人体内图像。,由口腔食道进入人体消化系统，并随消化系统蠕动或主动运行，用于对消化系统中指定部分进行成像诊断。,小肠胶囊内窥镜系统,Ⅲ
medical_device_category_06-15-01,内窥镜用冷光源,06-15-01,__import__.medical_device_category_06-15,通常由灯泡、反光瓦和光学滤色器组成。通过照明光缆与内窥镜连接，能为内窥镜提供最大限度减小组织热效应的光照功能的装置。,用于内窥镜诊断和/或治疗/手术中，为内窥镜观察人体体腔的视场区域提供观察用照明。,内窥镜LED冷光源、内窥镜卤素灯冷光源、内窥镜氙灯冷光源,Ⅱ
medical_device_category_06-15-02,内窥镜摄像系统,06-15-02,__import__.medical_device_category_06-15,通常由光电成像传感器和光学适配器为主要组成，将光学内窥镜接收到的光学信号转化为电子信号进行处理，并传输至监视器成像的装置。,用于在内窥镜诊断和/或治疗/手术中与光学内窥镜连接，将内窥镜观察人体体腔的视场区域的图像采集、处理并传输至监视器。,3D内窥镜摄像系统、便携式内窥镜摄像系统、单晶片内窥镜摄像系统、三晶片内窥镜摄像系统、内窥镜摄像头,Ⅱ
medical_device_category_06-15-03,电子内窥镜图像处理器,06-15-03,__import__.medical_device_category_06-15,通常由电子信号处理单元为主要组成。对接收到的电子内窥镜的电子信号进行处理，并传输至监视器成像的装置。,用于在内窥镜诊断和/或治疗/手术中与电子内窥镜连接，有效地在监视器上显示内窥镜观察人体体腔的视场区域的图像。,电子内窥镜图像处理器、超声电子内窥镜图像处理器、共聚焦内窥镜图像处理器,Ⅱ
medical_device_category_06-15-04,1 内窥镜送气装置,06-15-04,__import__.medical_device_category_06-15,通常由电磁阀、气压传感器和气流量反馈控制单元为主要组成。能够实现可控地对腹腔注入二氧化碳气体，并使之维持在指定气压。,用于在内窥镜诊断和/或治疗/手术中气腹建立和维持。,内窥镜气腹机、内窥镜二氧化碳气腹机,Ⅱ
medical_device_category_06-15-04,2 内窥镜送气装置,06-15-04,__import__.medical_device_category_06-15,通常由电磁阀、气压传感器和气流量反馈控制单元为主要组成。能够实现可控地对上、下消化道注入二氧化碳气体，并使之维持在指定气压。,用于在内窥镜诊断和/或治疗/手术中向上、下消化道注入二氧化碳气体。,内窥镜用二氧化碳供气装置,Ⅱ
medical_device_category_06-15-05,内窥镜冲洗吸引器,06-15-05,__import__.medical_device_category_06-15,通常由压强传感器、液体和/或气体流量反馈控制单元为主要组成。利用滚压式或重力式正压原理提供液体冲洗功能，利用负压原理提供液体和/或固体吸引功能的装置。,用于在内窥镜诊断和/或治疗/手术中保持内窥镜的观察视场区域不受到血液或异物的阻挡。,内窥镜冲洗吸引器、内窥镜冲洗器、内窥镜吸引器,Ⅱ
medical_device_category_06-15-06,内窥镜膨腔泵,06-15-06,__import__.medical_device_category_06-15,通常由液压传感器、液体流量反馈控制单元为主要组成。能够实现可控地对人体体腔注入液体并使之维持在指定压强的装置。,用于在内窥镜诊断和/或治疗/手术中扩张人体体腔，为内窥镜检查或手术提供良好的观察操作空间。,内窥镜关节膨腔泵、内窥镜子宫膨腔泵,Ⅱ
medical_device_category_06-16-01,内窥镜插入形状观测系统,06-16-01,__import__.medical_device_category_06-16,通过体外检测内置于内镜或内镜钳子管道内的插入形状观测探头的电磁发生线圈产生的磁场，从而在显示器上显示出体腔内内镜的3D形状。,用于观察和显示所插入内窥镜的位置和形状，以便辅助内窥镜插入。一般需配合专用内镜或探头。,内窥镜插入形状观测系统,Ⅱ
medical_device_category_06-16-02,胶囊内窥镜姿态控制器,06-16-02,__import__.medical_device_category_06-16,通常由永磁体和外壳组成。通过产生驱动磁场，对人体吞服的胶囊内镜产生拉力和扭矩力，改变驱动磁场的方向和作用在胶囊内镜上的强度，从而驱动胶囊内镜在胃腔或结肠内滚动、旋转和倾斜运动，实现对胶囊内镜的运动控制和姿态调整。,用于在患者进行消化道胶囊内窥镜检查时控制胶囊内窥镜的运动。,胶囊内窥镜姿态控制器,Ⅲ
medical_device_category_06-16-03,内窥镜气囊控制器,06-16-03,__import__.medical_device_category_06-16,通常由主机（包括气泵、传感器）、手控面板、脚踏开关、供气导管、电源、连接器和过滤器组成。,用于辅助内窥镜插入人体内腔而对安装在内窥镜或外套管上的气囊进行送气或排气。,内窥镜气囊控制器,Ⅱ
medical_device_category_06-16-04,1 内窥镜润滑剂,06-16-04,__import__.medical_device_category_06-16,通常由二甲基硅油、黄原胶、硅油等成分组成，含有盐酸利多卡因、盐酸丁卡因等药物。无菌提供。,用于内窥镜进入人体自然腔道时的润滑。,胃镜胶、胃镜润滑液、内窥镜润滑剂,Ⅲ
medical_device_category_06-16-04,2 内窥镜润滑剂,06-16-04,__import__.medical_device_category_06-16,通常由甘油、黄原胶等成分组成。不含药物成分。,用于内窥镜进入人体自然腔道时的润滑。,胃镜润滑液、内窥镜润滑剂,Ⅱ
medical_device_category_06-16-05,内窥镜先端帽,06-16-05,__import__.medical_device_category_06-16,一般采用硅橡胶材质制成。无菌提供。,配合内窥镜使用，用于安装在内窥镜先端部，以保持适当的内窥镜视野。,内窥镜先端帽,Ⅱ
medical_device_category_06-16-06,内窥镜用活检袋,06-16-06,__import__.medical_device_category_06-16,通常由输送装置、纳物袋、结扎绳和撑开钳组成。,用于腔镜手术时将活检样本从手术区域取出。,一次性使用内窥镜用活检袋,Ⅱ
medical_device_category_06-16-07,1 内窥镜咬口、套管,06-16-07,__import__.medical_device_category_06-16,手术或检查时患者开口的辅助器械，通常采用聚乙烯等高分子材料制成。无菌提供。,用于经口腔手术或检查时维持患者的开口状态，防止非预期咬合保护器械损坏。,无菌胃镜咬口、无菌内窥镜咬口,Ⅱ
medical_device_category_06-16-07,2 内窥镜咬口、套管,06-16-07,__import__.medical_device_category_06-16,手术或检查时患者开口的辅助器械，通常采用聚乙烯等高分子材料制成。非无菌提供。,用于经口腔手术或检查时维持患者的开口状态，防止非预期咬合保护器械损坏。,胃镜咬口、内窥镜咬口、口垫、一次性使用胃镜咬口,Ⅰ
medical_device_category_06-16-07,3 内窥镜咬口、套管,06-16-07,__import__.medical_device_category_06-16,通常由开口端和套体组成。一般采用聚乙烯等高分子材料制成。无菌提供。,配合内窥镜使用，用于手术或检查时使内窥镜与患者隔离，预防交叉感染。,内窥镜一次性使用套管、内窥镜一次性使用保护套,Ⅱ
medical_device_category_06-17-01,单光子发射及X射线计算机断层成像系统,06-17-01,__import__.medical_device_category_06-17,通常由单光子发射计算机断层成像设备（SPECT）和X射线计算机断层摄影设备（CT）组成。其中的SPECT和CT部分或可单独使用。,用于得到SPECT功能代谢影像与CT解剖形态学影像的同机融合图像。,单光子发射及X射线计算机断层成像系统,Ⅲ
medical_device_category_06-17-02,正电子发射及X射线计算机断层成像系统,06-17-02,__import__.medical_device_category_06-17,通常由正电子发射断层成像设备（PET）和X射线计算机断层摄影设备（CT）组成。其中的PET和CT部分或可单独使用。,用于得到PET功能代谢影像与CT解剖形态学影像的同机融合图像。,正电子发射及X射线计算机断层成像系统,Ⅲ
medical_device_category_06-17-03,正电子发射及磁共振成像系统,06-17-03,__import__.medical_device_category_06-17,通常由正电子发射断层成像设备（PET）和磁共振成像设备（MRI）组成。其中的PET和MRI部分或可单独使用。,用于得到PET功能代谢影像与MRI解剖形态学影像的同机融合图像。,正电子发射及核磁共振成像系统、正电子发射断层扫描及磁共振成像系统、正电子发射磁共振成像系统,Ⅲ
medical_device_category_06-17-04,超声电子内窥镜,06-17-04,__import__.medical_device_category_06-17,通常由物镜系统、像阵面光电传感器、A/D转换集成模块和超声探头组成。将所要观察的腔内物体通过微小的物镜系统成像到像阵面光电传感器上，然后将接收到的图像信号送到图像处理系统上，最后在监视器上输出处理后的图像和超声检查图像。,通过创口或自然孔道进入人体内，用于成像和诊断。,超声电子气管镜、超声电子上消化道内窥镜、超声电子胃镜,Ⅲ
medical_device_category_06-17-05,复合内窥镜,06-17-05,__import__.medical_device_category_06-17,通常由电子内窥镜和其他成像模块（如共聚焦显微、光学相干断层成像技术（OCT）等）组成。,通过创口或自然孔道进入人体内，用于成像和诊断。,共聚焦显微内窥镜,Ⅲ
medical_device_category_06-18-01,图像显示处理工作站,06-18-01,__import__.medical_device_category_06-18,通常由专用诊断显示装置、存储处理系统、软件等组成。,配合医学影像设备，用于显示、处理、传输和存储数字诊断图像。,图像处理工作站、图像诊断工作站、图像处理系统、皮肤镜图像处理工作站、内窥镜影像工作站,Ⅱ
medical_device_category_06-18-02,胶片扫描仪,06-18-02,__import__.medical_device_category_06-18,通常由胶片上板、胶片下板、胶片传动机构、光电耦合器（CCD）、数字信号处理器等组成。,用于医用胶片的扫描，输出BMP、DICOM等格式的数字化图像。,胶片扫描仪、牙科胶片扫描仪,Ⅱ
medical_device_category_06-18-03,医用图像打印机,06-18-03,__import__.medical_device_category_06-18,利用医用成像设备提供的输入信号，在胶片等介质上产生不可擦除图像的装置。,用于医用图像的打印。,干式成像仪、医用图像打印机、热敏打印机、医用激光图像打印机、医用喷墨图像打印机、医用胶片打印机、硬拷贝照相机、干式激光成像仪、激光图像打印机、喷墨图像打印机,Ⅰ
medical_device_category_06-18-04,1 影像记录介质,06-18-04,__import__.medical_device_category_06-18,由聚酯（PET）片基包被银盐和保护层组成。,用于作为诊断依据的医学影像（CT、MRI、CR、DR等）的记录。,医用激光胶片、医用干式激光胶片,Ⅰ
medical_device_category_06-18-04,2 影像记录介质,06-18-04,__import__.medical_device_category_06-18,由聚酯（PET）片基、热敏层、保护层组成。,用于作为诊断依据的医学影像（CT、MRI、CR、DR等）的记录。,热敏胶片、医用干式胶片,Ⅰ
medical_device_category_06-18-04,3 影像记录介质,06-18-04,__import__.medical_device_category_06-18,由聚酯（PET）片基与防静电层、吸墨层（二氧化硅、氧化铝、吸附墨水或墨粉）组成。,用于作为诊断依据的超声等医学影像的记录。,医用打印胶片、PACS超声诊断报告胶片、干式超声诊断报告胶片,Ⅰ
medical_device_category_06-18-05,1 取片机,06-18-05,__import__.medical_device_category_06-18,由医用图像打印机、操作显示屏、软件等组成，与医院网络系统连接，支持CR、DR、CT、MRI等医用成像器械的图像打印。,配合影像记录介质使用，供患者自助选取打印医用图像。,自助取片机,Ⅰ
medical_device_category_07-01-01,1 压舌板,07-01-01,__import__.medical_device_category_07-01,通常由木质或其他材料制成。无菌提供。,用于检查时压低舌部。,一次性使用压舌板,Ⅱ
medical_device_category_07-01-01,2 压舌板,07-01-01,__import__.medical_device_category_07-01,通常由木质或其他材料制成。,用于检查时压低舌部。,压舌板,Ⅰ
medical_device_category_07-01-02,1 听诊器,07-01-02,__import__.medical_device_category_07-01,通常由拾音器、信号处理模块和耳机组成。对收集的声音进行（频率）非线性放大。,用于收集和放大从心脏、肺部、动脉、静脉和其他内脏器官处发出的声音。,电子听诊器,Ⅱ
medical_device_category_07-01-02,2 听诊器,07-01-02,__import__.medical_device_category_07-01,通常由听诊头、导音管、耳挂组成。对收集的声音（频率）进行非线性放大；,用于收集和放大从心脏、肺部、动脉、静脉和其他内脏器官处发出的声音。,单用听诊器、双用听诊器、医用听诊器、胎音听诊器、三用听诊器,Ⅰ
medical_device_category_07-01-03,1 五官科检查镜,07-01-03,__import__.medical_device_category_07-01,通常由检查镜头、目镜和手柄、灯泡、辅助撑开装置组成。无菌提供。,用于耳道、鼻腔、咽喉部的检查。,一次性使用耳镜、一次性使用鼻镜,Ⅱ
medical_device_category_07-01-03,2 五官科检查镜,07-01-03,__import__.medical_device_category_07-01,通常由检查镜头、目镜和手柄、灯泡、辅助撑开装置组成。,用于耳道、鼻腔、咽喉部的检查。,耳镜、光纤检耳镜、鼻镜、检鼻镜、喉镜、咽喉镜、支撑喉镜,Ⅰ
medical_device_category_07-01-04,叩诊锤,07-01-04,__import__.medical_device_category_07-01,通常由锤头、锤头固定架、锤柄等组成。,用于配合普通外科、神经科诊断时，敲打、刺激人体。,打诊锤、脑打诊锤、叩诊锤,Ⅰ
medical_device_category_07-01-05,1 表面检查灯,07-01-05,__import__.medical_device_category_07-01,通常由灯头、固定或握持装置、电源盒和充电器组成。,用于临床检查时提供照明。,医用检查灯、儿科检查灯、反光灯、头戴式检查灯、聚光灯、医用头灯、额戴式照明灯、检查头灯,Ⅰ
medical_device_category_07-01-05,2 表面检查灯,07-01-05,__import__.medical_device_category_07-01,通常由灯头、万向节、控制面板、变压器、弹簧臂和延伸臂组成。,用于在治疗和诊断过程中为患者身体提供局部照明，不用于手术室。,诊断用照明灯,Ⅰ
medical_device_category_07-01-06,反光器具,07-01-06,__import__.medical_device_category_07-01,通常由额带和凹形镜面组成，利用凹形镜面聚光原理进行检查。,用于检查时反射聚光照明。,额戴反光镜,Ⅰ
medical_device_category_07-01-07,听觉检查音叉,07-01-07,__import__.medical_device_category_07-01,通常由U形上部和手柄组成，可分为有套环和无套环两种。采用金属材料制成。无源器械，非无菌提供，可重复使用。,用于患者听觉的检查。,听觉检查音叉,Ⅰ
medical_device_category_07-02-01,气体测定设备,07-02-01,__import__.medical_device_category_07-02,通常由主机、传感器单元、测量单元和显示单元组成。,用于手术室、病房、ICU等，在麻醉、恢复和呼吸护理期间连续测量呼吸气体中的氧气、二氧化碳等气体的浓度、分压、流速或容量，并具有报警功能。,氧气浓度监测仪、二氧化碳监测仪,Ⅱ
medical_device_category_07-02-02,呼吸热量监测设备,07-02-02,__import__.medical_device_category_07-02,通常由主机、传感器、测量单元和显示器组成。,用于实时计算并显示患者呼气热量（焓）。,呼吸热量监测仪,Ⅱ
medical_device_category_07-02-03,1 肺功能测试设备,07-02-03,__import__.medical_device_category_07-02,通常由主机、流速传感器和鼻夹组成。,用于呼吸内科、胸科、职业病防止机构、医院体检等，测量肺活量、最大通气量及用药前后激发试验。,肺功能仪、肺功能测试仪、肺活量计,Ⅱ
medical_device_category_07-02-03,2 肺功能测试设备,07-02-03,__import__.medical_device_category_07-02,通常由吹气嘴（上盖）、吹气口（下盖）和过滤膜组成。,与肺功能仪连接，用于过滤患者吹气时的唾液，避免交叉感染。非无菌提供。,一次性肺功能仪用过滤嘴,Ⅰ
medical_device_category_07-02-04,呼气流量测量设备,07-02-04,__import__.medical_device_category_07-02,通常由壳体、滑标、簧片和咬嘴组成。,用于测量哮喘患者、慢性阻塞肺病患者最大呼气流量，测量患者呼出气受限制的程度，可监测哮喘病情。,峰速仪、呼气流量计,Ⅱ
medical_device_category_07-02-05,呼吸压力测量设备,07-02-05,__import__.medical_device_category_07-02,通常由主机、接嘴、呼气压力测试阀、吸气压力测试阀、细菌过滤器等组成。,用于测量口腔最大吸气压力、口腔最大呼气压力和鼻腔吸气压力。,呼吸压力计,Ⅱ
medical_device_category_07-02-06,气道过敏反应测试设备,07-02-06,__import__.medical_device_category_07-02,通常由气雾剂产生装置、正弦波空气振动压产生装置、口腔内压计、气流量计、偏流装置、计算机、监控器和升降驱动装置组成。,用于对气道过敏呼吸机能疾病患者进行气道过敏评价。,气道过敏反应测试系统,Ⅱ
medical_device_category_07-02-07,单一气体检测器,07-02-07,__import__.medical_device_category_07-02,通常由外壳、硬件接口卡、一氧化氮或一氧化碳等气体传感器组成。,用于检测呼吸气体中一氧化氮或一氧化碳浓度。,一氧化氮检测器、一氧化碳检测器,Ⅱ
medical_device_category_07-03-01,1 心电测量、分析设备,07-03-01,__import__.medical_device_category_07-03,通常由主机、供电电源、心电电缆和心电电极组成。主机部分通常包括信号输入部分，放大回路、控制电路、显示部分、记录部分、分析处理部分和电源部分。通过电极将体表不同部位的心电信号检测出来，经过滤波、放大、模数转化形成心电波形。,用于测量、采集、显示、记录患者心电信号，供临床诊断。也可能具有对患者的心电信号进行形态和节律分析，提供自动诊断结论的功能。,单道心电图机、多道心电图机、心电图机、心电图仪、心电分析系统,Ⅱ
medical_device_category_07-03-01,2 心电测量、分析设备,07-03-01,__import__.medical_device_category_07-03,通常由主机、供电电源、心电电缆、心电电极、记录读取设备和动态心电分析软件组成。主机部分通常包括信号输入部分，放大回路、控制电路、记录部分。通过电极将体表不同部位的电信号检测出来，经过滤波、放大、模数转化形成心电波形并进行连续记录和分析。,用于测量、采集、观察和存储动态心电图，供临床诊断。,动态心电图机,Ⅱ
medical_device_category_07-03-01,3 心电测量、分析设备,07-03-01,__import__.medical_device_category_07-03,"通常由主机、附件、运动单元组成。主机部分通常包括信号输入部分，放大回路、控制电路、显示部分、记录部分和电源部分；附件组成通常包括电极、电缆；运动单元由提供不同强度的设置单元、指示单元、运动部件组成。运动单元可提供不同负荷运动，主机及附件部分可监测受试者在运动过程中的心电信号，对信号进行处理、实时显示。",用于实时检测患者运动状态下的心电图变化，供临床诊断。,运动心电测试系统、运动负荷试验测试系统,Ⅱ
medical_device_category_07-03-01,4 心电测量、分析设备,07-03-01,__import__.medical_device_category_07-03,"通常由主机、供电电源、心电电极组成。主机部分通常包括信号输入部分，放大回路、控制电路、显示部分、记录部分和电源部分。通过电极将体表不同部位的电信号检测出来，经过滤波、放大、模数转化形成心电波形，根据波形识别心搏位置。","用于测量连续心动周期之间的时间变异数。可分析的心率变异性指标包括时域分析或频域分析指标两种。时域指标通常包含心动周期的标准差（SDNN），正常相邻心动周期差值的均方的平方根（rMSSD）、相邻R．R间期差值超过50 ms的心搏数占总心搏数的百分比（PNN50）。频域指标通常包含低频功率高频带（HF）、低频带（LF）、极低频（VLF）、超低频（ULF）。",心率变异分析仪,Ⅱ
medical_device_category_07-03-01,5 心电测量、分析设备,07-03-01,__import__.medical_device_category_07-03,"通常由主机、供电电源、心电电缆和心电电极组成。主机部分通常包括信号输入部分，放大回路、控制电路、显示部分、记录部分和电源部分。通过电极将体表不同部位的心电信号检测出来，经过滤波、放大、模数转化形成心电波形。",用于测量、采集、显示、记录患者心电信号，对PR间期心电活动进行测量、分析，获得心脏希氏束电图及其参数。,体表希氏束电图设备,Ⅱ
medical_device_category_07-03-02,心脏电生理标测设备,07-03-02,__import__.medical_device_category_07-03,通常由定位单元、电信号处理单元、工作站（含软件）、显示器、打印机、仪器车、操作台、连接线缆组成。由操作台、计算机（含软件）、打印机、显示器、隔离电源、生物信号前置放大器（含软件）及连接线缆组成。,用于描记心脏活动时人体体表心电图、和心腔内的心电波形，可实时构建心脏电兴奋传导的三维图形，采集和分析心脏电活动，以供心脏电生理标测及定位等临床诊断或电生理研究用。,电生理标测仪、多道电生理记录仪、电生理导航系统、三维心脏电生理标测系统,Ⅲ
medical_device_category_07-03-03,1 无创血压测量设备,07-03-03,__import__.medical_device_category_07-03,通常由阻塞袖带、传感器、充气泵、测量电路组成。采用示波法、柯式音法或类似的无创血压间接测量原理进行血压测量的电子设备。,用于在手臂或手腕部位测量患者血压。,电子血压计,Ⅱ
medical_device_category_07-03-03,2 无创血压测量设备,07-03-03,__import__.medical_device_category_07-03,通常由阻塞袖带、听诊器、压力表组成。通过水银或机械表显示，采用柯式音法或类似的无创血压间接测量原理进行血压测量的设备。,用于在手臂或手腕部位测量患者血压。,血压表、机械血压表、水银血压表,Ⅱ
medical_device_category_07-03-03,3 无创血压测量设备,07-03-03,__import__.medical_device_category_07-03,通常由阻塞袖带、传感器、充气泵、测量电路、供电电源、记录部件组成。采用示波法、柯式音法或或类似的无创血压间接测量原理长时间连续多次进行血压测量。,用于动态和连续地自动测量患者血压，供诊断用。,动态血压记录仪、动态血压仪,Ⅱ
medical_device_category_07-03-03,4 无创血压测量设备,07-03-03,__import__.medical_device_category_07-03,"通常由阻塞袖带，传感器，充气泵和测量电路、运动单元组成。运动单元由提供不同强度的设置单元、指示单元、运动部件组成。运动单元可提供不同负荷运动。采用示波法或类似的无创血压间接测量原理进行运动状态下血压测量。",用于在运动状态下患者血压的测量和分析。,运动血压分析系统,Ⅱ
medical_device_category_07-03-04,1 体温测量设备,07-03-04,__import__.medical_device_category_07-03,通常由玻璃管、感温泡、汞或其他感温液体和刻度尺标组成。采用汞或其他液体的热胀冷缩原理测量温度。,用于临床测量患者体温。通常放置于人体的口腔、腋下、肛门部位测量。,玻璃体温计、体温计,Ⅱ
medical_device_category_07-03-04,2 体温测量设备,07-03-04,__import__.medical_device_category_07-03,通常由热电偶或其他接触式测温传感器、显示单元，供电电路，测量电路组成。将传感器通过接触传导测得的温度转换为电信号进行显示或数据输出。,用于临床测量患者体温。通常放置于人体的口腔、腋下、肛门、额头部位测量。,电子体温计,Ⅱ
medical_device_category_07-03-04,3 体温测量设备,07-03-04,__import__.medical_device_category_07-03,通常由红外温度传感器、探头套、显示单元、供电电路、测量电路组成。采用红外感温方法测量温度显示或者数据输出。,用红外方法测量临床测量患者体温，通常用于测量患者耳道、额头部位温度。,电子体温计、额温计、红外耳温计,Ⅱ
medical_device_category_07-03-05,脉搏血氧测量设备,07-03-05,__import__.medical_device_category_07-03,通常由血氧传感器、测量电路、显示单元、电源部分组成。通过利用血液中血红蛋白对光的吸收特性估算血氧饱和度。,用于临床测量患者的脉搏血氧饱和度。,脉搏血氧仪,Ⅱ
medical_device_category_07-03-06,1 生理参数诱发诊断设备,07-03-06,__import__.medical_device_category_07-03,通常由脑电电极、脑电导线、放大器、显示单元、主机等部分组成。用于脑电信号的提取、放大、滤波、记录、分析、回放等。,用于对患者精神性疾病和脑部实质性病变的分析诊断、脑部功能状态评估。,脑电图机、动态脑电记录仪、动态脑电图工作站、动态脑电图机、脑电地形图仪、三维脑电地形图仪、数字脑电地形图仪,Ⅱ
medical_device_category_07-03-06,2 生理参数诱发诊断设备,07-03-06,__import__.medical_device_category_07-03,通常由放大器与监听器、扫描器、刺激器、计数器、显示器和电源部分组成。通过电极将受刺激后体表不同部位的电信号检测出来，再用放大器加以放大，并用记录器描记下来。,用于记录肌肉静止或收缩时的电活动和其他生理活动。,肌电图机、诱发电位系统、肌电诱发电位仪、肌电生物反馈仪,Ⅱ
medical_device_category_07-03-06,3 生理参数诱发诊断设备,07-03-06,__import__.medical_device_category_07-03,通常由主机、刺激器、传感器与附件组成。给人体部位适宜刺激，记录人体相应生理响应。所涉及的刺激可以是人体感官刺激，也可以是其它光学、声学、电学、机械刺激。相关生理响应可以是神经电学响应，肌肉运动加速度响应，也可以是医学影像学相关响应。,用于对生理响应通路的评价。,生理参数诱发诊断设备、感觉神经定量检测仪、温度感觉分析仪、儿童注意力测试仪,Ⅱ
medical_device_category_07-03-07,血管硬度测量设备,07-03-07,__import__.medical_device_category_07-03,通常由阻塞袖带、传感器、充气泵、测量电路组成。采用无创方法对脉搏波速度进行测量和计算。,用于测量舒张压、收缩压和平均压，同时测量动脉在压力改变时的脉动波形，分析得到动脉的弹性情况及动脉硬化程度。,脉搏波速度检测仪、血管硬度测量仪,Ⅱ
medical_device_category_07-03-08,1 无创血流分析设备,07-03-08,__import__.medical_device_category_07-03,通常由电极、患者主导联线、分析电路和电源组成。基于生物阻抗心动描迹法原理。,用于临床监测和显示患者心排出量。,无创心输出量测量仪、无创心排量监测仪,Ⅱ
medical_device_category_07-03-08,2 无创血流分析设备,07-03-08,__import__.medical_device_category_07-03,通常由主机、信号放大器与阻抗测量电路组成。,用于通过测量人体脑部、躯干和肢体电阻抗变化，分析人体各部位血流供应及血管壁状态状况。,脑血流量检测仪、阻抗血流图仪,Ⅱ
medical_device_category_07-03-08,3 无创血流分析设备,07-03-08,__import__.medical_device_category_07-03,通常由主机、测试模块、传感器及附件组成。,用于血液动力学参数的测量。通常通过分析人体部位热稀释过程与脉搏波形轮廓，计算血液动力学参数。,心脏血流动力检测仪、脑循环分析仪、无创血流动力检测系统,Ⅱ
medical_device_category_07-03-09,1 体表色素测量设备,07-03-09,__import__.medical_device_category_07-03,通常包含光路组件、微型光谱仪、校准器和附件组成。,用于测量新生儿在光疗前、光疗期间及光疗后的血清胆红素水平。,无创胆红素定量仪、经皮黄疸仪,Ⅱ
medical_device_category_07-03-09,2 体表色素测量设备,07-03-09,__import__.medical_device_category_07-03,通常由主机、DDG探头、探头连接电缆和电源线组成。,用于对循环功能及肝功能的检查。,色素浓度图分析仪,Ⅱ
medical_device_category_07-03-10,电导分析仪,07-03-10,__import__.medical_device_category_07-03,通常由主机、手部电极板和连接线、脚部电极板和连接线和电源线组成。通过测试皮肤的电反应进行分析。,用于对皮肤施加特定的低电压，使电极与皮肤间产生电化学反应，形成电流，通过分析电流的变化规律，为临床疾病诊断提供依据。,电导分析仪,Ⅱ
medical_device_category_07-03-11,鼻阻力测量设备,07-03-11,__import__.medical_device_category_07-03,通常由主机、取压管和流量传感器组成。,用于通过检测鼻腔气体流动参数，分析鼻腔气道阻力。,鼻阻力测量仪,Ⅱ
medical_device_category_07-03-12,血管内皮功能测试设备,07-03-12,__import__.medical_device_category_07-03,通常由主机、血流量刺激部件和传感部件组成。,用于血管内皮功能的评价，通过机械、药物方式对血流量进行改变，激发血管内皮对血管容积的生理影响，通过测量血管容积变化所导致的物理参数，反应血管内皮功能。,血管内皮功能测试仪,Ⅱ
medical_device_category_07-03-13,脑磁图设备,07-03-13,__import__.medical_device_category_07-03,通常由数据采集和分析设备，患者监视系统，探测器组成。测量并分析神经活动产生的微弱磁场。,用于非介入探测颅内活动神经产生的微弱磁场，分析颅内活动神经源的特性和位置。,脑磁图仪,Ⅱ
medical_device_category_07-03-14,有创颅内压设备,07-03-14,__import__.medical_device_category_07-03,通常由压力传感器、辅助生理参数传感器、主机组成。,用于连续测量颅脑内压力。,有创颅内压监测仪,Ⅲ
medical_device_category_07-04-01,1 病人监护设备,07-04-01,__import__.medical_device_category_07-04,通常由主机、供电电源、显示器、一个或多个生理参数功能模块和报警系统组成。从单一患者处采集参数信息，处理、显示信息并发出报警。,用于对氧化亚氮、安氟醚、异氟醚、七氟醚、地氟醚等麻醉气体浓度的监测。,呼吸气体监护仪、麻醉气体监护仪,Ⅲ
medical_device_category_07-04-01,2 病人监护设备,07-04-01,__import__.medical_device_category_07-04,通常由主机、供电电源、显示器、一个或多个生理参数功能模块和报警系统组成。从单一患者处采集参数信息，处理、显示信息并发出报警。,用于对患者的一个或多个生理参数进行测量和监护，其中包括使用有创方法对患者进行测量和监护。常见的有创监护参数有：有创血压；中心静脉氧饱和度；混合静脉氧饱和度；有创心输出量；有创血流动力学分析。,病人监护仪、多参数监护仪,Ⅲ
medical_device_category_07-04-01,3 病人监护设备,07-04-01,__import__.medical_device_category_07-04,通常由主机、供电电源、显示器、一个或多个生理参数功能模块和报警系统组成。从单一患者处采集参数信息，处理、显示信息并发出报警。,用于对患者的一个或多个生理参数进行测量和监护，其中包括对关键生理参数进行自动诊断和监测的功能。关键生理参数包括但不限于ST、心律失常、QT。,病人监护仪、多参数监护仪,Ⅲ
medical_device_category_07-04-01,4 病人监护设备,07-04-01,__import__.medical_device_category_07-04,通常由主机、供电电源、显示器、一个或多个生理参数功能模块和报警系统组成。从单一患者处采集参数信息，处理、显示信息并发出报警。,用于对患者的一个或多个生理参数进行测量和监护，常见的生理参数有：心电；心率；脉搏率；呼吸；无创脉搏血氧饱和度；无创脉搏碳氧血红蛋白；无创脉搏高铁血红蛋白；无创脉搏全血红蛋白；无创血压；体温；预测体温；无创心输出量；经皮氧分压；经皮二氧化碳分压；脑电；肌电；无创颅内压；灌注指数；脉搏压力变异指数；无创血流动力学分析；呼吸功能和力学和综合肺指数；双频指数；熵指数；肌肉松弛和肌肉肌电传导。,病人监护仪、多参数监护仪,Ⅱ
medical_device_category_07-04-02,神经监护设备,07-04-02,__import__.medical_device_category_07-04,通常由主机、放大器和刺激器组成。通过视觉、听觉和/或电学方式刺激神经并接收反馈信息。,用于手术过程中对于患者的神经进行监护。,神经监护仪,Ⅲ
medical_device_category_07-04-03,动态血糖/葡萄糖监测设备,07-04-03,__import__.medical_device_category_07-04,通常由血糖记录器、信息提取器、感应葡萄糖探头、线缆和分析软件组成。持续监测皮下细胞间液的葡萄糖浓度并进行分析计算。,用于连续监测患者血糖/葡萄糖水平。,动态血糖连续监测系统、动态葡萄糖连续监测系统、持续葡萄糖监测系统,Ⅲ
medical_device_category_07-05-01,听力计,07-05-01,__import__.medical_device_category_07-05,通常由电源、声卡、功率放大器、控制器、电声换能器件、操作软件和患者应答器组成。,用于测定个体对各种频率感受性大小的仪器，通过与正常听觉相比，就可确定被试的听力损失情况。,听力计,Ⅱ
medical_device_category_07-05-02,电声门图仪,07-05-02,__import__.medical_device_category_07-05,通常由主机、声门图电极和音频输出线组成。声带振动时，声带接触阻抗变化引起调制电流变化，形成电声门图。,用于检测声门组织阻抗变化和声带接触面积的变化，反映声带振动每一周期中声门闭合阶段的特点以及声带振动时每个周期的运动轨迹。,电声门图仪,Ⅱ
medical_device_category_07-05-03,耳声发射仪,07-05-03,__import__.medical_device_category_07-05,通常由主机、耳声探头和计算机等组成。,用于新生儿的听力筛查、婴幼儿或成人的听力评估。,耳声发射仪,Ⅱ
medical_device_category_07-05-04,耳声阻抗测量仪,07-05-04,__import__.medical_device_category_07-05,通常由主机、探头和贴耳式耳机组成。,用于进行中耳的声阻抗和静态压的测试。,耳声阻抗测量仪,Ⅱ
medical_device_category_07-06-01,放射性核素骨密度测量设备,07-06-01,__import__.medical_device_category_07-06,通常由放射源、探测器、操作台、计算机、显示器、打印机等组成。,用于利用放射性核素测定骨矿物质含量和密度，为医生诊断骨质疏松疾病提供参考数据。,放射性核素骨密度仪,Ⅱ
medical_device_category_07-06-02,肾及甲状腺功能测量设备,07-06-02,__import__.medical_device_category_07-06,根据临床需要，由一个或多个探测器、计数率仪等组成，还配有计算机等。,用于探测人体器官中放射性随时间变化的动态变化情况，以判断器官的功能，如甲状腺、肾等。,甲状腺功能仪、甲状腺功能测定仪、肾功能仪、肾及甲状腺功能仪,Ⅱ
medical_device_category_07-06-03,伽玛射线探测装置,07-06-03,__import__.medical_device_category_07-06,通常由固体闪烁探测器和电子学元件组成。,用于查找体内放射性活度分布，可在手术中使用。,伽玛射线探测仪,Ⅱ
medical_device_category_07-07-01,1 超声多普勒血流分析设备,07-07-01,__import__.medical_device_category_07-07,通常由探头（一般采用单元探头）、超声波发射/接收电路、信号处理和显示等部分组成。利用超声多普勒频移原理，主要用来探查、测量非胎儿的血流的运动信息。,用于经颅、颈部和外周血管的血流测量等领域，可在手术中使用。用于人体颅内、颈部、胎儿脐带、外周或其它血管的检测，从而获得其血流频谱、速度或声音等信息的设备。,超声多普勒血流分析仪,Ⅲ
medical_device_category_07-07-01,2 超声多普勒血流分析设备,07-07-01,__import__.medical_device_category_07-07,通常由探头（一般采用单元探头）、超声波发射/接收电路、信号处理和显示等部分组成。利用超声多普勒频移原理，主要用来探查、测量非胎儿的血流的运动信息。,用于经颅、颈部和外周血管的血流测量等领域，不可在手术中使用。,超声多普勒血流分析仪,Ⅱ
medical_device_category_07-07-02,1 超声人体组织测量设备,07-07-02,__import__.medical_device_category_07-07,通常由激励振子、超声探头、超声波发射/接收电路、信号处理和显示等部分组成。利用人体组织硬度的差异导致剪切波速度不同的原理，来测量人体组织的硬度。,用于测量人体组织的硬度，一般用于肝脏硬度的测量。,肝功能剪切波量化超声诊断仪,Ⅲ
medical_device_category_07-07-02,2 超声人体组织测量设备,07-07-02,__import__.medical_device_category_07-07,通常由超声波发射电路、接收电路、信号处理显示部分和记录部分等组成。利用超声波传导速度的差异和振幅的衰减来反映人体骨矿含量、骨结构以及骨强度的情况。,用于人体骨密度的测量，确定存在骨质疏松的可能性，评估与年龄无关的骨损失。,超声骨密度仪,Ⅱ
medical_device_category_07-08-01,遥测监护设备,07-08-01,__import__.medical_device_category_07-08,通常由遥测发射盒主机、外接模块、遥测接收箱以及附件组成，可以选配中央充电站。发射盒负责采集病人的生理参数，然后通过无线（可以是WMTS、WIFI或者3G/4G）发送到中央站，中央站进行显示、分析、报警、存储、回顾、打印。发射盒可以自带显示器。,用于对流动的患者进行生命体征的测量、监护。一般有ECG（不含ST、ARR、QT）、SpO2、NIBP。可在床旁使用或佩戴在病人身上使用。,遥测监护系统、心电遥测系统,Ⅱ
medical_device_category_07-08-02,远程监护设备,07-08-02,__import__.medical_device_category_07-08,通常由病人监护终端、路由器、服务器和版权保护设备组成。床旁监护设备或者遥测盒负责采集病人的生理参数，然后通过有线、无线网络发送到远程监护设备。远程监护设备进行显示、分析、报警、存储、回顾、打印。,用于远程测量、监护病人信息。,远程监护系统,Ⅱ
medical_device_category_07-08-03,中央监护系统,07-08-03,__import__.medical_device_category_07-08,通常由中央监护软件、计算机平台、网络设备、外置记录仪、报警系统、外置不间断电源等支持设备组成。不包括床旁监护设备和/或遥测监护设备等终端数据采集设备。通过获取床旁监护设备或者遥测盒等采集设备采集的病人生理参数，通过有线、无线网络发送到中央站，由中央站进行显示、分析、报警、存储、回顾、打印。,用于通过有线或无线局域网络，对床旁监护设备和/或遥测监护设备所获得的生命体征信息进行中央监护。,中央监护系统、中央监护仪,Ⅱ
medical_device_category_07-09-01,1 泌尿、消化动力学测量、分析设备,07-09-01,__import__.medical_device_category_07-09,通常由主机、压力传感器、尿流传感器、肌电等组成。,通过对下尿道的压力、尿流量和肌电特性的定量分析，用于评估尿动力。,尿动力学分析系统、尿流计、尿流量仪,Ⅱ
medical_device_category_07-09-01,2 泌尿、消化动力学测量、分析设备,07-09-01,__import__.medical_device_category_07-09,通常由压力传感器、测压管、肌电模块、信号处理卡和计算机组成。,用于对胃、肛肠的压力、肌电特性的定量分析来评胃、肛肠动力。用于判断消化道动力情况。,胃动力分析仪、肛肠动力分析仪,Ⅱ
medical_device_category_07-09-02,眼震电图设备,07-09-02,__import__.medical_device_category_07-09,通常包括电极、放大器和记录器三部分。通过电极眼部的电信号检测出来，再用放大器加以放大，并用记录器描记下来。,用于眩晕症的检查。,眼震电图仪,Ⅱ
medical_device_category_07-09-03,睡眠呼吸监测设备,07-09-03,__import__.medical_device_category_07-09,通常由记录仪、脑电电极、眼动电极、肌电电极、胸/腹呼吸探头、体位传感器、鼻气流管、脉搏血氧探头和心电电极等组成。记录睡眠时的生理参数进行分析。,用于记录睡眠时各种生理参数，对睡眠障碍、睡眠呼吸紊乱和睡眠呼吸暂停、低通气综合征疾病进行分析、诊断。,睡眠监测记录仪、睡眠监测系统,Ⅱ
medical_device_category_07-09-04,平衡测试设备,07-09-04,__import__.medical_device_category_07-09,通常由测量平台、辅助支架、平衡测试软件等组成。患者站立或坐在测试平台上，对患者平衡能力进行评估。,用于测试人体平衡能力。,平衡测试系统,Ⅱ
medical_device_category_07-09-05,言语障碍测量设备,07-09-05,__import__.medical_device_category_07-09,通常由话筒、信号处理单元、口鼻分录器、言语功能评估与训练用具、软件组成。,用于对言语呼吸、言语发声、言语共鸣、言语构音、言语语音、鼻音等电声信号进行检测、处理，为医疗机构对言语、构音、语音、鼻音障碍的评估、诊断。,言语障碍测量仪,Ⅱ
medical_device_category_07-09-06,心血管功能检测设备,07-09-06,__import__.medical_device_category_07-09,通常由主机、脉搏传感器和检测盒组成。,用于检测心脏功能、血管弹性、血液粘度、微循环等参数。,心血管功能检测仪,Ⅱ
medical_device_category_07-09-07,人体阻抗测量、分析设备,07-09-07,__import__.medical_device_category_07-09,通常由测量平台、测试电极组成。利用电阻抗分析法的原理，测量人体电阻后进行分析计算。,用于分析人体脂肪含量、身体水分、基础代谢与体重比等参考数值。,人体成分分析仪,Ⅱ
medical_device_category_07-09-08,1 酸碱度检测设备,07-09-08,__import__.medical_device_category_07-09,通常由带PH值传感器和数据发送装置的胶囊、数据接收记录装置组成。,用于监测患者胃和食道的pH值等生理参数，对胃食道反流疾病进行检查、诊断。,食道酸碱度检测仪、酸碱度检测仪,Ⅲ
medical_device_category_07-09-08,2 酸碱度检测设备,07-09-08,__import__.medical_device_category_07-09,通常由带PH值传感器的导管、数据记录装置组成。,用于监测患者胃和食道的pH值等生理参数，对胃食道反流疾病进行检查、诊断。,食道酸碱度检测仪、酸碱度检测仪,Ⅱ
medical_device_category_07-10-01,有创血压传感器,07-10-01,__import__.medical_device_category_07-10,通常由血压传感器和血压传输管路组成。血压传感器部分由压力传感器感应元件以及电缆组成。,与有创血压监护主机配合使用，用于动、静脉压测量。,有创压力传感器、压力管,Ⅲ
medical_device_category_07-10-02,电生理标测导管,07-10-02,__import__.medical_device_category_07-10,通常由导管外层、电极、信号电路组成。无菌提供，一次性使用。,与电生理标测设备配合使用，用于心内的电生理检查。,电生理诊断导管、心内标测电极导管,Ⅲ
medical_device_category_07-10-03,体表电极,07-10-03,__import__.medical_device_category_07-10,通常主要由传感元件、连接接头组成。,用于采集并获取受观测者人体体表信号，如心电、脑电信号。,一次性心电电极、心电电极、脑电电极,Ⅱ
medical_device_category_07-10-04,脉搏血氧传感器,07-10-04,__import__.medical_device_category_07-10,通常由传感器、连接器和电缆组成。传感器可以是指夹式、指套式或者绑带式。,与监护仪，脉搏血氧计等配套使用，用来测量脉搏血氧饱和度。,脉搏血氧饱和度传感器,Ⅱ
medical_device_category_07-10-05,导电膏,07-10-05,__import__.medical_device_category_07-10,具有一定导电性能的胶体。,用于在诊断、监护或治疗过程中充填、涂覆于皮肤与电极之间，从而在电极与皮肤之间形成相对稳定的导电连接。,导电膏,Ⅱ
medical_device_category_07-10-06,无创血压袖带,07-10-06,__import__.medical_device_category_07-10,通常由布套、气囊、气管和接头组成。,与无创血压设备配合使用，用于测量无创血压。,血压袖带,Ⅰ
medical_device_category_07-10-07,心电导联线,07-10-07,__import__.medical_device_category_07-10,通常由连接仪器的插头、主电缆、连接器、导联线和导联线按钮组成。,与监护仪、心电图机等配套使用，连接于仪器和电极之间，用于传递自人体体表采集到的电生理信号。不包括防除颤功能的提供。,心电导联线,Ⅰ
medical_device_category_08-01-01,治疗呼吸机（生命支持）,08-01-01,__import__.medical_device_category_08-01,通常由通气控制系统、监测系统、报警系统以及控制显示界面组成，一般配有医用气体低压软管组件、呼吸回路、内部电源、台车、机械臂等附件或辅助功能模块，是一种为增加或供给患者的通气而设计的自动装置。,用于对呼吸暂停或呼吸衰竭、依赖于机械通气的患者进行长时间的通气辅助和呼吸支持，患者完全依靠或部分依靠此类设备通气护理。通常在医疗机构内重症监护环境中使用，也可在院内转运时使用。,治疗呼吸机、呼吸机,Ⅲ
medical_device_category_08-01-02,急救和转运用呼吸机,08-01-02,__import__.medical_device_category_08-01,通常由通气控制系统、报警系统以及控制界面组成，一般配有医用气瓶、医用气体低压软管组件、监测系统、内部电源、无重复呼吸排气阀、机架等附件或辅助功能模块，外观通常为橙色。是一种具有自动机械通气功能的便携式设备。,用于对呼吸衰竭的患者进行紧急通气抢救，用于对呼吸衰竭的患者进行紧急通气抢救，常用于急救场所和转运过程中（如救护车上）。,急救呼吸机、院外转运呼吸机、急救和转运呼吸机,Ⅲ
medical_device_category_08-01-03,高频呼吸机,08-01-03,__import__.medical_device_category_08-01,通常由通气控制系统、监测系统、报警系统以及控制显示界面组成，一般配有医用气体低压软管组件、呼吸回路、湿化器、台车、机械臂、喷针或振荡模块等附件或辅助功能模块。是一种可实现频率大于60次/min自动机械通气功能的设备，分为高频振荡呼吸机和高频喷射呼吸机，一般也可进行常频通气。,用于在医护人员的监控下，供呼吸衰竭和气压性创伤患者以及需要呼吸支持、呼吸治疗及急救复苏的患者使用。,高频喷射呼吸机、高频振荡呼吸机,Ⅲ
medical_device_category_08-01-04,家用呼吸机（生命支持）,08-01-04,__import__.medical_device_category_08-01,通常由通气控制系统、监测系统和控制显示界面组成，一般通过控制涡轮转速使气道压力达到预设压力，从而实现单水平或双水平持续正压通气支持，通常配有医用气体低压软管组件、报警系统、呼吸管路、湿化器等附件或辅助功能模块。是一种具有自动机械通气功能的设备。,用于为依赖呼吸机的患者提供或增加肺通气。可用于家庭环境，也可用于医疗机构，无需持续的专业监控，通常是在受过不同程度培训的非医护人员监控下使用。,呼吸机、家用呼吸机,Ⅲ
medical_device_category_08-01-05,家用呼吸支持设备（非生命支持）,08-01-05,__import__.medical_device_category_08-01,通常由通气控制系统、监测系统和控制显示界面组成，一般通过控制涡轮转速使气道压力达到预设压力，从而实现单水平或双水平持续正压通气支持，通常配有报警系统、呼吸管路、湿化器等附件或辅助功能模块。是一种具有自动机械通气功能的设备。,用于为中轻度呼吸衰竭和呼吸功能不全等不依赖通气支持的患者提供通气辅助及呼吸支持。仅作为增加患者通气量的设备，可用于家庭环境，也可用于医疗机构。,家用呼吸支持设备、家用无创呼吸机、无创呼吸机、持续正压呼吸机、持续正压通气机,Ⅱ
medical_device_category_08-01-06,睡眠呼吸暂停治疗设备,08-01-06,__import__.medical_device_category_08-01,通常由通气控制系统和控制界面组成，一般通过控制涡轮转速使气道压力达到预设压力，从而实现单水平或双水平持续正压通气支持，通常配有监测系统、呼吸管路、湿化器等附件或辅助功能模块。是一种具有自动机械辅助通气功能的设备。,用于缓解病人睡眠过程中的打鼾、低通气和睡眠呼吸暂停，从而达到辅助治疗目的。通常用于家庭环境，也可用于医疗机构。,睡眠呼吸机、睡眠无创呼吸机、持续正压呼吸机、双水平无创呼吸机、正压通气治疗机,Ⅱ
medical_device_category_08-02-01,麻醉机,08-02-01,__import__.medical_device_category_08-02,通常由供气系统、流量控制系统、麻醉蒸发器、麻醉呼吸回路组成，通常配有麻醉呼吸机，可选配麻醉气体传递和收集系统，麻醉气体、氧气和/或二氧化碳气体监测模块等附件。,用于手术中患者吸入麻醉、呼吸控制或呼吸辅助以及监控和显示患者的通气参数和气体浓度参数。,麻醉机、麻醉系统、便携式麻醉机、麻醉工作站,Ⅲ
medical_device_category_08-02-02,麻醉穿刺针,08-02-02,__import__.medical_device_category_08-02,通常由衬芯座、针座、针管、保护套、衬芯组成。针管一般采用不锈钢材料制成；衬芯一般采用不锈钢或塑料材料制成。,用于对人体进行穿刺，注射药物。,一次性使用麻醉用针,Ⅲ
medical_device_category_08-02-03,吸入镇痛装置,08-02-03,__import__.medical_device_category_08-02,通常由供气控制系统、监测系统和报警系统组成。是混合氧气和氧化亚氮，输出氧化亚氮气体浓度不超过70%的混合气体供患者吸入，实现镇痛作用的设备。,用于临床分娩、人工流产、口腔治疗及消化道内窥镜检查时的清醒镇静、镇痛。,吸入氧化亚氮（笑气）镇痛装置,Ⅲ
medical_device_category_08-03-01,体外除颤设备,08-03-01,__import__.medical_device_category_08-03,通过电极将电脉冲施加在患者的皮肤（体外电极）或暴露的心脏（体内电极），从而实现对心脏进行除颤的设备。,用于对心室颤动、室性心动过速、疑似心脏骤停患者的急救。,手动体外除颤器、半自动体外除颤器、自动体外除颤器,Ⅲ
medical_device_category_08-03-02,婴儿培养箱,08-03-02,__import__.medical_device_category_08-03,通常由主机、皮肤/空气温度传感器、氧浓度传感器、湿度传感器、罩子组成，具有可安放和观察婴儿的婴儿舱，该婴儿舱是由已加热空气来控制婴儿特定环境。,主要用于为低体重婴儿、病危病弱婴儿、早产儿提供一个空气洁净，温湿度适宜的培养治疗环境，用于恒温培养、体温复苏、输液、输氧、抢救、住院观察等。转运培养箱还用于安全地转运婴儿。,婴儿培养箱、婴儿转运培养箱,Ⅲ
medical_device_category_08-03-03,婴儿辐射保暖台,08-03-03,__import__.medical_device_category_08-03,通常由带婴儿床、主机、加热温控仪、床垫加热器、辐射热源在内的电功率装置组成。,用电磁光谱红外范围的直接辐射能量来保持婴儿患者的热平衡。,婴儿辐射保暖台,Ⅲ
medical_device_category_08-03-04,心肺复苏设备,08-03-04,__import__.medical_device_category_08-03,通常由按压控制系统、按压装置、心肺复苏板、通气控制系统组成，一般配有氧气瓶、氧气减压器、医用气体低压软管组件、呼吸通气系统、呼吸管路和监测系统等附件或辅助功能模块。是一种通过按压患者胸部并进行间隙性通气从而实现心肺复苏功能的自动装置。,用于对心跳呼吸骤停的患者进行呼吸救助和胸外按压等心肺复苏抢救。,心肺复苏器、胸外按压装置,Ⅱ
medical_device_category_08-03-05,人工复苏器（简易呼吸器）,08-03-05,__import__.medical_device_category_08-03,通常由进气阀、压缩单元（如气囊）和患者阀组成，一般配有储气袋、呼吸面罩等附件。是一种通过操作者按压设备上压缩单元（如气囊），从而实现向患者肺部通气的复苏装置。,用于供电供气不完备场合和紧急情况下对突发呼吸困难或呼吸衰竭的患者实施人工呼吸急救时提供肺通气。,便携式氧气呼吸器、简易呼吸器、人工复苏器、人工呼吸器、一次性使用简易呼吸器、一次性使用人工复苏器,Ⅱ
medical_device_category_08-03-06,气动急救复苏器,08-03-06,__import__.medical_device_category_08-03,通常由通气控制系统组成，一般配有医用气瓶、医用气体低压软管组件、呼吸管路、面罩等附件或辅助功能模块。是一种以压缩气体为动力源，以手动或自动方式给突发呼吸困难的人员在复苏中提供肺通气的可携带设备。,用于紧急情况下对突发呼吸困难或呼吸衰竭的患者实施呼吸急救时提供肺通气。,气动急救复苏器、婴儿复苏器,Ⅱ
medical_device_category_08-04-01,医用分子筛制氧系统,08-04-01,__import__.medical_device_category_08-04,通常由空气压缩系统、气源净化系统、空气罐、医用分子筛吸附分离系统、成品气罐、控制系统、监测和报警系统等组成。一种利用分子筛变压吸附原理，从空气中富集氧气，用于生产富氧空气（93%氧）或医用氧的气源系统。,用于生产富氧空气（93%氧）或医用氧，经医用气体管道系统向其他用氧医疗器械提供气源，并按其临床适用范围向患者供氧。,医用分子筛制氧系统、医用中心制氧系统、医用氧气浓缩器供气系统,Ⅱ
medical_device_category_08-04-02,医用分子筛制氧机,08-04-02,__import__.medical_device_category_08-04,通常由空气压缩泵、医用分子筛吸附分离系统、93%氧罐、输出流量控制显示装置、氧浓度监测装置、计时装置和报警系统组成。一般配有湿化瓶和鼻氧管等附件或辅助功能模块。一种利用分子筛变压吸附原理，通过分离大气中的氮气和氧气生产93%氧，直接供缺氧患者吸入的设备。,用于生产富氧空气（93%氧）或医用氧，按其临床适用范围向患者供氧。,医用分子筛制氧机、家用分子筛制氧机、小型医用制氧机、便携式制氧机、医用氧气浓缩器,Ⅱ
medical_device_category_08-04-03,医用膜分离制氧系统,08-04-03,__import__.medical_device_category_08-04,通常由空气压缩与预处理设备、医用膜分离制氧主机、控制与监测仪器仪表、管道附件等组成。一种利用膜分离技术原理，从空气中富集氧气，用于生产满足GB 8982以及《中国药典》要求的富氧空气（93%氧）或医用氧的气源系统。,用于生产医用氧或富氧空气（93%氧），经医用气体管道系统向其他用氧医疗器械提供气源，并按其临床适用范围向患者供氧。,医用膜分离制氧系统、医用中心制氧系统、膜分离富氧系统,Ⅱ
medical_device_category_08-04-04,医用膜分离制氧机,08-04-04,__import__.medical_device_category_08-04,通常由空气压缩与预处理设备、医用膜分离制氧主机、控制与监测仪器仪表、管道附件等组成。一种利用膜分离技术原理，从空气中富集氧气，用于生产满足GB 8982以及《中国药典》要求的富氧空气（93%氧）或医用氧，供缺氧患者吸入的设备。,用于生产医用氧或富氧空气（93%氧），按其临床适用范围向患者供氧。,医用膜分离制氧机、家用膜分离制氧机、小型医用制氧机、便携式制氧机、膜分离弥散富氧机,Ⅱ
medical_device_category_08-04-05,氧气发生器,08-04-05,__import__.medical_device_category_08-04,通常由筒体和上盖组成，可配有吸氧管等附件。氧气发生器是以水为原料，利用水电解制氧剂使制氧剂发生化学反应，从而产生氧气的设备。,用于生产医用氧气，并向患者提供临床呼吸用氧。,手提式氧气发生器,Ⅱ
medical_device_category_08-05-01,麻醉蒸发器,08-05-01,__import__.medical_device_category_08-05,通常由麻醉剂储存蒸发腔体、连接件、浓度调节装置、麻醉剂灌充排放系统、各种补偿装置组成，一般配有互锁装置。是一种提供浓度可控的吸入麻醉剂蒸气的装置，作为麻醉机的关键部件用于持续的手术麻醉。,用于汽化挥发性麻醉剂，并通过麻醉机将麻醉剂输送到患者呼吸系统，使手术中的患者处于全身麻醉的状态。,麻醉蒸发器、蒸发器、麻醉气体输送装置,Ⅲ
medical_device_category_08-05-02,医用呼吸道湿化器,08-05-02,__import__.medical_device_category_08-05,通常与呼吸机或氧气吸入器配套使用，一般由温度控制系统、湿化室和加热装置组成，或仅由进气口、贮水瓶、湿化室和出气口组成。是一种用于提高输送给患者的医用气体湿度水平的设备或装置。,用于湿化输送给患者的呼吸气体。,医用呼吸道湿化器、医用呼吸湿化器、医用氧气湿化器、氧气湿化器、氧气湿化瓶、一次性使用氧气湿化瓶、一次性使用氧气湿化器,Ⅱ
medical_device_category_08-05-03,呼吸系统过滤器,08-05-03,__import__.medical_device_category_08-05,通常由壳体和滤芯组成，包含一个进气口和一个出气口，可有若干气体采样口和密封盖，一般为无菌供应。一种安装在麻醉和呼吸设备的呼吸回路中，用于降低呼吸系统中包括微生物在内的粒子数量的装置。,用于过滤患者吸入气体中包括微生物在内的颗粒，以防止患者呼吸系统交叉感染。,呼吸气体过滤器、一次性使用呼吸气体过滤器,Ⅱ
medical_device_category_08-05-04,热湿交换器,08-05-04,__import__.medical_device_category_08-05,通常由储水储热材料和壳体组成，包括一个进气口和一个出气口。有的热湿交换器兼有呼吸系统过滤器功能。一种安装在呼吸回路的患者端，通过保留患者呼气中部分水分和热量，并在吸气过程中将其返回到呼吸道的器械，俗称人工鼻。,用于提高输送给呼吸道的气体中的水分含量和温度。,热湿交换器、热湿交换过滤器、一次性使用热湿交换器、一次性使用热湿交换过滤器,Ⅱ
medical_device_category_08-05-05,1 呼吸管路辅助器械,08-05-05,__import__.medical_device_category_08-05,通常用于实现气道产品间的连接，或辅助插入气道等的附件。,用于气道连接、取样、导入等功能的附件。,气道接头、经皮气管切开导入器、盲探气管插管装置,Ⅱ
medical_device_category_08-05-05,2 呼吸管路辅助器械,08-05-05,__import__.medical_device_category_08-05,通常由气囊测压表由压力表和延长管组成。非无菌产品。,用于各种气管插管、气管切开插管、双腔支气管插管等的高容量低压气管插管的插管气囊压力检测。,气囊测压表,Ⅰ
medical_device_category_08-05-06,气管插管用喉镜,08-05-06,__import__.medical_device_category_08-05,通常由手柄、窥视片、内部电源和照明用光源组成，可带有视频显示功能。是一种气管插管时使用的辅助器械。,供临床挑起患者会厌部暴露声门，指引医护人员准确进行气道插管供麻醉或急救用，也可用于口腔内诊察、治疗。,麻醉喉镜、麻醉咽喉镜、视频麻醉喉镜、气管插管用喉镜、一次性使用麻醉喉镜、一次性使用麻醉咽喉镜、一次性使用麻醉窥视片、一次性使用可视喉镜窥视片、一次性使用喉镜窥视片,Ⅱ
medical_device_category_08-05-07,雾化设备/雾化装置,08-05-07,__import__.medical_device_category_08-05,通过超声波、自带的电动泵、外接气源等方式进行雾化。是一种用于把液体转化为气雾剂的设备或装置。,用于对液态药物进行雾化，并通过患者吸入，起到预期的治疗效果。,医用超声雾化器、医用压缩式雾化器、医用雾化器、喷雾器、雾化组件、一次性使用医用雾化器、一次性使用喷雾器,Ⅱ
medical_device_category_08-05-08,麻醉储气囊,08-05-08,__import__.medical_device_category_08-05,通常由呼吸袋和连接件组成，是麻醉机的麻醉呼吸系统中储存气体的弹性容器。,用于麻醉过程中储存来自麻醉机的新鲜气体，在手动模式下可通过按压麻醉储气囊进行手动通气。,麻醉储气囊、呼吸囊,Ⅱ
medical_device_category_08-05-09,麻醉废气吸附器,08-05-09,__import__.medical_device_category_08-05,通常由气体输入口、含吸附材料的吸附腔、气体输出口组成，一般安装在麻醉机废气排放口，也可安装在麻醉呼吸回路的吸气口。是一种可以吸附吸入式麻醉剂的装置。,用于临床全麻手术时，吸附来自麻醉机排放口的麻醉残气，降低排放到手术室中麻醉气体的浓度，或用于临床全麻手术后，吸附麻醉呼吸回路中的麻醉残气，使全麻患者尽快苏醒。,一次性使用麻醉废气吸附器、麻醉废气吸附器、麻醉气体吸附器,Ⅱ
medical_device_category_08-05-10,麻醉气体净化传递和收集系统,08-05-10,__import__.medical_device_category_08-05,通常由连接口、储气罐等组成，用于传输和收集麻醉废气并进行集中净化处理的装置。,用于输送呼出和/或排除的多余麻醉气体至适当排放处。,麻醉气体净化系统,Ⅱ
medical_device_category_08-05-11,吸氧头罩,08-05-11,__import__.medical_device_category_08-05,通常由罩体、进气口、采样口组成。,供患者（主要是新生儿）吸氧用。,新生儿吸氧头罩,Ⅱ
medical_device_category_08-05-12,除颤电极,08-05-12,__import__.medical_device_category_08-05,通常由电极片和连接电缆组成。,通过与除颤器连接进行体外除颤。,除颤电极,Ⅱ
medical_device_category_08-05-13,呼吸训练器,08-05-13,__import__.medical_device_category_08-05,通常由咬嘴、吸气容量主体腔、指示球、进气管等组成。是一种用于锻炼并恢复呼吸功能的装置。非无菌产品。,用于胸肺部疾病、外科手术、麻醉、机械通气等导致肺功能下降后，患者肺呼吸功能恢复；减少和预防术后肺部并发症。,呼吸训练器、深呼吸训练器,Ⅰ
medical_device_category_08-05-14,二氧化碳吸收器（含二氧化碳吸收剂）,08-05-14,__import__.medical_device_category_08-05,通常包括罐体、进气口和出气口，预装有二氧化碳吸收剂；二氧化碳吸收剂为多孔疏松状结构的大小均匀颗粒，一般含变色指示剂，吸收二氧化碳后由粉红色变成淡黄色或由白色变成紫色。非无菌产品。,用于二氧化碳等酸性气体的吸收，与麻醉机配套使用。,二氧化碳吸收器、二氧化碳吸收剂、医用钙石灰、医用钠石灰、医用碱石灰、二氧化碳吸收剂（钙石灰）、二氧化碳吸收剂（钠石灰）、二氧化碳吸收剂（碱石灰）,Ⅰ
medical_device_category_08-05-15,氧气吸入器,08-05-15,__import__.medical_device_category_08-05,通常由氧气输出接口、安全阀、氧气压力表、流量管、流量调节阀等组成。不包括氧气输出端与雾化装置连用、提供附加雾化药液功能的氧气吸入器；不含湿化装置。非无菌产品。,用于急救给氧和缺氧病人氧气吸入。,浮标式氧气吸入器、墙式氧气吸入器、手提式氧气吸入器、供氧系统氧气吸入器、氧气吸入器,Ⅰ
medical_device_category_08-06-01,硬膜外麻醉导管,08-06-01,__import__.medical_device_category_08-06,通常由管路和连接件组成，其设计可通过专用腰锥穿刺针插入硬膜外腔，并向里注射麻醉药起到阻滞神经的作用。无菌提供，一次性使用。,用于硬膜外麻醉。,硬膜外麻醉导管,Ⅲ
medical_device_category_08-06-02,1 呼吸管路,08-06-02,__import__.medical_device_category_08-06,通常为 “人”字形或“一”字形结构的波纹管，部分管路可以做轴向伸缩，人字形结构的管路由吸气支路和呼气支路组成，一般由塑料或硅橡胶材料制成的。具有加热功能的呼吸管路还包括加热丝和电源适配器。一次性或重复使用。,常用于呼吸机、麻醉机与面罩或气管插管等器械之间的气路连接。加热呼吸管路具有加热呼吸管路内气体功能，可防止冷凝水的产生。,麻醉呼吸管路、抗静电呼吸管路（黑色）、重复性使用硅橡胶呼吸管路、一次性使用呼吸管路、加热呼吸管路、气体波纹连接管,Ⅱ
medical_device_category_08-06-02,2 呼吸管路,08-06-02,__import__.medical_device_category_08-06,通常为“一”字形结构的波纹管或软管，也可包含咬嘴，一般由塑料或硅橡胶材料制成。无菌提供。,用于雾化时连接雾化器与雾化面罩或咬嘴，含有咬嘴的直接连接雾化器与患者，供患者吸入雾化气体或用于连接气源与雾化装置。,一次性使用雾化管、一次性使用雾化吸入管,Ⅱ
medical_device_category_08-06-02,3 呼吸管路,08-06-02,__import__.medical_device_category_08-06,通常为“一”字形结构的波纹管或软管，也可包含咬嘴，一般由塑料或硅橡胶材料制成。非无菌提供。,用于雾化时连接雾化器与雾化面罩或咬嘴，含有咬嘴的直接连接雾化器与患者，供患者吸入雾化气体；或用于连接气源与雾化装置。,雾化管、雾化吸入管、一次性使用雾化管、一次性雾化吸入管,Ⅰ
medical_device_category_08-06-03,1 气管内插管/气管套管,08-06-03,__import__.medical_device_category_08-06,常见的插管头部有一个或两个套囊，套囊充起后可以起到固定插管和密封气道的作用，也可以不带套囊。插管管身通常由高分子材料制成，管身内埋有钢丝线圈，以提高径向强度和轴向柔软度。部分插管管身采用抗激光材料或复层，以抗激光照射。为经鼻/口或经皮插入病人气管的插管。一端通过呼吸管路与麻醉呼吸机连接，以维持病人呼吸。无菌提供，一次性使用。,用于插入患者气管和/或支气管，为患者特别是不能自主呼吸患者创建一个临时性的人工呼吸通道。,气管插管、加强型气管插管、抗激光气管插管、气管切开插管、气管支气管插管、可视气管插管,Ⅱ
medical_device_category_08-06-03,2 气管内插管/气管套管,08-06-03,__import__.medical_device_category_08-06,通常由底板、内套管、外套管和管芯组成。,用于插入患者气管，为患者特别是不能自主呼吸患者创建一个临时性的人工呼吸通道。,气管套管、气管切开套管、一次性使用气管套管,Ⅱ
medical_device_category_08-06-04,食道气管插管,08-06-04,__import__.medical_device_category_08-06,插管的头部和中间部位各有一个充气套囊，头部套囊供插入食道，另一个套腔留在口腔舌根部，两个套囊充起起固定作用的同时，封住了口部和食道，使气体只能向气管方向流进流出。无菌提供，一次性使用。,用于使患者气管与呼吸机之间建立呼吸通道。,食道气管双腔插管,Ⅱ
medical_device_category_08-06-05,喉罩,08-06-05,__import__.medical_device_category_08-06,通常由套囊、充气管、喉罩插管、机器端、接头、指示球囊等组成，插到喉部后通过充起套囊堵塞口腔和食道，同时又能使患者气管保持畅通。一般无菌提供，一次性使用。,用于插入患者食道，为患者创建一个临时性的人工呼吸气道。,喉罩、双管喉罩、加强型喉罩、一次性使用可视喉罩,Ⅱ
medical_device_category_08-06-06,口咽/鼻咽通气道,08-06-06,__import__.medical_device_category_08-06,通常由高分子材料制成，是一种带有凸缘末端的管状器械。可以无菌提供。,用于为因舌后坠引起气道阻塞的患者建立口/鼻咽通气道。,口咽通气道、鼻咽通气道,Ⅱ
medical_device_category_08-06-07,支气管堵塞器,08-06-07,__import__.medical_device_category_08-06,通常由导管、导管座、球囊、球囊充盈接头、多路气道转换接头等器件组成。球囊供插入支气管插管充起后可以临时封堵支气管。,用于需要单肺通气的手术中，插入患者的支气管内，达到阻断左肺气道或右肺气道的目的。,支气管堵塞器、支气管阻塞器、支气管内阻断器、支气管封堵导管、可控单侧支气管封堵导管、支气管封堵导管、一次性使用堵塞器,Ⅱ
medical_device_category_08-06-08,1 鼻氧管,08-06-08,__import__.medical_device_category_08-06,通常由进氧接口、氧气软管、调节环、鼻塞（或面罩）等组成。鼻氧管与输氧系统连接，供患者吸入氧气使用。一次性使用。,用于吸氧时氧源与吸氧者之间的氧气直接输送或湿化后输送。,一次性使用鼻氧管、一次性使用吸氧管,Ⅱ
medical_device_category_08-06-08,2 鼻氧管,08-06-08,__import__.medical_device_category_08-06,通常由进氧接口、氧气软管、调节环、鼻塞（或面罩）等组成。鼻氧管与输氧系统连接，供患者吸入氧气使用。非无菌提供。,用于吸氧时氧源与吸氧者之间的氧气直接输送或湿化后输送。,鼻氧管、吸氧管、输氧管,Ⅰ
medical_device_category_08-06-09,呼吸道用吸引导管（吸痰管）,08-06-09,__import__.medical_device_category_08-06,通常由高分子材料制成的管路、吸引控制装置和接头组成。接头与医院里的吸引源连接后，对气管插管内的气道分泌物（痰）进行吸引，以使气路畅通。部分产品还具备收集和存放这些分泌物的功能。一般无菌提供，一次性使用。,用于吸出患者特别是插入气管插管患者气道内的分泌物，以保持气道畅通。,呼吸道用吸引导管、痰液收集式呼吸道吸引导管、婴儿呼吸道用吸引导管、支气管吸引装置、封闭式吸痰装置、吸痰管、一次性使用封闭式吸痰管,Ⅱ
medical_device_category_08-06-10,呼吸面罩,08-06-10,__import__.medical_device_category_08-06,通常由头带、前额软垫、面罩架、接口盖、松紧带和硅胶密封罩组成，直接与患者接触经患者口、鼻腔通气。,与简易呼吸器、呼吸机配套使用，用作气体进入患者体内的通道。,呼吸面罩、一次性使用呼吸面罩,Ⅱ
medical_device_category_08-06-11,持续正压通气用面罩、口罩、鼻罩,08-06-11,__import__.medical_device_category_08-06,通常由鼻罩、口罩或口鼻罩主体，固定头带、气路接口、排气口、防窒息阀等组成；直接与患者面部接触，经鼻腔和/或口腔通气的界面连接装置。,用于慢性呼吸功能不全、改善通气和睡眠治疗等无创通气支持。,鼻罩、口鼻罩、呼吸用口罩,Ⅱ
medical_device_category_08-06-12,1 雾化面罩,08-06-12,__import__.medical_device_category_08-06,通常由接口、罩体组成。组成面罩的材料有塑料等。一次性使用，无菌提供。,用于连接雾化设备实施雾化。,一次性使用雾化面罩,Ⅱ
medical_device_category_08-06-12,2 雾化面罩,08-06-12,__import__.medical_device_category_08-06,通常由接口、罩体组成。组成面罩的材料有塑料等。非无菌提供。,,雾化面罩,Ⅰ
medical_device_category_08-06-13,麻醉面罩,08-06-13,__import__.medical_device_category_08-06,通常由接口、气囊、罩体组成。组成面罩的材料有塑料等。一次性使用或重复使用均可。,用于连接呼吸管路实行麻醉气体输送，供病人吸入麻醉气体。,麻醉面罩、一次性使用麻醉面罩,Ⅱ
medical_device_category_08-06-14,1 输氧面罩,08-06-14,__import__.medical_device_category_08-06,通常由面罩和连接管等组成。采用医用高分子材料制成。无菌提供。,用于对缺氧患者进行输氧，作为氧气进入患者体内的通道。,一次性使用输氧面罩,Ⅱ
medical_device_category_08-06-14,2 输氧面罩,08-06-14,__import__.medical_device_category_08-06,通常由面罩和连接管等组成。采用医用高分子材料制成。非无菌提供。,用于对缺氧患者进行输氧，作为氧气进入患者体内的通道。,输氧面罩、医用吸氧面罩,Ⅰ
medical_device_category_08-07-01,医用空气压缩机,08-07-01,__import__.medical_device_category_08-07,通常由压缩泵、储气装置、压力表、管道、阀门、连接装置等组成。,与呼吸机等配套使用，用于制取医用压缩空气，为呼吸机或类似呼吸通气系统、医疗机构的集中供气系统提供压缩空气源。,医用空气压缩机,Ⅱ
medical_device_category_08-07-02,医用气体混合器,08-07-02,__import__.medical_device_category_08-07,通常由主机（气体压力平衡处理模块、气体比例分配控制模块、气体差压或缺压报警模块）、出气口、氧气进气口、空气进气口、氧气浓度调节装置等组成。,用于对输入的医用氧和空气按照设定浓度进行混合，对空氧混合气体的氧浓度和流量调节和控制。,空氧混合器、空氧混合仪、医用空氧混合器,Ⅱ
medical_device_category_08-07-03,供氧、排氧器,08-07-03,__import__.medical_device_category_08-07,通常由供、排氧气囊阀、管路、吸排氧套件（包括吸、排氧波纹管、三通、面罩、头罩及鼻插管）、软管插接管、阀门和供氧动态显示装置组成。,用于医疗机构供患者吸氧或排氧使用。充氧后可用于为家庭和医疗机构提供氧疗或急救用氧。,全自动供排氧器、双气囊式自动供排氧器、供氧器、医用供氧器、便携式医用供氧器、便携式医用保健供氧器,Ⅱ
medical_device_category_08-07-04,医用压缩气体供应系统,08-07-04,__import__.medical_device_category_08-07,通常由中心供气系统、管道分配系统、监测和报警系统，以及终端等组成。压缩气体通过管道分配系统输送到手术室、抢救室、治疗室和各个病房的终端处。,用于医院集中供气。,医用中心供氧系统、医院集中供氧系统、医用空气集中供应系统,Ⅱ
medical_device_category_08-07-05,医用气体汇流排,08-07-05,__import__.medical_device_category_08-07,通常由供电装置、气体阀门、流量控制阀、气体偏差控制器等组成，不含气瓶。,用于当气体主管线压力不足时，自动使用备用气瓶，保证气体的正常供应。,医用气体汇流排、医用气体汇集排,Ⅱ
medical_device_category_08-07-06,医用气体报警系统,08-07-06,__import__.medical_device_category_08-07,通常由显示面板和控制电路组成。是医用供气系统的监控部分。,用于医疗机构对医用气体设备状况进行监测。,医用气体报警系统,Ⅱ
medical_device_category_09-01-01,1 电位治疗设备,09-01-01,__import__.medical_device_category_09-01,通常由主机、治疗毯（垫）、局部治疗头、踏板电极、地电极、治疗椅等组成。该类设备将人体全部或局部置于电场中，通过1000V至30000V的高电压产生的电场进行治疗。,用于头疼、失眠、慢性便秘和软组织损伤引起的疼痛等病症的辅助治疗。,电位治疗仪、高电位治疗仪、高电位治疗机,Ⅲ
medical_device_category_09-01-01,2 电位治疗设备,09-01-01,__import__.medical_device_category_09-01,通常由主机、治疗毯（垫）、局部治疗头、踏板电极、地电极、治疗椅等组成。该类设备将人体全部或局部置于电场中，通过低于1000V的电压产生的电场进行治疗。,用于头疼、失眠、慢性便秘和软组织损伤引起的疼痛等病症的辅助治疗。,低电位治疗仪,Ⅱ
medical_device_category_09-01-02,直流电治疗设备,09-01-02,__import__.medical_device_category_09-01,通常由主机、电极等组成。通过直流电流使肿瘤区域发生电化学和/或电生理反应。,用于肿瘤或病变的辅助治疗。,电化学治疗仪,Ⅲ
medical_device_category_09-01-03,1 低中频治疗设备,09-01-03,__import__.medical_device_category_09-01,通常由主机和电极组成。电极置于体内对组织进行电刺激。,用于对炎症等进行辅助治疗。,体内电子脉冲治疗仪,Ⅲ
medical_device_category_09-01-03,2 低中频治疗设备,09-01-03,__import__.medical_device_category_09-01,通常由主机和电极等附件组成。使用1kHz以下的低频电流，通过电流流经人体组织，使人体发生电化学和/或电生理反应。,用于兴奋神经肌肉组织、镇痛、消炎、促进局部血液循环等。,神经和肌肉刺激器、低频电疗仪、低频治疗仪,Ⅱ
medical_device_category_09-01-03,3 低中频治疗设备,09-01-03,__import__.medical_device_category_09-01,通常由主机和电极等附件组成。使用1kHz～100kHz的中频电流，可通过低频调制或产生干扰波的方式流经人体组织，使人体发生电化学和/或电生理反应。,用于镇痛；改善局部血液循环、促进炎症消散；软化瘢痕、松解粘连等。,中频电疗仪、干扰电治疗仪,Ⅱ
medical_device_category_09-01-04,静电贴敷器具,09-01-04,__import__.medical_device_category_09-01,通常由能产生静电的物质和包裹该物质的医用贴敷材料组成。利用低压静电场对置于场中的人体组织进行治疗的设备。,用于缓解颈、肩、腰、腿等关节和软组织损伤引起的疼痛。,静电理疗贴、静电治疗膜、静电理疗膜,Ⅱ
medical_device_category_09-01-05,1 神经和肌肉刺激器用电极,09-01-05,__import__.medical_device_category_09-01,通常由电极线、塑料基体和导电材料组成。将刺激器输出的电刺激信号通过导电材料传导到人体腔道。,用于人体腔道内，将主机发出的电刺激电流传导至人体，或将局部的电信号传至主机。,神经和肌肉刺激器用体内电极,Ⅱ
medical_device_category_09-01-05,2 神经和肌肉刺激器用电极,09-01-05,__import__.medical_device_category_09-01,通常由导电材料和连接线组成。导电材料接触皮肤表面，将刺激器输出的电刺激信号通过导电材料传导到皮肤。,用于皮肤表面，将电疗设备输出的电刺激信号通过导电材料传导到人体。,理疗用体表电极、中低频理疗用体表电极、神经和肌肉刺激器用体表电极,Ⅰ
medical_device_category_09-01-05,3 神经和肌肉刺激器用电极,09-01-05,__import__.medical_device_category_09-01,通常由导电材料及硅胶组成。,使用时，贴附在理疗部位。配合中低频、干扰电等电疗设备，将电疗设备输出的电刺激信号传导到人体皮肤表面。,理疗电极、理疗电极片、固定/导电用电极片、穿戴式理疗电极,Ⅰ
medical_device_category_09-02-01,1 热传导治疗设备,09-02-01,__import__.medical_device_category_09-02,通常由主机、加热装置、测控温装置、灌注装置（如滚压泵和循环水箱）、管道组件、引流管等组成。治疗时将具有特定温度的热水（可含有化疗药物）灌注到腹腔内，使病灶直接浸泡其中，同时通过引流管将热水回流到设备。,用于腹腔恶性肿瘤或腹膜转移的癌性腹水的物理治疗。,体腔热灌注治疗机、体腔热灌注治疗系统,Ⅲ
medical_device_category_09-02-01,2 热传导治疗设备,09-02-01,__import__.medical_device_category_09-02,通常由主机、人体接触的治疗面（床）、温度保护装置等部件组成。一般具有温度调节功能，并且能保持治疗面在设定温度下小范围波动。工作时，通过保持治疗面的温度在小范围波动，以传导的方式将热能传递至与治疗面接触的人体（或局部）。,用于缓解肌肉痉挛、粘液囊炎、肌腱炎、纤维性肌肉痛等病症。,热垫式治疗仪、温热理疗床,Ⅱ
medical_device_category_09-02-01,3 热传导治疗设备,09-02-01,__import__.medical_device_category_09-02,通常由加热装置、温度传感器、温控电路、动力装置以及应用部分（如加热毯、加热垫等）组成。在动力装置驱动下，依靠对循环介质（如：水、空气）的加热，给患者全身或身体局部提供热量。,用于医疗机构对病人低体温症的治疗。,医用加温毯、加热手术垫、医用电热毯、医用电热垫、医用升温毯,Ⅱ
medical_device_category_09-02-01,4 热传导治疗设备,09-02-01,__import__.medical_device_category_09-02,通常含有发热材料，并封装于医用无纺布或其他医用材料内。不具有温度保护装置，使用时直接贴敷于患部，以传导的方式将热量传递于患处。,用于促进局部血液循环、辅助消炎、消肿和止痛。,热敷贴、远红外治疗贴、直贴式温热理疗贴,Ⅱ
medical_device_category_09-02-01,5 热传导治疗设备,09-02-01,__import__.medical_device_category_09-02,通常由主机、熔腊装置、温度控制装置、温度检测装置、腊等组成。利用加热熔解的石蜡、蜂蜡作为导热体，将热能传至机体达到治疗作用的设备。,用于促进局部血液循环，促进上皮组织生长，软化松解瘢痕，消除肿胀，松解粘连，镇痛解痉的辅助治疗。,电脑恒温电蜡疗仪、电热蜡疗包、电热蜡疗袋,Ⅱ
medical_device_category_09-02-02,热辐射治疗设备,09-02-02,__import__.medical_device_category_09-02,通常由主机、热源辐射器、防护罩、控制装置等组成。治疗时各部分不接触人体，以辐射的方式将热量传递至人体。,用于组织损伤、颈、肩、腰、腿等消炎和疼痛缓解，促进人体局部血液循环，缓解神经肌肉疼痛等。,特定电磁波治疗仪、远红外辐射治疗仪、红外热辐射理疗灯、特定电磁波治疗器、红外治疗仪、红外偏振光治疗仪,Ⅱ
medical_device_category_09-02-03,1 物理降温设备,09-02-03,__import__.medical_device_category_09-02,通常由液氮贮液罐或空气压缩机、连接管、冷冻头等组成。依靠液氮或空气压缩使冷冻头产生治疗用的低温。,用于局部组织的冷冻治疗。,液氮冷疗器、冷空气治疗仪,Ⅱ
medical_device_category_09-02-03,2 物理降温设备,09-02-03,__import__.medical_device_category_09-02,通常由制冷装置、温控电路、控制机构及应用部分（降温毯、降温帽等）组成。采用半导体致冷或水循环热传导方式进行物理降温或温度调节。,用于对患者全身或局部进行物理降温，达到缓解发热，调控体温的目的。,物理降温仪、低温治疗仪、医用降温毯、医用控温毯,Ⅱ
medical_device_category_09-02-03,3 物理降温设备,09-02-03,__import__.medical_device_category_09-02,通常由气雾罐、气雾阀、气雾罐内容物组成，气雾罐内容物一般由丁烷、异丁烷、丙烷、丙二醇组成。通过从轻微烧伤处吸取热量，缓和清理伤口时的疼痛，并减轻擦伤和扭伤引起的肿胀。,用于快速产生冷却喷雾缓和清理伤口时的疼痛。,冷喷剂,Ⅱ
medical_device_category_09-02-03,4 物理降温设备,09-02-03,__import__.medical_device_category_09-02,通常由降温物质和各种形式的外套及固定器具组成。降温物质不应含有发挥药理学、免疫学或者代谢作用的成分。非无菌产品。,用于发热患者的局部降温。仅用于体表完整皮肤。,医用退热贴、医用冰袋、医用冰垫、医用冰帽、医用退热凝胶,Ⅰ
medical_device_category_09-03-01,1 激光治疗设备,09-03-01,__import__.medical_device_category_09-03,通常由激光器、冷却装置、传输装置、目标指示装置、控制装置和防护装置等部分组成。利用强激光与人体组织的相互作用机理，达到治疗的目的。,用于皮肤浅表性病变、烧伤等整形科、皮肤科的治疗或辅助治疗。,准分子激光皮肤治疗机、红宝石激光治疗仪、半导体激光治疗仪、半导体激光脱毛机、染料激光治疗仪、翠绿宝石激光治疗仪、长脉冲Nd:YAG激光治疗仪、Nd:YAG激光治疗仪、Nd:YAG激光脱毛机、皮肤激光治疗仪、掺铒光纤激光治疗仪,Ⅲ
medical_device_category_09-03-01,2 激光治疗设备,09-03-01,__import__.medical_device_category_09-03,通常由激光器、传输装置、控制装置和目标指示装置（若有）等部分组成。利用弱激光与人体组织的光化学或生物刺激作用机理，达到理疗的目的。,用于鼻腔、口咽部、体表等局部照射辅助治疗、消炎、缓解疼痛。,氦氖激光治疗机、氦氖激光/LED治疗仪、半导体激光治疗仪、半导体激光/低频治疗仪,Ⅱ
medical_device_category_09-03-02,1 光动力激光治疗设备,09-03-02,__import__.medical_device_category_09-03,通常由激光器、冷却装置、传输装置、目标指示装置和控制装置等部分组成。利用激光照射光敏剂所引起的光敏化作用，达到治疗或诊断的目的。（不包括光敏剂）,用于光动力治疗，激发相应吸收波长的光敏剂，达到辅助治疗肿瘤的目的。,倍频Nd：YV04激光光动力治疗仪、HeNe激光光动力治疗仪、半导体激光光动力治疗机、激光动力治疗系统,Ⅲ
medical_device_category_09-03-02,2 光动力激光治疗设备,09-03-02,__import__.medical_device_category_09-03,通常由激光器、冷却装置、传输装置、目标指示装置和控制装置等部分组成。利用弱激光照射光敏剂所引起的光敏化作用，达到治疗的目的。（不包括光敏剂）,配合特定的光敏剂治疗或辅助治疗尖锐湿疣、痤疮、鲜红斑痣、轻中度宫颈糜烂、皮肤癌和宫颈癌等。,倍频Nd：YV05激光光动力治疗仪、HeNe激光光动力治疗仪、半导体激光光动力治疗机、激光动力治疗系统,Ⅱ
medical_device_category_09-03-03,光动力治疗设备,09-03-03,__import__.medical_device_category_09-03,通常由光源（非激光）、光路系统、控制装置、光纤等部分组成，也可包含滤光装置、光功率检测装置等。在光敏剂的参与下，设备发射特定波长的光谱，诱发机体光敏化反应，达到进行治疗的目的。（不包括光敏剂）,用于激发光敏剂对肿瘤进行光动力治疗。,光动力治疗仪,Ⅲ
medical_device_category_09-03-04,强脉冲光治疗设备,09-03-04,__import__.medical_device_category_09-03,通常由孤光灯光源、光路系统、滤光装置、控制装置、放电电容和冷却系统等组成。通过可见波段和部分近红外波段强脉冲或脉冲串辐射照射体表，利用选择性光热和光化学作用进行治疗。,用于改善皮肤外观治疗、血管性疾病、皮肤表浅的色素性疾病及减少毛发的治疗。,强脉冲光治疗仪,Ⅱ
medical_device_category_09-03-05,红光治疗设备,09-03-05,__import__.medical_device_category_09-03,通常由光辐射器（如发光二极管）、控制装置、支撑装置（可有定位装置）等组成，也可配备导光器件。利用红光波段照射人体某些部位（部分设备可兼有部分红外波段）与人体组织发生光化学作用和/或生物刺激作用，达到辅助治疗的目的。,用于对浅表良性血管与色素性等病变的辅助治疗；辅助消炎、止渗液、镇痛、加速伤口愈合等；用于辅助缓解过敏性鼻炎引起的鼻塞、流鼻水、打喷嚏等症状。,红光治疗仪、光鼻器、鼻炎光疗仪、旋磁光子热疗仪,Ⅱ
medical_device_category_09-03-06,1 蓝光治疗设备,09-03-06,__import__.medical_device_category_09-03,通常由蓝光波段的光源、控制装置、防护装置、婴儿托盘（床）或床垫（包括可包裹婴儿的输出光垫或毯）以及支撑装置等组成。可配套婴儿培养箱共同使用。利用蓝光波段照射婴儿皮肤表面，发生光化学作用，达到治疗的目的。,用于由病理和/或生理因素造成的新生儿血胆红素浓度过高引起的黄疸的治疗。,婴儿光治疗仪、新生儿黄疸治疗仪、婴儿光治疗床,Ⅱ
medical_device_category_09-03-06,2 蓝光治疗设备,09-03-06,__import__.medical_device_category_09-03,通常由光辐射器、控制装置、支撑装置（可有定位装置）等组成。利用蓝光波段（部分设备可兼有紫光波段）照射人体皮肤表面与人体组织发生光化学作用和/或生物刺激作用，达到治疗或辅助治疗的目的。,用于痤疮、毛囊炎等体表感染性病变的治疗。,蓝光治疗仪,Ⅱ
medical_device_category_09-03-07,紫外治疗设备,09-03-07,__import__.medical_device_category_09-03,通常由特定波长的光辐射器、控制装置和电源等部分组成。利用紫外线照射皮肤或体腔表层，与组织发生光化学作用，达到辅助治疗的目的。有全身治疗仪、局部治疗仪、手持式治疗仪等型式。,用于皮肤、粘膜的消炎止痛和皮肤病（如白癜风、银屑病、湿疹等）患者的辅助治疗。,紫外线治疗仪,Ⅱ
medical_device_category_09-03-08,1 光治疗设备附件,09-03-08,__import__.medical_device_category_09-03,与光治疗设备配合使用，其组成与原理依据光治疗设备的型式和功能。,用于辅助实现光治疗设备的功能。,医用导光鼻塞,Ⅱ
medical_device_category_09-03-08,2 光治疗设备附件,09-03-08,__import__.medical_device_category_09-03,通常包含多个不同透光程度的测试孔。配合紫外线治疗设备使用。非无菌产品。,用于对患者进行最小红斑量／最小光毒量的测试。,最小红斑量／最小光毒量测试卡,Ⅰ
medical_device_category_09-03-08,3 光治疗设备附件,09-03-08,__import__.medical_device_category_09-03,一般由卡波姆、甘油、水等组成。产品不应含有发挥药理学、免疫学或者代谢作用的成分，不应包含附录所列成分。非无菌产品。,用于光子治疗过程中隔热和导光，与光子治疗设备配合使用。,导光凝胶,Ⅰ
medical_device_category_09-04-01,1 负压（振动）治疗设备,09-04-01,__import__.medical_device_category_09-04,通常由主机、控制系统、负压系统等组成。通过对治疗部位施加负压，促进被治疗部位的拉伸或生长，达到治疗的目的。,用于男性性功能障碍的辅助治疗。,男性性功能康复治疗仪,Ⅲ
medical_device_category_09-04-01,2 负压（振动）治疗设备,09-04-01,__import__.medical_device_category_09-04,通常由主机、罩杯、“T”型连接管、支托文胸、过滤器组成。通过真空泵抽取放置于乳房上的半刚性球体内的空气，形成了持续、低水平的负压，促使乳房组织增生。,用于通过外部穿戴设备增大乳房。,隆胸塑型系统、负压式隆胸塑型系统,Ⅲ
medical_device_category_09-04-01,3 负压（振动）治疗设备,09-04-01,__import__.medical_device_category_09-04,通常由主机、控制系统、负压系统或振动装置、理疗头（可包含电极片及线缆）等组成。通过负压抽吸或机械振动进行物理按摩的原理，达到缓解或辅助治疗的目的。,用于促进新陈代谢、缓解肌肉疼痛和改善血液循环。,负压抽吸理疗仪、振动理疗仪,Ⅱ
medical_device_category_09-04-01,4 负压（振动）治疗设备,09-04-01,__import__.medical_device_category_09-04,通常由主机产生机械振动，可有多路输出。,用于改善患者肺部血液循环状况、协助排出呼吸道分泌物。,振动排痰机,Ⅱ
medical_device_category_09-04-02,1 加压治疗设备,09-04-02,__import__.medical_device_category_09-04,通常由主机、充气软管和加压气囊等组成，加压气囊根据使用部位不同分为上肢、下肢、腰部、背部等不同型式，可包含一个或多个气腔，通过对人体外周组织及血路施加周期变化的压力，促进并改善血液循环。,用于临床促进血液循环、防止深静脉血栓形成、预防肺栓塞、消除肢体水肿。,空气压力波治疗仪、肢体加压理疗仪、间歇脉冲加压抗栓系统,Ⅱ
medical_device_category_09-04-02,2 加压治疗设备,09-04-02,__import__.medical_device_category_09-04,通常由主机、充气软管和袖带等组成。一般包含多个袖带，通过对人体上肢施加周期变化的压力，人为控制血管阻断与开放时间，增强组织器官的缺血耐受力。,用于临床缺血症的预适应训练。,预适应训练仪,Ⅱ
medical_device_category_09-04-02,3 加压治疗设备,09-04-02,__import__.medical_device_category_09-04,通常由具有弹性的合成纤维针织而成。通过自身具有的弹性压力，达到预防或辅助治疗的目的。,用于预防静脉曲张和深层静脉血栓。,压力抗栓带、治疗袜,Ⅱ
medical_device_category_09-04-02,4 加压治疗设备,09-04-02,__import__.medical_device_category_09-04,通常由腿套主体、连接管路和连接接头组成。配合空气压力治疗仪使用，向腿套的肢体套筒的不同腔室充入带有一定压强的气体，对患者肢体形成压力。,用于防止静脉血栓形成，缓解由肢体静脉水肿和下肢动脉缺血引起的水肿、疼痛、酸胀、肢体沉重感、间歇性跛行临床症状。,压力腿套,Ⅰ
medical_device_category_09-04-02,5 加压治疗设备,09-04-02,__import__.medical_device_category_09-04,通常由尼龙纤维（或聚丙烯/聚酰胺纤维）布料、塑料拉链（或魔术贴）、气囊、橡胶连接头组成。配合空气波压力治疗仪和深部静脉血栓防治仪使用，通过仪器给肢体压力套充气加压，压力套挤压肌肉群。,用于促进血液和淋巴液回流。,肢体压力套,Ⅰ
medical_device_category_09-04-03,牵引治疗设备,09-04-03,__import__.medical_device_category_09-04,通常由产生和调节机械力的牵引主机和传输力的绳索构成，也包括承载患者的床（椅）和配套的患者固定带等附件。牵引主机可以是电动或手动结构，患者固定带绑在患者的枕、颌部、胸部、髋部或四肢等部位，通过皮肤摩擦力将牵引力传递至患者，可提供水平的颈椎、腰椎牵引，或垂直的颈椎牵引。,用于腰椎及颈椎病人的牵引治疗，如腰椎间盘和颈椎间盘突出等。,牵引床、牵引床椅、电动牵引床、电动牵引椅、颈腰椎牵引仪、牵引治疗仪、多功能牵引床,Ⅱ
medical_device_category_09-04-04,1 牵引器具,09-04-04,__import__.medical_device_category_09-04,通常由一组气囊及气源组成，气囊环绕在颈部，充气后能够对颈部肌肉产生轴向拉伸的力。,用于放松脊椎周围肌肉，缓解椎间压力。,气囊式颈牵器,Ⅱ
medical_device_category_09-04-04,2 牵引器具,09-04-04,__import__.medical_device_category_09-04,绑缚或衬垫在颈部或腰部，表面呈弧形或一定角度的器具，其结构和形状能够帮助颈椎或腰椎保持一定的角度并能保持脊柱周围的肌肉处于拉伸状态。,用于放松脊椎周围肌肉，缓解椎间压力。,颈部牵引器、腰部牵引器、颈椎牵引器、腰椎牵引器、腰骶椎牵引器,Ⅱ
medical_device_category_09-04-05,冲击波治疗设备,09-04-05,__import__.medical_device_category_09-04,通常由主机、压缩机、探头等组成。发射体经由电子控制的弹道压缩机加速的压缩空气形成的压力波，通过探头与人体皮肤或组织的弹性碰撞，对患处进行治疗的设备。,用于治疗足底筋膜炎、网球肘、肩周炎等。,气压弹道式体外压力波治疗仪、压力波治疗仪,Ⅱ
medical_device_category_09-04-05,1 冲击波治疗设备,09-04-05,__import__.medical_device_category_09-04,通常由冲击波源、治疗臂、控制器、水囊和显示器组成。利用冲击波源产生的冲击波经聚焦后作用于患处进行治疗。,用于对冠心病患者进行辅助治疗。,体外冲击波心血管治疗系统,Ⅲ
medical_device_category_09-04-05,2 冲击波治疗设备,09-04-05,__import__.medical_device_category_09-04,通常由高压电脉冲发生器、冲击波发生器（波源）、水囊-耦合剂声传播系统、水处理系统、控制系统等组成；有的配有影像引导-监视系统。,用于治疗足底筋膜炎、网球肘、肩周炎等。,体外冲击波骨科治疗仪,Ⅱ
medical_device_category_09-04-05,3 冲击波治疗设备,09-04-05,__import__.medical_device_category_09-04,通常由主机和治疗头组成。通过对线圈施加高压脉冲产生时变磁场，利用电磁效应推动金属振膜产生的冲击波（或通过电极在水中放电的液电效应产生冲击波），对人体病灶进行治疗。,用于治疗足底筋膜炎、网球肘、肩周炎等。,电磁式冲击波治疗仪、冲击波治疗仪,Ⅱ
medical_device_category_09-04-06,气囊式体外反搏装置,09-04-06,__import__.medical_device_category_09-04,通常由控制部分、气路系统和电源系统等部件组成。在人体外与心电同步，通过气囊在心脏舒张期对躯体施加适当气压，使人体舒张压明显提高，并在收缩期前取消压力，使收缩压降低。,用于临床治疗心、脑等器官的缺血性疾病。,气囊式体外反搏装置,Ⅲ
medical_device_category_09-05-01,1 动磁场治疗设备,09-05-01,__import__.medical_device_category_09-05,通常由电源、控制模块、放电电容、磁刺激模块和外壳等部分组成。应用脉冲磁场无接触地作用于组织内部，产生感应电流，刺激组织细胞，引起细胞或兴奋或抑制的电位变化。,用于临床神经精神疾病及康复领域的辅助治疗。如刺激瘫痪部位运动及抑郁症等疾病的辅助治疗。,经颅磁刺激仪、磁刺激器,Ⅲ
medical_device_category_09-05-01,2 动磁场治疗设备,09-05-01,__import__.medical_device_category_09-05,通常由电源、控制模块、放电电容、磁刺激模块和外壳等部分组成。应用脉冲磁场无接触地作用于组织内部，产生感应电流，刺激组织细胞，引起细胞或兴奋或抑制的电位变化。,用于临床神经疾病及康复领域的辅助治疗。如缺血性脑血管病、脑损伤性疾病等的辅助治疗。,经颅磁刺激仪、磁刺激器,Ⅱ
medical_device_category_09-05-01,3 动磁场治疗设备,09-05-01,__import__.medical_device_category_09-05,通常由电源、电感线圈和/或永磁体、控制模块等部分组成。应用变化的磁场（强度和/或方向）作用于人体的局部或穴位，达到治疗的目的。,用于止痛、消肿、促进组织修复等辅助治疗。,磁治疗机、电磁感应治疗仪、脉冲磁治疗仪,Ⅱ
medical_device_category_09-05-02,静磁场治疗器具,09-05-02,__import__.medical_device_category_09-05,通常由永磁体或磁性物质、外壳或包裹磁性物质的材料等部分组成。应用磁场或受磁化的物质作用于人体的局部。,用于镇痛、消肿、促进组织愈合、失眠等治疗或辅助治疗。,磁疗贴、磁疗器、磁疗带,Ⅱ
medical_device_category_09-06-01,1 超声治疗设备,09-06-01,__import__.medical_device_category_09-06,通常由治疗头、超声功率发生器、控制装置等组成。用于治疗目的，一般采用聚焦或弱聚焦超声波，并作用于患者的设备。（未发生组织变性）,用于人体各种组织、器官的辅助治疗、疼痛缓解及促进创伤组织的愈合等。,超声治疗系统、超声治疗仪、前列腺超声治疗仪、全数字超声治疗仪、电疗超声治疗仪,Ⅱ
medical_device_category_09-06-01,2 超声治疗设备,09-06-01,__import__.medical_device_category_09-06,通常由电功率发生器和将其转化成超声的换能器组成。用于理疗目的，采用非聚焦超声波，并作用于患者的设备。超声输出强度一般在3W/cm2以下，频率范围在0.5MHz至5MHz。,用于缓解疼痛、肌肉痉挛，刺激、调节和促进细胞生长代谢等。,超声理疗仪,Ⅱ
medical_device_category_09-06-02,1 超声治疗设备附件,09-06-02,__import__.medical_device_category_09-06,通常由环形黏贴材料（压敏胶）、定位座和保护纸组成。非无菌产品。,用于将超声治疗头和耦合剂固定到无创皮肤上。,超声治疗固定贴,Ⅰ
medical_device_category_09-06-02,2 超声治疗设备附件,09-06-02,__import__.medical_device_category_09-06,隔离透声膜通常由固定套和透声薄膜组成。非无菌产品。,与医用超声设备配套，安装于超声探头的透声窗上，用于防止患者间交叉感染。,隔离透声膜,Ⅰ
medical_device_category_09-07-01,射频热疗设备,09-07-01,__import__.medical_device_category_09-07,通常由射频发生器、温度测量装置、治疗床和控制台组成，利用治疗电极向患者传输射频电磁场能量（一般以电场的形式），在身体的某个特定部位提供辅助治疗性深层加热。,用于肿瘤的辅助治疗或热疗，提高肿瘤放、化疗的效果。,射频热疗系统、射频热疗机、全身热疗系统、体外高频热疗机,Ⅲ
medical_device_category_09-07-02,射频治疗（非消融）设备,09-07-02,__import__.medical_device_category_09-07,通常由射频发生器、温度测量装置、治疗电极、电缆、中性电极（若有）等组成。通过治疗电极将射频能量（一般以电流的形式）作用于人体皮肤及皮下组织，使人体组织、细胞发生病理/生理学改变。,用于治疗皮肤松弛，减轻皮肤皱纹，收缩毛孔，紧致、提升皮肤组织，或者治疗痤疮、瘢痕，或者减少脂肪（脂肪软化或分解）等。,射频治疗仪、射频皮肤治疗仪,Ⅲ
medical_device_category_09-07-03,1 微波治疗设备,09-07-03,__import__.medical_device_category_09-07,通常由微波发生源、微波传输线缆和辐射器组成，利用工作频率0.3GHz～30GHz的微波辐射能量治疗疾病的设备。,用于对肿瘤进行辅助治疗。,微波肿瘤热疗机,Ⅲ
medical_device_category_09-07-03,2 微波治疗设备,09-07-03,__import__.medical_device_category_09-07,通常由微波发生源、微波传输线缆和辐射器组成，利用工作频率0.3GHz～30GHz的微波辐射能量治疗疾病的设备。,用于体表理疗和炎症性疾病，可缓解疼痛、消除炎症、促进伤口愈合等。（不用于肿瘤）,微波治疗机、微波辅助治疗系统、微波治疗仪,Ⅱ
medical_device_category_09-07-04,短波治疗仪,09-07-04,__import__.medical_device_category_09-07,通常由短波发生器、控制电路和电极板组成。利用短波能量对人体组织加热的设备。,用于减轻疼痛、缓解肌肉痉挛和关节挛缩等。,短波治疗仪、超短波电疗机,Ⅱ
medical_device_category_09-07-05,1 毫米波治疗设备,09-07-05,__import__.medical_device_category_09-07,通常由主机、控制器和辐射器组成。使用30GHz～300GHz频段的电磁波，通过辐射照射的形式，以非热效应改善人体组织机能或辅助治疗疾病。,用于免疫功能低下患者的辅助治疗。,毫米波免疫治疗系统,Ⅲ
medical_device_category_09-07-05,2 毫米波治疗设备,09-07-05,__import__.medical_device_category_09-07,通常由主机、控制器和辐射器组成。使用30GHz～301GHz频段的电磁波，通过辐射照射的形式，以非热效应改善人体组织机能或辅助治疗疾病。,用于减轻疼痛，促进软组织挫伤愈合，辅助消除炎症。,毫米波治疗仪,Ⅱ
medical_device_category_09-08-01,医用氧舱,09-08-01,__import__.medical_device_category_09-08,通常由舱体、供排气（氧）系统、空调系统和控制系统等组成。加压介质为空气或医用氧气，空气加压最高工作压力不大于0.3MPa，氧气加压最高工作压力不大于0.2MPa。空气加压根据舱内治疗人数不同分为单人氧舱和多人氧舱。氧气加压舱进舱人数为1人，通常分为成人医用氧舱和婴幼儿（含新生儿）医用氧舱。,用于缺血、缺氧性等疾病的抢救和治疗。,医用多人空气加压氧舱、医用单人空气加压氧舱、医用成人氧气加压氧舱、婴幼儿氧舱,Ⅲ
medical_device_category_09-08-02,臭氧治疗设备,09-08-02,__import__.medical_device_category_09-08,通常由密封环、袋体、气路接口和管路组成。配合医用臭氧发生器或医用臭氧治疗仪使用，套在患者治疗部位。非无菌产品。,用于辅助导入医用臭氧。,臭氧套袋,Ⅰ
medical_device_category_09-08-02,1 臭氧治疗设备,09-08-02,__import__.medical_device_category_09-08,通常由主机、压力校正器、氧气连接管等组成。设备产生设定浓度的臭氧，并由特定容器采集注射至人体患处。,用于单纯性腰椎间盘突出症的治疗，缓解椎间盘突出引起的疼痛或用于改善前列腺临床症状。,臭氧治疗仪、医用臭氧治疗仪,Ⅲ
medical_device_category_09-08-02,2 臭氧治疗设备,09-08-02,__import__.medical_device_category_09-08,通常由主机和冲洗、治疗组件组成。利用设备产生的臭氧，用于人体腔道、粘膜组织、皮肤、烧伤伤口的清洗、消毒、抗炎治疗或浸泡治疗的设备。,用于皮肤疾病、外科炎症的治疗。,医用臭氧治疗仪,Ⅱ
medical_device_category_09-08-03,生物反馈治疗设备,09-08-03,__import__.medical_device_category_09-08,通常由主机、传感单元、反馈单元等组成。先由传感单元对人体生物电信号进行采集并由主机进行分析，然后通过反馈单元以视觉、声觉、电流等方式反馈至患者，训练并帮助恢复患者功能障碍。,用于一些功能障碍，如尿失禁、偏瘫等的临床辅助治疗。,生物电反馈刺激仪、肌电生物反馈仪、生物反馈式治疗仪,Ⅱ
medical_device_category_09-08-04,烧烫伤浸浴装置,09-08-04,__import__.medical_device_category_09-08,通常由主机、病人浴床、供/排水系统、温控单元等组成，可包括病人转运吊架及冲其他辅助浸浴功能。,用于烧烫伤病人的浸浴处理。,医用浸浴治疗机、烧烫伤浸浴治疗机,Ⅱ
medical_device_category_09-08-05,肠道水疗机,09-08-05,__import__.medical_device_category_09-08,通常由主机、温度控制装置、压力（流量）控制系统、液箱、蠕动泵、注液管、排液管等组成。治疗时将液体灌注到肠道内，同时通过排液管将液体引流到体外。,用于医疗机构对肠道的清洗。,肠道水疗机、灌肠机,Ⅱ
medical_device_category_09-08-06,1 药物导入设备,09-08-06,__import__.medical_device_category_09-08,通常由电流发生器、传递电极、回路电极、导线等组成。借助直流电流将药物离子经皮肤、粘膜等导入体内用以治疗疾病的设备。,用于将药物透皮或粘膜的导入吸收。,离子导入治疗仪、药物导入治疗仪,Ⅱ
medical_device_category_09-08-06,2 药物导入设备,09-08-06,__import__.medical_device_category_09-08,通常由治疗头、超声功率发生器、控制装置等组成。使用超声耦合介质，通过超声作用，将药物经过皮肤或粘膜透入人体。,用于将药物透皮或粘膜的导入吸收。,药物超声导入仪、超声导入仪,Ⅱ
medical_device_category_10-01-01,血液成分分离设备,10-01-01,__import__.medical_device_category_10-01,通常由离心机、泵、抗凝剂泵、称重组件等组成。通过对人体血液进行离心分离，收集目标血液成分后把其他血液成分回输到人体。,用于血液采集、成分分离和回输。,离心式血液成分分离设备、单采血浆机、血浆分离机、血浆采集机,Ⅲ
medical_device_category_10-01-02,自体血液回收设备,10-01-02,__import__.medical_device_category_10-01,通常由离心机、泵、悬挂杆等组成，可配备真空吸引源。通过负压吸引在术前、术中或术后把患者血液吸出后进行分离洗涤，对血液成分进行收集以便回输给患者。,用于手术中对患者的失血进行分离、回收。,自体血液回收机、自体血液回收分离机、自体血液回输系统,Ⅲ
medical_device_category_10-01-03,血细胞处理设备,10-01-03,__import__.medical_device_category_10-01,通常由离心机或摇匀器等组成。通过离心、摇匀、加热等方式对血液或血液成分进行处理。,用于对血细胞进行处理以便进行存贮或者供临床使用。,冰冻红细胞洗涤机、加甘油去甘油红细胞处理系统,Ⅲ
medical_device_category_10-01-04,血液辐照设备,10-01-04,__import__.medical_device_category_10-01,通常由辐射系统、传动机构、控制系统、辐照容器、电源系统和控制软件组成。,用于血站或医院，对血液及血液制品进行辐照处理。,血液辐照仪、血液辐照器、医用辐照系统,Ⅲ
medical_device_category_10-01-05,血浆病毒灭活设备,10-01-05,__import__.medical_device_category_10-01,通常由柜体、温度控制模块、光照度控制模块和电机摆动控制模块组成。利用配套光敏剂的光化学反应灭活病毒。,配合光敏剂使用，用于对血液或血液成分实施光化学病毒灭活。,病毒灭活设备,Ⅲ
medical_device_category_10-01-06,血液融化设备,10-01-06,__import__.medical_device_category_10-01,通常由加热水箱、解冻槽、循环管路、进水管、排水管、控制箱等组成。分为水浴式、隔水式。,用于对临床血浆或血液进行加热、解冻。,血液融化箱、血浆融化箱、冰冻血浆解冻箱、冷冻血浆干式解冻仪,Ⅱ
medical_device_category_10-02-01,血袋,10-02-01,__import__.medical_device_category_10-02,通常由血袋、管路等组成。为封闭的单袋或多联袋系统。不同的结构使其适合于不同方式的血液或血液成分的采集、处理、保存和输注过程。无菌提供，一次性使用。,用于血液或血液成分的采集、处理（如分离、去白细胞、光化学法除病毒等）、贮存和输注。,一次性使用血袋、一次性使用血液成分收集袋、一次性使用血浆袋、一次性使用脐血处理袋、一次性使用紫外线透疗血液容器,Ⅲ
medical_device_category_10-02-02,离心式血液成分分离器,10-02-02,__import__.medical_device_category_10-02,通常由抗凝剂输入管路、血液管路、过滤器、成分分离器件、压力传输管路、血袋等组成。无菌提供，一次性使用。,配合血液成分分离设备使用，用于血站血液采集、成分分离和回输。,一次性使用离心杯式血液成分分离器、一次性使用离心袋式血液成分分离器、一次性使用血液成分分离器、一次性使用血浆分离器、一次性使用血小板分离器,Ⅲ
medical_device_category_10-02-03,动静脉穿刺器,10-02-03,__import__.medical_device_category_10-02,通常由穿刺针管、软管等组成。一般由奥氏体不锈钢材料、聚氯乙烯等材料制成。无菌提供，一次性使用。,配合血液成分采集机（如离心式、旋转膜式）或血液透析机等使用，用于从人体静脉或动脉采集血液，并将处理后的血液或血液成分回输给人体。,一次性使用动静脉瘘穿刺针、一次性使用机用采血器、一次性使用动静脉穿刺针、一次性使用透析用留置针,Ⅲ
medical_device_category_10-02-04,输血器,10-02-04,__import__.medical_device_category_10-02,通常由接头、管路、滴管、滴斗、流量调节器、瓶塞穿刺器及保护套、血液过滤器、防自流夹、抗虹吸阀等组成。部分输血器带有空气过滤器的进气器件、药液注射件。其设计能使其在重力或压力的作用下，将血液容器中的血液或血液成分通过静脉穿刺器械向静脉内输送。无菌提供，一次性使用。,用于向患者输送血液或血液成分。,一次性使用输血器、一次性使用去白细胞输血器、一次性使用泵用输血器,Ⅲ
medical_device_category_10-02-05,自体血液处理器具,10-02-05,__import__.medical_device_category_10-02,通常由自体血采集、过滤和分离管路收集袋等部件组成。无菌提供，一次性使用。,配合自体血回输设备使用，用于手术中自体血的收集、过滤和回输。,一次性使用自体血液回收器、一次性使用自体血回输机耗材、一次性使用血液收集过滤装置,Ⅲ
medical_device_category_10-02-06,血浆管路,10-02-06,__import__.medical_device_category_10-02,通常由三通保护套、三通、抗凝液管、血液采输管、限位卡、穿刺器、穿刺器保护套、血液及血液成分过滤器、压力监测管、夹具、压力监测器接头、分离杯接口和分离杯接口保护套组成。无菌提供，一次性使用。,配合离心式血液成分分离设备、机用采血器等使用，用于采集、分离人体血浆并回输血细胞。,一次性使用血浆管路,Ⅲ
medical_device_category_10-02-07,冰冻红细胞洗涤机用管路,10-02-07,__import__.medical_device_category_10-02,通常由主管路（含硅橡胶泵管、大滴壶、连接管）、回血管和废液收集部分（含废液管路和废液袋）组成。无菌提供，一次性使用。,用于将红细胞与保护液实施洗涤、分离时使用的管路。,一次性使用冰冻红细胞洗涤机用管路,Ⅲ
medical_device_category_10-02-08,富血小板血浆制备器,10-02-08,__import__.medical_device_category_10-02,一般采用高分子材料制成。无菌提供，一次性使用。,用于从人体自体血血样中制备自体富血小板血浆。所制备的富血小板血浆不用于静脉注射。,一次性使用富血小板血浆制备器,Ⅲ
medical_device_category_10-03-01,血液透析设备,10-03-01,__import__.medical_device_category_10-03,通常由透析液流量及脱水控制模块、透析液浓度监控模块、温度监控模块、漏血监测模块、血液循环监控模块和消毒模块组成。在动力系统和监测系统作用下，利用血液和透析液在跨越半透膜的弥散作用和/或滤过作用，清除患者体内多余水分、纠正血液中溶质失衡。,用于为慢性肾功能衰竭和/或急性中毒患者进行血液透析、和/或血液滤过治疗和/或血液透析滤过治疗过程中提供动力源及安全监测等功能。,血液透析设备、血透析滤过设备,Ⅲ
medical_device_category_10-03-02,连续性血液净化设备,10-03-02,__import__.medical_device_category_10-03,通常由动力泵、压力监测模块、空气监测模块、漏血监测模块、加温监控模块、抗凝模块、操作显示单元和电源控制模块组成。在动力系统和监测系统作用下，利用血液和透析液在跨越半透膜的弥散作用和/或滤过作用和/或吸附作用，清除患者体内多余水分、纠正血液中溶质失衡。,用于为重症患者的急性肾功能衰竭和急性中毒患者进行血液透析和/或血液滤过治疗过程中提供动力源及安全监测等功能。,连续性血液净化设备、连续性血液超滤设备、连续性血液滤过设备、连续性血浆置换设备,Ⅲ
medical_device_category_10-03-03,血液灌流设备,10-03-03,__import__.medical_device_category_10-03,通常由血泵、肝素泵、阻流夹、空气监测模块、加温模块、压力监测模块、电源控制模块和操作显示单元组成。将患者的血液引出体外，通过灌流器的吸附作用，清除血液中外源性和内源性毒物。,用于血液灌流治疗时，为体外循环提供动力和安全监测。,血液灌流机,Ⅲ
medical_device_category_10-03-04,人工肝设备,10-03-04,__import__.medical_device_category_10-03,通常由动作部分（包括白蛋白透析液泵、管路夹）、压力检测部分、漏血监测模块、空气监测模块、电源控制模块、操作显示单元和加热监控模块（可选）组成。,用于清除蛋白结合和/或水溶性毒素，治疗对伴有内源性中毒、黄疸或肝昏迷状态的急性或慢性肝衰竭。,人工肝设备、人工肝分子吸附循环设备,Ⅲ
medical_device_category_10-03-05,1 血液透析辅助设备,10-03-05,__import__.medical_device_category_10-03,通常由泵头、直流电机、单片机控制电路、面板和外壳部分组成，为体外循环滚压式血泵（无报警功能）。,用于在血液净化治疗时提供血液体外循环的动力。,血液净化辅助血泵,Ⅲ
medical_device_category_10-03-05,2 血液透析辅助设备,10-03-05,__import__.medical_device_category_10-03,通常由主机（电子流量计）、流量/稀释度感应器等组成。,用于在血液透析过程中测定输送血液流量、再循环量、血管通路流量和心输出量。,血液透析用血流监测系统,Ⅲ
medical_device_category_10-03-05,3 血液透析辅助设备,10-03-05,__import__.medical_device_category_10-03,通常由罐式过滤器、活性炭过滤器、软化器、精密过滤器、反渗透装置、动力装置、消毒装置、监测装置和输送管道组成。通常利用过滤、吸附、离子交换、反渗透等作用，制备出符合预期用途的用水。,用于制备血液透析和相关治疗用水。,血液透析机用水处理设备,Ⅱ
medical_device_category_10-03-05,4 血液透析辅助设备,10-03-05,__import__.medical_device_category_10-03,通常由控制系统、监测系统和水路系统组成。,配合含过氧化氢和过氧乙酸的血液透析器专用消毒液使用，用于对可重复使用的透析器进行冲洗、清洁、测试和灌注专用消毒液等处理。,血液透析器复用机,Ⅱ
medical_device_category_10-03-05,5 血液透析辅助设备,10-03-05,__import__.medical_device_category_10-03,通常由座位、靠背、搁脚板、滑动式脚踏板、靠枕、扶手、可锁定的脚轮、推手柄、控制器等组成。电动调节。,用于调整包括背垫、坐垫、脚垫的位置，以方便患者在透析治疗中寻找最适合的就医姿势。,电动透析椅,Ⅱ
medical_device_category_10-03-05,6 血液透析辅助设备,10-03-05,__import__.medical_device_category_10-03,通常由金属支架、坐垫、靠背、扶手、调节手柄、脚踏板和脚轮（选配）组成。手动调节。,用于调整包括背垫、坐垫、脚垫的位置，以方便患者在透析治疗中寻找最适合的就医姿势。,手动透析椅,Ⅰ
medical_device_category_10-03-06,腹膜透析设备,10-03-06,__import__.medical_device_category_10-03,通常由主机、控制单元、加热器等组成。利用腹膜通过弥散和超滤作用以达到清除体内毒素和过多的水份，并纠正电解质紊乱和酸碱平衡失调。,用于对肾功能衰竭患者进行腹膜透析治疗。,腹膜透析机,Ⅱ
medical_device_category_10-03-07,腹膜透析辅助设备,10-03-07,__import__.medical_device_category_10-03,通常由加热板、电源和电缆连接器组成。,用于腹膜透析操作过程中，对腹透液袋使用前进行加温。不与腹透液接触。,腹透液袋加温仪,Ⅱ
medical_device_category_10-03-08,血脂分离设备,10-03-08,__import__.medical_device_category_10-03,通常由压力监控模块、流量监控模块、漏血防护模块、防止空气进入模块、控温模块、称重模块和患者平衡秤组成。,与配套耗材联合使用，用于清除血浆中低密度脂蛋白及极低密度脂蛋白、胆固醇、脂蛋白（α）及纤维蛋白原。,肝素体外诱导血脂分离机,Ⅲ
medical_device_category_10-04-01,血液透析器具,10-04-01,__import__.medical_device_category_10-04,通常由A剂和B剂组成。其工作原理是与透析治疗用水配制成透析液，通过透析器清除体内代谢废物，维持水、电解质和酸碱平衡等。一次性使用。,制备血液透析液的专用原料，用于急、慢性肾功能衰竭及药物中毒的血液净化治疗。,一次性使用血液透析浓缩物、一次性使用血液透析干粉、一次性使用血液透析浓缩液,Ⅲ
medical_device_category_10-04-01,1 血液透析器具,10-04-01,__import__.medical_device_category_10-04,通常由外壳、纤维膜、O型环、封口胶、端盖组成。利用半透膜的原理，以弥散、对流、滤过等方式清除血液内的有害物质。无菌提供，一次性使用。,配合血液透析装置使用，用于供慢性肾功能衰竭及药物中毒等患者进行血液透析治疗。,一次性使用中空纤维血液透析器、一次性使用中空纤维血液透析滤过器、一次性使用中空纤维血液滤过器、一次性使用高通量透析器,Ⅲ
medical_device_category_10-04-01,2 血液透析器具,10-04-01,__import__.medical_device_category_10-04,通常由血液侧管路（动脉管路、静脉管路）和其他辅助管路组成。无菌提供，一次性使用。,配合透析器、透析设备使用，用于血液透析治疗中，承担血液通路的功能。,一次性使用血液净化体外循环血路、一次性使用连续性血液净化管路,Ⅲ
medical_device_category_10-04-02,1 血液灌流器具,10-04-02,__import__.medical_device_category_10-04,通常由罐体（外壳）、吸附剂等组成。主要通过吸附剂与被吸附物质分子间的作用，将被吸附物质固定在吸附剂的孔内。无菌提供，一次性使用。,配合血液净化装置使用，用于血液灌流治疗，利用吸附剂的吸附作用，通过体外循环血液灌流的方法来清除人体内源性和外源性的毒性物质。,一次性使用血液灌流器,Ⅲ
medical_device_category_10-04-02,2 血液灌流器具,10-04-02,__import__.medical_device_category_10-04,通常由吸附材料和容器组成。利用吸附剂特异性吸附血液/血浆中的有害物质。无菌提供，一次性使用。,用于血液灌流治疗中特异性吸附血液/血浆中的有害物质，从而达到血液净化的目的。,一次性使用选择性血浆成分吸附器、一次性使用吸附性血液净化器、一次性使用阴离子树脂血浆吸附柱、一次性使用血浆胆红素吸附器、一次性使用体外血浆脂类吸附过滤器、一次性使用DNA免疫吸附柱、一次性使用蛋白A免疫吸附柱,Ⅲ
medical_device_category_10-04-03,1 血液净化辅助器具,10-04-03,__import__.medical_device_category_10-04,通常由容器、中空纤维、血液口、血液口用盖、血浆口用盖、O型环和密封剂构成。无菌提供，一次性使用。,用于血浆置换治疗时从血液中分离出血浆。,一次性使用中空纤维血浆分离器、一次性使用膜型血浆分离器,Ⅲ
medical_device_category_10-04-03,2 血液净化辅助器具,10-04-03,__import__.medical_device_category_10-04,通常由中空纤维、O型环、血液出入口、纤维固定材料、外壳和盖子组成。无菌提供，一次性使用。,用于实施双重滤过血浆交换疗法中，与血浆交换用血浆分离器并用，通过膜分离方法，从分离出来的血浆中分离一定分子量的物质。,一次性使用中空纤维血浆成分分离器、一次性使用膜型血浆成分分离器,Ⅲ
medical_device_category_10-04-03,3 血液净化辅助器具,10-04-03,__import__.medical_device_category_10-04,通常由中空纤维、密封剂、外壳、外壳盖和垫圈组成。,利用空心纤维膜的作用，用于清除透析液中的内毒素、细菌与不溶性微粒。,透析液过滤器、透析液超滤器,Ⅲ
medical_device_category_10-04-03,4 血液净化辅助器具,10-04-03,__import__.medical_device_category_10-04,通常由导管、导管导引器、注射帽、扩张器、推进器、引导针、导丝、导管鞘等组成。无菌提供，一次性使用。,通过创建短期的中心静脉通路，用于血液透析、采血和液体输注。,一次性使用血液透析导管套件、一次性使用血液透析用中心静脉导管套件、一次性使用血透用单针双腔导管套件,Ⅲ
medical_device_category_10-04-03,5 血液净化辅助器具,10-04-03,__import__.medical_device_category_10-04,通常由采血部分和输血部分组成，其中采血部分通常包括采血管、输液器；输血部分通常包括输血管、注射器、血液过滤器、大小滴壶、阻隔式压力传导器。无菌提供，一次性使用。,作为通路，配合血液回收罐装置和血液回收治疗机使用。,一次性使用血浆置换用管路,Ⅲ
medical_device_category_10-04-03,6 血液净化辅助器具,10-04-03,__import__.medical_device_category_10-04,通常由柠檬酸或冰醋酸和水等组成。,用于透析机的清洗和消毒。,透析机消毒液、柠檬酸消毒液,Ⅲ
medical_device_category_10-04-03,7 血液净化辅助器具,10-04-03,__import__.medical_device_category_10-04,通常由管路、接头、保护套和夹具等组成。无菌提供，一次性使用。,用于血液透析滤过、血液滤过时作为补充置换液的管路。,一次性使用补液管路、一次性使用置换液管,Ⅲ
medical_device_category_10-04-04,1 腹膜透析器具,10-04-04,__import__.medical_device_category_10-04,通常由微型盖、浸润聚维酮碘溶液的海绵、外包装等部件组成。无菌提供，一次性使用。,用于保护腹透液袋的外凸接口与外接管路的连接处。,一次性使用碘液微型盖、一次性使用碘液保护帽,Ⅱ
medical_device_category_10-04-04,2 腹膜透析器具,10-04-04,__import__.medical_device_category_10-04,通常由管路、连接端口、保护帽等组成。一般采用高分子材料制成。无菌提供，一次性使用。,用于对肾功能衰竭患者进行腹膜透析建立治疗通路。,一次性使用腹膜透析导管,Ⅱ
medical_device_category_10-04-04,3 腹膜透析器具,10-04-04,__import__.medical_device_category_10-04,通常由尖端保护帽、开关、套筒、管路、腹透管连接端口、拉环帽和腹透液连接端口组成。无菌提供，一次性使用。,用于与腹膜透析患者端管路（或者钛接头）以及腹膜透析液端管路进行无菌连接及分离。,一次性使用腹膜透析外接短管,Ⅱ
medical_device_category_10-04-04,4 腹膜透析器具,10-04-04,__import__.medical_device_category_10-04,通常由连接头和螺旋锁盖组成。无菌提供，一次性使用。,用于腹膜透析导管与外接延长管或腹膜透析外接短管的连接。,一次性使用腹膜透析螺旋帽钛接头、一次性使用腹膜透析接头、一次性使用腹透管钛接头,Ⅱ
medical_device_category_10-04-04,5 腹膜透析器具,10-04-04,__import__.medical_device_category_10-04,通常由防护帽、连接接口、三通灌注管、引流管和废液收集袋组成。无菌提供，一次性使用。,用于腹膜透析治疗过程中，对腹膜透析液的灌注、引流、收集。,一次性使用腹膜透析引流器,Ⅱ
medical_device_category_10-04-04,6 腹膜透析器具,10-04-04,__import__.medical_device_category_10-04,一般采用不锈钢材料制成。无菌提供，一次性使用。,用于促进导入急性和慢性腹膜透析导管。,一次性使用腹膜透析探针,Ⅱ
medical_device_category_10-04-04,7 腹膜透析器具,10-04-04,__import__.medical_device_category_10-04,通常由卡匣、管组架、接头装配集合、管路、浇铸端口、O型夹、Y型连接器、拉环末端保护帽、内拉环帽、拉环帽等组成。无菌提供，一次性使用。,配合自动腹膜透析机使用，用于自动腹膜透析治疗。,一次性使用腹膜透析机管路,Ⅱ
medical_device_category_10-04-04,8 腹膜透析器具,10-04-04,__import__.medical_device_category_10-04,通常由夹子主体、闭合口和臂组成。一般由塑料材料制成。使用中不与导管中液体接触。,用于腹膜透析过程中，夹住各种医用塑料导管，控制导管中液体的流动。,腹透管路夹,Ⅰ
medical_device_category_10-04-04,9 腹膜透析器具,10-04-04,__import__.medical_device_category_10-04,由液袋、管路、管路夹、接头、保护帽组成。,用于血液透析/滤过治疗时的透析废液收集。,腹膜透析用废液袋,Ⅰ
medical_device_category_10-04-05,血脂分离器具,10-04-05,__import__.medical_device_category_10-04,通常由醋酸钠缓冲液、肝素钠、生理盐水、碳酸氢盐透析液等组成。,配合血脂分离设备使用，用于低密度脂蛋白、脂蛋白（α）、纤维蛋白原沉淀分离治疗。,血脂分离液,Ⅲ
medical_device_category_10-04-05,血脂分离器具,10-04-05,__import__.medical_device_category_10-04,通常由动静脉管路、血浆分离器、低密度脂蛋白过滤器、肝素吸附器、净化滤器、透析液管路、收集袋等组成。,配合其它血脂分离系统使用，用于去除血浆中低密度脂蛋白及极低密度脂蛋白胆固醇、脂蛋白（α）及纤维蛋白原。,血脂分离管路及肝素吸附器,Ⅲ
medical_device_category_10-05-01,1 心肺转流用泵,10-05-01,__import__.medical_device_category_10-05,通常由滚压式血泵（如单头泵或双头泵）、监测系统和底座包括支架（若有）组成。将上下腔静脉或右心房的静脉血通过管道引出，流入氧合器进行氧合，再经过血泵将氧合后的血液输入动脉系统，以维持机体在循环阻断时的生理功能。,配合体外循环设备或器具使用，用于供医疗单位施行手术或抢救时，暂时代替心脏功能进行体外循环或局部灌注。,心肺转流系统用滚压式血泵,Ⅲ
medical_device_category_10-05-01,2 心肺转流用泵,10-05-01,__import__.medical_device_category_10-05,通常由离心泵控制模块、驱动模块、紧急驱动模块、流量传感器等组成。主要通过驱动离心泵头转动，来实现血液流动。可独立使用，也可外接匹配的人工心肺机使用。,配合体外循环设备或器具使用，用于供医疗单位施行手术或抢救时，暂时代替心脏功能进行体外循环或局部灌注。,心肺转流系统用离心泵,Ⅲ
medical_device_category_10-05-02,1 心肺转流监测设备,10-05-02,__import__.medical_device_category_10-05,通常由主机、静脉探头、动脉探头、传感器、样本池等组成。通过各传感器把测量的数据传输到血气监测系统主机，以实现对体外循环过程中各参数的监测。,用于连续监测动脉和/或静脉血气参数，包括pH值、二氧化碳分压值、氧分压值、温度值、氧饱和度值等参数。,体外循环连续血气监测系统,Ⅲ
medical_device_category_10-05-02,2 心肺转流监测设备,10-05-02,__import__.medical_device_category_10-05,通常由主机、温度传感器、血平面传感器和气泡传感器组成。,用于体外循环手术中血液的压力、温度测试。,体外循环监视仪,Ⅱ
medical_device_category_10-05-03,热交换设备,10-05-03,__import__.medical_device_category_10-05,通常由水循环系统、制冷系统、加温系统等组成。与人工心肺机一起应用于体外循环手术中，使用水循环对氧合器、变温毯或停跳灌注装置中的血液进行控制性冷却或加热。,用于为体外循环血液热交换系统中的热交换器提供加温水、降温水和原水的驱动装置，供医疗单位施行体外循环时调节温度用。,心肺转流系统用热交换水箱,Ⅱ
medical_device_category_10-05-04,体外心肺支持辅助系统,10-05-04,__import__.medical_device_category_10-05,通常由主机、传感器、静脉探头、安全杆、紧急驱动装置和附件组成。可对体外循环手术进行驱动、控制、检测和记录。,用于在体外循环手术、长时间心肺功能支持或急救时，暂时替代心脏泵功能，进行血流驱动和安全监测等。,体外心肺支持辅助系统,Ⅲ
medical_device_category_10-05-05,体外心肺支持用升温仪,10-05-05,__import__.medical_device_category_10-05,通常由水槽、加热器、泵、控制装置及连接管道组成。,用于为氧合器提供热量，保持患者体温。,体外心肺支持用升温仪,Ⅱ
medical_device_category_10-06-01,氧合器,10-06-01,__import__.medical_device_category_10-06,通常由静脉贮血室、氧合室和变温室组成。分为膜式和鼓泡式。无菌提供，一次性使用。,用于向人体血液供氧，将静脉血转换为动脉血。,一次性使用中空纤维氧合器、一次性使用鼓泡式氧合器、一次性使用集成式膜式氧合器,Ⅲ
medical_device_category_10-06-02,贮血滤血器,10-06-02,__import__.medical_device_category_10-06,通常由上盖、加液盖、血库、消泡系统、出血咀、采血咀、和采血帽组成。无菌提供，一次性使用。,用于在临床心脏直视手术中的体外循环时，贮存、消泡、过滤心内吸引血。,一次性使用贮血滤血器、一次性使用心内血液回收器,Ⅲ
medical_device_category_10-06-03,微栓过滤器,10-06-03,__import__.medical_device_category_10-06,通常由整体部件外壳、滤芯、底座、三通接头、应急旁路管、配用部件三通开关、测压管组件、排气管等组成。无菌提供，一次性使用。,用于体外循环心脏直视手术中，清除血液中的微小固体及气体栓子。,一次性使用心肺转流系统动脉管路血液过滤器、一次性使用动脉过滤器、一次性使用血液微栓过滤器,Ⅲ
medical_device_category_10-06-04,血液浓缩器,10-06-04,__import__.medical_device_category_10-06,通常由中空纤维、配用连接管、封堵胶、外壳、端盖等部件组成。无菌提供，一次性使用。,用于体外循环手术中的血液超滤，维持患者适合的红细胞压积。,一次性使用血液浓缩器、一次性使用超滤器,Ⅲ
medical_device_category_10-06-05,心脏停跳液灌注器,10-06-05,__import__.medical_device_category_10-06,通常由气泡捕获器、变温器、连接管和接头组成。无菌提供，一次性使用。,用于在体外循环心脏直视手术中，将心肌停跳液灌入冠状动脉，进行心肌的保护。,一次性使用心脏停跳液灌注器、一次性使用心脏停跳液灌注用变温器、一次性使用心肌停跳液热交换器、一次性使用心肌保护液灌注装置、一次性使用心脏停跳液灌注管,Ⅲ
medical_device_category_10-06-06,1 心肺转流用管路及接头,10-06-06,__import__.medical_device_category_10-06,通常由管路、接头、泵管等部件构成。无菌提供，一次性使用。,用于在体外循环或不完全心肺功能支持手术中，提供血液灌流通路。,一次性使用人工心肺机体外循环管道、一次性使用颈动脉转流管、一次性使用体外循环用配套血管路,Ⅲ
medical_device_category_10-06-06,2 心肺转流用管路及接头,10-06-06,__import__.medical_device_category_10-06,通常由吸引头、手柄、接头、插管等部件构成。无菌提供，一次性使用。,用于在体外循环心脏直视手术及其他外科手术中，清理胸腔内血液，将血液吸引回心肺机的回收系统，或离心泵头将体外氧合后的动脉血灌注到患者动脉系统。,一次性使用主动脉灌注插管、一次性使用静脉插管、一次性使用动脉插管、一次性使用灌注管、一次性使用体外循环导管插管、一次性使用左心吸引头、一次性使用右心吸引头,Ⅲ
medical_device_category_10-06-07,离心泵泵头,10-06-07,__import__.medical_device_category_10-06,通常由外壳、叶片、轴、轴衬和磁铁组成。无菌提供，一次性使用。,配合离心泵使用，用于在心脏手术中的体外循环或循环辅助。,一次性使用心肺转流系统用离心泵泵头,Ⅲ
medical_device_category_10-06-08,心脏停跳液,10-06-08,__import__.medical_device_category_10-06,通常由电解液等组成。,用于心血管外科手术中，使心脏停跳、维持电机械非收缩状态，从而达到保护心肌的作用。,心脏停跳液、心脏停搏液、心肌保护停跳液,Ⅲ
medical_device_category_10-07-01,腹水超滤浓缩回输设备,10-07-01,__import__.medical_device_category_10-07,通常由电源部件、控制部件、驱动部件、操作面板和蠕动泵等组成。对患者体内因病变产生的腹水进行抽取、超滤、浓缩并回输。,配合穿刺针、体外循环管路、分子筛等使用，用于医疗单位，对各种顽固性腹水进行腹水超滤浓缩腹腔内回输治疗。,腹水超滤浓缩回输设备,Ⅱ
medical_device_category_10-07-02,离体脏器机械灌注转运设备,10-07-02,__import__.medical_device_category_10-07,通常由控制和显示模块、监测模块、泵驱动模块、热交换模块、供氧模块、电源模块等组成。,用于离体脏器（心脏、肾脏、肝脏、肺脏等）在保存、运输和最终植入患者阶段的常温机械灌注、低温机械灌注等。,离体心脏机械灌注转运设备、离体肾脏机械灌注转运设备、离体肝脏机械灌注转运设备、离体肝脏机械灌注设备、离体肺脏机械灌注转运设备、离体肺脏机械灌注设备,Ⅲ
medical_device_category_11-01-01,蒸汽消毒器,11-01-01,__import__.medical_device_category_11-01,通常由消毒室、控制系统、过压保护装置等组成。工作原理是利用产生的高温水蒸汽作用于负载上微生物一定时间，使微生物的蛋白质变性从而导致微生物死亡，以达到消毒的目的。,用于耐湿耐热医疗器械的蒸汽消毒。,蒸汽消毒器,Ⅱ
medical_device_category_11-01-02,煮沸消毒器,11-01-02,__import__.medical_device_category_11-01,通常由控制系统、加热系统、煮沸槽等组成。工作原理是将需要消毒的医疗器械放置在水或其他液体中，通过适当时间煮沸进行消毒。,用于耐湿耐热医疗器械的煮沸消毒。,煮沸消毒器,Ⅱ
medical_device_category_11-01-03,压力蒸汽灭菌器,11-01-03,__import__.medical_device_category_11-01,通常由灭菌室、控制系统、过压保护装置等组成，可自带蒸汽发生装置，也可外接蒸汽。工作原理是利用饱和水蒸汽作用于负载上微生物一定时间，使微生物的蛋白质变性从而导致微生物死亡，以达到灭菌的目的。,用于耐湿耐热医疗器械的灭菌。,大型压力蒸汽灭菌器、小型压力蒸汽灭菌器、卡式压力蒸汽灭菌器、立式压力蒸汽灭菌器、手提式压力蒸汽灭菌器、清洗压力蒸汽灭菌器,Ⅱ
medical_device_category_11-02-01,热空气消毒器,11-02-01,__import__.medical_device_category_11-02,通常由腔体、加热系统、控制系统等组成。工作原理是利用循环热空气的热能达到消毒目的。,用于耐高温的医疗器械的消毒。,热空气消毒器,Ⅱ
medical_device_category_11-02-02,热空气灭菌器,11-02-02,__import__.medical_device_category_11-02,通常由腔体、加热系统、控制系统等组成。工作原理是利用循环热空气的热能达到灭菌目的。,用于耐高温的医疗器械的灭菌。,热空气型干热灭菌器,Ⅱ
medical_device_category_11-02-03,热辐射灭菌器,11-02-03,__import__.medical_device_category_11-02,通常由腔体、加热系统、控制系统等组成。工作原理是利用热辐射的热能达到灭菌目的。,用于耐高温的医疗器械的灭菌。,热辐射型干热灭菌器,Ⅱ
medical_device_category_11-03-01,酸性氧化电位水生成器,11-03-01,__import__.medical_device_category_11-03,通常由水路系统、电解槽、控制装置等组成。工作原理是利用电解法产生酸性氧化电位水，供消毒医疗器械用。,通过生成酸性氧化电位水，用于对可耐受酸性氧化电位水的医疗器械进行消毒。,酸性氧化电位水生成器,Ⅱ
medical_device_category_11-03-02,臭氧消毒器,11-03-02,__import__.medical_device_category_11-03,通常由臭氧发生装置、电气控制系统、管路系统等组成。工作原理是通过生成臭氧气体或臭氧水对医疗器械进行消毒。,用于可耐受臭氧的医疗器械进行消毒。,臭氧水生成器、臭氧消毒柜、回路臭氧消毒机,Ⅱ
medical_device_category_11-03-03,环氧乙烷灭菌器,11-03-03,__import__.medical_device_category_11-03,通常由灭菌箱体、加热系统、真空系统、加药及气化装置、残气处理系统、监测、控制系统等组成。工作原理是在一定温度、压力和湿度条件下，利用环氧乙烷气体对灭菌箱体内的物品进行作用，使微生物蛋白质和遗传物质等变性从而导致微生物死亡，以达到灭菌的目的。,用于可耐受环氧乙烷的医疗器械的灭菌。,环氧乙烷灭菌器,Ⅱ
medical_device_category_11-03-04,甲醛灭菌器,11-03-04,__import__.medical_device_category_11-03,通常由灭菌室、控制系统、气化系统等组成。工作原理是在一定温度、压力和湿度条件下，用甲醛气体对灭菌室内的物品进行作用，使微生物蛋白质和遗传物质变性从而导致微生物死亡，以达到灭菌的目的。,用于可耐受甲醛的医疗器械的灭菌。,甲醛灭菌器、低温蒸汽甲醛灭菌器,Ⅱ
medical_device_category_11-03-05,过氧化氢灭菌器,11-03-05,__import__.medical_device_category_11-03,通常由灭菌室、真空系统、过氧化氢注入系统、控制系统等组成，还可以配置等离子体发生装置。工作原理是通过汽化的过氧化氢对灭菌室内物品进行作用，使微生物蛋白质和遗传物质变性从而导致微生物死亡，以达到灭菌的目的。若配置有等离子体发生器，可通过等离子体发生器使汽化的过氧化氢形成过氧化氢等离子态，结合过氧化氢气体及过氧化氢等离子体对灭菌室内物品进行低温灭菌。,用于可耐受过氧化氢的医疗器械的灭菌。,过氧化氢灭菌器、过氧化氢低温等离子灭菌器,Ⅱ
medical_device_category_11-03-06,其他化学消毒灭菌器,11-03-06,__import__.medical_device_category_11-03,通常由灭菌腔体、控制系统、管路系统等组成。工作原理是利用制造商规定的化学剂（除环氧乙烷、甲醛、过氧化氢外）作为消毒或灭菌剂，配合本消毒灭菌设备对医疗器械进行消毒或灭菌。,与制造商规定的化学剂配合使用，用于可耐受相应化学消毒剂的医疗器械的消毒灭菌。,过氧乙酸消毒器、戊二醛消毒器,Ⅱ
medical_device_category_11-04-01,紫外线消毒器,11-04-01,__import__.medical_device_category_11-04,通常由紫外线灯管、控制系统等组成。工作原理是利用紫外线灯管发出的紫外线，对医疗器械表面进行照射，使病原微生物灭活。,用于不耐热且耐受紫外线的医疗器械的消毒。,紫外线消毒器、紫外线消毒柜、紫外线消毒车,Ⅱ
medical_device_category_11-05-01,清洗消毒器,11-05-01,__import__.medical_device_category_11-05,通常由清洗腔体、管路系统、控制系统等组成。工作原理是利用清洗剂和水流对医疗器械进行清洁，并利用热水或化学剂水溶液对腔体内医疗器械作用合理时间而进行消毒，如适用，还可对被处理的医疗器械进行干燥。,用于医疗器械的去污、清洗、消毒、干燥（如适用）。,清洗消毒器、内镜清洗消毒器、内镜清洗消毒系统,Ⅱ
medical_device_category_11-05-02,医用清洗器,11-05-02,__import__.medical_device_category_11-05,通常由清洗槽、管路系统、控制系统等组成，其中超声清洗器一般还包括超声波发生器。工作原理是利用水冲洗或特定频率超声波作用对医疗器械进行清洗。,用于对医疗器械消毒灭菌前的清洗，不具备消毒功能。,医用清洗器、医用超声波清洗器、医用清洗机、内镜清洗机、超声波清洗机、超声波清洗器、超声清洗器、医用超声波清洗机,Ⅰ
medical_device_category_12-01-01,植入式心脏起搏器,12-01-01,__import__.medical_device_category_12-01,通常由植入式脉冲发生器和扭矩扳手组成。通过起搏电极将电脉冲施加在患者心脏的特定部位。,用于治疗慢性心率失常。再同步治疗起搏器还可用于心力衰竭治疗。,植入式心脏起搏器、植入式心脏再同步治疗起搏器,Ⅲ
medical_device_category_12-01-02,植入式心律转复除颤器,12-01-02,__import__.medical_device_category_12-01,通常由植入式脉冲发生器和扭矩扳手组成。通过检测室性心动过速和颤动，并经由电极向心脏施加心律转复/除颤脉冲对其进行纠正。,用来治疗快速室性心律失常。再同步治疗除颤器还可用于心力衰竭治疗。,植入式心律转复除颤器、植入式再同步治疗心律转复除颤器、植入式皮下心律转复除颤器,Ⅲ
medical_device_category_12-01-03,临时起搏器,12-01-03,__import__.medical_device_category_12-01,通常由非植入式脉冲发生器和患者电缆（若使用）组成。,用于心房和心室的体外临时起搏。,临时起搏器、体外起搏器,Ⅲ
medical_device_category_12-01-04,植入式心脏起搏电极导线,12-01-04,__import__.medical_device_category_12-01,通常由电极导线和附件组成。,与植入式心脏起搏器配合使用，用于治疗慢性心律失常。,植入式心脏起搏电极导线、植入式左室心脏起搏电极导线、植入式心外膜心脏起搏电极导线,Ⅲ
medical_device_category_12-01-05,植入式心脏除颤电极导线,12-01-05,__import__.medical_device_category_12-01,通常由电极导线和附件组成。,与植入式心律转复除颤器配合使用，用于治疗快速室性心律失常。,植入式心脏除颤电极导线、植入式皮下心脏除颤电极导线,Ⅲ
medical_device_category_12-01-06,临时起搏电极导线,12-01-06,__import__.medical_device_category_12-01,通常由电极导线和附件组成。,用于心房和心室的临时起搏。,临时心脏起搏电极导线,Ⅲ
medical_device_category_12-01-07,植入式心脏事件监测设备,12-01-07,__import__.medical_device_category_12-01,通常由监测仪植入体本身和体外附件（若使用）组成。,植入于人体内记录皮下心电图和心律失常事件。,植入式心脏事件监测器、植入式心电事件监测器,Ⅲ
medical_device_category_12-01-08,植入式封堵工具,12-01-08,__import__.medical_device_category_12-01,通常由硅橡胶材料制成。,用于电极导线终端未使用连接器或植入式脉冲发生器未使用端口的绝缘。,封堵塞、电极导线帽,Ⅲ
medical_device_category_12-01-09,植入式电极导线移除工具,12-01-09,__import__.medical_device_category_12-01,通常由拔除工具、清除工具、手术工具组成。,用于经静脉途径微创移除已植入患者体内的起搏器或除颤器电极导线。,电极导线拔除工具、电极导管锁紧系统,Ⅲ
medical_device_category_12-01-10,起搏系统分析设备,12-01-10,__import__.medical_device_category_12-01,通常由分析仪主机和患者电缆、电缆适配器、无菌延长线组成。,适合在起搏器和除颤器植入过程中用于对起搏电极系统进行分析。,起搏系统分析仪,Ⅱ
medical_device_category_12-01-11,心脏节律管理程控设备,12-01-11,__import__.medical_device_category_12-01,通常由显示单元、打印单元、程控单元、软件等组成。,用于询问、程控、显示数据或测试植入式心脏起搏器和植入式心律转复除颤器等心脏节律管理设备。,心脏节律管理设备程控仪、心脏节律管理设备患者程控仪、程控仪,Ⅱ
medical_device_category_12-01-12,连接器套筒,12-01-12,__import__.medical_device_category_12-01,通常由接触夹及连接器环形电极组成。,用于连接到电极导线连接器、或者断开连接。,四极连接器套筒,Ⅱ
medical_device_category_12-02-01,植入式神经刺激器,12-02-01,__import__.medical_device_category_12-02,通常由植入式脉冲发生器和附件组成。,通过将电脉冲施加在脑部或神经系统的特定部位来治疗帕金森病、控制癫痫、躯干和/或四肢的慢性顽固性疼痛或肠道控制以及排尿控制、肌张力障碍等疾病。,植入式脑深部神经刺激器、植入式脊髓神经刺激器、植入式骶神经刺激器、植入式迷走神经刺激器、植入式可充电脑深部神经刺激器、植入式可充电脊髓神经刺激器、植入式可充电骶神经刺激器、植入式可充电迷走神经刺激器,Ⅲ
medical_device_category_12-02-02,植入式神经刺激电极,12-02-02,__import__.medical_device_category_12-02,通常由电极导线和附件组成。,与植入式神经刺激器配合使用，用于治疗帕金森病、控制癫痫、躯干和/或四肢的慢性顽固性疼痛或肠道控制以及排尿控制、肌张力障碍等疾病。,植入式脑深部神经刺激电极、植入式脊髓神经刺激电极、植入式骶神经刺激电极、植入式迷走神经刺激电极、植入式脑深部神经刺激延伸导线、植入式脊髓神经刺激延伸导线、植入式骶神经刺激延伸导线、植入式迷走神经刺激延伸导线,Ⅲ
medical_device_category_12-02-03,测试刺激电极,12-02-03,__import__.medical_device_category_12-02,通常由电极和附件（若使用）组成。,与测试刺激器配合使用，用于临时刺激与测试。,测试神经刺激电极、测试刺激电极、神经刺激测试电极,Ⅲ
medical_device_category_12-02-04,神经调控充电设备,12-02-04,__import__.medical_device_category_12-02,通常由充电器、充电线圈、适配器等组成。,用于对特定的可充电植入式脉冲发生器的电池进行充电，以延长可充电植入式脉冲发生器的使用期限。,神经调控体外充电器、体外充电器,Ⅲ
medical_device_category_12-02-05,植入式电极导线适配工具,12-02-05,__import__.medical_device_category_12-02,通常由适配器、神经刺激器接口插头、转矩扳手组成。,用于连接植入式神经刺激器与适配的植入式延伸导线。,植入式电极导线适配器,Ⅲ
medical_device_category_12-02-06,植入式电极导线补件,12-02-06,__import__.medical_device_category_12-02,通常由固定锚、连接保护套、导引工具组成。,用于植入式神经刺激电极的修补或再定位。,神经刺激电极修补套件,Ⅲ
medical_device_category_12-02-07,测试刺激器,12-02-07,__import__.medical_device_category_12-02,通常由控制单元、输出单元、电源单元组成。,用于在电极导线放置或试验刺激效果期间评估神经刺激系统的功效。,测试神经刺激器、测试刺激器、体外神经刺激器,Ⅱ
medical_device_category_12-02-08,测试延伸导线,12-02-08,__import__.medical_device_category_12-02,通常由延伸导线和附件（若使用）组成。,与测试刺激器、配合使用，用于临时刺激和测试。,测试神经刺激延伸导线、神经刺激系统经皮延伸导线和电缆、多电极测试电缆,Ⅱ
medical_device_category_12-02-09,神经调控程控设备,12-02-09,__import__.medical_device_category_12-02,通常由程控单元、显示单元、软件等组成。,用于对植入式神经调控设备的询问、程控、显示数据和测试。,神经调控设备程控仪、神经调控设备患者程控仪、程控仪、患者程控仪,Ⅱ
medical_device_category_12-03-01,1 植入式位听觉设备,12-03-01,__import__.medical_device_category_12-03,通常由接收部分、刺激器主体和电极（若有）组成的植入体。,通过对耳蜗内或蜗后听觉传导通路特定部位进行电刺激，或对中耳以及骨传导进行振动来提高或恢复听觉感知。,人工耳蜗植入体、骨桥植入体、植入式振动声桥听力辅助系统、植入式骨桥听力辅助系统,Ⅲ
medical_device_category_12-03-01,2 植入式位听觉设备,12-03-01,__import__.medical_device_category_12-03,通常由固定装置和振动传导部分组成。,通过骨传导辅助恢复听觉感知。,植入式骨导助听器,Ⅲ
medical_device_category_12-03-02,体外声音处理器,12-03-02,__import__.medical_device_category_12-03,通常由言语处理器主机、控制器等组成的体外部分。,与植入式辅助听觉设备体配合使用，将声音转化为电刺激或振动，通过对耳蜗内或蜗后听觉传导通路特定部位进行电刺激，或对中耳以及骨传导进行振动来提高或恢复听觉感知。,人工耳蜗声音处理器、振动声桥系声音处理器、骨桥声音处理器、骨导声音处理器,Ⅱ
medical_device_category_12-03-03,辅助位听觉调控设备,12-03-03,__import__.medical_device_category_12-03,通常由主机，连接电缆等组成。,用于调试或测试辅助位听觉设备。,人工耳蜗调机设备、振动声桥调机设备、骨桥调机设备、人工耳蜗检测设备,Ⅱ
medical_device_category_12-04-01,1 植入式心脏收缩力调节设备,12-04-01,__import__.medical_device_category_12-04,通常由植入式脉冲发生器和扭矩扳手组成，通过电极将电脉冲施加在患者心脏的特定部位。,用于心肌收缩力的调节增强。,植入式心脏收缩力调节器,Ⅲ
medical_device_category_12-04-01,2 植入式心脏收缩力调节设备,12-04-01,__import__.medical_device_category_12-04,通常由充电器、充电线圈、适配器等组成。,用于对特定的植入式心脏收缩力调节设备电池进行充电，以延长其使用期限。,心脏收缩力调节设备充电器,Ⅲ
medical_device_category_12-04-01,3 植入式心脏收缩力调节设备,12-04-01,__import__.medical_device_category_12-04,通常由显示单元、程控单元、软件等组成。,用于询问、程控、显示数据或测试植入式心脏收缩力调节设备。,心脏收缩力调节设备程控仪,Ⅱ
medical_device_category_12-04-02,植入式循环辅助设备,12-04-02,__import__.medical_device_category_12-04,通常由植入式泵体、电源部分、血管连接和控制器组成。,用于心室循环功能的辅助，代替心脏实现泵血。,植入式左心室辅助装置、植入式右心室辅助装置,Ⅲ
medical_device_category_12-04-03,植入式药物输注设备,12-04-03,__import__.medical_device_category_12-04,通常由输注泵植入体、鞘内导管、附件等组成。,用于长期输入药物或液体。,植入式药物泵,Ⅲ
medical_device_category_13-01-01,单/多部件金属骨固定器械及附件,13-01-01,__import__.medical_device_category_13-01,通常由一个或多个金属部件（如板、钉板、刃板）及金属紧固装置（如螺钉、钉、螺栓、螺母、垫圈）组成。一般采用纯钛及钛合金、不锈钢、钴铬钼等材料制成。其中金属部件通过紧固装置固定就位。,用于固定骨折之处，也可用于关节的融合及涉及截骨的外科手术等。可植入人体，也可穿过皮肤对骨骼系统施加拉力（牵引力）。,金属锁定接骨板、金属非锁定接骨板、金属锁定接骨螺钉、金属非锁定接骨螺钉、金属股骨颈固定钉、金属接骨板钉系统、金属U型钉、金属胸骨板,Ⅲ
medical_device_category_13-01-02,单/多部件可吸收骨固定器械,13-01-02,__import__.medical_device_category_13-01,一般采用聚乳酸或其共聚物、复合材料等制成。,用于非承重部位的骨折内固定术、截骨术、关节融合术中骨折部位的固定。,可吸收接骨螺钉、可吸收接骨板、可吸收接骨棒、可吸收板钉系统,Ⅲ
medical_device_category_13-01-03,单/多部件记忆合金骨固定器械,13-01-03,__import__.medical_device_category_13-01,一般采用镍钛记忆合金材料制成，具有特定的形状。,利用形状记忆功能，用于骨折部位的固定。,记忆合金聚髌器、记忆合金肋骨板、胸骨固定器、记忆合金环抱器、张力钩、接骨器、聚髌器,Ⅲ
medical_device_category_13-01-04,金属髓内装置,13-01-04,__import__.medical_device_category_13-01,通常由主钉和/或附件组成，主钉通常为管状、棒状或针状。主钉和附件一般采用钛合金和不锈钢等材料制成。,用于骨折内固定，植入骨髓腔内由螺钉等连接固定。,金属髓内钉、金属带锁髓内钉、金属髓内针、金属髓内钉系统、金属带锁髓内钉系统,Ⅲ
medical_device_category_13-01-05,金属固定环扎装置,13-01-05,__import__.medical_device_category_13-01,通常由金属带、金属扁平条或单股或多股金属丝组成，还可包含其他附件。一般采用纯钛及钛合金、不锈钢、钴铬钼等材料制成。,通过丝或螺钉锚定在骨上，用于骨固定或骨接合。,金属缆线/缆索、柔性金属丝、金属缆线/缆索系统,Ⅲ
medical_device_category_13-01-06,光面或带螺纹的金属骨固定紧固件,13-01-06,__import__.medical_device_category_13-01,通常由一段刚性丝或棒组成。一般采用钛合金、钴铬钼或不锈钢等材料制成。可以是直型或U型，端部可以是锋利（钝）且可能有加工成型的带槽的头。,用于骨折固定、骨重建，作为插入其他植入物的导针，也可穿过皮肤植入人体对骨骼系统施加拉力（牵引力）。,金属骨针,Ⅲ
medical_device_category_13-02-01,运动损伤软组织修复重建植入物,13-02-01,__import__.medical_device_category_13-02,通常为钩状、钉状、门型、板状植入物，或与可植入缝线共同使用。一般采用金属、高分子、复合材料等制成，附着在固定装置上的缝线分为可吸收，部分可吸收和不可吸收三大类。,用于肩、足、踝、髋、膝、手、腕、肘、半月板、交叉韧带等部位的软组织重建和修复。,带线锚钉、界面螺钉（干预螺钉）、门型钉、半月板缝合钉、带线固定板、增材制造带线锚钉,Ⅲ
medical_device_category_13-02-02,运动损伤软组织置换植入物,13-02-02,__import__.medical_device_category_13-02,一般采用高分子材料或同种异体组织制成。用于全部或部分地置换损伤组织。,用于补偿天然组织的损伤。,人工韧带、人工半月板、人工髌腱,Ⅲ
medical_device_category_13-03-01,脊柱椎板间固定系统,13-03-01,__import__.medical_device_category_13-03,通常由多种钩、连接杆、植入板、螺钉、螺塞、垫片、连接器等部件组成。一般采用不锈钢、纯钛、钛合金等材料制成。通常贯穿3块相邻的椎骨，拉直并固定脊柱使椎骨能够与植入物连接并融合在一起。,用于治疗脊柱侧凸，也可用于治疗脊柱的骨折和脱位、重度腰椎滑脱（3、4级）以及下背部综合征，或脊柱椎管扩大减压术后的椎板成形等。,颈椎后路非椎弓根固定系统、胸腰椎后路非椎弓根脊柱固定系统、枕颈系统、椎板固定板系统,Ⅲ
medical_device_category_13-03-02,脊柱椎体间固定/置换系统,13-03-02,__import__.medical_device_category_13-03,通常由多种骨板和连接螺钉等组成。一般采用纯钛、钛合金等材料制成，特殊产品也可采用聚乳酸或其共聚物等材料制成。,金属植入物用于治疗脊柱侧凸，也可用于脊柱前路椎体固定，或用于椎体置换等。可吸收植入物用于与传统坚强内固定器械配合使用，在脊柱椎体切除融合术中辅助植骨。,颈椎前路固定系统、胸腰椎前路固定系统、可吸收颈椎前路钉板系统、椎体置换系统,Ⅲ
medical_device_category_13-03-03,脊柱椎弓根系统,13-03-03,__import__.medical_device_category_13-03,通常由螺栓、钩、螺钉、连接装置、连接棒、连接杆、横向连接器等多个组件组成。一般采用钛合金、纯钛、钴铬钼、聚醚醚酮等材料制成。可用于固定脊柱节段。,用于治疗胸腰椎、骶骨脊柱畸形脊柱滑脱，退行性腰椎滑脱，椎骨骨折、脱位，脊柱侧凸，脊柱后凸，脊柱肿瘤，融合失败等。,颈椎椎弓根系统、胸腰椎椎弓根系统,Ⅲ
medical_device_category_13-03-04,椎间融合器,13-03-04,__import__.medical_device_category_13-03,通常由单个或多个部件组成。一般采用金属、高分子或复合材料制成。可植入颈椎或腰骶的椎体间隙中或用于胸腰椎椎体置换及恢复椎体病变受损而丢失的高度。,用于患有椎间盘退行性疾病、椎体滑脱、椎体不稳等病症的骨骼成熟患者，在一个或两个相邻椎体节段上进行融合。,颈椎椎间融合器、胸腰椎椎间融合器、增材制造椎间融合器、增材制造胸腰椎融合体,Ⅲ
medical_device_category_13-03-05,椎间盘假体,13-03-05,__import__.medical_device_category_13-03,通常由上、下终板和髓核组成。终板一般采用钴基合金、钛合金等材料制成，两面可带有涂层；髓核一般采用超高分子量聚乙烯、陶瓷等材料制成。可植入椎体间置换人体椎间盘。,用于椎间盘置换术，以恢复椎体相邻节段间的支撑和相对运动。,颈椎椎间盘假体、胸腰椎椎间盘假体,Ⅲ
medical_device_category_13-03-06,棘突植入物,13-03-06,__import__.medical_device_category_13-03,通常由单个或多个部件组成。一般采用钛合金等材料制成。该产品可用于在腰椎棘突间施加一定的撑开力，限制腰椎过度后伸。,用于维持腰椎活动节段棘突间的稳定。,棘突间植入物,Ⅲ
medical_device_category_13-04-01,髋关节假体,13-04-01,__import__.medical_device_category_13-04,通常由髋臼部件和股骨部件组成。一般采用钛合金、钴铬钼、不锈钢、超高分子量聚乙烯、陶瓷等材料制成。根据人体髋关节的形态、构造及功能设计，替换髋关节的一个或两个关节面，通过关节面的几何形状来限制其在一个或多个平面内的平移和旋转。,用于外科手术植入人体，代替患病髋关节，达到缓解髋关节疼痛，恢复髋关节功能的目的。,髋关节假体系统、髋关节假体、髋臼假体、髋关节股骨假体、增材制造锁定髋臼系统,Ⅲ
medical_device_category_13-04-02,膝关节假体,13-04-02,__import__.medical_device_category_13-04,通常由股骨部件、胫骨部件和髌骨部件组成。一般采用钛合金、钴铬钼、超高分子量聚乙烯等材料制成。根据人体膝关节的形态、构造及功能设计，替代膝关节的一个、两个或三个间室的关节面。,用于外科手术植入人体，代替患病膝关节，达到缓解膝关节疼痛，恢复膝关节功能的目的。,膝关节假体系统、膝关节假体、膝关节股胫假体、膝关节髌股假体、膝关节髌股胫假体、膝关节股骨假体、膝关节髌骨假体、膝关节胫骨假体、单髁膝关节假体、增材制造胫骨假体,Ⅲ
medical_device_category_13-04-03,肩关节假体,13-04-03,__import__.medical_device_category_13-04,通常由肱骨部件和关节窝部件组成。一般采用钛合金、钴铬钼、超高分子量聚乙烯等材料制成。根据人体肩关节的形态、构造及功能设计，替代肩关节的关节面。,用于外科手术植入人体，代替患病肩关节，达到缓解肩关节疼痛，恢复肩关节功能的目的。,肩关节假体系统、肩关节假体、肩关节肩盂假体、肩关节肱骨假体,Ⅲ
medical_device_category_13-04-04,肘关节假体,13-04-04,__import__.medical_device_category_13-04,通常由肱骨部件和桡骨部件组成。一般采用钛合金、钴铬钼、超高分子量聚乙烯等材料制成。根据人体肘关节的形态、构造及功能设计，替代肘关节的关节面。,用于外科手术植入人体，代替患病肘关节，达到缓解肘关节疼痛，恢复肘关节功能的目的。,肘关节假体系统、肘关节假体、肘关节径向假体、肘关节肱骨假体,Ⅲ
medical_device_category_13-04-05,指关节假体,13-04-05,__import__.medical_device_category_13-04,通常由单个或多个部件组成。一般采用钛合金、钴铬钼、超高分子量聚乙烯、硅弹性体、聚丙烯、聚酯等材料制成。根据人体指关节的形态、构造及功能设计，用于替代掌指关节或近端指间关节。,用于外科手术植入人体，代替患病指关节，达到缓解指关节疼痛，恢复指关节功能的目的。,指关节假体系统,Ⅲ
medical_device_category_13-04-06,腕关节假体,13-04-06,__import__.medical_device_category_13-04,通常由单个或多个部件组成。一般采用钛合金、钴铬钼、硅弹性体、超高分子量聚乙烯等材料制成。根据人体腕关节的形态、构造及功能设计，替代腕关节的关节面。,用于外科手术植入人体，代替患病腕关节，达到缓解腕关节疼痛，恢复腕关节功能的目的。,腕关节假体系统,Ⅲ
medical_device_category_13-04-07,踝关节假体,13-04-07,__import__.medical_device_category_13-04,通常由单个或多个部件组成。一般采用钛合金、钴铬钼、碳纤维和超高分子量聚乙烯等材料制成。根据人体踝关节的形态、构造及功能设计，替代踝关节的关节面。,用于外科手术植入人体，代替患病踝关节，达到缓解踝关节疼痛，恢复踝关节功能的目的。,踝关节假体系统,Ⅲ
medical_device_category_13-04-08,颞下颌关节假体,13-04-08,__import__.medical_device_category_13-04,通常由单个或多个部件组成。一般采用钛合金、等材料制成。根据颞下颌关节的形态、构造及功能设计，替代颞下颌关节的关节面。,用于外科手术植入人体，代替患病颞下颌关节，达到缓解颞下颌疼痛，恢复颞下颌关节功能的目的。,颞下颌关节假体系统,Ⅲ
medical_device_category_13-05-01,1 丙烯酸树脂骨水泥,13-05-01,__import__.medical_device_category_13-05,通常由粉体和液体组成。一般采用甲基丙烯酸甲酯、聚甲基丙烯酸甲酯、丙烯酸酯或聚甲基丙烯酸甲酯和聚苯乙烯共聚物等材料制成。粉体和液体一般经混合搅拌后使用。,用于关节成形术、脊柱或创伤手术中金属或高分子植入物与活体骨的固定。也可用于椎体的填充；固定椎体的骨缺损或与内固定产品一同用于上肢、下肢或骨盆的骨质疏松性骨折治疗。,丙烯酸树脂骨水泥,Ⅲ
medical_device_category_13-05-01,2 丙烯酸树脂骨水泥,13-05-01,__import__.medical_device_category_13-05,通常由粉体和液体组成。一般采用甲基丙烯酸甲酯、聚甲基丙烯酸甲酯、丙烯酸酯或聚甲基丙烯酸甲酯和聚苯乙烯共聚物等材料制成，含有药物成分。粉体和液体一般经混合搅拌后使用。,用于关节成形术、脊柱或创伤手术中金属或高分子植入物与活体骨的固定。也可用于椎体的填充；固定椎体的骨缺损或与内固定产品一同用于上肢、下肢或骨盆的骨质疏松性骨折治疗。其中所含药物成分为复合在骨水泥中增加抗菌功能用于辅助预防感染。,含药丙烯酸树脂骨水泥,Ⅲ
medical_device_category_13-05-02,钙盐类骨填充植入物,13-05-02,__import__.medical_device_category_13-05,通常由颗粒或非颗粒状产品组成。一般采用羟基磷灰石、磷酸钙、硫酸钙、生物玻璃或由以上物质组合制成，也可含有胶原蛋白[不含重组人骨形态发生蛋白质-2（rhBMP-2）]等材料。,用于填充四肢、脊柱、骨盆等部位由于创伤或手术造成的、不影响骨结构稳定性的骨缺损。,人工骨、骨修复材料、羟基磷灰石生物陶瓷、磷酸钙生物陶瓷、β-磷酸三钙人工骨、硫酸钙人工骨、胶原基骨修复材料、钙磷盐骨水泥、生物玻璃骨填充材料,Ⅲ
medical_device_category_13-05-03,同种异体骨修复材料,13-05-03,__import__.medical_device_category_13-05,通常由同种异体骨经过加工制备而成。不含活细胞成分。,用于骨缺损、骨不连、骨延迟愈合或不愈合的填充修复，以及脊柱融合、关节融合及矫形植骨修复。,同种异体骨修复材料,Ⅲ
medical_device_category_13-05-04,金属填充物,13-05-04,__import__.medical_device_category_13-05,一般采用钽金属、钛或钛合金等材料制成，具有多孔结构或粗糙表面。根据使用部位的不同，具有特定形状。,用于重建由于严重退化、创伤或其它病理改变造成的髋关节、膝关节骨缺损；或用于翻修、补救既往关节重建术和植入物失效时的骨缺损；或用于治疗未发生股骨头塌陷的股骨头坏死。,填充块、股骨头坏死重建棒,Ⅲ
medical_device_category_13-06-01,单/多部件预制颅骨成形术板及紧固件,13-06-01,__import__.medical_device_category_13-06,通常由板及紧固件组成。一般采用纯钛、钛合金、钴铬合金等金属材料以及可吸收或不可吸收高分子材料制成。其中板通过紧固装置（如螺钉、金属丝或其它组件）固定就位。,用于修补、覆盖、填充或固定颅骨缺损或孔洞。,预制颅骨板系统、可塑形预制颅骨板系统、钛网、钛网板系统,Ⅲ
medical_device_category_13-06-02,颅骨夹/锁,13-06-02,__import__.medical_device_category_13-06,通常由单个或多个部件组成。一般采用钛合金等金属材料以及可吸收或不可吸收高分子材料制成。,用于开颅手术后颅骨瓣的固定。,颅骨夹、颅骨锁,Ⅲ
medical_device_category_13-06-03,单/多部件颅颌面固定器械及附件,13-06-03,__import__.medical_device_category_13-06,通常由一个或多个部件及紧固件组成。一般采用纯钛、钛合金等金属材料以及可吸收或不可吸收高分子材料制成。其中板通过紧固装置（如螺钉或其它组件）固定就位。,用于神经外科和颌面外科手术中骨折的固定。,颅颌面内固定系统、颅颌面板钉系统,Ⅲ
medical_device_category_13-06-04,硬脑（脊）膜补片,13-06-04,__import__.medical_device_category_13-06,一般采用高分子材料或天然生物材料等制成。,用于神经外科硬脑（脊）膜的修补或替代。,硬脑膜补片、神经外科补片,Ⅲ
medical_device_category_13-06-05,动脉瘤夹,13-06-05,__import__.medical_device_category_13-06,通常由单个部件组成。一般采用钛合金等金属材料制成。用于使颅内动脉瘤颈或囊闭塞的装置。,用于颅内动脉瘤瘤颈或瘤体的永久性闭塞治疗。,动脉瘤夹、脑动脉瘤夹,Ⅲ
medical_device_category_13-06-06,1 颅内支架系统,13-06-06,__import__.medical_device_category_13-06,通常由支架和/或输送系统组成。支架一般采用金属材料制成，可覆高分子材料制成的膜。经腔内放置的植入物，扩张后通过提供一个机械性的支撑，以维持或恢复颅内血管的通畅性，或辅助弹簧圈治疗出血性病变。,用于治疗颅内、颅底动脉血管狭窄或辅助弹簧圈治疗颅内动脉瘤等其他出血性病变。,颅内支架,Ⅲ
medical_device_category_13-06-06,2 颅内支架系统,13-06-06,__import__.medical_device_category_13-06,通常由支架和/或输送系统组成。支架一般采用金属材料制成，支架表面涂覆药物涂层。经腔内放置的植入物，扩张后通过提供一个机械性的支撑，以维持或恢复颅内血管的通畅性。,用于颅内动脉、椎动脉等血管狭窄的扩张。,颅内药物洗脱支架系统,Ⅲ
medical_device_category_13-06-07,颅内栓塞器械,13-06-07,__import__.medical_device_category_13-06,栓塞异常血管并促进肿瘤缺血、坏死的颗粒或液体。,用于脑血管畸形的血管内或颅内动脉瘤的栓塞治疗。,液体栓塞剂,Ⅲ
medical_device_category_13-06-08,颅内弹簧圈系统,13-06-08,__import__.medical_device_category_13-06,通常由弹簧圈和输送导丝组成。弹簧圈的绕丝一般采用铂钨、铂铱合金等金属材料制成，芯丝一般采用聚丙烯等高分子材料制成，部分弹簧圈表面可能含有聚酯纤维等高分子材料的纤毛。弹簧圈植入颅内可阻断异常血流。,用于在神经颅内手术中治疗颅内动脉瘤及其他神经血管异常的栓塞。,颅内弹簧圈、机械解脱颅内弹簧圈 、自膨式动脉瘤瘤内栓塞系统,Ⅲ
medical_device_category_13-06-09,人工颅骨,13-06-09,__import__.medical_device_category_13-06,一般采用硅橡胶与涤纶网膜材料复合而成，也可采用聚醚醚酮、钛合金等材料制成。,用于缺损颅骨的替代或重建。,硅橡胶人工颅骨、人工颅骨,Ⅲ
medical_device_category_13-06-10,脑积水分流器及组件,13-06-10,__import__.medical_device_category_13-06,通常为单件式、多件式装置，或几个装置的组合。,用于手术植入到脑积水患者或其他脑脊髓液循环紊乱者体内，将脑脊液从中枢神经系统的液腔中引到身体的另一个部位或外部收集装置（外分液器），以降低升高的颅内压（ICP）或减少脑脊髓液体积。,脑积水分流器、脑脊液分流管,Ⅲ
medical_device_category_13-06-11,颅内动脉瘤血流导向装置,13-06-11,__import__.medical_device_category_13-06,通常由编织植入物和输送系统组成。编织植入物一般选用钴铬合金和铂钨合金材料制成，输送导丝一般为不锈钢材料制成。由多股金属丝编织而成的植入物采用密网设计可以限制血流继续进入动脉瘤体，从而使动脉瘤内血流停滞，直至瘤体逐渐缩小。,用于血管腔内治疗成人颈内动脉岩段至垂体上动脉开口处近端的大或巨大宽颈动脉瘤。,颅内动脉瘤血流导向装置,Ⅲ
medical_device_category_13-07-01,血管内假体,13-07-01,__import__.medical_device_category_13-07,通常由假体和/或输送系统组成。假体通常由移植物（覆膜）和支撑结构组成，移植物一般采用高分子材料制成。支撑结构一般采用金属材料制成，支撑结构通过缝合或嵌入的方式固定在移植物上。血管内假体一端可设计为锚定结构，以增强假体的固定能力。通过将血管内假体部分或全部置于血管管腔内，对患者的自体血管或人工血管进行修复、替换或者建立旁路血管通道。,用于治疗动脉瘤、动脉夹层等血管病变。,胸主动脉覆膜支架、腹主动脉覆膜支架、术中支架、腹主动脉覆膜支架系统、分支型主动脉覆膜支架系统,Ⅲ
medical_device_category_13-07-02,1 血管支架,13-07-02,__import__.medical_device_category_13-07,通常由支架和/或输送系统组成。支架一般采用金属或高分子材料制成，其结构一般呈网架状。经腔内放置的植入物扩张后通过提供机械性的支撑，以维持或恢复血管管腔的完整性，保持血管管腔通畅。支架可含或不含表面改性物质（不含药物），如涂层。为了某些特殊用途，支架可能有覆膜结构。,用于治疗动脉粥样硬化、以及各种狭窄性、阻塞性或闭塞性等血管病变。,冠状动脉支架、外周动脉支架、肝内门体静脉支架、球囊扩张血管内覆膜支架系统、生物可吸收冠状动脉支架系统,Ⅲ
medical_device_category_13-07-02,2 血管支架,13-07-02,__import__.medical_device_category_13-07,通常由支架和/或输送系统组成。支架一般采用金属或高分子材料制成，其结构一般呈网架状。经腔内放置的植入物扩张后通过提供机械性的支撑，以维持或恢复血管管腔的完整性，保持血管管腔通畅。支架可含或不含表面改性物质，如涂层。为了某些特殊用途，支架可能有覆膜结构。含有药物成分。,用于治疗动脉粥样硬化、以及各种狭窄性、阻塞性或闭塞性等血管病变。,药物洗脱冠状动脉支架、药物洗脱外周动脉支架、生物可吸收冠状动脉药物洗脱支架系统,Ⅲ
medical_device_category_13-07-03,腔静脉滤器,13-07-03,__import__.medical_device_category_13-07,通常由腔静脉滤器和/或输送系统组成。腔静脉滤器一般采用金属材料制成。经腔放置的植入物扩张后通过机械过滤的方式来预防肺栓塞。,用于机械过滤下腔静脉来预防肺栓塞。,永久腔静脉滤器、可回收腔静脉滤器、可转换回收腔静脉滤器,Ⅲ
medical_device_category_13-07-04,人工血管,13-07-04,__import__.medical_device_category_13-07,一般采用完全或部分的生物材料、合成编织型材料、合成非编织型材料制成。,用于置换血管、在血管间旁路移植或形成分流。,人工血管,Ⅲ
medical_device_category_13-07-05,心血管补片,13-07-05,__import__.medical_device_category_13-07,一般采用膨体聚四氟乙烯等高分子材料和/或生物组织材料制成。,用于修复自体心血管、心室/房间隔缺损、瓣叶裂隙穿孔等。,心血管补片、心包膜,Ⅲ
medical_device_category_13-07-06,人工心脏瓣膜及瓣膜修复器械,13-07-06,__import__.medical_device_category_13-07,一般采用高分子材料、动物组织、金属材料制成，可含或不含表面改性物质。,用于替代或修复天然心脏瓣膜（如主动脉瓣、二尖瓣、肺动脉瓣及三尖瓣）。,外科生物心脏瓣膜、外科机械心脏瓣膜、经导管植入式心脏瓣膜、心脏瓣膜成形环、经导管心脏瓣膜修复器械系统、经导管植入式心脏瓣膜系统,Ⅲ
medical_device_category_13-07-07,心脏封堵器,13-07-07,__import__.medical_device_category_13-07,通常由封堵器和/或输送系统组成。封堵器的网状或伞状结构一般采用金属材料制成，其余部分一般采用高分子材料制成，放置于心脏缺损、异常通路或特殊开口等处，并封堵该位置，达到阻止异常血流流通的目的。,用于治疗先天性心房间隔缺损、心室间隔缺损和动脉导管未闭、卵圆孔未闭等疾病。,房间隔缺损封堵器、室间隔缺损封堵器、动脉导管未闭封堵器、左心耳封堵器、左心耳封堵器系统,Ⅲ
medical_device_category_13-07-08,心血管栓塞器械,13-07-08,__import__.medical_device_category_13-07,通常由植入物和/或输送/注射装置组成。,用于控制动脉瘤、某些肿瘤动静脉畸形引起的血管出血或用于外周血管系统的动脉和静脉栓塞。,心血管栓塞剂、血管塞、血管弹簧圈、聚乙烯醇泡沫栓塞微粒,Ⅲ
medical_device_category_13-07-09,心耳夹,13-07-09,__import__.medical_device_category_13-07,通常由心耳夹和输送系统组成。心耳夹通常由弹性环、内套管、夹臂管、PTFE热缩管、涤纶外套管和缝合线组成。输送系统通常由心耳夹固定架、连杆、控制线、手柄和推杆组成。,用于通过合并同期心脏外科开胸手术或微创手术，对房颤患者的左心耳进行夹闭。,左心耳夹闭系统,Ⅲ
medical_device_category_13-08-01,听小骨假体,13-08-01,__import__.medical_device_category_13-08,一般采用铂金属、不锈钢、纯钛或钛合金等金属材料制成，亦有产品采用羟基磷灰石制成。,用于传导性耳聋，对全部或部分听小骨链施行置换手术。,生物陶瓷听小骨置换假体、听小骨假体,Ⅲ
medical_device_category_13-08-02,耳内假体,13-08-02,__import__.medical_device_category_13-08,一般采用不锈钢、钛合金等金属材料和/或聚四氟乙烯等高分子材料制成。,用于植入耳内，以重建声音传导链或治疗镫骨不能移动的耳硬化症，也可用于预防中耳积液。,鼓室成形术假体、镫骨成形术假体、通风管,Ⅲ
medical_device_category_13-08-03,植入性止鼾装置,13-08-03,__import__.medical_device_category_13-08,通常由带线骨螺钉和置入装置（骨螺钉植入器、缝线穿引器、压舌板、咬垫、自由弯针、舌骨针）组成。带线骨螺钉中螺钉由钛合金材料制成，线由聚丙烯材料制成。通过一个带线骨螺钉将舌根部软组织固定于下颌骨以实现舌根的前悬挂，和/或通过两个带线骨螺钉将舌骨悬吊于下颚骨。,用于治疗阻塞性睡眠呼吸暂停（OSA）和/或打鼾。,舌悬吊系统,Ⅲ
medical_device_category_13-09-01,整形填充材料,13-09-01,__import__.medical_device_category_13-09,一般采用聚四氟乙烯、硅橡胶等材料制成。,用于面部或其他部位软组织的填充。,硅橡胶外科整形植入物、面部假体、面部整形填充材料、面部整形植入物、硅橡胶皮下软组织植入体,Ⅲ
medical_device_category_13-09-02,1 整形美容用注射材料,13-09-02,__import__.medical_device_category_13-09,通常由注射器以及预装在注射器中的填充材料组成。,用于注射到真皮层和/或皮下组织，以填充增加组织容积。,注射用交联透明质酸钠凝胶、注射用透明质酸钠凝胶、胶原蛋白植入剂、注射用聚左旋乳酸填充剂、重组Ⅲ型人源化胶原蛋白冻干纤维,Ⅲ
medical_device_category_13-09-02,2 整形美容用注射材料,13-09-02,__import__.medical_device_category_13-09,通常由注射器以及预装在注射器中的材料，或灌装在瓶中的材料（一般以透明质酸钠为主要成分）组成。产品不应含有发挥药理学、免疫学或者代谢作用的成分。,用于注射到真皮层，主要通过所含透明质酸钠等材料的保湿、补水等作用，改善皮肤状态。,注射用透明质酸钠溶液,Ⅲ
medical_device_category_13-09-03,乳房植入物,13-09-03,__import__.medical_device_category_13-09,通常由外壳和壳内填充物组成。植入体外壳一般采用多层医用硅橡胶制成，壳内充有医用级硅凝胶等材料。,用于隆乳和乳房再造。,人工乳房植入体、乳房植入体、硅凝胶填充乳房植入体,Ⅲ
medical_device_category_13-09-04,外科补片/外科修补网,13-09-04,__import__.medical_device_category_13-09,一般采用一种或多种合成高分子生物材料或天然高分子生物材料制成。,用于植入人体，加强和修补不完整的腹壁和/或腹股沟区等软组织的缺损。,疝气补片、外科修复补片、外科修复网、疝修补补片,Ⅲ
medical_device_category_13-09-05,修补固定器,13-09-05,__import__.medical_device_category_13-09,通常由缝钉和置入装置（器械杆、手柄、击发扳机）组成。,在多种微创及开放外科手术（如疝修补术）中，用于固定对软组织进行修补的材料。,可吸收钉修补固定器、可吸收夹固定装置、固定夹,Ⅲ
medical_device_category_13-09-06,非血管支架,13-09-06,__import__.medical_device_category_13-09,通常由支架和/或输送系统组成。支架一般采用金属材料制成，可覆高分子材料制成的膜。经腔放置的植入物扩张后通过提供机械性的支撑，以维持或恢复腔道的完整性。,用于预防非血管腔道的狭窄或重建腔道的结构和/或功能，也可用于胆汁/胰液的内引流。,胆道支架、尿道支架、肠道支架、气管支架、食道支架、前列腺尿道支架、胰管支架、十二指肠支架、结肠支架、幽门支架、气管造口支架系统、鼻窦支架,Ⅲ
medical_device_category_13-09-07,支气管内活瓣,13-09-07,__import__.medical_device_category_13-09,通常由活瓣、输送导管、装载器和气道定径套件（玻璃注射器、活塞和量规）组成。活瓣支撑架一般采用镍钛合金制成，覆有聚氨酯膜。,用于控制气流以改善病变分布不均匀的肺气肿患者的肺功能及减少漏气。,支气管内活瓣,Ⅲ
medical_device_category_13-09-08,肛瘘塞,13-09-08,__import__.medical_device_category_13-09,一般采用生物组织材料制成，通常为卷筒状结构。,通过填塞卷筒状结构增强软组织强度，用于修补肛门直肠瘘。,肛瘘塞,Ⅲ
medical_device_category_13-09-09,阴茎假体,13-09-09,__import__.medical_device_category_13-09,通常由液囊、液泵阀与圆柱体组成。液囊一般采用聚甲基乙烯基硅氧烷材料制成；液泵阀一般采用硅橡胶、不锈钢及聚丙烯材料制成；圆柱体一般采用硅橡胶及涤纶材料制成。,用于植入患者阴茎海绵体的白膜腔内，以取代海绵体丧失的膨胀、勃起、支撑阴茎的功能。,阴茎支撑体,Ⅲ
medical_device_category_13-09-10,软组织扩张器,13-09-10,__import__.medical_device_category_13-09,一般由扩张器壳体、导管、注射座及连接管组成，其中注射阀由硅橡胶和不锈钢碗组成。,用于获取自体皮肤组织以解决皮肤供区不足，也可用于头皮缺损、秃发再造、耳鼻再造和各类疤痕的修补。,软组织扩张器,Ⅲ
medical_device_category_13-09-11,整形用植入线材,13-09-11,__import__.medical_device_category_13-09,通常由不可吸收或可吸收聚合物组成，可带针或不带针。,用于植入面部组织，以提升松弛下垂的组织，纠正皱纹。,面部埋植线、面部提拉线、面部锥体提拉线,Ⅲ
medical_device_category_13-10-01,脱细胞皮肤,13-10-01,__import__.medical_device_category_13-10,通常由异种或同种异体皮肤组织经一系列处理后制成，包括真皮层及表皮层，其主要成分为胶原蛋白。不含活细胞成分。,用于皮肤缺损创面的修复，引导患者皮肤组织的修复和再生。,脱细胞猪皮、脱细胞异体皮肤,Ⅲ
medical_device_category_13-10-02,脱细胞真皮基质,13-10-02,__import__.medical_device_category_13-10,通常由异种或同种异体皮肤组织经一系列处理后制备的脱细胞真皮基质制成，其主要成分为胶原蛋白。不含活细胞成分。,用于真皮层缺损的创面修复，引导患者皮肤组织缺损的修复和再生。,猪皮脱细胞真皮基质、脱细胞异体真皮基质,Ⅲ
medical_device_category_13-10-03,胶原蛋白支架材料,13-10-03,__import__.medical_device_category_13-10,通常为胶原蛋白。不含活细胞成分。,用于皮肤、真皮的修复和再生。,医用胶原修复膜,Ⅲ
medical_device_category_13-10-04,神经修复材料,13-10-04,__import__.medical_device_category_13-10,通常由异种或同种异体的神经或肌腱组织经脱细胞处理后获得的细胞外基质制成。或者由人工合成高分子材料或天然高分子材料制成。不含活细胞成分。,用于修复各种原因所致的外伤性神经缺损。,脱细胞同种异体神经修复材料、脱细胞人工神经鞘管、聚乳酸人工神经管、神经套管、周围神经修复植入物,Ⅲ
medical_device_category_13-10-05,含重组人骨形态发生蛋白质的骨修复材料,13-10-05,__import__.medical_device_category_13-10,通常在异种骨、同种异体骨、胶原、无机钙盐类材料、可吸收高分子材料中的一种或两种以上的复合材料中加入骨形态发生蛋白质-2（BMP-2）。,用于骨缺损、骨不连、骨延迟愈合或不愈合的填充修复，以及脊柱融合、关节融合及矫形植骨修复。,含蛋白质-2（rhBMP-2）的骨修复材料、含蛋白质-2（rhBMP-2）的胶原基骨修复材料,Ⅲ
medical_device_category_13-11-01,骨蜡,13-11-01,__import__.medical_device_category_13-11,一般采用蜂蜡、石蜡、医用凡士林等材料或用泊洛沙姆等多种高分子材料混合制成制成。,通过封闭骨间的出血通路。用于控制骨损伤出血。,骨蜡,Ⅲ
medical_device_category_13-11-02,漏斗胸成形系统,13-11-02,__import__.medical_device_category_13-11,通常由肋骨成形板、固定片、固定杆等部件组成。一般由纯钛、钛合金或不锈钢等材料制成。,用于漏斗胸和其他胸骨畸形成形术中的内固定。,漏斗胸成形系统、纵向胸廓成形人工钛肋系统、增材制造漏斗胸矫形器,Ⅲ
medical_device_category_13-11-03,胸骨捆扎/抓扣固定系统,13-11-03,__import__.medical_device_category_13-11,通常由结扎带和穿引弯钩两部分组成，其中穿引弯钩非植入人体，仅用于辅助结扎带穿引安装，安装后废弃。也可由上下片及螺钉组成。也可由带或不带夹子的捆绑钢缆、粗隆爪、钢缆钉、钢缆螺丝钉、钢板组成。,用于开胸术中的胸骨固定。器械可单独使用，也可与其它传统不锈钢丝配合使用。,胸骨结扎带,Ⅲ
medical_device_category_13-11-04,组织诱导性植入器械,13-11-04,__import__.medical_device_category_13-11,有特定的组成和结构，不添加细胞或活性因子，具有组织诱导性的植入材料或植入器械。,用于损坏或缺失的组织或器官再生修复。,骨诱导磷酸钙生物陶瓷,Ⅲ
medical_device_category_13-11-05,含几丁糖关节腔内液体,13-11-05,__import__.medical_device_category_13-11,仅由医用几丁糖、氯化钠、磷酸氢二钠、磷酸二氢钠、水组成。,用于注入关节腔，发挥物理阻隔和润滑作用，防治外伤性或退变性骨关节炎。,关节腔用医用几丁糖液,Ⅲ
medical_device_category_14-01-01,1 注射泵,14-01-01,__import__.medical_device_category_14-01,通常由电路控制模块和机械传动模块组成，包括控制电路、驱动装置、检测装置、报警装置、显示装置等。,与注射器配合使用，用于小剂量精确定量控制注入患者体内液体（镇痛药、化疗药物、胰岛素）。,麻醉注射泵、化疗药物注射泵,Ⅲ
medical_device_category_14-01-01,2 注射泵,14-01-01,__import__.medical_device_category_14-01,通常由电路控制模块和机械传动模块组成，包括控制电路、驱动装置、检测装置、报警装置、显示装置等。,与注射器配合使用，用于小剂量精确定量控制注入患者体内液体。不用于镇痛药、化疗药物、胰岛素的输注。,注射泵、微量注射泵、单道微量注射泵、双道微量注射泵、六道微量注射泵、体重模式微量注射泵、双通道医用注射泵、医用注射泵,Ⅱ
medical_device_category_14-01-02,无菌注射器,14-01-02,__import__.medical_device_category_14-01,通常由器身、锥头、活塞和芯杆组成。器身一般采用高分子材料制成，活塞一般采用天然橡胶制成。无菌提供。,用于抽吸液体或在注入液体后注射。,一次性使用无菌注射器、一次性使用无菌自毁式注射器、一次性使用无菌胰岛素注射器、自毁型固定剂量疫苗注射器、一次性使用低阻力注射器、泵用注射器,Ⅲ
medical_device_category_14-01-03,无针注射器,14-01-03,__import__.medical_device_category_14-01,通常由注射器、复位器、抽药针、安瓿、适配器或其他部件组成。不含药液。依靠机械、电能或其他能源发挥其功能。注射器、复位器为非无菌提供、可重复使用；抽药针、安瓿、适配器为无菌提供，一次性使用。,通过压力使药液穿透皮肤或黏膜表面，输送入体内。用于药液的注射。,无针注射器,Ⅲ
medical_device_category_14-01-04,笔式注射器,14-01-04,__import__.medical_device_category_14-01,通常由笔帽、笔芯架、螺旋杆、笔身、剂量调节栓和注射按钮组成；有源笔式注射器通常还包含具有辅助功能的其它电子组件。不含针或笔芯。一般采用高分子材料制成。非无菌提供。,与笔芯和/或针配合使用，通过压力使药液穿透皮肤或黏膜表面，输送入体内。用于药液（如胰岛素）的注射。,笔式注射器,Ⅱ
medical_device_category_14-01-05,玻璃注射器,14-01-05,__import__.medical_device_category_14-01,通常由外套、芯子和锥头三部分组成。一般采用硅硼铝玻璃制成。经清洗灭菌处理可重复使用。,用于抽吸液体或在注入液体后注射。,全玻璃注射器,Ⅱ
medical_device_category_14-01-06,1 注射针,14-01-06,__import__.medical_device_category_14-01,通常由针管、针座和护套组成，可带有自毁装置。针管一般采用不锈钢材料制成，针座一般采用高分子材料制成。无菌提供。,用于人体皮内、皮下、消化道黏膜下、肌肉、静脉等注射或抽取液体。,一次性使用无菌注射针、一次性使用无菌牙科注射针、一次性使用胰岛素笔配套用针、植入式给药装置注射针,Ⅲ
medical_device_category_14-01-06,2 注射针,14-01-06,__import__.medical_device_category_14-01,通常由针管、针座和护套组成。针管和针座一般采用不锈钢材料制成。非无菌提供，可重复使用。,用于人体皮内、皮下、消化道黏膜下、肌肉注射或抽取液体。,注射针,Ⅱ
medical_device_category_14-01-07,1 注射器辅助推动装置,14-01-07,__import__.medical_device_category_14-01,一般采用金属材料、高分子材料等制成。不接触注射药液。,配合注射器等使用，用于对注射器进行辅助推注。,注射器辅助推进枪,Ⅱ
medical_device_category_14-01-07,2 注射器辅助推动装置,14-01-07,__import__.medical_device_category_14-01,一般采用金属材料、高分子材料等制成。非电驱动。不接触注射药液。非无菌提供。不具有剂量控制功能。,配合注射器（不包括医用无针注射器）等使用，用于对注射器进行辅助推注。,注射器辅助推进枪,Ⅰ
medical_device_category_14-01-08,1 穿刺器械,14-01-08,__import__.medical_device_category_14-01,通常由穿刺针、穿刺器、保护套组成。,用于对腰椎、脑室进行穿刺，以采集人体样本、注射药物与气体等或作为其他器械进入体内的通道。,脑室穿刺针、腰椎穿刺针,Ⅲ
medical_device_category_14-01-08,2 穿刺器械,14-01-08,__import__.medical_device_category_14-01,通常由穿刺针、穿刺器、保护套组成。,用于对人体（不包括腰椎、脑室）进行穿刺，以采集人体样本、注射药物与气体等或作为其他器械进入体内的通道。,胸腔穿刺针、肾穿刺针、多用套管针、上颌窦穿刺针、肝脏活体组织快速穿刺针、肝脏活体组织穿刺针、经皮穿刺器械、环甲膜穿刺针、吸脂针、穿刺细胞吸取器、点刺针、经皮肝穿刺胆管造影针、气胸针、髂骨穿刺针,Ⅱ
medical_device_category_14-01-09,活检针,14-01-09,__import__.medical_device_category_14-01,通常由针座、芯针、内针管、内外针定位鞘、外针管、保护套组成。针管一般采用不锈钢材料制成。,可与活检枪配合使用，用于从肝脏、肾脏、前列腺、乳腺、脾脏、淋巴结、软组织肿瘤等人体组织获取标本进行活检。,一次性使用活检针、乳房活检装置、可重复使用活检针、重复使用活检器、骨髓活检针,Ⅱ
medical_device_category_14-01-10,活检枪,14-01-10,__import__.medical_device_category_14-01,通常由弹射、释放、制动部分构成，一般采用不锈钢材料制成。非无菌提供，可重复使用。,与活检针装配好后用于从人体组织获取标本进行活检。,活检枪,Ⅱ
medical_device_category_14-02-01,1 输液泵,14-02-01,__import__.medical_device_category_14-02,通常由驱动装置、电源部分、贮液装置和输液管路组成。贮液装置和输液管路为无菌提供，一次性使用。,用于精确定量控制注入患者体内的药液。,电子镇痛泵、电子输注泵、微量注药泵、全自动注药泵,Ⅲ
medical_device_category_14-02-01,2 输液泵,14-02-01,__import__.medical_device_category_14-02,通常由驱动部分和电源部分组成。不包含贮液装置和输液管路。,用于精确定量控制注入患者体内的液体，与贮液装置和输液管路配套使用。不用于镇痛药、化疗药物、胰岛素的输注。,微电脑电动注药泵、便携式输液泵、输液泵、急救输液泵、容积输液泵、医用输液泵,Ⅱ
medical_device_category_14-02-02,1 输液信息采集系统,14-02-02,__import__.medical_device_category_14-02,通常由带有红外通讯接口、电源的移动支架和集成软件组成。,用于对镇痛药、化疗药物、胰岛素液体输注过程提示报警信息，为输液泵/注射泵供电，与输液泵/推注泵通信并采集数据。,输液信息采集系统,Ⅲ
medical_device_category_14-02-02,2 输液信息采集系统,14-02-02,__import__.medical_device_category_14-02,通常由带有红外通讯接口、电源的移动支架和集成软件组成。,用于对除镇痛药、化疗药物、胰岛素之外液体输注过程提示报警信息，为输液泵/注射泵供电，与输液泵/推注泵通信并采集数据。,输液信息采集系统,Ⅱ
medical_device_category_14-02-03,1 输液辅助电子设备,14-02-03,__import__.medical_device_category_14-02,通常与输液器配合使用，能使输液过程实现流量控制、加温、报警等功能的电子仪器。,用于对镇痛药、化疗药物、胰岛素的液体进行输液过程增加部分辅助功能，如流量控制、加温、报警等功能。,输液监控仪、输液监护系统、输血输液加温仪,Ⅲ
medical_device_category_14-02-03,2 输液辅助电子设备,14-02-03,__import__.medical_device_category_14-02,通常与输液器配合使用，能使输液过程实现流量控制、加温、报警等功能的电子仪器。,用于对除镇痛药、化疗药物、胰岛素之外液体进行输液过程增加部分辅助功能，如流量控制、加温、报警等功能。不与血液、药液接触。,输液监控仪、输液监护系统、输血输液加温仪,Ⅱ
medical_device_category_14-02-04,无源输注泵,14-02-04,__import__.medical_device_category_14-02,通常由弹力储药囊（不含药）、加药装置、延长管和流速控制器组成。以机械弹性为动能，为泵体提供动力。无菌提供，一次性使用。,用于患者自控调节注入体内（静脉、皮下、硬膜外腔）的药液流量。,一次性使用输注泵,Ⅲ
medical_device_category_14-02-05,输液器,14-02-05,__import__.medical_device_category_14-02,通常由鲁尔圆锥接头、管路、滴斗、流量调节器、瓶塞穿刺器、药液过滤器等组成，部分输液器带有空气过滤器的进气气件、药液注射件。管路一般由聚氯乙烯或其他材料制成。其设计能使其在重力或压力的作用下，将输液容器中的药液通过静脉穿刺器械向静脉内输液。无菌提供，一次性使用。,用于静脉输注药液。,重力输液器、重力式输液器、压力设备用输液器、滴定管式输液器、分液袋式输液器、吊瓶式输液器、静脉营养袋式输液器、避光输液器、泵用输液器、压力输液器、自动排气输液器,Ⅲ
medical_device_category_14-02-06,静脉输液针,14-02-06,__import__.medical_device_category_14-02,通常由保护套、针管、针柄、软管、针座及其他部件组成。一般采用聚氯乙烯等高分子材料和医用不锈钢材料制成。无菌提供。,与输液器、输血器配套使用，用于穿刺并输入人体药液。,一次性使用静脉输液针、植入式给药装置输液针,Ⅲ
medical_device_category_14-02-07,血管内留置针,14-02-07,__import__.medical_device_category_14-02,通常由护套、导管组合件（包括导管、楔型物和导管座）、针头组合件（包括针管和针座）和透气塞组成，可带有防针刺装置。一般采用高分子材料和医用不锈钢材料制成。无菌提供。,与输液器、输血器配套使用，可在血管内留置一段时间，用于穿刺并输入人体液体、采血，或动脉血压监测及连续动脉血气监测用。,一次性使用静脉留置针、一次性使用动静脉留置针、一次性使用动脉留置针、一次性使用防针刺静脉留置针,Ⅲ
medical_device_category_14-02-08,输液连接管路,14-02-08,__import__.medical_device_category_14-02,通常由输液管路、至少一个外圆锥鲁尔接头和一个内圆锥鲁尔接头组成。管路一般由聚氯乙烯或其他材料制成。无菌提供，一次性使用。,通过鲁尔接头与其他输液器械连接，实现两个器械间的管路连接后输注药液。,输液连接管路、输液延长管、微量输液延长管、避光输液延长管、泵用输液管路、压力输液管路、带流量设定微调装置的输液管路、避光输液管路、温液式输液管路、微量泵前管,Ⅲ
medical_device_category_14-02-09,输液、输血用连接件及附件,14-02-09,__import__.medical_device_category_14-02,通常至少带有一鲁尔圆锥接头，一般采用高分子材料制成。无菌提供，一次性使用。,用于串接在输液系统上使其增加了一项或多项特定的功能，如液路开关、防回流、过滤等。,输液用两路开关、输液用三路开关、输液用四路开关、输液用多联开关、带输液延长管的三路开关、输液用防回流阀、无针式输液连接件、分隔膜式无针输液连接件、正压无针输液连接件、针刺式输液连接件、输液用肝素帽、输液用高压三通、输液过滤器、麻醉用过滤器、网式药液过滤器、输液管路空气过滤器、静脉营养液过滤器、带连接管路的无针式输液连接件、一次性使用去白细胞过滤器、输液用进气器件,Ⅲ
medical_device_category_14-02-10,植入式给药器械,14-02-10,__import__.medical_device_category_14-02,通常由注射座、导管和/或连接器组成。植入皮下后，可经皮反复穿刺的注射座向里输注药物，然后经导管将药物输送至病变部位或特定的血管。无菌提供，一次性使用。,通过植入需要长期输入药物或液体的患者皮下，用于输注药物。,植入式给药装置、植入式化疗泵、植入式给药器,Ⅲ
medical_device_category_14-02-11,输液袋,14-02-11,__import__.medical_device_category_14-02,通常由袋体、药液加入口和输液器插口组成，一般由高分子材料制成。无菌提供，一次性使用。,用于医疗机构中，使用前充入营养液或药液，再与输液器和静脉内器械（如中心静脉导管）连接向体内输注。,静脉营养输液袋、泵用输液袋,Ⅲ
medical_device_category_14-02-12,药液用转移、配药器具,14-02-12,__import__.medical_device_category_14-02,通常由瓶塞穿刺器、连接管路等组成，可带有过滤器件。当它与两个容器相连后可以实现不同药剂间的转移、溶药、配药或多联输液（多瓶输液）。也可以设计成注射的形式，其由针座、针管和护套组成。溶药针针座及护套一般采用聚丙烯材料，针管一般采用医用不锈钢材料。,用于不同药剂间的转移，实现输液前溶药、配药或多剂型药物联合输液等。不作为指定中继泵的附件。,静脉药液转移器、单通道静脉药液转移器、双通道转移器、带有进气口的转移器、注射式配药器、配药用注射器、药液转移器、一次性使用无菌溶药针、密闭式药液转移器,Ⅱ
medical_device_category_14-02-13,输液用放气针,14-02-13,__import__.medical_device_category_14-02,通常由针管和针座组成。一般由金属材料制成。可重复使用。,用于输液时插入输液瓶内放气。,输液用放气针,Ⅰ
medical_device_category_14-03-01,肠营养泵,14-03-01,__import__.medical_device_category_14-03,通常由肠营养泵主体、电源组件组成。不包括肠营养器和肠营养袋。,与肠营养器和肠营养袋配合使用，用于患者连续或间断喂饲营养。,营养泵、肠内营养泵,Ⅱ
medical_device_category_14-03-02,胰岛素泵,14-03-02,__import__.medical_device_category_14-03,通常由壳体、调节控制部分、传动部分、电源等组成。,用于糖尿病患者皮下持续输注胰岛素。,胰岛素泵、胰岛素注射泵,Ⅲ
medical_device_category_14-03-03,胰岛素泵用皮下输液器,14-03-03,__import__.medical_device_category_14-03,通常由皮下穿刺针、固定装置、管路、连接件等组成。无菌提供，一次性使用。,用于与特定的胰岛素泵、胰岛素泵用储液器配合使用，向糖尿病患者持续皮下输注胰岛素。,胰岛素泵用皮下输液器,Ⅲ
medical_device_category_14-03-04,胰岛素泵用储液器,14-03-04,__import__.medical_device_category_14-03,通常由芯杆、活塞、外套等组成。不含胰岛素。无菌提供，一次性使用。,用于与特定的胰岛素泵、胰岛素泵用输液器配合使用，向糖尿病患者持续皮下输注胰岛素。,胰岛素泵用储液器,Ⅲ
medical_device_category_14-03-05,肠营养器,14-03-05,__import__.medical_device_category_14-03,通常由瓶塞穿刺器、管路、滴斗和肠营养导管连接接头组成，管路一般由聚氯乙烯或其他高分子材料制成，能与肠营养容器和肠营养管连接。部分肠营养器还带有泵管，使之可在肠营养泵的作用下向肠内输注营养液；部分肠营养器与肠营养袋连为一体。,用于向胃肠内输送营养液。,输液式肠营养器、推注式肠营养器、泵用肠营养器、胃肠营养输送器、肠内营养泵管,Ⅱ
medical_device_category_14-03-06,肠营养袋,14-03-06,__import__.medical_device_category_14-03,通常由营养制剂加入口、袋体和肠营养器穿刺接口组成。袋体一般由聚氯乙烯或其他高分子材料制造。不含营养物质。,用于通过连接鼻饲管或胃管向患者肠胃输送营养。,肠营养袋、肠胃营养袋,Ⅱ
medical_device_category_14-04-01,有源止血器,14-04-01,__import__.medical_device_category_14-04,通常由主机控制器、压力表、打气筒、气袋、气路导管、止血袖带组成。,用于四肢手术时采用气压压迫等方法阻断肢体血流，从而达到止血作用。,数控气压止血仪、自动气压止血仪、电动气压止血仪、自动气压止血带、数控气压止血带、电动气压止血带,Ⅱ
medical_device_category_14-04-02,无源止血器,14-04-02,__import__.medical_device_category_14-04,通常由压迫装置和固定装置组成。压迫装置可分为压迫垫、压迫气囊等，固定装置类型分为螺母、固定板、固定带、粘合贴等。无菌提供。,用于动脉介入式手术等外科手术后，或手术结束拔除动静脉留置针后，穿刺点闭合压迫止血用。,桡动脉止血器、桡动脉压迫止血器、动脉压迫止血器、一次性使用动脉压迫止血器,Ⅱ
medical_device_category_14-04-03,1 无源止血带,14-04-03,__import__.medical_device_category_14-04,通常分为捆扎型、卡扣型、松紧带粘贴型，加压压迫血管以达到止血目的。,用于临床静脉抽血、静脉穿刺的止血扎结及事故现场、战场救治四肢出血时进行止血处理。或用于四肢外科手术驱赶四肢中血液。,桡动脉压迫止血带、医用止血带、一次性使用动脉压迫止血带、上肢气压止血带、压脉止血带、硅胶驱血带,Ⅱ
medical_device_category_14-04-03,2 无源止血带,14-04-03,__import__.medical_device_category_14-04,通常由弹性带、扣盒、插件、手柄组成。一般采用高分子材料制成。非无菌提供。,用于静脉输液或抽血时短暂阻断静脉回流。,一次性使用止血带、止血带,Ⅰ
medical_device_category_14-05-01,经皮肠营养导管,14-05-01,__import__.medical_device_category_14-05,通常为由硅橡胶或聚氨酯等材料制造的导管，头端有固定装置。球囊的作用是将导管经皮插入胃或空肠内后，充起球囊，起到固定导管的作用。在体内滞留时间大于等于30天。无菌提供，一次性使用。,用于为不能经鼻肠营养的患者输送营养物质。,经皮肠营养球囊导管、经皮肠营养导管,Ⅲ
medical_device_category_14-05-02,经鼻肠营养导管,14-05-02,__import__.medical_device_category_14-05,通常为由聚氯乙烯或其他材料制成的管路和不能与静脉输液器的鲁尔外圆锥接头相连接的接头组成。可经鼻插入患者胃或十二指肠内，以通过它给入肠营养液或药液。无菌提供，一次性使用。,用于经鼻向胃肠道引入营养液等。部分可实现冲洗等其他辅助功能。,经鼻肠营养管、小儿经鼻肠营养管、婴儿胃饲管胃管及附件、鼻饲管、十二指肠管、经鼻喂养管、小肠喂养管、胃管、胃导管、螺旋型鼻肠管、鼻胃管、肠营养导管、喂食管、胶乳胃管、鼻胃肠插管,Ⅱ
medical_device_category_14-05-03,1 导尿管,14-05-03,__import__.medical_device_category_14-05,一般采用高分子材料制成。部分头端固定有球囊。可将头端插入膀胱，并向体外导尿。含药物成分。无菌提供，一次性使用。,用于将病人膀胱中的尿液经尿道向体外导出并导入到集尿容器中。,含药导尿管,Ⅲ
medical_device_category_14-05-03,2 导尿管,14-05-03,__import__.medical_device_category_14-05,一般采用高分子材料制成。部分头端固定有球囊。可将头端插入膀胱，并向体外导尿。管身上涂有银盐或抗菌成分等涂层。无菌提供，一次性使用。,用于将病人膀胱中的尿液经尿道向体外导出并导入到集尿容器中。,硝酸银亲水涂层导尿管,Ⅲ
medical_device_category_14-05-03,3 导尿管,14-05-03,__import__.medical_device_category_14-05,一般采用高分子材料制成。部分头端固定有球囊。可将头端插入膀胱，并向体外导尿。部分管身上涂有润滑涂层（不含药物、银盐或抗菌成分涂层），浸湿后便于插入，减轻插管痛苦。无菌提供，一次性使用。,用于将病人膀胱中的尿液经尿道向体外导出并导入到集尿容器中。,无球囊导尿管、双腔球囊导尿管、三腔球囊导尿管、硅橡胶导尿管、橡胶导尿管、导尿管、硅橡胶带囊尿道导管、尿道导管、双气囊三腔导管、无菌梅花头导尿引流管、气囊导尿管、双囊四腔导尿管、医用橡胶导尿管、乳胶导尿管、多腔球囊导尿管、测温导尿管、乳胶菌状导尿管、单腔导尿管、双腔气囊导尿管、间歇性导尿管,Ⅱ
medical_device_category_14-05-03,4 导尿管,14-05-03,__import__.medical_device_category_14-05,采用金属材料制成。不含润滑液。非无菌提供。,用于将病人膀胱中的尿液经尿道向体外导出并导入到集尿容器中。,金属导尿管、非无菌导尿管,Ⅰ
medical_device_category_14-05-04,1 直肠管（肛门管）,14-05-04,__import__.medical_device_category_14-05,通常由导管和接头组成。一般采用医用聚氯乙烯塑料制成。导管头端分有孔和无孔两种，两侧有一个或多个侧孔。无菌提供。,用于供肠道清洁（冲洗、排空或灌注）用或排气用。,无菌肛门管、无菌直肠导管、无菌肛管、无菌肛门排气管,Ⅱ
medical_device_category_14-05-04,2 直肠管（肛门管）,14-05-04,__import__.medical_device_category_14-05,通常由导管和接头组成。一般采用医用聚氯乙烯塑料等高分子材料制成。导管头端分有孔和无孔两种，两侧有一个或多个侧孔。非无菌提供。,用于供肠道清洁（冲洗、排空或灌注）用或排气用。,肛门管、直肠管、肛管、肛门排气管,Ⅰ
medical_device_category_14-05-05,1 输尿管支架,14-05-05,__import__.medical_device_category_14-05,通常为由硅橡胶、聚氨酯或其他聚合物制造的管状结构，单端或双端有环状弯曲。放置于肾脏与膀胱之间。在体内滞留时间大于等于30天。,通过对人体输尿管进行支撑和引流，用于治疗输尿管堵塞和狭窄。,输尿管支架,Ⅲ
medical_device_category_14-05-05,2 输尿管支架,14-05-05,__import__.medical_device_category_14-05,通常为由硅橡胶、聚氨酯或其他聚合物制造的管状结构，单端或双端有环状弯曲。放置于肾脏与膀胱之间。在体内滞留时间小于30天。,通过对人体输尿管进行支撑和引流，用于治疗输尿管堵塞和狭窄。,输尿管支架,Ⅱ
medical_device_category_14-05-06,引流导管,14-05-06,__import__.medical_device_category_14-05,一般采用硅橡胶或聚氨酯等材料制成。使用时导管的一端插入到体内或创面的引流部位，另一端在体外可与引流接管等其他体外器械连接，通过体内压力、重力或负压吸引等压力的作用向体外引流。无菌提供，一次性使用。,用于将患者积液、渗出液或气体向体外引流。,胸腔引流导管、脑室引流导管、脑脊液外引流导管、腰椎外引流导管、颅脑外引流导管、腹腔引流管、胸腔引流管、脑室引流管、心脏排气引流管、脑科吸引管、胆汁外引流导管、胰引流管、经鼻胆汁外引流管、乳胶胆管引流管、胆管引流管、逆行性经胆管引流管、鼻胰引流管、胆汁引流管,Ⅱ
medical_device_category_14-05-07,扩张导管,14-05-07,__import__.medical_device_category_14-05,通常由多腔管路、球囊和多个连接件组成，也可以不带球囊。球囊在体内可以充起，以对体内狭窄的生理腔道进行扩张，以使其达到通畅或使其他器械通过。体内滞留时间小于30天。无菌提供，一次性使用。,用于对体内狭窄的生理腔道进行扩张。,尿道球囊扩张导管、胆道球囊扩张导管、胆道扩张导管、输尿管球囊扩张导管、鼻窦球囊导管,Ⅱ
medical_device_category_14-05-08,造影导管,14-05-08,__import__.medical_device_category_14-05,通常由导管和导管座组成。无菌提供，一次性使用。,在导引器械的配合下导管插入体内的某个部位（非血管组织），用于向靶向部位输入造影剂。,双腔输尿管造影导管、逆行性胰/胆管造影导管、注射管线造影管、十二指肠造影导管,Ⅱ
medical_device_category_14-05-09,测压导管,14-05-09,__import__.medical_device_category_14-05,通常由导管、导管座等组成，常在导引器械的配合下使导管插入体内的某个部位，供测量生理压力。无菌提供，一次性使用。,用于测量靶向部位（非血管组织）生理压力。,尿动力测压导管、直肠测压导管、胆道测压导管、肠道测压管,Ⅱ
medical_device_category_14-06-01,颅脑外引流收集装置,14-06-01,__import__.medical_device_category_14-06,通常至少由体外引流管路、滴瓶和收集容器三部分组成。用于脑脊液脑室穿刺外引流，收集装置还应有颅内压刻度尺。（脑室外引流以外的颅脑穿刺外引流收集装置可不包括颅内压刻度尺，可根据实际需要选配。）无菌提供，一次性使用。,用于脑积水和颅内出血患者的脑脊液或血肿引流。,脑室穿刺脑脊液外引流收集装置、腰椎穿刺脑脊液外引流收集装置、颅脑穿刺非脑脊液外引流收集装置、颅脑外引流装置、脑室引流装置、腰大池引流器、脑脊液体外引流器、颅脑引流袋,Ⅱ
medical_device_category_14-06-02,胸腔引流装置,14-06-02,__import__.medical_device_category_14-06,通常至少由胸腔引流接管和积液腔组成，可分为水封式、干封阀式等，部分带有吸引接口，以实现吸引引流。不包括带有自体血回输的引流装置。从生产工艺上可分为注塑和吹塑两种。不包括插入病人胸腔的胸腔引流导管。无菌提供，一次性使用。,与胸腔引流导管配套，用于气胸、胸腔积液及手术后需要进行闭式引流的患者。,水封式胸腔引流装置、水封式双腔胸腔引流装置、水封式三腔胸腔引流装置、干封阀式胸腔引流装置、胸腔引流瓶、胸腔闭式引流袋、胸腔引流贮液瓶、胸腔引流调节器、单腔胸腔引流装置、胸腔闭式引流瓶、胸腔引流器、便携式胸腔引流瓶,Ⅱ
medical_device_category_14-06-03,1 负压引流器及组件,14-06-03,__import__.medical_device_category_14-06,通常由器身、弹簧、调节器组、连接接头、连接管、止流夹、护帽、引流袋、负压泵或手动负压源（负压球）组成。无菌提供。不包括插入体内的引流导管。,用于临床负压引流时，与插入体内的引流导管相连接，起到充当负压传导介质和/或引导、收集引流液的作用。,无菌负压吸引装置、无菌高负压引流瓶、无菌医用体外引流器、无菌负压引流器、无菌负压引流球、一次性吸引头、无菌硅橡胶引流球、无菌穿刺型负压引流器、无菌引流瓶、无菌硅胶负压引流球、无菌抽液器、无菌闭合高负压引流系统、无菌负压吸引用收集装置、无菌吸引贮液瓶,Ⅱ
medical_device_category_14-06-03,2 负压引流器及组件,14-06-03,__import__.medical_device_category_14-06,通常由器身、弹簧、调节器组、连接接头、连接管、止流夹、护帽、引流袋组成。非无菌提供。不包括负压泵、手动负压源（负压球）和插入体内的引流导管。,用于临床负压引流时，与插入体内的引流导管相连接，起到充当负压传导介质和/或引导、收集引流液的作用。,负压吸引装置、高负压引流瓶、医用体外引流器、负压引流器、穿刺型负压引流器、引流瓶、闭合高负压引流系统、负压吸引用收集装置、吸引贮液瓶,Ⅰ
medical_device_category_14-06-04,真空负压机,14-06-04,__import__.medical_device_category_14-06,通常由真空泵、真空罐、管路、接头和电控箱组成。通过真空泵抽吸，使系统管路产生医用负压，达到持续或间歇进行创面引流或者提供负压环境辅助伤口闭合的目的。,用于去除腔隙或创面分泌物和坏死组织，改善局部微循环、促进组织水肿消退、控制感染、促进肉芽组织健康生长。,真空负压机、医用真空负压机,Ⅱ
medical_device_category_14-06-05,1 负压引流海绵,14-06-05,__import__.medical_device_category_14-06,通常由抗负压吸引的海绵和负压吸引导管组成。常用的海绵的材料有聚氨酯或聚乙烯醇等。将海绵置于创面上，贴上负压引流封闭膜，在海绵的支撑作用和封闭膜的封闭作用下形成封闭的负压引流腔体，在吸引导管与外接的吸引源的作用下实现对创面的引流。无菌提供，一次性使用。,用于对慢性创面进行引流。,负压引流海绵、聚氨酯负压引流海绵、聚乙烯醇负压引流海绵,Ⅲ
medical_device_category_14-06-05,2 负压引流海绵,14-06-05,__import__.medical_device_category_14-06,通常由抗负压吸引的海绵和负压吸引导管组成。常用的海绵的材料有聚氨酯或聚乙烯醇等。将海绵置于创面上，贴上负压引流封闭膜，在海绵的支撑作用和封闭膜的封闭作用下形成封闭的负压引流腔体，在吸引导管与外接的吸引源的作用下实现对创面的引流。无菌提供，一次性使用。所含成分不可被人体吸收。,用于对非慢性创面（如手术后缝合创面、机械创伤、切割伤创面、浅II度的烧烫伤创面）进行引流。,负压引流海绵、聚氨酯负压引流海绵、聚乙烯醇负压引流海绵,Ⅱ
medical_device_category_14-06-06,负压引流封闭膜,14-06-06,__import__.medical_device_category_14-06,为聚氨酯膜上均匀涂有合成胶粘物质组成封闭膜的粘贴面，粘贴面上覆盖有一个保护层。对创面进行负压引流时，将负压引流海绵置于创面上，贴上负压引流封闭膜，在海绵的支撑作用和封闭膜的封闭作用下形成封闭的负压引流腔体，在吸引导管与外接的吸引源的作用下实现对创面的引流。无菌提供，一次性使用。,用于负压引流时封闭创面。,负压引流封闭膜,Ⅱ
medical_device_category_14-06-07,医用电动吸引器械,14-06-07,__import__.medical_device_category_14-06,通常由负压指示器、过滤器、收集容器和防溢流装置组成。以网电源或蓄电池驱动。负压可由旋片泵、活塞泵、膜片泵和电磁泵提供。,利用负压抽出人体中的气体、液体和/或固体。可在医疗场所、家庭、野外或运输途中使用。可吸取人体呼吸道中的分泌物；胃中、胸腔中的气体、液体；体表创面、伤口的渗出液；羊水；手术中、手术后的血水（冲洗液）、渗出液、废液等。不包括仅用于妇科流产、口腔科吸引、眼科吸引或内窥镜手术的吸引器械。,医用电动吸引器、便携式医用电动吸引器、膜式医用电动吸引器、便携式吸痰器、电动吸痰机、电动吸痰器、小儿吸痰器、羊水吸引器、医用电动吸引器、低负压医用电动吸引器,Ⅱ
medical_device_category_14-06-08,以负压源或压力源为动力吸引器械,14-06-08,__import__.medical_device_category_14-06,通常由负压指示器、过滤器、收集容器和防溢流装置组成，可含有电气控制元件。与负压源连接使用，由中心吸引系统负压管道或压缩气体驱动，也可由自带气瓶驱动。与负压管道连接还需要配备负压调节器。,利用负压抽出人体中的气体、液体和/或固体。可在医疗场所、家庭、野外或运输途中使用。可吸取人体呼吸道中的分泌物；胃中、胸腔中的气体、液体；体表创面、伤口的渗出液；羊水；手术中、手术后的血水（冲洗液）、渗出液、废液等。不包括仅用于妇科流产、口腔科吸引、眼科吸引或内窥镜手术的吸引器械。,墙式吸引装置、壁式吸引器、墙式吸引器、中心负压抽吸器、气体负压吸引器、医用吸引系统负压吸引器、医用吸引系统吸引器、壁式医用负压吸引器、落地式吸引器、便携式吸引器、急救吸引器、中心负压源吸引器、中心吸引器、手提式吸引器,Ⅱ
medical_device_category_14-06-09,医用人工驱动吸引器械,14-06-09,__import__.medical_device_category_14-06,通常由负压指示器、过滤器、收集容器和防溢流装置组成。包括脚踏、手动或两者并用，也可以与电气设备组合使用。,利用负压抽出人体中的气体、液体和/或固体。可在医疗场所、家庭、野外或运输途中使用。可吸取人体呼吸道中的分泌物；胃中、胸腔中的气体、液体；体表创面、伤口的渗出液；羊水；手术中、手术后的血水（冲洗液）、渗出液、废液等。不包括仅用于妇科流产、口腔科吸引、眼科吸引或内窥镜手术的吸引器械。,手动吸引器、手动吸痰器、脚踏吸引器,Ⅱ
medical_device_category_14-06-10,医用中心吸引系统,14-06-10,__import__.medical_device_category_14-06,通常由中心吸引站、管道、阀门和终端组成，中心吸引站的真空泵机组是吸引系统的负压源，通过真空泵机组的抽吸使吸引系统管路达到所需负压值。,用于医院向手术室、抢救室、治疗室和病房终端提供负压，产生吸力。,医用中心吸引系统,Ⅱ
medical_device_category_14-06-11,1 体外引流、吸引管,14-06-11,__import__.medical_device_category_14-06,通常由软管和连接件组成。能在引流导管与引流装置之间连接，使之组成密闭的引流系统。不直接接触人体。无菌提供，一次性使用。,与适宜设备配套后，用于手术中、手术后的血水、废液等引流、吸引使用。,无菌冲洗引流管、一次性吸引管、无菌食道胃吸引管、无菌体外吸引连接管、无菌抽吸管路、无菌胎粪吸引管、无菌食道胃吸引管、无菌口鼻吸引管、无菌可调负压吸引管,Ⅱ
medical_device_category_14-06-11,2 体外引流、吸引管,14-06-11,__import__.medical_device_category_14-06,通常由软管和连接件组成。能在引流导管与引流装置之间连接，使之组成密闭的引流系统。不直接接触人体。非无菌提供（如在无菌环境下使用，使用前应经灭菌处理），一次性使用。,与适宜设备配套后，用于手术中、手术后的血水、废液等引流、吸引使用。,引流管、冲洗引流管、一次性吸引管、体外吸引连接管、抽吸管路、胎粪吸引管、口鼻吸引管、可调负压吸引管,Ⅰ
medical_device_category_14-06-12,1 引流袋（容器）/收集袋（容器）、粪便管理器械,14-06-12,__import__.medical_device_category_14-06,通常为袋式的收集容器。通过体外管路与引流导管连接，形成密闭的引流系统。无菌提供，一次性使用。,用于医院临床科室及手术中或手术后患者一次性引流体液（血液、胃液等）、分泌物（痰液、冲洗液等）以及人体排泄物的收集。,无菌引流袋、无菌废液收集袋、无菌塑料引流袋、无菌集尿袋、无菌便携式集尿袋、无菌子母式集尿袋、无菌尿袋、无菌男性尿袋、无菌婴儿集尿袋,Ⅱ
medical_device_category_14-06-12,2 引流袋（容器）/收集袋（容器）、粪便管理器械,14-06-12,__import__.medical_device_category_14-06,通常为袋式的收集容器。通过体外管路与引流导管连接，形成密闭的引流系统。非无菌提供，一次性使用。,用于医院临床科室及手术中或手术后患者一次性引流体液（血液、胃液等）、分泌物（痰液、冲洗液等）以及人体排泄物的收集。,引流袋系统、引流袋、废液收集袋、塑料引流袋、集尿袋、便携式集尿袋、子母式集尿袋、尿袋、男性尿袋、婴儿集尿袋、医疗废液收集装置,Ⅰ
medical_device_category_14-06-13,1 非血管内导管充盈装置,14-06-13,__import__.medical_device_category_14-06,通常由推注系统、压力表、连接管路等组成。无菌提供。,用于对非血管内导管等球囊进行充压，使球囊膨胀。,无菌球囊扩充压力泵、无菌球囊扩张充压装置、无菌球囊充盈装置,Ⅱ
medical_device_category_14-06-13,2 非血管内导管充盈装置,14-06-13,__import__.medical_device_category_14-06,通常由推注系统、压力表、连接管路等组成。非无菌提供。,用于对非血管内导管等球囊进行充压，使球囊膨胀。,球囊扩充压力泵、球囊扩张充压装置、球囊充盈装置,Ⅰ
medical_device_category_14-07-01,1 冲洗器械,14-07-01,__import__.medical_device_category_14-07,通常由主机、加温模块、电源模块组成。,用于冲洗自然腔道（不包括阴道专用）、术中术后冲洗组织，也可对冲洗液加温。,电动冲洗器、冲洗液加温仪,Ⅱ
medical_device_category_14-07-01,2 冲洗器械,14-07-01,__import__.medical_device_category_14-07,通常由主控模块、显示模块、电源模块、正负压泵、正负压调节阀组成。,连接管路后用于临床洗胃。,洗胃机,Ⅱ
medical_device_category_14-07-01,3 冲洗器械,14-07-01,__import__.medical_device_category_14-07,根据不同的预期用途有不同的结构。使用前装入冲洗液，或与相关的冲洗设备或器具连接成冲洗系统，可向患者冲洗部位进行冲洗。无菌提供。,用于对患者自然腔道（不包括阴道专用）、手术创面或体内组织进行冲洗，或用在不同药物治疗的间隙进行冲洗。,无菌冲洗器、无菌鼻部冲洗器,Ⅱ
medical_device_category_14-07-01,4 冲洗器械,14-07-01,__import__.medical_device_category_14-07,根据不同的预期用途有不同的结构。使用前装入冲洗液，或与相关的冲洗设备或器具连接成冲洗系统，可向患者冲洗部位进行冲洗。非无菌提供（如在无菌环境下使用，使用前应经灭菌处理）。不含冲洗液。,用于对患者自然腔道（不包括阴道专用）进行冲洗，或用在不同药物治疗的间隙进行冲洗。,冲洗器、鼻部冲洗器、冲洗液袋用加压器,Ⅰ
medical_device_category_14-07-02,灌肠器,14-07-02,__import__.medical_device_category_14-07,通常由软袋、夹子、接管、接头等部分组成，一般采用玻璃、高分子等材料制成。软袋供装入灌肠液，接头可与直肠导管连接。不含内容物。无菌提供。,用于临床灌肠。,无菌灌肠器、无菌清肠器,Ⅱ
medical_device_category_14-07-02,灌肠器,14-07-02,__import__.medical_device_category_14-07,通常由软袋、夹子、接管、接头等部分组成，一般采用玻璃、高分子等材料制成。软袋供装入灌肠液，接头可与直肠导管连接。不含内容物。非无菌提供。,用于临床灌肠。,灌肠器、清肠器,Ⅰ
medical_device_category_14-07-03,1 给药器,14-07-03,__import__.medical_device_category_14-07,通常由吸嘴、腔体和吸入器连接口组成。采用高分子和金属材料制成。也可包括气雾剂药物吸入给药的装置。不含药物。,用于对患者体表和自然腔道局部给药。不用于皮下给药和静脉给药。不包括阴道给药器。,无菌气雾式给药器、无菌粉末给药器、无菌口腔给药器、无菌肛门给药器、无菌鼻腔给药器、无菌肛肠给药器、无菌喷洒式给药器、无菌滴注式给药器、无菌涂抹式给药器、无菌推注式给药器、无菌直肠给药器、无菌咽喉给药器、无菌口鼻气雾给药器、无菌药粉吸入器、无菌口鼻气雾剂给药器、无菌直肠腔道给药器、无菌体表给药器、无菌药粉吸入器、无菌胶囊型药品口服吸入器,Ⅱ
medical_device_category_14-07-03,2 给药器,14-07-03,__import__.medical_device_category_14-07,通常由吸嘴、腔体和吸入器连接口组成。采用高分子和金属材料制成。也可包括气雾剂药物吸入给药的装置（不含雾化功能）。非无菌提供。不含药物。不具有剂量控制功能。,用于对患者体表和自然腔道局部给药。不用于皮下给药和静脉给药。不包括阴道给药器。,粉末给药器、口腔给药器、肛门给药器、鼻腔给药器、肛肠给药器、滴注式给药器、喷洒式给药器、滴注式给药器、涂抹式给药器、推注式给药器、直肠给药器、咽喉给药器、口鼻气雾给药器、药粉吸入器、口鼻气雾剂给药器、直肠腔道给药器、体表给药器、药粉吸入器、胶囊型药品口服吸入器,Ⅰ
medical_device_category_14-08-01,可吸收外科止血材料,14-08-01,__import__.medical_device_category_14-08,一般由有止血功能的可降解吸收材料制成，呈海绵状、粉末状或敷贴状等形态。无菌提供，一次性使用。,手术中植入体内，用于体内创伤面渗血区止血、急救止血和手术止血，或腔隙和创面的填充。,胶原蛋白海绵、胶原海绵、可吸收止血明胶海绵、可吸收止血海绵、生物蛋白海绵、微纤维止血胶原（海绵）、医用胶原膜、即溶止血微粉、止血微球、微孔多聚糖止血粉、微纤维止血胶原（粉）、可溶可吸收性止血绒、可吸收止血颗粒、可降解止血粉、复合微孔多聚糖止血粉、微纤维止血胶原（网）、医用即溶止血纱布、可降解止血纱布、可降解性止血绫、明胶海绵、可吸收止血医用膜、可吸收止血流体明胶、可吸收再生氧化纤维素、生物止血膜、壳聚糖止血海绵,Ⅲ
medical_device_category_14-08-02,可吸收外科防粘连敷料,14-08-02,__import__.medical_device_category_14-08,一般由有防粘连功能的可降解吸收材料制成片状或液体。无菌提供，一次性使用。,手术中植入体内，施加于易发生粘连的两个组织界面处，用于防术后粘连。,透明质酸钠凝胶、聚乳酸防粘连膜、聚乳酸防粘连凝胶、手术防粘连溶液、防粘连冲洗液、聚乙二醇防粘连液、多聚糖防粘连膜、可吸收医用膜、壳聚糖防粘连液、壳聚糖防粘连膜,Ⅲ
medical_device_category_14-09-01,外科织造布类敷料,14-09-01,__import__.medical_device_category_14-09,通常为由医用脱脂棉纱布或脱脂棉与粘胶纤维混纺纱布经过裁切、折叠、包装、灭菌步骤加工制成的敷料。,用于吸收手术过程中的体内渗出液，手术过程中承托器官、组织等。,脱脂纱布、止血纱布、医用纱布制品、纱布巾、纱布片、纱布手术巾、纱布垫、纱布棉垫、外科纱布敷料、纱布叠片、棉纱垫、棉纱块、医用纱棉块、医用纱棉垫、脱脂棉粘胶混纺纱布、脱脂棉纱布、医用脱脂纱布、医用脱脂纱布块、医用纱布垫、医用纱布叠片、医用棉纱垫、X射线可探测脱脂纱布块、脱脂纱布方、医用纱布球、医用显影纱布块、脱脂纱布叠片、脱脂棉纱布、医用脱脂纱布方、医用腹巾、医用纱布腹部垫、纱布拭子,Ⅱ
medical_device_category_14-09-02,外科非织造布敷料,14-09-02,__import__.medical_device_category_14-09,通常为由非织造敷布经过加工制成的敷料。,用于吸收手术过程中的体内渗出液、手术过程中承托器官、组织等。,纯棉敷布片、粘胶纤维敷布片、混纤敷布片、X射线可探测敷布片、纯棉敷布拭子、粘胶纤维敷布拭子、混纤敷布拭子、X射线可探测敷布拭子、敷布卷、无纺布块、无纺布片、无纺布球、无纺布卷,Ⅱ
medical_device_category_14-09-03,外科海绵敷料,14-09-03,__import__.medical_device_category_14-09,通常为由高分子材料加工成的海绵状敷料。无菌提供，一次性使用。,用于吸收手术过程中的体内渗出液、手术过程中承托器官、组织等。还用于腔道（如鼻腔）的填塞压迫止血。,聚乙烯醇海绵、手术海绵、鼻腔止血海绵,Ⅱ
medical_device_category_14-10-01,创面敷贴,14-10-01,__import__.medical_device_category_14-10,通常由涂胶基材、吸收性敷垫和可剥离的保护层组成。其中吸收性敷垫一般采用棉纤维、无纺布等可吸收渗出液的材料制成。吸收性敷垫可单独使用，用绷带或胶带等进行固定。所含成分不可被人体吸收。无菌提供，一次性使用。,用于非慢性创面（如浅表性创面、手术后缝合创面、机械创伤、小创口、擦伤、切割伤创面、穿刺器械的穿刺部位、I度或浅II度的烧烫伤创面、婴儿肚脐口创口、激光/光子/果酸换肤/微整形术后创面）的护理，为创面愈合提供微环境。也可用于对穿刺器械（如导管）的穿刺部位的护理并固定穿刺器械。,创面敷贴、透明固定敷贴、透气敷贴、弹性敷贴、防水敷贴、打孔膜敷贴、指尖敷贴、指关节敷贴、脐带敷贴、眼部创面敷贴、无菌敷贴、伤口敷贴、创口敷贴、无菌粘贴敷料、医用敷垫、打孔膜吸收敷垫、吸收敷垫、静脉留置针导管固定贴膜、引流导管固定贴膜、输液贴、无菌医用聚氨酯贴膜、薄膜敷贴,Ⅱ
medical_device_category_14-10-02,1 创口贴,14-10-02,__import__.medical_device_category_14-10,通常由涂胶基材、吸收性敷垫、防粘连层和可剥离的保护层组成的片状或成卷状创口贴。其中吸收性敷垫一般采用可吸收渗出液的材料制成。所含成分不具有药理学作用。所含成分不可被人体吸收。无菌提供，一次性使用。,用于小创口、擦伤、切割伤等浅表性创面的护理。,无菌创口贴、一次性使用创口贴,Ⅱ
medical_device_category_14-10-02,2 创口贴,14-10-02,__import__.medical_device_category_14-10,通常由涂胶基材、吸收性敷垫、防粘连层和可剥离的保护层组成的片状或成卷状创口贴。其中吸收性敷垫一般采用可吸收渗出液的材料制成。所含成分不具有药理学作用。所含成分不可被人体吸收。非无菌提供，一次性使用。,用于小创口、擦伤、切割伤等浅表性创面的急救及临时性包扎。,创口贴,Ⅰ
medical_device_category_14-10-03,粉末敷料,14-10-03,__import__.medical_device_category_14-10,为粉末状。所含成分不可被人体吸收。无菌提供。,用于非慢性创面护理、止血，浅表创面使用，不用于体内。,沸石粉状敷料、多孔石墨医用敷料、壳聚糖止血颗粒,Ⅱ
medical_device_category_14-10-04,1 凝胶敷料,14-10-04,__import__.medical_device_category_14-10,通常为成胶物质与水组成的定形或无定形凝胶敷料，可含有缓冲盐。无菌提供。,用于吸收创面渗出液或向创面排出水分，用于慢性创面的覆盖；亦或用于对慢性创面中坏死组织的清除。,水凝胶敷料、水凝胶清创胶、水凝胶伤口敷料、清创水凝胶敷料、薄型水凝胶敷料、海藻酸钠凝胶、海藻多糖凝胶、卡波姆创面凝胶,Ⅲ
medical_device_category_14-10-04,2 凝胶敷料,14-10-04,__import__.medical_device_category_14-10,通常为成胶物质与水组成的定形或无定形凝胶敷料，可含有缓冲盐。所含成分不可被人体吸收。无菌提供。,用于吸收创面渗出液或向创面排出水分，用于手术后缝合创面等非慢性创面的覆盖。,水凝胶敷料、水凝胶伤口敷料、薄型水凝胶敷料,Ⅱ
medical_device_category_14-10-05,1 水胶体敷料,14-10-05,__import__.medical_device_category_14-10,通常为含有水溶性高分子颗粒（如羧甲基纤维素、果胶、海藻酸钠等）与橡胶粘性物等混合加工而成的敷料，水溶性高分子颗粒可直接或间接接触创面。无菌提供，一次性使用。,通过水溶性高分子颗粒吸收创面渗出液。用于慢性创面的覆盖和护理。,水胶体敷料、医用水胶体敷料、水胶体敷贴,Ⅲ
medical_device_category_14-10-05,2 水胶体敷料,14-10-05,__import__.medical_device_category_14-10,通常为含有水溶性高分子颗粒（如羧甲基纤维素、果胶、海藻酸钠等）与橡胶粘性物等混合加工而成的敷料，水溶性高分子颗粒可直接或间接接触创面。所含成分不可被人体吸收。无菌提供，一次性使用。,通过水溶性高分子颗粒吸收创面渗出液。用于非慢性创面的覆盖和护理。,水胶体敷贴、医用水胶体敷料、水胶体贴,Ⅱ
medical_device_category_14-10-06,1 纤维敷料,14-10-06,__import__.medical_device_category_14-10,通常为由亲水性纤维（如藻酸盐纤维、乙基磺酸盐纤维、羧甲基纤维素纤维等）制成的片状或条状敷料。无菌提供，一次性使用。,通过亲水性纤维吸收创面渗出液，一般还需二级敷料进行固定。用于慢性溃疡、腔洞创面等慢性创面的覆盖、护理和止血。,藻酸盐水胶敷料、藻酸盐敷料、藻酸钙敷料、吸收性藻酸钙敷料、亲水性纤维敷料、藻酸盐填充条,Ⅲ
medical_device_category_14-10-06,2 纤维敷料,14-10-06,__import__.medical_device_category_14-10,通常为由亲水性纤维（如藻酸盐纤维、乙基磺酸盐纤维、羧甲基纤维素纤维等）制成的片状或条状敷料。所含成分不可被人体吸收。无菌提供，一次性使用。,通过亲水性纤维吸收创面渗出液，一般还需二级敷料进行固定。用于非慢性创面的覆盖和护理。,藻酸盐敷料、藻酸钙敷料、吸收性藻酸钙敷料、纤维敷料、细菌纤维素敷料,Ⅱ
medical_device_category_14-10-07,1 泡沫敷料,14-10-07,__import__.medical_device_category_14-10,通常由泡沫吸收层、阻水层和防粘连层组成。无菌提供，一次性使用。,通过泡沫吸收层吸收并控制创面渗出液，用于渗出液较多的慢性创面的覆盖和护理。,聚硅酮泡沫敷料、聚乙烯醇泡沫敷料、薄型泡沫敷料、聚氨酯泡沫（粘性）敷料、泡沫敷料、自粘性泡沫敷料,Ⅲ
medical_device_category_14-10-07,2 泡沫敷料,14-10-07,__import__.medical_device_category_14-10,通常由泡沫吸收层、阻水层和防粘连层组成。所含成分不可被人体吸收。无菌提供，一次性使用。,通过泡沫吸收层吸收并控制创面渗出液，用于渗出液较多的非慢性创面的覆盖和护理。,聚硅酮泡沫敷料、聚乙烯醇泡沫敷料、薄型泡沫敷料、聚氨酯泡沫（粘性）敷料、泡沫敷料、自粘性泡沫敷料,Ⅱ
medical_device_category_14-10-08,1 液体、膏状敷料,14-10-08,__import__.medical_device_category_14-10,通常为溶液或软膏（不包括凝胶）。所含成分不具有药理学作用。无菌提供。,通过在创面表面形成保护层，起物理屏障作用。用于慢性创面及周围皮肤护理。,无菌液体敷料、无菌喷剂敷料、无菌伤口护理软膏、无菌液体伤口敷料,Ⅲ
medical_device_category_14-10-08,2 液体、膏状敷料,14-10-08,__import__.medical_device_category_14-10,通常为溶液或软膏（不包括凝胶）。所含成分不具有药理学作用。所含成分不可被人体吸收。,通过在创面表面形成保护层，起物理屏障作用。用于小创口、擦伤、切割伤等非慢性创面及周围皮肤的护理。,无菌液体敷料、无菌喷剂敷料、无菌伤口护理软膏、无菌液体伤口敷料、液体敷料、喷剂敷料、伤口护理软膏、液体伤口敷料,Ⅱ
medical_device_category_14-10-09,隔离敷料,14-10-09,__import__.medical_device_category_14-10,通常由起隔离作用的网状材料或由织物浸渍油性物质（如凡士林、石蜡）制成。无菌提供，一次性使用。,用于创面组织之间、创面与其他敷料之间的隔离，例如烧伤、烫伤、需要引流的渗液型伤口、皮肤移植的供皮区和植皮区。,凡士林纱布、凡士林纱布条、油纱布、羊毛脂醇油纱、水胶体油纱、聚硅酮敷料,Ⅲ
medical_device_category_14-10-10,生物敷料,14-10-10,__import__.medical_device_category_14-10,主要成分为可被人体吸收的胶原蛋白。通过覆盖在创面上，物理屏障创面。不含活细胞。无菌提供，一次性使用。,用于烧烫伤及创伤、皮肤缺损及所致深层创面（采用手术及非手术医治时）覆盖创面。,生物敷料、猪皮生物敷料、无菌生物护创膜、异种脱细胞真皮基质敷料,Ⅲ
medical_device_category_14-10-11,1 碳纤维和活性炭敷料,14-10-11,__import__.medical_device_category_14-10,通常为采用碳纤维、活性炭、无纺布等原材料制成的医用敷料。通过碳纤维、活性炭的吸附功能，吸收创面渗出液和气味。无菌提供，一次性使用。,用于慢性创面的覆盖和护理。,活性炭敷料、碳纤维敷料,Ⅲ
medical_device_category_14-10-11,2 碳纤维和活性炭敷料,14-10-11,__import__.medical_device_category_14-10,通常为采用碳纤维、活性炭、无纺布等原材料制成的医用敷料。通过碳纤维、活性炭的吸附功能，吸收创面渗出液。所含成分不可被人体吸收。无菌提供，一次性使用。,用于手术后缝合创面、机械创伤等非慢性创面的快速干燥、覆盖和护理。,活性炭敷料、碳纤维敷料,Ⅱ
medical_device_category_14-10-12,1 含壳聚糖敷料,14-10-12,__import__.medical_device_category_14-10,含有壳聚糖的固体敷料。无菌提供，一次性使用。,主要通过在创面表面形成保护层，起物理屏障作用。用于慢性创面的覆盖和护理。,含壳聚糖敷贴、含壳聚糖纤维敷料,Ⅲ
medical_device_category_14-10-12,2 含壳聚糖敷料,14-10-12,__import__.medical_device_category_14-10,含有壳聚糖的固体敷料。无菌提供，一次性使用。所含成分不可被人体吸收。,主要通过在创面表面形成保护层，起物理屏障作用。用于非慢性创面的覆盖和护理。,含壳聚糖敷贴、含壳聚糖纤维敷料,Ⅱ
medical_device_category_14-10-13,含银敷料,14-10-13,__import__.medical_device_category_14-10,通常为在纱布、无纺布、水胶体、藻酸盐纤维等非液体（非凝胶）主体材料中加入硝酸银等抗菌成分的敷料。,用于创面护理，如感染创面、下肢溃疡、糖尿病足溃疡、压疮、烧烫伤、手术切口等，同时利用银的抗菌机理起到减少创面感染的辅助作用。,藻酸银敷料、亲水性纤维含银敷料、自粘性软聚硅酮银离子有边型泡沫敷料,Ⅲ
medical_device_category_14-10-14,胶原贴敷料,14-10-14,__import__.medical_device_category_14-10,通常由胶原蛋白原液（含胶原蛋白、去离子水、甘油、医用防腐剂）和无纺布组成。所含成分不具有药理学作用。,用于提供皮肤过敏、激光、光子术后创面的愈合环境。,胶原贴敷料,Ⅲ
medical_device_category_14-11-01,1 绷带,14-11-01,__import__.medical_device_category_14-11,通常为纺织加工而成的卷状、管状、三角形的材料。部分具有弹力或自粘等特性。与创面直接接触。,用于非慢性创面的护理，或用于对创面敷料或肢体提供束缚力，以起到包扎、固定作用。,急救止血绷带、带敷贴绷带,Ⅱ
medical_device_category_14-11-01,2 绷带,14-11-01,__import__.medical_device_category_14-11,通常为纺织加工而成的卷状、管状、三角形的材料。其形状可以通过绑扎的形式对创面敷料进行固定或限制肢体活动，以对创面愈合起到间接的辅助作用。部分具有弹力或自粘等特性。非无菌提供，一次性使用。不与创面直接接触。粘贴部位为完好皮肤。,用于对创面敷料或肢体提供束缚力，以起到包扎、固定作用。,弹性绑带、高分子固定绷带、树脂绷带、聚酯纤维绷带、聚氨酯衬垫绷带、玻璃纤维绷带、网状头套、自粘弹性绷带、弹力纱布绷带、弹力绷带帽、网状弹力绷带、自粘弹力绷带、脱脂纱布绷带、急救绷带、捆扎绷带、弹力网帽、三角巾、弹力套、固定带、管状绷带、泡沫绷带、腹部造口弹性绷带、自粘绷带、医用弹力贴布、三角绷带、弹力束腹绷带,Ⅰ
medical_device_category_14-11-02,胶带,14-11-02,__import__.medical_device_category_14-11,通常为背材上涂有具有自粘特性的胶粘剂的胶带。部分胶带涂胶面有保护层。非无菌提供，一次性使用。不与创面直接接触。粘贴部位为完好皮肤。,用于将敷料粘贴固定于创面或将其他医疗器械固定到人体的特定部位。,医用橡皮膏、敷料胶带、医用纸质胶带、医用聚乙烯膜胶带、医用丝绸胶带、医疗用黏性胶带、医用胶布、医用脱敏胶布带、医用塑纸胶布、医用无敏透气胶布、医用复合胶布、医用橡皮胶布、医用纸质胶布、弹性医用胶布、无纺胶带、自粘性硅胶胶带、医用胶带、外科胶带、医用透气胶带、医用压敏胶带、医用透气胶粘带、丝绸布医用胶带,Ⅰ
medical_device_category_14-12-01,造口护理及辅助器械,14-12-01,__import__.medical_device_category_14-12,通常为回肠、结肠、直肠或尿道造口的护理器械。产品接触完好皮肤和肠内腔。非无菌提供。,用于造口清洗、护理和排泄物的收集及造口周围皮肤护理。,造口袋、造口灌洗器、造口减压环、造口凸面嵌圈、造口护理用品、造口底盘、造口栓、防漏膏、造口护肤粉、造口皮肤保护剂,Ⅰ
medical_device_category_14-12-02,疤痕修复材料,14-12-02,__import__.medical_device_category_14-12,通常为含聚二甲基硅氧烷的凝胶、液体或敷贴。所含成分不具有药理学作用。,用于辅助改善皮肤病理性疤痕，辅助预防皮肤病理性疤痕的形成，不用于未愈合的伤口。,硅凝胶疤痕修复贴、疤痕修复贴、疤痕贴硅凝胶疤痕修复液、疤痕软膏,Ⅱ
medical_device_category_14-13-01,手术单,14-13-01,__import__.medical_device_category_14-13,通常由基材、阻水层、液体控制材料等组成的面状材料。基材主要由非织造布或纺织布制造，阻水层为阻水性的材料，液体控制材料为液体吸收性材料和/或塑料膜。可利用多种材料的组合实现对微生物进行阻隔和控制。,用于覆盖外科手术病人身体上，以防止开放的手术创面受到污染，或用于覆盖外科手术室器械台、操作台、显示屏等上，避免手术中的医生接触上述部位后，再接触手术中的病人伤口部位造成感染。,手术洞巾、手术单、手术罩巾、一次性使用手术单、一次性使用洞巾、医用手术洞巾、非织造布手术垫单、一次性使用手术垫巾、一次性使用手术孔巾、医用一次性手术罩巾、一次性使用无菌洞巾、一次性使用无菌剖腹单、一次性无菌孔巾、一次性护理用孔巾、手术铺巾、器械单、无菌保护套、器械套、医疗器械防护罩、一次性使用无菌保护罩,Ⅱ
medical_device_category_14-13-02,1 手术膜,14-13-02,__import__.medical_device_category_14-13,手术膜基材上均匀涂敷有含碘胶粘物质组成的粘贴面，粘贴面上覆盖有一个保护层，手术膜的两边可以无胶粘物质或附着有适宜的物质（如纸），以供手持操作。根据材质不同分为聚氨酯手术膜、聚乙烯手术膜等。利用膜的屏障性能对微生物进行阻隔。无菌提供，一次性使用。,用于手术中贴于手术部位，以防止手术创面受到感染。,含碘手术薄膜、碘伏医用手术薄膜,Ⅲ
medical_device_category_14-13-02,2 手术膜,14-13-02,__import__.medical_device_category_14-13,手术膜基材上均匀涂敷有胶粘物质组成的粘贴面，粘贴面上覆盖有一个保护层，手术膜的两边可以无胶粘物质或附着有适宜的物质（如纸），以供手持操作。根据材质不同分为聚氨酯手术膜、聚乙烯手术膜等。利用膜的屏障性能对微生物进行阻隔。无菌提供，一次性使用。,用于手术中贴于手术部位，以防止手术创面受到感染。,腹部手术胶乳防护膜、手术膜、手术贴膜、医用手术薄膜巾、手术薄膜、医用手术护膜,Ⅱ
medical_device_category_14-13-03,外科手套,14-13-03,__import__.medical_device_category_14-13,一般由高分子材料制成，对微生物、皮屑、体液等起阻隔作用的手套。无菌提供，一次性使用。,用于戴在手术人员手上，以防止皮屑、细菌传播到开放的手术创面，并阻止手术病人的体液向医务人员传播，起到双向生物防护的作用。,无菌橡胶外科手套、灭菌橡胶外科手套,Ⅱ
medical_device_category_14-13-04,外科口罩,14-13-04,__import__.medical_device_category_14-13,通常由面罩、定形件、束带等组件加工而成，一般由非织造布材料制造而成。通过过滤起到隔离作用。,用于戴在手术室医务人员口鼻部位，以防止皮屑、呼吸道微生物传播到开放的手术创面，并阻止手术病人的体液向医务人员传播，起到双向生物防护的作用。,外科口罩,Ⅱ
medical_device_category_14-13-05,1 手术室用衣帽,14-13-05,__import__.medical_device_category_14-13,通常为基材和阻水层组成的手术室服装。基材一般由非织造布或纺织布制造，阻水层为阻水性的材料。手术衣分为无菌提供一次性使用和非无菌提供可重复使用两种供应形式。手术衣按关键区域的屏障能力分为标准型和高性能型两种。手术帽为无菌提供，一次性使用。,用于穿在手术医生和擦拭护士身上，起到防止医生身体上的皮屑弥散到开放的手术创面和手术病人的体液向医务人员传播，起到双向生物防护的作用。,手术服、手术衣、外科手术衣、一次性使用无菌手术衣、非织造布手术衣、一次性无菌手术衣、一次性使用无菌手术服、一次性使用手术帽、一次性使用无菌帽,Ⅱ
medical_device_category_14-13-05,2 手术室用衣帽,14-13-05,__import__.medical_device_category_14-13,通常采用棉纤维或无纺布制成。洁净服为对皮屑有一定阻挡作用的短袖或长袖衣衫，不具有液体阻隔性。非无菌提供，可重复使用，使用前应经灭菌处理。,用于穿戴在手术室内的麻醉师、巡回护士等人的身上，使手术室净化环境免受室内人员的污染。,手术帽、刷手服、洁净服、洗手衣,Ⅰ
medical_device_category_14-14-01,防护口罩,14-14-01,__import__.medical_device_category_14-14,由一种或多种对病毒气溶胶、含病毒液体等具有隔离作用的面料加工而成的口罩。在呼吸气流下仍对病毒气溶胶、含病毒液体等具有屏障作用，且摘下时，口罩的外表面不与人体接触。,戴在医疗机构与病毒物料接触的人员面部，用于防止来自患者的病原体向医务人员传播。,医用防护口罩,Ⅱ
medical_device_category_14-14-02,防护服,14-14-02,__import__.medical_device_category_14-14,由一种或多种对病毒气溶胶、含病毒液体等具有隔离作用的面料加工而成的衣服。脱下时，防护衣的外表面不与人体接触。,用于医疗机构医护人员穿的职业防护衣。阻止来自患者的病原体随空气或液体向医务人员传播。,医用防护服、一次性医用防护服,Ⅱ
medical_device_category_14-14-03,隔离衣帽,14-14-03,__import__.medical_device_category_14-14,通常采用非织造布为主要原料，经裁剪、缝纫制成。非无菌提供。,用于医疗机构门诊、病房、检验室等作普通隔离。,隔离衣、医用帽,Ⅰ
medical_device_category_14-14-04,1 手部防护用品,14-14-04,__import__.medical_device_category_14-14,通常采用聚氯乙烯、橡胶或不锈钢等材料制造。有足够的强度和阻隔性能。无菌提供，一次性使用。,用于戴在医生手上或手指上对患者病情进行检查或触检，或用于防止医生手部被咬伤。,无菌医用橡胶手套、无菌医用薄膜手套、无菌给药指套、无菌检查指套、无菌橡胶检查手套、无菌医用检查手套、无菌医用橡胶检查手套、无菌检查用乳胶手套,Ⅱ
medical_device_category_14-14-04,2 手部防护用品,14-14-04,__import__.medical_device_category_14-14,通常采用聚氯乙烯、橡胶等材料制造。有足够的强度和阻隔性能。非无菌提供，一次性使用。,用于戴在医生手上或手指上对患者病情进行检查或触检。,医用橡胶手套、医用薄膜手套、给药指套、检查指套、橡胶检查手套、医用检查手套、医用橡胶检查手套、检查用乳胶手套,Ⅰ
medical_device_category_14-14-05,足部隔离用品,14-14-05,__import__.medical_device_category_14-14,采用适宜材料制成，有足够的强度和阻隔性能。非无菌提供。,医务人员在医疗机构中使用，防止接触到具有潜在感染性的患者血液、体液、分泌物等，起阻隔、防护作用。,医用隔离鞋、医用隔离鞋套,Ⅰ
medical_device_category_14-14-06,隔离护罩,14-14-06,__import__.medical_device_category_14-14,由高分子材料制成的硬质防护罩、泡沫条和固定装置组成。非无菌提供，一次性使用。,用于医疗机构中检查治疗时起防护作用，阻隔体液、血液飞溅或泼溅。,医用隔离面罩、医用隔离眼罩,Ⅰ
medical_device_category_14-15-01,婴儿光疗防护眼罩,14-15-01,__import__.medical_device_category_14-15,通常由弹力绷带、优质无纺布、蓝黑物理复合布等组成。,用于婴儿蓝光照射治疗时的眼部防护。,婴儿光疗防护眼罩、新生儿光疗防护眼罩,Ⅱ
medical_device_category_14-15-02,眼贴,14-15-02,__import__.medical_device_category_14-15,通常由医用胶带和医用水凝胶组成，其中医用胶带由表面涂医用热熔胶的聚氨酯材料构成，医用水凝胶由医用聚乙烯醇材料构成。,用于贴敷全麻手术病人或深度昏迷病人的眼外部，给病人提供相对密闭的潮湿环境，预防暴露性角膜炎。,水凝胶眼贴、一次性医用水凝胶眼贴、医用护眼贴、医用水凝胶护眼贴,Ⅱ
medical_device_category_14-15-03,鼻部护理器械,14-15-03,__import__.medical_device_category_14-15,通常采用不同的结构设计实现不同预期用途。不包括鼻部给药和冲洗器械。,用于鼻部护理，如清理鼻腔分泌物、抑制鼻腔出血、防止鼻腔粘膜粘连等。,鼻腔分泌物电动吸引器、鼻腔止血导管、鼻腔止血器,Ⅱ
medical_device_category_14-15-04,海水鼻腔清洗液,14-15-04,__import__.medical_device_category_14-15,通常由喷雾器和喷雾液构成。喷雾液由纯净水和海水组成。,用于急慢性鼻炎、过敏性鼻炎、鼻息肉、鼻窦炎等鼻腔疾病患者的鼻腔清洗，也用于鼻炎手术后及化疗后的鼻腔清洗。,生理性海水鼻腔清洗液、生理性海水鼻腔喷雾、生理性海水鼻部粘膜清洗液、生理性海水鼻部护理液,Ⅱ
medical_device_category_14-15-05,1 垫单,14-15-05,__import__.medical_device_category_14-15,通常由非织造布和塑料膜复合或缝制而成。无菌提供，一次性使用。,病床或检查床上用的卫生护理用品。,无菌医用垫单、无菌护理垫单、无菌检查垫单、无菌隔离垫单、无菌非织造布垫单、无菌医用垫巾、无菌检查巾、无菌检查用复膜垫单、无菌无纺布垫单、无菌卫生护理垫单、无菌护理巾、无菌体位垫护罩、无菌手术辅巾,Ⅱ
medical_device_category_14-15-05,2 垫单,14-15-05,__import__.medical_device_category_14-15,通常由非织造布和塑料膜复合或缝制而成。非无菌提供，一次性使用。,病床或检查床上用的卫生护理用品。,体位垫护罩、医用垫单、护理垫单、检查垫单、隔离垫单、非织造布垫单、医用垫巾、检查巾、检查用复膜垫单、无纺布垫单,Ⅰ
medical_device_category_14-15-06,医用防护衬垫,14-15-06,__import__.medical_device_category_14-15,在治疗过程中对病人进行一般性防护的用品或材料。,用于对病人提供一般性防护，以免受其他器械或外界的伤害。,聚酯衬垫、医用隔离垫,Ⅰ
medical_device_category_14-16-01,洁净屏,14-16-01,__import__.medical_device_category_14-16,通常由箱体、风机组、过滤器、电气控制器等组成。,用于手术过程中患者手术部位局部环境空气的净化，以防止感染。,洁净屏、空气净化屏、气溶胶吸附器,Ⅱ
medical_device_category_14-16-02,1 血管显像设备,14-16-02,__import__.medical_device_category_14-16,由超声波发生器、超声探头、电源部件、穿刺架组成。,用于提供超声图像，辅助外周血管穿刺。,血管穿刺用超声显像设备,Ⅱ
medical_device_category_14-16-02,2 血管显像设备,14-16-02,__import__.medical_device_category_14-16,通常由光源、电源、支架等组成。使用过程中会接触患者。,用于观测皮下浅表静脉血管，辅助静脉穿刺。,静脉显像仪,Ⅱ
medical_device_category_14-16-02,3 血管显像设备,14-16-02,__import__.medical_device_category_14-16,通常由光源、电源、支架等组成。使用过程中不会接触患者。,用于观测皮下浅表静脉血管，辅助静脉穿刺。,静脉显像仪,Ⅰ
medical_device_category_14-16-03,预充式导管冲洗器,14-16-03,__import__.medical_device_category_14-16,通常由0.9%氯化钠注射液、外套、芯杆、橡胶活塞组成。,用于不同药物治疗的间隙，封闭、冲洗导管的管路末端。,预充式导管冲洗器、预冲式冲管注射器,Ⅲ
medical_device_category_14-16-04,抗鼻腔过敏凝胶（不含药）,14-16-04,__import__.medical_device_category_14-16,凝胶状。所含成分不具有药理学作用。,用于过敏性鼻炎患者、过敏性哮喘患者，通过阻隔致病性微生物及其他颗粒性过敏物质进入鼻腔，缓解因过敏性鼻炎、过敏性哮喘引发的相关症状。,抗鼻腔过敏凝胶（不含药）,Ⅱ
medical_device_category_14-16-05,1 通气辅助器械,14-16-05,__import__.medical_device_category_14-16,通过扩张鼻腔、上下颌或对其进行矫正，达到改善打鼾状况或扩张鼻孔的装置。接触人体时间小于30天。,用于睡眠打鼾或堵塞式呼吸暂停的辅助治疗，或用于扩张鼻孔，缓解鼻塞用。,简易式阻鼾器、非植入式止鼾器、止鼾器、简易防打鼾器、唇颊型止鼾器、防打鼾器、通气鼻贴、鼻翼支撑架,Ⅱ
medical_device_category_14-16-05,2 通气辅助器械,14-16-05,__import__.medical_device_category_14-16,通常由聚山梨醇酯80、甘油、氯化钠、依地酸钠、山梨酸钾和纯净水组成。所含成分不具有药理学作用。,通过润滑和软化咽部粘膜，保持粘膜湿润，降低上呼吸道阻力，以改善呼吸受阻状况，减轻或消除打鼾症状。,液体止鼾器,Ⅱ
medical_device_category_14-16-06,1 咬口,14-16-06,__import__.medical_device_category_14-16,手术或检查时患者开口的辅助器械，一般由聚乙烯等高分子材料制成。无菌提供。,用于经口腔手术或检查时维持患者的开口状态，防止非预期咬合，或便于插入和固定气管插管。,无菌咬口、无菌咬嘴、无菌口垫、无菌牙垫、无菌气管插管固定器,Ⅱ
medical_device_category_14-16-06,2 咬口,14-16-06,__import__.medical_device_category_14-16,手术或检查时患者开口的辅助器械，一般由聚乙烯等高分子材料制成。非无菌提供。,用于经口腔手术或检查时维持患者的开口状态，防止非预期咬合，或便于插入和固定气管插管。,咬嘴、口垫、牙垫、气管插管固定器,Ⅰ
medical_device_category_14-16-07,急救毯,14-16-07,__import__.medical_device_category_14-16,通常为带有反光涂层的透气塑料膜，对光辐射和热辐射具有反射功能。常作为急救包组件中的一件。非无菌提供，一次性使用。,用于裹在野外伤员肢体上起保温作用或隔热作用。,急救毯,Ⅰ
medical_device_category_14-16-08,体表器械固定装置,14-16-08,__import__.medical_device_category_14-16,通常是能专门为某一种或某一类器械的使用提供固定的装置。与创口接触。无菌提供，一次性使用。,用于固定使用过程中的医疗器械。,一次性无菌引流管固定装置、一次性导管固定器,Ⅱ
medical_device_category_14-16-09,1 润滑剂及载体,14-16-09,__import__.medical_device_category_14-16,通常由甘油、黄原胶、二甲基硅油等成分组成。含药物成分。,临床上用于器械进入人体自然腔道时的润滑。,体腔器械导入润滑剂（含药）,Ⅲ
medical_device_category_14-16-09,2 润滑剂及载体,14-16-09,__import__.medical_device_category_14-16,通常由甘油、黄原胶等成分组成。不含药物成分。,临床上用于器械进入人体自然腔道时的润滑。,体腔器械导入润滑剂,Ⅱ
medical_device_category_14-16-09,3 润滑剂及载体,14-16-09,__import__.medical_device_category_14-16,通常由液状润滑剂及其载体组成。无菌提供，一次性使用。,临床上用于医疗器械表面润滑。,医用石蜡棉球、医用无菌液体石蜡无纺布,Ⅱ
medical_device_category_14-16-10,1 涂抹及吸液材料,14-16-10,__import__.medical_device_category_14-16,通常由碘伏、碘酊或酒精和涂抹材料组成。为了方便使用，部分产品有供手持的组件。一次性使用。,用于临床上对完整皮肤消毒。,碘伏棉球、酒精棉球、酒精擦片、碘伏棉签、酒精棉签、酒精消毒片、酒精棉棒、碘伏棉棒、酒精棉片、酒精无纺布片,Ⅱ
medical_device_category_14-16-10,2 涂抹及吸液材料,14-16-10,__import__.medical_device_category_14-16,通常包括吸水性材料。为了方便使用，部分产品有供手持的组件。不含消毒剂。无菌提供，一次性使用。,用于对皮肤、创面进行清洁处理。,无菌棉签、无菌棉球、无菌海绵刷、无菌棉棒、无菌医用脱脂棉、无菌脱脂棉条、无菌医用棉卷,Ⅱ
medical_device_category_14-16-10,3 涂抹及吸液材料,14-16-10,__import__.medical_device_category_14-16,通常包括吸水性材料。为了方便使用，部分产品有供手持的组件。不含消毒剂。非无菌提供，一次性使用。,用于对皮肤、创面进行清洁处理。,棉签、棉棒、涂药棒、棉球、消毒刷、瘘管刷、搽剂棒、棉片、脱脂棉、棉卷、脱脂棉条,Ⅰ
medical_device_category_14-16-11,压力绷带,14-16-11,__import__.medical_device_category_14-16,比一般弹性绷带的弹力更高，间接作用于创面，捆绑到病人某个部位，对其施加压缩力。非无菌提供，可重复使用。,通过捆绑在病人四肢或其他部位上，用于加压包扎，达到消除腔隙、临时止血（非动脉止血）、保护手术切口等作用。,可挤压式四肢压力带、腹股沟加压弹力绷带、弹力绷带、乳腺加压弹力绷带,Ⅰ
medical_device_category_14-16-12,医用导管夹,14-16-12,__import__.medical_device_category_14-16,一般由塑料材料制成。不与导管中液体接触。,用于夹住医用塑料导管，控制导管中液体的流动。,医用导管夹,Ⅰ
medical_device_category_14-16-13,无菌接管机,14-16-13,__import__.medical_device_category_14-16,通常由主机、控制器、熔接装置、显示屏组成。,用于将两根医用管路无菌地接合在一起。,无菌接管机,Ⅱ
medical_device_category_15-01-01,电动手术台（液压、机械、气动等）,15-01-01,__import__.medical_device_category_15-01,通常由床体（包括支撑部分、传动部分和电动控制部分）和配件组成。支撑部分通常包括台面（各种支撑板）、升降柱和底座三部分。按传动原理可分为液压、机械和气动三种传动结构形式。头板、背板、腿板和台面可调节。,用于常规手术、外科（神经外科、胸外科、普外科、泌尿外科）、五官科（眼科等）、骨科、妇科手术等医疗过程的患者多体位支撑与操作，使其躺卧成不同的姿势。,电动手术床（台）、电动综合手术床（台）、电动机械手术床（台）、电动液压手术床（台）、电动液压外科手术床（台）、电动五官科手术床（台）,Ⅱ
medical_device_category_15-01-02,手动手术台（液压）,15-01-02,__import__.medical_device_category_15-01,通常由床体（包括支撑部分、传动部分和控制部分）和配件组成。支撑部分包括台面、背板、臀板、板等，可调节。升降形式为液压升降式，体位调整均为人力操纵。,用于常规手术、外科（神经外科、胸外科、普外科、泌尿外科）、五官科（眼科等）、骨科、妇科手术等医疗过程的患者多体位支撑与操作，使其躺卧成不同的姿势。,液压手术床（台）、液压综合手术床（台）、手动液压手术床（台）、液压眼科手术床（台）,Ⅱ
medical_device_category_15-01-03,手动手术台（机械）,15-01-03,__import__.medical_device_category_15-01,通常由床体（包括支撑部分、传动部分和控制部分）和配件组成。支撑部分包括台面、背板、臀板、腿板等，可调节。升降形式为机械升降式，体位调整均为人力操纵。无源产品。,用于常规手术、外科（神经外科、胸外科、普外科、泌尿外科）、五官科（眼科等）、骨科、妇科手术等医疗过程的患者多体位支撑与操作，使其躺卧成不同的姿势。,手术床（台）、手动手术床（台）、机械手术床（台）、手动机械手术床（台）、脚踏升降手术床（台）、机械综合手术床（台）、综合手术台（床）、手动机械综合外科手术床（台）、头部操纵式机械综合手术床（台）、侧面操纵式机械综合手术床（台）、手动机械眼科手术床（台）、手动机械骨科手术床（台）、普通手术台、简易手术台、骨科手术台、眼科手术台,Ⅰ
medical_device_category_15-02-01,电动诊疗台及诊疗椅,15-02-01,__import__.medical_device_category_15-02,诊疗（查）台通常由床架、床面、枕头等组成。诊疗（查）椅通常由基座、背板、坐椅和搁脚架组成。有源产品。,用于诊疗室、急救室医务人员实施检查、简单治疗等医疗过程中患者多体位支撑与操作。不包括口腔科检查和诊断。,电动检查床（台）、医用电动诊疗床（台）、电动综合检查床（台）、乳腺超声检查台、电动诊疗椅,Ⅱ
medical_device_category_15-02-02,手动诊疗台及诊疗椅,15-02-02,__import__.medical_device_category_15-02,诊疗（查）台通常由床架、床面、枕头等组成。诊疗（查）椅通常由基座、背板、坐椅和搁脚架组成。无源产品。,用于诊疗室、急救室医务人员实施检查、简单治疗等医疗过程中患者多体位支撑与操作。不包括口腔科检查和诊断。,诊查床（台）、医用诊疗床（台）、野战诊疗床、便携式诊疗床、医用诊疗椅,Ⅰ
medical_device_category_15-03-01,电动病床,15-03-01,__import__.medical_device_category_15-03,通常由床面部分（由多块不同功能的支撑板组成，如背板、座板、大腿板、小腿板等）、床架部分（由床框、头板组件、脚板组件、左右护栏、脚轮等组成）、驱动部分、电动控制部分和配件组成。背板和腿板等在最大折起角度范围内可任意调节。有源产品。,用于医疗监护下的成年或儿童患者的诊断、治疗或监护时使用，用以支撑患者身体，形成临床所需体位。,电动病床、医用电动病床、电动翻身床、电动儿童病床,Ⅱ
medical_device_category_15-03-02,手动病床,15-03-02,__import__.medical_device_category_15-03,通常由床面部分、床架部分、控制部分（包括手摇或脚踏等）和配件组成。床面部分可在最大折起角度范围内任意调节，或呈板状无法调节。无源产品。,用于医疗监护下的成年或儿童患者的诊断、治疗或监护时使用，用以支撑患者身体，形成临床所需体位。,手动病床、手摇式病床、手摇式二折病床、医用平床、手动儿童病床、烫伤翻身床、平型病床、普通病床、手摇式三折病床、儿童病床,Ⅰ
medical_device_category_15-03-03,医用婴儿床,15-03-03,__import__.medical_device_category_15-03,通常由支架、睡盆安置框、睡盆、床垫、网篮和脚轮组成。无源产品。,用于医疗机构护理、诊疗或转运新生儿、婴儿时使用。,医用新生儿床、医用婴儿床,Ⅰ
medical_device_category_15-04-01,电动患者手术位置固定辅助器械,15-04-01,__import__.medical_device_category_15-04,通常由主机、通用连接附件、床夹等组成。有源产品。,用于手术中，膝、肩、髋及小关节的固定及术中调整。,电动手术位置固定架系统,Ⅱ
medical_device_category_15-04-02,1 无源患者手术位置固定辅助器械,15-04-02,__import__.medical_device_category_15-04,通常由各种功能的托架或体位固定垫组成，可与手术台（床）配套使用。不包括各类固定护具。无源产品。非无菌产品。,用于手术治疗时患者肢体的固定和支撑。使用时间为暂时使用。,手术头架、手术托架、头架及头托系统、婴幼儿头部固定架、脊柱手术托架、托手架、吊腿架、托足架、脊柱手术体位架、膝关节支撑架、小腿固定器、大腿固定器、弓形脊柱手术托架、外科手术固定器械、外科手术手臂支撑架、医用支撑腿架,Ⅰ
medical_device_category_15-04-02,2 无源患者手术位置固定辅助器械,15-04-02,__import__.medical_device_category_15-04,一般由聚氨酯薄膜和高分子凝胶组成，手动充气。非无菌产品。,用于手术中对患者的头、颈、肩、上肢、胸、腰、腹、骨盆、下肢、脚踝、足跟等部位进行支撑和固定。,手术体位垫,Ⅰ
medical_device_category_15-05-01,患者运送隔离器械,15-05-01,__import__.medical_device_category_15-05,通常由负压舱体（活动舱盖、舱底）、排风过滤装置组成。通常工作时充气展开，储运时放气可折叠。,用于传染病员的安全隔离转运。可与担架车、生命体征检测仪器配合使用，对传染病患者进行运送途中监护。,传染病员运送负压隔离舱,Ⅱ
medical_device_category_15-05-02,电动推车、担架等器械,15-05-02,__import__.medical_device_category_15-05,通常由床面（推车面板、担架面）、支撑架组成。可附加输液架、护栏、定向轮踏板、脚轮、刹车、手摇机构等。为单车或双车。有源产品。,用于医疗机构运送、移动患者用。,电动担架车、电动推床、电动转运床、医用电动转移车,Ⅱ
medical_device_category_15-05-03,手动推车、担架等器械,15-05-03,__import__.medical_device_category_15-05,通常由床面（推车面板、担架面）、支撑架组成。可附加输液架、护栏、定向轮踏板、脚轮、刹车、手摇机构等。为单车或双车。无源产品。,用于医疗机构运送、移动患者用。,手动推车、手动推床、手动静态搬运车、手摇式抢救车、担架、担架车、急救担架、楼梯担架、椅式担架、折叠担架、医用转运车、手术对接车、医用液压推床、医用转移车,Ⅰ
medical_device_category_15-05-04,简易转移器械,15-05-04,__import__.medical_device_category_15-05,通常由主板、织带、把手、外包等组成。无源产品。,用于医疗机构运送、移动患者用。,医用转移板、医用转移垫、患者搬运带、医用移位板、移动滑垫、病人转移垫,Ⅰ
medical_device_category_15-05-05,1 其他转移器械,15-05-05,__import__.medical_device_category_15-05,通常由支架、脚轮、底座支腿、吊杆、控制器组件和扶手等组成。有源产品含有电池组件。,用于医疗机构转运、移动患者用。,移位机（车）、电动移位机（车）、移位交接车、患者移位机,Ⅰ
medical_device_category_15-05-05,2 其他转移器械,15-05-05,__import__.medical_device_category_15-05,一般由乙烯-醋酸乙烯共聚物（EVA)、合成革、不锈钢和尼龙材料制成。无源产品。,用于躯干、四肢瘫痪患者，保持坐姿稳定。同时与轮椅配合使用，实现患者的转运。,医用患者承载椅,Ⅰ
medical_device_category_15-06-01,电动防压疮（褥疮）垫,15-06-01,__import__.medical_device_category_15-06,通常由充气床垫、气道（连接管）、充气泵等组成。防压疮（褥疮）气垫由若干个气室组成。气垫由气泵充气后，气室维持一定气压，所形成的软性垫，可增加患者身体与垫接触面积，降低身体局部压力。,用于术后或长期坐卧患者，预防和缓解压疮。,电动防褥疮床垫、电动充气防褥疮床垫、医用电动防褥疮床垫、电动防压疮垫,Ⅱ
medical_device_category_15-06-02,手动防压疮（褥疮）垫,15-06-02,__import__.medical_device_category_15-06,通常由充气床垫（床垫由若干气室组成）、气道（连接管）等组成。非电动充气。气垫充气后，气室维持一定气压，所形成的软性垫，可增加患者身体与垫接触面积，降低身体局部压力。非无菌产品。,用于术后或长期坐卧患者，预防和缓解压疮。,充气防褥疮床垫、波动型充气防褥疮床垫、喷气型充气防褥疮床垫、防褥疮垫、医用座垫、医用体位垫、充气防压疮垫、医用足气垫,Ⅰ
medical_device_category_16-01-01,1 眼用刀,16-01-01,__import__.medical_device_category_16-01,通常由刀片、刀柄等部件组成。刀片一般采用不锈钢材料制成。无菌提供。,用于切割眼组织。,一次性使用无菌眼科手术刀、一次性使用无菌塑柄眼科手术刀、一次性使用无菌眼科分层刀,Ⅱ
medical_device_category_16-01-01,2 眼用刀,16-01-01,__import__.medical_device_category_16-01,通常由刀片、刀柄、护盖等部件组成。刀片一般采用不锈钢材料或人造刚玉材料制成。非无菌提供。,用于切割眼组织。,宝石手术刀、钻石手术刀、眼科手术刀、眼内膜刀、巩膜穿刺刀、矛形穿刺刀、穿刺刀、裂隙穿刺刀、碎核刀、角巩膜切开刀、劈核刀、隧道刀、月形刀、切开刀、刮刀、扩口刀、前房切开刀、显微眼用刀,Ⅰ
medical_device_category_16-01-02,眼用凿,16-01-02,__import__.medical_device_category_16-01,通常由头部和柄部组成，头端带刃口。一般采用不锈钢材料制成。非无菌提供。,用于凿开鼻泪骨。,乳突圆凿,Ⅰ
medical_device_category_16-01-03,1 眼用剪,16-01-03,__import__.medical_device_category_16-01,通常由一对中间连接的叶片组成，头部有刃口。一般采用不锈钢或钛合金材料制成。无菌提供，一次性使用。,用于剪切眼组织。,一次性使用无菌眼用剪,Ⅱ
medical_device_category_16-01-03,2 眼用剪,16-01-03,__import__.medical_device_category_16-01,通常由一对中间连接的叶片组成，头部有刃口。一般采用不锈钢或钛合金材料制成。非无菌提供。,用于剪切眼组织。,眼用剪、眼用组织剪、眼用手术剪、角膜剪、虹膜剪、巩膜剪、结膜剪、囊膜剪、膜状内障剪、眼内网膜剪、眼球摘除剪、眼球摘出剪、小梁剪、切腱剪、斜视剪、显微眼用剪、显微巩膜剪、显微虹膜剪、眼内剪,Ⅰ
medical_device_category_16-01-04,1 眼用钳,16-01-04,__import__.medical_device_category_16-01,通常由中间连接的两片组成，头部为钳喙。一般采用不锈钢材料制成。非无菌提供。,用于钳夹眼组织或器械。,眼用钳、眼用止血钳、眼用咬骨钳、环状组织钳、眼内钳、显微眼用钳、眼用持针钳、布巾钳、晶状体植入钳、显微眼用持针钳,Ⅰ
medical_device_category_16-01-04,2 眼用钳,16-01-04,__import__.medical_device_category_16-01,通常由头部、杆部和柄部组成，头部为爪头。一般采用不锈钢材料制成。非无菌提供。,用于眼科手术时夹取眼部异物。,眼内异物爪,Ⅰ
medical_device_category_16-01-05,1 眼用镊,16-01-05,__import__.medical_device_category_16-01,通常由一对尾部叠合的叶片组成。一般采用不锈钢材料制成。无菌提供，一次性使用。,用于夹持眼组织。,一次性使用无菌眼用镊,Ⅱ
medical_device_category_16-01-05,2 眼用镊,16-01-05,__import__.medical_device_category_16-01,通常由一对尾部叠合的叶片组成。一般采用不锈钢、钛合金材料制成。非无菌提供。,用于夹持眼组织、眼内异物或器械。,眼科镊、眼内镊、眼用镊、眼用组织镊、虹膜镊、视网膜镊、角膜镊、角膜移植镊、膜瓣镊、睫毛镊、斜视镊、睑板腺囊肿镊、剥膜镊、碎核镊、抱核镊、撕囊镊、翻眼镊、角膜固定镊、移核镊、显微镊、显微结膜镊、显微眼内鳄鱼镊、显微眼内非对称性视网膜镊、显微眼内镐头镊、显微眼内内界膜镊、显微眼内钳式镊、显微眼内视网膜镊、显微眼用镊、显微虹膜镊、结膜镊、旋转式眼内镊、旋转式剥膜镊、眼内异物镊、眼用结扎镊、镜片固定镊、镜片夹持镊、系线镊、系结镊、显微结扎镊、夹钉镊、巩膜塞夹持镊、玻切透镜镊、晶状体植入镊、晶状体折叠镊、晶状体囊镊,Ⅰ
medical_device_category_16-01-06,眼用夹,16-01-06,__import__.medical_device_category_16-01,通常为U形状，带锁扣。一般采用钛合金材料制成。非无菌提供。,用于夹持或夹取眼组织。手术后取出。,霰粒肿夹,Ⅰ
medical_device_category_16-01-07,1 眼用针,16-01-07,__import__.medical_device_category_16-01,通常由针头和固定器组成。针头为弯形，头端呈尖钉状。无菌提供。,用于手术中将虹膜组织固定在人工晶状体的襻内。手术后取出。,人工晶状体植入用固定针,Ⅱ
medical_device_category_16-01-07,2 眼用针,16-01-07,__import__.medical_device_category_16-01,通常由针头、针体和柄部组成。一般采用不锈钢材料制成。非无菌提供。,用于探、拨、挑和刺眼组织。,蝶形注液针、破囊针、泪囊穿线针、角膜异物针、眼用冲洗针、显微眼用针、泪道探针、动脉瘤针,Ⅰ
medical_device_category_16-01-08,1 眼用钩,16-01-08,__import__.medical_device_category_16-01,通常由头部和杆部组成，头部带钩头。一般采用不锈钢材料制成。无菌提供，一次性使用。,用于钩拉眼组织。,一次性使用无菌眼科拉钩,Ⅱ
medical_device_category_16-01-08,2 眼用钩,16-01-08,__import__.medical_device_category_16-01,通常由头部和杆部组成，头部带钩头。一般采用不锈钢材料制成。非无菌提供。,用于钩拉眼组织。,眼用拉钩、眼睑拉钩、显微虹膜拉勾、眼内膜钩、膜钩、视网膜钩、虹膜拉钩、角膜上皮扒钩、角膜线钩、角膜异物钩、穿刺钩锥、眼用勾锥、泪囊拉钩、斜视钩、动脉瘤钩、人工晶状体定位钩、显微眼用拉钩,Ⅰ
medical_device_category_16-01-09,眼用刮匙,16-01-09,__import__.medical_device_category_16-01,通常为细长设计，头部为边缘锋利的匙形。一般采用不锈钢材料制成。非无菌提供。,用于刮除囊肿或挖出晶状体核。,眼用刮匙、白内障匙、睑板囊肿锐匙、睑板腺囊肿锐匙,Ⅰ
medical_device_category_16-01-10,眼用剥离器,16-01-10,__import__.medical_device_category_16-01,通常为杆形设计，头部为钝口或微锐。一般采用不锈钢材料制成。非无菌提供。,用于剥开或分离眼组织。,巩膜剥离器、巩膜剥离子,Ⅰ
medical_device_category_16-01-11,眼用牵开器,16-01-11,__import__.medical_device_category_16-01,通常由撑开片、齿条和手柄组成。一般采用不锈钢材料制成。非无菌提供。,用于牵开眼组织。,泪囊牵开器,Ⅰ
medical_device_category_16-01-12,1 眼用扩张器,16-01-12,__import__.medical_device_category_16-01,通常由扩张器、导入头和导入器组成。一般采用不锈钢材料，扩张器采用聚丙烯材料或聚甲基丙烯酸甲酯材料制成。无菌提供，一次性使用。,用于扩张和支撑眼组织。,一次性使用无菌虹膜扩张器、一次性使用无菌眼睑扩张器,Ⅱ
medical_device_category_16-01-12,2 眼用扩张器,16-01-12,__import__.medical_device_category_16-01,通常由头部和柄部组成，头端圆钝。一般采用不锈钢材料制成。非无菌提供。,用于扩张和支撑眼组织。,泪点扩张器、泪小点扩张器、显微眼用泪道扩张器、小瞳孔扩大器、开睑器、角膜上皮掀瓣器,Ⅰ
medical_device_category_16-01-13,1 眼用冲吸器,16-01-13,__import__.medical_device_category_16-01,通常由注吸头、管体和尾座组成。,用于冲洗眼组织或吸液。,一次性使用无菌眼用注吸冲洗器、一次性使用无菌角膜上皮冲洗器、一次性使用无菌眼用冲洗器、一次性使用无菌眼用注吸器、一次性使用无菌乳突吸引管,Ⅱ
medical_device_category_16-01-13,2 眼用冲吸器,16-01-13,__import__.medical_device_category_16-01,通常由注吸头、管体和尾座组成。采用金属材料制成，非无菌提供，可重复使用。,用于冲洗眼组织或吸液。,眼用注吸冲洗器、角膜上皮冲洗器、眼用冲洗器、眼用注吸器、乳突吸引管,Ⅰ
medical_device_category_16-01-13,3 眼用冲吸器,16-01-13,__import__.medical_device_category_16-01,通常由磁铁头和手柄组成。非无菌提供。,用于吸除眼内铁质异物。,眼用异物吸铁器、眼用吸铁器,Ⅰ
medical_device_category_16-01-14,1 眼用钻,16-01-14,__import__.medical_device_category_16-01,通常由柄部和头部组成，头部为环状。一般采用不锈钢材料制成。无菌提供，一次性使用。,用于切割眼组织。,一次性使用无菌角膜环钻,Ⅱ
medical_device_category_16-01-14,2 眼用钻,16-01-14,__import__.medical_device_category_16-01,通常由环钻组成。环钻一般采用不锈钢材料制成。非无菌提供。,用于切割眼组织。,角膜环钻,Ⅰ
medical_device_category_16-01-15,眼用锯,16-01-15,__import__.medical_device_category_16-01,通常由齿条和手柄组成。一般采用不锈钢材料制成。非无菌提供。,用于锯开眼组织。,角膜上皮环锯,Ⅰ
medical_device_category_16-01-16,眼用铲,16-01-16,__import__.medical_device_category_16-01,通常由铲片和柄部组成。一般采用不锈钢材料制成。非无菌提供。,用于铲离眼组织或去除眼内异物。,眼用铲、眼内膜铲、角膜异物铲,Ⅰ
medical_device_category_16-02-01,眼用穿刺器,16-02-01,__import__.medical_device_category_16-02,通常由穿刺刀、鞘管和柄部组成。一般采用不锈钢材料制成。无菌提供，一次性使用。,用于穿刺眼组织。,一次性使用无菌眼科穿刺器,Ⅱ
medical_device_category_16-02-02,1 眼用注入器,16-02-02,__import__.medical_device_category_16-02,通常由头部、管体和柄部组成。一般采用不锈钢材料制成。非无菌提供。,用于注射生理盐水，维持前房空间。,前房注入器,Ⅰ
medical_device_category_16-02-02,2 眼用注入器,16-02-02,__import__.medical_device_category_16-02,通常由固定注射器的定位架和手动螺旋推进杆组成。,与注射器配合使用，用于辅助眼内灌注硅油。,硅油注射架、硅油推力架,Ⅰ
medical_device_category_16-02-03,点眼棒,16-02-03,__import__.medical_device_category_16-02,通常为棒状，两端部为球形。一般采用硬质玻璃材料制成。非无菌提供。,用于导引药物入眼。,玻璃点眼棒,Ⅰ
medical_device_category_16-02-04,眼用压迫器,16-02-04,__import__.medical_device_category_16-02,通常为板状设计。一般采用不锈钢材料制成。非无菌提供。,用于下压眼组织。,巩膜压迫器,Ⅰ
medical_device_category_16-02-05,1 眼用保护、支持器,16-02-05,__import__.medical_device_category_16-02,一般采用聚乙烯材料制成。无菌提供。,用于手术中保护眼组织免受伤害。,眼科手术用滑片,Ⅱ
medical_device_category_16-02-05,2 眼用保护、支持器,16-02-05,__import__.medical_device_category_16-02,一般采用高分子材料制成。非无菌提供，可重复使用。不含药物成分。分为带镜片和不带镜片两种类型。所带镜片无屈光矫正作用，仅为方便操作者在不揭开防护贴的情况下直接观察术后眼部愈合状况。不接触眼部创口。,用于防止眼部手术前后，房水从眼球切口蒸发到空气中导致失明。也用于眼球手术后防护病人眼球，防止外力直接撞击眼球。,眼部防护贴,Ⅱ
medical_device_category_16-02-05,3 眼用保护、支持器,16-02-05,__import__.medical_device_category_16-02,通常为尖锥形式。一般采用不锈钢或钛合金材料制成。非无菌提供。,用于手术中封堵巩膜穿刺孔。,巩膜塞,Ⅰ
medical_device_category_16-02-05,4 眼用保护、支持器,16-02-05,__import__.medical_device_category_16-02,一般采用不锈钢等材料制成。在使用过程中不接触中枢神经系统或血液循环系统。无源产品。非无菌提供。使用前由使用机构根据说明书进行灭菌或消毒（如适用）。,用于眼科手术时，保护眼球、支持眼睑。,眼睑保护板、角膜支持环、眼睑支持板,Ⅰ
medical_device_category_16-02-06,眼用器械手柄,16-02-06,__import__.medical_device_category_16-02,通常由头部和柄部组成，头部为接口。一般采用不锈钢材料制成。非无菌提供。,用于连接器械。,眼科手术器械手柄、刀片夹持器、显微刀片夹持器、冲洗器手柄、注吸器手柄,Ⅰ
medical_device_category_16-02-07,1 眼用固位器,16-02-07,__import__.medical_device_category_16-02,通常由尖端与柄身组成。一般采用钛合金材料制成。非无菌提供。,用于定位或调节眼组织。,超声乳化调节杆、超声乳化调核器、眼用定位器、调节定位器、拔核定位器、眼用调节器、眼科巩膜标示器、斜视手术眼球拨板、晶体核移动器,Ⅰ
medical_device_category_16-02-07,2 眼用固位器,16-02-07,__import__.medical_device_category_16-02,通常由固定圈和柄部组成。非无菌提供。,用于固定眼组织。,眼球固定器、眼球固定环、眼用固定环、角膜固定环,Ⅰ
medical_device_category_16-02-07,3 眼用固位器,16-02-07,__import__.medical_device_category_16-02,通常由近端手柄、远端针体连接一体组成。非无菌提供。,用于眼组织复位。,虹膜复位器、虹膜恢复器、晶状体复位器,Ⅰ
medical_device_category_16-02-07,4 眼用固位器,16-02-07,__import__.medical_device_category_16-02,通常由压环及螺帽环组成。非无菌提供。,用于眼科手术中固定器械。,角膜接触镜片固定环,Ⅰ
medical_device_category_16-02-08,眼用测量器,16-02-08,__import__.medical_device_category_16-02,通常器身带或不带刻度。一般采用不锈钢材料制成，非无菌提供。,用于眼科测距。,眼用测量规、眼用测量器、眼用测量尺、眼窝测量球、标记环、玻切印模、眼眶测量器,Ⅰ
medical_device_category_16-02-09,眼用取出器,16-02-09,__import__.medical_device_category_16-02,通常由环形头部和柄部组成。一般采用不锈钢材料制成。非无菌提供。,用于取出晶状体。,晶状体取出器、晶状体线环,Ⅰ
medical_device_category_16-02-10,眼用抛光器,16-02-10,__import__.medical_device_category_16-02,一般采用不锈钢材料制成。非无菌提供。,用于眼组织抛光。,眼用抛光器、后囊膜抛光器,Ⅰ
medical_device_category_16-02-11,眼用置物台,16-02-11,__import__.medical_device_category_16-02,通常由环钻固定夹和螺旋杆组成。非无菌提供。,用于手术中临时存放取出的角膜。,角膜移植钻台架、角膜移植架,Ⅰ
medical_device_category_16-02-12,眼用碎核器,16-02-12,__import__.medical_device_category_16-02,通常由带齿垫板头部和柄部组成。垫板头部可为左式或右式。非无菌提供。,用于咬碎晶体核。,碎核托板、碎核垫板、晶状体碎核器、劈核器,Ⅰ
medical_device_category_16-02-13,眼用咬除器,16-02-13,__import__.medical_device_category_16-02,通常由刃口和柄部组成。一般采用不锈钢或钛合金材料制成。非无菌提供。,用于咬切眼组织。,小梁咬切器、咬切器、小梁切开器、显微巩膜咬切器,Ⅰ
medical_device_category_16-02-14,眼用止血器,16-02-14,__import__.medical_device_category_16-02,通常由工作尖端和头端组成。头端通常有球形、橄榄形两种形式。一般采用不锈钢或铜材料制成。非无菌提供。无源产品。,用于手术中，加热头端后，烧灼血管断端止血用。,眼用烧灼止血器,Ⅰ
medical_device_category_16-02-15,眼用浸泡环,16-02-15,__import__.medical_device_category_16-02,通常由酒精浸泡环和手柄组成。一般采用不锈钢或钛合金材料制成。非无菌提供。不含酒精。,用于角膜屈光手术中，将酒精浸泡环放于角膜上，注入酒精，浸泡角膜上皮以清洁角膜基底床。,角膜上皮浸泡环,Ⅰ
medical_device_category_16-03-01,1 验光设备和器具,16-03-01,__import__.medical_device_category_16-03,通常由显示器显示的视力表或卡。,用于视力测定。,液晶视力表,Ⅱ
medical_device_category_16-03-01,2 验光设备和器具,16-03-01,__import__.medical_device_category_16-03,通常由视力表（卡）和照明装置组成。照明装置为直接照明或后照明（视力表灯）。,用于视力检测或弱视、盲视筛查。,视力表、视力表灯箱、幼儿视锐度（视力）检测卡、儿童图形视力卡、婴幼儿选择性注视检测卡、视力表投影仪,Ⅰ
medical_device_category_16-03-01,3 验光设备和器具,16-03-01,__import__.medical_device_category_16-03,通常由主机和适配器组成。利用哈特曼-夏克（HARTMAN SHACK）感受器的原理，光线经眼的屈光系统聚焦折射到感受器上，经过处理测得双眼的屈光数据。,用于视力筛选和检查。,视力筛选仪,Ⅱ
medical_device_category_16-03-01,4 验光设备和器具,16-03-01,__import__.medical_device_category_16-03,通常由板和板把手组成。,用于检查时遮挡眼部。,遮眼板,Ⅰ
medical_device_category_16-03-01,5 验光设备和器具,16-03-01,__import__.medical_device_category_16-03,通常由视标、光学成像系统、传感器、显示屏和控制系统组成。将光线投射进被检者的眼内，检查被检者视网膜反射光线的聚散情况，测出被检者的屈光状态。,用于人眼屈光状态的测定。,验光仪、验光机、角膜验光仪,Ⅱ
medical_device_category_16-03-01,6 验光设备和器具,16-03-01,__import__.medical_device_category_16-03,通常由投影系统和观察系统组成。投影系统包括光源、聚焦镜、反射镜、聚焦套管。将光线投射进被检者的眼内，根据反射光影的运动状态确定被检者的屈光状态。,用于客观测量人眼屈光信息。,检影镜、带状光检影镜、视网膜镜,Ⅱ
medical_device_category_16-03-01,7 验光设备和器具,16-03-01,__import__.medical_device_category_16-03,通常由正球镜片、负球镜片、正柱镜片、负柱镜片、棱镜片、辅助镜片等组成。,用于客观测量人眼的屈光状态。,验光镜片、验光镜片箱、验光镜片组,Ⅱ
medical_device_category_16-03-01,8 验光设备和器具,16-03-01,__import__.medical_device_category_16-03,通常由球镜度片、柱镜度片、棱镜度片、辅助镜片和机械换片结构组成。利用被检者对视标成像清晰程度的主观表述，测出被检者的屈光状态，与视力表配合使用。,用于主观测量人眼屈光状态。,验光头、综合验光仪,Ⅱ
medical_device_category_16-03-02,1 视功能检查设备和器具,16-03-02,__import__.medical_device_category_16-03,通常由两套视标空间方位可调，光亮可调的独立光学系统及可对两套系统进行空间方位变化测量的机械系统组成，并可结合其他辅助部件（如海丁格刷、偏振片）使用。,用于检查人眼的同时视、融像、立体视等双眼视觉功能、以及诊断主客观斜视角、异常视网膜对应、隐斜、后像、弱斜视等眼科疾病，也可供弱视训练、治疗。,同视机,Ⅱ
medical_device_category_16-03-02,10 视功能检查设备和器具,16-03-02,__import__.medical_device_category_16-03,通常由主机，发光二极管（LED）显示屏和电源线组成。,用于测量瞳孔对光刺激的反应。,瞳孔分析仪,Ⅱ
medical_device_category_16-03-02,2 视功能检查设备和器具,16-03-02,__import__.medical_device_category_16-03,通常由光源、视标、读数系统、机械调节系统、观察或显示系统组成。利用光学成像定位原理，测量人眼瞳距。,用于测量人眼两瞳孔之间的距离。,瞳距测量仪、瞳距仪,Ⅱ
medical_device_category_16-03-02,3 视功能检查设备和器具,16-03-02,__import__.medical_device_category_16-03,通常由光学定位系统、像差测量系统、信号探测器和数据处理分析系统组成。由光线追迹导出的光程差通过拟合获得ZERNIK系数的方法进行波前像差分析。,用于测量人眼像差。,眼像差仪、全眼波前像差仪,Ⅱ
medical_device_category_16-03-02,4 视功能检查设备和器具,16-03-02,__import__.medical_device_category_16-03,通常由主机（光学系统、观察系统和控制系统）、可移动工作台和头托组成。利用角膜的反射性质来测量角膜曲率半径。,用于测量角膜前表面曲率半径和主子午线轴位。,角膜曲率计、电子角膜曲率仪,Ⅱ
medical_device_category_16-03-02,5 视功能检查设备和器具,16-03-02,__import__.medical_device_category_16-03,通常由眼球监测系统、视野位置及光亮可变的光点或光面和背景光系统组成。通过获取视网膜各位置光刺激感知的方法，得到视网膜中心和周边的视细胞的损缺信息。,用于眼部检查中测量可视范围。,视野计、四点域值视野仪、视野分析仪、微视野计、投射视野检查仪,Ⅱ
medical_device_category_16-03-02,6 视功能检查设备和器具,16-03-02,__import__.medical_device_category_16-03,通常由对比敏感度视标发生器、观察光学系统和控制装置组成。,用于检查人眼在各种光环境下中心和/或周边视野敏感度测量。,对比敏感度仪、眩光对比度仪,Ⅱ
medical_device_category_16-03-02,7 视功能检查设备和器具,16-03-02,__import__.medical_device_category_16-03,通常由光学系统、显示系统和记录系统组成。通过多种颜色的不同混合方式，来检查人体色细胞或相应的神经传递系统的准确情况。,用于人眼视功能（包括光觉、色觉、形觉（视力）、动觉（立体觉）、对比觉（对比敏感度）等）的检查、训练等。,色觉检测仪,Ⅱ
medical_device_category_16-03-02,8 视功能检查设备和器具,16-03-02,__import__.medical_device_category_16-03,通常由视神经分析仪主体、三维位移机架等组成。,用于对活体上眼底和视网膜神经纤维层进行成像和三维分析。,视神经分析仪,Ⅱ
medical_device_category_16-03-02,9 视功能检查设备和器具,16-03-02,__import__.medical_device_category_16-03,通常由电生理主机（含信号放大器、闪光刺激器）、图形刺激器、计算机系统等组成。,用于视通路、视神经和视网膜的疾病检测。,视觉电生理检查仪,Ⅱ
medical_device_category_16-03-03,视觉治疗设备,16-03-03,__import__.medical_device_category_16-03,通常由各种视功能视标、光学观察系统或屏显系统组成。通过视觉刺激信号进行视觉治疗的设备。视觉刺激信号通常由电子显示屏、灯箱或发光视标产生。,用于人眼视功能包括光觉、色觉、视力、立体视、融像、隐斜等的治疗。,全息视力增进仪、弱视近视综合治疗仪、弱视治疗仪、弱视复合治疗仪,Ⅱ
medical_device_category_16-04-01,1 眼科激光诊断设备,16-04-01,__import__.medical_device_category_16-04,通常由激光光源、激光传输装置和控制装置等部分组成。发生强激光（GB 7247标准的3B、4），并应用光学断层扫描、共焦激光扫描等技术进行检查诊断的设备。,用于眼功能和眼部疾患的检查诊断。,激光扫描检眼镜、共焦激光扫描检眼镜、激光眼科诊断仪、激光前房闪辉测试仪、激光光纤眼科照明仪、共焦激光断层扫描仪、激光间接检眼镜,Ⅲ
medical_device_category_16-04-01,2 眼科激光诊断设备,16-04-01,__import__.medical_device_category_16-04,通常由激光光源、激光传输装置和控制装置等部分组成。发生弱激光（小于等于GB 7247标准的3R），并应用光学断层扫描、共焦激光扫描等技术进行检查诊断的设备。,用于眼功能和眼部疾患的检查诊断。,激光扫描检眼镜、共焦激光扫描检眼镜、激光眼科诊断仪、激光前房闪辉测试仪、激光光纤眼科照明仪、共焦激光断层扫描仪、激光间接检眼镜,Ⅱ
medical_device_category_16-04-02,眼压持续监测仪,16-04-02,__import__.medical_device_category_16-04,通常由记录器、传感器、天线、数据线、充电器、软件等组成。其中传感器是一个带有嵌入式芯片的一次性硅胶软性接触镜。,用于对青光眼患者进行连续眼内压实时监测。,眼压持续监测仪,Ⅲ
medical_device_category_16-04-03,1 眼科超声诊断设备,16-04-03,__import__.medical_device_category_16-04,通常由探头、超声波发射/接收电路、信号处理、图像显示等部分组成。利用超声脉冲回波原理，完成眼科诊断信息采集、显示、测量的专用超声设备。不包括适用于《YY∕T 0107 眼科A型超声测量仪》标准的眼科A型超声测量仪和适用于《YY 0773 眼科B型超声诊断仪通用技术条件》标准的眼科B型超声诊断仪。,专用于眼科的超声诊断设备。实现眼球及眼眶的超声成像、角膜厚度测量、眼轴长度测量等功能。,眼科高频超声诊断仪、眼科超声生物显微镜,Ⅲ
medical_device_category_16-04-03,2 眼科超声诊断设备,16-04-03,__import__.medical_device_category_16-04,通常由探头、超声波发射/接收电路、信号处理、图像显示等部分组成。利用超声脉冲回波原理，完成眼科诊断信息采集、显示、测量的专用的适用于《YY∕T 0107 眼科A型超声测量仪》标准的眼科A型超声测量仪和适用于《YY 0773 眼科B型超声诊断仪通用技术条件》标准的眼科B型超声诊断仪。,专用于眼科的超声诊断设备。实现眼球及眼眶的超声成像、角膜厚度测量、眼轴长度测量等功能。,眼科B型超声诊断仪、超声角膜测厚仪、眼科A型超声测量仪、眼科AB型超声诊断仪,Ⅱ
medical_device_category_16-04-04,光学相干断层扫描仪,16-04-04,__import__.medical_device_category_16-04,通常由光学相干系统、数据获取处理和/或分析系统组成。利用光学相干成像原理，获取组织断层面的信息。,用于获取组织断层面的信息。,眼科光学相干断层扫描仪,Ⅱ
medical_device_category_16-04-05,眼用照相机,16-04-05,__import__.medical_device_category_16-04,通常由照明系统、观察系统、成像系统等组成。可与单独的查看软件配合使用，并实现附加功能。,用于拍摄眼部图像，观察和诊断视网膜病变。,眼底照相机、数字眼底照相机、免散瞳眼底照相机、免散瞳数码眼底照相机、手持式视网膜照相机、无散瞳数码眼底照相机、手持式免散瞳眼底照相机、眼底摄影机、眼用照相机,Ⅱ
medical_device_category_16-04-06,眼底造影机,16-04-06,__import__.medical_device_category_16-04,通常由照明系统和大视野成像系统组成。可与计算机配合使用。,用于拍摄静态眼底视网膜彩色照像及眼部血流动态变化。,眼底造影机、数字眼底造影检查仪、眼用造影机,Ⅱ
medical_device_category_16-04-07,裂隙灯显微镜,16-04-07,__import__.medical_device_category_16-04,通常由裂隙照明系统（裂隙灯）和双目显微镜（或光学数码成像系统）组成。通过一个裂隙照射于眼睛形成一个光学切面，通过双目显微镜可观察被检部位的细节。,用于观察角膜、虹膜、晶状体等。,手持式裂隙灯显微镜、裂隙灯显微镜、眼科裂隙灯显微镜检查仪、手持裂隙灯显微镜检查仪、手持式裂隙灯、电动对焦数码裂隙灯显微镜系统,Ⅱ
medical_device_category_16-04-08,直接检眼镜,16-04-08,__import__.medical_device_category_16-04,通常由照明系统和观察系统组成。照明系统包括灯泡、聚光镜和反射镜。观察系统包括窥孔和聚焦补偿系统。,用于检查视网膜。,直接检眼镜、广角检眼镜,Ⅱ
medical_device_category_16-04-09,间接检眼镜,16-04-09,__import__.medical_device_category_16-04,通常由检眼镜主体、电源、角度适配器、转接插头、巩膜压陷器等组成。检眼镜主体由照明系统、目镜、滤镜、头带和示教镜组成。,用于检查视网膜小视野检查。,间接检眼镜、双目间接检眼镜、双目间接眼底镜,Ⅱ
medical_device_category_16-04-10,角膜内皮细胞显微镜,16-04-10,__import__.medical_device_category_16-04,通常由高数值孔径物镜、像面成像系统和图像分析处理系统组成。利用显微镜的放大作用，对角膜内皮细胞显微成像。,用于检测内皮细胞的形态、密度等。,角膜内皮细胞显微镜、角膜内皮细胞计、角膜内皮显微镜,Ⅱ
medical_device_category_16-04-11,角膜共焦显微镜,16-04-11,__import__.medical_device_category_16-04,通常由照明系统、同焦显微成像系统、扫描机构和图像分析处理系统组成。利用照明和成像共焦原理，可对角膜各层面成像。,用于对角膜各个层面组织进行显微检查。,角膜共焦显微镜,Ⅱ
medical_device_category_16-04-12,角膜地形图仪,16-04-12,__import__.medical_device_category_16-04,通常由Placido环投射系统、图像监视/观察系统和图像处理系统组成。利用角膜的反射状态确定角膜地形。,用于测量角膜表面分布曲率。,角膜地形图仪、角膜地形图系统,Ⅱ
medical_device_category_16-04-13,角膜测厚仪,16-04-13,__import__.medical_device_category_16-04,通常由光学发射系统和光学测量系统组成。通过两反射光路的偏离方法或光程差方法测量角膜厚度。,用于测量角膜厚度。,角膜测厚仪、手持式角膜测厚仪、角膜测厚装置、非接触式角膜厚度仪,Ⅱ
medical_device_category_16-04-14,眼前节测量诊断系统,16-04-14,__import__.medical_device_category_16-04,通常由光学定位系统、光学发射系统、光学测量系统、图像接收和分析系统组成。利用反射光路偏离的光学原理，用于前节测量和分析。,用于前节测量和分析。,眼前节测量评估系统、眼前节诊断系统、三维眼前节分析系统,Ⅱ
medical_device_category_16-04-15,眼组织深度测量仪,16-04-15,__import__.medical_device_category_16-04,通常由光学定位系统和光学测量系统组成。通过测量光程差，用于获取眼轴各组织深度。,用于获取眼轴各组织深度。,前房深度测定仪、扫描式周边前房深度计、眼科生物测量仪、眼科光学生物测量仪、光干涉式眼轴长测量仪,Ⅱ
medical_device_category_16-04-16,黄斑完整性评估仪,16-04-16,__import__.medical_device_category_16-04,通常由主机、患者控制按钮和键盘组成。,用于评估黄斑的阈值灵敏度和固视稳定性。,黄斑完整性评估仪,Ⅱ
medical_device_category_16-04-17,眼压计,16-04-17,__import__.medical_device_category_16-04,通常由角膜形状变化发生器、角膜变形测量系统或接触角膜装置和压变传感器组成。通过角膜形状变化（压平式、压陷式、非接触式等）或直接测量角膜血流脉动压力变化，换算获得眼内压。,用于测量眼内压力。,眼压计、非接触式眼压计、手持式眼压计、手持式压平眼压计、压平眼压计、接触式压电眼压计、回弹式眼压计、压陷式眼压计,Ⅱ
medical_device_category_16-04-18,眼球突出计,16-04-18,__import__.medical_device_category_16-04,通常由左右棱镜座、导向横杆、活动支座、固定支座等部件组成。,用于检查眼球角膜顶突出眶缘高度。,眼球突出计,Ⅰ
medical_device_category_16-04-19,干眼检测仪,16-04-19,__import__.medical_device_category_16-04,通常由光源、CCD相机和控制系统组成。与计算机和配套软件组合使用。通过患者眼表泪膜干涉成像，用于诊断干眼程度。,用于诊断干眼程度。,干眼检测仪,Ⅱ
medical_device_category_16-04-20,视网膜自适应光学成像仪,16-04-20,__import__.medical_device_category_16-04,通常由光学定位系统、眼底成像系统、像差测量系统和像差矫正系统组成。采用可变形镜面矫正各位置光线偏角的方式实现像差矫正。,用于视网膜黄斑病变的早期微观检测。,视网膜自适应光学成像仪,Ⅱ
medical_device_category_16-04-21,1 眼科诊断辅助器具,16-04-21,__import__.medical_device_category_16-04,通过放大或倒像等光学原理辅助眼科检查、诊断的光学器具。（与角膜接触）,用于辅助眼科检查和诊断。,房角镜、非接触眼底镜、接触式激光眼底诊断镜、眼底广角观察镜、非接触裂隙灯前置镜、虹膜放大仪、倒像镜、屋脊镜倒像镜、角膜接触帽、非球面透镜、三棱镜组,Ⅱ
medical_device_category_16-04-21,2 眼科诊断辅助器具,16-04-21,__import__.medical_device_category_16-04,通过放大或倒像等光学原理辅助眼科检查、诊断的光学器具。（不与角膜接触）,用于辅助眼科检查和诊断。,房角镜、非接触眼底镜、接触式激光眼底诊断镜、眼底广角观察镜、非接触裂隙灯前置镜、虹膜放大仪、倒像镜、屋脊镜倒像镜、角膜接触帽、非球面透镜、三棱镜组,Ⅰ
medical_device_category_16-04-21,3 眼科诊断辅助器具,16-04-21,__import__.medical_device_category_16-04,通常由带有荧光素钠标示线的滤纸裁切而成，被泪液浸湿后有明显界限，可直接读数。,用于诊断眼科泪液分泌障碍等疾病。,泪液检测滤纸条、泪液分泌检测滤纸,Ⅱ
medical_device_category_16-04-22,眼力器,16-04-22,__import__.medical_device_category_16-04,通常由头架、支架、视标和镜片组成。,用于双眼辐辏功能测定。,眼力器,Ⅰ
medical_device_category_16-05-01,眼科超声手术设备,16-05-01,__import__.medical_device_category_16-05,通常由主机、换能器、带有外科尖端的手持部件和负压吸引装置组成。每一个手持部件由一个换能器、一个连接构件和一个治疗头尖端组成。,用于对眼部组织的破碎、切割和乳化等。,乳化玻切超声手术仪、显微眼科超声手术系统、眼科超声乳化手术系统、白内障超声乳化手术仪、眼科超声手术系统、超声乳化手术仪、眼科超声乳化手术仪、眼科乳化玻切超声手术仪及附件,Ⅲ
medical_device_category_16-05-02,眼科激光治疗设备,16-05-02,__import__.medical_device_category_16-05,通常由激光器、冷却装置、传输装置、目标指示装置、控制装置、防护装置等部分组成。利用激光与生物组织的相互作用机理，达到手术治疗的目的。,用于屈光矫正、角膜切割、青光眼、白内障、或视网膜病变等眼科疾病的手术治疗。,准分子激光角膜屈光治疗机、飞秒激光眼科治疗机、飞秒激光角膜屈光治疗机、Q开关掺钕钇铝石榴石激光眼科治疗机、掺钕钇铝石榴石激光眼科治疗机、半导体激光眼科治疗机、固体多波长激光眼科治疗机、固体激光眼科治疗机、倍频掺钕钇铝石榴石眼科激光治疗机,Ⅲ
medical_device_category_16-05-03,眼科内窥镜及附件,16-05-03,__import__.medical_device_category_16-05,通常由物镜系统和光学传/转像系统，含有或不含有观察目镜系统构成观察光路的不可变形的内窥镜。可包含附件。附件是配合内窥镜使用的配件或独立产品。,用于在眼部内窥镜检查中对症使用。,眼内窥镜,Ⅲ
medical_device_category_16-05-04,眼科冷冻治疗设备,16-05-04,__import__.medical_device_category_16-05,通常由低温工质、储存容器、输送装置和冷冻探头组成。冷冻探头直接作用于人体治疗部位。,用于使眼部组织产生冷冻坏死、炎性反应或冷冻粘连。,眼科冷冻治疗仪、二氧化碳眼科冷冻治疗仪、便携式二氧化碳眼科冷冻治疗仪,Ⅱ
medical_device_category_16-05-05,1 其他眼科治疗和手术设备,16-05-05,__import__.medical_device_category_16-05,利用照射光敏剂核黄素浸润的角膜，核黄素分子被激发产生活性氧族，诱导胶原纤维的氨基（团）之间发生化学交联反应，从而增加了胶原纤维的机械强度和抵抗角膜扩张的能力。不含光敏剂。,用于治疗圆锥角膜手术、角膜溃疡和准分子激光原位角膜磨镶术（LASIK）术后角膜膨胀症。,角膜治疗仪、角膜交联仪,Ⅲ
medical_device_category_16-05-05,2 其他眼科治疗和手术设备,16-05-05,__import__.medical_device_category_16-05,通常由切割部分、控制部分和驱动部分组成。,用于在不同层次角膜屈光手术和角膜移植手术中切割角膜。,角膜板层刀、微型角膜刀,Ⅲ
medical_device_category_16-05-05,3 其他眼科治疗和手术设备,16-05-05,__import__.medical_device_category_16-05,通常由主机、气体连接软管和手柄组成。气动脉冲列驱动玻切头产生切割功能。,用于切除眼内玻璃体。,玻璃体切割器、玻切加速机,Ⅲ
medical_device_category_16-05-05,4 其他眼科治疗和手术设备,16-05-05,__import__.medical_device_category_16-05,通常由观察系统、照明系统和支架系统组成。观察系统由目镜、物镜的长工作距的体视光学显微系统组成。可外接或内置图像采集显示处理系统，利用显微放大原理，观察物体细节。,用于在眼科手术过程中为手术区域提供放大。,眼科手术显微镜,Ⅱ
medical_device_category_16-05-06,1 眼科治疗和手术辅助器具,16-05-06,__import__.medical_device_category_16-05,通常由眼内照明器、眼内照明光纤、一套可拆下和可消毒的旋钮组成。,用于眼科手术期间对眼内的照明。,眼内照明器、眼内照明系统,Ⅲ
medical_device_category_16-05-06,10 眼科治疗和手术辅助器具,16-05-06,__import__.medical_device_category_16-05,通过放大或倒像等光学原理辅助眼科治疗、手术的光学器具。（与角膜接触）,用于辅助眼科治疗和手术。,非接触式眼底广角观察镜、非接触式广角观察系统、眼科手术非接触观察装置、眼科用非球面黄斑镜、玻切手术观察镜、眼底成像系统、一次性使用玻切手术用接触镜,Ⅱ
medical_device_category_16-05-06,11 眼科治疗和手术辅助器具,16-05-06,__import__.medical_device_category_16-05,通过放大或倒像等光学原理辅助眼科治疗、手术的光学器具。无源产品。（不与角膜接触）,用于辅助眼科治疗和手术。,非接触式眼底广角观察镜、非接触式广角观察系统、眼科手术非接触观察装置、眼科用非球面黄斑镜、玻切手术观察镜、眼底成像系统、一次性使用玻切手术用接触镜,Ⅰ
medical_device_category_16-05-06,12 眼科治疗和手术辅助器具,16-05-06,__import__.medical_device_category_16-05,通常与眼科超声手术设备主机配合使用，其组成与原理依据眼科超声手术设备的型式和功能。,配合眼科超声手术设备，辅助实现其功能。,眼科超声乳化手术仪用附件-手柄、眼科超声乳化手术仪用附件-测试腔，灌注套,Ⅱ
medical_device_category_16-05-06,13 眼科治疗和手术辅助器具,16-05-06,__import__.medical_device_category_16-05,通常由针头、针体和柄部组成。一般采用不锈钢材料制成。非无菌提供。,玻切手术时用来吸出多余的液体。,笛针、移液针,Ⅰ
medical_device_category_16-05-06,2 眼科治疗和手术辅助器具,16-05-06,__import__.medical_device_category_16-05,通常由光纤和插入头组成。无菌提供。,与眼科照明光源连接使用，可直接插入人眼，也可和套管针系统一起使用。用于眼内手术时传输照明光源发出的光，进行眼内照明。,眼内照明器光纤探头,Ⅲ
medical_device_category_16-05-06,3 眼科治疗和手术辅助器具,16-05-06,__import__.medical_device_category_16-05,通常由用户终端、支架、软件、电缆、连接线等组成。,与眼科手术、治疗设备配合使用，用于实现眼科手术、治疗中的导航、定位功能。,眼科手术导航工作站、眼科手术定位导航系统、眼科手术计划及导航系统,Ⅲ
medical_device_category_16-05-06,4 眼科治疗和手术辅助器具,16-05-06,__import__.medical_device_category_16-05,通常由玻切刀头、接头、导管和柄部等组成。一般玻切刀头采用不锈钢材料制成。无菌提供。,与气动设备配合使用，用于眼科手术时切除玻璃体。,玻切头,Ⅲ
medical_device_category_16-05-06,5 眼科治疗和手术辅助器具,16-05-06,__import__.medical_device_category_16-05,连接激光设备，传输激光。,与眼科激光设备配合使用，进入眼内传输激光能量，用于激光治疗。,眼科激光光纤探针、治疗用激光光纤,Ⅲ
medical_device_category_16-05-06,6 眼科治疗和手术辅助器具,16-05-06,__import__.medical_device_category_16-05,连接激光设备，传输激光。,与眼科激光设备配合使用，不进入眼内传输激光能量，用于激光治疗。,眼科激光光纤探针、治疗用激光光纤,Ⅱ
medical_device_category_16-05-06,7 眼科治疗和手术辅助器具,16-05-06,__import__.medical_device_category_16-05,通常为片状设计，带刃口。一般采用不锈钢材料制成。无菌提供。,与角膜板层刀配合使用，用于剖层、切割眼角膜。,成形刀片、一次性使用无菌角膜板层刀片,Ⅱ
medical_device_category_16-05-06,8 眼科治疗和手术辅助器具,16-05-06,__import__.medical_device_category_16-05,通常由电池、治疗头、电阻丝、外壳等组成。,用于眼科手术，通过自带电加热的治疗头烧灼血管断端止血。,眼科止血器、眼科烧灼止血器、一次性使用便携电凝刀,Ⅱ
medical_device_category_16-05-06,9 眼科治疗和手术辅助器具,16-05-06,__import__.medical_device_category_16-05,通常由注吸针头、负压源和调节阀等组成。,用于眼科手术时吸取混浊皮质。,注吸仪,Ⅱ
medical_device_category_16-06-01,1 接触镜,16-06-01,__import__.medical_device_category_16-06,设计用于配戴眼球前表面的，其最终状态在正常条件下不需要支撑即能保持形状的眼科镜片。,用于矫正或修正人眼视力。,硬性角膜接触镜、硬性透氧角膜接触镜,Ⅲ
medical_device_category_16-06-01,2 接触镜,16-06-01,__import__.medical_device_category_16-06,采用角膜塑形术方法来改变角膜的形态，从而暂时矫正眼屈光不正的硬性透气接触镜。,用于暂时性矫正眼屈光不正。,角膜塑形用硬性透气接触镜,Ⅲ
medical_device_category_16-06-01,3 接触镜,16-06-01,__import__.medical_device_category_16-06,设计用于配戴眼球前表面的，需要支撑以保持形状的眼科镜片。,用于矫正或修正人眼视力。,彩色软性亲水接触镜、散光软性亲水角膜接触镜、软性角膜接触镜、软性亲水接触镜、软性接触镜,Ⅲ
medical_device_category_16-06-02,1 接触镜护理产品,16-06-02,__import__.medical_device_category_16-06,以氯化钠为主要有效成分的生理平衡盐水溶液（含量约0.9％）。,用于软性或硬性接触镜的冲洗、储存，及片剂类护理产品的溶解稀释等。,接触镜无菌生理盐水护理液、接触镜护理盐溶液,Ⅲ
medical_device_category_16-06-02,2 接触镜护理产品,16-06-02,__import__.medical_device_category_16-06,含有一种或多种有效成分（如：酶），具有清洁作用的接触镜护理产品。,用于去除接触镜表面的沉淀物和其他污染物。,硬性透气接触镜清洁液、硬性接触镜酶清洁剂、接触镜除蛋白护理液、除蛋白护理液、接触镜去蛋白片,Ⅲ
medical_device_category_16-06-02,3 接触镜护理产品,16-06-02,__import__.medical_device_category_16-06,以双氧水为主要有效成分结合中和片（中和杯或中和环等）使用的消毒液。,用于对接触镜的充分消毒。,双氧护理液、双氧水接触镜消毒液,Ⅲ
medical_device_category_16-06-02,4 接触镜护理产品,16-06-02,__import__.medical_device_category_16-06,通常由杀菌（消毒）剂、表面活性剂、络合剂、保湿剂、pH调节剂、渗透压调节剂等多种成分组成的接触镜护理溶液。,用于接触镜的清洁、消毒、冲洗、储存等。,硬性接触镜护理液、接触镜护理液、硬性透气接触镜用护理液、软性接触镜护理液,Ⅲ
medical_device_category_16-06-02,5 接触镜护理产品,16-06-02,__import__.medical_device_category_16-06,通常由保湿润滑剂、PH调节剂、渗透压调节剂、络合剂、防腐剂等成分组成的接触镜润滑溶液。,用于对接触镜的湿润处理，配戴接触镜时滴入眼内起润滑作用。,接触镜润滑液、硬性透气接触镜润滑液、接触镜湿润液,Ⅲ
medical_device_category_16-06-03,1 防护器具,16-06-03,__import__.medical_device_category_16-06,通常由镜架和镜片组成。镜片采用能反射或吸收辐射线，但能透过一定可见光的材料制成。,用于在诊断或手术过程中防护紫外、蓝光、红光和红外危害。,医用光辐射防护眼镜,Ⅱ
medical_device_category_16-06-03,2 防护器具,16-06-03,__import__.medical_device_category_16-06,一般采用玻璃或塑料镜片加入吸收剂制成。,用于在诊断或手术过程中防止激光辐射对人眼的伤害。,激光防护眼镜,Ⅱ
medical_device_category_16-06-04,1 助视器,16-06-04,__import__.medical_device_category_16-06,通常由光学系统（凸透镜、凹透镜、棱镜和平面镜等）组成。利用光学成像原理，帮助低视力者提高视觉活动水平。,用于改变目标的大小，或改变目标在视网膜上的成像位置，帮助低视力者提高视觉活动水平。,光学弱视助视器、低视力放大镜、低视力望远镜,Ⅱ
medical_device_category_16-06-04,2 助视器,16-06-04,__import__.medical_device_category_16-06,通常由光学电子成像系统和显示系统组成。利用摄像获得影像，经数码处理给予放大，能方便的进行放大倍数调整、焦距调整、亮度和对比度调整，利用光学电子手段达到光能增强。,用于改变目标的大小，或改变目标在视网膜上的成像位置，帮助低视力者提高视觉活动水平。,光电弱视助视器,Ⅱ
medical_device_category_16-07-01,人工晶状体,16-07-01,__import__.medical_device_category_16-07,通常由光学主体和支撑部分组成的光学镜片，其光学区部分通过一定的光学设计从而获取需要的聚焦能力并达到较好的成像质量。,代替人眼晶状体，用于囊外摘除术的白内障手术后或超声乳化术后植入，矫正或修正人眼视力。,人工晶状体、肝素表面处理亲水性丙烯酸人工晶状体、亲水性丙烯酸人工晶状体、虹膜夹无晶体眼人工晶状体、预装式非球面后房人工晶状体、折叠式非球面人工晶状体、折叠式多焦丙烯酸人工晶状体、着色非亲水丙烯酸非球面后房人工晶状体、后房型聚甲基丙烯酸甲酯人工晶状体、单件式多焦复曲面人工晶状体、一件式后房型人工晶状体、三件式后房型人工晶状体、后房人工晶状体、折叠式人工晶状体、单件式多焦人工晶状体、折叠式后房硅凝胶人工晶状体、有晶体眼屈光性人工晶状体、折叠式后房人工晶状体、聚甲基丙烯酸甲酯人工晶状体、亲水性丙烯酸酯非球面人工晶状体、肝素表面处理聚甲基丙烯酸甲酯人工晶状体、肝素表面处理亲水性丙烯酸非球面人工晶状体、单件式复曲面人工晶状体、聚丙烯酸酯类后房型人工晶状体、折叠式后房丙烯酸人工晶状体、可调节人工晶状体、预装式人工晶状体、折叠式丙烯酸人工晶状体、非亲水丙烯酸后房人工晶状体、一件式人工晶状体、后房人工晶体、后房型丙烯酸酯人工晶状体、单件式疏水性丙烯酸人工晶状体、非球面后房人工晶状体、单件式黄色疏水性丙烯酸人工晶状体、前房型聚甲基丙烯酸甲酯人工状晶体、多焦聚丙烯酸酯类后房人工晶状体、后房型屈光晶状体、有晶体眼后房屈光晶状体、带虹膜的人工晶状体,Ⅲ
medical_device_category_16-07-02,眼内填充物,16-07-02,__import__.medical_device_category_16-07,是一类用于眼科的非固体物质。,用于将脱离的视网膜压平并复位。,眼科用重水、眼科手术用重水、眼用手术硅油、眼科手术用硅油、眼用重硅油、眼科手术用全氟萘烷、眼科手术用全氟辛烷、眼用全氟丙烷气体、硅油,Ⅲ
medical_device_category_16-07-03,青光眼引流装置,16-07-03,__import__.medical_device_category_16-07,通常由支撑体和缝合孔组成的器件。,用于阻止巩膜瓣与巩膜床之间的粘连，维持功能液腔的持续存在，促进新的房水通道形成。,青光眼引流器、青光眼引流阀,Ⅲ
medical_device_category_16-07-04,眼用粘弹剂,16-07-04,__import__.medical_device_category_16-07,通常由具有粘性和弹性的固体和液体制成。,用于产生和维持手术空间，保护眼内组织和便于操作。,眼用粘弹剂、眼科手术粘弹剂、眼用透明质酸钠凝胶、眼用羟丙基甲基纤维素、角膜保护剂、眼用透明质酸钠,Ⅲ
medical_device_category_16-07-05,泪点塞,16-07-05,__import__.medical_device_category_16-07,通常由泪点塞和泪点塞放置器组成。,用于堵塞泪点，泪点塞放置器为放置泪点塞的辅助器具。,泪点塞、泪点塞栓,Ⅲ
medical_device_category_16-07-06,义眼台,16-07-06,__import__.medical_device_category_16-07,一般采用羟基磷灰石、高分子材料等制成。,用于眼球、眶壁缺失、摘除或萎缩后的填充，眼眶内支撑。,义眼台,Ⅲ
medical_device_category_16-07-07,囊袋张力环,16-07-07,__import__.medical_device_category_16-07,过半圆的圆弧环整体结构，圆弧环两端各有一个定位孔。,用于无晶体眼维持囊袋张力，防止后囊膜皱褶，对抗囊袋收缩。,囊袋张力环、囊袋扩张环,Ⅲ
medical_device_category_16-07-08,人工玻璃体球囊,16-07-08,__import__.medical_device_category_16-07,通常由高分子材料制成的透明结构，填充介质后可作为玻璃体替代物。,填充介质后用于暂时或永久替代眼球内玻璃体，并具有支撑视网膜，维持眼内压以及屈光功能。,人工玻璃体球囊、折叠式人工玻璃体球囊,Ⅲ
medical_device_category_16-07-09,组织工程生物羊膜,16-07-09,__import__.medical_device_category_16-07,通常由健康剖宫产产妇的胎盘组织，经处理去除脂肪、可溶性抗原等，保留基本网架结构，经灭菌后制成的产品。,用于眼表创伤及眼表损害创面的修复。,生物羊膜、组织工程羊膜,Ⅲ
medical_device_category_16-07-10,角膜基质片,16-07-10,__import__.medical_device_category_16-07,一般可由脱细胞的动物角膜基质或生物材料制成，用于角膜修复，经灭菌，一次性使用。,用于板层角膜的移植。,脱细胞角膜基质、脱细胞角膜植片,Ⅲ
medical_device_category_16-07-11,角膜基质环,16-07-11,__import__.medical_device_category_16-07,一般采用高分子材料制成。通过长期植入患者的角膜层间，改变角膜表面曲率、屈光度。,用于治疗圆锥角膜、近视、高度近视等疾病。,角膜基质环,Ⅲ
medical_device_category_16-07-12,泪道管,16-07-12,__import__.medical_device_category_16-07,通常由硅胶管、硅胶矛、扩张器和穿孔塞组成，一般采用硅橡胶材料制成，配备专用手术牵引钩或导丝。,用于泪道阻塞探通术后、泪囊炎鼻腔泪囊吻合术后、泪小管断裂吻合术后的泪道支撑与植入治疗。,泪道引流管,Ⅲ
medical_device_category_16-07-13,硅胶环扎带,16-07-13,__import__.medical_device_category_16-07,通常由环扎带和硅橡胶管组成。,用于视网膜脱离巩膜环扎术使用。,硅橡胶环扎带、硅胶海绵、硅胶轮胎、硅胶环扎带,Ⅱ
medical_device_category_16-07-14,1 义眼片,16-07-14,__import__.medical_device_category_16-07,一般采用聚甲基丙烯酸甲酯材料制成。无菌提供。,用于人眼眼球摘除或眼内容剜除、眼球萎缩或植入义眼台后，起填充和支撑作用。可随时摘除。,义眼片,Ⅱ
medical_device_category_16-07-14,2 义眼片,16-07-14,__import__.medical_device_category_16-07,一般采用聚甲基丙烯酸甲酯材料制成。非无菌提供。,用于人眼眼球摘除或眼内容剜除、眼球萎缩或植入义眼台后，起填充和支撑作用。可随时摘除。,义眼片,Ⅰ
medical_device_category_16-07-15,1 人工晶状体、人工玻璃体植入器械,16-07-15,__import__.medical_device_category_16-07,通常由推注器、夹头、活塞和套管组成。一般采用塑料制成。无菌提供。,用于植入人工晶状体或人工玻璃体。,人工晶状体植入系统、一次性使用无菌人工晶状体推注器、一次性使用无菌人工晶状体推进器、一次性使用无菌人工晶状体植入器、一次性使用无菌人工晶状体转动器、一次性使用无菌人工晶状体折叠夹、一次性使用无菌人工玻璃体植入器,Ⅱ
medical_device_category_16-07-15,2 人工晶状体、人工玻璃体植入器械,16-07-15,__import__.medical_device_category_16-07,通常由推注器、夹头、活塞和套管组成。一般采用不锈钢或钛合金材料制成。非无菌提供。,用于植入人工晶状体或人工玻璃体。,人工晶状体植入器、人工玻璃体植入器,Ⅰ
medical_device_category_16-07-16,1 囊袋张力环植入器械,16-07-16,__import__.medical_device_category_16-07,通常由微型钩、植入器管道、推杆和杆塞四部分组成。无菌提供。,用于眼科手术时，将囊袋张力环植入囊袋内。,一次性使用无菌囊袋张力环植入器、一次性使用无菌囊袋张力环注入器,Ⅱ
medical_device_category_16-07-16,2 囊袋张力环植入器械,16-07-16,__import__.medical_device_category_16-07,通常由微型钩、植入器管道、推杆和杆塞四部分组成。非无菌提供。,用于眼科手术时，将囊袋张力环植入囊袋内。,囊袋张力环植入器、囊袋张力环注入器,Ⅰ
medical_device_category_16-07-17,人工角膜,16-07-17,__import__.medical_device_category_16-07,通常由镜柱及支架等固定装置组成。采用高分子等材料制成。无菌提供,用于角膜移植手术难以成功的角膜盲患者，通过永久植入替代混浊或病变的角膜，发挥改善屈光介质作用。,人工角膜,Ⅲ
medical_device_category_17-01-01,牙周袋探测设备,17-01-01,__import__.medical_device_category_17-01,通常由探针、手柄、脚踏开关和电源组成。通过使用压力敏感电子探针对牙周进行触诊，测量牙周袋深度。,用于探测牙周袋深度。,牙周袋深度探测仪,Ⅱ
medical_device_category_17-01-02,牙髓活力测试设备,17-01-02,__import__.medical_device_category_17-01,通常由脉冲发生器、电极、显示屏和电源组成。通过电流刺激牙髓神经组织，测定激发的患者反应电流，从而评估牙髓活力。,用于评估牙髓活力情况。,牙髓活力测试仪,Ⅱ
medical_device_category_17-01-03,牙本质测量设备,17-01-03,__import__.medical_device_category_17-01,通常由电极、探头和电源组成。,用于测试牙髓上方牙本质厚度。,牙本质厚度测量仪,Ⅱ
medical_device_category_17-01-04,龋齿探测设备,17-01-04,__import__.medical_device_category_17-01,通常由主机、手柄和电源组成。根据检测原理分为荧光检测和电阻抗检测两种类型。前者根据不同矿化程度的牙面可被激发出不同波长的荧光实现探测；后者则根据不同矿化程度的牙面具有不同电阻抗值实现探测。,用于龋齿早期病变的辅助诊断。,龋齿探测仪,Ⅱ
medical_device_category_17-01-05,1 口腔成像设备,17-01-05,__import__.medical_device_category_17-01,通常由探头、主机和软件组成。扫描光源为弱激光等。,获取患者口内三维数字影像，用于口腔修复、正畸、种植、外科等治疗。,口腔数字印模仪、口腔光学扫描仪,Ⅱ
medical_device_category_17-01-05,2 口腔成像设备,17-01-05,__import__.medical_device_category_17-01,通常由摄像手柄和显示器等组成。利用摄像功能，观察口腔内各部位状态的设备。,用于对口腔局部观察。,口腔数字观察仪,Ⅰ
medical_device_category_17-01-06,1 口腔照明设备,17-01-06,__import__.medical_device_category_17-01,通常由照明装置和检测观察装置组成。照明装置通常包括照明手柄、电源、患者护目镜；检测观察装置通常包括观察镜。,用于口腔照明及检测观察，并且辅助增强口腔检查中粘膜异常和口腔病变的可视化程度。,口腔检查灯,Ⅱ
medical_device_category_17-01-06,2 口腔照明设备,17-01-06,__import__.medical_device_category_17-01,通常由灯头、角度调节手柄和灯臂组成。可连接到牙科治疗机中或单独固定到天花板或其他支撑件上。,用于为口腔科患者口腔照明提供光源。无检查功能。,口腔灯、LED口腔灯,Ⅰ
medical_device_category_17-02-01,手动测量用器械,17-02-01,__import__.medical_device_category_17-02,在口腔科治疗和诊断过程中，对长度、力度等参数进行测定的器械。非无菌提供。,用于手动测量口腔中长度、角度、力度等参数。,牙科垂直距离尺、牙科卡尺、牙科骨测量卡钳、牙科邻间隙测量器、牙科测量尺、牙科测量杆、牙科间距尺、牙科角度尺、正畸测力计、根管测量尺、牙用卡尺、牙科种植用测量器、牙科种植用深度测量尺,Ⅰ
medical_device_category_17-02-02,1 口腔用镜,17-02-02,__import__.medical_device_category_17-02,通常由柄、带有连接杆或不带有连接杆的镜子组成。镜面一般采用不锈钢或玻璃制成。无菌提供，一次性使用。,用于口腔检查。,一次性使用无菌口镜,Ⅱ
medical_device_category_17-02-02,2 口腔用镜,17-02-02,__import__.medical_device_category_17-02,通常由柄、带有连接杆或不带有连接杆的镜子组成。镜面一般采用不锈钢或玻璃制成。非无菌提供。,用于口腔检查。,口镜、一次性使用口镜,Ⅰ
medical_device_category_17-02-03,口腔成像辅助器具,17-02-03,__import__.medical_device_category_17-02,通常由喷粉器主体和喷头组成。不与患者口腔等部位直接接触。喷头一般采用不锈钢材料制成。非无菌提供。可重复使用。有源产品。不含有喷粉。,配合光学扫描仪使用，用于扫描前将口腔成像用光学喷粉喷覆至牙齿和口腔黏膜部位。,牙科光学喷粉器,Ⅰ
medical_device_category_17-03-01,水门汀,17-03-01,__import__.medical_device_category_17-03,通常由牙科治疗装置和附件组成，可能含有牙科用椅。牙科治疗装置通常包括侧箱、口腔灯、器械盘、漱口给水装置、三用喷枪、吸唾器、漱口盆、观片灯、脚踏开关等。,用于口腔科诊断、治疗、手术。,牙科综合治疗机、可移动式牙科治疗机,Ⅱ
medical_device_category_17-03-02,1 牙科用椅,17-03-02,__import__.medical_device_category_17-03,通常由底座支撑系统、控制系统、脚踏开关、椅面和头托组成。有源产品。,用于牙科临床诊疗时承载患者（牙科椅）、医护人员（医师椅）。,电动牙科椅、液压牙科椅,Ⅱ
medical_device_category_17-03-02,2 牙科用椅,17-03-02,__import__.medical_device_category_17-03,通常由底座支撑系统、脚踏开关、椅面和头托组成。医师椅通常由底座支撑系统和椅面组成，可能带有升降定位功能，通常与牙科椅联合使用。无源产品。,用于牙科临床诊疗时承载患者（牙科椅）、医护人员（医师椅）。,机械牙科椅、牙科医师椅,Ⅰ
medical_device_category_17-03-03,1 口腔洁治清洗设备及附件,17-03-03,__import__.medical_device_category_17-03,通常由控制主机和手持部分组成。以压缩气体或电作为动力源，通过喷砂、工作尖振动、冲洗等方式实现预期用途。,用于牙齿表面、根管等部位的清洁、修形。,超声洁牙机、超声洁牙手机、喷砂洁牙机、喷粉洁牙手机、气动洁牙机、口腔清洗机、根管荡洗器,Ⅱ
medical_device_category_17-03-03,2 口腔洁治清洗设备及附件,17-03-03,__import__.medical_device_category_17-03,通常有工作部分和杆组成。通过杆与洁牙机连接，可固定或者可更换。由洁牙机驱动工作。,配合洁牙机使用，用于牙齿表面、根管等部位的清洁、修形。,超声洁牙机工作尖、气动洁牙机工作尖,Ⅰ
medical_device_category_17-03-04,1 牙科手机及附件,17-03-04,__import__.medical_device_category_17-03,采用机械传动方式传递牙科手术所需能量的手持设备。根据动力来源不同分为气动和电动。,用于夹持车针、牙钻、牙锉等旋转器械，驱动其运动从而实现切、磨、削、钻等牙科手术操作。,牙科手机、牙科直手机、牙科弯手机、牙科气动马达手机、牙科电动马达手机、高速气涡轮手机、口腔种植手机、根管手机、抛光手机、一次性使用牙科手机,Ⅱ
medical_device_category_17-03-04,2 牙科手机及附件,17-03-04,__import__.medical_device_category_17-03,根据动力来源不同分为气动和电动。其中气动马达通过压缩空气推动叶片旋转产生动力，电动马达通过电磁原理产生动力。与牙科手机配套使用。,用于驱动牙科手机。,牙科手机用电动马达、牙科手机用气动马达,Ⅱ
medical_device_category_17-03-05,口腔正负压设备,17-03-05,__import__.medical_device_category_17-03,负压设备通常由吸引机、过滤器、阀门、管道等部分组成。正压设备通常由压缩机头、空气储气罐、空气干燥器系统、冷凝水阀门、压力开关、阀门、管道等部分组成。,用于为牙科治疗设备提供正压或负压源，以实现驱动器械或吸引的功能。,牙科电动抽吸机、牙科电动抽吸系统、牙科电动空压机、牙科电动无油空压机、医用风冷无油空气压缩机,Ⅰ
medical_device_category_17-03-06,固化设备,17-03-06,__import__.medical_device_category_17-03,通常由光源手柄和电源组成。通过发出特定波长光线，利用光聚合原理，使光固化材料在短时间内迅速有效聚合固化。光源有石英钨卤素灯和LED灯两种类型。,用于使光固化材料固化。,LED光固化机、卤素灯光固化机,Ⅱ
medical_device_category_17-03-07,1 牙科种植用设备,17-03-07,__import__.medical_device_category_17-03,通常由主机、马达和脚踏开关组成。,用于牙科种植手术。,牙科种植机,Ⅱ
medical_device_category_17-03-07,2 牙科种植用设备,17-03-07,__import__.medical_device_category_17-03,通常由主机和冲击头组成，其中主机通常包含马达连接器、冲击头连接器和手柄。使用时，与电动马达连接，在种植体轴向延长线的方向上冲击基台。,用于种植牙基台的就位和放置。,牙科基台安放器,Ⅱ
medical_device_category_17-03-07,3 牙科种植用设备,17-03-07,__import__.medical_device_category_17-03,通常由传感器、LED指示灯、手柄和标记探针组成。通过感应金属种植体，由指示灯提示，确定种植体的位置。,用于探测定位包埋在牙龈下方的种植体位置。,种植体定位器,Ⅰ
medical_device_category_17-03-07,4 牙科种植用设备,17-03-07,__import__.medical_device_category_17-03,通常由主机、感测器、分析软件和电源组成。利用冲击力激发牙科种植体共振，通过分析其振动信号判断种植体稳定性。,用于检测种植体和基台稳固度。,种植体稳固度检测仪,Ⅱ
medical_device_category_17-03-08,1 牙齿漂白设备及配套用漂白剂,17-03-08,__import__.medical_device_category_17-03,通常由主机、旋转臂和底座组成。通过产生特定波长范围的冷光，照射涂于牙齿表面的漂白剂，使漂白剂发生光催化氧化还原反应。,用于催化漂白剂化学反应，使牙齿漂白。,牙齿冷光漂白仪,Ⅱ
medical_device_category_17-03-08,2 牙齿漂白设备及配套用漂白剂,17-03-08,__import__.medical_device_category_17-03,糊，粉、液剂或胶体。通常为过氧化物，如过氧化氢、过氧化脲等。通过氧化-还原反应起到漂白作用。,在牙齿漂白设备照射下，用于牙齿的漂白。,死髓牙漂白胶、牙齿漂白剂、牙齿漂白胶、牙齿漂白贴,Ⅲ
medical_device_category_17-03-09,1 根管治疗设备,17-03-09,__import__.medical_device_category_17-03,通常由控制部分、马达、手机等组成。根管充填设备通常以加热软化牙胶尖、注入填充材料等方式完成根管填充。,用于根管治疗过程中根管扩大、成形、充填。,根管预备机、牙胶充填仪,Ⅱ
medical_device_category_17-03-09,2 根管治疗设备,17-03-09,__import__.medical_device_category_17-03,通常由主机、唇钩、测量导线、探针和电源组成。,用于牙科临床根管治疗时辅助确定工作长度。,牙科根管长度测定仪、牙根尖定位仪,Ⅱ
medical_device_category_17-03-09,3 根管治疗设备,17-03-09,__import__.medical_device_category_17-03,通常由电源和加热部件组成。以加热的方式软化、切断牙胶尖。,用于在口腔外软化和/或切断牙胶尖以备根管填充使用。,牙胶尖加热器、牙胶尖切断器,Ⅰ
medical_device_category_17-03-10,口腔麻醉推注设备,17-03-10,__import__.medical_device_category_17-03,通常由助推管和主机组成。通过设定程序控制注射的速度和流量，实现自动注射。,用于口腔麻醉剂的注射。,口腔麻醉助推仪,Ⅱ
medical_device_category_17-03-11,银汞合金调合器,17-03-11,__import__.medical_device_category_17-03,通常由电源控制部分、电机、夹头、防护罩、外壳等组成。,用于调合银、汞合金粉，以得到牙科用银汞合金。,银汞合金调合器、银汞胶囊调合器,Ⅰ
medical_device_category_17-03-12,1 口腔用骨粉制备设备,17-03-12,__import__.medical_device_category_17-03,通常由研磨头和研磨腔组成。无源产品。,用于口腔科手术过程中将牙齿碎骨研磨成骨粉以供手术时使用。,牙科骨磨,Ⅱ
medical_device_category_17-03-12,2 口腔用骨粉制备设备,17-03-12,__import__.medical_device_category_17-03,通常由研磨头和研磨腔组成。采用不锈钢材料制成。无源产品。,用于口腔科手术过程中将牙齿碎骨研磨成骨粉以供手术时使用。,牙科骨磨,Ⅰ
medical_device_category_17-03-12,3 口腔用骨粉制备设备,17-03-12,__import__.medical_device_category_17-03,通常由研磨机和一次性无菌研磨容器组成。通常为电动。,用于口腔科手术过程中将牙齿碎骨研磨成骨粉以供手术时使用。,牙齿研磨机,Ⅱ
medical_device_category_17-04-01,口腔手术刀、凿,17-04-01,__import__.medical_device_category_17-04,通常由柄部和刃部组成。手术的刃部是锋利刃口，凿的柄部和刃部可承受较大冲击力。非无菌提供。,用于牙科手术中进行切割或凿开骨质等组织。,牙龈刀、牙科用软组织环切刀、牙科用刀、牙科用手术刀、拔牙刀、牙科用凿、牙骨凿、牙釉凿、颌骨凿、牙科用骨劈开凿,Ⅰ
medical_device_category_17-04-02,口腔用钳,17-04-02,__import__.medical_device_category_17-04,通常由钳喙、关节和钳柄组成。钳嘴可根据用途制成不同形状，一般采用不锈钢等材料制成。非无菌提供。,用于牙科临床中完成固定、止血、夹持、弯制、剪切和去除等操作。,牙科用扩大钳、拔牙钳、牙科用切断钳、牙槽咬骨钳、舌钳、正畸钳、牙科用咬骨钳、金冠拆除钳、结扎丝自动结扎钳、正颌专用钳、迭鳃式正畸钳、霍氏钳、末端切断钳、粘合托槽去除钳、前牙带环切断钳、后牙带环去除钳、分牙橡圈置放钳、正畸弯制钳、牙科用骨穿孔钳、定制式矫治器牙钳、口腔止血钳、牙科器械钳,Ⅰ
medical_device_category_17-04-03,口腔手术剪,17-04-03,__import__.medical_device_category_17-04,一般采用不锈钢材料制成的剪刀，带有环状手柄。非无菌提供。,用于牙科手术中剪切口腔组织或修复体。,牙龈剪、牙科用剪、金冠剪,Ⅰ
medical_device_category_17-04-04,牙挺,17-04-04,__import__.medical_device_category_17-04,通常由手柄、杆和工作端组成。一般采用不锈钢材料制成。非无菌提供。,用于撬松牙齿，撬除牙根、残根、碎根尖等。,牙挺、丁字形牙挺、牙根尖挺、开冠挺、拔牙挺、微型牙挺、阻生齿牙挺,Ⅰ
medical_device_category_17-04-05,口腔针,17-04-05,__import__.medical_device_category_17-04,通常由手持部分和细长工作端组成。一般采用不锈钢材料制成。工作端根据用途的差异有不同的形状和表面。非无菌提供。,用于牙面、牙体、牙髓，及其周边组织的探查或治疗。,拔髓针、钩鍉针、牙科用棉花针、牙探针、脓肿探针、牙周探针、牙科用双头探针、一次性使用牙探针,Ⅰ
medical_device_category_17-04-06,1 牙科锉,17-04-06,__import__.medical_device_category_17-04,一般采用不锈钢、镍钛合金等金属材料制成的机用器械。工作端有刻纹或螺旋刃口，起切削、平整的作用。该产品连接手机使用，由主机提供动力。,配合有源器械使用，用于牙科治疗中对牙骨、根管进行切削、平整、清洁、塑形。,机用根管锉,Ⅱ
medical_device_category_17-04-06,2 牙科锉,17-04-06,__import__.medical_device_category_17-04,一般采用不锈钢、镍钛合金等金属材料制成的手持器械。工作端有刻纹或螺旋刃口，起切削、平整的作用。无源产品。非无菌提供。,用于牙科治疗中对牙骨、根管进行切削、平整、清洁、塑形。,根管锉针、根管锉、根管扩大针、根管扩大器、镍钛合金根管锉、不锈钢根管锉针、牙科用锉、牙科用旋转锉、牙周锉、镍钛合金牙锉、牙骨锉,Ⅰ
medical_device_category_17-04-06,3 牙科锉,17-04-06,__import__.medical_device_category_17-04,通常由套管和针芯组成。一般采用不锈钢材料制成。无源产品。非无菌提供。,用于口腔科根管治疗时，取出断裂的根管锉。,根管锉取出器,Ⅰ
medical_device_category_17-04-07,1 口腔车针、钻,17-04-07,__import__.medical_device_category_17-04,通常由柄部和工作部分组成。一般采用不锈钢、钛合金、金刚砂、碳化钨等材料制成。使用时安装于手机，由手机驱动旋转。部分产品附带有标示位置用的定位环。,配合牙科手机使用，用于口腔中牙齿、骨、修复体等硬质结构的切、削、钻等操作。,牙科车针、高速牙科车针、牙科金刚砂车针、牙科钨钢车针、牙科用低速车针、树脂车针、陶瓷车针、高速牙科金刚石车针、牙科钻头、碳化钨牙钻、不锈钢牙钻、牙科种植用钻,Ⅱ
medical_device_category_17-04-07,2 口腔车针、钻,17-04-07,__import__.medical_device_category_17-04,通常由柄部和工作部分组成。一般采用不锈钢、钛合金、金刚砂、碳化钨等材料制成。使用时安装于手机，由手机驱动旋转。部分产品附带有标示位置用的定位环。,配合牙科手机使用，用于口腔中牙齿、骨、修复体等硬质结构的抛光、打磨操作。,牙科修整用金刚砂车针、牙科修整用钨钢车针,Ⅰ
medical_device_category_17-04-07,3 口腔车针、钻,17-04-07,__import__.medical_device_category_17-04,一般采用钛合金、橡胶等材料制成。环状器械。使用时安装在牙科钻头工作部分的预定位置，以便操作者确定钻孔深度。非无菌提供。,用于协助控制牙科钻头的钻孔深度。,定位环,Ⅰ
medical_device_category_17-04-08,洁治器具,17-04-08,__import__.medical_device_category_17-04,通常由手柄和一个或两个工作末端组成的无源产品。一般采用不锈钢材料制成。非无菌提供。,用于清除牙齿表面牙垢或在口腔治疗过程中，对组织或材料进行剔、挖、刮等操作。,牙科洁治器、牙科刮治器、剔挖器、牙刮匙,Ⅰ
medical_device_category_17-04-09,口腔隔离器具,17-04-09,__import__.medical_device_category_17-04,橡皮障为弹性薄片状器械，配套器械通常有橡皮障支架、橡皮障夹、橡皮障夹钳、橡皮障打孔器、牙科橡皮障楔线。非无菌提供。,橡皮障用于牙科治疗时隔离牙齿，配套器械用于配合、辅助橡皮障的施用。,橡皮障、橡皮障打孔器、橡皮障夹、橡皮障夹钳、橡皮障支架、牙科橡皮障楔线,Ⅰ
medical_device_category_17-04-10,1 打磨抛光清洁器具,17-04-10,__import__.medical_device_category_17-04,分为手动和机动两类。手动类产品通常由手持部分和工作端组成；机动类产品通常由金属柄和工作端组成，金属柄与牙科手机连接，其工作端为毛刷或杯状。,用于对修复体的抛光、打磨以及多余部分的去除，或种植体的清扫。也用于对牙齿表面的除垢、抛光。不包括仅用于口腔科技工室的器具。,带磨料牙科抛光刷、无菌种植体清洁刷,Ⅱ
medical_device_category_17-04-10,2 打磨抛光清洁器具,17-04-10,__import__.medical_device_category_17-04,分为手动和机动两类。手动类产品通常由手持部分和工作端组成；机动类产品通常由金属柄和工作端组成，金属柄与牙科手机连接，其工作端为毛刷或杯状。非无菌提供。不含研磨抛光材料。,用于对修复体的抛光、打磨以及多余部分的去除，或种植体的清扫。也用于对牙齿表面的除垢、抛光。不包括仅用于口腔科技工室的器具。,研光器、牙科抛光刷、牙科抛光杯、牙科抛光磨头、牙科陶瓷研磨头、牙科橡胶抛光头、一次性使用护牙弯角、牙科抛光条、种植体清洁刷,Ⅰ
medical_device_category_17-04-11,1 种植体安装辅助器械,17-04-11,__import__.medical_device_category_17-04,通常为上颌窦提升用球囊等，在牙科种植过程使用。无源产品。无菌提供。,用于牙科种植过程。,无菌上颌窦提升用球囊,Ⅱ
medical_device_category_17-04-11,2 种植体安装辅助器械,17-04-11,__import__.medical_device_category_17-04,通常为螺丝起等形式，在牙科种植过程中使用。可重复使用。,配合有源器械使用，用于牙科种植过程。,机动种植体螺丝起、机动基台螺丝起、机用种植体内螺纹修复器,Ⅰ
medical_device_category_17-04-11,3 种植体安装辅助器械,17-04-11,__import__.medical_device_category_17-04,通常为扭力扳手、螺丝起、上颌窦提升器、骨挤压器、导向定位器等，在牙科种植过程使用。无源产品。非无菌提供，可重复使用。,用于牙科种植过程。,种植体螺丝起、牙科种植用扳手、牙科种植用夹持器、牙科种植用携带器、牙科骨挤压器、牙科取骨器、牙种植定位杆、上颌窦内提升器、上颌窦外提升器、牙科种植用扭力控制器、骨磨引导器、种植体内螺纹修复器、种植体旋入止停器、牙科种植用延长器、种植用牙钻限深导向器、种植用牙钻导向器、牙科种植用扩骨器、种植体取出工具引导器、印模帽连接器、牙科种植用连接件、牙科种植器械限深套、牙科种植材料取出器、牙科种植扫描定位件、牙科种植手术定位件、牙科种植扫描体、种植用骨杯、牙科种植角度测量辅助件,Ⅰ
medical_device_category_17-04-12,1 材料输送器具,17-04-12,__import__.medical_device_category_17-04,通常由手持部分和工作端组成。根据用途工作端有不同形状。该产品连接手机使用，由主机提供动力。,配合有源器械使用，用于将充填材料输送、填入至目标位置。,机用根管螺旋输送器,Ⅰ
medical_device_category_17-04-12,2 材料输送器具,17-04-12,__import__.medical_device_category_17-04,通常由手持部分和工作端组成。根据用途工作端有不同形状。分为单头和双头两种形式。无源产品。非无菌提供。,用于将充填材料输送、填入至目标位置。,根管充填器、粘固粉充填器、银汞合金充填器、复合树脂充填工具、水门汀充填器、牙用充填器、牙科树脂充填器、玻璃离子充填器、排龈线填塞器、牙科加压器、牙科骨充填材料搅拌器、邻接面充填器、根管水泥手动充填器、水门汀输送器、牙科根管水泥输送器、牙科输送器、牙科输送头、银汞合金输送器、子弹型光固化树脂输送器、牙科骨粉输送器、口内塑形刀,Ⅰ
medical_device_category_17-04-13,正畸材料处理器械,17-04-13,__import__.medical_device_category_17-04,按使用形式通常可分为弓丝成型器、正畸带环安置器、正畸托槽安置器、磨牙带环就位器、带环推置器、牙正畸结扎器等。均为手持手动器械。,用于口腔中正畸材料的成型、安装、去除。,弓丝成型器、正畸结扎杆、正畸托槽定位器、正畸带环就位器、正畸托槽安置器、正畸带环推置器、正畸结扎器、正畸定位器、正畸自锁托槽开启器、弓丝置入器、结扎丝压入器,Ⅰ
medical_device_category_17-04-14,1 口腔清洗器具,17-04-14,__import__.medical_device_category_17-04,对口腔进行冲洗的无源产品。无菌提供，一次性使用。不含冲洗液。,用于去除口腔中的碎屑或杂物。,一次性使用无菌口腔冲洗器、一次性使用无菌塑料冲洗针、一次性使用无菌牙科冲洗针,Ⅱ
medical_device_category_17-04-14,2 口腔清洗器具,17-04-14,__import__.medical_device_category_17-04,对口腔进行冲洗的无源产品。非无菌提供。不含冲洗液。,医疗机构口腔治疗时用于去除口腔中的碎屑或杂物。,牙龈冲洗器、牙冠周冲洗器、口腔冲洗器、一次性使用口腔冲洗器、一次性使用塑料冲洗针、一次性使用牙科冲洗针,Ⅰ
medical_device_category_17-04-15,1 口腔综合治疗设备配件,17-04-15,__import__.medical_device_category_17-04,通常由枪体、手柄和喷杆组成。按使用时手持方式不同分为弯式和直式两种类型。根据需要可把压缩空气、水或气水喷雾以喷射的形式传送到口腔内某一部位。通常连接在牙科治疗机上使用。,用于口腔清洗、吹干。,牙科三用喷枪,Ⅱ
medical_device_category_17-04-15,2 口腔综合治疗设备配件,17-04-15,__import__.medical_device_category_17-04,一般采用不锈钢或塑料等材料制成。使用时安装在牙科综合治疗台的喷枪前端，为喷枪气流、液体的出口端。无菌提供，一次性使用。,配合喷枪等使用，用于牙科治疗时清洁和吹干口腔及牙齿。,一次性使用无菌水枪头、一次性使用无菌热气枪头、一次性使用无菌三用喷枪枪头,Ⅱ
medical_device_category_17-04-15,3 口腔综合治疗设备配件,17-04-15,__import__.medical_device_category_17-04,一般采用不锈钢或塑料等材料制成。使用时安装在牙科综合治疗台的喷枪前端，为喷枪气流、液体的出口端。非无菌提供。,配合喷枪等使用，用于牙科治疗时清洁和吹干口腔及牙齿。,水枪头、热气枪头、三用喷枪枪头,Ⅰ
medical_device_category_17-04-15,4 口腔综合治疗设备配件,17-04-15,__import__.medical_device_category_17-04,一般采用不锈钢或塑料等材料制成。通常与牙科治疗机的抽吸装置一起使用。无菌提供，一次性使用。,配合治疗机抽吸装置使用，用于牙科治疗时吸取患者口腔内的血水、唾液及其他异物。,一次性使用无菌吸唾管,Ⅱ
medical_device_category_17-04-15,5 口腔综合治疗设备配件,17-04-15,__import__.medical_device_category_17-04,一般采用不锈钢或塑料等材料制成。通常与牙科治疗机的抽吸装置一起使用。非无菌提供。,配合治疗机抽吸装置使用，用于牙科治疗时吸取患者口腔内的血水、唾液及其他异物。,吸唾管,Ⅰ
medical_device_category_17-04-16,1 口腔用镊、夹,17-04-16,__import__.medical_device_category_17-04,通常由一对尾部叠合的叶片组成。一般采用不锈钢材料制成。,用于口腔科检查和治疗时夹持。,牙科用残根镊、牙科用镊、牙科用长镊、牙科用组织镊、一次性使用牙科镊、托槽夹持镊,Ⅰ
medical_device_category_17-04-16,2 口腔用镊、夹,17-04-16,__import__.medical_device_category_17-04,一般采用不锈钢材料制成。非无菌提供。,用于固定成形片等牙科材料，为牙科修复做准备。,成形片夹,Ⅰ
medical_device_category_17-04-17,1 口腔注射用具,17-04-17,__import__.medical_device_category_17-04,通常由拉环、推杆、带观察窗的套筒、针头连接柱等组成。一般采用不锈钢材料制成。注射动力通过操作者推动推杆产生。非无菌提供，可重复使用。,用于将麻醉剂容器内的麻醉剂注入到患者口腔中相应部位。不接触麻醉剂。,口腔麻醉手动注射架、口腔麻醉剂手动助推器,Ⅰ
medical_device_category_17-04-17,2 口腔注射用具,17-04-17,__import__.medical_device_category_17-04,通常由独立的注射器和注射头组成。注射器一般采用不锈钢或塑料等材料制成。注射头一般采用塑料制成。非无菌提供。,用于口腔材料的口腔内注射。,印模材料注入器、印模材料口内注射头、口腔材料注射器、口腔材料注射头,Ⅰ
medical_device_category_17-04-18,1 口腔分离牵开用具,17-04-18,__import__.medical_device_category_17-04,通常由手柄和头杆组成。一般采用不锈钢材料制成。非无菌提供。,用于口腔手术中分离指定部位的软组织。,牙骨膜分离器、牙龈分离器、腭裂分离器、牙科用分离器、一次性使用磨牙牙龈分离器,Ⅰ
medical_device_category_17-04-18,2 口腔分离牵开用具,17-04-18,__import__.medical_device_category_17-04,通常由柄部和头端组成。头端为弯曲、勾状或成角度的叶片。非无菌提供。,用于口腔治疗操作中移开软组织，暴露视野。,牙科用牵开器、唇颊牵开器、口角拉钩、牙科用创口钩、颌面部组织拉钩、口腔拉钩、面颊牵引器,Ⅰ
medical_device_category_17-04-18,3 口腔分离牵开用具,17-04-18,__import__.medical_device_category_17-04,具有迫使和/或保持下颌张开的支持结构。在口腔手术治疗时，放在患者的牙齿之间，以保持口腔的开启。非无菌提供。,用于口腔手术中保持口腔开启。,牙科开口器、牙科丁字式开口器,Ⅰ
medical_device_category_17-04-19,去冠器,17-04-19,__import__.medical_device_category_17-04,通常由头部和柄部组成。一般采用不锈钢材料制成。无源产品。非无菌提供。,用于口腔科治疗时，去除牙齿上的牙冠。,牙科去冠器,Ⅰ
medical_device_category_17-04-20,1 治疗辅助器具,17-04-20,__import__.medical_device_category_17-04,一般采用不锈钢材料制成的牙科用锤。非无菌提供。,用于口腔科手术中敲击牙骨凿。,牙骨锤,Ⅰ
medical_device_category_17-04-20,2 治疗辅助器具,17-04-20,__import__.medical_device_category_17-04,通常由手柄和镶嵌绒毛的头部组成。一般采用塑料制成。非无菌提供。,用于在牙齿上涂抹牙科材料。,牙科用毛刷、一次性使用牙科毛刷,Ⅰ
medical_device_category_17-04-20,3 治疗辅助器具,17-04-20,__import__.medical_device_category_17-04,通常由手柄和顶针组成。使用时在排龈枪中装入带有分配针的排龈膏预装管，由顶针推动排龈膏经过分配针注入龈沟实现排龈。不含排龈膏。非无菌提供。,用于配合排龈膏排龈。,排龈枪,Ⅰ
medical_device_category_17-04-20,4 治疗辅助器具,17-04-20,__import__.medical_device_category_17-04,通常由手柄、牵开器、套管针和套管组成。一般采用不锈钢材料制成。非无菌提供。,用于口腔颌面外科手术中穿通颊部，钻孔定位导向。,颊部穿通器,Ⅰ
medical_device_category_17-05-01,1 水门汀,17-05-01,__import__.medical_device_category_17-05,一般为粉液状或糊状。粉剂为可析出离子的金属氧化物或金属盐，如氧化锌、玻璃粉、氢氧化钙等；液剂为酸溶液或螯合物等，如磷酸、聚羧酸、水杨酸、丁香酚；部分水门汀含有可聚合树脂成分。大部分为通过酸碱反应固化，含树脂成分的可通过化学反应或光固化反应固化。,作为永久性置入人体材料，用于修复体的粘固、窝洞衬层和垫底以及窝洞充填，还可用于盖髓、根管充填、窝沟封闭、修复体桩核制作等。,玻璃离子水门汀、冠核用玻璃离子水门汀、银粉玻璃离子水门汀、粘结用玻璃离子水门汀、聚羧酸锌水门汀、粘接用聚羧酸盐水门汀、磷酸锌水门汀、牙科氧化锌丁香酚水门汀、不含丁香酚水门汀、氢氧化钙水门汀、粘结用树脂水门汀、自粘接树脂水门汀、双固化树脂水门汀、自酸蚀树脂水门汀、树脂水门汀、光固化树脂水门汀,Ⅲ
medical_device_category_17-05-01,2 水门汀,17-05-01,__import__.medical_device_category_17-05,一般为粉液状或糊状。粉剂为可析出离子的金属氧化物或金属盐，如氧化锌、玻璃粉、氢氧化钙等；液剂为酸溶液或螯合物等，如磷酸、聚羧酸、水杨酸、丁香酚；部分水门汀含有可聚合树脂成分。大部分为通过酸碱反应固化，含树脂成分的可通过化学反应或光固化反应固化。,作为临时性置入人体材料，用于正畸产品的粘接、短期粘接或临时充填。,光固化正畸粘接用玻璃离子水门汀、暂时粘接用氧化锌丁香酚水门汀、临时冠桥粘接用氢氧化钙水门汀、暂时粘接用氧化锌水门汀（不含丁香酚）、双固化正畸用玻璃离子水门汀,Ⅱ
medical_device_category_17-05-02,1 粘接剂,17-05-02,__import__.medical_device_category_17-05,单组份或双组份液体或糊剂。通常由树脂基质、稀释剂、粘接性单体或酸性单体等组成。通过化学反应或光固化反应固化。,用于牙体充填修复、义齿修复及植入、组织重建等过程中的粘接。,复合树脂粘接剂、牙科粘接剂、牙本质粘接剂、牙本质牙釉质粘接剂、牙科桩核粘接剂、单组份自酸蚀光固化粘接剂、牙科全酸蚀粘接剂、牙科自酸蚀粘接剂、光固化粘接剂、化学固化粘接剂、双固化树脂粘接剂,Ⅲ
medical_device_category_17-05-02,2 粘接剂,17-05-02,__import__.medical_device_category_17-05,单组份或双组份液体、糊剂或粉液型。通常由树脂基质、稀释剂、粘接性单体或酸性单体等组成。通过化学反应或光固化反应固化。,用于正畸治疗过程中正畸产品的粘接。仅接触牙釉质。,光固化正畸粘接剂、化学固化正畸粘接剂、正畸粘接剂、正畸带环粘接剂、牙釉质粘合树脂,Ⅱ
medical_device_category_17-05-03,根管充填封闭材料,17-05-03,__import__.medical_device_category_17-05,固体、糊状、粉液剂或液状。固体通常为古塔胶，也可为金属或其他高分子材料。糊状或液状主要成分可以是氧化锌、氢氧化钙、树脂、填料、水杨酸酯、丁香酚或硅酸盐等。古塔胶通过加热使用或与封闭材料配合使用；糊状或液状材料可以发生固化反应，也可以不固化。,用于根管治疗过程中充填或封闭牙髓腔和根管内空隙。,牙科根管充填材料、液体根充材料、固体根充材料、根管充填剂、根管封闭材料、根管封闭剂、根管修复材料、回填牙胶、热凝牙胶尖、牙根管充填尖、牙胶尖、牙根管塞尖,Ⅲ
medical_device_category_17-05-04,复合树脂,17-05-04,__import__.medical_device_category_17-05,单组份或双组份。通常由树脂基质、经过表面处理的无机填料、引发体系等组成。,用于牙体缺损的直接充填修复或垫底，也可用于嵌体、高嵌体或贴面等修复体的制作。,复合树脂、光固化复合树脂、光固化复合流体树脂、流动性复合树脂,Ⅲ
medical_device_category_17-05-05,复合体,17-05-05,__import__.medical_device_category_17-05,通常为单组份、光固化、经聚酸改性的复合树脂。,用于牙齿缺损的充填修复。,复合体、流动复合体,Ⅲ
medical_device_category_17-05-06,银汞合金,17-05-06,__import__.medical_device_category_17-05,粉液双组份或胶囊型。液剂为汞，粉剂为银合金。通过汞齐化反应生成银汞合金。,用于牙体缺损的直接充填修复。,银汞胶囊、银汞合金、银合金粉,Ⅱ
medical_device_category_17-05-07,临时充填材料,17-05-07,__import__.medical_device_category_17-05,固体、单组份或双组份糊剂。固体通常为古塔胶；糊剂通常由树脂基质、经过表面处理的无机填料、引发体系等组成，或由硫酸钙/锌、氧化锌、树脂基质等组成。,用于牙体缺损的临时修复。,光固化临时充填材料、临时充填材料、暂封补牙条,Ⅱ
medical_device_category_17-05-08,盖髓材料,17-05-08,__import__.medical_device_category_17-05,糊剂、液剂或粉液型。通常有氢氧化钙类、氧化锌丁香酚类、硅酸盐类等。,用于直接盖髓、活髓切断或者间接盖髓。,盖髓剂、光固化氢氧化钙间接盖髓剂,Ⅲ
medical_device_category_17-06-01,义齿用金属材料及制品,17-06-01,__import__.medical_device_category_17-06,通常包括钴铬合金、镍铬合金、纯钛、钛合金、贵金属合金等。可以通过铸造、锻造、计算机辅助设计/制造（CAD/CAM）、沉积等工艺制备成需要的形状。,用于制作嵌体、支架、牙冠、桥、基托、卡环、金属烤瓷修复体等，不可用于基台的定制。,镍铬合金、牙科用镍基铸造合金、钴铬合金、牙科用钴铬钼铸造合金、牙科纯钛、牙科钛合金、牙科铸造钛、牙科镍烤瓷合金、牙科钴铬钨烤瓷合金、钴铬钼烤瓷合金、牙科钴铬烤瓷合金、牙科贵金属烤瓷合金、牙科金沉积液、牙科锻造合金、焊接合金、牙科磁性附着体、牙科精密附着体、预成金属冠、不锈钢预成型牙冠、牙科修复用加固网,Ⅱ
medical_device_category_17-06-02,义齿用陶瓷材料及制品,17-06-02,__import__.medical_device_category_17-06,粉末状或块状，及配套用染色材料。通常为无机非金属材料经过高温处理后形成的多晶聚集体，通常包括氧化锆、氧化铝、长石、石英、玻璃等。一般通过烧结、铸造、计算机辅助设计/制造（CAD/CAM）、热压、玻璃渗透等工艺制备成需要的形状。,用于制作嵌体、贴面、牙冠、桥、人工牙及其他形式的修复体或义齿，不可用于基台的定制。,牙科瓷粉、低温烤瓷粉、高温烤瓷粉、染色瓷粉、牙科金属烤瓷瓷粉、牙科烤瓷粉、牙科全瓷瓷粉、牙科全瓷瓷块、牙科氧化锆瓷块、瓷牙,Ⅱ
medical_device_category_17-06-03,义齿用高分子材料及制品,17-06-03,__import__.medical_device_category_17-06,双组份糊剂或粉液剂、粉剂，或单组份糊剂。主要成分为丙烯酸酯类。,用于制作嵌体、贴面、牙冠、桥、基托、人工牙、桩核、义齿等，不可用于基台的定制。,热凝义齿基托树脂、自凝义齿基托树脂、义齿基托修补用树脂、造牙树脂、双凝基牙修复树脂、冠桥用复合树脂、牙冠用染色树脂、冠桥用光固化复合树脂、复合树脂桩核材料、双固化桩核通用树脂、双重固化树脂桩核材料、义齿软衬材料、石英纤维夹板、固位纤维、合成树脂牙、造牙粉、造牙水、牙科可切削树脂块,Ⅲ
medical_device_category_17-06-03,义齿用高分子材料及制品,17-06-03,__import__.medical_device_category_17-06,双组份糊剂或粉液剂，或单组份糊剂，或预成制品。主要成分为聚丙烯酸酯类、聚乙烯基酯类、聚碳酸酯类等。,用于制作临时修复体及临时性辅助义齿固位。,义齿稳固剂、临时冠桥树脂、临时冠、可塑型树脂冠,Ⅱ
medical_device_category_17-06-04,定制式义齿,17-06-04,__import__.medical_device_category_17-06,一般采用钴铬合金、镍铬合金、纯钛、钛合金、贵金属合金、瓷块、瓷粉、基托树脂、合成树脂牙等材料制成，根据需要而定。可以是固定或活动的，如冠、桥、嵌体、贴面、桩核、可摘局部或全口义齿等。制作过程中所使用的医疗器械材料全部为具有注册证的材料。,用于治疗牙齿缺损、牙列缺损或缺失，置于患者口内。不包括定制式基台。,定制式固定义齿、定制式活动义齿、定制式混合固位义齿,Ⅱ
medical_device_category_17-06-05,1 固位桩,17-06-05,__import__.medical_device_category_17-06,柱状固体，一般采用高分子材料制成。固定于根管或牙冠内以保证修复体的固位，防止冠或充填修复体因无足够的固位而折断或脱落，常与树脂或桩核材料共同使用。,用于辅助修复大面积牙体缺损。,牙用根管桩、玻璃纤维桩、树脂纤维桩、牙用自攻自断骨螺纹固位钉,Ⅲ
medical_device_category_17-06-05,2 固位桩,17-06-05,__import__.medical_device_category_17-06,柱状固体，一般采用金属、陶瓷材料制成。固定于根管或牙冠内以保证修复体的固位，防止冠或充填修复体因无足够的固位而折断或脱落，常与树脂或桩核材料共同使用。,用于辅助修复大面积牙体缺损。,金属桩,Ⅱ
medical_device_category_17-06-06,牙托梗,17-06-06,__import__.medical_device_category_17-06,弯曲条状固体，一般采用不锈钢材料制成。使用时不暴露于口腔环境。,用于义齿牙托衬垫梗条。,牙托梗,Ⅰ
medical_device_category_17-06-07,增材制造用金属、陶瓷义齿制作材料,17-06-07,__import__.medical_device_category_17-06,通常为采用钛、钴铬合金和钛合金等金属及陶瓷材料制成的粉末。,用于通过增材制造技术（如3D打印技术），制作定制式义齿，包括金属烤瓷冠、金属烤瓷桥、金属冠、金属桥、全瓷冠、全瓷桥等。,牙科3D打印用钴铬合金粉末、增材制造全瓷义齿用氧化锆浆料,Ⅲ
medical_device_category_17-07-01,托槽,17-07-01,__import__.medical_device_category_17-07,一般采用金属、陶瓷或高分子材料制成。通常带有槽沟、结扎翼，部分带有牵引钩。,用于正畸治疗中承接并转移矫形丝的矫形力。,正畸金属托槽、正畸树脂托槽、正畸陶瓷托槽、正畸陶瓷自锁托槽、旋转式自锁托槽、粘接剂预置金属正畸托槽、粘接剂预置自锁金属正畸托槽、粘接剂预置非金属正畸托槽、粘接剂预置正畸陶瓷托槽、正畸金属自锁托槽、滑盖式自锁托槽、粘接剂预置自锁非金属托槽、粘接剂预置正畸陶瓷自锁托槽,Ⅱ
medical_device_category_17-07-02,正畸丝,17-07-02,__import__.medical_device_category_17-07,丝状固体。一般采用不锈钢、镍钛合金、钛合金、钛钼合金、铜镍钛合金等材质制成。,用于矫正牙齿畸形，与托槽、带环、颊面管等组合使用。,正畸丝、牙正畸结扎丝、镍钛正畸丝、不锈钢正畸丝,Ⅱ
medical_device_category_17-07-03,带环及颊面管,17-07-03,__import__.medical_device_category_17-07,一般采用金属材料制成。带环为环状，颊面管为管状，二者可为独立产品，也可通过焊接或粘接组装使用。组装使用时，颊面管可焊接或粘接在带环侧面，矫正弓丝可以从里面通过。,正畸治疗中用于固定正畸丝，也可传递矫治力量。,正畸带环、正畸颊面管、正畸带环及颊面管,Ⅱ
medical_device_category_17-07-04,正畸基托聚合物,17-07-04,__import__.medical_device_category_17-07,粉液剂。通常由聚甲基丙烯酸甲酯以及甲基丙烯酸甲酯单体，或其他可聚合高分子材料组成。,用于正畸基托的制作。,齿科正畸快速自凝树脂、正畸基托聚合物,Ⅱ
medical_device_category_17-07-05,正畸弹簧,17-07-05,__import__.medical_device_category_17-07,通常由弹簧挂圈、弹簧、弹簧挂圈与弹簧之间的连接部件组成。,用于矫治牙齿畸形，在口腔正畸治疗时与种植体支抗、正畸托槽等正畸材料配合使用。,正畸弹簧、镍钛弹簧,Ⅰ
medical_device_category_17-07-06,正畸弹性体附件,17-07-06,__import__.medical_device_category_17-07,一般采用橡胶或聚氨酯类材料制成，包括结扎橡皮圈、分牙橡皮圈、牵引橡皮圈等。可以是链状，线状，管状和圈状。,在口腔正畸治疗时使用，用于结扎、分牙、牵引、扭转等。,牙科正畸橡皮圈、正畸弹力线、橡皮链、旋转橡皮垫、分牙圈,Ⅱ
medical_device_category_17-07-07,矫治器具及附件,17-07-07,__import__.medical_device_category_17-07,通常包括预成矫治器、定制矫治器、牵引器、扩弓器、矫治保持器等。可以由多组件共同组成。,用于正畸治疗，采取持续的外力调整牙齿位置使其恢复正确咬合关系或用于巩固牙颌畸形矫治完成后的疗效。,固定矫治器、活动矫治器、矫形矫治器、保持器、游离牵引钩、舌侧扣、扩弓螺丝,Ⅱ
medical_device_category_17-08-01,牙种植体,17-08-01,__import__.medical_device_category_17-08,螺柱状或其他形状固体。一般采用金属材质制成，包括钛、钛合金、钽等，也可为陶瓷等其他材质。通过外科手术的方式将其植入人体缺牙部位的上下颌骨内。,植入到牙槽骨内，用于为义齿等修复体提供固定或支撑，以恢复患者的咀嚼功能。,牙种植体、纯钛牙种植体、羟基磷灰石涂层牙种植体、钛合金牙种植体,Ⅲ
medical_device_category_17-08-02,1 基台及附件,17-08-02,__import__.medical_device_category_17-08,基台是带角度或不带角度的带孔或带螺纹的柱状或其他形状固体。一般采用钛、钛合金、氧化锆、金合金等材料制成。安装在锚固于骨内的种植体平台上。其他附件包括中央螺钉、颌面螺钉等。,牙缺失后颌骨内植入的牙种植体的配套用部件，用于链接、支持和固位修复体或种植体上部结构。附件用于辅助基台与种植体的固位和种植体植入术后上部结构安装之前对种植体的保护。,基台、金合金基台、氧化锆基台、种植体配套用螺钉、愈合基台、愈合帽、基底、杆卡附着体、定制式基台,Ⅲ
medical_device_category_17-08-02,2 基台及附件,17-08-02,__import__.medical_device_category_17-08,一般采用聚甲基丙烯酸甲酯和塑料聚甲醛制成。,用于口腔科种植手术后的临时修复过程，保护种植体的上部结构或基台。,保护帽,Ⅱ
medical_device_category_17-08-03,种植支抗,17-08-03,__import__.medical_device_category_17-08,螺柱状或其他形状固体。一般采用金属材料制成，包括钛、钛合金、钽等。通常采用外科手术的方式将其植入适当部位，作为支抗，用于辅助治疗。,用于正畸或正颌治疗中需要借助种植体加强支抗，以最大限度移动牙齿或颌骨，辅助进行正畸或正颌治疗。,种植支抗、正畸支抗,Ⅲ
medical_device_category_17-08-04,种植体密封材料,17-08-04,__import__.medical_device_category_17-08,单组份糊剂或其他形式提供。通常由聚硅氧烷和无水硅酸组成，也可由其他成分组成。,用于封闭种植体与中央螺钉之间的空隙。防止致病菌渗入种植体内部引发其周围组织二次感染。,种植体密封胶,Ⅱ
medical_device_category_17-08-05,1 种植辅助材料,17-08-05,__import__.medical_device_category_17-08,通常由金属和高分子材料制成。,通过增材制造技术（如3D打印技术）制成。用于辅助种植体植入的定位。,个性化牙科种植用导板,Ⅱ
medical_device_category_17-08-05,2 种植辅助材料,17-08-05,__import__.medical_device_category_17-08,通常包括替代体、转移帽和种植导板等。不是采用增材制造工艺加工制成。非无菌提供。使用前由使用机构根据说明书进行灭菌或消毒（如适用）。,用于种植体种植或制作牙冠过程中的起辅助作用的耗材。,替代体、转移体、牙科种植导板、位置定位器、印模转移杆、牙科塑料基底、印模帽、试戴体、定位螺丝、基底帽,Ⅰ
medical_device_category_17-08-06,骨填充及修复材料,17-08-06,__import__.medical_device_category_17-08,通常为异体、动物源性或合成的骨修复材料，可以是块状、网状、颗粒或膜，如羟基磷灰石等无机材料以及金属和高分子材料，也可以是经处理后的取自动物或人体的软硬组织。,用于颌面骨、牙槽骨等的缺损、牙周损伤及牙科种植修复相关的骨隙或骨缺损的填充、修复或引导骨、组织的再生或成型。,牙科骨粉、骨修复材料、口腔人工骨、口腔用生物玻璃人工骨、天然煅烧骨修复材料、生物膜、可吸收生物膜、可吸收β磷酸三钙、引导组织再生膜、牙科骨粉用支撑钛膜、口腔修复膜,Ⅲ
medical_device_category_17-08-07,颌面固定植入物,17-08-07,__import__.medical_device_category_17-08,一般采用金属材料、可吸收材料或其他材料制成。,用于牙槽骨、颌面骨缺损或骨折的固定。,颌骨固定装置、钛网、口腔钛膜、颌面接骨板、牙用丝、颌面接骨螺钉、膜固定螺钉、膜固定螺丝、颞下颌关节置换植入物,Ⅲ
medical_device_category_17-08-08,1 颌面部赝复及修复重建材料及制品,17-08-08,__import__.medical_device_category_17-08,通常由硅橡胶或聚甲基丙烯酸甲酯等组成。,用于颌面软硬组织缺损和畸形的植入修复和重建。,颌面植入重建修复材料,Ⅲ
medical_device_category_17-08-08,2 颌面部赝复及修复重建材料及制品,17-08-08,__import__.medical_device_category_17-08,通常由硅橡胶或聚甲基丙烯酸甲酯等组成，可摘带。,用于颌面组织器官缺损的修复。,硅橡胶颌面赝复体、树脂颌面赝复体,Ⅱ
medical_device_category_17-08-09,基台定制材料,17-08-09,__import__.medical_device_category_17-08,一般采用金属、陶瓷或高分子材料制成，一般通过CAD/CAM等工艺进行加工。,用于基台的定制。,定制式基台用氧化锆陶瓷、定制式基台用合金,Ⅲ
medical_device_category_17-09-01,根管预备辅助材料,17-09-01,__import__.medical_device_category_17-09,单组份或双组份液剂。通常由EDTA或其他成分组成。可溶解有机物碎片；可对根管治疗器械起润滑作用；可对牙本质有湿润作用；部分产品具发泡作用，从而有助于从根管内去除碎屑；可对根管进行清洁处理；或溶解根管充填材料，以便再次根管治疗。,用于根管治疗手术中清洗去除牙根管壁、牙髓组织等残渣，或为根管壁脱钙等辅助根管预备，或进行根管充填前根管处理，或溶解已充填于根管内的根管充填材料。,根管润滑剂、根管扩大液、根管清洗剂、根管调节剂、丁香酚类根管充填材料溶解剂、酚醛树脂类根管充填材料溶解剂,Ⅱ
medical_device_category_17-09-02,1 吸潮纸尖,17-09-02,__import__.medical_device_category_17-09,通常为纸质或纯棉纤维质的锥形尖。具有良好的吸水性、硬且有韧性、容易放进牙根管内。无菌提供，一次性使用。,用于根管治疗中的根管清洗、吸液、换药。,一次性使用无菌牙科吸潮纸尖,Ⅱ
medical_device_category_17-09-02,2 吸潮纸尖,17-09-02,__import__.medical_device_category_17-09,通常为纸质或纯棉纤维质的锥形尖。具有良好的吸水性、硬且有韧性、容易放进牙根管内。非无菌提供。,用于根管治疗中的根管清洗、吸液、换药。,牙科吸潮纸尖,Ⅰ
medical_device_category_17-09-03,酸蚀剂,17-09-03,__import__.medical_device_category_17-09,单组份或双组份液体或凝胶。一般为磷酸、乳酸、柠檬酸、草酸、聚丙烯酸、稀硫酸等。利用酸的腐蚀性发挥作用。,用于口内修复或正畸治疗时，利用酸蚀剂的腐蚀性对牙体、金属、陶瓷等修复体表面进行处理，以去除污染层、粗糙表面、提高其表面性能。,牙科酸蚀剂、牙科磷酸酸蚀剂,Ⅱ
medical_device_category_17-09-04,预处理剂,17-09-04,__import__.medical_device_category_17-09,单组份液体。通常为亲水基团的丙烯酸酯功能单体、硅烷偶联剂或其他成分。,用于牙齿、树脂、陶瓷、金属修复体等的表面处理。利用其化学改性作用改变牙齿、修复体表面性状。,硅烷偶联剂、预处理剂、陶瓷表面处理剂,Ⅱ
medical_device_category_17-09-05,1 排龈材料,17-09-05,__import__.medical_device_category_17-09,含血管收缩或止血功能的棉线，或膏状材料。,用于在牙体预备、取印模或粘固牙冠时排开牙龈并辅助止血。,止血排龈线、止血排龈膏,Ⅲ
medical_device_category_17-09-05,2 排龈材料,17-09-05,__import__.medical_device_category_17-09,含硫酸铝的棉线，或膏状材料。,用于在牙体预备、取印模或粘固牙冠时排开牙龈并辅助止血。,硫酸铝止血排龈线、硫酸铝止血排龈膏,Ⅱ
medical_device_category_17-09-05,3 排龈材料,17-09-05,__import__.medical_device_category_17-09,不含血管收缩或止血功能的棉线，或膏状材料。,用于在牙体预备、取印模或粘固牙冠时排开牙龈。,排龈线、排龈膏,Ⅱ
medical_device_category_17-09-06,1 研磨抛光材料,17-09-06,__import__.medical_device_category_17-09,高分子、金属、金属氧化物或无机非金属材料。一般为粉剂、糊剂，也可为其他形式。,在口腔内用于研磨抛光牙体组织或修复体，使其表面平滑均匀。,牙科喷砂粉、洁牙粉、牙科抛光膏、齿龈研磨膏、牙釉质研磨膏,Ⅱ
medical_device_category_17-09-06,2 研磨抛光材料,17-09-06,__import__.medical_device_category_17-09,高分子、金属、金属氧化物或无机非金属材料。一般为粉剂、糊剂，也可为其他形式。,在口外用于研磨抛光修复体，使其表面平滑均匀。,口外研磨材料、牙科用口外研磨材料,Ⅰ
medical_device_category_17-09-07,1 印模材料,17-09-07,__import__.medical_device_category_17-09,糊剂、粉液型或粉剂。通常由人工合成橡胶、藻酸盐、琼脂等材料组成。通过聚合反应或其他化学反应，或温度变化反应等方式，由流动态变为固态。单纯的粉剂通常由乙醇、氟化烃、薄荷香料组成，喷涂在病人牙齿上，起辅助成像作用。,用于制作记录口腔各组织形态及关系的阴模，或者辅助获取清晰的牙齿3D图像。,牙科硅橡胶印模材、牙科聚醚橡胶印模材、牙科藻酸盐印模材料、牙科琼脂印模材料、红白打样膏、印模膏、氧化锌印模糊剂、牙科光学喷粉,Ⅱ
medical_device_category_17-09-07,2 印模材料,17-09-07,__import__.medical_device_category_17-09,糊剂、粉液型。通常由人工合成橡胶、藻酸盐、琼脂等材料组成。通过聚合反应或其他化学反应，或温度变化反应等方式，由流动态变为固态。,只用于技工室复制印模（制取模型的印模）。,琼脂复制材料、硅橡胶复制材料、藻酸盐复制材料,Ⅰ
medical_device_category_17-09-08,模型材料,17-09-08,__import__.medical_device_category_17-09,一般为石膏、树脂或金属材料。,用于制作牙科模型。,牙科石膏、模型树脂,Ⅰ
medical_device_category_17-09-09,铸造包埋材料,17-09-09,__import__.medical_device_category_17-09,粉液剂。通常由耐火材料和粘接剂组成。,用于包埋蜡型或模型，制备铸造空腔。,牙科硅酸乙酯铸造包埋材、牙科磷酸盐铸造包埋材、牙科石膏铸造包埋材、牙科纯钛铸造包埋材,Ⅰ
medical_device_category_17-09-10,蜡,17-09-10,__import__.medical_device_category_17-09,固态。通常由天然蜡、合成蜡、天热树脂、树胶、脂肪酸等组成。通过加热变形或改变存在状态实现其预期目的。,用于制作修复体模型、粘接修复体、围盒等。只限在口外使用。,牙科铸造蜡、牙科雕刻蜡、牙科模型蜡、牙科基托蜡,Ⅰ
medical_device_category_17-09-11,牙科分离剂,17-09-11,__import__.medical_device_category_17-09,一般采用钾皂、水玻璃、藻酸盐、聚乙烯醇、甘油、乙二醇等制成。在两种相同或不同的材料之间或材料与模具之间形成隔离膜，使材料与材料或材料与模具不发生粘连。,用于分离不同的牙科材料。,牙科分离剂、牙科藻酸分离剂、牙科基托分离剂、牙科蜡分离剂、牙科光固化型树脂分离剂,Ⅰ
medical_device_category_17-09-12,1 咬合关系记录/检查材料,17-09-12,__import__.medical_device_category_17-09,双组份糊剂或粉液剂或片。通常由硅橡胶或软质塑料等材料组成。所含成分不具有药理学作用，所含成分不可被人体吸收。咬合检查材料经咬合后通过固化、变色、变形或对施力部分进行染色起到指示作用。,用于口腔修复治疗中，记录上下牙列咬合关系，并根据记录结果，制作口腔各组织形态及关系的阴模，或者辅助获取清晰的牙齿3D图像。,硅橡胶咬合记录材料、咬合蜡、贴合点指示剂,Ⅱ
medical_device_category_17-09-12,2 咬合关系记录/检查材料,17-09-12,__import__.medical_device_category_17-09,通常由双组份糊剂或粉液剂或片，一般由硅橡胶、蜡或软质塑料等材料组成。所含成分不具有药理学作用，所含成分不可被人体吸收。,仅用于牙面接触点及义齿修复体关系的检查。,硅橡胶咬合检查材料,Ⅰ
medical_device_category_17-09-12,3 咬合关系记录/检查材料,17-09-12,__import__.medical_device_category_17-09,一般由附有蜡和食用红色或蓝色颜料的纸制成。,用于临床中，牙、咬合面接触点以及义齿修复体咬合关系的检查，或用于在技工室义齿修复中，调节上下义齿的接触点，牙间隙。,咬合纸,Ⅰ
medical_device_category_17-09-13,隔离及赋形材料,17-09-13,__import__.medical_device_category_17-09,通常包括成形片、一次性使用间隙楔等。,口腔治疗时的起隔离作用或者辅助修复体成形作用。,缝隙封闭糊剂、光固化牙龈屏障树脂、邻间楔入木梢、成形片、楔子,Ⅰ
medical_device_category_17-09-14,义齿试用材料,17-09-14,__import__.medical_device_category_17-09,通常由醇类、氧化铝、二氧化硅、颜料，或氧化锌等组成。,用于检查最终修复体颜色和牙齿颜色的配合度，或者检查义齿与组织间的压痛点。,试色糊剂,Ⅰ
medical_device_category_17-10-01,牙周塞治剂,17-10-01,__import__.medical_device_category_17-10,粉液剂或其他形式。主要成分是氧化锌，含或不含丁香油。,用于牙周手术后保护牙龈，止血、止痛，固定。,牙周塞治剂,Ⅱ
medical_device_category_17-10-02,口腔溃疡、组织创面愈合治疗辅助材料,17-10-02,__import__.medical_device_category_17-10,通常由麦芽糖糊精、丙二醇、卡波姆等组成。仅通过在溃疡表面或组织创面形成保护层，物理遮蔽创口。,用于缓解因口腔溃疡、口腔炎症、义齿或手术造成的创面所带来的疼痛。,口腔溃疡含漱液、口腔溃疡凝胶,Ⅱ
medical_device_category_17-10-03,脱敏剂,17-10-03,__import__.medical_device_category_17-10,单组份或双组份液剂、糊剂、凝胶或其他状态提供。短期使用。,用于消除暴露的牙颈部的过敏症状；减轻和预防因牙本质敏感而引起的牙齿过敏症状。,牙科脱敏剂、脱敏凝胶,Ⅱ
medical_device_category_17-10-04,防龋材料,17-10-04,__import__.medical_device_category_17-10,一般采用树脂基材料或含氟材料制成。,用于预防龋齿，封闭牙齿窝沟点隙，阻断细菌进入，或提高牙齿釉质的耐酸蚀性。,氟保护剂、氟保护漆、氟化泡沫、氟防龋材料、防龋凝胶、光固化窝沟封闭剂、窝沟封闭剂、牙科树脂基窝沟封闭剂,Ⅱ
medical_device_category_17-10-05,牙科膜片,17-10-05,__import__.medical_device_category_17-10,通常由不同的树脂组成，如对苯二甲酸乙二醇酯、乙二醇、醋酸乙烯、乙烯、乙烯-醋酸乙烯共聚物、聚乙烯、聚醋酸乙烯酯，或其他成分组成。,用于制作正畸矫治器、正畸矫治保持器、口腔保护器、牙合垫等。,牙胶片、牙科膜片,Ⅱ
medical_device_category_17-10-06,牙齿漂白材料,17-10-06,__import__.medical_device_category_17-10,糊，粉、液剂或胶体。通常为过氧化物，如过氧化氢、过氧化脲等。通过氧化-还原反应起到漂白作用。过氧化物含量（以过氧化氢计）大于3.0%。,用于牙齿的漂白。,死髓牙漂白胶、牙齿漂白剂、牙齿漂白胶、牙齿漂白贴,Ⅲ
medical_device_category_17-10-07,菌斑/龋齿指示剂,17-10-07,__import__.medical_device_category_17-10,糊剂，粉液剂或其他形式。通常由水、丙二醇、乙醇、硅氧烷-聚环氧烷共聚物、着色剂等组成。,用于显示菌斑、龋齿或定位根管口，以辅助口腔检查和治疗。,菌斑指示剂、龋齿指示剂、菌斑显示液,Ⅰ
medical_device_category_17-10-08,牙髓活力测试剂,17-10-08,__import__.medical_device_category_17-10,粉剂或喷雾剂。主要成分为四氟乙烷、薄荷油、乙醇。,用于牙齿表面测试牙髓活力。,牙髓活力测试剂,Ⅱ
medical_device_category_18-01-01,1 妇产科用刀,18-01-01,__import__.medical_device_category_18-01,通常由刀片和刀柄组成。一般刀片由不锈钢或钛合金材料制成，刀柄由高分子材料制成。无菌提供。,用于剖宫产手术时划开子宫。,一次性使用无菌剖宫产刀,Ⅱ
medical_device_category_18-01-01,2 妇产科用刀,18-01-01,__import__.medical_device_category_18-01,通常由刀片和刀柄组成。一般刀片由不锈钢或钛合金材料制成，刀柄由高分子材料制成。非无菌提供。,用于妇产科手术中切割组织。,剖宫产刀、妇产科用刀,Ⅰ
medical_device_category_18-01-02,1 妇产科用剪,18-01-02,__import__.medical_device_category_18-01,通常由一对中间连接的叶片组成，头部带刃。一般由不锈钢材料制成。非无菌提供。,用于妇产科手术时剪切组织。,阴道环切剪、宫腔手术剪、子宫剪、剖宫产剪、会阴剪、妇产科用剪,Ⅰ
medical_device_category_18-01-02,2 妇产科用剪,18-01-02,__import__.medical_device_category_18-01,通常由脐带夹、胎盘夹、推架和切割刀组成。脐带夹、胎盘夹和推架一般由高分子材料制成，切割刀一般由不锈钢材料制成。无菌提供。,用于剪切新生儿脐带。,一次性使用无菌脐带剪,Ⅱ
medical_device_category_18-01-02,3 妇产科用剪,18-01-02,__import__.medical_device_category_18-01,通常由两片头部为刀刃，中间以螺钉连接组成。头端为圆头或蟹钳头。一般由不锈钢材料制成。非无菌提供。,用于剪切新生儿脐带。,脐带剪,Ⅰ
medical_device_category_18-01-03,1 妇产科用钳,18-01-03,__import__.medical_device_category_18-01,通常由钳头、钳柄、锁齿组成。一般由高分子材料制成。无菌提供。,用于清除、分离、夹持、固定、牵拉组织及夹持敷料。,一次性使用无菌子宫颈钳,Ⅱ
medical_device_category_18-01-03,2 妇产科用钳,18-01-03,__import__.medical_device_category_18-01,通常由钳头、钳柄、锁齿组成。一般由不锈钢材料制成。非无菌提供。,用于清除、分离、夹持、固定、牵拉组织及夹持敷料。,子宫颈活体取样钳、子宫腔活体取样钳、子宫颈钳、子宫夹持钳、固定钳、牵引钳、妇科组织钳、妇科分离钳、举宫钳、固定韧带钩钳、宫腔异物钳、卵巢钳、胎盘钳、子宫抓钳、子宫切除夹钳、阴道夹持钳、子宫动脉夹持钳、子宫息肉钳、主韧带钳、子宫敷料钳、阴道夹持钳、子宫主韧带钳、穿颅钳、碎颅钳、破膜钳,Ⅰ
medical_device_category_18-01-03,3 妇产科用钳,18-01-03,__import__.medical_device_category_18-01,通常由单个或两个叶片（带手柄）组成。一般由不锈钢材料制成。非无菌提供。,用于剖宫产固定切口或用于在产道里夹紧胎儿头部或头皮，并施以牵拉，便于分娩或固定胎儿头颅。,产钳、胎儿头皮钳、剖宫产钳,Ⅰ
medical_device_category_18-01-04,1 妇产科用镊、夹、钩、针,18-01-04,__import__.medical_device_category_18-01,通常由一对尾部叠合的叶片组成。头端呈圆环形。一般由不锈钢材料制成。非无菌提供。,用于夹持输卵管等组织。,环形输卵管镊,Ⅰ
medical_device_category_18-01-04,2 妇产科用镊、夹、钩、针,18-01-04,__import__.medical_device_category_18-01,通常为U形状或钳状，带锁扣。一般由高分子材料制成。无菌提供。,用于压住新生儿脐带，阻断血供，以便进行剪切。,一次性使用无菌脐带夹,Ⅱ
medical_device_category_18-01-04,3 妇产科用镊、夹、钩、针,18-01-04,__import__.medical_device_category_18-01,通常由头部和柄部组成，头部为钩形的手术器械。一般由不锈钢材料制成。非无菌提供。,用于妇科手术时抓、固定或托住子宫颈或其底部或对阴道壁向外牵拉，扩大手术视野用。,子宫拉钩、阴道拉钩、耻骨联合拉钩、肌瘤螺旋钩,Ⅰ
medical_device_category_18-01-04,4 妇产科用镊、夹、钩、针,18-01-04,__import__.medical_device_category_18-01,通常由手柄、杆部、头部组成，头部为螺旋钩。一般由不锈钢材料制成。非无菌提供。,手术中在腹腔镜下操作，用于妇科腹腔镜手术中，旋入子宫肌瘤，以便于切割。,腹腔镜子宫肌瘤旋针,Ⅱ
medical_device_category_18-01-05,1 妇产科用扩张器、牵开器,18-01-05,__import__.medical_device_category_18-01,通常由上叶、下叶和手柄组成。一般由高分子材料制成。无菌提供。,用于露出阴道内部供检查。,一次性使用无菌阴道扩张器,Ⅱ
medical_device_category_18-01-05,2 妇产科用扩张器、牵开器,18-01-05,__import__.medical_device_category_18-01,通常由上叶、下叶和手柄组成。一般由不锈钢材料制成。非无菌提供。,用于露出阴道内部供检查或手术。,金属双翼阴道扩张器,Ⅰ
medical_device_category_18-01-05,3 妇产科用扩张器、牵开器,18-01-05,__import__.medical_device_category_18-01,通常是一系列不同规格的条/棒状器械。一般由高分子材料制成。无菌提供。,用于机械扩张子宫颈、牵开阴道及会阴组织。,一次性使用无菌宫颈扩张棒,Ⅱ
medical_device_category_18-01-05,4 妇产科用扩张器、牵开器,18-01-05,__import__.medical_device_category_18-01,通常由硅橡胶导管、球囊和充盈接头组成，可有可调式针芯。一般由高分子材料制成。无菌提供。,用于机械扩张子宫颈、牵开会阴组织。,一次性无菌球囊宫颈扩张器,Ⅱ
medical_device_category_18-01-05,5 妇产科用扩张器、牵开器,18-01-05,__import__.medical_device_category_18-01,通常是一系列不同规格的条/棒状器械，或由手柄装置、U型变幅杆、紧固装置和钩板组成。一般由黄铜或不锈钢材料制成。非无菌提供。,用于机械扩张子宫颈、牵开阴道及会阴组织。,子宫颈扩张器、阴道牵开器、会阴牵开器,Ⅰ
medical_device_category_18-01-05,6 妇产科用扩张器、牵开器,18-01-05,__import__.medical_device_category_18-01,通常由手柄、变幅杆紧固锁牙、钩板组成。一般由不锈钢材料制成。非无菌提供。,用于妇科手术时牵开阴道侧壁或扩张宫颈。,阴道侧壁牵开器、宫颈扩张钳,Ⅰ
medical_device_category_18-01-06,1 助产器械,18-01-06,__import__.medical_device_category_18-01,通常由带有开口的弧形板以及与弧形板底边相垂直的助推块组成。采用高分子材料制成。,用于辅助胎儿娩出。,胎头吸引器、娩头器,Ⅱ
medical_device_category_18-01-06,2 助产器械,18-01-06,__import__.medical_device_category_18-01,通常由金属吸管及杯状吸盘组成。非无菌提供。,与体外真空泵配套使用，通过吸盘与头皮相连，对胎儿的头部在产道内进行拉拔。,胎儿吸引器,Ⅱ
medical_device_category_18-01-07,1 阴道洗涤器/给药器,18-01-07,__import__.medical_device_category_18-01,通常由输送管道、压力胶球和喷嘴组成。一般由高分子材料制成。不含药物。不含洗涤液。无菌提供。,用于妇科清洗阴道或阴道给药。但不包含避孕用途。,一次性使用无菌阴道洗涤器、一次性使用无菌阴道给药器,Ⅱ
medical_device_category_18-01-07,2 阴道洗涤器/给药器,18-01-07,__import__.medical_device_category_18-01,通常由输送管道、压力胶球和喷嘴组成。一般由高分子材料制成。不含药物。不含洗涤液。无源产品。非无菌提供。,用于妇科清洗阴道或阴道给药。但不包含避孕用途。,阴道洗涤器、阴道给药器,Ⅰ
medical_device_category_18-01-08,1 妇科剥离器械,18-01-08,__import__.medical_device_category_18-01,通常由圆柱形本体、剥离匙组成，剥离匙向上一侧的表面上设有负压孔与内孔相通，本体的后端为圆柱形，并在表面上设有用于与负压吸引器软管相连的圆环形倒刺。一般由不锈钢材料制成，非无菌提供。,与负压吸引器配合使用，用于剥离操作和吸附血液，使手术视野清晰。,妇科组织剥离器、输尿管剥离器,Ⅰ
medical_device_category_18-01-08,2 妇科剥离器械,18-01-08,__import__.medical_device_category_18-01,通常由手柄和头部组成。头部为弯形，头端呈圆弧形。一般由不锈钢材料制成。非无菌提供。,用于阴式手术时剥离子宫肌瘤用。,子宫肌瘤剥离器,Ⅰ
medical_device_category_18-01-08,3 妇科剥离器械,18-01-08,__import__.medical_device_category_18-01,通常由刮匙头、刮匙颈与刮匙柄组成，一般由高分子材料制成。无菌提供。,用于刮、擦方式提取或除去子宫内物质。,一次性使用无菌子宫刮匙,Ⅱ
medical_device_category_18-01-08,4 妇科剥离器械,18-01-08,__import__.medical_device_category_18-01,通常由刮匙头、刮匙颈与刮匙柄组成，一般由不锈钢材料制成。非无菌提供。,用于刮、擦方式提取或除去子宫内物质。,子宫刮匙、宫颈刮匙、子宫刮,Ⅰ
medical_device_category_18-01-09,1 子宫操纵器,18-01-09,__import__.medical_device_category_18-01,一般由不锈钢和高分子材料制成的棒状器械。无菌提供。,在腹腔手术中作变动子宫体位用，也可用于控制、提升及清洗子宫。,一次性使用无菌子宫拨棒、一次性使用无菌子宫操纵器、一次性使用无菌举宫器,Ⅱ
medical_device_category_18-01-09,2 子宫操纵器,18-01-09,__import__.medical_device_category_18-01,一般由不锈钢和高分子材料制成的棒状器械。非无菌提供。,在腹腔手术中作变动子宫体位用，也可用于控制、提升及清洗子宫。,子宫拨棒、子宫操纵器、举宫器,Ⅰ
medical_device_category_18-01-10,1 子宫输卵管造影、输卵管通液器械,18-01-10,__import__.medical_device_category_18-01,通常由导管、连接件、保护套管组成。一般由高分子材料制成。无菌提供。,用于输卵管造影、疏通。,输卵管造影导管、输卵管导管,Ⅱ
medical_device_category_18-01-10,2 子宫输卵管造影、输卵管通液器械,18-01-10,__import__.medical_device_category_18-01,通常由一系列规格的金属管配以套管、橡皮塞、进气管、活塞组成。非无菌提供。,用于输卵管造影、疏通。,输卵管通液器,Ⅰ
medical_device_category_18-01-11,1 妇科压板,18-01-11,__import__.medical_device_category_18-01,通常是板状器械，呈角形，头端带有弧度。一般由不锈钢材料制成。非无菌提供。,用于供妇科手术时，压迫阴道用。,阴道压板,Ⅰ
medical_device_category_18-01-11,2 妇科压板,18-01-11,__import__.medical_device_category_18-01,通常由手柄和头部组成。头部为角弯，头端呈圆弧形。一般由不锈钢材料制成。非无菌提供。,用于供妇科手术时，压迫宫颈用。,宫颈压板,Ⅰ
medical_device_category_18-01-12,1 医用妇科护垫,18-01-12,__import__.medical_device_category_18-01,通常由背衬层（无纺布）、吸液层、防粘层组成。无菌提供。,用于女性产后护理、检查、出血量计算用。,产妇出血量计算垫巾、一次性使用产妇巾,Ⅱ
medical_device_category_18-01-12,2 医用妇科护垫,18-01-12,__import__.medical_device_category_18-01,通常由背衬层（无纺布）、吸液层、防粘层组成。非无菌提供。,用于女性（产后）、护理、检查。,妇科检查垫、产妇产褥垫、产妇垫,Ⅰ
medical_device_category_18-01-13,凝胶,18-01-13,__import__.medical_device_category_18-01,通常由卡波姆、明胶、低聚异麦芽糖等组成。所含成分不具有药理学作用。一次性使用。,通过在阴道壁形成一层保护性凝胶膜。将阴道壁与外界细菌物理隔离，从而阻止病原微生物定植。,阴道阻菌凝胶、卡波姆妇科凝胶,Ⅱ
medical_device_category_18-01-14,阴道填塞材料,18-01-14,__import__.medical_device_category_18-01,通常由栓粒、脱脂纱布、无纺布、推进器、棉质尾线部分组成。栓粒一般由活性碳、卡波姆及羧甲基纤维素钠混合脂肪酸甘油酯组成。,通过活性碳的吸附性降低微生物的浓度。用于妇科手术或检查后阴道创面的护理。,阴道填塞、活性炭阴道填塞、活性炭吸附栓,Ⅱ
medical_device_category_18-02-01,超声多普勒胎儿监护设备,18-02-01,__import__.medical_device_category_18-02,通常由主机、超声探头、宫缩压力传感器及与之相连接的其他传感器组成，检测胎儿心率采用超声多普勒原理，具有监测和贮存胎儿心率、宫缩压力以及其他必要参数的功能，可在围产期对胎儿进行连续监护，并在出现异常时及时提供报警信息的仪器。,用于围产期胎儿心率和孕妇宫缩压力等的连续监护。,超声多普勒胎儿监护仪、母婴监护系统,Ⅱ
medical_device_category_18-02-02,超声多普勒胎儿心率设备,18-02-02,__import__.medical_device_category_18-02,通常由探头（一般采用单元探头）、超声波发射/接收电路、信号输出部分组成。根据多普勒原理从孕妇腹部获取胎心运动信息的超声仪器。,用于胎儿心率测量、监测。,超声多普勒胎儿心率仪、超声多普勒胎儿心音仪,Ⅱ
medical_device_category_18-02-03,1 手动测量器械,18-02-03,__import__.medical_device_category_18-02,具有弧度可贴合于产妇臀部，含有集血盘（带容量刻度）。一般由高分子材料制成。,用于收集产妇分娩或引产时的出血并计量出血量。,产科集血器,Ⅱ
medical_device_category_18-02-03,2 手动测量器械,18-02-03,__import__.medical_device_category_18-02,通常由一张一次性垫单，两根纸质尺子，两个扣环组成。非无菌提供。,用于孕期产科检查时测定宫高腹围。,一次性孕妇宫高腹围测量器,Ⅰ
medical_device_category_18-02-03,3 手动测量器械,18-02-03,__import__.medical_device_category_18-02,通常由标尺、手柄、指针组成。一般由不锈钢材料制成。非无菌提供。,用于测量骨盆内外径或耻骨尺寸或子宫深度。,骨盆测量计、子宫深度测量棒、耻骨测量器、宫颈测量器,Ⅰ
medical_device_category_18-02-03,4 手动测量器械,18-02-03,__import__.medical_device_category_18-02,通常是带有刻度尺的细棒。一般由高分子材料制成。无菌提供。,用于插入子宫腔内测量子宫的深度。,一次性使用无菌子宫探针,Ⅱ
medical_device_category_18-02-03,5 手动测量器械,18-02-03,__import__.medical_device_category_18-02,通常是带有刻度尺的细棒。一般由不锈钢材料或铜制成。非无菌提供。,用于插入子宫腔内测量子宫的深度。,子宫探针,Ⅰ
medical_device_category_18-03-01,妇科超声诊断设备,18-03-01,__import__.medical_device_category_18-03,通常由探头（线阵、凸阵、相控阵、机械扇扫等）、超声波发射/接收、信号处理和图像显示等部分组成的设备。利用超声脉冲回波原理，或利用超声多普勒技术和超声脉冲回波原理，同时进行采集血流运动信息和人体器官，完成妇科器官组织的成像。,用于阴道组织、盆腔器官的超声成像及其血流运动信息采集。,超声宫腔监视系统、阴道实时超声诊断系统、多普勒围产期超声诊断仪,Ⅱ
medical_device_category_18-03-02,阴道镜,18-03-02,__import__.medical_device_category_18-03,通常由观察系统、照明系统组成，观察系统是具有目镜、物镜的短工作距的体视光学显微系统，可外接图像采集显示系统。利用显微放大原理，观察物体细节。,用于宫颈阴道外阴组织的检查。,阴道显微镜、电子阴道显微镜,Ⅱ
medical_device_category_18-03-03,1 妇科内窥镜,18-03-03,__import__.medical_device_category_18-03,通常由物镜系统、像阵面光电传感器、A/D转换集成模块组成。,通过宫颈进入宫腔内，用于诊断和/或手术。,电子阴道内窥镜、数码电子阴道内窥镜、无线可视阴道内窥镜、无线可视子宫内窥镜、纤维阴道镜、宫腔电切内窥镜,Ⅱ
medical_device_category_18-03-03,2 妇科内窥镜,18-03-03,__import__.medical_device_category_18-03,通常由物镜系统、光学镜片或成像光纤传/转像系统，包含或不包含观察目镜系统，构成观察光路。,通过宫颈进入宫腔内，用于诊断和/或手术。,宫腔内窥镜,Ⅱ
medical_device_category_18-03-03,3 妇科内窥镜,18-03-03,__import__.medical_device_category_18-03,通常由套圈、鞘管、连接揽和控制手柄等组成。,在宫腔镜下操作，用于切割子宫息肉，以便将其从子宫内取出。,宫腔镜息肉去除器,Ⅱ
medical_device_category_18-03-03,4 妇科内窥镜,18-03-03,__import__.medical_device_category_18-03,在妇科内窥镜手术中，连接在主机上的手术器械通过和内窥镜提供的或不同的通道进入子宫进行各种手术工作。,在妇科内窥镜下操作，用于绞碎或切除子宫等组织。,电动子宫切除器,Ⅱ
medical_device_category_18-03-04,1 妇科采样器械,18-03-04,__import__.medical_device_category_18-03,由木片、竹片等材料制成的片状器械，无菌提供。,用于获取宫颈表面的样本。,一次性使用无菌宫颈刮板,Ⅱ
medical_device_category_18-03-04,2 妇科采样器械,18-03-04,__import__.medical_device_category_18-03,由木片、竹片等材料制成的片状器械，非无菌提供。,用于获取宫颈表面的样本。,刮宫片,Ⅰ
medical_device_category_18-03-04,3 妇科采样器械,18-03-04,__import__.medical_device_category_18-03,一般由高分子材料制成的片状器械。非无菌提供。,与射光器配套使用，用于临床妇科检查时采样用。,导光宫颈片,Ⅰ
medical_device_category_18-03-04,4 妇科采样器械,18-03-04,__import__.medical_device_category_18-03,通常由采样管、杯、盖、拭子等组成。无菌提供。,用于样本的收集、运输和储存等。,一次性使用宫颈刷,Ⅱ
medical_device_category_18-03-04,5 妇科采样器械,18-03-04,__import__.medical_device_category_18-03,通常由套管、抽拉杆、采样孔、手柄、橡胶环组成。无菌提供。,用于采集子宫内膜细胞样品和组织样本。,子宫内膜细胞采样器、子宫内膜取样器,Ⅱ
medical_device_category_18-03-05,1 妇科检查器械,18-03-05,__import__.medical_device_category_18-03,通常由玻璃管、塑料管和医用胶带组成。玻璃管通常装有过氧化氢混合物，塑料管内通常装有草酸盐溶液。所含成分不具有药理学作用。,一种化学发光的照明光源，作为进行阴道荧光视诊时的照明光源。用于临床妇科阴道常规检查、宫颈癌及癌前病变筛查。,阴道荧光检查棒,Ⅰ
medical_device_category_18-03-05,2 妇科检查器械,18-03-05,__import__.medical_device_category_18-03,通常由光学镜头组件、外罩组件和照明装置组成。,用于测定妇女排卵期。,排卵测定仪,Ⅱ
medical_device_category_18-04-01,1 妇科物理治疗器械,18-04-01,__import__.medical_device_category_18-04,通常由治疗头、超声功率发生器、控制装置等组成。一般采用聚焦或弱聚焦超声波，并作用于患者的设备。,用于妇科肿瘤治疗以及肿瘤的辅助治疗。涉及组织变性。,超声聚焦子宫肌瘤治疗系统,Ⅲ
medical_device_category_18-04-01,2 妇科物理治疗器械,18-04-01,__import__.medical_device_category_18-04,通常由治疗头、超声功率发生器、控制装置等组成。一般采用聚焦或弱聚焦超声波，并作用于患者的设备。,用于妇科各种组织、器官的治疗、创伤组织愈合。不涉及组织变性。,妇科超声波治疗仪,Ⅱ
medical_device_category_18-04-01,3 妇科物理治疗器械,18-04-01,__import__.medical_device_category_18-04,通常由光辐射器（如发光二极管）、控制装置、支撑装置（可有定位装置）等组成，也可配备导光器件。利用红光波段照射妇科部位（部分设备可兼有部分红外波段）与人体组织发生光化学作用和/或生物刺激作用，达到辅助治疗的目的。,用于妇科组织损伤的消炎和疼痛缓解，促进妇科局部血液循环，缓解神经肌肉疼痛。,妇科红外治疗仪,Ⅱ
medical_device_category_18-04-01,4 妇科物理治疗器械,18-04-01,__import__.medical_device_category_18-04,通常由主机和冲洗、治疗组件组成，产生臭氧。,用于妇科腔道、粘膜组织的清洗、消毒、抗炎治疗或浸泡治疗的设备。,妇科臭氧治疗仪,Ⅱ
medical_device_category_18-04-01,5 妇科物理治疗器械,18-04-01,__import__.medical_device_category_18-04,通常由主机和一次性使用热球导管组成。治疗时将装有介质的球囊深入子宫，球囊恒温到一定温度。并将其外壁贴于子宫内壁且形成一定压力，使子宫内膜发生组织坏死并脱落。,用于治疗功能性子宫出血。涉及组织变性。,热球子宫内膜去除仪、子宫内膜治疗仪,Ⅲ
medical_device_category_18-04-01,6 妇科物理治疗器械,18-04-01,__import__.medical_device_category_18-04,通常由球囊导管（带球囊）、充盈接头、快速灌输组件、止回阀和一个注射器（用于充注球囊）组成。无菌提供。,用于治疗功能性子宫出血。不涉及组织变性。,产后止血球囊,Ⅱ
medical_device_category_18-04-02,1 妇科假体器械,18-04-02,__import__.medical_device_category_18-04,一般由金属或非金属材料制成。,放置于妇女阴道、宫颈、子宫或输卵管中，起到支持、支撑作用。在体内滞留时间超过30天。,输卵管支架、阴道支架、子宫托,Ⅲ
medical_device_category_18-04-02,2 妇科假体器械,18-04-02,__import__.medical_device_category_18-04,一般由金属或非金属材料制成。,放置于妇女阴道（宫颈口），起到支持、支撑作用。在人体的滞留时间大于24小时小于30天。,子宫托,Ⅱ
medical_device_category_18-04-02,3 妇科假体器械,18-04-02,__import__.medical_device_category_18-04,一般由发泡橡胶材料制成。形体构造可与宫颈贴合。所含成分不具有药理学作用。,通过发泡橡胶的吸附作用将宫颈表面及宫颈口内的糜烂物、粘膜吸附在产品上，取出时将糜烂物带出。用于辅助治疗宫颈炎。在体内滞留时间超过30天。,治疗托,Ⅲ
medical_device_category_18-04-02,4 妇科假体器械,18-04-02,__import__.medical_device_category_18-04,一般由发泡橡胶材料制成。形体构造可与宫颈贴合。所含成分不具有药理学作用。,通过发泡橡胶的吸附作用将宫颈表面及宫颈口内的糜烂物、粘膜吸附在产品上，取出时将糜烂物带出。用于辅助治疗宫颈炎。在人体的滞留时间大于24小时小于30天。,治疗托,Ⅱ
medical_device_category_18-04-02,5 妇科假体器械,18-04-02,__import__.medical_device_category_18-04,通常由植入物组件、导引杆及其它组件组成。植入物组件包括网片、网片外鞘及穿刺套管；导引杆由导针和手柄构成；其它组件包括：放置环、推针器、（无损伤具翼）导引器。无菌提供。,用于尿道下悬吊带治疗尿道运动过度和/或括约肌功能障碍引起的女性压力性尿失禁。,尿道悬吊器,Ⅲ
medical_device_category_18-04-02,6 妇科假体器械,18-04-02,__import__.medical_device_category_18-04,通常由一种或多种聚合物编制而成的网状织物，或取自人类异体的片状或膜状组织。无菌提供。,用于植入人体，加强和/或修补不完整的软组织缺陷，如阴道成型术、盆底修复术等。,盆底修复系统、盆底修复补片,Ⅲ
medical_device_category_18-05-01,1 产床,18-05-01,__import__.medical_device_category_18-05,一般由背板、臀板、腿板、托腿架、腿床（板）和电机等组成，可配有附件输液架、托腿架、拉手和污物盆。有源产品。,用于妇产科实施手术及产妇分娩。也可用于妇科作检查、诊治。,电动产床、液压产床,Ⅱ
medical_device_category_18-05-01,2 产床,18-05-01,__import__.medical_device_category_18-05,一般由背板、臀板、腿板、托腿架、腿床（板）等组成，可配有附件输液架、托腿架、拉手和污物盆。人力操控。无源产品。,用于妇产科实施手术及产妇分娩。也可用于妇科作检查、诊治。,普通产床,Ⅰ
medical_device_category_18-05-02,1 妇科手术/检查床,18-05-02,__import__.medical_device_category_18-05,通常由台面、升降柱、底座、控制系统（控制台面调节）、升降立柱和电机组成。按传动原理可分为液压、机械和气动三种传动结构形式。有源产品。,用于妇科检查、诊治、手术。用以支撑患者身体，形成临床所需的体位。,电动妇产科手术床,Ⅱ
medical_device_category_18-05-02,2 妇科手术/检查床,18-05-02,__import__.medical_device_category_18-05,通常由背板、臀板、腿板、传动部分组成。头、背、腿、台面可调节。有移动式和固定式两种，升降形式为机械升降式，体位调整均为人力操纵。无源产品。,用于妇科检查、诊治、手术。用以支撑患者身体，形成临床所需的体位。,妇科检查床、妇科检查椅、妇科诊疗台、产科诊疗台、产科诊疗床、妇科诊疗床,Ⅰ
medical_device_category_18-06-01,1 宫内节育器及取放器械,18-06-01,__import__.medical_device_category_18-06,通常由铜以及支架材料组成，支架材料一般由硅橡胶、尼龙、聚乙烯、聚丙烯、不锈钢或记忆合金材料制成。外形有圆形、T形、V形、γ形及链条状等。无菌提供。,用于放置于妇女子宫腔内起避孕作用。,T形含铜宫内节育器、O形含铜宫内节育器、V形含铜宫内节育器、宫腔形含铜宫内节育器、固定式含铜宫内节育器、M形含铜宫内节育器,Ⅲ
medical_device_category_18-06-01,2 宫内节育器及取放器械,18-06-01,__import__.medical_device_category_18-06,通常由铜以及支架材料组成，支架材料一般由硅橡胶、尼龙、聚乙烯、聚丙烯、不锈钢或记忆合金材料制成。外形有圆形、T形、V形、γ形及链条状等。含有药物（例如吲哚美辛）。无菌提供。,用于放置于妇女子宫腔内起避孕作用。,ϒ形含铜含吲哚美辛宫内节育器、宫腔形含铜含吲哚美辛宫内节育器、固定式含铜含吲哚美辛宫内节育器,Ⅲ
medical_device_category_18-06-01,3 宫内节育器及取放器械,18-06-01,__import__.medical_device_category_18-06,通常是钩状、钳状或环状的器械。一般由高分子材料制成。无菌提供。,用于宫内节育器/阴道夹持、放置和/或取出。,一次性使用无菌宫内节育器放置器,Ⅱ
medical_device_category_18-06-01,4 宫内节育器及取放器械,18-06-01,__import__.medical_device_category_18-06,通常是钩状、钳状或环状的器械。一般由不锈钢材料制成。非无菌提供。,用于宫内节育器/阴道夹持、放置和/或取出。,宫内节育器取出钳、宫内节育器取出钩、宫内节育器放置钳、阴道环放置器,Ⅰ
medical_device_category_18-06-02,输卵（精）管封闭器械,18-06-02,__import__.medical_device_category_18-06,通常是采用机械结构物[如，在输精（卵）管外的带子或夹子，或者在输精（卵）管内部的栓塞]封闭输精（卵）管的器具。带子或夹子一般由金属或高分子材料制成。栓塞剂通常由两个或多个不具有药理学作用的化学组份构成的配方。无菌提供。在体内滞留时间大于等于30天。,用于封堵输精管或输卵管，阻断精（卵）子结合，而起到避孕作用。,输精管结扎带、输卵管结扎带、输卵管栓塞剂、输精管栓塞剂,Ⅲ
medical_device_category_18-06-03,屏障式避孕器械,18-06-03,__import__.medical_device_category_18-06,通常由天然胶乳或合成乳胶或聚氨酯薄膜制成，开口端为完整卷边的鞘套物。,用于生殖道局部范围内，用物理方法（机械阻挡）不让精子到达子宫口处，以此阻断精子和卵子相遇而达到避孕目的。,天然橡胶胶乳避孕套、男用合成橡胶避孕套、女用避孕套、避孕帽,Ⅱ
medical_device_category_18-06-04,避孕凝胶,18-06-04,__import__.medical_device_category_18-06,通常由壳聚糖、卡波姆、甘油、柠檬酸、纯化水等组成，所含成分不具有药理学作用。,产品涂布于宫颈外口后穹窿，阻碍精子前进。用于女性避孕。,避孕凝胶、壳聚糖避孕凝胶,Ⅲ
medical_device_category_18-06-05,结扎手术器械,18-06-05,__import__.medical_device_category_18-06,通常由两个叶片和手柄组成，或是由钳头、钳柄、锁齿和指圈组成的钳状器械，或为片状器械，或为钩状器械。一般采用不锈钢等材料制成。非无菌提供。使用前由使用机构根据说明书进行灭菌或消毒（如适用）。不在内窥镜下使用。,用于结扎手术时，分离、夹持、固定、提取输精管或输卵管。,输精管分离钳、输精管固定钳、输卵管固定钳、输精管提取钩、输卵管提取钩、输卵管提取板、输卵管提取钩、输精管钳、输精管拉钩,Ⅰ
medical_device_category_18-06-06,1 宫腔负压吸引设备及附件,18-06-06,__import__.medical_device_category_18-06,通常由吸引泵、开关、安全阀、止回阀、储液瓶、控制电路组成、与吸引管道、流产吸引管配套使用。也可与其他影像设备（如超声诊断仪）配合使用。,用于对早期妊娠的孕妇施行人工流产手术。也可用于其他宫腔手术。,电动流产吸引器、手动流产吸引器、超声监视宫腔手术仪、超声引导可视人流/宫腔诊疗系统,Ⅱ
medical_device_category_18-06-06,2 宫腔负压吸引设备及附件,18-06-06,__import__.medical_device_category_18-06,通常由连接在真空吸取器的管子和接头组成。管身带有刻度。一般由高分子材料制成。无菌提供。,用于对早期妊娠的孕妇施行人工流产手术。也可用于其他宫腔手术。,一次性使用无菌流产吸引管、一次性使用无菌宫腔吸引管,Ⅱ
medical_device_category_18-06-06,3 宫腔负压吸引设备及附件,18-06-06,__import__.medical_device_category_18-06,通常由柄部和管部焊接组成。一般由不锈钢和铜材料制成。不在内窥镜下使用，非无菌提供，可重复使用。,用于对早期妊娠的孕妇施行人工流产手术。也可用于其他宫腔手术。,流产吸引管、宫腔吸引管,Ⅰ
medical_device_category_18-07-01,辅助生殖导管,18-07-01,__import__.medical_device_category_18-07,通常由导引导管、外套管、移植导管、连接件、保护套管组成。一般由高分子材料制成。无菌提供。,授精导管用于经阴道插入子宫腔内，注入精液，进行人工授精。胚胎移植导管用于经阴道向子宫内移植经过体外授精（IVF）后的胚胎。,胚胎移植导管、人工授精导管,Ⅱ
medical_device_category_18-07-02,1 辅助生殖穿刺取卵/取精针,18-07-02,__import__.medical_device_category_18-07,通常由针管、针套、针柄、软管以及胶塞接口、负压连接头、吸引管、真空管、冲洗管组成。无菌提供。,用于经由阴道对卵巢穿刺及从卵巢卵泡中对卵母细胞进行抽吸和冲洗。,一次性使用无菌取卵针、单腔/双腔取卵针、卵母细胞采集器,Ⅱ
medical_device_category_18-07-02,2 辅助生殖穿刺取卵/取精针,18-07-02,__import__.medical_device_category_18-07,通常由针管、针套、针柄、软管以及胶塞接口、负压连接头、吸引管、真空管、冲洗管组成。无菌提供。,用于经皮睾丸/附睾穿刺取精。,睾丸穿刺取精器、附睾穿刺针、睾丸穿刺活检枪,Ⅱ
medical_device_category_18-07-03,辅助生殖微型工具,18-07-03,__import__.medical_device_category_18-07,辅助生殖用微型工具。包括IVF显微操作用注射、持卵、剥离、活检、辅助孵化和取精用的微细管状和针状工具。还包括与生殖细胞和胚胎接触的器皿、盘板。无菌提供。,用于体外环境下操作或储存人类生殖细胞以及胚胎，包括精子显微注射，胚胎活检以及辅助孵化。,体外受精显微操作管、显微吸液管、胚胎活检针、辅助生殖用培养器皿、玻化冻存管,Ⅱ
medical_device_category_18-07-04,体外辅助生殖用液,18-07-04,__import__.medical_device_category_18-07,通常由氨基酸、葡萄糖、丙酮酸盐等能量物质、人血清白蛋白、纯化水等组成。为配子和胚胎提供必要的营养物质和受精及生长发育环境。,用于辅助生殖技术中配子和胚胎在体外准备、培养、转移、储存。,卵泡冲洗液、配子缓冲液、取卵-胚胎处理液、囊胚培养液、卵裂胚培养液、洗精受精液、精子梯度分离液、精子显微操作液、胚胎移植液、精子洗涤培养液、冷冻解冻液、玻璃化冷冻液、玻璃化解冻液精子制动液、卵母细胞体外成熟培养液、培养用油、器皿冲洗液、胚胎活检液、受精培养液,Ⅲ
medical_device_category_18-07-05,1 辅助生殖专用仪器,18-07-05,__import__.medical_device_category_18-07,通常由激光发射器、激光镜头、照相机和软件组成。,用于体外辅助生殖技术领域的显微手术激光系统，在体外对受精卵进行辅助孵化。,辅助生育激光系统,Ⅲ
medical_device_category_18-07-05,2 辅助生殖专用仪器,18-07-05,__import__.medical_device_category_18-07,通常由光学部分、照明部分和机械部分组成。,用于体外辅助生殖技术显微操作中对配子胚胎的形态观察及发育能力的评估。,显微注射用显微镜、时差倒置显微镜,Ⅱ
medical_device_category_18-07-05,3 辅助生殖专用仪器,18-07-05,__import__.medical_device_category_18-07,通常由培养箱主机、温度控制系统、供气控制系统组成。能够提供一个可温控（接近人体温度）的环境。时差培养箱可具有时差照相系统，图像捕获分析应用软件，服务器，客户端等。,用于辅助生殖技术（ART）中对配子，胚胎及其他细胞进行培养。,胚胎培养箱,Ⅱ
medical_device_category_18-07-05,4 辅助生殖专用仪器,18-07-05,__import__.medical_device_category_18-07,通常由操作台、热台或控制器、冷冻装置等组成。,用于辅助生殖技术（ART）中对细胞、配子、胚胎进行培养及动态监测和分析，评估胚胎发育能力。,时差培养箱,Ⅱ
medical_device_category_18-07-05,5 辅助生殖专用仪器,18-07-05,__import__.medical_device_category_18-07,通常由操作台、热台或控制器、冷冻装置等组成。,用于体外操作中加热或冷冻配子和胚胎，或体外操作处理配子和胚胎用的操作台,辅助生殖用恒温台、程序冷冻仪、程控降温仪、体外受精（IVF）超净工作台,Ⅱ
medical_device_category_18-07-05,6 辅助生殖专用仪器,18-07-05,__import__.medical_device_category_18-07,通常由主机模块、阴茎圈套子、电源模块、取精部件等组成。,用于阴茎勃起状态、阴茎敏感性的检测。或用于取精。,阴茎勃起多参数定量分析仪、阴茎勃起监测仪、阴茎硬度测量仪、自动精液采集仪,Ⅱ
medical_device_category_19-01-01,认知障碍康复设备,19-01-01,__import__.medical_device_category_19-01,通常由主机、软件等组成。通过视觉、听觉刺激，进行康复训练。,用于认知障碍患者的康复训练。,认知康复训练平台、认知能力测试与训练仪,Ⅱ
medical_device_category_19-01-02,视觉康复设备,19-01-02,__import__.medical_device_category_19-01,通常由主机、软件等组成。通过视觉刺激，进行康复训练。,用于视觉障碍患者的康复训练。,视力训练仪、视觉训练仪、视力康复仪,Ⅱ
medical_device_category_19-01-03,听觉康复设备,19-01-03,__import__.medical_device_category_19-01,通常由主机、软件等组成。通过听觉刺激，进行康复训练。,用于听觉障碍患者的康复训练。,听觉功能检测处理系统、听觉康复训练仪,Ⅱ
medical_device_category_19-01-04,言语障碍康复设备,19-01-04,__import__.medical_device_category_19-01,通常由主机、软件等组成。通过视觉、听觉刺激，进行康复训练。,用于言语障碍患者的康复训练。,语音障碍康复训练仪、构音障碍康复训练仪,Ⅱ
medical_device_category_19-01-05,真耳测试仪,19-01-05,__import__.medical_device_category_19-01,通常由真耳测试模块（软件）、硬件、探针和硅管组成。,用于对患者双耳声压级进行测试。,真耳测试仪,Ⅱ
medical_device_category_19-01-06,助讲器,19-01-06,__import__.medical_device_category_19-01,通常由外壳、发音装置（包括助讲器发声膜）、电池等组成的非植入式医疗器械。,用于辅助全喉切除患者发声。,助讲器,Ⅱ
medical_device_category_19-01-07,助听器,19-01-07,__import__.medical_device_category_19-01,通常由传声器、放大器和耳机组成，并由电池供电。用来放大声音、补偿听力损失的电子装置。,用于听力损失患者的听力补偿。,耳背式助听器、耳内式助听器、盒式助听器、骨导式助听器,Ⅱ
medical_device_category_19-02-01,步态训练设备,19-02-01,__import__.medical_device_category_19-02,通常由减重装置、主机、跑台、控制装置、固定装置等组成。通过训练患者步态促进康复，可附带步态评估功能。,用于对下肢步行障碍患者进行步态康复训练。,下肢步行姿势训练系统、步态评估与训练系统、减重步态训练器,Ⅱ
medical_device_category_19-02-02,1 康复训练床,19-02-02,__import__.medical_device_category_19-02,通常由床架、机械支撑部件、电动控制装置、固定保护装置等组成。通过改变体位、起立角度对患者进行训练促进康复。,用于对脑中风、脑外伤等患者进行肢体运动康复训练。,站立康复器、下肢反馈康复训练系统、多体位康复床、电动起立床,Ⅱ
medical_device_category_19-02-02,2 康复训练床,19-02-02,__import__.medical_device_category_19-02,通常由床架、机械支撑部件、机械调节装置、固定保护装置等组成。通过改变体位、起立角度对患者进行训练促进康复。无源产品。,用于对脑中风、脑外伤等患者进行肢体运动康复训练或早期站立训练等。,悬吊康复床、倾斜床、康复床、医用康复床,Ⅰ
medical_device_category_19-02-03,平衡训练设备,19-02-03,__import__.medical_device_category_19-02,通常由测量平台、辅助支架、平衡训练软件等组成。通常对站立或坐在测试平台上的患者进行平衡能力训练，可附带平衡能力评估功能。,用于对平衡能力障碍患者进行康复训练。,平衡测试及训练系统、平衡训练系统,Ⅱ
medical_device_category_19-02-04,振动训练设备,19-02-04,__import__.medical_device_category_19-02,通常由训练平台、控制装置、固定架等组成。通过周期机械振动方式，达到肌肉或关节康复的目的。,用于改善运动功能障碍患者的肌肉功能、平衡性和协调性。,振动训练系统、上下肢振动康复训练器,Ⅱ
medical_device_category_19-02-05,1 关节训练设备,19-02-05,__import__.medical_device_category_19-02,通常由主机、固定部件、运动部件、控制装置等组成。通过训练患者关节促进康复。,用于对关节功能障碍患者进行康复训练。,连续性被动运动康复器、上肢关节康复器、下肢关节康复器、下肢康复运动训练器、下肢关节被动训练器、上肢关节被动训练器、上下肢运动康复训练机、腕关节康复器、肘踝关节康复器,Ⅱ
medical_device_category_19-02-05,2 关节训练设备,19-02-05,__import__.medical_device_category_19-02,通常由基座、固定部件、运动部件、控制装置等组成。通过训练患者关节促进康复。无源产品。,用于对关节功能障碍患者进行康复训练。,上肢综合训练器、肘关节运动器、下肢康复运动器、上肢关节康复器、康复训练器、膝关节训练器、前臂康复训练器、腕关节康复训练器、肩关节康复训练器、踝关节训练器、髋关节训练器、肘关节训练器,Ⅰ
medical_device_category_19-02-05,3 关节训练设备,19-02-05,__import__.medical_device_category_19-02,通常由设备主体、触摸显示屏、座椅、可调角度脚踏鞋、四肢力反馈模块组成。患者坐在设备座椅上，四肢分别放在扶手和脚踏上，利用健肢带动患肢进行主动康复，提高患者四肢运动功能。,用于辅助提高偏瘫、骨关节损伤等患者四肢的肌力、关节活动度及协调性。,四肢联动康复器、四肢联动康复训练仪,Ⅱ
medical_device_category_19-02-05,4 关节训练设备,19-02-05,__import__.medical_device_category_19-02,通常由传感器、软件、绑带等组成；或由生物电采集处理部件、电刺激部件或训练部件、软件等组成。通过采集患者生物电信号，处理反馈，对患者肢体施加电刺激或用电动部件带动患者进行康复训练或直接对患者肢体施加电刺激进行康复训练。,用于对脑卒中等导致肢体运动功能障碍患者进行康复训练。,肢体运动康复仪、佩戴式足下垂康复仪、肢体功能康复评定与训练系统,Ⅱ
medical_device_category_19-02-05,5 关节训练设备,19-02-05,__import__.medical_device_category_19-02,主要由轨道、滑块、基本训练器、支撑架及相关配件组成，不含床体。,通过配件中的绳索和悬带等，把患者躯干或肢体悬吊起来，提供减重和支撑，供患者进行悬吊康复训练。在医护人员的指导下，患者进行主动训练。,悬吊康复训练系统、成人用悬吊训练系统、儿童用悬吊训练系统、悬吊康复训练器,Ⅰ
medical_device_category_19-02-06,1 盆底肌肉训练设备,19-02-06,__import__.medical_device_category_19-02,通常由主机、压力探头、空气导管组成。通过测定阴道、肛门周围肌肉的自发力，利用产品提供的生物反馈功能做肌肉强化运动。,用于小便失禁、阴道肌肉松弛、性功能障碍等患者的康复训练。,盆底肌肉康复器,Ⅱ
medical_device_category_19-02-06,2 盆底肌肉训练设备,19-02-06,__import__.medical_device_category_19-02,通常由不同重量的康复器主体和尾部引线组成，或由压力探头、压力表等组成。康复器主体可完全由高分子材料制成，也可由高分子材料和内置配重金属块组成；尾部引线为尼龙线。无源产品。,用于分娩后或阴道肌力下降的女性锻炼阴道肌肉，提高盆底肌肉收缩能力，缓解压力性尿失禁、阴道子宫等器官膨出或脱垂等。,盆底肌肉康复器,Ⅰ
medical_device_category_19-02-07,舌肌康复训练器,19-02-07,__import__.medical_device_category_19-02,通常由吸球、吸嘴等组成。将吸嘴放置于患者舌尖上，利用负压使吸嘴吸住舌头，握住康复器吸球进行康复训练。,用于脑中风、脑疾病和脑损伤引起的伸舌受限或不能，伸舌舌尖偏向患侧，舌肌萎缩、无力所造成的吞咽延迟、饮水呛咳、吞咽困难、食物滞留、发音含糊吐字不清，声音、音调及语速异常等患者的康复训练。,舌肌康复训练器,Ⅱ
medical_device_category_19-03-01,1 医用轮椅车,19-03-01,__import__.medical_device_category_19-03,通常由电机、蓄电池、控制系统、车轮、座椅、扶手、脚踏板等组成。可由乘坐者或护理者操作的、有一个或多个电机驱动，有座椅支撑。分为手动转向和动力转向。,用于行动障碍患者转运、行走功能补偿。,电动轮椅车,Ⅱ
medical_device_category_19-03-01,2 医用轮椅车,19-03-01,__import__.medical_device_category_19-03,通常由车轮、座椅、扶手、脚踏板等组成。以乘坐者手驱动、脚踏驱动或护理者手推为动力。至少有三个车轮。,用于行动障碍患者转运、行走功能补偿。,手动轮椅车,Ⅱ
medical_device_category_19-03-02,辅助行走站立器械,19-03-02,__import__.medical_device_category_19-03,通常由支脚、手柄、支撑托、支撑架或臂套组成；或由手柄、手柄套、助行脚和支架组成；或由支撑平台（平台支撑台或前臂支撑台）、手柄、手柄杆、手柄杆调节、轮子、高度调节、（驻车）制动装置和折叠机构、座椅组成。无源产品。,用于行动障碍患者的辅助行走或站立，进行康复训练。,医用拐、助行器、助行架、框式助行架、轮式助行架、台式助行器、轮式助行器、框式助行器、移位助行器、站立架、截瘫行走支具、站立平衡训练支具、辅助步行训练器,Ⅰ
medical_device_category_19-04-01,矫形器,19-04-01,__import__.medical_device_category_19-04,通常由高分子材料、织物、金属等材料制成。穿戴于头部、躯干或四肢体表，用于矫正或预防畸形。,用于对人体躯干、四肢、头部等部位的矫正、辅助治疗。,耳廓矫形器、上肢矫形器、下肢矫形器、脊柱矫形器,Ⅱ
medical_device_category_19-04-02,固定器,19-04-02,__import__.medical_device_category_19-04,通常由高分子材料、织物、皮革、金属等材料制成。穿戴或放置于肢体体表，通过限制肢体活动，达到保持肢体稳定等目的。无源产品。,用于对人体躯干、四肢、头部等部位的外固定或支撑。,胸部固定器、髋部固定器、腰部固定器、下肢固定器、上肢固定器、躯干固定器、肘部固定器、足部固定器、手臂固定器、膝部固定器、踝部固定器、腕关节固定器、颈部固定器、腹部固定器、手指固定器、骶部固定器、背部固定器、肩部固定器、头部固定器、疝气固定带、医用外耳部固定器,Ⅰ
medical_device_category_20-01-01,脉诊设备,20-01-01,__import__.medical_device_category_20-01,通常由主机、加压装置和压力传感器组成。经压力传感器通过皮表对桡动脉及周边组织的腕部寸、关、尺部位以无创的方式，在施加外力的条件下进行脉图采集的设备。,用于中医脉诊。,脉诊仪,Ⅱ
medical_device_category_20-01-02,望诊设备,20-01-02,__import__.medical_device_category_20-01,通常由主机、图像采集装置和光源组成。通过图像采集装置获取舌面图像或者面部图像，并对采集到的图像进行分析的设备。,用于中医望诊，包括舌诊和面诊。,舌诊仪、面诊仪,Ⅱ
medical_device_category_20-01-03,穴位阻抗检测设备,20-01-03,__import__.medical_device_category_20-01,通常由主机、检测电极、辅助电极、传输线等组成。通过外加电信号对穴位或特定部位进行无创阻抗检测的辅助诊断设备。,用于对穴位进行探测及辅助诊断。,经络检测仪、穴位测试仪,Ⅱ
medical_device_category_20-02-01,穴位电刺激设备,20-02-01,__import__.medical_device_category_20-02,通常由主机、输出电极、连接线等组成。通过对针灸针或电极通以微量电流作用于人体穴位或特定部位进行治疗的设备。,用于经络穴位进行刺激。,经络刺激仪、穴位刺激仪电针仪、电子针疗仪、电针治疗仪、经络导平治疗仪,Ⅱ
medical_device_category_20-02-02,温针治疗设备,20-02-02,__import__.medical_device_category_20-02,通常由主机（含加热装置和控温装置）和针具组成。通过加热装置对针具进行加热并作用于人体穴位或特定部位的设备。,用于温针治疗。,温针仪,Ⅱ
medical_device_category_20-02-03,1 灸疗设备,20-02-03,__import__.medical_device_category_20-02,通常由主机、灸材固定装置和自动控制装置组成。通过实时监测的温度反馈给驱动电动机，自动调节灸材与施灸部位的距离以对施灸温度进行控制。,通过灸材燃烧对人体产生温热作用施灸于人体穴位，用于疾病的预防与治疗。,艾灸仪、灸疗床、灸疗机,Ⅱ
medical_device_category_20-02-03,2 灸疗设备,20-02-03,__import__.medical_device_category_20-02,通常由主机、灸头和灸垫组成。利用电子器件发热原理，对灸垫进行加热，并可对施灸温度进行自动控制，施灸于人体穴位或特定部位的设备。,通过灸头和灸垫对人体产生温热作用施灸于人体穴位，用于疾病的预防与治疗。,电子灸治疗仪、灸疗床、灸疗机,Ⅱ
medical_device_category_20-02-04,拔罐设备,20-02-04,__import__.medical_device_category_20-02,通常由电动负压源、导管、罐体等组成。通过负压源使罐体内产生负压，从而吸附在肌肉上。,用于拔罐治疗。,罐疗仪、电动拔罐器,Ⅱ
medical_device_category_20-02-05,熏蒸治疗设备,20-02-05,__import__.medical_device_category_20-02,通常由控制装置、蒸汽发生器、熏蒸舱（或熏蒸床，或喷头）等组成，可有雾化装置和温度控制装置等。通过对药液加热后所产生的蒸汽，对人体进行中药熏蒸的设备，不含中药。,用于中医药物熏蒸治疗的发生设备。,熏蒸治疗舱、熏蒸治疗仪、熏蒸床、熏蒸治疗椅、中药蒸疗机,Ⅱ
medical_device_category_20-02-06,穴位微波刺激设备,20-02-06,__import__.medical_device_category_20-02,通常由主机和微波辐射器组成，微波辐射器尺寸适合作用于穴位（无创）。利用微波对人体穴位进行刺激以产生类似于针灸效果的设备。,用于微波针灸治疗。,微波针灸治疗仪,Ⅲ
medical_device_category_20-02-07,穴位激光刺激设备,20-02-07,__import__.medical_device_category_20-02,通常由主机和激光辐射探头组成。通过弱激光（小于等于3R）对人体穴位进行刺激的设备。,用于激光穴位照射治疗。,激光穴位治疗仪,Ⅱ
medical_device_category_20-03-01,针灸针,20-03-01,__import__.medical_device_category_20-03,通常由针体、针尖、针柄和/或套管组成。针体的前端为针尖，后端设针柄，针体跟针尖都是光滑的，而针柄多有螺纹。,用于中医针刺治疗,针灸针、一次性使用无菌针灸针,Ⅱ
medical_device_category_20-03-02,1 三棱针,20-03-02,__import__.medical_device_category_20-03,通常由针体、针尖和针柄组成。针柄呈圆柱状，针身至针尖呈三角锥形。无菌提供。,用于中医针刺放血。,一次性使用三棱针,Ⅱ
medical_device_category_20-03-02,2 三棱针,20-03-02,__import__.medical_device_category_20-03,通常由针体、针尖和针柄组成。针柄呈圆柱状，针身至针尖呈三角锥形。非无菌提供。,用于中医针刺放血。,三棱针,Ⅰ
medical_device_category_20-03-03,小针刀,20-03-03,__import__.medical_device_category_20-03,通常由手持柄、针体和针刀组成。针刀宽度一般与针体直径相等，刃口锋利。,用于人体皮下或肌肉深部割治使用。,针刀、刃针,Ⅱ
medical_device_category_20-03-04,1 皮肤针,20-03-04,__import__.medical_device_category_20-03,通常由针盘、针体、针尖和针柄组成。外形似小锤状，一端附有莲蓬状的针盘，在针盘下规则嵌有不锈钢短针。根据针的数目多少不同，分别称为梅花针（五支针）、七星针（七支针）、罗汉针（十支针）。无菌提供。,用于叩刺穴位及其他部位的皮肤。,一次性使用皮肤针、一次性使用梅花针、一次性使用七星针,Ⅱ
medical_device_category_20-03-04,2 皮肤针,20-03-04,__import__.medical_device_category_20-03,通常由针盘、针体、针尖和针柄组成。外形似小锤状，一端附有莲蓬状的针盘，在针盘下规则嵌有不锈钢短针。根据针的数目多少不同，分别称为梅花针（五支针）、七星针（七支针）、罗汉针（十支针）。非无菌提供。,用于叩刺穴位及其他部位的皮肤。,皮肤针、梅花针、七星针,Ⅰ
medical_device_category_20-03-05,1 滚针,20-03-05,__import__.medical_device_category_20-03,通常由支架、滚轮、不锈钢针、手柄等组成。无菌提供。,用于体表特定部位的局部刺激，实施滚针疗法。,一次性使用皮肤滚针,Ⅱ
medical_device_category_20-03-05,2 滚针,20-03-05,__import__.medical_device_category_20-03,通常由支架、滚轮、不锈钢针、手柄等组成。非无菌提供。,用于体表特定部位的局部刺激，实施滚针疗法。,皮肤滚针,Ⅰ
medical_device_category_20-03-06,皮内针,20-03-06,__import__.medical_device_category_20-03,通常是以不锈钢丝制成的小针，有颗粒型和揿钉型两种，颗粒型针柄形似麦粒或呈环形，针身与针柄成一直线；揿钉型针柄呈环形，针身与针柄呈垂直状。,用于皮内针疗法使用。,皮内针、揿针、一次性使用无菌揿针、一次性使用无菌耳针、一次性使用无菌皮内针、一次性使用皮下留置治疗针,Ⅱ
medical_device_category_20-03-07,埋线针,20-03-07,__import__.medical_device_category_20-03,通常由衬心座、针座、针管、衬芯和保护套组成。,用于穴位的穿刺埋线。,一次性使用埋线针,Ⅱ
medical_device_category_20-03-08,灸疗器具,20-03-08,__import__.medical_device_category_20-03,通常由灸材、灸材固定装置、温度调节装置等组成。通过灸材固定装置和/或温度调节装置限定和/或调解灸材与施灸表面的相对距离，从而调节施灸温度，通过灸材燃烧对人体产生温热作用施灸于人体穴位的器具。灸材不含药理作用。,通过灸材燃烧对人体产生温热作用施灸于人体穴位。,灸疗装置,Ⅱ
medical_device_category_20-03-09,穴位磁疗器具,20-03-09,__import__.medical_device_category_20-03,通常由永磁体或磁性物质和医用胶布组成。应用磁场作用于人体穴位的器具。,用于对穴位进行磁疗。,穴位磁疗贴、穴位磁疗器,Ⅱ
medical_device_category_20-03-10,浮针,20-03-10,__import__.medical_device_category_20-03,通常由针芯、针座、软管和保护套组成。,用于浮针疗法。,一次性使用浮针,Ⅱ
medical_device_category_20-03-11,1 穴位压力刺激器具,20-03-11,__import__.medical_device_category_20-03,通常由球状体和医用胶布组成。贴于人体穴位处，通过外力仅起压力刺激作用。非无菌产品。所含成分不发挥红外辐射治疗、磁疗等作用。不应含有发挥药理学、免疫学或者代谢作用的成分。,贴于人体穴位处，进行外力刺激。,穴位压力刺激贴、砭贴,Ⅰ
medical_device_category_20-03-11,2 穴位压力刺激器具,20-03-11,__import__.medical_device_category_20-03,一般由砭石制成，下底部为圆柱体，上部为圆锥体。利用外力，通过上部圆锥体，对人体穴位进行按压。不发挥红外辐射、磁疗等作用。非无菌产品。,用于中医点穴、穴位的按压和按摩。,砭锥,Ⅰ
medical_device_category_20-03-11,3 穴位压力刺激器具,20-03-11,__import__.medical_device_category_20-03,通常由针头、针柄和针身组成。使用时，由操作者通过杵针头对穴位进行刺激。使用时不刺入人体。非无菌产品。,用于中医杵针疗法。,杵针,Ⅰ
medical_device_category_20-03-12,刮痧器具,20-03-12,__import__.medical_device_category_20-03,通常采用砭石、玉制品、牛角等材料加工磨光制成。非无菌产品。,用于刮痧治疗。,刮痧板、刮痧器、刮痧砭板,Ⅰ
medical_device_category_20-03-13,拔罐器具,20-03-13,__import__.medical_device_category_20-03,通常由罐体和释放压力的阀体组成。以化学反应发热、燃烧或手动方式产生负压的罐状器具。,用于拔罐疗法。,火罐、玻璃火罐、竹火罐、真空拔罐器、负压拨罐器、负压罐、拔罐器、可调式吸罐、旋转式拔罐器、负压理疗器、火罐瓶、水罐拔罐器,Ⅰ
medical_device_category_21-01-01,放射治疗计划系统软件,21-01-01,__import__.medical_device_category_21-01,通常由软件安装光盘（或者从网络下载安装程序）组成。通常情况下（非必须），利用一个或多个特定算法，对人体器官吸收剂量分布进行估算。,用于制定患者的放射治疗计划。,放射治疗计划系统软件、伽玛射线立体定向放射治疗计划系统软件、放射性粒籽源植入治疗计划系统软件,Ⅲ
medical_device_category_21-01-02,1 放射治疗辅助软件,21-01-02,__import__.medical_device_category_21-01,通常由软件安装光盘（或者从网络下载安装程序）组成。提供、定义或者显示治疗机设置数据；由人工输入数据或直接从其他设备导入数据；记录整个治疗阶段的数据。,用于在计划的放射治疗开始之前和每个治疗阶段开始之前，比较放射治疗机当前参数和预置参数，并记录实际治疗阶段的数据。,放射治疗记录与验证系统软件,Ⅲ
medical_device_category_21-01-02,2 放射治疗辅助软件,21-01-02,__import__.medical_device_category_21-01,通常由软件安装光盘（或者从网络下载安装程序）组成。放射治疗前利用获得的影像信息，以及分析处理结果，确定目标靶点坐标或者位置。,用于辅助完成放射治疗。,放射治疗轮廓勾画软件、放射治疗模拟定位软件,Ⅲ
medical_device_category_21-01-03,1 手术计划软件,21-01-03,__import__.medical_device_category_21-01,通常由软件安装光盘（或者从网络下载安装程序）组成。利用获得的影像信息，以及对其分析处理结果，制定手术计划或方案。,用于在术前制定手术计划。牙科、耳鼻喉类除外。,立体定向手术计划软件、手术模拟软件、手术计划软件,Ⅲ
medical_device_category_21-01-03,2 手术计划软件,21-01-03,__import__.medical_device_category_21-01,通常由软件安装光盘（或者从网络下载安装程序）组成。利用获得的影像信息，以及对其分析处理结果，制定牙科、耳鼻喉手术计划或方案。,用于在牙科、耳鼻喉术前制定手术计划。,数字化种植设计软件、牙科修复体设计软件,Ⅱ
medical_device_category_21-02-01,医学影像存储与传输系统软件,21-02-01,__import__.medical_device_category_21-02,通常由软件安装光盘（或者从网络下载安装程序）组成。将医疗影像设备输出的影像和/或视频信号进行采集、保存到计算机硬盘中，供医疗部门各科室之间和/或医院之间的影像接收、传输、显示、存储、输出等处理。,用于医学影像接收、传输、显示、存储、输出等处理，供临床诊疗使用。,影像归档与传输系统软件、医学影像管理与通讯系统软件、医学影像存档与通讯系统软件,Ⅱ
medical_device_category_21-02-02,医学影像处理软件,21-02-02,__import__.medical_device_category_21-02,通常由软件安装光盘（或者从网络下载安装程序）组成。利用影像处理方法，对医学影像进行三维重建、配准等处理。,用于对来源于单模式或多模式的医学影像进行处理。,超声影像管理软件、内窥镜图文工作站软件、数字化超声工作站软件、磁共振影像处理软件、核医学工作站软件、CT影像处理软件、X射线血管造影影像处理软件、数字化X射线影像处理软件,Ⅱ
medical_device_category_21-03-01,监护软件,21-03-01,__import__.medical_device_category_21-03,通常由软件安装光盘（或者从网络下载安装程序）组成。通过数据通信的方式从监护设备获取数据，集中实时显示和报警。,用于从监护设备获取数据、集中实时显示、报警。,中央监护工作站软件、中央监护管理软件、中央监护信息中心软件、妊娠高血压综合征监测软件,Ⅱ
medical_device_category_21-03-02,生理信号处理软件,21-03-02,__import__.medical_device_category_21-03,通常由软件安装光盘（或者从网络下载安装程序）组成。对采集到的脑电、心电、肌电等生理信号进行分析处理。,用于对脑电、心电、肌电等生理信号进行分析处理。,动态心电分析软件、心电工作站软件、心电数据管理软件,Ⅱ
medical_device_category_21-04-01,药物计算软件,21-04-01,__import__.medical_device_category_21-04,通通常由软件安装光盘（或者从网络下载安装程序）组成。基于药代和/或药物模型、患者生理参数与体征计算药物注射方案，为临床注射药物提供建议。,用于为临床注射药物提供建议。,胰岛素注射计算软件,Ⅲ
medical_device_category_21-04-02,1 计算机辅助诊断/分析软件,21-04-02,__import__.medical_device_category_21-04,通常由软件安装光盘（或者从网络下载安装程序）组成。利用影像处理和/或数据处理技术，由计算机软件对病变进行自动识别，对病变的性质等给出临床诊断治疗依据和/或建议。,由计算机软件对病变进行自动识别，对病变的性质等给出临床诊断治疗依据和/或建议。,乳腺X射线影像计算机辅助诊断软件、结肠计算机辅助诊断软件、肺部计算机辅助诊断软件、乳腺超声辅助诊断软件、肺结节CT影像辅助检测软件、糖尿病视网膜病变眼底图像辅助诊断软件、冠脉CT造影图像血管狭窄辅助分诊软件,Ⅲ
medical_device_category_21-04-02,2 计算机辅助诊断/分析软件,21-04-02,__import__.medical_device_category_21-04,通常由软件安装光盘（或者从网络下载安装程序）组成。对影像或者数据进行分析，给出临床参考值。,对影像或者数据进行分析，给出临床参考值。,骨密度计算机辅助检测软件,Ⅱ
medical_device_category_21-04-03,中医诊疗软件,21-04-03,__import__.medical_device_category_21-04,通常由软件安装光盘（或者从网络下载安装程序）组成。利用中医证治的相关理论，使用数据统计等方法，实现各种征候的分析诊断和/或提供治疗建议。,用于实现各种征候的分析诊断和/或提供治疗建议。,岐黄脏象辅助诊疗软件、中医诊疗软件,Ⅱ
medical_device_category_21-05-01,医学显微影像分析软件,21-05-01,__import__.medical_device_category_21-05,通常由软件安装光盘（或者从网络下载安装程序）组成。具有对从各种显微设备获取的影像进行获取、传输、合成、观察、分析、处理和报告等功能。,用于对从各种显微设备获取的影像进行辅助诊断、分析、存档等。,医学病理影像采集软件、医学显微影像分析软件、染色体分析软件、尿沉渣分析软件,Ⅱ
medical_device_category_21-05-02,筛查、分析软件,21-05-02,__import__.medical_device_category_21-05,通常由软件安装光盘（或者从网络下载安装程序）组成。通过对临床、生化、免疫等测量数据的分析、计算，从而对疾病进行诊断、评估等。,用于对疾病进行筛查、评估等。,产前筛查分析软件、唐氏综合征产前筛查分析软件、神经管畸形产前筛查分析软件、21三体综合征风险计算软件、18三体综合征风险计算软件、神经管缺陷风险计算软件、血糖数据分析软件,Ⅱ
medical_device_category_21-06-01,康复训练软件,21-06-01,__import__.medical_device_category_21-06,通常由软件安装光盘（或者从网络下载安装程序）组成。由分级检查、训练和辅助治疗模块组成，也可由单个模块组成的软件系统。,用于辅助治疗和康复训练。,弱视儿童视觉功能训练软件、视功能检查训练软件,Ⅱ
medical_device_category_22-01-01,血型分析仪器,22-01-01,__import__.medical_device_category_22-01,通常由工作平台、标本试管架装置、试剂混匀装置、加样系统、孵育器、离心机、判读装置等组成。原理一般为微孔板红细胞凝集法、凝胶卡式检测法等。,与适配试剂配合使用，用于ABO/Rh血型检测、交叉配血检测及不规则抗体检测等。,血型分析仪、全自动血型分析仪、全自动配血及血型分析仪、血型分析用凝胶卡判读仪、血库系统,Ⅲ
medical_device_category_22-01-02,血细胞分析仪器,22-01-02,__import__.medical_device_category_22-01,通常由血细胞检测模块、血红蛋白测定模块、机械模块、电子模块、计算机系统等组成。原理一般为电阻抗法、比色法、流式激光散射技术等。,用于对血液/体液中有形成分进行定量定性分析，并提供相关信息。,血细胞分析仪、全自动血细胞分析仪、全自动五分类血细胞分析仪、全自动三分群血细胞分析仪、干式血球计数仪、全自动模块式血液体液分析仪/系统、半自动血细胞分析仪、血细胞计数器、T淋巴细胞计数仪（非流式）、白细胞计数仪,Ⅱ
medical_device_category_22-01-03,血细胞形态分析仪器,22-01-03,__import__.medical_device_category_22-01,通常由机械模块、光学成像模块、计算机系统等组成。原理一般为光学成像后与细胞图库进行比对后再进行统计，计算血细胞的比例或数量。,用于血细胞和/或体液的分类、数量统计和/或细胞形态学描述。,血细胞形态分析仪、全自动血细胞形态学分析仪、全自动细胞形态学分析仪,Ⅱ
medical_device_category_22-01-04,凝血分析仪器,22-01-04,__import__.medical_device_category_22-01,通常由预温模块、加样模块、计时模块、样品传送及处理模块、检测模块和计算机系统等组成。原理一般为凝固法、产色底物法和免疫比浊法等。,用于对血液进行凝血和抗凝、纤溶和抗纤溶等功能的分析。,凝血分析仪、D-二聚体分析仪、凝血酶原时间检测仪、活化凝血时间分析仪、即时凝血分析仪、全自动凝血因子分析仪、血凝-纤溶多功能分析仪、半自动凝血分析仪、全自动凝血分析仪、ACT监测仪、活化凝血时间与凝血速率监测仪、自动凝血计时器、血栓弹力图仪,Ⅱ
medical_device_category_22-01-05,血小板分析仪器,22-01-05,__import__.medical_device_category_22-01,通常由液路模块、样品处理模块、检测模块、计算机系统等组成。原理一般为比浊法等。,用于分析血液样本中血小板数量、体积、聚集率等相关功能参数。,血小板分析仪、血小板凝集仪、全自动血小板分析仪、全自动血小板聚集仪、血小板功能分析仪、凝血和血小板功能分析仪、半自动血小板聚集仪,Ⅱ
medical_device_category_22-01-06,血流变分析仪器,22-01-06,__import__.medical_device_category_22-01,一般分为毛细管粘度计和旋转式粘度计。毛细管粘度计通常由毛细管、样品池、控温装置、驱动装置、计时器等组成；旋转式粘度计通常由加样模块、样本传感器、转速控制与调节模块、力矩测量模块、恒温模块等组成。原理一般为泊肃叶定律或粘滞定律等。,用于临床对全血、血浆或血细胞流变特性进行分析。,全自动血流变分析仪、半自动血液流变分析仪、血液粘度计、血液流变动态分析仪、红细胞变形仪,Ⅱ
medical_device_category_22-01-07,红细胞沉降仪器,22-01-07,__import__.medical_device_category_22-01,通常由机械模块、光学模块或激光扫描模块、数据处理换算模块等组成。原理一般为光学法或激光扫描微量全血法等。,用于血液样品红细胞沉降速度和/或压积的测量。,红细胞沉降压积仪、动态血沉压积测试仪、全自动血沉分析仪、全自动动态血沉分析仪、全自动红细胞沉降率测定仪,Ⅰ
medical_device_category_22-01-08,流式细胞分析仪器,22-01-08,__import__.medical_device_category_22-01,通常由流动室和液流系统、激光源和光学系统、光电管和检测系统、计算机和分析系统组成。原理一般为通过液流系统使单个粒子通过流动室并分析单个粒子的荧光标记信号，实现对其生物特性的分析。,用于对处在液体中的细胞或其他生物微粒逐个进行多参数的快速定量分析和/或分选。,流式细胞仪、T淋巴细胞计数仪,Ⅱ
medical_device_category_22-02-01,生化分析仪器,22-02-01,__import__.medical_device_category_22-02,通常由样品器、取样装置、反应池或反应管道、保温器、检测器、微处理器等中的一种或几种组成。原理一般为分光光度法、透射比浊法、离子选择性电极法、荧光法、反射光度法、差示电位法等。,与适配试剂配合使用，用于人体样本中待测物的定性和/或定量分析。,全自动生化分析仪、半自动生化分析仪、干式生化分析仪、全自动干式生化分析仪、新生儿总胆红素测定仪、生化分析仪、氧自由基生化分析仪、肌酐分析仪、胆红素分析仪、尿微量白蛋白分析仪、血红蛋白干化学分析仪、血红蛋白分析仪,Ⅱ
medical_device_category_22-02-02,血糖及血糖相关参数分析仪器,22-02-02,__import__.medical_device_category_22-02,通常由主机模块、电源模块、软件模块等组成。原理一般为电化学法、光反射技术、比色法等。不包含采血器具及适配试剂。,与适配试剂配合使用，用于人体样本中待测物的定性和/或定量分析。,血糖分析仪、血糖/尿酸/总胆固醇分析仪、血糖/总胆固醇分析仪、血糖血压测试仪、血糖与血脂监测仪、血糖血酮仪、血酮体测试仪、葡萄糖/乳酸分析仪、尿酸/血糖分析仪、血脂/血糖分析仪、血糖/胆固醇两用检测仪、血糖/胆固醇/甘油三酯/乳酸分析仪、血脂分析仪,Ⅱ
medical_device_category_22-03-01,电解质分析仪器,22-03-01,__import__.medical_device_category_22-03,通常由电极模块、测量模块、管路模块、电路模块和数据输出模块组成。原理一般为离子选择电极法等。,用于分析血液及体液中的电解质含量。,电解质分析仪、半自动电解质分析仪、钾/钠/氯/钙/pH分析仪、钾/钠/氯分析仪、全自动电解质分析仪,Ⅱ
medical_device_category_22-03-02,血气分析仪器,22-03-02,__import__.medical_device_category_22-03,通常由电极模块、测量模块、管路模块、电路模块、数据输出模块等组成。原理一般为离子选择电极法和微电子和生物芯片技术等。,用于测定血液及体液的pH、二氧化碳分压、氧分压等血气参数。,血气分析仪、血氧分析仪、全自动血气分析仪、手持式血液血气分析仪,Ⅱ
medical_device_category_22-03-03,电解质血气分析仪器,22-03-03,__import__.medical_device_category_22-03,通常由电极模块、测量模块、管路系电路模块和数据输出模块组成。原理一般为离子选择电极法等。,用于体外定量测定血液、体液、透析液中电解质含量、血气参数和代谢物含量等。,全自动血气/电解质分析仪、全自动血气/电解质和生化分析仪、血气/血氧/电解质和代谢物测量系统、血气/电解质分析仪,Ⅱ
medical_device_category_22-03-04,电解质血气检测电极,22-03-04,__import__.medical_device_category_22-03,通常由单项或多项电极块组成。,与电解质分析仪、血气分析仪和含电解质模块的生化分析仪配套使用，用于电解质及血气的分析。,二氧化碳电极、钙电极、钾电极、pH电离子选择性电极、锂电极、参比电极、氯电极、钠电极、葡萄糖/乳酸/尿素电极盒、葡萄糖电极、乳酸电极、氧电极、血气、电解质和生化分析仪用电极、电解质检测电极块、红细胞压积电极、葡萄糖/乳酸电极、电极膜,Ⅱ
medical_device_category_22-04-01,酶联免疫分析仪器,22-04-01,__import__.medical_device_category_22-04,通常由传输模块、试剂加注模块、孵育模块、光学模块、清洗模块和数据处理模块中的一种或几种组成。原理一般为单色光经标本吸收后通过光电检测器将光信号转换成电信号，由数据处理系统经过计算得出浓度值。,与适配试剂配合使用，用于人体样本中待测物的定性和/或定量分析。,全自动酶联免疫分析仪，酶联免疫分析仪,Ⅱ
medical_device_category_22-04-02,化学发光免疫分析仪器,22-04-02,__import__.medical_device_category_22-04,通常由加样模块、反应模块、光学检测模块（光电倍增管）、数据处理模块、温育温控模块和清洗分离模块等中的一种或几种组成。原理一般为将化学发光反应发出的光信号转变为数字信号，由数据处理系统经过计算得出浓度值。,与适配试剂配合使用，用于人体样本中待测物的定性和/或定量分析。,全自动化学发光免疫分析仪、全自动电化学发光免疫分析仪、全自动化学发光测定仪、化学发光免疫分析仪,Ⅱ
medical_device_category_22-04-03,荧光免疫分析仪器,22-04-03,__import__.medical_device_category_22-04,通常由加样模块、反应模块、光学检测模块（荧光）、数据处理模块、温育温控模块、清洗分离模块等中的一种或几种组成。原理一般为将荧光信号转变为数字信号，由数据处理系统经过计算得出浓度值。,与适配试剂配合使用，用于人体样本中待测物的定性和/或定量分析。,荧光免疫分析仪、干式荧光免疫分析仪、时间分辨免疫荧光分析仪、全自动荧光免疫分析仪,Ⅱ
medical_device_category_22-04-04,免疫层析分析仪器,22-04-04,__import__.medical_device_category_22-04,通常由光电检测模块、机械扫描控制模块、控制主板模块、信息采集模块等组成。原理一般为通过传感器将检测试剂卡的反射率信号转为光电信号，通过校准信息将光电信号转为相应的浓度值或阈值，对待测物进行分析。,与适配试剂配合使用，用于人体样本中待测物的定性和/或定量分析。,免疫层析分析仪、金标免疫层析分析仪、胶体金免疫层析试条检测仪、金标斑点法定量读数仪、心脏标志物检测仪、金标测试仪、早孕/排卵试纸阅读仪,Ⅱ
medical_device_category_22-04-05,免疫印迹仪器,22-04-05,__import__.medical_device_category_22-04,通常由蠕动泵模块、加样模块、温控模块、检测分析模块等组成。原理一般为直接在膜上进行抗原抗体反应后显色、拍照或扫描分析。,与适配试剂配合使用，用于人体样本中待测物的定性和/或定量分析。,全自动蛋白印迹仪、全自动免疫印迹仪、胎儿纤维连接蛋白分析仪、过敏源IgE抗体检测仪、全自动过敏原IgE抗体分析仪、免疫印迹分析仪,Ⅱ
medical_device_category_22-04-06,免疫散射浊度分析仪器,22-04-06,__import__.medical_device_category_22-04,通常由光学模块、检测模块、计算机系统等组成。原理一般为散射光比浊法。,与适配试剂配合使用，用于人体样本中待测物的定性和/或定量分析。,特定蛋白分析仪、C反应蛋白分析仪、免疫浊度分析仪、便携式蛋白检测仪、散射比浊分析仪、全自动散射比浊分析仪、全自动蛋白分析仪、全自动化学比浊测定仪,Ⅱ
medical_device_category_22-04-07,免疫分析一体机,22-04-07,__import__.medical_device_category_22-04,通常由加样模块、反应模块、光学模块、信号检测模块、计算机系统、温育温控模块和清洗分离模块等中的一种或几种组成。并由两种或两种以上检测原理的分析模块组成。,与适配试剂配合使用，用于人体样本中待测物的定性和/或定量分析。,全自动化学发光酶免分析仪、多元磁珠荧光酶标分析仪、全自动双标记荧光阅读仪,Ⅱ
medical_device_category_22-04-08,间接免疫荧光分析仪器,22-04-08,__import__.medical_device_category_22-04,通常由荧光显微镜模块和软件模块组成。,用于采集、分析、存储和显示间接免疫荧光载片的数字图像，提供核型及滴度判读建议。,全自动间接免疫荧光法分析仪、全自动间接免疫荧光判读系统,Ⅱ
medical_device_category_22-04-09,生化免疫分析仪器,22-04-09,__import__.medical_device_category_22-04,通常由生化分析模块和免疫分析模块组成。,与适配试剂配合使用，用于人体样本中待测物的定性和/或定量分析。,模块化生化免疫分析系统、全自动生化免疫分析仪,Ⅱ
medical_device_category_22-05-01,基因测序仪器,22-05-01,__import__.medical_device_category_22-05,通常由移液模块、检测模块、数据处理模块、显示控制模块等组成。原理一般为大规模平行并列测序、单分子测序等。,与适配试剂配合使用，用于对样本中DNA或RNA分析，检测基因数量和序列的变化。,基因测序仪、基因测序系统,Ⅲ
medical_device_category_22-05-02,sanger测序仪器,22-05-02,__import__.medical_device_category_22-05,通常由毛细管电泳仪、毛细管阵列及高分子分离胶、计算机工作站及液晶显示器和嵌入式的软件组成。原理一般sanger测序法。,与适配试剂配合使用，用于对样本中DNA或RNA分析，检测基因序列的变化。,sanger测序仪器,Ⅱ
medical_device_category_22-05-03,1 核酸扩增分析仪器,22-05-03,__import__.medical_device_category_22-05,通常由控制部件、热盖部件、热循环部件、光电部件、传动部件、嵌入式软件和分析软件、电源部件等组成。原理一般为利用温度控制，为核酸的体外扩增提供适宜环境，采集和分析扩增过程中产生的光、电信号。,与适配试剂配合使用，用于样本基因的核酸体外扩增与分析。,核酸扩增检测分析仪、实时荧光定量PCR分析仪、全自动PCR分析系统、全自动荧光PCR分析仪、全自动核酸检测分析系统、实时定量PCR仪、恒温核酸扩增分析仪、实时荧光PCR分析仪、恒温扩增微流控芯片核酸分析仪,Ⅲ
medical_device_category_22-05-03,2 核酸扩增分析仪器,22-05-03,__import__.medical_device_category_22-05,通常由样本核酸分配体系或模块、扩增模块、信号采集分析模块、软件、电源部件等组成。样本核酸分配体系或模块采用的原理主要为通过微流控芯片或形成微小液滴的方式达到模板单分子分配，从而进行单独、平行的 PCR 反应。扩增模块原理则和核酸扩增仪器一致。信号采集分析模块原理一般为通过采集荧光信号的有无判定单个反应体系中模板分子的存在，进行检测分析。,与适配试剂配合使用，用于样本的核酸体外扩增与分析。,数字PCR分析系统、数字PCR芯片阅读系统、数字PCR仪,Ⅲ
medical_device_category_22-05-04,核酸扩增仪器,22-05-04,__import__.medical_device_category_22-05,通常由控制部件、热盖部件、热循环部件、光电部件、传动部件、嵌入式软件和电源部件组成。原理一般为利用温度控制，为核酸的体外扩增提供适宜环境。,与适配试剂配合使用，用于样本基因的核酸体外扩增。,基因扩增仪、基因扩增热循环仪、PCR扩增仪、恒温核酸扩增仪、基因测序文库制备仪,Ⅱ
medical_device_category_22-05-05,核酸分子杂交仪器,22-05-05,__import__.medical_device_category_22-05,通常由控温模块和控制面板模块等组成。原理一般为碱基互补原则。,用于核酸分子的杂交。,核酸分子杂交仪、全自动核酸分子杂交仪、恒温杂交仪,Ⅱ
medical_device_category_22-06-01,微生物比浊仪器,22-06-01,__import__.medical_device_category_22-06,通常由光源模块、光电检测器模块、校准模块等组成。原理一般为浊度法。,用于测量微生物悬液的光密度，按麦氏浊度确定微生物的接种浓度等。,微生物比浊仪、细菌比浊仪、麦氏比浊计,Ⅰ
medical_device_category_22-06-02,微生物培养监测仪器,22-06-02,__import__.medical_device_category_22-06,通常由孵育模块、检测模块、控制/报警模块、显示模块、随机软件模块等组成。还可包括空气过滤、条码扫描等，原理一般为通过测量光散射，光密度，电阻抗，压力感应，产色（二氧化碳）或是通过细菌直接计数的变化来确定细菌悬浮在液体培养基的浓度。,用于临床培养、检测血液和体液等标本中需氧菌、厌氧菌、真菌和分枝杆菌等。,微生物培养监测仪、血液微生物培养监测仪,Ⅱ
medical_device_category_22-06-03,微生物药敏培养监测仪器,22-06-03,__import__.medical_device_category_22-06,通常由孵育模块、检测模块、控制/报警模块、显示模块、随机软件模块等组成，还可包括空气过滤、条码扫描等。原理一般为通过测量光散射，光密度，电阻抗，压力感应和产色（二氧化碳）或是细菌直接计数的变化来确定细菌悬浮在液体培养基的浓度，以判断培养结果（阴性或是阳性）。通过监测添加抗生素的培养瓶中细菌的生长状况，实现微生物药敏检测。,用于临床培养血液和体液等标本中需氧菌、厌氧菌、真菌和分枝杆菌等。同时用于细菌、真菌和分枝杆菌的药敏检测。,微生物药敏培养监测仪、分枝杆菌培养监测药敏分析仪、分枝杆菌培养监测仪,Ⅱ
medical_device_category_22-06-04,微生物鉴定仪器（非质谱）,22-06-04,__import__.medical_device_category_22-06,通常由主机模块、随机软件模块、条码阅读器模块等组成。原理一般为通过形态学、生长、生理学及临床化学的手段鉴定从生物样本（如：血液、尿液、脑脊液、唾液或粪便）中分离出的传染性和/或病原性的微生物。,用于鉴定临床样本中分离出的微生物类别。,微生物鉴定仪,Ⅱ
medical_device_category_22-06-05,微生物质谱鉴定仪器,22-06-05,__import__.medical_device_category_22-06,通常可包括样本板、质谱仪主机（基质辅助激光解吸电离离子源和飞行时间质量检测器、可选反射器的垂直离子飞行管）、包含临床常见或重要菌种的质谱指纹图谱数据库在内的软件等组成。原理一般利用基质辅助激光解吸电离飞行时间质谱系统采集临床病原微生物样本核糖体蛋白的指纹图谱，并与数据库中的菌种指纹图进行比对，从而给出鉴定信息。,用于对临床分离出的微生物（细菌、真菌和分枝杆菌）进行鉴定。,微生物质谱鉴定仪,Ⅱ
medical_device_category_22-06-06,微生物鉴定药敏分析仪器,22-06-06,__import__.medical_device_category_22-06,通常由自动接种器模块、孵育模块、鉴定模块、药敏分析模块、计算机模块、条码阅读器模块、随机软件模块等一种或几种组成。原理一般为通过形态学、生长、生理学及临床化学的手段鉴定从生物样本（如：血液、尿液、脑脊液、唾液或粪便）中分离出的传染性和/或病原性微生物。药敏部分：通过与含不同浓度抗菌剂的试剂配合使用，来确定从临床样本分离出的细菌病原体的药物敏感性。,用于对临床分离出的微生物鉴定和/或药敏分析。,微生物鉴定药敏分析仪、微生物药敏分析仪,Ⅱ
medical_device_category_22-06-07,细菌内毒素/真菌葡聚糖检测仪器,22-06-07,__import__.medical_device_category_22-06,通常由光道模块、自动恒温器模块和控温模块组成。原理一般为凝胶法、光度法等。,用于细菌内毒素和/或（1，3）-β-D葡聚糖的检测,细菌内毒素检测仪、细菌内毒素/真菌葡聚糖检测仪,Ⅱ
medical_device_category_22-06-08,幽门螺旋杆菌分析仪器,22-06-08,__import__.medical_device_category_22-06,通常由进样模块、空气净化干燥模块、光学模块、测量模块、电气控制模块和气体采集模块组成。原理一般为呼气试验检测法。,用于临床诊断由于幽门螺旋杆菌感染引起的疾病。,幽门螺旋杆菌检测仪、碳13呼气质谱仪、碳13红外光谱仪、碳13呼气分析仪、呼气试验测试仪,Ⅱ
medical_device_category_22-07-01,医用光学显微镜,22-07-01,__import__.medical_device_category_22-07,通常由观察系统、照明系统和载物台组成。观察系统是具有目镜、物镜的光学显微系统，不包括数码放大显示系统，可外接图像采集显示系统。利用显微放大原理，观察物体细节。不具备图像扫描、分析功能。,用于对临床样本的显微放大观察。,生物显微镜、超倍生物显微系统、倒置生物显微镜、正置生物显微镜、数码生物显微镜、光学生物显微镜、LED生物显微镜、荧光生物显微镜,Ⅰ
medical_device_category_22-07-02,图像扫描仪器,22-07-02,__import__.medical_device_category_22-07,通常由光学成像系统、图像采集系统、图像工作站、软件等组成。原理一般为以照相扫描的方式将样本或样本处理结果呈现为图像。,用于对临床样本或样本处理结果进行扫描、观察等。,病理切片扫描仪、显微镜扫描系统、电泳扫描仪,Ⅱ
medical_device_category_22-07-03,图像分析仪器,22-07-03,__import__.medical_device_category_22-07,通常由光学成像系统、图像采集系统、计算机、图像分析软件等组成。原理一般为以照相扫描的方式将载片上的细胞呈现为图像，并能对图片上的细胞进行分类标记及分析。,用于对临床样本的显微图像进行观察、筛选、标记及分析等。,显微影像分析仪、玻片扫描分析影像系统、全自动染色体显微图像扫描系统、细胞医学图像分析系统、医学显微图像分析系统、自动扫描显微镜和图像分析系统,Ⅱ
medical_device_category_22-08-01,放射免疫γ计数器,22-08-01,__import__.medical_device_category_22-08,通常由探测头、信号处理电路和计算机系统组成。原理一般为放射免疫分析方法。,用于测定碘125等放射性核素发出的γ放射性射线。临床上与放免试剂盒配合使用，用于人体样本中待测物的定性和/或定量分析。,放射免疫分析仪、放射免疫计数器、放射免疫γ计数器,Ⅱ
medical_device_category_22-08-02,液体闪烁计数器,22-08-02,__import__.medical_device_category_22-08,通常由探测模块、测量模块和计算机系统组成，原理一般为采用液体闪烁体（闪烁液）接受射线并转换成荧光光子。,用于测定氚、碳14等放射性核素发射出的β放射性射线。临床上与放免试剂盒配合使用，用于人体样本中待测物的定性和/或定量分析。,液体闪烁计数器,Ⅱ
medical_device_category_22-08-03,放射性层析扫描装置,22-08-03,__import__.medical_device_category_22-08,通常由探测头（含两级传感器）信号处理电路、电源、样品传送机械系统、计算机系统等组成。,用于放射性标记化合物或放射性药物的比移值和放射化学纯度的分析。,放射性层析扫描仪,Ⅱ
medical_device_category_22-09-01,干化学尿液分析仪器,22-09-01,__import__.medical_device_category_22-09,通常由机械模块、光学模块、电路模块等组成。原理一般为反射光度法等。,与适配试剂配合使用，用来测量尿液中蛋白、葡萄糖、尿pH值、酮体、尿胆原、胆红素、亚硝酸盐等参数。,尿液分析仪、全自动尿液分析仪、干化学尿液分析仪、全自动干化学尿液分析仪、便携式尿液分析仪、半自动尿液分析仪、尿糖计,Ⅱ
medical_device_category_22-09-02,尿液有形成分分析仪器,22-09-02,__import__.medical_device_category_22-09,一般分为流式细胞式和影像式。流式细胞式通常由光学检测模块、液流模块、电阻抗检测模块和电路模块组成。原理一般为流式细胞分析术。影像式通常由标本处理模块、光学计数池模块、显微摄像模块、数据处理模块等部分组成。原理一般为数字成像自动识别原理。,用于尿液中有形成分的识别和分析。,尿液有形成分分析仪、全自动尿液有形成分分析仪,Ⅱ
medical_device_category_22-09-03,尿液分析系统,22-09-03,__import__.medical_device_category_22-09,通常由尿液干化学模块和尿液有形成分分析模块组成。,用于对人体尿液中理化指标以及尿液或体液中有形成分进行定性、定量分析。,全自动尿液分析系统,Ⅱ
medical_device_category_22-09-04,粪便分析仪器,22-09-04,__import__.medical_device_category_22-09,通常由样本处理模块、显微镜模块、结果处理软件模块等组成。原理一般为化学法、免疫法及显微镜检法等。,用于粪便标本的有形成分、潜血和病原微生物等的检测。,便潜血分析仪、粪便分析仪、粪便常规分析仪、全自动粪便分析仪,Ⅱ
medical_device_category_22-09-05,精子分析仪器,22-09-05,__import__.medical_device_category_22-09,通常由显微图像扫描模块、温控系统模块、计数池模块、计算机系统、软件等组成。,用于精子质量的分析。,精子分析仪、精子质量分析仪、精子采集分析仪、精子自动检测分析仪,Ⅱ
medical_device_category_22-09-06,生殖道分泌物分析仪器,22-09-06,__import__.medical_device_category_22-09,通常由自动加样模块、恒温育模块、检测-控制模块、计算机系统等中的一种或几种组成。原理一般为利用光学检测技术，检测被测样本对生化或酶学等显色的反应。,用于人体生殖道分泌物样本中被分析物的定性或定量检测分析。,生殖道分泌物分析仪、阴道分泌物检测仪,Ⅱ
medical_device_category_22-09-07,其他体液分析仪器,22-09-07,__import__.medical_device_category_22-09,通常由检测模块、测定模块、机械模块、电子模块、计算机系统等组成。原理一般为反射光度法等。,用于脑脊液、胸腹水和关节腔积液等体液标本的常规检测。,体液分析仪,Ⅱ
medical_device_category_22-09-08,其他体液形态学分析仪器,22-09-08,__import__.medical_device_category_22-09,通常由样品传送模块、吸样与清洗模块件、显微摄像模块、计算机系统等组成。原理一般为显微影像扫描法、流式细胞分析术等。,用于精子、白带、脑脊液、胸腹水、关节腔积液等体液标本中有形成分的形态学分析。,体液形态学分析仪、白带分析仪,Ⅱ
medical_device_category_22-10-01,流式点阵仪器,22-10-01,__import__.medical_device_category_22-10,通常由液路模块、信号采集模块、电机模块、数据处理模块等组成。原理一般为基于流式荧光技术（又称液态芯片、液相芯片）的高通量检测技术。,与适配试剂配合使用，用于人体样本中待测物的定性和/或定量分析。,流式点阵仪、全自动流式点阵发光免疫分析仪,Ⅱ
medical_device_category_22-10-02,微量元素分析仪器,22-10-02,__import__.medical_device_category_22-10,通常由主机模块、微量分析工作台模块、软件、计算机系统等组成。原理一般为电化学分析方法、电位溶出法、原子吸收法及质谱法等。,用于检测血液，尿液，毛发等样品中的各种微量元素。,微量元素分析仪、血液铅镉分析仪、血液五元素分析仪、医用原子吸收光谱仪,Ⅱ
medical_device_category_22-10-03,质谱检测系统,22-10-03,__import__.medical_device_category_22-10,通常由进样模块（质谱与色谱联机时，则进样模块由色谱仪代替）、离子化模块、质量分析模块、信号检测模块、数据处理模块、真空系统模块等组成。原理一般是使样本中的目标成分转化为运动的离子，在电场/磁场中按质荷比大小进行分离，从而达到分析的目的。,用于临床上对被测物进行定性、定量检测。,三重四极杆质谱仪、液相色谱串联质谱系统、质谱仪、超高效液相色谱串联质谱系统、飞行时间质谱系统、液体芯片飞行时间质谱系统,Ⅱ
medical_device_category_22-10-04,液相色谱分析仪器,22-10-04,__import__.medical_device_category_22-10,通常由进样模块，流动相供给模块和色谱柱温控模块、检测器模块等组成。原理一般为液相色谱法等。,用于人体样本中被测物的定量检测。,糖化血红蛋白分析仪、全自动糖化血红蛋白分析仪、变异血红蛋白分析仪、液相色谱分析仪,Ⅱ
medical_device_category_22-10-05,色谱柱,22-10-05,__import__.medical_device_category_22-10,通常由柱体和固定部件等组成。,与分析设备配套使用，用于对人体样本中的被测物进行分离。,糖化血红蛋白层析柱、层析柱、色谱柱,Ⅱ
medical_device_category_22-10-06,渗透压测定仪器,22-10-06,__import__.medical_device_category_22-10,一般分为冰点渗透压测定和胶体渗透压测定。冰点渗透压测定仪通常由制冷模块、搅动模块、测温传感器模块和计算机系统组成；原理一般为振动原理结晶。胶体渗透压测定仪通常由半透膜及其固定装置参比液室电压传感器和计算机系统组成。原理一般为渗透原理。,用于测量尿液、血液等样本的晶体渗透压和胶体渗透压。,全自动冰点渗透压计、冰点渗透压测定仪、胶体渗透压测定仪,Ⅱ
medical_device_category_22-10-07,循环肿瘤细胞分析仪器,22-10-07,__import__.medical_device_category_22-10,通常由自动样本处理系统和结果分析系统组成。,用于检测循环血中的上皮来源的肿瘤细胞。,循环肿瘤细胞分析仪,Ⅲ
medical_device_category_22-10-08,生物芯片分析仪器,22-10-08,__import__.medical_device_category_22-10,通常由主机模块、光电信号采集器模块、计算机系统等组成。原理一般为采集生物芯片上的光、电信号，通过软件进行分析。,用于临床实验室对多种医学检测项目进行定性、半定量或定量检测。,生物免疫层析芯片检测仪、生物芯片反应仪、压电蛋白芯片分析仪、人乳头瘤病毒（HPV）分型基因芯片检测阅读系统、生物芯片阅读仪、微阵列芯片检测仪、微阵列芯片扫描仪、基因芯片阅读仪、基因杂交信号扩大仪,Ⅱ
medical_device_category_22-10-09,1 电泳仪器,22-10-09,__import__.medical_device_category_22-10,通常由电源、电极、电泳槽等组成。原理一般为利用带电粒子因带电性质不同而移动速度及方向不同的性质从而达到分离的目的。,用于人体样本中成分的分离。,电泳仪、电泳装置、琼脂糖凝胶电泳装置、全自动电泳仪、全自动琼脂糖电泳仪、电泳凝胶板、电泳槽、阴/阳极缓冲液槽,Ⅰ
medical_device_category_22-10-09,2 电泳仪器,22-10-09,__import__.medical_device_category_22-10,由进样系统、毛细管、高压系统、数据采集系统组成。,用于人体样本中成分的分离。,全自动毛细管电泳仪,Ⅰ
medical_device_category_22-11-01,1 动静脉采血针及连接件,22-11-01,__import__.medical_device_category_22-11,通常由动静脉采血针、采血器、保护套和其他部件组成。,用于采集动静脉血样。,动脉血气针、一次性使用动静脉血样采集针、一次性使用真空动静脉采血针、一次性使用真空动静脉采血器,Ⅲ
medical_device_category_22-11-01,2 动静脉采血针及连接件,22-11-01,__import__.medical_device_category_22-11,通常由采血容器穿刺针、患者端护帽、非患者端护帽和针座等组成。,与一次性静脉血样采集容器及动静脉采血针配合使用，辅助用于从患者静脉抽取血样。,血样采集连接头,Ⅱ
medical_device_category_22-11-02,末梢采血针,22-11-02,__import__.medical_device_category_22-11,通常由针、针柄、保护套等组成。可包括激发装置（如弹簧等）。无菌提供。一次性使用。,用于临床医学上皮肤穿刺，以采集人体末梢血样。,一次性使用末梢采血针、一次性使用末梢采血器,Ⅱ
medical_device_category_22-11-03,采血笔,22-11-03,__import__.medical_device_category_22-11,通常由主体、弹击机构、调节套等组成。,与一次性末梢采血针配合使用，用于采集末梢血。,采血笔、扁形采血笔、筒形采血笔、可调式医用采血笔,Ⅰ
medical_device_category_22-11-04,静脉血样采血管,22-11-04,__import__.medical_device_category_22-11,通常由管和头盖组成。管材一般由PET（聚对苯二甲酸乙二醇酯）或玻璃管制成，管内壁附着或不附着添加剂或附加物。,与一次性使用采血针配合使用，用于人体静脉血的收集、运输、存储。,一次性使用真空采血管、一次性使用真空静脉采血管、一次性使用真空静脉血样采集容器、一次性使用静脉血样采集容器、一次性使用非真空采血管,Ⅱ
medical_device_category_22-11-05,1 末梢采血管,22-11-05,__import__.medical_device_category_22-11,通常由毛细管、吸管、接头等组成。无菌提供时，管内壁有或无添加剂；非无菌提供时，管内壁有添加剂。,用于人体末梢血的采集、存储。,一次性使用微量无菌采血管、一次性毛细管微量采血管,Ⅱ
medical_device_category_22-11-05,2 末梢采血管,22-11-05,__import__.medical_device_category_22-11,通常由毛细管、吸管、接头等组成。管内壁不附着添加剂，非无菌提供。,用于人体末梢血的采集、存储。,一次性使用末梢采血管、一次性微量采血管、一次性使用微量采血吸管,Ⅰ
medical_device_category_22-11-06,末梢血采集容器,22-11-06,__import__.medical_device_category_22-11,通常由容器（管或瓶或管瓶或试管）、盖子和添加剂组成。,用于人体末梢血样的采集、运输和存储等。,一次性使用末梢血样采集容器,Ⅱ
medical_device_category_22-11-07,血液采集卡,22-11-07,__import__.medical_device_category_22-11,通常采用滤纸制成，卡上有专用染料绘制的圆圈用于标记样品位置。,用于采集人体末梢血。,新生儿血液采集卡、血液采集卡,Ⅰ
medical_device_category_22-11-08,胃隐血采集器具,22-11-08,__import__.medical_device_category_22-11,通常由医用空心胶囊、医用脱脂棉和棉线组成。,用于提取胃液作隐血检查。,隐血珠、一次性使用隐血采样胶囊,Ⅱ
medical_device_category_22-11-09,1 其他样本采集器具,22-11-09,__import__.medical_device_category_22-11,通常由试管、试管塞、拭子和/或刷等组成。无菌提供。,用于样本的收集、运输和储存等。,无菌样本采样拭子、一次性使用无菌微生物拭子、一次性使用无菌采样拭子,Ⅱ
medical_device_category_22-11-09,2 其他样本采集器具,22-11-09,__import__.medical_device_category_22-11,通常由拭子和/或含保存液的杯、管等组成。非无菌提供。,用于样本的收集、运输和储存等。,一次性使用采样器、一次性使用样本收集器、一次性使用采样管、一次性使用病毒采样盒、一次性使用病毒采样管、一次性使用血清病毒采样管、一次性使用病原体采样管、一次性使用唾液采集器、一次性使用痰液采集器、一次性使用尿液采集保存管、一次性使用尿液采集器、一次性使用粪便采集保存管、一次性使用粪便采集器,Ⅰ
medical_device_category_22-11-09,3 其他样本采集器具,22-11-09,__import__.medical_device_category_22-11,通常由纤维素纸或层析滤纸制成，卡上有专用染料绘制的圆圈用于标记样品位置。,用于唾液、痰液、尿液等人体样本中核酸或小分子物质的采集。,样本保存卡、样本采集卡、DNA样本保持卡、尿液采集卡,Ⅰ
medical_device_category_22-11-10,激光采血仪,22-11-10,__import__.medical_device_category_22-11,通常由激光发生器、控制电路、防护罩、显示器、内部电源和充电适配器组成。,用于人体末梢血样的采集。,激光采血仪,Ⅱ
medical_device_category_22-11-11,足跟采血器,22-11-11,__import__.medical_device_category_22-11,通常由弹簧、刀片、弹出结构和外壳组成，刀片一般由不锈钢制成。无菌提供。,用于早产儿或新生儿足跟采血。,足跟采血器,Ⅱ
medical_device_category_22-12-01,血细胞和液基细胞分析前样本处理仪器,22-12-01,__import__.medical_device_category_22-12,通常由控制系统、细胞接种模块、稀释液加注模块、涂片模块、固定处理模块、染色模块等组成。,用于样本分析前对血液和/或其他体液的细胞接种、涂片、固定、染色等。其中外周血细胞接种仪接种的细胞仅用于体外诊断，不能用于细胞治疗、细胞回输、辅助生殖。,液基薄层细胞制片机、外周血细胞接种仪、涂片机、细胞离心涂片机、自动血涂片制备仪、细胞离心涂片机、液基超薄层细胞自动涂片机、细胞固定仪、染色机、全自动染色机、全自动推片染色机、全自动推片染片系统、细胞分离制片染色一体机、制片染色一体机,Ⅰ
medical_device_category_22-12-02,病理分析前样本处理仪器,22-12-02,__import__.medical_device_category_22-12,通常由如下模块组成，可以单独工作或组合工作： 组织处理模块：通常由控制部分、超声源、温控器、电加热器、水温传感器、试剂缸、石蜡缸、冷冻台、冷水机、加热部分等组成。 固定模块：通常由控制系统、取液模块、固定液加注模块等组成。 脱水模块：通常由控制系统、样本传输系统、脱水缸、石蜡缸等组成。 包埋模块：通常由控制系统﹑熔蜡系统、冷却系统等组成。 切片模块：通常由控制系统、机械系统、驱动系统、刀架、刀片、罩壳等组成。 玻片处理模块：通常由玻片处理平台（包括试剂槽、水浴槽、干燥仓、机械臂和加热模块等）、系统控制中心、管路系统、排风系统等组成。 染色模块：通常由样品转移、染色、控制部分等组成。 抗原修复模块：通常由控制系统、反应缸、切片架等组成。原理一般为热修复和化学修复等。 封片模块：通常由控制系统、样本转移、封片剂加样和收集系统、加热等部分组成。与盖玻片或胶带配合使用。,用于病理分析前样本固定、脱水、包埋、切片、染色、抗原修复、脱蜡、封片处理和荧光原位杂交（FISH）检测预处理、杂交后清洗等。,病理样本分析前处理设备、组织处理仪、组织固定仪、组织脱水机、半封闭组织脱水机、微波组织脱水机、包埋机、包埋机热台、包埋机冷台、石蜡冷台吹展机、组织样本冷冻仪、轮转式切片机、平推式切片机、振动式切片机、冷冻切片机、组织切片机、全自动玻片处理系统、全自动免疫组化染色机、全自动特殊染色机、全自动单独滴染染色机、全自动免疫组化独立控温单独滴染染色机、全自动单独滴染HE染色机、革兰喷洒式染色机、抗酸浸渍染色机、线性染色机、组织染色机、抗原修复仪、全自动抗原修复仪、抗原热修复仪、全自动脱蜡抗原修复仪,Ⅰ
medical_device_category_22-12-03,流式细胞术样本裂解仪,22-12-03,__import__.medical_device_category_22-12,通常由主机和液流系统组成。为流式细胞术制备人体样本。有的设备含洗脱功能。,用于制备流式细胞术样本。,裂解仪、裂解洗脱仪,Ⅰ
medical_device_category_22-12-04,微生物样本前处理仪器,22-12-04,__import__.medical_device_category_22-12,通常由接种模块、分区划线模块、灭菌模块、培养模块等组成。,用于临床样本进行分析前的保存、处理及加工。,微生物样本前处理系统、全自动微生物样本处理系统、集菌培养容器,Ⅰ
medical_device_category_22-12-05,粪便分析前处理仪器,22-12-05,__import__.medical_device_category_22-12,通常由样本进样模块、稀释液加注模块、搅拌模块、过滤辅助模块、触摸显示屏、专用样本杯和多级一次性过滤器套装组成。,用于临床样本进行分析前的保存、处理及加工。,粪便分析前处理仪、粪便检验预处理装置、粪菌分离装置,Ⅰ
medical_device_category_22-13-01,医用离心机,22-13-01,__import__.medical_device_category_22-13,通常由控制系统、离心腔、驱动系统、转子、制冷系统（若为冷冻型医用离心机）和安全保护装置等组成。,用于样本分析前人体样本的分离。,大容量超速台式离心机、大容量超速冷冻离心机、高速离心机、大容量高速离心机、大容量高速冷冻离心机、大容量高速台式离心机、大容量高速台式冷冻离心机、大容量低速离心机、大容量低速台式离心机、大容量低速台式冷冻离心机、大容量低速冷冻离心机、微量高速离心机、微量高速台式离心机、微量高速冷冻离心机、微量低速台式冷冻离心机、微量低速台式离心机、超速离心机、超速冷冻离心机、超速台式离心机、超速台式冷冻离心机、高速台式离心机、高速冷冻离心机、高速台式冷冻离心机、低速离心机、低速台式离心机、低速冷冻离心机、低速台式冷冻离心机、血型卡离心机、细胞洗涤离心机、微孔板离心机、医用离心机,Ⅰ
medical_device_category_22-13-02,核酸提取纯化仪,22-13-02,__import__.medical_device_category_22-13,通常由机械部分和电气部分组成。原理一般为选择性沉淀、层析或离心、磁珠吸附等方法。,用于临床样本中核酸的提取、纯化。,核酸提取仪、全自动核酸提取仪、全自动核酸纯化仪、全自动核酸提取纯化仪,Ⅰ
medical_device_category_22-13-03,细胞过滤分选仪器,22-13-03,__import__.medical_device_category_22-13,通常由细胞过滤、细胞分选单元等模块组成。原理一般为根据细胞粒径大小，采用过滤、分子筛等方式。,用于临床检验用靶细胞的富集或去除，仅为物理分离，需与配套试剂盒配合使用完成临床检验。,细胞过滤器、细胞过滤采集器、一次性使用细胞过滤采集器、细胞分离过滤装置、一次性使用病变细胞采集器、细胞分选仪,Ⅰ
medical_device_category_22-14-01,医用培养/恒温箱,22-14-01,__import__.medical_device_category_22-14,通常由温湿度、气体浓度控制系统、电子显示系统、箱体等组成。,用于人体来源样本的培养。,二氧化碳培养箱、恒温培养箱、生化培养箱、培养箱、血小板振荡器及恒温箱系统、血小板恒温保存箱、厌氧培养箱,Ⅱ
medical_device_category_22-14-02,厌氧培养系统,22-14-02,__import__.medical_device_category_22-14,通常由取样室、操作室、厌氧罐、培养室等组成。,用于厌氧、兼性厌氧微生物的培养。,厌氧培养装置,Ⅱ
medical_device_category_22-14-03,孵育器,22-14-03,__import__.medical_device_category_22-14,通常由主机、加热模块、卡槽、电器模块、或有振荡模块等组成。,用于试剂卡、印迹膜等的孵育。,试剂卡孵育器、振荡孵育器、印迹膜孵育仪,Ⅰ
medical_device_category_22-14-04,血小板振荡器,22-14-04,__import__.medical_device_category_22-14,通常由箱体、控制系统、震荡系统组成。,与血小板恒温箱配合使用，通过振荡维持血小板稳定以防其凝结。,血小板振荡器,Ⅰ
medical_device_category_22-15-01,洗板机,22-15-01,__import__.medical_device_category_22-15,通常由清洗单元、控制单元和运动单元组成。,用于实验室的样品板的洗涤工作。,洗板机、半自动洗板机、全自动洗板机、全自动酶标洗板机、全自动微孔洗板机、去血片洗板机,Ⅰ
medical_device_category_22-15-02,1 计数板和血沉管,22-15-02,__import__.medical_device_category_22-15,一般由玻璃、有机玻璃或聚碳酸酯等制成，其上有精确刻度标识。,用于临床对血液、体液样本中有形成分进行计数。,血细胞计数板、细胞计数板、尿沉渣计数板,Ⅰ
medical_device_category_22-15-02,2 计数板和血沉管,22-15-02,__import__.medical_device_category_22-15,通常由带刻度的玻璃或塑胶管等组成。,与血沉架配合使用，用于静脉血样的红细胞沉降率的检测。,血沉管,Ⅰ
medical_device_category_22-15-03,自动加样系统,22-15-03,__import__.medical_device_category_22-15,通常主要由加样系统组成，可以包含传输系统、清洗系统、混匀系统、软件系统等其他功能连接件。,用于临床检验分析仪器分析前试剂或样本的加样。,自动加样系统,Ⅰ
medical_device_category_22-15-04,低温储存设备,22-15-04,__import__.medical_device_category_22-15,通常由制冷装置、绝热箱体、电控机构等部件组成。,用于离体器官、组织、细胞、血液和血液制品等的低温储存或转运。,医用血液冷藏箱、医用开放式血液冷藏周转箱、医用血浆速冻机、医用冷藏箱、医用冷冻箱、医用冷藏冷冻箱、医用超低温冷冻箱、医用液氮储存系统,Ⅱ
medical_device_category_22-15-05,样本处理系统,22-15-05,__import__.medical_device_category_22-15,通常由离心模块、分杯模块、低温存储模块中的至少一个模块组成，可连接其他必要的功能模块，不包含临床检验分析仪器分析前试剂或样本精密加注功能。,用于检测前/后样本的离心、分杯（分注）、冷藏等，进行分析前后的处理及加工。,全自动样本处理机、全自动样品处理系统、样品前处理系统、样品后处理系统、分杯处理系统、样本处理及孵育系统,Ⅰ
medical_device_category_22-16-01,生物安全柜,22-16-01,__import__.medical_device_category_22-16,通常由柜体、前窗操作口、支撑脚及脚轮、风机、集液槽、过滤器、控制面板、紫外灯、照明光源等组成。,用于对临床实验室操作过程中的人员、产品及环境进行保护。,Ⅱ级生物安全柜、生物安全柜,Ⅲ
medical_device_category_22-16-02,洁净工作台,22-16-02,__import__.medical_device_category_22-16,通常由箱体、操作台、风机、预过滤器、高效过滤器（或超高效过滤器）、电器控制器等组成。,用于临床实验室化验及实验，使局部操作环境达到一定洁净等级。,洁净工作台,Ⅱ
medical_device_category_6840_old_Ⅲ-1,与致病性病原体抗原、抗体以及核酸等检测相关的试剂,6840-Ⅲ-1,udi_data.medical_device_category_6840_old,,,,Ⅲ
medical_device_category_6840_old_Ⅲ-2,与血型、组织配型相关的试剂,6840-Ⅲ-2,udi_data.medical_device_category_6840_old,,,,Ⅲ
medical_device_category_6840_old_Ⅲ-3,与人类基因检测相关的试剂,6840-Ⅲ-3,udi_data.medical_device_category_6840_old,,,,Ⅲ
medical_device_category_6840_old_Ⅲ-4,与遗传性疾病相关的试剂,6840-Ⅲ-4,udi_data.medical_device_category_6840_old,,,,Ⅲ
medical_device_category_6840_old_Ⅲ-5,与麻醉药品、精神药品、医疗用毒性药品检测相关的试剂,6840-Ⅲ-5,udi_data.medical_device_category_6840_old,,,,Ⅲ
medical_device_category_6840_old_Ⅲ-6,与治疗药物靶点检测相关的试剂,6840-Ⅲ-6,udi_data.medical_device_category_6840_old,,,,Ⅲ
medical_device_category_6840_old_Ⅲ-7,与肿瘤标志物检测相关的试剂,6840-Ⅲ-7,udi_data.medical_device_category_6840_old,,,,Ⅲ
medical_device_category_6840_old_Ⅲ-8,与变态反应（过敏原）相关的试剂,6840-Ⅲ-8,udi_data.medical_device_category_6840_old,,,,Ⅲ
medical_device_category_6840_old_Ⅲ-9,与流式技术相关的试剂,6840-Ⅲ-9,udi_data.medical_device_category_6840_old,,,,Ⅲ
medical_device_category_6840_old_Ⅱ-1,用于蛋白质检测的试剂,6840-Ⅱ-1,udi_data.medical_device_category_6840_old,,,,Ⅱ
medical_device_category_6840_old_Ⅱ-2,用于糖类检测的试剂,6840-Ⅱ-2,udi_data.medical_device_category_6840_old,,,,Ⅱ
medical_device_category_6840_old_Ⅱ-3,用于激素检测的试剂,6840-Ⅱ-3,udi_data.medical_device_category_6840_old,,,,Ⅱ
medical_device_category_6840_old_Ⅱ-4,用于酶类检测的试剂,6840-Ⅱ-4,udi_data.medical_device_category_6840_old,,,,Ⅱ
medical_device_category_6840_old_Ⅱ-5,用于酯类检测的试剂,6840-Ⅱ-5,udi_data.medical_device_category_6840_old,,,,Ⅱ
medical_device_category_6840_old_Ⅱ-6,用于维生素检测的试剂,6840-Ⅱ-6,udi_data.medical_device_category_6840_old,,,,Ⅱ
medical_device_category_6840_old_Ⅱ-7,用于无机离子检测的试剂,6840-Ⅱ-7,udi_data.medical_device_category_6840_old,,,,Ⅱ
medical_device_category_6840_old_Ⅱ-8,用于药物及药物代谢物检测的试剂,6840-Ⅱ-8,udi_data.medical_device_category_6840_old,,,,Ⅱ
medical_device_category_6840_old_Ⅱ-9,用于自身抗体检测的试剂,6840-Ⅱ-9,udi_data.medical_device_category_6840_old,,,,Ⅱ
medical_device_category_6840_old_Ⅱ-10,用于微生物鉴别或药敏试验的试剂,6840-Ⅱ-10,udi_data.medical_device_category_6840_old,,,,Ⅱ
medical_device_category_6840_old_Ⅱ-11,用于其他生理、生化或免疫功能指标检测的试剂,6840-Ⅱ-11,udi_data.medical_device_category_6840_old,,,,Ⅱ
medical_device_category_6840_old_Ⅰ-1,微生物培养基（不用于微生物鉴别和药敏试验）,6840-Ⅰ-1,udi_data.medical_device_category_6840_old,,,,Ⅰ
medical_device_category_6840_old_Ⅰ-2,样本处理用产品,6840-Ⅰ-2,udi_data.medical_device_category_6840_old,,,,Ⅰ
medical_device_category_6840_old_001,"志贺菌属多价诊断血清",6840-001,__import__.medical_device_category_6840_old_Ⅲ-1,,"临床上用于志贺菌属分群。",,"Ⅲ"
medical_device_category_6840_old_002,"鲍氏志贺菌诊断血清",6840-002,__import__.medical_device_category_6840_old_Ⅲ-1,,"临床上用于鲍氏志贺菌群分型。",,"Ⅲ"
medical_device_category_6840_old_003,"福氏志贺菌诊断血清",6840-003,__import__.medical_device_category_6840_old_Ⅲ-1,,"临床上用于福氏志贺菌群分型。",,"Ⅲ"
medical_device_category_6840_old_004,"宋内志贺菌诊断血清",6840-004,__import__.medical_device_category_6840_old_Ⅲ-1,,"临床上用于宋内志贺菌诊断。",,"Ⅲ"
medical_device_category_6840_old_005,"志贺志贺菌诊断血清",6840-005,__import__.medical_device_category_6840_old_Ⅲ-1,,"临床上用于志贺志贺菌诊断。",,"Ⅲ"
medical_device_category_6840_old_006,"变形杆菌OX19诊断菌液",6840-006,__import__.medical_device_category_6840_old_Ⅲ-1,,"临床上用于外斐（Weil－Felix）反应。",,"Ⅲ"
medical_device_category_6840_old_007,"变形杆菌OX2诊断菌液",6840-007,__import__.medical_device_category_6840_old_Ⅲ-1,,"临床上用于外斐（Weil－Felix）反应。",,"Ⅲ"
medical_device_category_6840_old_008,"变形杆菌OXK诊断菌液",6840-008,__import__.medical_device_category_6840_old_Ⅲ-1,,"临床上用于外斐（Weil－Felix）反应。",,"Ⅲ"
medical_device_category_6840_old_009,"甲型副伤寒杆菌诊断菌液",6840-009,__import__.medical_device_category_6840_old_Ⅲ-1,,"临床上用于肥达(Widal)反应。",,"Ⅲ"
medical_device_category_6840_old_010,"乙型副伤寒杆菌诊断菌液",6840-010,__import__.medical_device_category_6840_old_Ⅲ-1,,"临床上用于肥达(Widal)反应。",,"Ⅲ"
medical_device_category_6840_old_011,"丙型副伤寒杆菌诊断菌液",6840-011,__import__.medical_device_category_6840_old_Ⅲ-1,,"临床上用于肥达(Widal)反应。",,"Ⅲ"
medical_device_category_6840_old_012,"伤寒杆菌H901诊断菌液",6840-012,__import__.medical_device_category_6840_old_Ⅲ-1,,"临床上用于肥达(Widal)反应。",,"Ⅲ"
medical_device_category_6840_old_013,"伤寒杆菌O901诊断菌液",6840-013,__import__.medical_device_category_6840_old_Ⅲ-1,,"临床上用于肥达(Widal)反应。",,"Ⅲ"
medical_device_category_6840_old_014,"肠道致病性大肠埃希菌诊断血清",6840-014,__import__.medical_device_category_6840_old_Ⅲ-1,,"临床上用于凝集试验诊断肠道致病性大肠埃希菌。",,"Ⅲ"
medical_device_category_6840_old_015,"O1群霍乱弧菌诊断血清",6840-015,__import__.medical_device_category_6840_old_Ⅲ-1,,"临床上用于诊断O1群霍乱弧菌。",,"Ⅲ"
medical_device_category_6840_old_016,"鼠疫耶尔森菌诊断血清",6840-016,__import__.medical_device_category_6840_old_Ⅲ-1,,"临床上用于鼠疫耶尔森菌诊断。",,"Ⅲ"
medical_device_category_6840_old_017,"鼠疫耶尔森菌诊断用噬菌体",6840-017,__import__.medical_device_category_6840_old_Ⅲ-1,,"临床上用于鉴定鼠疫耶尔森菌。",,"Ⅲ"
medical_device_category_6840_old_018,"炭疽杆菌诊断血清",6840-018,__import__.medical_device_category_6840_old_Ⅲ-1,,"临床上用于鉴定炭疽杆菌。",,"Ⅲ"
medical_device_category_6840_old_019,"炭疽杆菌诊断用噬菌体",6840-019,__import__.medical_device_category_6840_old_Ⅲ-1,,"临床上用于鉴定炭疽杆菌。",,"Ⅲ"
medical_device_category_6840_old_020,"A群β溶血链球菌抗原检测试剂",6840-020,__import__.medical_device_category_6840_old_Ⅲ-1,,"用于检测人体样本中的A群β溶血性链球菌抗原，临床上主要用于呼吸道感染病原学的辅助诊断和鉴别诊断。",,"Ⅲ"
medical_device_category_6840_old_021,"A群链球菌多糖抗体检测试剂",6840-021,__import__.medical_device_category_6840_old_Ⅲ-1,,"用于检测人体样本中的A群链球菌细胞壁多糖抗体（ACHO，ASP），临床上主要用于既往链球菌感染和急性风湿热(ARF)自身免疫反应的辅助诊断。",,"Ⅲ"
medical_device_category_6840_old_022,"B族链球菌核酸检测试剂",6840-022,__import__.medical_device_category_6840_old_Ⅲ-1,,"用于检测人体样本（如孕妇生殖道分泌物）中的B族链球菌核酸，临床上主要用于链球菌感染的辅助诊断。",,"Ⅲ"
medical_device_category_6840_old_023,"B型流感嗜血杆菌抗原/抗体/核酸检测试剂",6840-023,__import__.medical_device_category_6840_old_Ⅲ-1,,"用于检测人体样本中的B型流感嗜血杆菌抗原/抗体/核酸，临床上主要用于儿童期细菌性肺炎或脑膜炎等的辅助诊断。",,"Ⅲ"
medical_device_category_6840_old_024,"幽门螺杆菌抗原/抗体/核酸检测试剂",6840-024,__import__.medical_device_category_6840_old_Ⅲ-1,,"用于检测人体样本中的幽门螺杆菌抗原/抗体/核酸，临床上主要用于胃肠道幽门螺杆菌感染的辅助诊断。",,"Ⅲ"
medical_device_category_6840_old_025,"百日咳杆菌抗原/抗体检测试剂",6840-025,__import__.medical_device_category_6840_old_Ⅲ-1,,"用于检测人体样本中的百日咳杆菌抗原（如呼吸道分泌物）/抗体，临床上主要用于百日咳的辅助诊断或用于疫苗的免疫效果监测。",,"Ⅲ"
medical_device_category_6840_old_026,"白喉棒状杆菌抗体检测试剂",6840-026,__import__.medical_device_category_6840_old_Ⅲ-1,,"用于检测人体样本中的白喉棒状杆菌抗体，临床上主要用于白喉的辅助诊断或用于疫苗的免疫效果监测。",,"Ⅲ"
medical_device_category_6840_old_027,"破伤风类毒素抗体检测试剂",6840-027,__import__.medical_device_category_6840_old_Ⅲ-1,,"用于检测人体样本中的破伤风类毒素抗体，临床上主要用于破伤风疫苗接种效果监测及流行病学调查。",,"Ⅲ"
medical_device_category_6840_old_028,"布氏杆菌抗体检测试剂",6840-028,__import__.medical_device_category_6840_old_Ⅲ-1,,"用于检测人体样本中的布氏杆菌抗体，临床上主要用于布氏杆菌病的辅助诊断。",,"Ⅲ"
medical_device_category_6840_old_029,"大肠杆菌O157抗原检测试剂",6840-029,__import__.medical_device_category_6840_old_Ⅲ-1,,"用于检测人体样本（如粪便、呕吐物等）中的大肠杆菌O157：H7抗原，临床上主要用于肠出血性大肠杆菌感染（如出血性结肠炎及溶血性尿毒综合征）等疾病的辅助诊断。",,"Ⅲ"
medical_device_category_6840_old_030,"肺炎链球菌抗原检测试剂",6840-030,__import__.medical_device_category_6840_old_Ⅲ-1,,"用于检测人体样本（如呼吸道分泌物）中的肺炎链球菌抗原，临床上主要用于肺炎链球菌性肺炎的辅助诊断。",,"Ⅲ"
medical_device_category_6840_old_031,"结核分枝杆菌抗体/核酸检测试剂",6840-031,__import__.medical_device_category_6840_old_Ⅲ-1,,"用于检测人体样本中的结核杆菌抗体/核酸，临床上主要用于结核的辅助诊断。",,"Ⅲ"
medical_device_category_6840_old_032,"结核感染T细胞释放γ-干扰素检测试剂",6840-032,__import__.medical_device_category_6840_old_Ⅲ-1,,"用于检测人体样本中由结核分枝杆菌抗原刺激T淋巴细胞所产生的γ-干扰素,临床上主要用于结核的辅助诊断。",,"Ⅲ"
medical_device_category_6840_old_033,"淋球菌抗原/核酸检测试剂",6840-033,__import__.medical_device_category_6840_old_Ⅲ-1,,"用于检测人体样本（如生殖泌尿道分泌物）中的淋球菌抗原/核酸，临床上主要用于淋球菌感染的辅助诊断。",,"Ⅲ"
medical_device_category_6840_old_034,"炭疽杆菌抗原检测试剂",6840-034,__import__.medical_device_category_6840_old_Ⅲ-1,,"用于检测人体样本中的炭疽杆菌抗原，临床上主要用于炭疽杆菌的感染的辅助诊断。",,"Ⅲ"
medical_device_category_6840_old_035,"鼻疽菌抗原检测试剂",6840-035,__import__.medical_device_category_6840_old_Ⅲ-1,,"用于检测人体样本中的鼻疽菌抗原，临床上主要用于鼻疽菌的感染的辅助诊断。",,"Ⅲ"
medical_device_category_6840_old_036,"类鼻疽菌抗原检测试剂",6840-036,__import__.medical_device_category_6840_old_Ⅲ-1,,"用于检测人体样本中的类鼻疽菌抗原，临床上主要用于类鼻疽菌的感染的辅助诊断。",,"Ⅲ"
medical_device_category_6840_old_037,"布鲁氏菌抗原检测试剂",6840-037,__import__.medical_device_category_6840_old_Ⅲ-1,,"用于检测人体样本中的布鲁氏菌抗原，临床上主要用于布鲁氏菌感染的辅助诊断。",,"Ⅲ"
medical_device_category_6840_old_038,"鼠疫菌F1抗体检测试剂",6840-038,__import__.medical_device_category_6840_old_Ⅲ-1,,"用于检测人体样本中的鼠疫菌F1抗体，临床上主要用于人鼠疫菌感染的辅助诊断。",,"Ⅲ"
medical_device_category_6840_old_039,"甲型副伤寒沙门菌抗体检测试剂",6840-039,__import__.medical_device_category_6840_old_Ⅲ-1,,"用于检测人体样本中的甲型副伤寒沙门菌抗体，临床上主要用于副伤寒的辅助诊断。",,"Ⅲ"
medical_device_category_6840_old_040,"乙型副伤寒菌抗体检测试剂",6840-040,__import__.medical_device_category_6840_old_Ⅲ-1,,"用于检测人体样本中的乙型副伤寒菌抗体，临床上主要用于乙型副伤寒菌感染的辅助诊断。",,"Ⅲ"
medical_device_category_6840_old_041,"霍乱弧菌抗原检测试剂",6840-041,__import__.medical_device_category_6840_old_Ⅲ-1,,"用于检测人体样本（如粪便标本）中O1群和O139群霍乱弧菌抗原，临床上主要用于霍乱的辅助诊断。",,"Ⅲ"
medical_device_category_6840_old_042,"嗜肺军团菌抗体检测试剂",6840-042,__import__.medical_device_category_6840_old_Ⅲ-1,,"用于检测人体样本中的嗜肺军团菌抗体，临床上主要用于军团菌肺炎的辅助诊断。",,"Ⅲ"
medical_device_category_6840_old_043,"金黄色葡萄球菌和耐甲氧西林金黄色葡萄球菌核酸检测试剂",6840-043,__import__.medical_device_category_6840_old_Ⅲ-1,,"用于检测人体样本（如痰液标本）中的金黄色葡萄球菌及其耐甲氧西林菌株的核酸，临床上主要用于金黄色葡萄球菌和耐甲氧西林金黄色葡萄球菌引起的感染的辅助诊断。",,"Ⅲ"
medical_device_category_6840_old_044,"沙门氏菌、志贺氏菌核酸检测试剂",6840-044,__import__.medical_device_category_6840_old_Ⅲ-1,,"用于检测人体样本（如粪便、肛拭子）中的沙门氏菌和志贺氏菌核酸。临床上主要用于沙门氏菌及志贺氏菌感染的辅助诊断。",,"Ⅲ"
medical_device_category_6840_old_045,"麻风分枝杆菌抗体检测试剂",6840-045,__import__.medical_device_category_6840_old_Ⅲ-1,,"用于检测人体样本中的麻风分枝杆菌抗体，临床上主要用于麻风的辅助诊断。",,"Ⅲ"
medical_device_category_6840_old_046,"甲型流行性感冒病毒抗原/核酸检测试剂",6840-046,__import__.medical_device_category_6840_old_Ⅲ-1,,"用于检测人体样本（如鼻咽分泌物）中的甲型流行性感冒病毒抗原/核酸，临床上主要用于甲型流行性感冒的辅助诊断和鉴别诊断。",,"Ⅲ"
medical_device_category_6840_old_047,"甲型H1N1流行性感冒病毒抗原/核酸检测试剂",6840-047,__import__.medical_device_category_6840_old_Ⅲ-1,,"用于检测人体样本（如鼻咽分泌物）中的甲型H1N1流行性感冒病毒抗原/核酸，临床上主要用于甲型H1N1流行性感冒的辅助诊断和鉴别诊断。",,"Ⅲ"
medical_device_category_6840_old_048,"乙型流行性感冒病毒抗原/核酸检测试剂",6840-048,__import__.medical_device_category_6840_old_Ⅲ-1,,"用于检测人体标本（如鼻咽分泌物）中的乙型流行性感冒病毒抗原/核酸，临床上主要用于乙型流行性感冒的辅助诊断和鉴别诊断。",,"Ⅲ"
medical_device_category_6840_old_049,"EB病毒抗体/核酸检测试剂",6840-049,__import__.medical_device_category_6840_old_Ⅲ-1,,"用于检测人体样本中的EB病毒抗体/核酸，临床上主要用于EB病毒感染的辅助诊断。",,"Ⅲ"
medical_device_category_6840_old_050,"EB病毒TK(胸苷激酶)抗体检测试剂",6840-050,__import__.medical_device_category_6840_old_Ⅲ-1,,"用于检测人体样本中的EB病毒TK（胸苷激酶）抗体，临床上主要用于EB病毒感染的辅助诊断。",,"Ⅲ"
medical_device_category_6840_old_051,"EB病毒壳抗原（VCA）抗体检测试剂",6840-051,__import__.medical_device_category_6840_old_Ⅲ-1,,"用于检测人体样本中的EB病毒壳抗原（VCA）抗体，临床上主要用于EB病毒感染的辅助诊断。",,"Ⅲ"
medical_device_category_6840_old_052,"EB病毒早期抗原（EA）抗体检测试剂",6840-052,__import__.medical_device_category_6840_old_Ⅲ-1,,"用于检测人体样本中的EB病毒早期抗原（EA）抗体，临床上主要用于EB病毒感染的辅助诊断。",,"Ⅲ"
medical_device_category_6840_old_053,"EB病毒核抗原（NA1）抗体检测试剂",6840-053,__import__.medical_device_category_6840_old_Ⅲ-1,,"用于检测人体样本中的EB病毒核抗原（NA1）抗体，临床上主要用于EB病毒感染的辅助诊断。",,"Ⅲ"
medical_device_category_6840_old_054,"风疹病毒抗体/核酸检测试剂",6840-054,__import__.medical_device_category_6840_old_Ⅲ-1,,"用于检测人体样本中的风疹病毒抗体/核酸，临床上主要用于风疹病毒感染的辅助诊断。",,"Ⅲ"
medical_device_category_6840_old_055,"呼吸道合胞病毒（RSV）抗体/核酸检测试剂",6840-055,__import__.medical_device_category_6840_old_Ⅲ-1,,"用于检测人体样本中的呼吸道合胞病毒（RSV）抗体/核酸，临床上主要用于呼吸道合胞病毒感染的辅助诊断。",,"Ⅲ"
medical_device_category_6840_old_056,"单纯疱疹病毒I型（HSV I）抗体/核酸检测试剂",6840-056,__import__.medical_device_category_6840_old_Ⅲ-1,,"用于检测人体样本中的单纯疱疹病毒Ⅰ型抗体/核酸，临床上主要用于I型单纯疱疹感染的辅助诊断。",,"Ⅲ"
medical_device_category_6840_old_057,"单纯疱疹病毒Ⅱ型（HSV Ⅱ）抗体/核酸检测试剂",6840-057,__import__.medical_device_category_6840_old_Ⅲ-1,,"用于检测人体样本中的单纯疱疹病毒Ⅱ型抗体/核酸（如生殖道渗液、疱疹分泌物等），临床上主要用于Ⅱ型单纯疱疹感染等的辅助诊断。",,"Ⅲ"
medical_device_category_6840_old_058,"单纯疱疹病毒I/Ⅱ型（HSV I/Ⅱ）抗体检测试剂",6840-058,__import__.medical_device_category_6840_old_Ⅲ-1,,"用于检测人体样本中的单纯疱疹病毒I/Ⅱ型（HSV I/Ⅱ）抗体，临床上主要用于单纯疱疹感染等的辅助诊断。",,"Ⅲ"
medical_device_category_6840_old_059,"巨细胞病毒抗体/核酸检测试剂",6840-059,__import__.medical_device_category_6840_old_Ⅲ-1,,"用于检测人体样本中的巨细胞病毒抗体/核酸，临床上主要用于巨细胞病毒感染的辅助诊断。",,"Ⅲ"
medical_device_category_6840_old_060,"SARS冠状病毒抗体检测试剂",6840-060,__import__.medical_device_category_6840_old_Ⅲ-1,,"用于检测人体样本中的SARS冠状病毒抗体，临床上主要用于传染性非典型性肺炎的辅助诊断。",,"Ⅲ"
medical_device_category_6840_old_061,"新型冠状病毒N-蛋白检测试剂",6840-061,__import__.medical_device_category_6840_old_Ⅲ-1,,"用于检测人体样本中的新型冠状病毒N-蛋白，临床上主要用于冠状病毒感染的辅助诊断。",,"Ⅲ"
medical_device_category_6840_old_062,"A群轮状病毒抗原/核酸检测试剂",6840-062,__import__.medical_device_category_6840_old_Ⅲ-1,,"用于检测人体样本（如粪便标本）中的A组轮状病毒抗原/核酸，临床上主要用于急性肠胃炎等的辅助诊断。",,"Ⅲ"
medical_device_category_6840_old_063,"人类T淋巴细胞病毒I型和Ⅱ型（HTLV I+Ⅱ）抗体检测试剂",6840-063,__import__.medical_device_category_6840_old_Ⅲ-1,,"用于检测人体样本中的人类T淋巴细胞病毒I型和Ⅱ型（HTLV I+Ⅱ）抗体，临床上主要用于HTLV感染的辅助诊断。 ",,"Ⅲ"
medical_device_category_6840_old_064,"流行性出血热病毒抗体检测试剂",6840-064,__import__.medical_device_category_6840_old_Ⅲ-1,,"用于检测人体样本中的流行性出血热病毒抗体，临床上主要用于流行性出血热的辅助诊断。",,"Ⅲ"
medical_device_category_6840_old_065,"登革热病毒抗体检测试剂",6840-065,__import__.medical_device_category_6840_old_Ⅲ-1,,"用于检测人体样本中的登革热病毒抗体，临床上主要用于登革热疾病的辅助诊断。",,"Ⅲ"
medical_device_category_6840_old_066,"汉坦病毒抗体检测试剂",6840-066,__import__.medical_device_category_6840_old_Ⅲ-1,,"用于检测人体样本中的汉坦病毒（HV）抗体，临床上主要用于急性肾综合征出血热的辅助诊断。",,"Ⅲ"
medical_device_category_6840_old_067,"肠道病毒抗体/核酸检测试剂",6840-067,__import__.medical_device_category_6840_old_Ⅲ-1,,"用于检测人体样本中的肠道病毒抗体/核酸，临床上主要用于肠道病毒感染的辅助诊断。",,"Ⅲ"
medical_device_category_6840_old_068,"麻疹病毒抗体/核酸检测试剂",6840-068,__import__.medical_device_category_6840_old_Ⅲ-1,,"用于检测人体样本中的麻疹病毒抗体/核酸，临床上主要用于麻疹的辅助诊断。 ",,"Ⅲ"
medical_device_category_6840_old_069,"人乳头瘤病毒（HPV）基因分型检测试剂",6840-069,__import__.medical_device_category_6840_old_Ⅲ-1,,"用于检测人体样本（如泌尿生殖道分泌物、生殖道刮片、组织活检标本等）中的人乳头瘤病毒基因分型，包括高危型和低危型，临床上主要用于HPV感染的辅助诊断。",,"Ⅲ"
medical_device_category_6840_old_070,"狂犬病病毒IgG抗体检测试剂",6840-070,__import__.medical_device_category_6840_old_Ⅲ-1,,"用于检测人体样本中的狂犬病病毒IgG抗体，主要用于人狂犬病疫苗接种后免疫效果的监测。",,"Ⅲ"
medical_device_category_6840_old_071,"诺如病毒抗原检测试剂",6840-071,__import__.medical_device_category_6840_old_Ⅲ-1,,"用于检测人体样本（如粪便或呕吐物）中的诺如病毒抗原，临床上主要用于诺如病毒感染的辅助诊断。",,"Ⅲ"
medical_device_category_6840_old_072,"腮腺炎病毒抗体/核酸检测试剂",6840-072,__import__.medical_device_category_6840_old_Ⅲ-1,,"用于检测人体样本中的腮腺炎病毒抗体/核酸，临床上主要用于腮腺炎的辅助诊断。",,"Ⅲ"
medical_device_category_6840_old_073,"腺病毒抗体/抗原/核酸检测试剂",6840-073,__import__.medical_device_category_6840_old_Ⅲ-1,,"用于检测人体样本中的腺病毒抗体/抗原/核酸，临床上主要用于腺病毒感染的辅助诊断。",,"Ⅲ"
medical_device_category_6840_old_074,"人类免疫缺陷病毒（HIV）抗体检测试剂",6840-074,__import__.medical_device_category_6840_old_Ⅲ-1,,"用于检测人体样本中的人类免疫缺陷病毒抗体，包括1型（包括O型）、2型抗体。临床上主要用于HIV感染的辅助诊断。",,"Ⅲ"
medical_device_category_6840_old_075,"人类免疫缺陷病毒1型（HIV 1）核酸检测试剂",6840-075,__import__.medical_device_category_6840_old_Ⅲ-1,,"用于检测人体样本中的人类免疫缺陷病毒1型核酸，临床上主要用于HIV感染的辅助诊断及治疗监测。",,"Ⅲ"
medical_device_category_6840_old_076,"人类免疫缺陷病毒抗原和抗体检测试剂",6840-076,__import__.medical_device_category_6840_old_Ⅲ-1,,"用于检测人体样本中的人类免疫缺陷病毒抗原和抗体，临床上主要用于HIV感染的辅助诊断。",,"Ⅲ"
medical_device_category_6840_old_077,"人类免疫缺陷病毒抗体确证试剂",6840-077,__import__.medical_device_category_6840_old_Ⅲ-1,,"用于检测人体样本中的人类免疫缺陷病毒抗体，临床上主要用于HIV感染的确认。",,"Ⅲ"
medical_device_category_6840_old_078,"甲型肝炎病毒抗体/核酸检测试剂",6840-078,__import__.medical_device_category_6840_old_Ⅲ-1,,"用于检测人体样本中的甲型肝炎病毒抗体/核酸，临床上主要用于甲型肝炎的辅助诊断。",,"Ⅲ"
medical_device_category_6840_old_079,"乙型肝炎病毒e抗体（Anti-HBe)检测试剂",6840-079,__import__.medical_device_category_6840_old_Ⅲ-1,,"用于检测人体样本中的乙型肝炎病毒e抗体，临床上主要用于乙型肝炎病毒感染的辅助诊断。",,"Ⅲ"
medical_device_category_6840_old_080,"乙型肝炎病毒e抗原（HBeAg)检测试剂",6840-080,__import__.medical_device_category_6840_old_Ⅲ-1,,"用于检测人体样本中的乙型肝炎病毒e抗原,临床上主要用于乙型肝炎病毒感染的辅助诊断。",,"Ⅲ"
medical_device_category_6840_old_081,"乙型肝炎病毒表面抗体（Anti-HBs)检测试剂",6840-081,__import__.medical_device_category_6840_old_Ⅲ-1,,"用于检测人体样本中的乙型肝炎病毒表面抗体，临床上主要用于乙型肝炎病毒感染的辅助诊断。",,"Ⅲ"
medical_device_category_6840_old_082,"乙型肝炎病毒表面抗原（HBsAg)检测试剂",6840-082,__import__.medical_device_category_6840_old_Ⅲ-1,,"用于检测人体样本中的乙型肝炎病毒表面抗原，临床上主要用于乙型肝炎病毒感染的辅助诊断。",,"Ⅲ"
medical_device_category_6840_old_083,"乙型肝炎病毒表面抗原确认检测试剂",6840-083,__import__.medical_device_category_6840_old_Ⅲ-1,,"采用中和原理用于确认乙型肝炎病毒表面抗原初次结果具有反应性的样本。",,"Ⅲ"
medical_device_category_6840_old_084,"乙型肝炎病毒核心抗体（Anti-HBc)检测试剂",6840-084,__import__.medical_device_category_6840_old_Ⅲ-1,,"用于检测人体样本中的乙型肝炎病毒核心抗体，临床上主要用于乙肝病毒感染的辅助诊断。",,"Ⅲ"
medical_device_category_6840_old_085,"乙型肝炎病毒基因变异检测试剂",6840-085,__import__.medical_device_category_6840_old_Ⅲ-1,,"用于检测人体样本中HBV基因突变。为临床治疗提供一定的参考依据。",,"Ⅲ"
medical_device_category_6840_old_086,"乙型肝炎病毒基因分型检测试剂",6840-086,__import__.medical_device_category_6840_old_Ⅲ-1,,"用于检测人体样本中乙型肝炎病毒基因型别。为临床治疗提供一定的参考依据。",,"Ⅲ"
medical_device_category_6840_old_087,"乙型肝炎病毒前S1抗原/抗体检测试剂",6840-087,__import__.medical_device_category_6840_old_Ⅲ-1,,"用于检测人体样本中的乙型肝炎病毒前S1抗原/抗体，主要用于乙型肝炎的辅助诊断。",,"Ⅲ"
medical_device_category_6840_old_088,"乙型肝炎病毒前S2抗原/抗体检测试剂",6840-088,__import__.medical_device_category_6840_old_Ⅲ-1,,"用于检测人体样本中的乙型肝炎病毒前S2抗原/抗体，临床上主要用于乙型肝炎的辅助诊断。",,"Ⅲ"
medical_device_category_6840_old_089,"乙型肝炎病毒前S抗原检测试剂",6840-089,__import__.medical_device_category_6840_old_Ⅲ-1,,"用于检测人体样本中的乙型肝炎病毒前S抗原，临床上主要用于乙型肝炎的辅助诊断。 ",,"Ⅲ"
medical_device_category_6840_old_090,"乙型肝炎病毒核酸检测试剂",6840-090,__import__.medical_device_category_6840_old_Ⅲ-1,,"用于检测人体样本的乙型肝炎病毒（HBV）核酸，临床上主要用于乙型肝炎的辅助诊断及疗效观察。",,"Ⅲ"
medical_device_category_6840_old_091,"丙型肝炎病毒基因分型检测试剂",6840-091,__import__.medical_device_category_6840_old_Ⅲ-1,,"用于检测人体样本中丙型肝炎病毒基因型别。为临床治疗提供一定的参考依据。",,"Ⅲ"
medical_device_category_6840_old_092,"丙型肝炎病毒抗体确证试剂",6840-092,__import__.medical_device_category_6840_old_Ⅲ-1,,"用于检测人体样本中的丙型肝炎病毒（HCV）抗体，主要用于HCV感染的确认。",,"Ⅲ"
medical_device_category_6840_old_093,"丙型肝炎病毒（HCV）抗原/抗体/核酸检测试剂",6840-093,__import__.medical_device_category_6840_old_Ⅲ-1,,"用于检测人体样本中的HCV抗原/抗体/核酸，临床上主要用于丙型肝炎的辅助诊断。",,"Ⅲ"
medical_device_category_6840_old_094,"丁型肝炎病毒（HDV）抗原/抗体/核酸检测试剂",6840-094,__import__.medical_device_category_6840_old_Ⅲ-1,,"用于检测人体样本中的丁型肝炎病毒（HDV）抗原/抗体/核酸，临床上主要用于丁型肝炎的辅助诊断。",,"Ⅲ"
medical_device_category_6840_old_095,"戊型肝炎病毒抗原/抗体/核酸检测试剂",6840-095,__import__.medical_device_category_6840_old_Ⅲ-1,,"用于检测人体样本中的戊型肝炎病毒抗原/抗体/核酸，临床上主要用于戊型肝炎的辅助诊断。",,"Ⅲ"
medical_device_category_6840_old_096,"乙型脑炎病毒抗体检测试剂",6840-096,__import__.medical_device_category_6840_old_Ⅲ-1,,"用于检测人体样本中的乙型脑炎病毒抗体，临床上主要用于乙脑的辅助诊断。",,"Ⅲ"
medical_device_category_6840_old_097,"水痘-带状疱疹病毒抗体检测试剂",6840-097,__import__.medical_device_category_6840_old_Ⅲ-1,,"用于检测人体样本中的水痘-带状疱疹病毒抗体，临床上主要用于水痘-带状疱疹病毒感染的辅助诊断或疫苗接种后的监测。",,"Ⅲ"
medical_device_category_6840_old_098,"斑疹伤寒立克次体抗体检测试剂",6840-098,__import__.medical_device_category_6840_old_Ⅲ-1,,"用于检测人体样本中的斑疹伤寒立克次体抗体，临床上主要用于斑疹伤寒的辅助诊断。",,"Ⅲ"
medical_device_category_6840_old_099,"包虫抗体检测试剂",6840-099,__import__.medical_device_category_6840_old_Ⅲ-1,,"用于检测人体样本中的包虫抗体，临床上主要用于包虫感染的辅助诊断。",,"Ⅲ"
medical_device_category_6840_old_100,"恶性疟原虫抗原检测试剂",6840-100,__import__.medical_device_category_6840_old_Ⅲ-1,,"用于检测人体样本中的恶性疟原虫抗原，临床上主要用于恶性疟的辅助诊断。",,"Ⅲ"
medical_device_category_6840_old_101,"疟原虫抗原检测试剂",6840-101,__import__.medical_device_category_6840_old_Ⅲ-1,,"用于检测人体样本中的恶性疟原虫或间日疟原虫抗原，临床上主要用于疟疾的辅助诊断。",,"Ⅲ"
medical_device_category_6840_old_102,"恶性疟组氨酸蛋白2（HRP-2）抗原检测试剂",6840-102,__import__.medical_device_category_6840_old_Ⅲ-1,,"用于检测人体样本中的恶性疟组氨酸蛋白2（HRP-2），临床上主要用于恶性疟的辅助诊断。",,"Ⅲ"
medical_device_category_6840_old_103,"弓形虫抗体检测试剂",6840-103,__import__.medical_device_category_6840_old_Ⅲ-1,,"用于检测人体样本中的弓形虫抗体，临床上主要用于弓形虫感染的辅助诊断。",,"Ⅲ"
medical_device_category_6840_old_104,"非密螺旋体脂质抗体检测试剂",6840-104,__import__.medical_device_category_6840_old_Ⅲ-1,,"用于检测人体样本中的非密螺旋体脂质抗体，临床上主要用于梅毒感染的辅助诊断。",,"Ⅲ"
medical_device_category_6840_old_105,"钩端螺旋体抗体检测试剂",6840-105,__import__.medical_device_category_6840_old_Ⅲ-1,,"用于检测人体样本中的钩端螺旋体抗体，临床上主要用于钩端螺旋体病的辅助诊断。",,"Ⅲ"
medical_device_category_6840_old_106,"梅毒螺旋体抗体检测试剂",6840-106,__import__.medical_device_category_6840_old_Ⅲ-1,,"用于检测人体样本中的梅毒螺旋体抗体，临床上主要用于梅毒螺旋体感染的辅助诊断。",,"Ⅲ"
medical_device_category_6840_old_107,"囊虫病（CYT）抗体检测试剂",6840-107,__import__.medical_device_category_6840_old_Ⅲ-1,,"用于检测人体样本中的囊虫病抗体，临床上主要用于囊虫病的辅助诊断。",,"Ⅲ"
medical_device_category_6840_old_108,"念珠菌甘露聚糖抗原检测试剂",6840-108,__import__.medical_device_category_6840_old_Ⅲ-1,,"用于检测人体样本中的念珠菌甘露聚糖抗原，临床上主要用于念珠菌感染的辅助诊断。",,"Ⅲ"
medical_device_category_6840_old_109,"恙虫病抗原/抗体检测试剂",6840-109,__import__.medical_device_category_6840_old_Ⅲ-1,,"用于检测人体样本中的恙虫病抗原/抗体，临床上主要用于恙虫病的辅助诊断。",,"Ⅲ"
medical_device_category_6840_old_110,"沙眼衣原体抗原/抗体/核酸检测试剂",6840-110,__import__.medical_device_category_6840_old_Ⅲ-1,,"用于检测人体样本（如女性生殖道及宫颈分泌物、男性尿道、血液）中的沙眼衣原体抗原/抗体/核酸，临床上主要用于衣原体引起的感染的辅助诊断。",,"Ⅲ"
medical_device_category_6840_old_111,"肺炎衣原体抗原/抗体检测试剂",6840-111,__import__.medical_device_category_6840_old_Ⅲ-1,,"用于检测人体样本中的肺炎衣原体抗原/抗体，临床上主要用于衣原体性肺炎的辅助诊断。",,"Ⅲ"
medical_device_category_6840_old_112,"肺炎支原体抗原/抗体/核酸检测试剂",6840-112,__import__.medical_device_category_6840_old_Ⅲ-1,,"用于检测人体样本中的肺炎支原体的抗原/抗体/核酸，临床上主要用于支原体肺炎的辅助诊断。",,"Ⅲ"
medical_device_category_6840_old_113,"解脲支原体核酸检测试剂",6840-113,__import__.medical_device_category_6840_old_Ⅲ-1,,"用于检测人体样本（如尿道、生殖道分泌物）中的解脲支原体核酸，主要用于解脲支原体引起的感染的辅助诊断。",,"Ⅲ"
medical_device_category_6840_old_114,"乙型肝炎病毒耐药基因检测试剂",6840-114,__import__.medical_device_category_6840_old_Ⅲ-1,,"用于检测人体样本中的乙型肝炎病毒的耐药基因突变。",,"Ⅲ"
medical_device_category_6840_old_115,"结核分枝杆菌耐药基因检测试剂",6840-115,__import__.medical_device_category_6840_old_Ⅲ-1,,"用于检测人体样本中结核分枝杆菌耐药基因(如rpoB、katG和inhA基因)。",,"Ⅲ"
medical_device_category_6840_old_116,"耐甲氧西林金黄色葡萄球菌耐药基因检测试剂",6840-116,__import__.medical_device_category_6840_old_Ⅲ-1,,"用于检测人体样本（如鼻咽拭子、痰液）中的耐甲氧西林金黄色葡萄球菌的特异性耐药基因。",,"Ⅲ"
medical_device_category_6840_old_117,"凝聚胺试剂",6840-117,__import__.medical_device_category_6840_old_Ⅲ-2,,"用于检测人体样本中红细胞免疫抗体，临床上主要用于交叉配血、抗体筛检。",,"Ⅲ"
medical_device_category_6840_old_118,"ABO血型定型试剂",6840-118,__import__.medical_device_category_6840_old_Ⅲ-2,,"临床上用于人ABO血型抗原的检测。",,"Ⅲ"
medical_device_category_6840_old_119,"ABO血型反定型试剂",6840-119,__import__.medical_device_category_6840_old_Ⅲ-2,,"临床上用于人ABO血型的反定型检测。",,"Ⅲ"
medical_device_category_6840_old_120,"RhD血型定型试剂",6840-120,__import__.medical_device_category_6840_old_Ⅲ-2,,"临床上用于人RhD血型抗原的检测。",,"Ⅲ"
medical_device_category_6840_old_121,"Rh血型抗原检测试剂",6840-121,__import__.medical_device_category_6840_old_Ⅲ-2,,"临床上用于Rh血型系统D、C、c、E、e抗原的检测。",,"Ⅲ"
medical_device_category_6840_old_122,"抗D(IgM)血型定型试剂",6840-122,__import__.medical_device_category_6840_old_Ⅲ-2,,"临床上用于RhD血型的常规检测，不与DⅥ细胞反应，不能检测出弱D。",,"Ⅲ"
medical_device_category_6840_old_123,"抗D(IgG)血型定型试剂",6840-123,__import__.medical_device_category_6840_old_Ⅲ-2,,"临床上用于RhD血型的常规检测，与DⅥ细胞反应，能检测出弱D。",,"Ⅲ"
medical_device_category_6840_old_124,"抗人球蛋白检测试剂",6840-124,__import__.medical_device_category_6840_old_Ⅲ-2,,"临床上主要用于交叉配血、不规则抗体筛检。",,"Ⅲ"
medical_device_category_6840_old_125,"血小板抗体检测试剂",6840-125,__import__.medical_device_category_6840_old_Ⅲ-2,,"临床上主要用于检测血小板抗体及血小板输注前交叉配型。",,"Ⅲ"
medical_device_category_6840_old_126,"HLA-DNA分型检测试剂",6840-126,__import__.medical_device_category_6840_old_Ⅲ-2,,"用于检测人体样本中人类白细胞抗原（HLA）的型别，主要包括3个I类基因：A，B，C；2个Ⅱ类基因:DR，DQ。主要用于移植配型。",,"Ⅲ"
medical_device_category_6840_old_127,"红细胞抗体筛选试剂",6840-127,__import__.medical_device_category_6840_old_Ⅲ-2,,"用于采用固相技术对红细胞IgG类不规则抗体进行检测。",,"Ⅲ"
medical_device_category_6840_old_128,"BCR/ABL融合基因检测试剂",6840-128,__import__.medical_device_category_6840_old_Ⅲ-3,,"用于检测人体样本中的BCR/ABL融合基因，临床上主要用于白血病的分型及指导治疗。",,"Ⅲ"
medical_device_category_6840_old_129,"B-raf基因检测试剂",6840-129,__import__.medical_device_category_6840_old_Ⅲ-3,,"用于检测人体样本中的B-raf基因V600E体细胞突变，临床上主要用于肠癌、肺癌、甲状腺癌等的辅助诊断。",,"Ⅲ"
medical_device_category_6840_old_130,"尿脱落细胞染色体及基因检测试剂",6840-130,__import__.medical_device_category_6840_old_Ⅲ-3,,"用于检测尿液中脱落细胞的3号、7号、17号染色体的数目及9号染色体上p16基因位点的数目。临床上主要用于膀胱癌的辅助诊断和监测。",,"Ⅲ"
medical_device_category_6840_old_131,"产前染色体数目检测试剂",6840-131,__import__.medical_device_category_6840_old_Ⅲ-3,,"用于检测人体样本（如羊水细胞）中13号、18号、21号、X及Y染色体的数目。",,"Ⅲ"
medical_device_category_6840_old_132,"线粒体乙醛脱氢酶2基因检测试剂",6840-132,__import__.medical_device_category_6840_old_Ⅲ-3,,"用于检测人体样本中的核酸（DNA）线粒体乙醛脱氢酶2基因（ALDH2）多态性。临床上主要用于线粒体病辅助诊断。",,"Ⅲ"
medical_device_category_6840_old_133,"子宫颈细胞TERC位点检测试剂",6840-133,__import__.medical_device_category_6840_old_Ⅲ-3,,"用于检测子宫颈细胞中的TERC位点的扩增。临床上主要用于宫颈癌前病变的病理分级的辅助诊断。",,"Ⅲ"
medical_device_category_6840_old_134,"染色体非整倍体(DNA)检测试剂",6840-134,__import__.medical_device_category_6840_old_Ⅲ-3,,"用于检测人体样本(如羊水细胞)中的中期分裂细胞或间期细胞的13、18、21、X和Y染色体的数目异常。",,"Ⅲ"
medical_device_category_6840_old_135,"EGFR基因突变试剂",6840-135,__import__.medical_device_category_6840_old_Ⅲ-3,,"用于检测人体样本中的EGFR基因突变，临床上主要用于肺癌、肠癌等的辅助诊断。",,"Ⅲ"
medical_device_category_6840_old_136,"亚甲基四氢叶酸还原酶基因677C/T检测试剂",6840-136,__import__.medical_device_category_6840_old_Ⅲ-3,,"用于检测人体样本（如EDTA抗凝全血）中亚甲基四氢叶酸还原酶（MTHFR）基因C677T多态性位点基因型的定位。",,"Ⅲ"
medical_device_category_6840_old_137,"TOP2A基因检测试剂",6840-137,__import__.medical_device_category_6840_old_Ⅲ-3,,"用于检测人体样本中的TOP2A基因，临床上主要用于辅助诊断乳腺癌。",,"Ⅲ"
medical_device_category_6840_old_138,"21三体和性染色体多倍体检测试剂",6840-138,__import__.medical_device_category_6840_old_Ⅲ-3,,"用于检测人体样本中第21号染色体上特异性STR遗传位点、性染色体上特异性STR遗传位点和一个性别基因，临床上主要用于染色体病如21-三体综合征、Klinefelter综合征、超雌综合征的辅助诊断。",,"Ⅲ"
medical_device_category_6840_old_139,"人类免疫缺陷病毒基因型耐药分析检测试剂",6840-139,__import__.medical_device_category_6840_old_Ⅲ-3,,"用于检测人体样本中的人类免疫缺陷病毒病毒的耐药基因突变。临床上主要用于检测可引起对特定类型抗逆转录病毒药物耐药的HIV基因突变，以协助对HIV感染的监控和治疗。",,"Ⅲ"
medical_device_category_6840_old_140,"凝血因子Ⅷ检测试剂",6840-140,__import__.medical_device_category_6840_old_Ⅲ-4,,"用于检测人血浆凝血因子Ⅷ活性或含量，临床上主要用于血友病A的诊断，还可用于血管性假性血友病（VWD)、弥散性血管内凝血(DIC)、静脉血栓的辅助诊断和治疗监测。",,"Ⅲ"
medical_device_category_6840_old_141,"凝血因子Ⅸ检测试剂",6840-141,__import__.medical_device_category_6840_old_Ⅲ-4,,"用于检测人血浆中凝血因子Ⅸ的活性或含量，临床上主要用于血友病B的诊断和治疗监测。",,"Ⅲ"
medical_device_category_6840_old_142,"蛋白C检测试剂",6840-142,__import__.medical_device_category_6840_old_Ⅲ-4,,"用于检测人血浆蛋白C（PC）的活性或含量,临床上主要用于遗传性PC缺陷的辅助诊断。",,"Ⅲ"
medical_device_category_6840_old_143,"蛋白S检测试剂",6840-143,__import__.medical_device_category_6840_old_Ⅲ-4,,"用于检测人血浆蛋白S（PS）的活性或含量，临床上主要用于遗传性PS缺陷的辅助诊断。",,"Ⅲ"
medical_device_category_6840_old_144,"血管性血友病因子（von Willebrand factor）检测试剂",6840-144,__import__.medical_device_category_6840_old_Ⅲ-4,,"检测血管性血友病因子抗原/活性。临床上主要用于血管性血友病的诊断和分型。",,"Ⅲ"
medical_device_category_6840_old_145,"α-地中海贫血基因/蛋白检测试剂",6840-145,__import__.medical_device_category_6840_old_Ⅲ-4,,"用于检测人体样本中的α-地中海贫血基因/蛋白，临床上主要用于α-地中海贫血的辅助诊断。",,"Ⅲ"
medical_device_category_6840_old_146,"β-地中海贫血基因/蛋白检测试剂",6840-146,__import__.medical_device_category_6840_old_Ⅲ-4,,"用于检测人体样本中的β-地中海贫血基因/蛋白，临床上主要用于β-地中海贫血的辅助诊断。",,"Ⅲ"
medical_device_category_6840_old_147,"遗传性耳聋基因检测试剂",6840-147,__import__.medical_device_category_6840_old_Ⅲ-4,,"用于检测人体样本中与遗传性耳聋相关的突变位点，如GJB2基因的35、176、235、299位点；GJB3基因的538位点；SLC26A4基因的2168、IVS 7-2位点；线粒体 12S rRNA基因的1494、1555位点。主要用于遗传性耳聋的辅助诊断。",,"Ⅲ"
medical_device_category_6840_old_148,"葡萄糖-6-磷酸脱氢酶检测试剂",6840-148,__import__.medical_device_category_6840_old_Ⅲ-4,,"用于检测人体样本中葡萄糖-6-磷酸脱氢酶的含量，临床上主要用于遗传性红细胞萄萄糖-6-磷酸脱氢酶(G6PD)缺乏症的辅助诊断。",,"Ⅲ"
medical_device_category_6840_old_149,"尿半乳糖检测试剂",6840-149,__import__.medical_device_category_6840_old_Ⅲ-4,,"用于检测人体样本中半乳糖的含量，临床上主要用于遗传性半乳糖血症的辅助诊断。",,"Ⅲ"
medical_device_category_6840_old_150,"铜蓝蛋白检测试剂",6840-150,__import__.medical_device_category_6840_old_Ⅲ-4,,"用于检测人体样本中铜蓝蛋白的含量，临床上主要用于肝豆状核变性（Wilson病）疾病的辅助诊断。",,"Ⅲ"
medical_device_category_6840_old_151,"酪氨酸检测试剂",6840-151,__import__.medical_device_category_6840_old_Ⅲ-4,,"用于检测人体样本中酪氨酸的含量，临床上主要用于遗传性高酪氨酸血症和苯丙酮尿症的辅助诊断。",,"Ⅲ"
medical_device_category_6840_old_152,"新生儿17α-羟孕酮检测试剂",6840-152,__import__.medical_device_category_6840_old_Ⅲ-4,,"用于检测新生儿血样中的17α-羟孕酮的含量，临床上主要用于遗传性肾上腺皮质增生症的辅助诊断。",,"Ⅲ"
medical_device_category_6840_old_153,"苯丙氨酸检测试剂",6840-153,__import__.medical_device_category_6840_old_Ⅲ-4,,"用于检测新生儿血中苯丙氨酸和/或其酮酸的含量，临床上主要用于遗传性苯丙酮尿症的筛查。",,"Ⅲ"
medical_device_category_6840_old_154,"C1 抑制剂检测试剂",6840-154,__import__.medical_device_category_6840_old_Ⅲ-4,,"用于检测人体样本中的 C1 抑制剂的含量，临床上主要用于遗传血管神经性水肿和一种罕见类型的淋巴瘤的并发血管性水肿的辅助诊断。",,"Ⅲ"
medical_device_category_6840_old_155,"苯巴比妥检测试剂",6840-155,__import__.medical_device_category_6840_old_Ⅲ-5,,"用于检测人体样本中苯巴比妥的浓度。",,"Ⅲ"
medical_device_category_6840_old_156,"美沙酮检测试剂",6840-156,__import__.medical_device_category_6840_old_Ⅲ-5,,"用于检测人体样本中美沙酮的浓度。",,"Ⅲ"
medical_device_category_6840_old_157,"可待因检测试剂",6840-157,__import__.medical_device_category_6840_old_Ⅲ-5,,"用于检测人体样本中可待因的浓度。",,"Ⅲ"
medical_device_category_6840_old_158,"可卡因检测试剂",6840-158,__import__.medical_device_category_6840_old_Ⅲ-5,,"用于检测人体样本中可卡因的浓度。",,"Ⅲ"
medical_device_category_6840_old_159,"吗啡检测试剂",6840-159,__import__.medical_device_category_6840_old_Ⅲ-5,,"用于检测人体样本中吗啡的浓度。",,"Ⅲ"
medical_device_category_6840_old_160,"氯胺酮检测试剂",6840-160,__import__.medical_device_category_6840_old_Ⅲ-5,,"用于检测人体样本中氯胺酮的浓度。",,"Ⅲ"
medical_device_category_6840_old_161,"四氢大麻酚酸检测检剂",6840-161,__import__.medical_device_category_6840_old_Ⅲ-5,,"用于检测人体样本中四氢大麻酚酸的浓度。",,"Ⅲ"
medical_device_category_6840_old_162,"苯二氮卓检测试剂",6840-162,__import__.medical_device_category_6840_old_Ⅲ-5,,"用于检测人体样本中苯二氮卓的浓度。",,"Ⅲ"
medical_device_category_6840_old_163,"洋地黄毒苷检测试剂",6840-163,__import__.medical_device_category_6840_old_Ⅲ-5,,"用于检测人体样本中洋地黄毒苷的浓度。",,"Ⅲ"
medical_device_category_6840_old_164,"甲基安非他明检测检剂",6840-164,__import__.medical_device_category_6840_old_Ⅲ-5,,"用于检测人体样本中甲基安非他明的浓度。",,"Ⅲ"
medical_device_category_6840_old_165,"安非他明检测试剂",6840-165,__import__.medical_device_category_6840_old_Ⅲ-5,,"用于检测人体样本中安非他明的浓度。",,"Ⅲ"
medical_device_category_6840_old_166,"亚甲二氧基甲基安非他明(MDMA)检测试剂",6840-166,__import__.medical_device_category_6840_old_Ⅲ-5,,"用于检测人体样本中亚甲二氧基甲基安非他明（摇头丸）的浓度。",,"Ⅲ"
medical_device_category_6840_old_167,"CYP2C19基因检测试剂",6840-167,__import__.medical_device_category_6840_old_Ⅲ-6,,"用于检测人体样本中的CYP2C19基因，为临床治疗提供参考。",,"Ⅲ"
medical_device_category_6840_old_168,"HER-2基因检测试剂",6840-168,__import__.medical_device_category_6840_old_Ⅲ-6,,"用于检测人体样本中的HER-2基因，临床上主要用于乳腺癌的辅助诊断及指导治疗。",,"Ⅲ"
medical_device_category_6840_old_169,"K-ras基因检测试剂",6840-169,__import__.medical_device_category_6840_old_Ⅲ-6,,"用于检测人体样本中的K-ras基因，临床上主要用于肺癌、乳腺癌等的辅助诊断及指导治疗。",,"Ⅲ"
medical_device_category_6840_old_170,"甲胎蛋白（AFP）检测试剂",6840-170,__import__.medical_device_category_6840_old_Ⅲ-7,,"用于检测人体样本中的甲胎蛋白（AFP），临床上主要用于原发性肝癌的辅助诊断、疗效及预后观察。",,"Ⅲ"
medical_device_category_6840_old_171,"癌胚抗原（CEA）检测试剂",6840-171,__import__.medical_device_category_6840_old_Ⅲ-7,,"用于检测人体样本中的癌胚抗原（CEA），临床上主要用于恶性肿瘤疗效观察、预后判断及复发监测等。",,"Ⅲ"
medical_device_category_6840_old_172,"总前列腺特异抗原（tPSA)检测试剂",6840-172,__import__.medical_device_category_6840_old_Ⅲ-7,,"用于检测人体样本中的总前列腺特异性抗原（tPSA)，临床上主要用于前列腺疾病的辅助诊断及鉴别诊断等。",,"Ⅲ"
medical_device_category_6840_old_173,"游离前列腺特异抗原(fPSA)检测试剂",6840-173,__import__.medical_device_category_6840_old_Ⅲ-7,,"用于检测人体样本中的游离前列腺特异性抗原（fPSA）。fPSA/tPSA的比值可用于前列腺癌和良性前列腺增生的鉴别诊断。",,"Ⅲ"
medical_device_category_6840_old_174,"结合前列腺特异抗原(cPSA)检测试剂",6840-174,__import__.medical_device_category_6840_old_Ⅲ-7,,"用于检测人体样本中的结合前列腺特异性抗原(cPSA)，临床上主要用于前列腺癌的辅助诊断及鉴别诊断等。",,"Ⅲ"
medical_device_category_6840_old_175,"细胞角蛋白19片段（CYFRA21-1）检测试剂",6840-175,__import__.medical_device_category_6840_old_Ⅲ-7,,"用于检测人体样本中的细胞角蛋白片段19（CYFRA21-1），临床上主要用于非小细胞肺癌的疗效观察,复发监测等。",,"Ⅲ"
medical_device_category_6840_old_176,"鳞状上皮细胞癌抗原（SCC）检测试剂",6840-176,__import__.medical_device_category_6840_old_Ⅲ-7,,"用于检测人体样本中的鳞状上皮细胞癌抗原，临床上主要用于宫颈癌，非小细胞癌等的辅助诊断。",,"Ⅲ"
medical_device_category_6840_old_177,"神经元特异性烯醇化酶（NSE）检测试剂",6840-177,__import__.medical_device_category_6840_old_Ⅲ-7,,"用于检测人体样本中的神经元特异性烯醇化酶，临床上主要用于小细胞肺癌（SCLC）的辅助诊断和非小细胞肺癌（NSCLC）的鉴别诊断，监测SCLC和神经母细胞瘤的病情变化、治疗反应和监测复发等。",,"Ⅲ"
medical_device_category_6840_old_178,"人附睾蛋白4（HE4）检测试剂",6840-178,__import__.medical_device_category_6840_old_Ⅲ-7,,"用于检测人体样本中的附睾蛋白4(HE4)抗原，临床上主要用于卵巢癌的辅助诊断和疗效监测。",,"Ⅲ"
medical_device_category_6840_old_179,"癌抗原125（CA125）检测试剂",6840-179,__import__.medical_device_category_6840_old_Ⅲ-7,,"用于检测人体样本中的癌抗原125（CA125），临床上主要用于卵巢癌等疾病的辅助诊断及治疗监测。",,"Ⅲ"
medical_device_category_6840_old_180,"癌抗原15-3（CA15-3）检测试剂",6840-180,__import__.medical_device_category_6840_old_Ⅲ-7,,"用于检测人体样本中的癌抗原15-3（CA15-3），临床上主要用于乳腺癌治疗疗效及预后观察等。",,"Ⅲ"
medical_device_category_6840_old_181,"糖类抗原19-9（CA19-9）检测试剂",6840-181,__import__.medical_device_category_6840_old_Ⅲ-7,,"用于检测人体样本中的糖类抗原19-9（CA19-9），临床上主要用于胰腺等消化道恶性肿瘤的辅助诊断,疗效监测等。",,"Ⅲ"
medical_device_category_6840_old_182,"糖类抗原242（CA242）检测试剂",6840-182,__import__.medical_device_category_6840_old_Ⅲ-7,,"用于检测人体样本中的糖类抗原（CA242），临床上主要用于胰腺癌，结直肠癌等消化道恶性肿瘤的辅助诊断及疗效监测。",,"Ⅲ"
medical_device_category_6840_old_183,"糖类抗原50（CA50）检测试剂",6840-183,__import__.medical_device_category_6840_old_Ⅲ-7,,"用于检测人体样本中的糖类抗原50（CA50），临床上主要用于消化系统肿瘤（如胰腺癌）的病情进程及疗效监测等。",,"Ⅲ"
medical_device_category_6840_old_184,"癌抗原72-4（CA72-4）检测试剂",6840-184,__import__.medical_device_category_6840_old_Ⅲ-7,,"用于检测人体样本中的癌抗原724(CA72-4)，临床上主要用于胃肠系统等恶性肿瘤的辅助诊断及疗效监测等。",,"Ⅲ"
medical_device_category_6840_old_185,"组织多肽特异性抗原（TPS）检测试剂",6840-185,__import__.medical_device_category_6840_old_Ⅲ-7,,"用于检测人体样本中的组织多肽特异性抗原(TPS)，临床上主要用于乳腺、卵巢、消化系统等肿瘤的辅助诊断及疗效监测等。",,"Ⅲ"
medical_device_category_6840_old_186,"β2微球蛋白（β2 MG)检测试剂",6840-186,__import__.medical_device_category_6840_old_Ⅲ-7,,"用于检测人体样本中的β2微球蛋白，主要与肿瘤、多发性骨髓瘤相关。",,"Ⅲ"
medical_device_category_6840_old_187,"铁蛋白检测试剂",6840-187,__import__.medical_device_category_6840_old_Ⅲ-7,,"用于检测人体样本中的铁蛋白，临床上主要用于恶性肿瘤的复发转移监测等。",,"Ⅲ"
medical_device_category_6840_old_188,"S100蛋白检测试剂",6840-188,__import__.medical_device_category_6840_old_Ⅲ-7,,"用于检测人体样本中的S100蛋白，临床上主要用于中枢神经系统肿瘤的治疗监测等。",,"Ⅲ"
medical_device_category_6840_old_189,"人绒毛膜促性腺激素（HCG）检测试剂",6840-189,__import__.medical_device_category_6840_old_Ⅲ-7,,"用于检测人体样本中的人绒毛膜促性腺激素（HCG），临床上主要用于绒毛膜癌等的辅助诊断。",,"Ⅲ"
medical_device_category_6840_old_190,"β-人绒毛膜促性腺激素（β-HCG）检测试剂",6840-190,__import__.medical_device_category_6840_old_Ⅲ-7,,"用于检测人体样本中的β-人绒毛膜促性腺激素（β-HCG），临床上主要用于绒毛膜癌等的辅助诊断。",,"Ⅲ"
medical_device_category_6840_old_191,"前列腺碱性磷酸酶（PAP）检测试剂",6840-191,__import__.medical_device_category_6840_old_Ⅲ-7,,"用于检测人体样本中的前列腺碱性磷酸酶（PAP）临床上主要用于前列腺癌的辅助诊断、治疗效果及预后评估及转移性骨肿瘤鉴别诊断等。",,"Ⅲ"
medical_device_category_6840_old_192,"前列腺酸性磷酸酶（PACP）检测试剂",6840-192,__import__.medical_device_category_6840_old_Ⅲ-7,,"用于检测人体样本中的前列腺酸性磷酸酶（PACP），临床上主要用于监测前列腺癌发生骨转移的情况等。",,"Ⅲ"
medical_device_category_6840_old_193,"胸腺嘧啶核苷激酶（TK）检测试剂",6840-193,__import__.medical_device_category_6840_old_Ⅲ-7,,"用于检测人体样本中的胸腺嘧啶核苷激酶（TK），临床上主要用于监测肿瘤增殖等。",,"Ⅲ"
medical_device_category_6840_old_194,"胃泌素释放肽前体(proGRP)检测试剂",6840-194,__import__.medical_device_category_6840_old_Ⅲ-7,,"用于检测人体样本中的胃泌素释放肽前体(proGRP），临床上主要用于小细胞肺癌（SCLC）等的辅助诊断。",,"Ⅲ"
medical_device_category_6840_old_195,"胃蛋白酶原（PG）I检测试剂",6840-195,__import__.medical_device_category_6840_old_Ⅲ-7,,"用于检测人体样本中的胃蛋白酶原（PG）I。PGI的浓度水平及PGI/Ⅱ的比值可用于胃癌的辅助诊断。",,"Ⅲ"
medical_device_category_6840_old_196,"胃蛋白酶原（PG）Ⅱ检测试剂",6840-196,__import__.medical_device_category_6840_old_Ⅲ-7,,"用于检测人体样本中的胃蛋白酶原（PG）Ⅱ。PGⅡ的浓度水平及PGI/Ⅱ的比值可用于胃癌的辅助诊断。",,"Ⅲ"
medical_device_category_6840_old_197,"肿瘤蛋白p185(erbB-2/HER-2) 检测试剂",6840-197,__import__.medical_device_category_6840_old_Ⅲ-7,,"用于检测人体样本中的肿瘤蛋白p185(erbB-2/HER-2)，临床上主要用于乳腺癌、卵巢癌的辅助诊断。",,"Ⅲ"
medical_device_category_6840_old_198,"HER-2/neu蛋白检测试剂",6840-198,__import__.medical_device_category_6840_old_Ⅲ-7,,"用于检测人体样本中的HER-2/neu蛋白，临床上主要用于指导乳腺癌的治疗及预后评估。",,"Ⅲ"
medical_device_category_6840_old_199,"κ轻链检测试剂",6840-199,__import__.medical_device_category_6840_old_Ⅲ-7,,"用于检测人体样本（如血清和尿液）中的κ轻链 ，临床上主要用于多发性骨髓瘤的辅助诊断。",,"Ⅲ"
medical_device_category_6840_old_200,"λ轻链检测试剂",6840-200,__import__.medical_device_category_6840_old_Ⅲ-7,,"用于检测人体样本（如血清和尿液）中的λ轻链 ，临床上主要用于多发性骨髓瘤的辅助诊断。",,"Ⅲ"
medical_device_category_6840_old_201,"尿核基质蛋白22检测试剂",6840-201,__import__.medical_device_category_6840_old_Ⅲ-7,,"用于检测人体尿液中的核基质蛋白22，临床上主要用于膀胱癌的辅助诊断。",,"Ⅲ"
medical_device_category_6840_old_202,"雌激素受体检测试剂",6840-202,__import__.medical_device_category_6840_old_Ⅲ-7,,"用于检测人体样本中的雌激素受体，临床上主要用于乳腺癌的辅助诊断和治疗指导。",,"Ⅲ"
medical_device_category_6840_old_203,"胰岛素样生长因子-I检测试剂",6840-203,__import__.medical_device_category_6840_old_Ⅲ-7,,"用于检测人体样本中的胰岛素样生长因子-I，临床上主要用于肺癌的辅助诊断和治疗指导。",,"Ⅲ"
medical_device_category_6840_old_204,"a-L-岩藻糖苷酶检测试剂",6840-204,__import__.medical_device_category_6840_old_Ⅲ-7,,"用于检测人体样本中的α-L-岩藻糖苷酶，临床上主要用于肝癌的辅助诊断。",,"Ⅲ"
medical_device_category_6840_old_205,"泌乳素检测试剂",6840-205,__import__.medical_device_category_6840_old_Ⅲ-7,,"用于检测人体样本中的泌乳素，临床上主要用于泌乳素瘤的辅助诊断。",,"Ⅲ"
medical_device_category_6840_old_206,"降钙素检测试剂",6840-206,__import__.medical_device_category_6840_old_Ⅲ-7,,"用于检测人体样本中的降钙素(CT)，临床上主要用于甲状腺髓样癌、小细胞肺癌的辅助诊断。",,"Ⅲ"
medical_device_category_6840_old_207,"芳香基硫酸酯酶检测试剂",6840-207,__import__.medical_device_category_6840_old_Ⅲ-7,,"用于检测人体样本中的芳香基硫酸酯酶，临床上主要用于乳腺癌、结直肠癌的辅助诊断。",,"Ⅲ"
medical_device_category_6840_old_208,"CD3抗原检测试剂",6840-208,__import__.medical_device_category_6840_old_Ⅲ-7,,"用于检测福尔马林固定、石蜡包埋的人体组织切片中T淋巴细胞上的CD3抗原。临床上主要用于识别T淋巴细胞及其来源的肿瘤，以及与其他类型恶性肿瘤的鉴别诊断。",,"Ⅲ"
medical_device_category_6840_old_209,"CD20抗原检测试剂",6840-209,__import__.medical_device_category_6840_old_Ⅲ-7,,"用于检测福尔马林固定、石蜡包埋的人体组织切片中B淋巴细胞上的CD20抗原。临床上主要用于B淋巴细胞来源肿瘤的鉴别诊断。",,"Ⅲ"
medical_device_category_6840_old_210,"CD34抗原检测试剂",6840-210,__import__.medical_device_category_6840_old_Ⅲ-7,,"用于检测福尔马林固定、石蜡包埋的人体组织切片中组织上的CD34抗原。临床上主要用于辅助诊断血管内皮及血管来源肿瘤，以及与其它梭形细胞肿瘤的鉴别诊断。",,"Ⅲ"
medical_device_category_6840_old_211,"Ki-67抗原检测试剂",6840-211,__import__.medical_device_category_6840_old_Ⅲ-7,,"用于检测福尔马林固定、石蜡包埋的人体组织切片中细胞上的Ki-67抗原。临床上主要用于呈现细胞的增殖状态。",,"Ⅲ"
medical_device_category_6840_old_212,"p53抗原检测试剂",6840-212,__import__.medical_device_category_6840_old_Ⅲ-7,,"用于检测福尔马林固定、石蜡包埋的人体组织切片中细胞上的p53蛋白抗原，临床上主要用于肿瘤的辅助诊断及预后判定。",,"Ⅲ"
medical_device_category_6840_old_213,"广谱型细胞角蛋白检测试剂",6840-213,__import__.medical_device_category_6840_old_Ⅲ-7,,"用于检测福尔马林固定、石蜡包埋的人体组织切片中细胞上的广谱型细胞角蛋白抗原，临床上主要用于辅助识别各种组织的上皮细胞，以及各种上皮细胞与间叶细胞来源肿瘤的诊断与鉴别诊断。",,"Ⅲ"
medical_device_category_6840_old_214,"平滑肌肌动蛋白检测试剂",6840-214,__import__.medical_device_category_6840_old_Ⅲ-7,,"用于检测福尔马林固定、石蜡包埋的人体组织切片中细胞上的平滑肌肌动蛋白抗原。临床上主要用于辅助诊断肿瘤细胞的来源。",,"Ⅲ"
medical_device_category_6840_old_215,"上皮膜抗原检测试剂",6840-215,__import__.medical_device_category_6840_old_Ⅲ-7,,"用于检测福尔马林固定、石蜡包埋的人体组织切片中细胞上的上皮膜抗原。临床上主要用于各种上皮细胞肿瘤与间叶细胞来源肿瘤的诊断及鉴别诊断。",,"Ⅲ"
medical_device_category_6840_old_216,"孕激素受体检测试剂",6840-216,__import__.medical_device_category_6840_old_Ⅲ-7,,"用于检测福尔马林固定、石蜡包埋的人体组织切片中细胞上的孕激素受体。临床上主要用于辅助诊断乳腺癌及预后判定。",,"Ⅲ"
medical_device_category_6840_old_217,"血源细胞去除试剂",6840-217,__import__.medical_device_category_6840_old_Ⅲ-7,,"用于体外去除全血中的红细胞和白细胞等组分，从而获得血液中的非血源细胞，以用于下游多种分析。如循环肿瘤细胞检测、免疫细胞化学分析、构建基因组图谱等。",,"Ⅲ"
medical_device_category_6840_old_218,"总IgE检测试剂",6840-218,__import__.medical_device_category_6840_old_Ⅲ-8,,"用于检测人体样本中的免疫球蛋白E（IgE）水平，临床上主要用于人体过敏反应状态的辅助诊断。",,"Ⅲ"
medical_device_category_6840_old_219,"特异性IgE抗体检测试剂",6840-219,__import__.medical_device_category_6840_old_Ⅲ-8,,"用于检测人体样本中针对过敏原（如树类、草类、艾蒿、屋尘螨/粉尘螨、屋尘、猫毛、狗上皮、蟑螂、点青霉、鸡蛋白、牛奶、花生、黄豆、海鲜类等）的特异性IgE抗体。",,"Ⅲ"
medical_device_category_6840_old_220,"HLA-B27检测试剂",6840-220,__import__.medical_device_category_6840_old_Ⅲ-9,,"用于流式细胞仪鉴定和定量人白细胞抗原B27（HLA-B27）表达，临床上主要用于强直性脊柱炎的辅助诊断。",,"Ⅲ"
medical_device_category_6840_old_221,"CD2检测试剂",6840-221,__import__.medical_device_category_6840_old_Ⅲ-9,,"用于流式细胞仪鉴定和定量细胞表面CD2抗原表达。",,"Ⅲ"
medical_device_category_6840_old_222,"CD3检测试剂",6840-222,__import__.medical_device_category_6840_old_Ⅲ-9,,"用于流式细胞仪鉴定和定量细胞表面CD3抗原表达。",,"Ⅲ"
medical_device_category_6840_old_223,"CD4检测试剂",6840-223,__import__.medical_device_category_6840_old_Ⅲ-9,,"用于流式细胞仪鉴定和定量细胞表面的CD4抗原表达。CD4淋巴细胞减少常见于恶性肿瘤、遗传性免疫缺陷病、艾滋病、应用免疫抑制剂患者等。",,"Ⅲ"
medical_device_category_6840_old_224,"CD5检测试剂",6840-224,__import__.medical_device_category_6840_old_Ⅲ-9,,"用于流式细胞仪鉴定和定量细胞表面CD5抗原表达。",,"Ⅲ"
medical_device_category_6840_old_225,"CD7检测试剂",6840-225,__import__.medical_device_category_6840_old_Ⅲ-9,,"用于流式细胞仪鉴定和定量细胞表面CD7抗原表达。",,"Ⅲ"
medical_device_category_6840_old_226,"CD8检测试剂",6840-226,__import__.medical_device_category_6840_old_Ⅲ-9,,"用于流式细胞仪鉴定和定量细胞表面CD8抗原表达。CD8淋巴细胞增多：见于自身免疫性疾病，如SLE、艾滋病初期、慢性活动性肝炎、肿瘤及病毒感染等。",,"Ⅲ"
medical_device_category_6840_old_227,"CD11b检测试剂",6840-227,__import__.medical_device_category_6840_old_Ⅲ-9,,"用于流式细胞仪鉴定和定量细胞表面CD11b抗原表达。",,"Ⅲ"
medical_device_category_6840_old_228,"CD13检测试剂",6840-228,__import__.medical_device_category_6840_old_Ⅲ-9,,"用于流式细胞仪鉴定和定量细胞表面CD13抗原表达。",,"Ⅲ"
medical_device_category_6840_old_229,"CD14检测试剂",6840-229,__import__.medical_device_category_6840_old_Ⅲ-9,,"用于流式细胞仪鉴定和定量细胞表面CD14抗原表达。",,"Ⅲ"
medical_device_category_6840_old_230,"CD15检测试剂",6840-230,__import__.medical_device_category_6840_old_Ⅲ-9,,"用于流式细胞仪鉴定和定量细胞表面CD15抗原表达。",,"Ⅲ"
medical_device_category_6840_old_231,"CD16检测试剂",6840-231,__import__.medical_device_category_6840_old_Ⅲ-9,,"用于流式细胞仪鉴定和定量细胞表面CD16抗原表达。",,"Ⅲ"
medical_device_category_6840_old_232,"CD19检测试剂",6840-232,__import__.medical_device_category_6840_old_Ⅲ-9,,"用于流式细胞仪鉴定和定量细胞表面CD19抗原表达。",,"Ⅲ"
medical_device_category_6840_old_233,"CD20检测试剂",6840-233,__import__.medical_device_category_6840_old_Ⅲ-9,,"用于流式细胞仪鉴定和定量细胞表面CD20抗原表达。",,"Ⅲ"
medical_device_category_6840_old_234,"CD25检测试剂",6840-234,__import__.medical_device_category_6840_old_Ⅲ-9,,"用于流式细胞仪鉴定和定量细胞表面CD25抗原表达。",,"Ⅲ"
medical_device_category_6840_old_235,"CD33检测试剂",6840-235,__import__.medical_device_category_6840_old_Ⅲ-9,,"用于流式细胞仪鉴定和定量细胞表面CD33抗原表达。",,"Ⅲ"
medical_device_category_6840_old_236,"CD34检测试剂",6840-236,__import__.medical_device_category_6840_old_Ⅲ-9,,"用于流式细胞仪鉴定和定量细胞表面CD34抗原表达。",,"Ⅲ"
medical_device_category_6840_old_237,"CD38检测试剂",6840-237,__import__.medical_device_category_6840_old_Ⅲ-9,,"用于流式细胞仪鉴定和定量细胞表面CD38抗原表达。",,"Ⅲ"
medical_device_category_6840_old_238,"CD45检测试剂",6840-238,__import__.medical_device_category_6840_old_Ⅲ-9,,"用于流式细胞仪鉴定和定量细胞表面CD45抗原表达。",,"Ⅲ"
medical_device_category_6840_old_239,"GPA抗原检测试剂",6840-239,__import__.medical_device_category_6840_old_Ⅲ-9,,"用于流式细胞仪鉴定和定量细胞表面GPA抗原表达。",,"Ⅲ"
medical_device_category_6840_old_240,"HLA-DR检测试剂",6840-240,__import__.medical_device_category_6840_old_Ⅲ-9,,"用于流式细胞仪鉴定和定量细胞表面HLA-DR抗原表达。",,"Ⅲ"
medical_device_category_6840_old_241,"CD3/HLA-DR检测试剂",6840-241,__import__.medical_device_category_6840_old_Ⅲ-9,,"用于流式细胞仪鉴定和定量细胞表面CD3/HLA-DR抗原表达。",,"Ⅲ"
medical_device_category_6840_old_242,"CD3/CD(16+56)检测试剂",6840-242,__import__.medical_device_category_6840_old_Ⅲ-9,,"用于流式细胞仪鉴定和定量细胞表面CD3/CD(16+56)抗原表达。",,"Ⅲ"
medical_device_category_6840_old_243,"CD34/CD35检测试剂",6840-243,__import__.medical_device_category_6840_old_Ⅲ-9,,"用于流式细胞仪鉴定和定量细胞表面CD34/CD35抗原表达。",,"Ⅲ"
medical_device_category_6840_old_244,"CD45/CD4/CD3检测试剂",6840-244,__import__.medical_device_category_6840_old_Ⅲ-9,,"用于流式细胞仪鉴定和定量细胞表面CD45/CD4/CD3抗原表达。",,"Ⅲ"
medical_device_category_6840_old_245,"CD45/CD4/CD8/CD3 检测试剂",6840-245,__import__.medical_device_category_6840_old_Ⅲ-9,,"用于流式细胞仪鉴定和定量细胞表面CD45/CD4/CD8/CD3抗原表达。",,"Ⅲ"
medical_device_category_6840_old_246,"CD3/CD16+56/CD45检测试剂",6840-246,__import__.medical_device_category_6840_old_Ⅲ-9,,"用于流式细胞仪鉴定和定量细胞表面CD3/CD16+56/CD45抗原表达。",,"Ⅲ"
medical_device_category_6840_old_247,"CD45/CD4/CD8/CD3检测试剂",6840-247,__import__.medical_device_category_6840_old_Ⅲ-9,,"用于流式细胞仪对全CD3+、全CD4+、全CD8+、双染色CD3+/CD4+、双染色CD3+/CD8+淋巴细胞进行同步识别和百分数及绝对计数,以及CD4/CD8的比率。",,"Ⅲ"
medical_device_category_6840_old_248,"淋巴细胞亚群检测试剂",6840-248,__import__.medical_device_category_6840_old_Ⅲ-9,,"用于流式细胞仪鉴定和定量人类成熟淋巴细胞亚型的百分率和/或绝对数目，如T淋巴细胞（CD3+）、B淋巴细胞（CD19+）、辅助/诱导T淋巴细胞（CD3+CD4+）、抑制/细胞毒T淋巴细胞（CD3+CD8+）和自然杀伤细胞（CD3-CD16+和/或CD56+）。",,"Ⅲ"
medical_device_category_6840_old_249,"T淋巴细胞亚群计数检测试剂",6840-249,__import__.medical_device_category_6840_old_Ⅲ-9,,"通过计数未溶血全血中CD3、CD4、CD8 T淋巴细胞的绝对数量，用于T淋巴细胞亚群的计数。",,"Ⅲ"
medical_device_category_6840_old_250,"血红蛋白检测试剂",6840-250,__import__.medical_device_category_6840_old_Ⅱ-1,,"用于检测人体样本中血红蛋白的含量，临床上主要用于各种贫血、失血等的辅助诊断。",,"Ⅱ"
medical_device_category_6840_old_251,"文齐氏液",6840-251,__import__.medical_device_category_6840_old_Ⅱ-1,,"用于氰化高铁法测定人体样本中血红蛋白含量。",,"Ⅱ"
medical_device_category_6840_old_252,"糖化血红蛋白分析用洗脱液",6840-252,__import__.medical_device_category_6840_old_Ⅱ-1,,"与糖化血红蛋白分析系统配套使用，用于检测样本中糖化血红蛋白的含量。",,"Ⅱ"
medical_device_category_6840_old_253,"总蛋白检测试剂",6840-253,__import__.medical_device_category_6840_old_Ⅱ-1,,"用于检测人体样本中总蛋白的含量，临床上主要用于辅助评价肝脏功能。",,"Ⅱ"
medical_device_category_6840_old_254,"白蛋白检测试剂",6840-254,__import__.medical_device_category_6840_old_Ⅱ-1,,"用于检测人体样本中白蛋白的含量，临床上主要用于辅助评价肝脏功能及营养评估等。",,"Ⅱ"
medical_device_category_6840_old_255,"前白蛋白检测试剂",6840-255,__import__.medical_device_category_6840_old_Ⅱ-1,,"用于检测人体样本中前白蛋白的含量，临床上主要用于反映肝损害程度及营养评估等。",,"Ⅱ"
medical_device_category_6840_old_256,"糖化血红蛋白检测试剂",6840-256,__import__.medical_device_category_6840_old_Ⅱ-1,,"用于检测人体样本中糖化血红蛋白的含量，临床上主要用于糖尿病的辅助诊断和血糖水平的监控。",,"Ⅱ"
medical_device_category_6840_old_257,"微量白蛋白检测试剂",6840-257,__import__.medical_device_category_6840_old_Ⅱ-1,,"用于检测人体样本中微量白蛋白含量，临床上主要用于肾脏疾病的辅助诊断。",,"Ⅱ"
medical_device_category_6840_old_258,"肌红蛋白检测试剂",6840-258,__import__.medical_device_category_6840_old_Ⅱ-1,,"用于检测人体样本中的肌红蛋白含量，临床上主要用于心肌梗死的辅助诊断。",,"Ⅱ"
medical_device_category_6840_old_259,"肌钙蛋白I检测试剂",6840-259,__import__.medical_device_category_6840_old_Ⅱ-1,,"用于检测人体样本中肌钙蛋白I的含量，临床上主要用于心肌梗死的辅助诊断。",,"Ⅱ"
medical_device_category_6840_old_260,"肌钙蛋白T检测试剂",6840-260,__import__.medical_device_category_6840_old_Ⅱ-1,,"用于检测人体样本中肌钙蛋白T的含量，临床上主要用于心肌梗死的辅助诊断。",,"Ⅱ"
medical_device_category_6840_old_261,"心脏型脂肪酸结合蛋白检测试剂",6840-261,__import__.medical_device_category_6840_old_Ⅱ-1,,"用于检测人体样本中心脏型脂肪酸结合蛋白的含量，临床上主要用于急性心肌梗死辅助诊断。",,"Ⅱ"
medical_device_category_6840_old_262,"N末端心房利钠肽(NT-proBNP）检测试剂",6840-262,__import__.medical_device_category_6840_old_Ⅱ-1,,"用于检测人体样本中N末端心房利钠肽前体(NT-proBNP）的含量，临床上主要用于心力衰竭的辅助诊断。",,"Ⅱ"
medical_device_category_6840_old_263,"B型利钠肽（BNP）检测试剂",6840-263,__import__.medical_device_category_6840_old_Ⅱ-1,,"用于检测人体样本中B型利钠肽（BNP）的含量，临床上主要用于心力衰竭的辅助诊断。",,"Ⅱ"
medical_device_category_6840_old_264,"缺血性修饰白蛋白检测试剂",6840-264,__import__.medical_device_category_6840_old_Ⅱ-1,,"用于检测人体样本中缺血性修饰白蛋白的含量，主要作为心肌缺血标志物之一。",,"Ⅱ"
medical_device_category_6840_old_265,"C反应蛋白检测试剂",6840-265,__import__.medical_device_category_6840_old_Ⅱ-1,,"用于检测人体样本中C反应蛋白的含量，C反应蛋白主要作为一种非特异性炎症指标。",,"Ⅱ"
medical_device_category_6840_old_266,"α1-酸性糖蛋白检测试剂",6840-266,__import__.medical_device_category_6840_old_Ⅱ-1,,"用于检测人体样本中α1-酸性糖蛋白的含量，主要作为一种非特异性炎症指标。",,"Ⅱ"
medical_device_category_6840_old_267,"血清淀粉样蛋白A检测试剂",6840-267,__import__.medical_device_category_6840_old_Ⅱ-1,,"用于检测血清中淀粉样蛋白A的含量，主要作为一种非特异性炎症指标。",,"Ⅱ"
medical_device_category_6840_old_268,"Ⅲ型胶原检测试剂",6840-268,__import__.medical_device_category_6840_old_Ⅱ-1,,"用于检测人体样本中Ⅲ型胶原蛋白的含量，临床上主要用于肝纤维化的辅助诊断。",,"Ⅱ"
medical_device_category_6840_old_269,"Ⅳ型胶原检测试剂",6840-269,__import__.medical_device_category_6840_old_Ⅱ-1,,"用于检测人体样本中Ⅳ型胶原蛋白的含量，临床上主要用于肝纤维化的辅助诊断。",,"Ⅱ"
medical_device_category_6840_old_270,"层粘蛋白检测试剂",6840-270,__import__.medical_device_category_6840_old_Ⅱ-1,,"用于检测人体样本中层粘蛋白的含量，临床上主要用于肝纤维化的辅助诊断。",,"Ⅱ"
medical_device_category_6840_old_271,"不饱和铁结合力检测试剂",6840-271,__import__.medical_device_category_6840_old_Ⅱ-1,,"用于检测人体样本的不饱和铁结合力。临床上主要用于贫血、肝功能障碍等由铁代谢异常引起的疾病的辅助诊断。",,"Ⅱ"
medical_device_category_6840_old_272,"触珠蛋白检测试剂",6840-272,__import__.medical_device_category_6840_old_Ⅱ-1,,"用于检测人体样本中触珠蛋白（结合珠蛋白）的含量，临床上主要用于血管内溶血性疾病的辅助诊断。",,"Ⅱ"
medical_device_category_6840_old_273,"脑脊液/尿液总蛋白检测试剂",6840-273,__import__.medical_device_category_6840_old_Ⅱ-1,,"用于检测脑脊液/尿液样本中总蛋白的含量，临床上主要用于中枢神经系统/肾脏疾病的辅助诊断。",,"Ⅱ"
medical_device_category_6840_old_274,"视黄醇结合蛋白检测试剂",6840-274,__import__.medical_device_category_6840_old_Ⅱ-1,,"用于检测人体样本中视黄醇结合蛋白的含量，临床上主要用于肝脏或肾小管损伤性疾病的辅助诊断。",,"Ⅱ"
medical_device_category_6840_old_275,"转铁蛋白检测试剂",6840-275,__import__.medical_device_category_6840_old_Ⅱ-1,,"用于检测人体样本中转铁蛋白的含量，临床上主要用于铁缺乏症、肝脏等疾病的辅助诊断。",,"Ⅱ"
medical_device_category_6840_old_276,"糖化血清蛋白检测试剂",6840-276,__import__.medical_device_category_6840_old_Ⅱ-1,,"用于检测人体样本中糖化血清蛋白的含量，临床上主要用于血糖水平的监控。",,"Ⅱ"
medical_device_category_6840_old_277,"糖化血清白蛋白检测试剂",6840-277,__import__.medical_device_category_6840_old_Ⅱ-1,,"用于检测人体样本中糖化血清白蛋白的含量，临床上主要用于血糖水平的监控。",,"Ⅱ"
medical_device_category_6840_old_278,"胃蛋白酶原Ⅰ检测试剂",6840-278,__import__.medical_device_category_6840_old_Ⅱ-1,,"用于检测人体样本中胃蛋白酶原I的含量，临床上主要用于评价胃泌酸腺细胞功能。",,"Ⅱ"
medical_device_category_6840_old_279,"胃蛋白酶原Ⅱ检测试剂",6840-279,__import__.medical_device_category_6840_old_Ⅱ-1,,"用于检测人体样本中胃蛋白酶原Ⅱ的含量，临床上主要用于评价胃底粘腺病变。",,"Ⅱ"
medical_device_category_6840_old_280,"抗链球菌溶血素O检测试剂",6840-280,__import__.medical_device_category_6840_old_Ⅱ-1,,"用于检测人体样本中抗链球菌溶血素O的含量，临床上主要用于急性风湿热的辅助诊断。",,"Ⅱ"
medical_device_category_6840_old_281,"降钙素检测试剂",6840-281,__import__.medical_device_category_6840_old_Ⅱ-1,,"用于检测人体样本中的降钙素(CT)的含量，临床上主要用于甲状旁腺功能的辅助诊断。",,"Ⅱ"
medical_device_category_6840_old_282,"降钙素原检测试剂",6840-282,__import__.medical_device_category_6840_old_Ⅱ-1,,"用于检测人体样本中的降钙素原（PCT）的含量，临床上主要用于细菌感染性疾病的辅助诊断。",,"Ⅱ"
medical_device_category_6840_old_283,"β-胶原特殊序列检测试剂",6840-283,__import__.medical_device_category_6840_old_Ⅱ-1,,"用于检测人体样本中I型胶原的分解产物，临床上主要用于骨质疏松的辅助诊断。",,"Ⅱ"
medical_device_category_6840_old_284,"骨钙素检测试剂",6840-284,__import__.medical_device_category_6840_old_Ⅱ-1,,"用于检测人体样本骨钙素的含量，临床上主要用于各种骨质疏松及骨损伤后骨质合成早期的评价。",,"Ⅱ"
medical_device_category_6840_old_285,"铁蛋白检测试剂",6840-285,__import__.medical_device_category_6840_old_Ⅱ-1,,"用于检测人体样本中的铁蛋白的含量，临床上主要用于铁代谢的相关疾病，如血色素沉着症和缺铁性贫血的辅助诊断。",,"Ⅱ"
medical_device_category_6840_old_286,"α2-巨球蛋白检测试剂",6840-286,__import__.medical_device_category_6840_old_Ⅱ-1,,"用于检测人体样本中α2-巨球蛋白的含量，临床上主要用于肝、肾疾病的辅助诊断。 ",,"Ⅱ"
medical_device_category_6840_old_287,"血红素结合蛋白检测试剂",6840-287,__import__.medical_device_category_6840_old_Ⅱ-1,,"用于检测人体样本中的血红素结合蛋白含量，临床上主要用于溶血性疾病的辅助诊断。",,"Ⅱ"
medical_device_category_6840_old_288,"免疫球蛋白检测试剂",6840-288,__import__.medical_device_category_6840_old_Ⅱ-1,,"用于检测人体样本中免疫球蛋白G/A/M的含量，临床上主要用于免疫功能的评价及免疫疾病的辅助诊断。",,"Ⅱ"
medical_device_category_6840_old_289,"免疫球蛋白G亚型检测试剂",6840-289,__import__.medical_device_category_6840_old_Ⅱ-1,,"用于检测人体样本中免疫球蛋白G亚型（如IgG1、IgG2、IgG3、IgG4）的含量，临床上主要用于免疫功能的评价及免疫疾病的辅助诊断。",,"Ⅱ"
medical_device_category_6840_old_290,"特异性IgG抗体检测试剂",6840-290,__import__.medical_device_category_6840_old_Ⅱ-1,,"用于检测人体样本中针对食物（如肉类、鱼类，玉米、海鲜、蔬菜）等的特异性IgG抗体水平。",,"Ⅱ"
medical_device_category_6840_old_291,"可溶性转铁蛋白受体检测试剂",6840-291,__import__.medical_device_category_6840_old_Ⅱ-1,,"用于检测人体样本中的可溶性转铁蛋白受体 (sTfR) 含量，临床上主要用于缺铁性贫血的辅助诊断。",,"Ⅱ"
medical_device_category_6840_old_292,"糖缺失转铁蛋白检测试剂",6840-292,__import__.medical_device_category_6840_old_Ⅱ-1,,"用于检测人体样本中的糖缺失转铁蛋白(CDT)的含量，临床上主要用于酒精性肝病的辅助诊断。",,"Ⅱ"
medical_device_category_6840_old_293,"α1-微球蛋白检测试剂",6840-293,__import__.medical_device_category_6840_old_Ⅱ-1,,"用于检测人体样本中α1-微球蛋白的含量，临床上主要用于用于肾小管损伤的辅助诊断。   ",,"Ⅱ"
medical_device_category_6840_old_294,"β2-微球蛋白检测试剂",6840-294,__import__.medical_device_category_6840_old_Ⅱ-1,,"用于检测人体样本中β2-微球蛋白的含量，临床上主要用于监测近端肾小管的功能。",,"Ⅱ"
medical_device_category_6840_old_295,"胱抑素C检测试剂",6840-295,__import__.medical_device_category_6840_old_Ⅱ-1,,"用于检测人体样本中胱抑素C的含量，主要作为反映肾小球滤过率的指标之一。",,"Ⅱ"
medical_device_category_6840_old_296,"中性粒细胞明胶酶相关脂质运载蛋白检测试剂",6840-296,__import__.medical_device_category_6840_old_Ⅱ-1,,"用于检测人体样本中的中性粒细胞明胶酶相关脂质运载蛋白(NGAL)，临床上主要用于辅助诊断肾功能损伤。",,"Ⅱ"
medical_device_category_6840_old_297,"妊娠相关血浆蛋白A检测试剂",6840-297,__import__.medical_device_category_6840_old_Ⅱ-1,,"用于检测人体样本中妊娠相关血浆蛋白A（PAPP-A）的含量，临床上主要用于评估孕前期三个月唐氏综合征的风险。",,"Ⅱ"
medical_device_category_6840_old_298,"白细胞酯酶检测",6840-298,__import__.medical_device_category_6840_old_Ⅱ-1,,"用于检测阴道分泌物样本中白细胞酯酶活性，临床上主要用于细菌性阴道病的辅助诊断。",,"Ⅱ"
medical_device_category_6840_old_299,"细菌唾液酸酶检测",6840-299,__import__.medical_device_category_6840_old_Ⅱ-1,,"用于检测阴道分泌物样本中唾液酸酶活性，临床上主要用于细菌性阴道病的辅助诊断。",,"Ⅱ"
medical_device_category_6840_old_300,"隐血检测试剂",6840-300,__import__.medical_device_category_6840_old_Ⅱ-1,,"用于检测人体样本中的血红蛋白，临床上主要用于出血性病变的初步检查。",,"Ⅱ"
medical_device_category_6840_old_301,"大便隐血检测试剂",6840-301,__import__.medical_device_category_6840_old_Ⅱ-1,,"用于人体粪便样本中血红蛋白的检测，临床上用于评估消化道出血。",,"Ⅱ"
medical_device_category_6840_old_302,"胰岛素样生长因子结合蛋白检测试剂",6840-302,__import__.medical_device_category_6840_old_Ⅱ-1,,"用于检测人体样本中的胰岛素样生长因子结合蛋白(I、Ⅲ），临床上主要用于生长紊乱和胎膜早破的辅助诊断。",,"Ⅱ"
medical_device_category_6840_old_303,"血清组织金属蛋白酶抑制因子I检测试剂",6840-303,__import__.medical_device_category_6840_old_Ⅱ-1,,"用于检测人体样品中血清组织金属蛋白酶抑制因子I的含量，临床上主要用于肝纤维化的辅助诊断。",,"Ⅱ"
medical_device_category_6840_old_304,"κ轻链检测试剂",6840-304,__import__.medical_device_category_6840_old_Ⅱ-1,,"用于检测人体样本（如血清和尿液）中的κ轻链 ，临床上主要用于自身免疫疾病、感染、肝病、肾病等的辅助诊断。",,"Ⅱ"
medical_device_category_6840_old_305,"λ轻链检测试剂",6840-305,__import__.medical_device_category_6840_old_Ⅱ-1,,"用于检测人体样本（如血清和尿液）中的λ轻链 ，临床上主要用于自身免疫疾病、感染、肝病、肾病等的辅助诊断。",,"Ⅱ"
medical_device_category_6840_old_306,"葡萄糖检测试剂",6840-306,__import__.medical_device_category_6840_old_Ⅱ-2,,"用于检测人体样本中葡萄糖的含量，临床上主要用于反映血糖水平。",,"Ⅱ"
medical_device_category_6840_old_307,"β-羟丁酸检测试剂",6840-307,__import__.medical_device_category_6840_old_Ⅱ-2,,"用于检测人体样本中β-羟丁酸(D3羟丁酸)的含量，临床上主要用于酮症酸中毒的辅助诊断。",,"Ⅱ"
medical_device_category_6840_old_308,"乳酸检测试剂",6840-308,__import__.medical_device_category_6840_old_Ⅱ-2,,"用于检测人体样本中乳酸的含量，临床上主要用于代谢性酸中毒的辅助诊断。",,"Ⅱ"
medical_device_category_6840_old_309,"丙酮酸检测试剂",6840-309,__import__.medical_device_category_6840_old_Ⅱ-2,,"用于检测人体样本中丙酮酸的含量，临床上主要用于酮症酸中毒的辅助诊断。",,"Ⅱ"
medical_device_category_6840_old_310,"促黄体生成素检测试剂",6840-310,__import__.medical_device_category_6840_old_Ⅱ-3,,"用于检测人体样本中促黄体生成素的含量，临床上主要用于评价垂体内分泌功能。",,"Ⅱ"
medical_device_category_6840_old_311,"促卵泡生成素检测试剂",6840-311,__import__.medical_device_category_6840_old_Ⅱ-3,,"用于检测人体样本中促卵泡生成素（卵泡刺激素）的含量，临床上主要用于评价垂体内分泌功能。",,"Ⅱ"
medical_device_category_6840_old_312,"泌乳素检测试剂",6840-312,__import__.medical_device_category_6840_old_Ⅱ-3,,"用于检测人体样本中泌乳素的含量，临床上主要用于评价垂体内分泌功能。",,"Ⅱ"
medical_device_category_6840_old_313,"人绒毛膜促性腺激素检测试剂",6840-313,__import__.medical_device_category_6840_old_Ⅱ-3,,"用于检测人体样本中人绒毛膜促性腺激素的含量，临床上主要用于宫外孕、早孕的辅助诊断。",,"Ⅱ"
medical_device_category_6840_old_314,"β-人绒毛膜促性腺激素检测试剂",6840-314,__import__.medical_device_category_6840_old_Ⅱ-3,,"用于检测人体样本中β-人绒毛膜促性腺激素的含量，临床上主要用于宫外孕、早孕的辅助诊断。",,"Ⅱ"
medical_device_category_6840_old_315,"总甲状腺素检测试剂",6840-315,__import__.medical_device_category_6840_old_Ⅱ-3,,"用于检测人体样本中总甲状腺素（TT4）的含量，临床上主要用于辅助评价甲状腺功能。",,"Ⅱ"
medical_device_category_6840_old_316,"游离甲状腺素检测试剂",6840-316,__import__.medical_device_category_6840_old_Ⅱ-3,,"用于检测人体样本中游离甲状腺素（游离四碘甲状腺原氨酸FT4）的含量，临床上主要用于辅助评价甲状腺功能。",,"Ⅱ"
medical_device_category_6840_old_317,"总三碘甲状腺原氨酸检测试剂",6840-317,__import__.medical_device_category_6840_old_Ⅱ-3,,"用于检测人体样本中总三碘甲状腺原氨酸（TT3）的含量，临床上主要用于辅助评价甲状腺功能。",,"Ⅱ"
medical_device_category_6840_old_318,"游离三碘甲状腺原氨酸检测试剂",6840-318,__import__.medical_device_category_6840_old_Ⅱ-3,,"用于检测人体样本中游离三碘甲状腺原氨酸（FT3）的含量，临床上主要用于辅助评价甲状腺功能。",,"Ⅱ"
medical_device_category_6840_old_319,"促甲状腺激素检测试剂",6840-319,__import__.medical_device_category_6840_old_Ⅱ-3,,"用于检测人体样本中促甲状腺素的含量，临床上主要用于辅助评价垂体-甲状腺功能。",,"Ⅱ"
medical_device_category_6840_old_320,"甲状腺素结合力检测试剂",6840-320,__import__.medical_device_category_6840_old_Ⅱ-3,,"用于检测人体样本中游离甲状腺结合力，临床上主要用于评价甲状腺功能。",,"Ⅱ"
medical_device_category_6840_old_321,"新生儿促甲状腺素检测试剂",6840-321,__import__.medical_device_category_6840_old_Ⅱ-3,,"用于检测人体样本中促甲状腺素的含量，临床上主要用于辅助筛查新生儿甲状腺机能衰退。",,"Ⅱ"
medical_device_category_6840_old_322,"全段甲状旁腺激素检测试剂",6840-322,__import__.medical_device_category_6840_old_Ⅱ-3,,"用于检测人体样本中全段甲状旁腺激素的含量，临床上主要用于评价甲状旁腺功能。",,"Ⅱ"
medical_device_category_6840_old_323,"睾酮检测试剂",6840-323,__import__.medical_device_category_6840_old_Ⅱ-3,,"用于检测人体样本中睾酮的含量，临床上主要用于睾酮水平异常相关疾病的辅助诊断。",,"Ⅱ"
medical_device_category_6840_old_324,"雌二醇检测试剂",6840-324,__import__.medical_device_category_6840_old_Ⅱ-3,,"用于检测人体样本中雌二醇的含量，临床上主要用于卵巢疾病的辅助诊断。",,"Ⅱ"
medical_device_category_6840_old_325,"雌三醇检测试剂",6840-325,__import__.medical_device_category_6840_old_Ⅱ-3,,"用于检测人体样本中雌三醇的含量，主要用作异常妊娠的辅助评价指标和唐氏综合征的筛查。",,"Ⅱ"
medical_device_category_6840_old_326,"孕酮检测试剂",6840-326,__import__.medical_device_category_6840_old_Ⅱ-3,,"用于检测人体样本中孕酮的含量，临床上主要用于先兆流产的辅助诊断。",,"Ⅱ"
medical_device_category_6840_old_327,"胰岛素检测试剂",6840-327,__import__.medical_device_category_6840_old_Ⅱ-3,,"用于检测人体样本中的胰岛素的含量，临床上主要用于评价胰岛功能。",,"Ⅱ"
medical_device_category_6840_old_328,"C肽检测试剂",6840-328,__import__.medical_device_category_6840_old_Ⅱ-3,,"用于检测人体样本中的C肽的含量，临床上主要用于评价胰岛功能。",,"Ⅱ"
medical_device_category_6840_old_329,"促肾上腺皮质激素检测试剂",6840-329,__import__.medical_device_category_6840_old_Ⅱ-3,,"用于检测人体样本中促肾上腺皮质激素的含量，临床上主要用于评价垂体—肾上腺功能。",,"Ⅱ"
medical_device_category_6840_old_330,"皮质醇检测试剂",6840-330,__import__.medical_device_category_6840_old_Ⅱ-3,,"用于检测人体样本中皮质醇的含量，临床上主要用于辅助评价肾上腺皮质功能。",,"Ⅱ"
medical_device_category_6840_old_331,"17α-羟孕酮检测试剂",6840-331,__import__.medical_device_category_6840_old_Ⅱ-3,,"用于检测人体样本中17α-羟孕酮的含量，临床上主要用于肾上腺皮质疾病的辅助诊断。",,"Ⅱ"
medical_device_category_6840_old_332,"17-羟类固醇检测试剂",6840-332,__import__.medical_device_category_6840_old_Ⅱ-3,,"用于检测人体样本中17-羟类固醇的含量，临床上主要用于肾上腺皮质疾病的辅助诊断。",,"Ⅱ"
medical_device_category_6840_old_333,"17-酮类固醇检测试剂",6840-333,__import__.medical_device_category_6840_old_Ⅱ-3,,"用于检测人体样本中17-酮类固醇的含量，临床上主要用于肾上腺皮质疾病的辅助诊断。",,"Ⅱ"
medical_device_category_6840_old_334,"香草扁桃酸检测试剂",6840-334,__import__.medical_device_category_6840_old_Ⅱ-3,,"用于检测人体样本中香草扁桃酸的含量，临床上主要用于辅助评价肾上腺皮质功能。",,"Ⅱ"
medical_device_category_6840_old_335,"醛固酮检测试剂",6840-335,__import__.medical_device_category_6840_old_Ⅱ-3,,"用于检测人体样本中醛固酮的含量，临床上主要用于辅助评价肾上腺皮质功能。",,"Ⅱ"
medical_device_category_6840_old_336,"生长激素检测试剂",6840-336,__import__.medical_device_category_6840_old_Ⅱ-3,,"用于检测人体样本中生长激素的含量，临床上主要用于辅助评价垂体功能和非垂体疾病所致的生长激素水平异常。",,"Ⅱ"
medical_device_category_6840_old_337,"雄烯二酮检测试剂",6840-337,__import__.medical_device_category_6840_old_Ⅱ-3,,"用于检测人体样本中雄烯二酮的含量，临床上主要用于辅助诊断遗传性肾上腺皮质增生、肾上腺皮质功能减退等疾病。",,"Ⅱ"
medical_device_category_6840_old_338,"硫酸去氢表雄酮检测试剂",6840-338,__import__.medical_device_category_6840_old_Ⅱ-3,,"用于检测人体样本中硫酸去氢表雄酮的含量，临床上主要用于评价肾上腺分泌雄激素的水平。",,"Ⅱ"
medical_device_category_6840_old_339,"促红细胞生成素检测试剂",6840-339,__import__.medical_device_category_6840_old_Ⅱ-3,,"用于检测人体样本中促红细胞生成素的含量，临床上主要用于肾性贫血的辅助诊断。",,"Ⅱ"
medical_device_category_6840_old_340,"甲状腺球蛋白（TG）检测试剂",6840-340,__import__.medical_device_category_6840_old_Ⅱ-3,,"用于检测人体样本中的甲状腺球蛋白含量，临床上主要用于甲状腺疾病的辅助诊断。",,"Ⅱ"
medical_device_category_6840_old_341,"促卵泡生成激素（FSH）检测试剂",6840-341,__import__.medical_device_category_6840_old_Ⅱ-3,,"用于检测人体样本中的促卵泡激素（FSH）含量，临床上主要用于卵巢疾病的辅助诊断。",,"Ⅱ"
medical_device_category_6840_old_342,"性激素结合球蛋白检测试剂",6840-342,__import__.medical_device_category_6840_old_Ⅱ-3,,"用于检测人体样本中的性激素结合球蛋白的含量，临床上主要用于多种雄激素异常疾病的辅助诊断。",,"Ⅱ"
medical_device_category_6840_old_343,"丙氨酸氨基转移酶检测试剂",6840-343,__import__.medical_device_category_6840_old_Ⅱ-4,,"用于检测人体样本中丙氨酸氨基转移酶的活性，临床上主要用于辅助评价肝功能。",,"Ⅱ"
medical_device_category_6840_old_344,"天门冬氨酸氨基转移酶检测试剂",6840-344,__import__.medical_device_category_6840_old_Ⅱ-4,,"用于检测人体样本中天冬氨酸氨基转移酶的活性，临床上主要用于病毒性肝炎、阻塞性黄疸、心肌梗死的辅助诊断。",,"Ⅱ"
medical_device_category_6840_old_345,"天门冬氨酸氨基转移酶同工酶检测试剂",6840-345,__import__.medical_device_category_6840_old_Ⅱ-4,,"用于检测人体样本中天门冬氨酸氨基转移酶同工酶的活性，临床上主要用于毒性肝炎、阻塞性黄疸、心肌梗死的辅助诊断。",,"Ⅱ"
medical_device_category_6840_old_346,"碱性磷酸酶检测试剂",6840-346,__import__.medical_device_category_6840_old_Ⅱ-4,,"用于检测人体样本中碱性磷酸酶的活性，临床上主要用于肝胆疾病和骨骼疾病的辅助诊断。",,"Ⅱ"
medical_device_category_6840_old_347,"乳酸脱氢酶检测试剂",6840-347,__import__.medical_device_category_6840_old_Ⅱ-4,,"用于检测人体样本中乳酸脱氢酶的活性，临床上主要用于心肌梗死、肝病等疾病的辅助诊断。",,"Ⅱ"
medical_device_category_6840_old_348,"乳酸脱氢酶同工酶检测试剂",6840-348,__import__.medical_device_category_6840_old_Ⅱ-4,,"用于检测人体样本中乳酸脱氢酶同工酶的活性，临床上主要用于心肌梗死、肝病等疾病的辅助诊断。",,"Ⅱ"
medical_device_category_6840_old_349,"γ-谷氨酰基转移酶检测试剂",6840-349,__import__.medical_device_category_6840_old_Ⅱ-4,,"用于检测人体样本中γ-谷氨酰基转移酶的活性，临床上主要用于肝胆系统疾病的辅助诊断。",,"Ⅱ"
medical_device_category_6840_old_350,"γ-谷氨酰基转移酶同工酶检测试剂",6840-350,__import__.medical_device_category_6840_old_Ⅱ-4,,"用于检测人体样本中γ-谷氨酰基转移酶同工酶的活性，临床上主要用于肝胆系统疾病的辅助诊断。",,"Ⅱ"
medical_device_category_6840_old_351,"肌酸激酶检测试剂",6840-351,__import__.medical_device_category_6840_old_Ⅱ-4,,"用于检测人体样本中肌酸激酶的活性，临床上主要用于心肌梗死、病毒性心肌炎的辅助诊断。",,"Ⅱ"
medical_device_category_6840_old_352,"肌酸激酶同工酶（CKMB）检测试剂",6840-352,__import__.medical_device_category_6840_old_Ⅱ-4,,"用于检测人体样本中肌酸激酶同工酶的活性，临床上主要用于心肌梗死、肌病等疾病的辅助诊断。",,"Ⅱ"
medical_device_category_6840_old_353,"α-淀粉酶检测试剂",6840-353,__import__.medical_device_category_6840_old_Ⅱ-4,,"用于检测人体样本中α-淀粉酶的活性，临床上主要用于胰腺疾病的辅助诊断。",,"Ⅱ"
medical_device_category_6840_old_354,"淀粉酶同工酶检测试剂",6840-354,__import__.medical_device_category_6840_old_Ⅱ-4,,"用于检测人体样本中淀粉酶同工酶的活性，临床上主要用于胰腺疾病的辅助诊断。",,"Ⅱ"
medical_device_category_6840_old_355,"胆碱脂酶检测试剂",6840-355,__import__.medical_device_category_6840_old_Ⅱ-4,,"用于检测人体样本中胆碱脂酶的活性，临床上主要用于肝脏损伤及有机磷中毒的辅助诊断。",,"Ⅱ"
medical_device_category_6840_old_356,"丁酰胆碱脂酶检测试剂",6840-356,__import__.medical_device_category_6840_old_Ⅱ-4,,"用于检测人体样本中丁酰胆碱脂酶的活性，临床上主要用于有机磷中毒的辅助诊断。",,"Ⅱ"
medical_device_category_6840_old_357,"腺苷脱氨酶检测试剂",6840-357,__import__.medical_device_category_6840_old_Ⅱ-4,,"用于检测人体样本中腺苷脱氨酶的活性，临床上主要用于辅助评价肝损伤和胸水的鉴别诊断。",,"Ⅱ"
medical_device_category_6840_old_358,"脂肪酶检测试剂",6840-358,__import__.medical_device_category_6840_old_Ⅱ-4,,"用于检测人体样本中脂肪酶的活性，临床上主要用于急性胰腺炎的辅助诊断。",,"Ⅱ"
medical_device_category_6840_old_359,"单胺氧化酶检测试剂",6840-359,__import__.medical_device_category_6840_old_Ⅱ-4,,"用于检测人体样本中单胺氧化酶的活性，临床上主要用于肝纤维化的辅助诊断。",,"Ⅱ"
medical_device_category_6840_old_360,"5'-核苷酸酶检测试剂",6840-360,__import__.medical_device_category_6840_old_Ⅱ-4,,"用于检测人体样本中5'-核苷酸酶的活性，主要用于肝胆系统疾病的辅助诊断。",,"Ⅱ"
medical_device_category_6840_old_361,"α-羟丁酸脱氢酶检测试剂",6840-361,__import__.medical_device_category_6840_old_Ⅱ-4,,"用于检测人体样本中α-羟丁酸脱氢酶的活性，临床上主要用于心肌梗死的辅助诊断。",,"Ⅱ"
medical_device_category_6840_old_362,"N-乙酰-β-D-氨基葡萄糖苷酶检测试剂",6840-362,__import__.medical_device_category_6840_old_Ⅱ-4,,"用于检测人体样本中N-乙酰-β-D-氨基葡萄糖苷酶的活性，临床上主要用于辅助评价肾小管损害。",,"Ⅱ"
medical_device_category_6840_old_363,"β-D-半乳糖苷酶检测试剂",6840-363,__import__.medical_device_category_6840_old_Ⅱ-4,,"用于检测人体样本中β-D-半乳糖苷酶的活性，临床上主要用于肾小管损伤的辅助诊断。",,"Ⅱ"
medical_device_category_6840_old_364,"超氧化物歧化酶检测试剂",6840-364,__import__.medical_device_category_6840_old_Ⅱ-4,,"用于检测人体样本中超氧化物歧化酶的活性，临床上主要用于辅助评价机体抗氧化能力。",,"Ⅱ"
medical_device_category_6840_old_365,"甘氨酰脯氨酸二肽氨基肽酶检测试剂",6840-365,__import__.medical_device_category_6840_old_Ⅱ-4,,"用于检测人体样本中甘氨酰脯氨酸二肽氨基肽酶的活性，临床上主要用于肝胆疾病、胃肠疾病的辅助诊断。",,"Ⅱ"
medical_device_category_6840_old_366,"谷胱甘肽还原酶检测试剂",6840-366,__import__.medical_device_category_6840_old_Ⅱ-4,,"用于检测人体样本中谷胱甘肽还原酶的活性，临床上主要用于葡萄糖-6磷酸脱氢酶（G-6-PD）缺乏症的辅助诊断。",,"Ⅱ"
medical_device_category_6840_old_367,"谷胱甘肽转移酶检测试剂",6840-367,__import__.medical_device_category_6840_old_Ⅱ-4,,"用于检测人体样本中谷胱甘肽转移酶的活性，临床上主要用于肝炎的辅助诊断。",,"Ⅱ"
medical_device_category_6840_old_368,"α1-抗胰蛋白酶检测试剂",6840-368,__import__.medical_device_category_6840_old_Ⅱ-4,,"用于检测人体样本中的α1- 抗胰蛋白酶（α1- 蛋白酶抑制物）的活性，主要作为非特异性炎症指标之一。",,"Ⅱ"
medical_device_category_6840_old_369,"亮氨酸氨基转肽酶检测试剂",6840-369,__import__.medical_device_category_6840_old_Ⅱ-4,,"用于检测人体样本中亮氨酸氨基转肽酶的活性，临床上主要用于肝、胆疾病的辅助诊断。",,"Ⅱ"
medical_device_category_6840_old_370,"磷酸已糖异构酶检测试剂",6840-370,__import__.medical_device_category_6840_old_Ⅱ-4,,"用于检测人体样本中磷酸已糖异构酶的活性，临床上主要用于肝脏疾病的辅助诊断。",,"Ⅱ"
medical_device_category_6840_old_371,"醛缩酶检测试剂",6840-371,__import__.medical_device_category_6840_old_Ⅱ-4,,"用于检测人体样本中醛缩酶的活性，临床上主要用于肝脏等疾病的辅助诊断。",,"Ⅱ"
medical_device_category_6840_old_372,"肾素检测试剂",6840-372,__import__.medical_device_category_6840_old_Ⅱ-4,,"用于检测人体样本中肾素的活性，临床上主要用于肾性高血压、内分泌型高血压的辅助诊断。",,"Ⅱ"
medical_device_category_6840_old_373,"血管紧张素转化酶检测试剂",6840-373,__import__.medical_device_category_6840_old_Ⅱ-4,,"用于检测人体样本中血管紧张素转化酶的活性，临床上主要用于高血压用药监测和结节病的辅助诊断。",,"Ⅱ"
medical_device_category_6840_old_374,"胰蛋白酶检测试剂",6840-374,__import__.medical_device_category_6840_old_Ⅱ-4,,"用于检测人体样本中胰蛋白酶的活性，临床上主要用于胰腺疾病的辅助诊断。",,"Ⅱ"
medical_device_category_6840_old_375,"乙醇脱氢酶检测试剂",6840-375,__import__.medical_device_category_6840_old_Ⅱ-4,,"用于检测人体样本中乙醇脱氢酶的活性，临床上主要用于肝脏疾病的辅助诊断。",,"Ⅱ"
medical_device_category_6840_old_376,"异柠檬酸脱氢酶检测试剂",6840-376,__import__.medical_device_category_6840_old_Ⅱ-4,,"用于检测人体样本中异柠檬酸脱氢酶的活性，临床上主要用于肝脏疾病的辅助诊断。",,"Ⅱ"
medical_device_category_6840_old_377,"卵磷脂胆固醇酰基转移酶检测试剂",6840-377,__import__.medical_device_category_6840_old_Ⅱ-4,,"用于检测人体样本中卵磷脂胆固醇酰基转移酶的活性，临床上主要用于肝胆系统疾病的辅助诊断。",,"Ⅱ"
medical_device_category_6840_old_378,"髓过氧化物酶检测试剂",6840-378,__import__.medical_device_category_6840_old_Ⅱ-4,,"用于检测人体样本中髓过氧化物酶（MPO）的活性，临床上用于临床上主要用于心血管系统炎症的辅助诊断。",,"Ⅱ"
medical_device_category_6840_old_379,"胆固醇检测试剂",6840-379,__import__.medical_device_category_6840_old_Ⅱ-5,,"用于检测人体样本中胆固醇的含量，临床上主要用于高胆固醇血症的辅助诊断。",,"Ⅱ"
medical_device_category_6840_old_380,"游离胆固醇检测试剂",6840-380,__import__.medical_device_category_6840_old_Ⅱ-5,,"用于检测人体样本中游离胆固醇的含量，临床上主要用于肝脏疾病的辅助诊断。",,"Ⅱ"
medical_device_category_6840_old_381,"甘油三酯检测试剂",6840-381,__import__.medical_device_category_6840_old_Ⅱ-5,,"用于检测人体样本中甘油三酯的含量，临床上主要用于高甘油三酯血症的辅助诊断。",,"Ⅱ"
medical_device_category_6840_old_382,"游离脂肪酸检测试剂",6840-382,__import__.medical_device_category_6840_old_Ⅱ-5,,"用于检测人体样本中游离脂肪酸的含量，临床上主要用于高脂血症、冠心病和动脉粥样硬化的辅助诊断。",,"Ⅱ"
medical_device_category_6840_old_383,"高密度脂蛋白胆固醇检测试剂",6840-383,__import__.medical_device_category_6840_old_Ⅱ-5,,"用于检测人体样本中高密度脂蛋白胆固醇的含量，临床上主要用于高胆固醇血症、冠心病和动脉粥样硬化的辅助诊断。",,"Ⅱ"
medical_device_category_6840_old_384,"低密度脂蛋白胆固醇检测试剂",6840-384,__import__.medical_device_category_6840_old_Ⅱ-5,,"用于检测人体样本中低密度脂蛋白胆固醇的含量，临床上主要用于高胆固醇血症、冠心病和动脉粥样硬化的辅助诊断。",,"Ⅱ"
medical_device_category_6840_old_385,"脂蛋白a检测试剂",6840-385,__import__.medical_device_category_6840_old_Ⅱ-5,,"用于检测人体样本中载脂蛋白a的含量，临床上主要用于评价心血管疾病风险。",,"Ⅱ"
medical_device_category_6840_old_386,"载脂蛋白A1检测试剂",6840-386,__import__.medical_device_category_6840_old_Ⅱ-5,,"用于检测人体样本中载脂蛋白A1的含量，临床上主要用于评价心血管疾病风险。",,"Ⅱ"
medical_device_category_6840_old_387,"载脂蛋白A2检测试剂",6840-387,__import__.medical_device_category_6840_old_Ⅱ-5,,"用于检测人体样本中载脂蛋白A2的含量，临床上主要用于评价心血管疾病风险。",,"Ⅱ"
medical_device_category_6840_old_388,"载脂蛋白B检测试剂",6840-388,__import__.medical_device_category_6840_old_Ⅱ-5,,"用于检测人体样本中载脂蛋白B的含量，临床上主要用于评价心血管疾病风险。",,"Ⅱ"
medical_device_category_6840_old_389,"载脂蛋白C2检测试剂",6840-389,__import__.medical_device_category_6840_old_Ⅱ-5,,"用于检测人体样本中载脂蛋白C2的含量，临床上主要用于评价心血管疾病风险。",,"Ⅱ"
medical_device_category_6840_old_390,"载脂蛋白C3检测试剂",6840-390,__import__.medical_device_category_6840_old_Ⅱ-5,,"用于检测人体样本中载脂蛋白C3的含量，临床上主要用于评价心血管疾病风险。",,"Ⅱ"
medical_device_category_6840_old_391,"载脂蛋白E检测试剂",6840-391,__import__.medical_device_category_6840_old_Ⅱ-5,,"用于检测人体样本中载脂蛋白E的含量，临床上主要用于评价心血管疾病风险。",,"Ⅱ"
medical_device_category_6840_old_392,"脂蛋白残粒胆固醇检测试剂",6840-392,__import__.medical_device_category_6840_old_Ⅱ-5,,"用于检测人体样本中脂蛋白残粒胆固醇的含量，临床上主要用于评价心血管疾病风险。",,"Ⅱ"
medical_device_category_6840_old_393,"乙酰乙酸检测试剂",6840-393,__import__.medical_device_category_6840_old_Ⅱ-5,,"用于检测人体样本中乙酰乙酸的含量，临床上主要用于酮症酸中毒的辅助诊断。",,"Ⅱ"
medical_device_category_6840_old_394,"1,25-二羟基维生素D3检测试剂",6840-394,__import__.medical_device_category_6840_old_Ⅱ-6,,"用于检测人体样本中1,25双羟基维生素D3的含量，临床上主要用于维生素D缺乏相关疾病的辅助诊断。",,"Ⅱ"
medical_device_category_6840_old_395,"25-羟基维生素D3检测试剂",6840-395,__import__.medical_device_category_6840_old_Ⅱ-6,,"用于检测人体样本中25羟基维生素D3的含量，临床上主要用于维生素D缺乏相关疾病的辅助诊断。",,"Ⅱ"
medical_device_category_6840_old_396,"25-羟基维生素D检测试剂",6840-396,__import__.medical_device_category_6840_old_Ⅱ-6,,"用于检测人体样本中25羟基维生素D的含量，临床上主要用于维生素D缺乏相关疾病的辅助诊断。",,"Ⅱ"
medical_device_category_6840_old_397,"维生素B12检测试剂",6840-397,__import__.medical_device_category_6840_old_Ⅱ-6,,"用于检测人体样本中的维生素B12的含量，临床上主要用于巨幼红细胞性贫血的辅助诊断。",,"Ⅱ"
medical_device_category_6840_old_398,"维生素C检测试剂",6840-398,__import__.medical_device_category_6840_old_Ⅱ-6,,"用于检测人体样本中维生素C的含量，临床上主要用于维生素C缺乏的辅助诊断。",,"Ⅱ"
medical_device_category_6840_old_399,"叶酸检测试剂",6840-399,__import__.medical_device_category_6840_old_Ⅱ-6,,"用于检测人体样本中叶酸的含量，临床上主要用于巨幼红细胞性贫血的辅助诊断。",,"Ⅱ"
medical_device_category_6840_old_400,"碘检测试剂",6840-400,__import__.medical_device_category_6840_old_Ⅱ-7,,"用于检测人体样本中碘的含量，临床上主要用于甲状腺疾病的辅助诊断。",,"Ⅱ"
medical_device_category_6840_old_401,"氨检测试剂",6840-401,__import__.medical_device_category_6840_old_Ⅱ-7,,"用于检测人体样本中氨的含量，临床上主要用于肝性脑病的辅助诊断。",,"Ⅱ"
medical_device_category_6840_old_402,"氯检测试剂",6840-402,__import__.medical_device_category_6840_old_Ⅱ-7,,"用于检测人体样本中氯的含量，临床上主要用于高氯血症或低氯血症的辅助诊断。",,"Ⅱ"
medical_device_category_6840_old_403,"二氧化碳检测试剂",6840-403,__import__.medical_device_category_6840_old_Ⅱ-7,,"用于检测人体样本中二氧化碳的含量，临床上主要作为体内酸碱平衡的评价指标。",,"Ⅱ"
medical_device_category_6840_old_404,"汞检测试剂",6840-404,__import__.medical_device_category_6840_old_Ⅱ-7,,"用于检测人体样本中汞的含量，临床上主要用于汞中毒的辅助诊断。",,"Ⅱ"
medical_device_category_6840_old_405,"锂检测试剂",6840-405,__import__.medical_device_category_6840_old_Ⅱ-7,,"用于检测人体样本中锂的含量，临床上主要用于锂盐中毒的辅助诊断。",,"Ⅱ"
medical_device_category_6840_old_406,"铅检测试剂",6840-406,__import__.medical_device_category_6840_old_Ⅱ-7,,"用于检测人体样本中铅的含量，临床上主要用于铅中毒的辅助诊断。",,"Ⅱ"
medical_device_category_6840_old_407,"镉检测试剂",6840-407,__import__.medical_device_category_6840_old_Ⅱ-7,,"用于检测人体样本中镉的含量，临床上主要用于镉中毒的辅助诊断。",,"Ⅱ"
medical_device_category_6840_old_408,"铬检测试剂",6840-408,__import__.medical_device_category_6840_old_Ⅱ-7,,"用于检测人体样本中铬的含量，临床上主要用于铬中毒的辅助诊断。",,"Ⅱ"
medical_device_category_6840_old_409,"锰检测试剂",6840-409,__import__.medical_device_category_6840_old_Ⅱ-7,,"用于检测人体样本中锰的含量，临床上主要用于锰中毒的辅助诊断。",,"Ⅱ"
medical_device_category_6840_old_410,"钙检测试剂",6840-410,__import__.medical_device_category_6840_old_Ⅱ-7,,"用于检测人体样本中钙离子的含量，临床上主要用于钙代谢紊乱的辅助诊断。",,"Ⅱ"
medical_device_category_6840_old_411,"铜检测试剂",6840-411,__import__.medical_device_category_6840_old_Ⅱ-7,,"用于检测人体样本中铜离子的含量，临床上主要用于铜代谢紊乱的辅助诊断。",,"Ⅱ"
medical_device_category_6840_old_412,"钾检测试剂",6840-412,__import__.medical_device_category_6840_old_Ⅱ-7,,"用于检测人体样本中钾离子的含量，临床上主要用于钾代谢紊乱的辅助诊断。",,"Ⅱ"
medical_device_category_6840_old_413,"镁检测试剂",6840-413,__import__.medical_device_category_6840_old_Ⅱ-7,,"用于检测人体样本中镁离子的含量，临床上主要用于镁代谢紊乱的辅助诊断。",,"Ⅱ"
medical_device_category_6840_old_414,"钠检测试剂",6840-414,__import__.medical_device_category_6840_old_Ⅱ-7,,"用于检测人体样本中钠离子的含量，临床上主要用于钠代谢紊乱的辅助诊断。",,"Ⅱ"
medical_device_category_6840_old_415,"磷检测试剂",6840-415,__import__.medical_device_category_6840_old_Ⅱ-7,,"用于检测人体样本中磷的含量，临床上主要用于磷代谢紊乱的辅助诊断。",,"Ⅱ"
medical_device_category_6840_old_416,"锌检测试剂",6840-416,__import__.medical_device_category_6840_old_Ⅱ-7,,"用于检测人体样本中锌离子的含量，临床上主要用于锌代谢紊乱的辅助诊断。",,"Ⅱ"
medical_device_category_6840_old_417,"铁检测试剂",6840-417,__import__.medical_device_category_6840_old_Ⅱ-7,,"用于检测人体样本中铁离子的含量，临床上主要用于贫血的辅助诊断。",,"Ⅱ"
medical_device_category_6840_old_418,"总铁结合力检测试剂",6840-418,__import__.medical_device_category_6840_old_Ⅱ-7,,"用于检测人体样本的总铁结合力，临床上主要用于贫血的辅助诊断。",,"Ⅱ"
medical_device_category_6840_old_419,"他克莫司检测试剂",6840-419,__import__.medical_device_category_6840_old_Ⅱ-8,,"用于检测人体样本中他克莫司的浓度。",,"Ⅱ"
medical_device_category_6840_old_420,"妥布霉素检测试剂",6840-420,__import__.medical_device_category_6840_old_Ⅱ-8,,"用于检测人体样本中妥布霉素浓度。",,"Ⅱ"
medical_device_category_6840_old_421,"环孢霉素检测试剂",6840-421,__import__.medical_device_category_6840_old_Ⅱ-8,,"用于检测人体样本中环孢霉素及代谢物的浓度。",,"Ⅱ"
medical_device_category_6840_old_422,"庆大霉素检测试剂",6840-422,__import__.medical_device_category_6840_old_Ⅱ-8,,"用于检测人体样本中庆大霉素的浓度。",,"Ⅱ"
medical_device_category_6840_old_423,"托普霉素检测试剂",6840-423,__import__.medical_device_category_6840_old_Ⅱ-8,,"用于检测人体样本中托普霉素的浓度。",,"Ⅱ"
medical_device_category_6840_old_424,"万古霉素检测试剂",6840-424,__import__.medical_device_category_6840_old_Ⅱ-8,,"用于检测人体样本中万古霉素的浓度。",,"Ⅱ"
medical_device_category_6840_old_425,"雷帕霉素检测试剂",6840-425,__import__.medical_device_category_6840_old_Ⅱ-8,,"用于检测人体样本中雷帕霉素的浓度。",,"Ⅱ"
medical_device_category_6840_old_426,"甲氨蝶呤检测试剂",6840-426,__import__.medical_device_category_6840_old_Ⅱ-8,,"用于检测人体样本中甲氨蝶呤的浓度。",,"Ⅱ"
medical_device_category_6840_old_427,"丙戊酸检测试剂",6840-427,__import__.medical_device_category_6840_old_Ⅱ-8,,"用于检测人体样本中丙戊酸的浓度。",,"Ⅱ"
medical_device_category_6840_old_428,"霉酚酸检测试剂",6840-428,__import__.medical_device_category_6840_old_Ⅱ-8,,"用于检测人体样本中霉酚酸的浓度。",,"Ⅱ"
medical_device_category_6840_old_429,"醋氨酚检测试剂",6840-429,__import__.medical_device_category_6840_old_Ⅱ-8,,"用于检测人体样本中醋氨酚的浓度。",,"Ⅱ"
medical_device_category_6840_old_430,"水杨酸检测试剂",6840-430,__import__.medical_device_category_6840_old_Ⅱ-8,,"用于检测人体样本中水杨酸的浓度。",,"Ⅱ"
medical_device_category_6840_old_431,"对乙酰氨基酚检测试剂",6840-431,__import__.medical_device_category_6840_old_Ⅱ-8,,"用于检测人体样本中对乙酰氨基酚的浓度。",,"Ⅱ"
medical_device_category_6840_old_432,"卡马西平检测试剂",6840-432,__import__.medical_device_category_6840_old_Ⅱ-8,,"用于检测人体样本中卡马西平的浓度。",,"Ⅱ"
medical_device_category_6840_old_433,"奎尼丁检测试剂",6840-433,__import__.medical_device_category_6840_old_Ⅱ-8,,"用于检测人体样本中奎尼丁的浓度。",,"Ⅱ"
medical_device_category_6840_old_434,"茶碱检测试剂",6840-434,__import__.medical_device_category_6840_old_Ⅱ-8,,"用于检测人体样本中茶碱的浓度。",,"Ⅱ"
medical_device_category_6840_old_435,"地高辛检测试剂",6840-435,__import__.medical_device_category_6840_old_Ⅱ-8,,"用于检测人体样本中地高辛及其代谢物的浓度。",,"Ⅱ"
medical_device_category_6840_old_436,"苯妥英检测试剂",6840-436,__import__.medical_device_category_6840_old_Ⅱ-8,,"用于检测人体样本中苯妥英的浓度。",,"Ⅱ"
medical_device_category_6840_old_437,"N-乙酰普鲁卡因胺检测试剂",6840-437,__import__.medical_device_category_6840_old_Ⅱ-8,,"用于检测人体样本中N-乙酰普鲁卡因胺的浓度。",,"Ⅱ"
medical_device_category_6840_old_438,"普鲁卡因胺检测试剂",6840-438,__import__.medical_device_category_6840_old_Ⅱ-8,,"用于检测人体样本中普鲁卡因的浓度。",,"Ⅱ"
medical_device_category_6840_old_439,"利多卡因检测试剂",6840-439,__import__.medical_device_category_6840_old_Ⅱ-8,,"用于检测人体样本中利多卡因的浓度。",,"Ⅱ"
medical_device_category_6840_old_440,"普里米酮检测试剂",6840-440,__import__.medical_device_category_6840_old_Ⅱ-8,,"用于检测人体样本中普里米酮的浓度。",,"Ⅱ"
medical_device_category_6840_old_441,"溴哌利多检测试剂",6840-441,__import__.medical_device_category_6840_old_Ⅱ-8,,"用于检测人体样本中溴哌利多的浓度。",,"Ⅱ"
medical_device_category_6840_old_442,"抗BP180抗体检测试剂",6840-442,__import__.medical_device_category_6840_old_Ⅱ-9,,"用于检测人体样本中的抗BP180抗体,临床上主要用于大疱性类天疱疮的辅助诊断。",,"Ⅱ"
medical_device_category_6840_old_443,"抗蛋白酶3抗体检测试剂",6840-443,__import__.medical_device_category_6840_old_Ⅱ-9,,"用于检测人体样本中抗蛋白酶3抗体(anti-PR3)，临床上主要用于在Wegener肉芽肿(WG)血管炎等抗中性粒细胞胞浆抗体（ANCA）相关性血管炎的辅助诊断和疾病活动程度评估。",,"Ⅱ"
medical_device_category_6840_old_444,"抗钙蛋白酶抑素抗体检测试剂",6840-444,__import__.medical_device_category_6840_old_Ⅱ-9,,"用于检测人体样本中的抗钙蛋白酶抑素抗体，临床上主要用于类风湿关节炎的辅助诊断。",,"Ⅱ"
medical_device_category_6840_old_445,"抗可溶性肝抗原-肝胰抗原（SLA/LP)抗体检测试剂",6840-445,__import__.medical_device_category_6840_old_Ⅱ-9,,"用于检测人体样本中抗可溶性肝抗原-肝胰抗原（SLA/LP)抗体，临床上主要用于自身免疫性肝炎的辅助诊断。",,"Ⅱ"
medical_device_category_6840_old_446,"抗促甲状腺受体（TSHR）抗体检测试剂",6840-446,__import__.medical_device_category_6840_old_Ⅱ-9,,"用于检测人体样本中促甲状腺素受体（TSHR）抗体，临床上主要用于Graves病的辅助诊断。",,"Ⅱ"
medical_device_category_6840_old_447,"抗甲状腺过氧化物酶（TPO）抗体检测试剂",6840-447,__import__.medical_device_category_6840_old_Ⅱ-9,,"用于检测人体样本中抗甲状腺过氧化物酶(TPO）抗体，临床上主要用于桥本甲状腺炎和突眼性甲状腺肿患者的辅助诊断。",,"Ⅱ"
medical_device_category_6840_old_448,"抗甲状腺球蛋白（TG）抗体检测试剂",6840-448,__import__.medical_device_category_6840_old_Ⅱ-9,,"用于检测人体样本中抗甲状腺球蛋白（TG）抗体，临床上主要用于甲亢和慢性甲状腺炎的早期诊断，还用作甲状腺异常，如慢性淋巴球甲状腺炎、非毒性甲状腺肿、Grave病及甲状腺癌的辅助诊断。",,"Ⅱ"
medical_device_category_6840_old_449,"抗M2-3E抗体检测试剂",6840-449,__import__.medical_device_category_6840_old_Ⅱ-9,,"用于检测人体样本中抗M2-3E(2-酮酸脱氢酶复合物)抗体，临床上主要用于原发性胆汁性肝硬化（PBC）的辅助诊断。",,"Ⅱ"
medical_device_category_6840_old_450,"抗C1q抗体检测试剂",6840-450,__import__.medical_device_category_6840_old_Ⅱ-9,,"用于检测人体样本中的抗补体1q（C1q）抗体，临床上主要用于狼疮肾炎的诊断和监测，低补体血症性荨麻疹性血管炎(HUVS)、膜增生性肾小球肾炎(MPGN)和Felty综合征的诊断。",,"Ⅱ"
medical_device_category_6840_old_451,"抗Jo-1抗体检测试剂",6840-451,__import__.medical_device_category_6840_old_Ⅱ-9,,"用于检测人体样本中的抗Jo-1（组氨酰-tRNA合成酶)抗体，临床上主要用于多发性肌炎/皮肌炎(PM/DM)的辅助诊断。",,"Ⅱ"
medical_device_category_6840_old_452,"抗Ki-1抗体检测试剂",6840-452,__import__.medical_device_category_6840_old_Ⅱ-9,,"用于检测人体样本中的抗Ki-1（蛋白酶体激活因子PA28-γ）抗体，临床上主要用于系统性红斑狼疮（SLE）与干燥综合征（SS）的辅助诊断。",,"Ⅱ"
medical_device_category_6840_old_453,"抗RA33抗体检测试剂",6840-453,__import__.medical_device_category_6840_old_Ⅱ-9,,"用于检测人体样本中抗RA33（异质性核糖核蛋白A2）抗体，临床上主要用于类风湿关节炎（RA）的诊断，以及系统性红斑狼疮（SLE）或混合结缔组织病（MCTD）的辅助诊断。",,"Ⅱ"
medical_device_category_6840_old_454,"抗Scl-70抗体检测试剂",6840-454,__import__.medical_device_category_6840_old_Ⅱ-9,,"用于检测人体样本中抗Scl-70（DNA拓扑异构酶Ⅰ）抗体，临床上主要用于系统性硬化症（SSc）的辅助诊断。",,"Ⅱ"
medical_device_category_6840_old_455,"抗Sm/RNP抗体检测试剂",6840-455,__import__.medical_device_category_6840_old_Ⅱ-9,,"用于检测人体样本中的抗Sm/RNP抗体，临床上主要用于系统红斑锒疮（SLE）和混合性结缔组织病（MCTD）的辅助诊断。",,"Ⅱ"
medical_device_category_6840_old_456,"抗Sm抗体检测试剂",6840-456,__import__.medical_device_category_6840_old_Ⅱ-9,,"用于检测人体样本中的抗Sm抗体，临床上主要用于系统红斑狼疮的辅助诊断。",,"Ⅱ"
medical_device_category_6840_old_457,"抗Sp100抗体检测试剂",6840-457,__import__.medical_device_category_6840_old_Ⅱ-9,,"用于检测人体样本中的抗可溶性酸性核蛋白(Sp100)抗体，临床上主要用于原发性胆汁性肝硬化（PBC）的辅助诊断。",,"Ⅱ"
medical_device_category_6840_old_458,"抗SS-A/Ro抗体检测试剂",6840-458,__import__.medical_device_category_6840_old_Ⅱ-9,,"用于检测人体样本中的抗SS-A/Ro抗体，临床上主要用于干燥综合征(SS)，类风湿关节炎，SLE，亚急性皮肤性狼疮，新生儿红斑狼疮，补体C2／C4缺乏症等疾病的辅助诊断。",,"Ⅱ"
medical_device_category_6840_old_459,"抗SSB抗体检测试剂",6840-459,__import__.medical_device_category_6840_old_Ⅱ-9,,"用于检测人体样本中的抗SSB抗体，临床上主要用于干燥综合征(SS)、系统性红斑狼疮（SLE）、多克隆高丙种球蛋白血病与冷球蛋白血症等疾病的辅助诊断。",,"Ⅱ"
medical_device_category_6840_old_460,"抗α-胞衬蛋白抗体检测试剂",6840-460,__import__.medical_device_category_6840_old_Ⅱ-9,,"用于检测人体样本中抗α-胞衬蛋白抗体，临床上主要用于干燥综合征(SS)的辅助诊断。",,"Ⅱ"
medical_device_category_6840_old_461,"抗β2糖蛋白1抗体检测试剂",6840-461,__import__.medical_device_category_6840_old_Ⅱ-9,,"用于检测人体样本中的抗β2糖蛋白1（β2-GP1）抗体，临床上主要用于抗磷脂综合征(APS)、系统性红斑狼疮（SLE）的辅助诊断。",,"Ⅱ"
medical_device_category_6840_old_462,"抗表皮抗原抗体检测试剂",6840-462,__import__.medical_device_category_6840_old_Ⅱ-9,,"用于检测人体样本中抗表皮基底膜抗体，临床上主要用于天包疮、类天疱疮和多形红斑（大疱性）等皮肤病的辅助诊断。",,"Ⅱ"
medical_device_category_6840_old_463,"抗肝/肾微粒(LKM)抗体检测试剂",6840-463,__import__.medical_device_category_6840_old_Ⅱ-9,,"用于检测人体样本中抗肝/肾微粒体(LKM)抗体，临床上主要用于Ⅱ型自身免疫性肝炎的辅助诊断。",,"Ⅱ"
medical_device_category_6840_old_464,"抗谷氨酸脱羧酶（GAD）抗体检测试剂",6840-464,__import__.medical_device_category_6840_old_Ⅱ-9,,"用于检测人体样本中抗谷氨酸脱羧酶（GAD）抗体，临床上主要用于I型糖尿病的辅助诊断。",,"Ⅱ"
medical_device_category_6840_old_465,"抗核抗体（ANA）检测试剂",6840-465,__import__.medical_device_category_6840_old_Ⅱ-9,,"用于检测人体样本中与细胞核成分等发生免疫反应的自体抗体，临床上主要用于系统性红斑狼疮（SLE），类风湿关节炎（RA）和干燥综合征（SS）等多种结缔组织病的辅助诊断。",,"Ⅱ"
medical_device_category_6840_old_466,"抗核小体抗体检测试剂",6840-466,__import__.medical_device_category_6840_old_Ⅱ-9,,"用于检测人体样本中抗核小体抗体，临床上主要用于系统性红斑狼疮（SLE）疾病活动性评估及狼疮性肾炎的辅助诊断。",,"Ⅱ"
medical_device_category_6840_old_467,"抗环瓜氨酸肽（CCP）抗体检测试剂",6840-467,__import__.medical_device_category_6840_old_Ⅱ-9,,"用于检测人体样本中抗环状瓜氨酸肽（CCP）抗体，临床上主要用于类风湿关节炎（RA）的辅助诊断。",,"Ⅱ"
medical_device_category_6840_old_468,"抗甲状腺微粒体抗体检测试剂",6840-468,__import__.medical_device_category_6840_old_Ⅱ-9,,"用于检测人体样本中抗甲状腺微粒体抗体，临床上主要用于慢性淋巴细胞性甲状腺炎的辅助诊断。",,"Ⅱ"
medical_device_category_6840_old_469,"抗角蛋白（AKA）抗体检测试剂",6840-469,__import__.medical_device_category_6840_old_Ⅱ-9,,"用于检测人体样本中存在的抗角蛋白（AKA）抗体，临床上主要用于类风湿关节炎（RA）的辅助诊断。",,"Ⅱ"
medical_device_category_6840_old_470,"抗精子抗体检测试剂",6840-470,__import__.medical_device_category_6840_old_Ⅱ-9,,"用于检测人体样本中的抗精子抗体，临床上主要用于受孕能力下降或不孕的辅助诊断。",,"Ⅱ"
medical_device_category_6840_old_471,"抗酪氨酸磷酸酶(IA-2)抗体检测试剂",6840-471,__import__.medical_device_category_6840_old_Ⅱ-9,,"用于检测人体样本中抗酪氨酸磷酸酶(IA-2)抗体，临床上主要用于I型糖尿病的辅助诊断。",,"Ⅱ"
medical_device_category_6840_old_472,"抗卵巢抗体检测试剂",6840-472,__import__.medical_device_category_6840_old_Ⅱ-9,,"用于检测人体样本中抗卵巢抗体，临床上主要用于自身免疫性卵巢炎的辅助诊断。",,"Ⅱ"
medical_device_category_6840_old_473,"抗麦胶蛋白抗体检测试剂",6840-473,__import__.medical_device_category_6840_old_Ⅱ-9,,"用于检测人体样本中存在的抗麦胶蛋白抗体，临床上主要用于乳糜泄等的辅助诊断。",,"Ⅱ"
medical_device_category_6840_old_474,"抗内皮细胞抗体检测试剂",6840-474,__import__.medical_device_category_6840_old_Ⅱ-9,,"用于检测人体样本中存在的抗内皮细胞抗体，临床上主要用于原发性、继发性自身免疫性血管炎、特发性肾脏血管炎，SLE、APS、RA相关性血管炎、混合性结缔组织病及原发性干燥综合征的辅助诊断。",,"Ⅱ"
medical_device_category_6840_old_475,"抗平滑肌抗体检测试剂",6840-475,__import__.medical_device_category_6840_old_Ⅱ-9,,"用于检测人体样本中的抗平滑肌抗体，临床上主要用于自身免疫性肝炎的辅助诊断。",,"Ⅱ"
medical_device_category_6840_old_476,"抗人绒毛膜促性腺激素抗体检测试剂",6840-476,__import__.medical_device_category_6840_old_Ⅱ-9,,"用于检测人体样本中的抗人绒毛膜促性腺激素抗体，临床上主要用于女性不孕的辅助诊断。",,"Ⅱ"
medical_device_category_6840_old_477,"抗肾小球基底膜（GBM）抗体检测试剂",6840-477,__import__.medical_device_category_6840_old_Ⅱ-9,,"用于检测人体样本中的抗肾小球基底膜（GBM）抗体，临床上主要用于Goodpasture综合征、急进型肾小球肾炎及免疫复合物型肾小球肾炎等肾小球肾炎的辅助诊断。",,"Ⅱ"
medical_device_category_6840_old_478,"抗单链DNA抗体检测试剂",6840-478,__import__.medical_device_category_6840_old_Ⅱ-9,,"用于检测人体样本中抗单链DNA (ssDNA)抗体，临床上主要用于药物性狼疮等的辅助诊断。",,"Ⅱ"
medical_device_category_6840_old_479,"抗双链DNA抗体检测试剂",6840-479,__import__.medical_device_category_6840_old_Ⅱ-9,,"用于检测人体样本中的抗双链DNA（dsDNA）抗体，临床上主要用于系统性红斑狼疮的辅助诊断，以及监控临床病程（特别是狼疮性肾炎）变化。",,"Ⅱ"
medical_device_category_6840_old_480,"抗髓过氧化物（MPO）酶抗体检测试剂",6840-480,__import__.medical_device_category_6840_old_Ⅱ-9,,"用于检测人体样本中抗髓过氧化物酶（MPO）抗体，临床上主要用于Wegener肉芽肿（WG），显微镜下多血管炎等原发性系统性血管炎的辅助诊断。",,"Ⅱ"
medical_device_category_6840_old_481,"抗透明带抗体检测试剂",6840-481,__import__.medical_device_category_6840_old_Ⅱ-9,,"用于检测人体样本中的抗透明带抗体，临床上主要用于不孕症的辅助诊断。",,"Ⅱ"
medical_device_category_6840_old_482,"抗脱氧核糖核酸酶B抗体检测试剂",6840-482,__import__.medical_device_category_6840_old_Ⅱ-9,,"用于检测人体样本中的抗脱氧核糖核酸酶B抗体，临床上主要用于急性链球菌感染后的肾小球肾炎以及合并有链球菌感染的系统性红斑狼疮的辅助诊断。",,"Ⅱ"
medical_device_category_6840_old_483,"抗Ku抗体检测试剂",6840-483,__import__.medical_device_category_6840_old_Ⅱ-9,,"用于检测人体样本中抗Ku抗体，临床上主要用于系统性硬化症，多发性肌炎以及其他结缔组织病的辅助诊断。",,"Ⅱ"
medical_device_category_6840_old_484,"抗线粒体抗体（AMA）检测试剂",6840-484,__import__.medical_device_category_6840_old_Ⅱ-9,,"用于检测人体样本中抗线粒体抗体（AMA），临床上主要用于原发性胆汁性肝硬化的辅助诊断。",,"Ⅱ"
medical_device_category_6840_old_485,"抗核糖体核蛋白抗体检测试剂",6840-485,__import__.medical_device_category_6840_old_Ⅱ-9,,"用于检测人体样本中抗核糖体蛋白抗体，临床上主要用于神经精神狼疮的精神症状及病情活动度的辅助诊断。",,"Ⅱ"
medical_device_category_6840_old_486,"抗心肌抗体检测试剂",6840-486,__import__.medical_device_category_6840_old_Ⅱ-9,,"用于检测人体样本中抗心肌抗体，临床上主要用于心肌炎、特发性扩张性心肌病、风湿热及风湿性心脏病、心梗后综合征、心包切开术后综合征以及重症肌无力的辅助诊断。",,"Ⅱ"
medical_device_category_6840_old_487,"抗心磷脂抗体检测试剂",6840-487,__import__.medical_device_category_6840_old_Ⅱ-9,,"用于检测人体样本中的抗心磷脂抗体，临床上主要用于抗磷脂抗体综合征、系统性红斑狼疮的辅助诊断，以及狼疮样疾病患者血栓发生的危险性评估。",,"Ⅱ"
medical_device_category_6840_old_488,"抗血小板抗体检测试剂",6840-488,__import__.medical_device_category_6840_old_Ⅱ-9,,"用于检测人体样本中抗血小板抗体，临床上主要用于免疫性血小板减少性紫癜、新生儿血小板减少性紫癜和假性血小板减少症等疾病的辅助诊断。",,"Ⅱ"
medical_device_category_6840_old_489,"抗胰岛素抗体检测试剂",6840-489,__import__.medical_device_category_6840_old_Ⅱ-9,,"用于检测人体样本中抗胰岛素(Insulin)抗体，临床上主要用于I型糖尿病的辅助诊断。",,"Ⅱ"
medical_device_category_6840_old_490,"抗胰岛细胞抗体（ICA)检测试剂",6840-490,__import__.medical_device_category_6840_old_Ⅱ-9,,"用于检测人体样本中抗胰岛细胞抗体（ICA)，临床上主要用于I型糖尿病的辅助诊断。",,"Ⅱ"
medical_device_category_6840_old_491,"抗着丝点抗体检测试剂",6840-491,__import__.medical_device_category_6840_old_Ⅱ-9,,"用于检测人体样本中抗着丝点抗体，临床上主要用于进行性系统性硬化症(局限型）的辅助诊断。",,"Ⅱ"
medical_device_category_6840_old_492,"抗中性粒细胞胞浆抗体（ANCA）检测试剂",6840-492,__import__.medical_device_category_6840_old_Ⅱ-9,,"用于检测人体样本中抗中性粒细胞胞浆抗体（ANCA），临床上主要用于原发性小血管炎，炎症性肠病和自身免疫性肝病等多种自身免疫病的辅助诊断。",,"Ⅱ"
medical_device_category_6840_old_493,"抗滋养层细胞抗体检测试剂",6840-493,__import__.medical_device_category_6840_old_Ⅱ-9,,"用于检测人体样本中抗滋养层细胞抗体，临床上主要用于不孕症的辅助诊断。",,"Ⅱ"
medical_device_category_6840_old_494,"抗子宫内膜抗体检测试剂",6840-494,__import__.medical_device_category_6840_old_Ⅱ-9,,"用于检测人体样本中抗子宫内膜抗体，临床上主要用于子宫内膜异位症的辅助诊断。",,"Ⅱ"
medical_device_category_6840_old_495,"抗组蛋白抗体检测试剂",6840-495,__import__.medical_device_category_6840_old_Ⅱ-9,,"用于检测人体样本中抗组蛋白抗体，临床上主要用于系统性红斑狼疮（SLE）特別是药物诱导性（普鲁卡因，肼屈嗪等）狼疮等结缔组织病的辅助诊断。",,"Ⅱ"
medical_device_category_6840_old_496,"抗可提取核抗原（ENA）抗体检测试剂",6840-496,__import__.medical_device_category_6840_old_Ⅱ-9,,"用于检测人体样本中抗可提取核抗原（ENA）抗体，临床上主要用于包括混合性结缔组织病、系统性红斑狼疮、干燥综合征、多发性肌炎、系统性硬化以及合并有肌炎的系统性硬化等结缔组织病的辅助诊断。",,"Ⅱ"
medical_device_category_6840_old_497,"类风湿因子检测试剂",6840-497,__import__.medical_device_category_6840_old_Ⅱ-9,,"用于检测人体样本中类风湿因子，临床上主要用于类风湿关节炎（RA）的辅助诊断。",,"Ⅱ"
medical_device_category_6840_old_498,"抗酿酒酵母抗体（ASCA）检测试剂",6840-498,__import__.medical_device_category_6840_old_Ⅱ-9,,"用于检测人体样本中抗酿酒酵母抗体（ASCA），临床上主要用于克罗恩肠病的辅助诊断。",,"Ⅱ"
medical_device_category_6840_old_499,"抗慢性炎症性肠病抗体检测试剂",6840-499,__import__.medical_device_category_6840_old_Ⅱ-9,,"用于检测人体样本中抗杯状细胞抗体、抗胰腺腺泡抗体、抗中性粒细胞浆抗体和抗酿酒酵母抗体，临床上主要用于炎症性肠病的辅助诊断。",,"Ⅱ"
medical_device_category_6840_old_500,"抗桥粒芯蛋白1（Dsg1）抗体检测试剂",6840-500,__import__.medical_device_category_6840_old_Ⅱ-9,,"用于检测人体样本中抗桥粒芯糖蛋白1(Dsg1)抗体，临床上主要用于落叶型天疱疮的辅助诊断。",,"Ⅱ"
medical_device_category_6840_old_501,"抗桥粒芯蛋白3（Dsg3）抗体检测试剂",6840-501,__import__.medical_device_category_6840_old_Ⅱ-9,,"用于检测人体样本中抗桥粒芯糖蛋白3(Dsg3)抗体，临床上主要用于寻常型天疱疮的辅助诊断。",,"Ⅱ"
medical_device_category_6840_old_502,"抗Mi－2抗体检测试剂",6840-502,__import__.medical_device_category_6840_old_Ⅱ-9,,"用于检测人体样本中抗Mi-2抗体，临床上主要用于皮肌炎（DM）的辅助诊断。",,"Ⅱ"
medical_device_category_6840_old_503,"抗增殖细胞核抗原（PCNA）抗体检测试剂",6840-503,__import__.medical_device_category_6840_old_Ⅱ-9,,"用于检测人体样本中抗PCNA抗体，临床上主要用于系统性红斑狼疮（SLE）的辅助诊断。",,"Ⅱ"
medical_device_category_6840_old_504,"抗PM-Scl抗体检测试剂",6840-504,__import__.medical_device_category_6840_old_Ⅱ-9,,"用于检测人体样本中抗Pm-Scl抗体，临床上主要用于多发性肌炎/硬皮病重叠综合征的辅助诊断。",,"Ⅱ"
medical_device_category_6840_old_505,"抗Ro-52抗体检测试剂",6840-505,__import__.medical_device_category_6840_old_Ⅱ-9,,"用于检测人体样本中抗Ro-52抗体，临床上主要用于干燥综合征等自身免疫病的辅助诊断。",,"Ⅱ"
medical_device_category_6840_old_506,"抗U1RNP抗体检测试剂",6840-506,__import__.medical_device_category_6840_old_Ⅱ-9,,"用于检测人体样本中抗U1核糖核蛋白（U1RNP）抗体，临床上主要用于混合性结缔组织病(MCTD)的辅助诊断。",,"Ⅱ"
medical_device_category_6840_old_507,"抗弹性蛋白酶抗体检测试剂",6840-507,__import__.medical_device_category_6840_old_Ⅱ-9,,"用于检测人体样本中抗弹性蛋白酶抗体，临床上主要用于系统性红斑狼疮，药物性血管炎和原发性胆汁性肝硬化的辅助诊断。",,"Ⅱ"
medical_device_category_6840_old_508,"抗肝细胞浆I型抗原（LC-1）抗体检测试剂",6840-508,__import__.medical_device_category_6840_old_Ⅱ-9,,"用于检测人体样本中抗肝细胞浆I型抗原（LC-1）抗体，临床上主要用于Ⅱ型自身免疫性肝炎（AIH-2）的辅助诊断，并评估其疾病活动性与预后。",,"Ⅱ"
medical_device_category_6840_old_509,"抗骨骼肌抗体检测试剂",6840-509,__import__.medical_device_category_6840_old_Ⅱ-9,,"用于检测人体样本中抗骨骼肌抗体，临床上主要用于重症肌无力、胸腺瘤的辅助诊断。",,"Ⅱ"
medical_device_category_6840_old_510,"抗核周因子（APF）检测试剂",6840-510,__import__.medical_device_category_6840_old_Ⅱ-9,,"用于检测人体样本中抗核周因子（APF），临床上主要用于类风湿关节炎的辅助诊断。",,"Ⅱ"
medical_device_category_6840_old_511,"抗磷脂酰丝氨酸抗体检测试剂",6840-511,__import__.medical_device_category_6840_old_Ⅱ-9,,"用于检测人体样本中抗磷脂酰丝氨酸抗体，临床上主要用于抗磷脂抗体综合征(APS)的辅助诊断。",,"Ⅱ"
medical_device_category_6840_old_512,"抗内因子抗体检测试剂",6840-512,__import__.medical_device_category_6840_old_Ⅱ-9,,"用于检测人体样本中抗内因子抗体，临床上主要用于自身免疫性萎缩性胃炎及恶性贫血的辅助诊断。",,"Ⅱ"
medical_device_category_6840_old_513,"抗凝血素抗体检测试剂",6840-513,__import__.medical_device_category_6840_old_Ⅱ-9,,"用于检测人体样本中抗凝血素抗体，临床上主要用于系统性红斑狼疮或类狼疮疾病是否形成血栓的辅助诊断。",,"Ⅱ"
medical_device_category_6840_old_514,"抗肾上腺皮质抗体检测试剂",6840-514,__import__.medical_device_category_6840_old_Ⅱ-9,,"用于检测人体样本中抗肾上腺皮质抗体，临床上主要用于自身免疫性Addison病，I型自身免疫性多腺体综合征的辅助诊断。",,"Ⅱ"
medical_device_category_6840_old_515,"抗胃壁细胞抗体(PCA)检测试剂",6840-515,__import__.medical_device_category_6840_old_Ⅱ-9,,"用于检测人体样本中抗胃壁细胞抗体(PCA)，临床上主要用于恶性贫血（维生素B12缺乏）和萎缩性胃炎的辅助诊断。",,"Ⅱ"
medical_device_category_6840_old_516,"抗胸腺细胞抗体检测试剂",6840-516,__import__.medical_device_category_6840_old_Ⅱ-9,,"用于检测人体样本中存在的抗胸腺细胞抗体，临床上主要用于重症肌无力的辅助诊断。",,"Ⅱ"
medical_device_category_6840_old_517,"抗血小板膜糖蛋白GPⅡβ/Ⅲα抗体检测试剂",6840-517,__import__.medical_device_category_6840_old_Ⅱ-9,,"用于检测人体样本中存在的抗血小板膜糖蛋白GPⅡβ/Ⅲα抗体，临床上主要用于原发性或继发性自身免疫性血小板减少性紫癜的辅助诊断。",,"Ⅱ"
medical_device_category_6840_old_518,"抗血小板膜糖蛋白GPIβ/IX抗体检测试剂",6840-518,__import__.medical_device_category_6840_old_Ⅱ-9,,"用于检测人体样本中存在的抗血小板膜糖蛋白GPIβ/IX抗体，临床上主要用于原发性或继发性自身免疫性血小板减少性紫癜的辅助诊断。",,"Ⅱ"
medical_device_category_6840_old_519,"酵母样菌鉴定试剂",6840-519,__import__.medical_device_category_6840_old_Ⅱ-10,,"用于鉴定酵母菌和酵母样微生物。",,"Ⅱ"
medical_device_category_6840_old_520,"酵母样真菌药敏试剂",6840-520,__import__.medical_device_category_6840_old_Ⅱ-10,,"用于念珠菌、新型隐球菌的药敏测定。",,"Ⅱ"
medical_device_category_6840_old_521,"氧化酶测定试剂盒",6840-521,__import__.medical_device_category_6840_old_Ⅱ-10,,"用于检测细菌氧化酶的产生。",,"Ⅱ"
medical_device_category_6840_old_522,"细菌药敏纸片",6840-522,__import__.medical_device_category_6840_old_Ⅱ-10,,"用于检测细菌对抗菌药物敏感性。",,"Ⅱ"
medical_device_category_6840_old_523,"细菌鉴别纸片",6840-523,__import__.medical_device_category_6840_old_Ⅱ-10,,"用于辅助细菌鉴别，如新生霉素、奥普托欣、杆菌肽等",,"Ⅱ"
medical_device_category_6840_old_524,"细菌微量生化反应管",6840-524,__import__.medical_device_category_6840_old_Ⅱ-10,,"用于细菌的生化鉴定。 ",,"Ⅱ"
medical_device_category_6840_old_525,"肠道细菌药敏试剂",6840-525,__import__.medical_device_category_6840_old_Ⅱ-10,,"用于检测肠道细菌对抗生素的敏感性。",,"Ⅱ"
medical_device_category_6840_old_526,"肠杆菌和其它非发酵菌革兰阴性杆菌鉴定试剂",6840-526,__import__.medical_device_category_6840_old_Ⅱ-10,,"用于肠杆菌和其它非发酵菌革兰阴性杆菌的鉴定。",,"Ⅱ"
medical_device_category_6840_old_527,"大肠埃希菌鉴定尿培养浸片",6840-527,__import__.medical_device_category_6840_old_Ⅱ-10,,"用于检测尿液中的大肠埃希菌。",,"Ⅱ"
medical_device_category_6840_old_528,"尿道肠细菌药敏试剂",6840-528,__import__.medical_device_category_6840_old_Ⅱ-10,,"用于检测尿道感染肠道细菌对抗生素的敏感性。",,"Ⅱ"
medical_device_category_6840_old_529,"非发酵革兰阴性菌药敏试剂",6840-529,__import__.medical_device_category_6840_old_Ⅱ-10,,"用于非发酵革兰阴性菌药敏试验。",,"Ⅱ"
medical_device_category_6840_old_530,"革兰阴性杆菌鉴定试剂",6840-530,__import__.medical_device_category_6840_old_Ⅱ-10,,"用于鉴定需氧和兼性厌氧革兰阴性杆菌的种类。",,"Ⅱ"
medical_device_category_6840_old_531,"革兰阴性杆菌药敏试剂",6840-531,__import__.medical_device_category_6840_old_Ⅱ-10,,"用于检测抗菌素对快速生长需氧型和兼性厌氧型革兰阴性杆菌的敏感度。",,"Ⅱ"
medical_device_category_6840_old_532,"非发酵类/弧菌科类细菌生化药敏检测试剂",6840-532,__import__.medical_device_category_6840_old_Ⅱ-10,,"用于非发酵类/弧菌科类细菌检测、抗生素药物敏感度试验。",,"Ⅱ"
medical_device_category_6840_old_533,"非发酵菌药敏试剂",6840-533,__import__.medical_device_category_6840_old_Ⅱ-10,,"用于检测非发酵菌对抗生素的敏感性。",,"Ⅱ"
medical_device_category_6840_old_534,"弯曲杆菌鉴定试剂",6840-534,__import__.medical_device_category_6840_old_Ⅱ-10,,"用于弯曲杆菌的鉴定。",,"Ⅱ"
medical_device_category_6840_old_535,"肠球菌药敏试剂",6840-535,__import__.medical_device_category_6840_old_Ⅱ-10,,"用于检测肠球菌对抗生素的敏感性。",,"Ⅱ"
medical_device_category_6840_old_536,"分枝杆菌用吡嗪酰胺药敏试剂",6840-536,__import__.medical_device_category_6840_old_Ⅱ-10,,"用于检测结核分枝杆菌对吡嗪酰胺的药物敏感性。",,"Ⅱ"
medical_device_category_6840_old_537,"分枝杆菌用异烟肼药敏试剂",6840-537,__import__.medical_device_category_6840_old_Ⅱ-10,,"用于检测结核分枝杆菌对异烟肼的药物敏感性。",,"Ⅱ"
medical_device_category_6840_old_538,"分枝杆菌用乙胺丁醇药敏试剂",6840-538,__import__.medical_device_category_6840_old_Ⅱ-10,,"用于检测结核分枝杆菌对乙胺丁醇的药物敏感性。",,"Ⅱ"
medical_device_category_6840_old_539,"分枝杆菌用链霉素药敏试剂",6840-539,__import__.medical_device_category_6840_old_Ⅱ-10,,"用于检测结核分枝杆菌对链霉素的药物敏感性。",,"Ⅱ"
medical_device_category_6840_old_540,"分枝杆菌用利福平药敏试剂",6840-540,__import__.medical_device_category_6840_old_Ⅱ-10,,"用于检测结核分枝杆菌对利福平的药物敏感性。",,"Ⅱ"
medical_device_category_6840_old_541,"分枝杆菌培养添加剂试剂",6840-541,__import__.medical_device_category_6840_old_Ⅱ-10,,"用于临床样品中分枝杆菌的培养。",,"Ⅱ"
medical_device_category_6840_old_542,"革兰阳性菌鉴定试剂",6840-542,__import__.medical_device_category_6840_old_Ⅱ-10,,"用于对需氧和兼性厌氧革兰阳性球菌、一些需要复杂营养的需氧革兰阳性球菌和单核细胞增多性李斯特杆菌进行鉴定。",,"Ⅱ"
medical_device_category_6840_old_543,"革兰阳性球菌药敏试剂",6840-543,__import__.medical_device_category_6840_old_Ⅱ-10,,"用于测定兼性厌氧革兰阳性球菌在体外对抗菌药物的敏感性。",,"Ⅱ"
medical_device_category_6840_old_544,"葡萄球菌鉴定试剂",6840-544,__import__.medical_device_category_6840_old_Ⅱ-10,,"用于葡萄球菌的鉴定。",,"Ⅱ"
medical_device_category_6840_old_545,"葡萄球菌药敏试剂",6840-545,__import__.medical_device_category_6840_old_Ⅱ-10,,"用于测定葡萄球菌对抗生素的敏感性。",,"Ⅱ"
medical_device_category_6840_old_546,"李斯特菌属鉴定试剂",6840-546,__import__.medical_device_category_6840_old_Ⅱ-10,,"用于李斯特菌属的鉴定。",,"Ⅱ"
medical_device_category_6840_old_547,"链球菌药敏试剂",6840-547,__import__.medical_device_category_6840_old_Ⅱ-10,,"用于链球菌药敏试验",,"Ⅱ"
medical_device_category_6840_old_548,"链球菌鉴定试剂",6840-548,__import__.medical_device_category_6840_old_Ⅱ-10,,"用于链球菌、肠球菌和有关细菌的鉴定。",,"Ⅱ"
medical_device_category_6840_old_549,"肺炎链球菌药敏试剂",6840-549,__import__.medical_device_category_6840_old_Ⅱ-10,,"用于进行肺炎链球菌的药敏测试。",,"Ⅱ"
medical_device_category_6840_old_550,"棒状杆菌鉴定试剂",6840-550,__import__.medical_device_category_6840_old_Ⅱ-10,,"用于棒状杆菌的鉴定。",,"Ⅱ"
medical_device_category_6840_old_551,"棒状杆菌药敏试剂",6840-551,__import__.medical_device_category_6840_old_Ⅱ-10,,"用于棒状杆菌药敏试验。",,"Ⅱ"
medical_device_category_6840_old_552,"弧菌科细菌药敏试剂",6840-552,__import__.medical_device_category_6840_old_Ⅱ-10,,"用于弧菌科细菌药敏试验。",,"Ⅱ"
medical_device_category_6840_old_553,"弧菌科细菌鉴定试剂",6840-553,__import__.medical_device_category_6840_old_Ⅱ-10,,"用于弧菌科细菌鉴定试验",,"Ⅱ"
medical_device_category_6840_old_554,"解脲与人型支原体分离鉴定、药敏试剂",6840-554,__import__.medical_device_category_6840_old_Ⅱ-10,,"用于解脲支原体和人型支原体的分离定量鉴定和药物敏感性试验。 ",,"Ⅱ"
medical_device_category_6840_old_555,"苛氧菌鉴定试剂",6840-555,__import__.medical_device_category_6840_old_Ⅱ-10,,"用于鉴定和检测奈瑟球菌、嗜血杆菌、卡他莫拉菌以及阴道加特奈菌中β-内酰胺酶的生成，也可以对流感嗜血杆菌与副流感嗜血杆菌进行生物分型。",,"Ⅱ"
medical_device_category_6840_old_556,"嗜血杆菌和卡他莫拉菌药敏试剂",6840-556,__import__.medical_device_category_6840_old_Ⅱ-10,,"用于测定嗜血杆菌和卡他莫拉菌对抗生素的敏感性。",,"Ⅱ"
medical_device_category_6840_old_557,"奈瑟菌/嗜血杆菌药敏试剂",6840-557,__import__.medical_device_category_6840_old_Ⅱ-10,,"用于奈瑟菌/嗜血杆菌药敏试验。",,"Ⅱ"
medical_device_category_6840_old_558,"奈瑟菌/嗜血杆菌鉴定试剂",6840-558,__import__.medical_device_category_6840_old_Ⅱ-10,,"用于鉴定淋病奈瑟菌、脑膜炎奈瑟菌、嗜乳糖奈瑟菌和嗜血杆菌属。",,"Ⅱ"
medical_device_category_6840_old_559,"厌氧菌鉴定试剂",6840-559,__import__.medical_device_category_6840_old_Ⅱ-10,,"用于鉴定从人临床标本中分离出的厌氧菌。",,"Ⅱ"
medical_device_category_6840_old_560,"厌氧菌药敏试剂",6840-560,__import__.medical_device_category_6840_old_Ⅱ-10,,"用于厌氧菌对抗生素敏感性的鉴定。",,"Ⅱ"
medical_device_category_6840_old_561,"芽孢杆菌鉴定试剂",6840-561,__import__.medical_device_category_6840_old_Ⅱ-10,,"用于芽孢杆菌鉴定试验。",,"Ⅱ"
medical_device_category_6840_old_562,"芽孢杆菌药敏试剂",6840-562,__import__.medical_device_category_6840_old_Ⅱ-10,,"用于芽孢杆菌药敏试验。",,"Ⅱ"
medical_device_category_6840_old_563,"改良罗氏培养基",6840-563,__import__.medical_device_category_6840_old_Ⅱ-10,,"用于分枝杆菌分离培养。",,"Ⅱ"
medical_device_category_6840_old_564,"分枝杆菌培养基",6840-564,__import__.medical_device_category_6840_old_Ⅱ-10,,"用于培养及检测分枝杆菌。",,"Ⅱ"
medical_device_category_6840_old_565,"尿素—精氨酸培养基",6840-565,__import__.medical_device_category_6840_old_Ⅱ-10,,"用于泌尿生殖器解脲支原体、人型支原体的检测。",,"Ⅱ"
medical_device_category_6840_old_566,"解脲支原体选择分离培养基",6840-566,__import__.medical_device_category_6840_old_Ⅱ-10,,"用于解脲支原体选择分离培养。",,"Ⅱ"
medical_device_category_6840_old_567,"肺炎支原体（Mp）鉴定培养基",6840-567,__import__.medical_device_category_6840_old_Ⅱ-10,,"用于肺炎支原体（Mp）的培养与鉴定",,"Ⅱ"
medical_device_category_6840_old_568,"泌尿系统致病菌鉴定培养基",6840-568,__import__.medical_device_category_6840_old_Ⅱ-10,,"用于对尿标本中的微生物进行计数，并鉴定大肠埃希菌，肠球菌，克雷伯菌属，肠杆菌，沙雷菌属，柠檬酸杆菌属，变形菌属，普罗威登斯菌，摩根菌。",,"Ⅱ"
medical_device_category_6840_old_569,"头孢克肟亚碲酸钾抑菌剂",6840-569,__import__.medical_device_category_6840_old_Ⅱ-10,,"一种补充试剂，与山梨醇麦康凯琼脂和O157:H7 ID产色培养基一起使用分离大肠埃希菌O157：H7。",,"Ⅱ"
medical_device_category_6840_old_570,"耐甲氧西林金黄色葡萄球菌鉴定培养基",6840-570,__import__.medical_device_category_6840_old_Ⅱ-10,,"用于耐甲氧西林金黄色葡萄球菌（MRSA）的筛选。",,"Ⅱ"
medical_device_category_6840_old_571,"耐万古霉素肠球菌鉴定培养基",6840-571,__import__.medical_device_category_6840_old_Ⅱ-10,,"用于检测万古霉素耐药肠球菌的选择性培养基。",,"Ⅱ"
medical_device_category_6840_old_572,"产超广谱β内酰胺酶肠杆菌鉴定培养基",6840-572,__import__.medical_device_category_6840_old_Ⅱ-10,,"用于筛选产超广谱β内酰胺酶肠杆菌科细菌的选择性培养基。",,"Ⅱ"
medical_device_category_6840_old_573,"沙保罗琼脂培养基",6840-573,__import__.medical_device_category_6840_old_Ⅱ-10,,"用于真菌的分离、培养。",,"Ⅱ"
medical_device_category_6840_old_574,"念珠菌显色琼脂培养基",6840-574,__import__.medical_device_category_6840_old_Ⅱ-10,,"用于某些念珠菌的分离和选择鉴别。",,"Ⅱ"
medical_device_category_6840_old_575,"伊红美蓝琼脂培养基",6840-575,__import__.medical_device_category_6840_old_Ⅱ-10,,"用于肠道致病菌及大肠菌群的分离。",,"Ⅱ"
medical_device_category_6840_old_576,"SS琼脂培养基",6840-576,__import__.medical_device_category_6840_old_Ⅱ-10,,"用于沙门氏菌和志贺菌的分离培养。",,"Ⅱ"
medical_device_category_6840_old_577,"麦康凯琼脂培养基",6840-577,__import__.medical_device_category_6840_old_Ⅱ-10,,"用于肠道致病菌的分离培养以及非发酵细菌的鉴别。",,"Ⅱ"
medical_device_category_6840_old_578,"山梨醇麦康凯培养基",6840-578,__import__.medical_device_category_6840_old_Ⅱ-10,,"用于O157：H7大肠埃希菌分离鉴别。",,"Ⅱ"
medical_device_category_6840_old_579,"中国蓝琼脂培养基",6840-579,__import__.medical_device_category_6840_old_Ⅱ-10,,"用于常见革兰阴性细菌的分离培养。",,"Ⅱ"
medical_device_category_6840_old_580,"三糖铁(TSI)琼脂斜面培养基",6840-580,__import__.medical_device_category_6840_old_Ⅱ-10,,"用于肠杆菌科中属及种的鉴别。",,"Ⅱ"
medical_device_category_6840_old_581,"克氏铁琼脂斜面培养基",6840-581,__import__.medical_device_category_6840_old_Ⅱ-10,,"主要用于发酵及非发酵细菌的初步鉴别。",,"Ⅱ"
medical_device_category_6840_old_582,"海氏肠道琼脂培养基",6840-582,__import__.medical_device_category_6840_old_Ⅱ-10,,"用于肠道细菌分离。",,"Ⅱ"
medical_device_category_6840_old_583,"沙门氏菌显色培养基",6840-583,__import__.medical_device_category_6840_old_Ⅱ-10,,"用于沙门氏菌的鉴别。",,"Ⅱ"
medical_device_category_6840_old_584,"WS琼脂培养基",6840-584,__import__.medical_device_category_6840_old_Ⅱ-10,,"用于沙门氏菌的选择性分离。",,"Ⅱ"
medical_device_category_6840_old_585,"XLD琼脂培养基",6840-585,__import__.medical_device_category_6840_old_Ⅱ-10,,"用于沙门氏菌和志贺菌的分离培养。",,"Ⅱ"
medical_device_category_6840_old_586,"SIM（硫化物、吲哚、动力）琼脂培养基管",6840-586,__import__.medical_device_category_6840_old_Ⅱ-10,,"用于肠杆菌科的鉴别。",,"Ⅱ"
medical_device_category_6840_old_587,"西蒙斯枸橼酸盐(SCA)琼脂斜面培养基",6840-587,__import__.medical_device_category_6840_old_Ⅱ-10,,"用于肠杆菌科的鉴别。",,"Ⅱ"
medical_device_category_6840_old_588,"O157：H7显色培养基",6840-588,__import__.medical_device_category_6840_old_Ⅱ-10,,"用于大肠埃希菌O157：H7的分离鉴定。",,"Ⅱ"
medical_device_category_6840_old_589,"HE琼脂培养基",6840-589,__import__.medical_device_category_6840_old_Ⅱ-10,,"用于沙门氏菌和志贺菌的分离培养。",,"Ⅱ"
medical_device_category_6840_old_590,"大肠埃希菌显色培养基",6840-590,__import__.medical_device_category_6840_old_Ⅱ-10,,"用于大肠埃希菌的鉴定。",,"Ⅱ"
medical_device_category_6840_old_591,"弧菌显色培养基",6840-591,__import__.medical_device_category_6840_old_Ⅱ-10,,"用于霍乱弧菌、副溶血弧菌的分离鉴别。",,"Ⅱ"
medical_device_category_6840_old_592,"庆大霉素琼脂培养基",6840-592,__import__.medical_device_category_6840_old_Ⅱ-10,,"用于霍乱弧菌的分离培养。",,"Ⅱ"
medical_device_category_6840_old_593,"淋病奈瑟菌培养基",6840-593,__import__.medical_device_category_6840_old_Ⅱ-10,,"用于淋病奈瑟菌的分离培养。",,"Ⅱ"
medical_device_category_6840_old_594,"改良淋病奈瑟菌选择性琼脂培养基（MTM琼脂培养基）",6840-594,__import__.medical_device_category_6840_old_Ⅱ-10,,"用于淋病奈瑟菌的分离培养。",,"Ⅱ"
medical_device_category_6840_old_595,"TM (Thayer-Martin)淋球菌培养基",6840-595,__import__.medical_device_category_6840_old_Ⅱ-10,,"淋病奈瑟菌专用培养基，主要用于标本中淋病奈瑟菌的筛选。 ",,"Ⅱ"
medical_device_category_6840_old_596,"淋球菌培养浸片",6840-596,__import__.medical_device_category_6840_old_Ⅱ-10,,"用于检测子宫颈内、尿道和直肠标本中淋病奈瑟菌。",,"Ⅱ"
medical_device_category_6840_old_597,"嗜血杆菌巧克力琼脂选择培养基",6840-597,__import__.medical_device_category_6840_old_Ⅱ-10,,"用于从临床样本中分离各种嗜血杆菌菌株。",,"Ⅱ"
medical_device_category_6840_old_598,"哥伦比亚血琼脂培养基",6840-598,__import__.medical_device_category_6840_old_Ⅱ-10,,"用于分离、培养细菌，鉴别链球菌溶血性、CAMP试验等，也称为血平板培养基。",,"Ⅱ"
medical_device_category_6840_old_599,"链霉素月桂基硫酸钠亚碲酸钾琼脂培养基",6840-599,__import__.medical_device_category_6840_old_Ⅱ-10,,"用于霍乱弧菌的分离培养。",,"Ⅱ"
medical_device_category_6840_old_600,"硫柠胆蔗琼脂培养基（TCBS琼脂培养基）",6840-600,__import__.medical_device_category_6840_old_Ⅱ-10,,"用于副溶血性弧菌的分离。",,"Ⅱ"
medical_device_category_6840_old_601,"CLED琼脂培养基",6840-601,__import__.medical_device_category_6840_old_Ⅱ-10,,"用于尿液中微生物的分离培养与初步鉴定。",,"Ⅱ"
medical_device_category_6840_old_602,"高盐甘露醇琼脂培养基",6840-602,__import__.medical_device_category_6840_old_Ⅱ-10,,"用于葡萄球菌的分离。",,"Ⅱ"
medical_device_category_6840_old_603,"Baird-Parker琼脂培养基",6840-603,__import__.medical_device_category_6840_old_Ⅱ-10,,"用于凝固酶阳性葡萄球菌的鉴别培养。",,"Ⅱ"
medical_device_category_6840_old_604,"动力实验琼脂培养基",6840-604,__import__.medical_device_category_6840_old_Ⅱ-10,,"用于观察细菌运动能力。",,"Ⅱ"
medical_device_category_6840_old_605,"军团菌琼脂培养基",6840-605,__import__.medical_device_category_6840_old_Ⅱ-10,,"用于军团菌分离培养。",,"Ⅱ"
medical_device_category_6840_old_606,"泌尿道细菌显色培养基",6840-606,__import__.medical_device_category_6840_old_Ⅱ-10,,"用于常见尿道致病菌的分离鉴别。",,"Ⅱ"
medical_device_category_6840_old_607,"李斯特菌显色培养基",6840-607,__import__.medical_device_category_6840_old_Ⅱ-10,,"用于李斯特菌分离鉴定。",,"Ⅱ"
medical_device_category_6840_old_608,"金黄色葡萄球菌显色培养基",6840-608,__import__.medical_device_category_6840_old_Ⅱ-10,,"用于金黄色葡萄球菌的鉴定。",,"Ⅱ"
medical_device_category_6840_old_609,"GC 琼脂药敏培养基",6840-609,__import__.medical_device_category_6840_old_Ⅱ-10,,"用于淋病奈瑟菌纸片扩散法药敏试验。",,"Ⅱ"
medical_device_category_6840_old_610,"改良真菌药敏培养基",6840-610,__import__.medical_device_category_6840_old_Ⅱ-10,,"用于真菌的纸片扩散法药物敏感实验。 ",,"Ⅱ"
medical_device_category_6840_old_611,"HTM培养基",6840-611,__import__.medical_device_category_6840_old_Ⅱ-10,,"用于流感嗜血杆菌的抗生素敏感检测。",,"Ⅱ"
medical_device_category_6840_old_612,"羊血M-H培养基",6840-612,__import__.medical_device_category_6840_old_Ⅱ-10,,"用于纸片扩散法检测链球菌药物敏感性。",,"Ⅱ"
medical_device_category_6840_old_613,"MH琼脂培养基",6840-613,__import__.medical_device_category_6840_old_Ⅱ-10,,"适用于常见的易于生长的一般细菌的纸片扩散法抗生素敏感试验。",,"Ⅱ"
medical_device_category_6840_old_614,"布鲁菌血琼脂（BBA)",6840-614,__import__.medical_device_category_6840_old_Ⅱ-10,,"用于布鲁菌的分离培养。",,"Ⅱ"
medical_device_category_6840_old_615,"厌氧菌血琼脂培养基",6840-615,__import__.medical_device_category_6840_old_Ⅱ-10,,"用于厌氧菌的分离培养。",,"Ⅱ"
medical_device_category_6840_old_616,"毛滴虫培养基	",6840-616,__import__.medical_device_category_6840_old_Ⅱ-10,,"用于毛滴虫培养。",,"Ⅱ"
medical_device_category_6840_old_617,"双相显色体液培养瓶	",6840-617,__import__.medical_device_category_6840_old_Ⅱ-10,,"用于胸水、腹水、脑脊液等体液中的细菌分离培养。",,"Ⅱ"
medical_device_category_6840_old_618,"含溶血素分枝杆菌/真菌培养瓶",6840-618,__import__.medical_device_category_6840_old_Ⅱ-10,,"用于分枝杆菌、酵母菌和真菌的培养和检测。",,"Ⅱ"
medical_device_category_6840_old_619,"双相血培养瓶",6840-619,__import__.medical_device_category_6840_old_Ⅱ-10,,"主要用于临床菌血症、败血症、脓毒血症等病人的血液标本的增菌培养。",,"Ⅱ"
medical_device_category_6840_old_620,"需氧培养基（瓶）",6840-620,__import__.medical_device_category_6840_old_Ⅱ-10,,"用于人体样本中需氧菌或兼性厌氧菌、真菌的培养。包括加或不加吸附剂（活性炭、树脂等）。",,"Ⅱ"
medical_device_category_6840_old_621,"厌氧培养基（瓶）",6840-621,__import__.medical_device_category_6840_old_Ⅱ-10,,"用于人体样本中厌氧菌或兼性厌氧菌的培养，包括加或不加吸附剂（活性炭、树脂等）。",,"Ⅱ"
medical_device_category_6840_old_622,"激活全血凝固时间（ACT）检测试剂",6840-622,__import__.medical_device_category_6840_old_Ⅱ-11,,"用于测定激活全血凝固时间，临床上主要用于监测体外循环中肝素的含量。",,"Ⅱ"
medical_device_category_6840_old_623,"凝血酶原时间（PT）检测试剂",6840-623,__import__.medical_device_category_6840_old_Ⅱ-11,,"用于测定人血浆凝血酶原时间，临床上主要用于外源性凝血系统功能缺陷的筛查和口服抗凝剂治疗监测。",,"Ⅱ"
medical_device_category_6840_old_624,"活化部分凝血活酶时间（APTT）检测试剂",6840-624,__import__.medical_device_category_6840_old_Ⅱ-11,,"用于测定人血浆活化部分凝血活酶时间，临床上主要用于内源性凝血系统功能缺陷的筛查和肝素抗凝治疗监测。",,"Ⅱ"
medical_device_category_6840_old_625,"氯化钙溶液",6840-625,__import__.medical_device_category_6840_old_Ⅱ-11,,"与活化部分凝血活酶时间试剂联合使用，用于测定人血浆活化部分凝血活酶时间。",,"Ⅱ"
medical_device_category_6840_old_626,"凝血酶时间（TT）检测试剂",6840-626,__import__.medical_device_category_6840_old_Ⅱ-11,,"用于测定人血浆凝血酶时间，临床上主要用于反映血浆纤维蛋白原含量或结构异常，还可用于反映纤溶系统功能。",,"Ⅱ"
medical_device_category_6840_old_627,"纤维蛋白原(FIB)检测试剂",6840-627,__import__.medical_device_category_6840_old_Ⅱ-11,,"用于检测人血浆中纤维蛋白原浓度，临床上主要用于弥散性血管内凝血、原发性纤溶症的辅助诊断以及溶栓疗效的监测。",,"Ⅱ"
medical_device_category_6840_old_628,"凝血因子Ⅱ检测试剂",6840-628,__import__.medical_device_category_6840_old_Ⅱ-11,,"用于检测人血浆中凝血因子Ⅱ的活性或含量。临床上主要用于因子Ⅱ缺乏或活性减低的检测和治疗监测。",,"Ⅱ"
medical_device_category_6840_old_629,"凝血因子Ⅴ检测试剂",6840-629,__import__.medical_device_category_6840_old_Ⅱ-11,,"用于检测人血浆中凝血因子V的活性或含量。临床上主要用于因子V缺乏或活性减低的检测和治疗监测。",,"Ⅱ"
medical_device_category_6840_old_630,"凝血因子Ⅶ检测试剂",6840-630,__import__.medical_device_category_6840_old_Ⅱ-11,,"用于检测人血浆中凝血因子Ⅶ的活性或含量。临床上主要用于凝血因子Ⅶ缺乏或活性减低的检测和治疗监测。",,"Ⅱ"
medical_device_category_6840_old_631,"凝血因子Ⅹ检测试剂",6840-631,__import__.medical_device_category_6840_old_Ⅱ-11,,"用于检测人血浆中凝血因子Ⅹ的活性或含量。临床上主要用于凝血因子Ⅹ缺乏或活性减低的检测和治疗监测。",,"Ⅱ"
medical_device_category_6840_old_632,"凝血因子Ⅺ检测试剂",6840-632,__import__.medical_device_category_6840_old_Ⅱ-11,,"用于检测人血浆中凝血因子Ⅺ的活性或含量。临床上主要用于凝血因子Ⅺ缺乏或活性减低的检测和治疗监测。",,"Ⅱ"
medical_device_category_6840_old_633,"凝血因子Ⅻ检测试剂",6840-633,__import__.medical_device_category_6840_old_Ⅱ-11,,"用于检测人血浆中凝血因子Ⅻ的活性或含量。临床上主要用于凝血因子Ⅻ缺乏或活性减低的检测和治疗监测。",,"Ⅱ"
medical_device_category_6840_old_634,"D-二聚体（D-Dimer）检测试剂",6840-634,__import__.medical_device_category_6840_old_Ⅱ-11,,"用于检测人体样本中D-二聚体的含量，临床上主要用于排除静脉血栓形成、弥散性血管内凝血的辅助诊断以及溶栓治疗的监测。 ",,"Ⅱ"
medical_device_category_6840_old_635,"抗凝血酶Ⅲ（ATⅢ）检测试剂",6840-635,__import__.medical_device_category_6840_old_Ⅱ-11,,"用于检测人血浆中抗凝血酶Ⅲ的活性或含量。临床上主要用于辅助诊断血栓形成性疾病。",,"Ⅱ"
medical_device_category_6840_old_636,"纤溶酶原（PLG）检测试剂",6840-636,__import__.medical_device_category_6840_old_Ⅱ-11,,"用于检测人体样本中纤溶酶原（PLG）的活性或含量。临床上主要用于了解纤溶功能状态。",,"Ⅱ"
medical_device_category_6840_old_637,"纤维连接蛋白检测试剂",6840-637,__import__.medical_device_category_6840_old_Ⅱ-11,,"用于检测人血浆中纤维连接蛋白的含量。临床上主要与机体创伤修复、组织炎症、肝脏纤维化及硬化过程等相关。",,"Ⅱ"
medical_device_category_6840_old_638,"纤溶酶原激活剂（t-PA）检测试剂",6840-638,__import__.medical_device_category_6840_old_Ⅱ-11,,"用于检测人体样本中的纤溶酶原激活剂的含量，临床上主要用于了解纤溶功能状态。",,"Ⅱ"
medical_device_category_6840_old_639,"纤溶酶原激活剂抑制物（PAI）检测试剂",6840-639,__import__.medical_device_category_6840_old_Ⅱ-11,,"用于检测人体样本中纤溶酶原激活剂抑制物的含量或活性。临床上主要用于反应纤溶系统的状态。",,"Ⅱ"
medical_device_category_6840_old_640,"纤维蛋白（原）降解产物（FDP）检测试剂",6840-640,__import__.medical_device_category_6840_old_Ⅱ-11,,"用于检测人体样本中纤维蛋白/纤维蛋白原降解产物(FDP)的浓度。临床上主要用于原发性和继发性纤维蛋白溶解功能亢进相关疾病的辅助诊断。",,"Ⅱ"
medical_device_category_6840_old_641,"肝素或类肝素抗凝物质检测试剂",6840-641,__import__.medical_device_category_6840_old_Ⅱ-11,,"用于检测人体样本中肝素或类肝素抗凝物质的含量，临床上主要用于肝素（或类肝素物质）治疗的监测。",,"Ⅱ"
medical_device_category_6840_old_642,"狼疮抗凝物检测试剂",6840-642,__import__.medical_device_category_6840_old_Ⅱ-11,,"用于检测人体样本中狼疮抗凝物质（LA）的含量。临床上主要用于抗磷脂综合征、系统性红斑狼疮等的辅助诊断。",,"Ⅱ"
medical_device_category_6840_old_643,"α2-抗纤溶酶检测试剂",6840-643,__import__.medical_device_category_6840_old_Ⅱ-11,,"用于检测人血浆中α2-抗纤溶酶的含量或活性。有助于判断体内的纤溶状态,临床上主要用于出血、血栓性疾病的辅助诊断。",,"Ⅱ"
medical_device_category_6840_old_644,"血小板聚集功能检测试剂",6840-644,__import__.medical_device_category_6840_old_Ⅱ-11,,"与血小板聚集仪配套使用，用于抗血小板治疗的监测。",,"Ⅱ"
medical_device_category_6840_old_645,"血栓弹力图试验试剂",6840-645,__import__.medical_device_category_6840_old_Ⅱ-11,,"与血栓弹力图仪配套使用，用于人体凝血功能的检测。",,"Ⅱ"
medical_device_category_6840_old_646,"血气检测试剂",6840-646,__import__.medical_device_category_6840_old_Ⅱ-11,,"与血气分析系统配套使用，用于测定人体样本中的pH值、二氧化碳分压（pCO2）、氧分压（pO2）、红血细胞比容、钠、钾和钙离子浓度等电解质分析。临床上主要用于监测酸碱平衡失调、缺氧及二氧化碳潴留等。",,"Ⅱ"
medical_device_category_6840_old_647,"参比液",6840-647,__import__.medical_device_category_6840_old_Ⅱ-11,,"与离子选择性电极模块（如血气分析仪或电解质分析仪）配套使用，用于为pH值、钾、钠、氯、锂离子等测定提供参比电位。",,"Ⅱ"
medical_device_category_6840_old_648,"多项尿液分析试纸",6840-648,__import__.medical_device_category_6840_old_Ⅱ-11,,"用于检测尿液中尿胆原、葡萄糖、酮体、胆红素、蛋白质、亚硝酸盐、pH值、潜血、比重和白细胞等项目。临床上主要用于肾病类、糖尿病类、泌尿感染类以及其他疾病类（如肝脏代谢类）疾病的辅助诊断。",,"Ⅱ"
medical_device_category_6840_old_649,"精子膜低渗膨胀检测试剂",6840-649,__import__.medical_device_category_6840_old_Ⅱ-11,,"该用于检测人精子膜低渗膨胀功能，临床上可在一定程度反映受精能力。",,"Ⅱ"
medical_device_category_6840_old_650,"精浆锌检测试剂",6840-650,__import__.medical_device_category_6840_old_Ⅱ-11,,"用于检测男性精浆中锌的浓度，临床上主要用于前列腺炎和男性不育的辅助诊断。",,"Ⅱ"
medical_device_category_6840_old_651,"精浆果糖检测试剂",6840-651,__import__.medical_device_category_6840_old_Ⅱ-11,,"用于检测男性精浆中果糖的浓度，临床上主要用于检测精囊和睾丸间质细胞的功能。",,"Ⅱ"
medical_device_category_6840_old_652,"精浆柠檬酸检测试剂",6840-652,__import__.medical_device_category_6840_old_Ⅱ-11,,"用于检测男性精浆中柠檬酸的浓度，临床上主要用于前列腺功能和男子性功能的辅助诊断。",,"Ⅱ"
medical_device_category_6840_old_653,"精浆酸性磷酸酶检测试剂",6840-653,__import__.medical_device_category_6840_old_Ⅱ-11,,"用于检测男性精浆中酸性磷酸酶的水平，临床上主要用于前列腺疾病的辅助诊断。",,"Ⅱ"
medical_device_category_6840_old_654,"精浆中性α-葡萄糖苷酶检测试剂",6840-654,__import__.medical_device_category_6840_old_Ⅱ-11,,"用于检测人精浆中性α-葡萄糖苷酶的含量。中性α-葡萄糖苷酶在精浆中的活力水平与男性不育症有关。",,"Ⅱ"
medical_device_category_6840_old_655,"精液乳酸脱氢酶X同工酶检测试剂",6840-655,__import__.medical_device_category_6840_old_Ⅱ-11,,"用于检测人精液中乳酸脱氢酶X同工酶的含量，临床上主要用于男性不育的辅助诊断。",,"Ⅱ"
medical_device_category_6840_old_656,"精子顶体酶活性检测试剂",6840-656,__import__.medical_device_category_6840_old_Ⅱ-11,,"用于检测人精子顶体酶的活性，临床上用于判断男性精子功能。",,"Ⅱ"
medical_device_category_6840_old_657,"精子浓度检测试剂",6840-657,__import__.medical_device_category_6840_old_Ⅱ-11,,"用于检测精子浓度，临床上主要用于男性不育的辅助诊断。",,"Ⅱ"
medical_device_category_6840_old_658,"革兰阴性菌脂多糖检测试剂",6840-658,__import__.medical_device_category_6840_old_Ⅱ-11,,"用于检测人体样本中的革兰氏阴性菌脂多糖，临床上用于革兰氏阴性菌感染的辅助诊断。",,"Ⅱ"
medical_device_category_6840_old_659,"真菌(1-3)-β-D葡聚糖检测试剂",6840-659,__import__.medical_device_category_6840_old_Ⅱ-11,,"用于检测人体样本中真菌(1-3)-β-D葡聚糖，临床上主要用于深部真菌感染的辅助诊断。",,"Ⅱ"
medical_device_category_6840_old_660,"红细胞渗透脆性检测试剂",6840-660,__import__.medical_device_category_6840_old_Ⅱ-11,,"通过测定红细胞对低渗氯化钠溶液的耐受能力，检测红细胞渗透脆性。临床上主要用于遗传性球形红细胞增多症的辅助诊断。",,"Ⅱ"
medical_device_category_6840_old_661,"白介素检测试剂",6840-661,__import__.medical_device_category_6840_old_Ⅱ-11,,"用于检测人体样本中的白介素，主要用于监测机体的免疫状态、炎症反应等。",,"Ⅱ"
medical_device_category_6840_old_662,"循环免疫复合物IgG检测试剂",6840-662,__import__.medical_device_category_6840_old_Ⅱ-11,,"用于检测人体样本中含IgG抗体的C1q-结合的免疫循环复合物，临床上主要用于Ⅲ型变态反应的辅助诊断。",,"Ⅱ"
medical_device_category_6840_old_663,"B因子检测试剂",6840-663,__import__.medical_device_category_6840_old_Ⅱ-11,,"用于检测人体样本中的B因子，临床上主要用于评价补体相关的疾病。",,"Ⅱ"
medical_device_category_6840_old_664,"补体C3检测试剂",6840-664,__import__.medical_device_category_6840_old_Ⅱ-11,,"用于检测人体样本中的补体C3，临床上主要用于补体低下或免疫缺陷性疾病的辅助诊断。",,"Ⅱ"
medical_device_category_6840_old_665,"补体C3c检测试剂",6840-665,__import__.medical_device_category_6840_old_Ⅱ-11,,"用于检测人体样本中的补体因子C3c，主要用于补体蛋白C3相关免疫疾病的辅助诊断。",,"Ⅱ"
medical_device_category_6840_old_666,"补体C4检测试剂",6840-666,__import__.medical_device_category_6840_old_Ⅱ-11,,"用于检测人体样本中的补体C4，临床上主要用于补体低下或免疫缺陷性疾病的辅助诊断。",,"Ⅱ"
medical_device_category_6840_old_667,"同型半胱氨酸检测试剂",6840-667,__import__.medical_device_category_6840_old_Ⅱ-11,,"用于检测人体样本中同型半胱氨酸的含量，临床上主要用于高同型半胱氨酸血症的辅助诊断及心血管病风险的评价。",,"Ⅱ"
medical_device_category_6840_old_668,"甘胆酸检测试剂",6840-668,__import__.medical_device_category_6840_old_Ⅱ-11,,"用于检测人体样本中甘胆酸的含量，临床上主要用于肝胆疾病的辅助诊断。",,"Ⅱ"
medical_device_category_6840_old_669,"肌酐检测试剂",6840-669,__import__.medical_device_category_6840_old_Ⅱ-11,,"用于检测人体样本中肌酐的含量，临床上主要作为肾功能的评价指标之一。",,"Ⅱ"
medical_device_category_6840_old_670,"直接胆红素检测试剂",6840-670,__import__.medical_device_category_6840_old_Ⅱ-11,,"用于检测人体样本中结合胆红素的含量，临床上主要作为胆红素代谢紊乱的评价指标之一。",,"Ⅱ"
medical_device_category_6840_old_671,"总胆红素检测试剂",6840-671,__import__.medical_device_category_6840_old_Ⅱ-11,,"用于检测人体样本中总胆红素的含量，临床上主要作为胆红素代谢紊乱的评价指标之一。",,"Ⅱ"
medical_device_category_6840_old_672,"总胆汁酸检测试剂",6840-672,__import__.medical_device_category_6840_old_Ⅱ-11,,"用于检测人体样本中总胆汁酸的含量，临床上主要用于肝胆系统疾病的辅助诊断。",,"Ⅱ"
medical_device_category_6840_old_673,"尿酸检测试剂",6840-673,__import__.medical_device_category_6840_old_Ⅱ-11,,"用于检测人体样本中尿酸的含量，临床上主要用于高尿酸血症的辅助诊断。",,"Ⅱ"
medical_device_category_6840_old_674,"乙醇检测试剂",6840-674,__import__.medical_device_category_6840_old_Ⅱ-11,,"用于检测人体样本中乙醇的含量，临床上主要用于酒精中毒的辅助诊断。",,"Ⅱ"
medical_device_category_6840_old_675,"L-乳酸盐检测试剂",6840-675,__import__.medical_device_category_6840_old_Ⅱ-11,,"用于检测人体样本中L-乳酸盐的含量，临床上主要用于代谢性酸中毒的辅助诊断。",,"Ⅱ"
medical_device_category_6840_old_676,"透明质酸检测试剂",6840-676,__import__.medical_device_category_6840_old_Ⅱ-11,,"用于检测人体样本中透明质酸的含量，临床上主要用于肝纤维化的辅助诊断。",,"Ⅱ"
medical_device_category_6840_old_677,"磷脂检测试剂",6840-677,__import__.medical_device_category_6840_old_Ⅱ-11,,"用于测定人体血清或血浆中磷脂含量，临床上主要用于磷脂代谢相关疾病的辅助诊断。",,"Ⅱ"
medical_device_category_6840_old_678,"α肿瘤坏死因子检测试剂",6840-678,__import__.medical_device_category_6840_old_Ⅱ-11,,"用于检测人体样本中肿瘤坏死因子α(TNFα)含量，临床上主要用于与α肿瘤坏死因子相关的某些疾病，如炎症、免疫性疾病等疾病的辅助诊断。",,"Ⅱ"
medical_device_category_6840_old_679,"唾液酸检测试剂",6840-679,__import__.medical_device_category_6840_old_Ⅱ-11,,"用于检测人体样本中唾液酸的含量，临床上可作为一种非特异性炎症指标之一。",,"Ⅱ"
medical_device_category_6840_old_680,"6-酮-前列腺素F1α检测试剂",6840-680,__import__.medical_device_category_6840_old_Ⅱ-11,,"用于检测人体样本中6-酮-前列腺素F1α的含量，临床上主要用于血栓性疾病的辅助诊断。",,"Ⅱ"
medical_device_category_6840_old_681,"过氧化氢检测试剂",6840-681,__import__.medical_device_category_6840_old_Ⅱ-11,,"用于检测阴道分泌物人体样本中过氧化氢含量，临床上主要用于细菌性阴道病的辅助诊断。",,"Ⅱ"
medical_device_category_6840_old_682,"尿素检测试剂",6840-682,__import__.medical_device_category_6840_old_Ⅱ-11,,"该产品用于体外定量测定人体样本中尿素的含量，临床上主要作为肾功能的评价指标之一。",,"Ⅱ"
medical_device_category_6840_old_683,"运送培养基",6840-683,__import__.medical_device_category_6840_old_Ⅰ-1,,"用于临床采集样本的转运保存。",,Ⅰ
medical_device_category_6840_old_684,"肉汤培养基",6840-684,__import__.medical_device_category_6840_old_Ⅰ-1,,"主要用于增菌培养。",,Ⅰ
medical_device_category_6840_old_685,"脑心浸液琼脂培养基",6840-685,__import__.medical_device_category_6840_old_Ⅰ-1,,"主要用于普通细菌培养。",,Ⅰ
medical_device_category_6840_old_686,"增菌培养基",6840-686,__import__.medical_device_category_6840_old_Ⅰ-1,,"用于为微生物的繁殖提供特定的生长环境。",,Ⅰ
medical_device_category_6840_old_687,"营养琼脂培养基",6840-687,__import__.medical_device_category_6840_old_Ⅰ-1,,"用于分离培养出常见的易于生长的一般细菌。",,Ⅰ
medical_device_category_6840_old_688,"卵磷脂吐温胰蛋白胨大豆培养基",6840-688,__import__.medical_device_category_6840_old_Ⅰ-1,,"加有抗生素中和剂，用于物体表面大多数细菌的分离、培养、计数和监测。",,Ⅰ
medical_device_category_6840_old_689,"巯基乙酸酯培养基",6840-689,__import__.medical_device_category_6840_old_Ⅰ-1,,"用于厌氧菌的培养。",,Ⅰ
medical_device_category_6840_old_690,"厌氧苯乙醇培养基",6840-690,__import__.medical_device_category_6840_old_Ⅰ-1,,"用于厌氧菌的增菌培养。",,Ⅰ
medical_device_category_6840_old_691,"马铃薯葡萄糖琼脂培养基",6840-691,__import__.medical_device_category_6840_old_Ⅰ-1,,"用于霉菌和酵母菌的培养。",,Ⅰ
medical_device_category_6840_old_692,"碱性蛋白胨水培养基",6840-692,__import__.medical_device_category_6840_old_Ⅰ-1,,"用于霍乱弧菌增菌培养。",,Ⅰ
medical_device_category_6840_old_693,"巧克力琼脂培养基（不加抗生素）",6840-693,__import__.medical_device_category_6840_old_Ⅰ-1,,"用于嗜血杆菌、奈瑟菌等苛养菌的培养。",,Ⅰ
medical_device_category_6840_old_694,"分枝杆菌抗生素补充检测试剂盒",6840-694,__import__.medical_device_category_6840_old_Ⅰ-1,,"与细菌分枝杆菌监测系统同时使用，以检测和分离非血液的无菌体液样本和消化、去污染的临床样品中的分枝杆菌。",,Ⅰ
medical_device_category_6840_old_695,"药敏指示剂",6840-695,__import__.medical_device_category_6840_old_Ⅰ-1,,"与全自动微生物分析系统一同使用，用于定量的药物敏感性检测。",,Ⅰ
medical_device_category_6840_old_696,"药敏接种培养液",6840-696,__import__.medical_device_category_6840_old_Ⅰ-1,,"与全自动微生物分析系统一同使用，用于药物敏感性检测。",,Ⅰ
medical_device_category_6840_old_697,"比浊管",6840-697,__import__.medical_device_category_6840_old_Ⅰ-2,,"用于判定菌悬液的均一性和一致性。",,Ⅰ
medical_device_category_6840_old_698,"革兰染色液",6840-698,__import__.medical_device_category_6840_old_Ⅰ-2,,"用于细菌或真菌的涂片染色。",,Ⅰ
medical_device_category_6840_old_699,"抗酸染色液",6840-699,__import__.medical_device_category_6840_old_Ⅰ-2,,"用于分枝杆菌、诺卡菌等细菌抗酸染色，包括荧光染色。",,Ⅰ
medical_device_category_6840_old_700,"荚膜染色液",6840-700,__import__.medical_device_category_6840_old_Ⅰ-2,,"用于菌体荚膜的染色。 ",,Ⅰ
medical_device_category_6840_old_701,"芽孢染色液",6840-701,__import__.medical_device_category_6840_old_Ⅰ-2,,"用于菌体芽孢的染色。 ",,Ⅰ
medical_device_category_6840_old_702,"鞭毛染色液",6840-702,__import__.medical_device_category_6840_old_Ⅰ-2,,"用于菌体鞭毛的染色。",,Ⅰ
medical_device_category_6840_old_703,"幽门螺杆菌染色液",6840-703,__import__.medical_device_category_6840_old_Ⅰ-2,,"用于幽门螺杆菌染色",,Ⅰ
medical_device_category_6840_old_704,"墨汁染液",6840-704,__import__.medical_device_category_6840_old_Ⅰ-2,,"用于观察菌体有无荚膜。",,Ⅰ
medical_device_category_6840_old_705,"乳酸棉酚蓝染液",6840-705,__import__.medical_device_category_6840_old_Ⅰ-2,,"用于真菌检查的染色。",,Ⅰ
medical_device_category_6840_old_706,"尿液分析用染色液",6840-706,__import__.medical_device_category_6840_old_Ⅰ-2,,"用于尿液中的有形成分进行染色，从而观察其形态与结构，以便于分析仪器进行细胞分类计数。",,Ⅰ
medical_device_category_6840_old_707,"血细胞分析用染色液",6840-707,__import__.medical_device_category_6840_old_Ⅰ-2,,"用于对血细胞进行染色，从而观察其形态与结构，以便于血液分析仪器进行血细胞分类计数。",,Ⅰ
medical_device_category_6840_old_708,"阿利辛黄染色液",6840-708,__import__.medical_device_category_6840_old_Ⅰ-2,,"用于组织细胞学染色从而定性检测样本中的幽门螺杆菌。",,Ⅰ
medical_device_category_6840_old_709,"阿利辛蓝染色液",6840-709,__import__.medical_device_category_6840_old_Ⅰ-2,,"用于组织细胞学染色，定性鉴定粘多糖。",,Ⅰ
medical_device_category_6840_old_710,"阿利辛蓝－过碘酸雪夫氏染色液",6840-710,__import__.medical_device_category_6840_old_Ⅰ-2,,"用于组织细胞学染色从而定性鉴定多糖中的酸粘蛋白。",,Ⅰ
medical_device_category_6840_old_711,"弹性纤维染色液",6840-711,__import__.medical_device_category_6840_old_Ⅰ-2,,"用于组织细胞学染色从而定性检测组织切片中的弹性纤维。",,Ⅰ
medical_device_category_6840_old_712,"过碘酸雪夫染色液",6840-712,__import__.medical_device_category_6840_old_Ⅰ-2,,"用于组织细胞学染色从而定性检测组织切片中的糖原、粘多糖。",,Ⅰ
medical_device_category_6840_old_713,"铁染色液",6840-713,__import__.medical_device_category_6840_old_Ⅰ-2,,"用于组织细胞学染色从而定性检测组织切片中的粘液多糖类物质。",,Ⅰ
medical_device_category_6840_old_714,"吉姆萨染色液",6840-714,__import__.medical_device_category_6840_old_Ⅰ-2,,"用于组织细胞学染色从而鉴别骨髓和其他造血组织（淋巴结）中的白细胞，还可用于鉴定某些微生物。",,Ⅰ
medical_device_category_6840_old_715,"粘蛋白胭脂红染色液",6840-715,__import__.medical_device_category_6840_old_Ⅰ-2,,"用于组织细胞学染色从而定性检测组织切片中的酸性粘多糖。",,Ⅰ
medical_device_category_6840_old_716,"Masson三色染色液",6840-716,__import__.medical_device_category_6840_old_Ⅰ-2,,"主要用于组织中结缔组织、肌肉和胶原纤维的组织细胞学染色。",,Ⅰ
medical_device_category_6840_old_717,"苏木素染色液",6840-717,__import__.medical_device_category_6840_old_Ⅰ-2,,"主要用于对组织细胞切片及涂片中的细胞核染色。",,Ⅰ
medical_device_category_6840_old_718,"巴氏染色液",6840-718,__import__.medical_device_category_6840_old_Ⅰ-2,,"主要用于对脱落细胞的组织细胞学染色。",,Ⅰ
medical_device_category_6840_old_719,"瑞氏-吉姆萨染色液 ",6840-719,__import__.medical_device_category_6840_old_Ⅰ-2,,"主要用于对血细胞进行染色。",,Ⅰ
medical_device_category_6840_old_720,"苏木素-伊红染色液（H-E）",6840-720,__import__.medical_device_category_6840_old_Ⅰ-2,,"主要用于对细胞组织进行染色。",,Ⅰ
medical_device_category_6840_old_721,"瑞氏染色液",6840-721,__import__.medical_device_category_6840_old_Ⅰ-2,,"主要用于对血细胞进行染色。",,Ⅰ
medical_device_category_6840_old_722,"α-醋酸萘酚酯酶（α-NAE）染色液",6840-722,__import__.medical_device_category_6840_old_Ⅰ-2,,"主要用于骨髓细胞的组织细胞学染色。",,Ⅰ
medical_device_category_6840_old_723,"α-丁酸萘酚酯酶（α-NBE）染色液",6840-723,__import__.medical_device_category_6840_old_Ⅰ-2,,"主要用于骨髓细胞的组织细胞学染色。",,Ⅰ
medical_device_category_6840_old_724,"氯化醋酸AS-D萘酚酯酶（AS-DNCE）染色液",6840-724,__import__.medical_device_category_6840_old_Ⅰ-2,,"主要用于骨髓细胞的组织细胞学染色。",,Ⅰ
medical_device_category_6840_old_725,"过氧化物酶（POX）染色液",6840-725,__import__.medical_device_category_6840_old_Ⅰ-2,,"主要用于组织、细胞中过氧化物酶的染色。",,Ⅰ
medical_device_category_6840_old_726,"苏丹黑染色液",6840-726,__import__.medical_device_category_6840_old_Ⅰ-2,,"主要用于组织细胞中脂类的染色。",,Ⅰ
medical_device_category_6840_old_727,"网状纤维染色液",6840-727,__import__.medical_device_category_6840_old_Ⅰ-2,,"主要用于组织中网状纤维的组织细胞学染色。",,Ⅰ
medical_device_category_6840_old_728,"DAB染色液",6840-728,__import__.medical_device_category_6840_old_Ⅰ-2,,"主要用于免疫组织化学染色的显色。",,Ⅰ
medical_device_category_6840_old_729,"银染液",6840-729,__import__.medical_device_category_6840_old_Ⅰ-2,,"用于对蛋白、核酸的银染色。",,Ⅰ
medical_device_category_6840_old_730,"红色复染染色液",6840-730,__import__.medical_device_category_6840_old_Ⅰ-2,,"该产品用于对细胞核的染色。",,Ⅰ
medical_device_category_6840_old_731,"亮绿－过碘酸雪夫氏染色液",6840-731,__import__.medical_device_category_6840_old_Ⅰ-2,,"用于定性组织学染色，对福尔马林固定、石蜡包埋组织中的真菌染色。",,Ⅰ
medical_device_category_6840_old_732,"琼斯亮绿染色液",6840-732,__import__.medical_device_category_6840_old_Ⅰ-2,,"用于定性组织学染色，鉴别毛细血管基底膜。",,Ⅰ
medical_device_category_6840_old_733,"刚果红染色液",6840-733,__import__.medical_device_category_6840_old_Ⅰ-2,,"用于定性组织学染色，有选择性地对福尔马林固定、石蜡包埋组织中的淀粉体染色。",,Ⅰ
medical_device_category_6840_old_734,"斯坦氏染色液",6840-734,__import__.medical_device_category_6840_old_Ⅰ-2,,"用于定性组织学银染色来辅助识别福尔马林固定、石蜡包埋组织中的各种致病微生物。",,Ⅰ
medical_device_category_6840_old_735,"六胺银染色液",6840-735,__import__.medical_device_category_6840_old_Ⅰ-2,,"用于定性组织学染色，对福尔马林固定、石蜡包埋组织中的真菌和其他机会性生物的细胞壁中的多糖染色。",,Ⅰ
medical_device_category_6840_old_736,"返蓝染色液",6840-736,__import__.medical_device_category_6840_old_Ⅰ-2,,"主要用于调节苏木素的染色，从紫色变为蓝色。",,Ⅰ
medical_device_category_6840_old_737,"伊红染色液",6840-737,__import__.medical_device_category_6840_old_Ⅰ-2,,"主要用于细胞浆染色。",,Ⅰ
medical_device_category_6840_old_738,"原位杂交蓝染染色液",6840-738,__import__.medical_device_category_6840_old_Ⅰ-2,,"用于在间接生物素抗生物素蛋白链霉素系统中检测特异性荧光素标记的探针。",,Ⅰ
medical_device_category_6840_old_739,"地高辛染色液",6840-739,__import__.medical_device_category_6840_old_Ⅰ-2,,"用于原位杂交细胞组织上的核酸靶点的检测。",,Ⅰ
medical_device_category_6840_old_740,"原位杂交碱性磷酸酶染色液",6840-740,__import__.medical_device_category_6840_old_Ⅰ-2,,"主要用于与一抗结合后的显色。",,Ⅰ
medical_device_category_6840_old_741,"苯胺蓝染色液",6840-741,__import__.medical_device_category_6840_old_Ⅰ-2,,"主要用于神经组织、细胞、结缔组织的染色。",,Ⅰ
medical_device_category_6840_old_742,"免疫显色试剂",6840-742,__import__.medical_device_category_6840_old_Ⅰ-2,,"在免疫组化反应或原位杂交反应中与首要抗原抗体结合，通过染色，将靶点进行标记。",,Ⅰ
medical_device_category_6840_old_743,"血细胞分析用鞘液",6840-743,__import__.medical_device_category_6840_old_Ⅰ-2,,"适用于采用流式细胞分析原理的分析仪。用于对血液样本稀释，形成鞘流，利于分析仪器进行细胞计数、分类。",,Ⅰ
medical_device_category_6840_old_744,"尿液分析用鞘液",6840-744,__import__.medical_device_category_6840_old_Ⅰ-2,,"适用于采用流式细胞分析原理的分析仪。用于对尿液样本稀释，形成鞘流，利于分析仪器进行细胞计数、分类。",,Ⅰ
medical_device_category_6840_old_745,"血细胞分析用稀释液",6840-745,__import__.medical_device_category_6840_old_Ⅰ-2,,"用于血细胞分析前，样本的稀释，制备细胞悬液。",,Ⅰ
medical_device_category_6840_old_746,"血型分析用稀释液",6840-746,__import__.medical_device_category_6840_old_Ⅰ-2,,"用于制备红细胞悬液，在临床输血上用于血型定型，交叉配血前的样本稀释。",,Ⅰ
medical_device_category_6840_old_747,"尿液分析用稀释液",6840-747,__import__.medical_device_category_6840_old_Ⅰ-2,,"用于尿液分析前，样本的稀释，制备细胞悬液。",,Ⅰ
medical_device_category_6840_old_748,"凝血分析用稀释液",6840-748,__import__.medical_device_category_6840_old_Ⅰ-2,,"用于在凝血测试中稀释病人血浆标本。",,Ⅰ
medical_device_category_6840_old_749,"样本稀释液",6840-749,__import__.medical_device_category_6840_old_Ⅰ-2,,"用于对待测样本进行稀释、液化，以便于使用体外诊断试剂或仪器对待测物进行检测。其本身并不直接参与检测。",,Ⅰ
medical_device_category_6840_old_750,"血细胞分析用溶血剂",6840-750,__import__.medical_device_category_6840_old_Ⅰ-2,,"用于血细胞分析前破坏红细胞、溶出血红蛋白、维持所需分析细胞的形态，从而便于细胞分类计数或血红蛋白定量测定。",,Ⅰ
medical_device_category_6840_old_751,"糖化血红蛋白溶血剂",6840-751,__import__.medical_device_category_6840_old_Ⅰ-2,,"用于进行糖化血红蛋白检测时的血液样本前处理。",,Ⅰ
medical_device_category_6840_old_752,"组织固定液",6840-752,__import__.medical_device_category_6840_old_Ⅰ-2,,"用于新鲜组织样本的固定。",,Ⅰ
medical_device_category_6840_old_753,"细胞保存液",6840-753,__import__.medical_device_category_6840_old_Ⅰ-2,,"用于保存、运输取自人体的细胞，仅用于体外分析检测目的，不用于治疗性用途。",,Ⅰ
medical_device_category_6840_old_754,"样本保存液",6840-754,__import__.medical_device_category_6840_old_Ⅰ-2,,"用于组织、细胞病理学分析样本的保存。",,Ⅰ
medical_device_category_6840_old_755,"免疫组化抗原修复缓冲液",6840-755,__import__.medical_device_category_6840_old_Ⅰ-2,,"用于免疫组织化学染色前的抗原修复。",,Ⅰ
medical_device_category_6840_old_756,"原位杂交用蛋白酶",6840-756,__import__.medical_device_category_6840_old_Ⅰ-2,,"用于组织或细胞样品，增强细胞膜的通透性。",,Ⅰ
medical_device_category_6840_old_757,"样本释放剂",6840-757,__import__.medical_device_category_6840_old_Ⅰ-2,,"用于待测样本的预处理，使样本中的待测物从与其他物质结合的状态中释放出来。以便于使用体外诊断试剂或仪器对待测物进行检测。如叶酸释放剂、维生素B12释放剂。",,Ⅰ
medical_device_category_6840_old_758,"清洗液",6840-758,__import__.medical_device_category_6840_old_Ⅰ-2,,"用于检测过程中反应体系的清洗，以便于对待测物质进行体外检测，不包含单独用于仪器清洗的清洗液。",,Ⅰ
medical_device_category_6840_old_759,"增强液",6840-759,__import__.medical_device_category_6840_old_Ⅰ-2,,"用于与标记在抗体上的发光标记物形成强荧光复合物，以便定量检测荧光强度。",,Ⅰ
medical_device_category_6840_old_760,"样本密度分离液",6840-760,__import__.medical_device_category_6840_old_Ⅰ-2,,"通过密度分离作用，用于样本中不同成分的分离，以便于对样本的进一步分析。",,Ⅰ
medical_device_category_6840_old_761,"全自动免疫检验系统用底物液",6840-761,__import__.medical_device_category_6840_old_Ⅰ-2,,"与其他多种试剂（如一抗、二抗、标准品、终止液等）配合使用，完成基于免疫原理的体外诊断检测，仅用于确定的检测系统。（“确定的检测系统”是指与本企业的试剂配合使用的。）",,Ⅰ
medical_device_category_6840_old_762,"全自动免疫检验系统用终止液",6840-762,__import__.medical_device_category_6840_old_Ⅰ-2,,"用于终止酶标二抗与底物液的荧光反应，完成基于免疫原理的体外诊断检测，仅用于，仅用于确定的检测系统。（“确定的检测系统”是指与本企业的试剂配合使用的。）",,Ⅰ
medical_device_category_6840_old_763,"蛋白、多肽提取或纯化试剂",6840-763,__import__.medical_device_category_6840_old_Ⅰ-2,,"用于多肽、蛋白质的提取、富集、纯化等步骤。其处理后的产物用于临床体外检测使用。",,Ⅰ
medical_device_category_6840_old_764,"核酸提取或纯化试剂",6840-764,__import__.medical_device_category_6840_old_Ⅰ-2,,"用于核酸的提取、富集、纯化等步骤。其处理后的产物用于临床体外检测使用。",,Ⅰ
medical_device_category_6840_old_765,"缓冲液",6840-765,__import__.medical_device_category_6840_old_Ⅰ-2,,"仅用于提供/维持反应环境。",,Ⅰ
medical_device_category_6840_old_766,"样本萃取液",6840-766,__import__.medical_device_category_6840_old_Ⅰ-2,,"用于对样本进行分析前预处理，溶解细胞，萃取出待测物质。",,Ⅰ
medical_device_category_6840_1,"与致病性病原体抗原、抗体以及核酸等检测相关的试剂",6840-01,udi_data.medical_device_category_6840,,,,"Ⅲ"
medical_device_category_6840_2,"与血型、组织配型相关的试剂",6840-02,udi_data.medical_device_category_6840,,,,"Ⅲ"
medical_device_category_6840_3,"与人类基因检测相关的试剂",6840-03,udi_data.medical_device_category_6840,,,,"Ⅲ"
medical_device_category_6840_4,"与遗传性疾病相关的试剂",6840-04,udi_data.medical_device_category_6840,,,,"Ⅲ"
medical_device_category_6840_5,"与麻醉药品、精神药品、医疗用毒性药品检测相关的试剂",6840-05,udi_data.medical_device_category_6840,,,,"Ⅲ"
medical_device_category_6840_6,"与治疗药物靶点检测相关的试剂和伴随诊断用试剂",6840-06,udi_data.medical_device_category_6840,,,,"Ⅲ"
medical_device_category_6840_7,"与肿瘤筛查、诊断、辅助诊断、分期相关的试剂",6840-07,udi_data.medical_device_category_6840,,,,"Ⅲ"
medical_device_category_6840_8,"用于蛋白质检测的试剂",6840-08,udi_data.medical_device_category_6840,,,,"Ⅱ"
medical_device_category_6840_9,"用于糖类检测的试剂",6840-09,udi_data.medical_device_category_6840,,,,"Ⅱ"
medical_device_category_6840_10,"用于激素检测的试剂",6840-10,udi_data.medical_device_category_6840,,,,"Ⅱ"
medical_device_category_6840_11,"用于酶类检测试剂",6840-11,udi_data.medical_device_category_6840,,,,"Ⅱ"
medical_device_category_6840_12,"用于酯类检测的试剂",6840-12,udi_data.medical_device_category_6840,,,,"Ⅱ"
medical_device_category_6840_13,"用于维生素检测的试剂",6840-13,udi_data.medical_device_category_6840,,,,"Ⅱ"
medical_device_category_6840_14,"用于无机离子检测的试剂",6840-14,udi_data.medical_device_category_6840,,,,"Ⅱ"
medical_device_category_6840_15,"用于药物及药物代谢物检测的试剂",6840-15,udi_data.medical_device_category_6840,,,,"Ⅱ"
medical_device_category_6840_16,"用于自身抗体检测的试剂",6840-16,udi_data.medical_device_category_6840,,,,"Ⅱ"
medical_device_category_6840_17,"用于微生物鉴别或药敏试验的试剂及用于细胞选择、诱导、分化的细胞培养基",6840-17,udi_data.medical_device_category_6840,,,,"Ⅱ"
medical_device_category_6840_18,"用于微生物鉴别或药敏试验的试剂及用于细胞选择、诱导、分化的细胞培养基",6840-18,udi_data.medical_device_category_6840,,,,"Ⅱ"
medical_device_category_6840_18,"用于变态反应（过敏原）检测的试剂",6840-18,udi_data.medical_device_category_6840,,,,"Ⅱ"
medical_device_category_6840_19,"用于其他生理、生化或免疫功能指标检测的试剂",6840-19,udi_data.medical_device_category_6840,,,,"Ⅱ"
medical_device_category_6840_20,"不用于微生物鉴别或药敏试验的微生物培养基及仅用于增殖的细胞培养基",6840-20,udi_data.medical_device_category_6840,,,,"Ⅰ"
medical_device_category_6840_21,"样本处理用产品",6840-21,udi_data.medical_device_category_6840,,,,"Ⅰ"
medical_device_category_6840_22,"反应体系通用试剂",6840-22,udi_data.medical_device_category_6840,,,,"Ⅰ"
medical_device_category_6840_23,"仅提供辅助诊断信息的流式细胞仪用单一抗体试剂及同型对照抗体",6840-23,udi_data.medical_device_category_6840,,,,"Ⅰ"
medical_device_category_6840_24,"仅提供辅助诊断信息的免疫组化用单一抗体试剂",6840-24,udi_data.medical_device_category_6840,,,,"Ⅰ"
medical_device_category_6840_25,"仅提供辅助诊断信息的原位杂交用单一探针试剂",6840-25,udi_data.medical_device_category_6840,,,,"Ⅰ"
medical_device_category_6840_1-1001,"A、B、C群脑膜炎球菌多糖IgG抗体检测试剂",6840-01-01001,__import__.medical_device_category_6840_1,,"用于检测人体样本中的A、B、C群脑膜炎球菌多糖IgG抗体。临床上用于脑膜炎球菌感染的辅助诊断。",,"Ⅲ"
medical_device_category_6840_1-1002,"A群链球菌抗原/核酸检测试剂",6840-01-01002,__import__.medical_device_category_6840_1,,"用于检测人体样本中的A群链球菌抗原/核酸。临床上用于链球菌感染的辅助诊断。",,"Ⅲ"
medical_device_category_6840_1-1003,"B群链球菌抗原/核酸检测试剂",6840-01-01003,__import__.medical_device_category_6840_1,,"用于检测人体样本中的B群链球菌抗原/核酸。临床上用于链球菌感染的辅助诊断。",,"Ⅲ"
medical_device_category_6840_1-1004,"BK病毒（BKV）核酸检测试剂",6840-01-01004,__import__.medical_device_category_6840_1,,"用于检测人体样本中的BK病毒（BKV）核酸。临床上用于BK病毒感染的辅助诊断。",,"Ⅲ"
medical_device_category_6840_1-1005,"EB病毒Rta抗原IgG抗体检测试剂",6840-01-01005,__import__.medical_device_category_6840_1,,"用于检测人体样本中的EB病毒Rta的IgG抗体。临床上用于EB病毒感染的辅助诊断。",,"Ⅲ"
medical_device_category_6840_1-1006,"EB病毒Zta抗原IgA抗体检测试剂",6840-01-01006,__import__.medical_device_category_6840_1,,"用于检测人体样本中的EB病毒Zta抗原IgA抗体。临床上用于EB病毒感染的辅助诊断。",,"Ⅲ"
medical_device_category_6840_1-1007,"EB病毒核抗原（NA1）抗体检测试剂",6840-01-01007,__import__.medical_device_category_6840_1,,"用于检测人体样本中的EB病毒核抗原（NA1）抗体。临床上用于EB病毒感染的辅助诊断。",,"Ⅲ"
medical_device_category_6840_1-1008,"EB病毒抗原/抗体/核酸检测试剂",6840-01-01008,__import__.medical_device_category_6840_1,,"用于检测人体样本中的EB病毒抗原/抗体/核酸。临床上用于EB病毒感染的辅助诊断。",,"Ⅲ"
medical_device_category_6840_1-1009,"EB病毒壳抗原（p18）IgG抗体检测试剂",6840-01-01009,__import__.medical_device_category_6840_1,,"用于检测人体样本中的EB病毒壳抗原（p18）IgG抗体。临床上用于EB病毒感染的辅助诊断。",,"Ⅲ"
medical_device_category_6840_1-1010,"EB病毒衣壳抗原（VCA）抗体检测试剂",6840-01-01010,__import__.medical_device_category_6840_1,,"用于检测人体样本中的EB病毒衣壳抗原（VCA）抗体。临床上用于EB病毒感染的辅助诊断。其中VCA IgA抗体用于鼻咽癌的辅助诊断，VCA IgM、VCA IgG抗体用于传染性单核细胞增多症的辅助诊断。",,"Ⅲ"
medical_device_category_6840_1-1011,"EB病毒早期抗原（EA）抗体检测试剂",6840-01-01011,__import__.medical_device_category_6840_1,,"用于检测人体样本中的EB病毒早期抗原（EA）抗体。临床上用于EB病毒感染的早期辅助诊断。",,"Ⅲ"
medical_device_category_6840_1-1012,"EB病毒TK（胸苷激酶）抗体检测试剂",6840-01-01012,__import__.medical_device_category_6840_1,,"用于检测人体样本中的EB病毒TK（胸苷激酶）抗体。临床上用于EB病毒感染的辅助诊断。",,"Ⅲ"
medical_device_category_6840_1-1013,"JC病毒（JCV）核酸检测试剂",6840-01-01013,__import__.medical_device_category_6840_1,,"用于检测人体样本中的JC病毒（JCV）核酸。临床上用于JC病毒感染的辅助诊断。",,"Ⅲ"
medical_device_category_6840_1-1014,"O1群霍乱弧菌诊断血清",6840-01-01014,__import__.medical_device_category_6840_1,,"用于检测人体样本中的O1群霍乱弧菌。临床上用于O1群霍乱弧菌感染的辅助诊断。",,"Ⅲ"
medical_device_category_6840_1-1015,"霍乱弧菌抗原检测试剂",6840-01-01015,__import__.medical_device_category_6840_1,,"用于检测人体样本中的霍乱弧菌抗原。临床上用于霍乱的辅助诊断。",,"Ⅲ"
medical_device_category_6840_1-1016,"埃可病毒抗体检测试剂",6840-01-01016,__import__.medical_device_category_6840_1,,"用于检测人体样本中的埃可病毒抗体。临床上用于埃可病毒感染的辅助诊断。",,"Ⅲ"
medical_device_category_6840_1-1017,"白喉棒状杆菌抗体检测试剂",6840-01-01017,__import__.medical_device_category_6840_1,,"用于检测人体样本中的白喉棒状杆菌抗体。临床上用于白喉的辅助诊断。",,"Ⅲ"
medical_device_category_6840_1-1018,"白色念珠菌抗原/核酸检测试剂",6840-01-01018,__import__.medical_device_category_6840_1,,"用于检测人体样本中的白色念珠菌抗原/核酸。临床上用于白色念珠菌感染的辅助诊断。",,"Ⅲ"
medical_device_category_6840_1-1019,"百日咳杆菌抗原/抗体/核酸检测试剂",6840-01-01019,__import__.medical_device_category_6840_1,,"用于检测人体样本中的百日咳杆菌抗原/抗体/核酸。临床上用于百日咳的辅助诊断。",,"Ⅲ"
medical_device_category_6840_1-1020,"包虫抗体检测试剂",6840-01-01020,__import__.medical_device_category_6840_1,,"用于检测人体样本中的包虫抗体。临床上用于包虫感染的辅助诊断。",,"Ⅲ"
medical_device_category_6840_1-1021,"鲍曼不动杆菌耐碳青霉烯类抗生素基因检测试剂",6840-01-01021,__import__.medical_device_category_6840_1,,"用于检测人体样本中的鲍曼不动杆菌基因和耐碳青霉烯类抗生素基因。临床上用于鲍曼不动杆菌耐药性的辅助诊断。",,"Ⅲ"
medical_device_category_6840_1-1022,"鼻病毒核酸检测试剂",6840-01-01022,__import__.medical_device_category_6840_1,,"用于检测人体样本中的鼻病毒核酸。临床上用于鼻病毒感染的辅助诊断。",,"Ⅲ"
medical_device_category_6840_1-1023,"鼻疽菌抗原检测试剂",6840-01-01023,__import__.medical_device_category_6840_1,,"用于检测人体样本中的鼻疽菌抗原。临床上用于鼻疽菌感染的辅助诊断。",,"Ⅲ"
medical_device_category_6840_1-1024,"类鼻疽菌抗原检测试剂",6840-01-01024,__import__.medical_device_category_6840_1,,"用于检测人体样本中的类鼻疽菌抗原。临床上用于类鼻疽菌感染的辅助诊断。",,"Ⅲ"
medical_device_category_6840_1-1025,"斑疹伤寒立克次体抗体检测试剂",6840-01-01025,__import__.medical_device_category_6840_1,,"用于检测人体样本中的斑疹伤寒立克次体抗体。临床上用于斑疹伤寒的辅助诊断。",,"Ⅲ"
medical_device_category_6840_1-1026,"变形杆菌OX19诊断菌液",6840-01-01026,__import__.medical_device_category_6840_1,,"用于检测人体样本中的立克次体抗体。临床上用于斑疹伤寒的辅助诊断。",,"Ⅲ"
medical_device_category_6840_1-1027,"变形杆菌OX2诊断菌液",6840-01-01027,__import__.medical_device_category_6840_1,,"用于检测人体样本中的立克次体抗体。临床上用于斑疹伤寒的辅助诊断。",,"Ⅲ"
medical_device_category_6840_1-1028,"变形杆菌OXK诊断菌液",6840-01-01028,__import__.medical_device_category_6840_1,,"用于检测人体样本中的立克次体抗体。临床上用于斑疹伤寒的辅助诊断。",,"Ⅲ"
medical_device_category_6840_1-1029,"布鲁菌抗体/抗原检测试剂",6840-01-01029,__import__.medical_device_category_6840_1,,"用于检测人体样本中的布鲁菌抗体/抗原。临床上用于布鲁菌病的辅助诊断。",,"Ⅲ"
medical_device_category_6840_1-1030,"肠道病毒71型抗体/核酸检测试剂",6840-01-01030,__import__.medical_device_category_6840_1,,"用于检测人体样本中的肠道病毒71型抗体/核酸。临床上用于肠道病毒71型感染的辅助诊断。",,"Ⅲ"
medical_device_category_6840_1-1031,"肠道病毒抗体/核酸检测试剂",6840-01-01031,__import__.medical_device_category_6840_1,,"用于检测人体样本中的肠道病毒抗体/核酸。临床上用于肠道病毒感染的辅助诊断。",,"Ⅲ"
medical_device_category_6840_1-1032,"肠道致病性大肠埃希菌诊断血清",6840-01-01032,__import__.medical_device_category_6840_1,,"用于检测人体样本中的肠道致病性大肠埃希菌。临床上用于肠道致病性大肠埃希菌感染的辅助诊断。",,"Ⅲ"
medical_device_category_6840_1-1033,"大肠埃希菌O157抗原检测试剂",6840-01-01033,__import__.medical_device_category_6840_1,,"用于检测人体样本中的大肠埃希菌O157抗原。临床上用于肠出血性大肠埃希菌感染（如出血性结肠炎及溶血性尿毒综合征）的辅助诊断。",,"Ⅲ"
medical_device_category_6840_1-1034,"单纯疱疹病毒Ⅰ型（HSV Ⅰ）IgG抗体亲合力检测试剂",6840-01-01034,__import__.medical_device_category_6840_1,,"用于检测人体样本中的单纯疱疹病毒Ⅰ型（HSV Ⅰ）IgG抗体亲合力。临床上用于辅助诊断单纯疱疹病毒Ⅰ型感染的感染阶段。",,"Ⅲ"
medical_device_category_6840_1-1035,"单纯疱疹病毒Ⅰ型（HSV Ⅰ）抗体/核酸检测试剂",6840-01-01035,__import__.medical_device_category_6840_1,,"用于检测人体样本中的单纯疱疹病毒Ⅰ型（HSV Ⅰ）抗体/核酸。临床上用于单纯疱疹病毒Ⅰ型感染的辅助诊断。",,"Ⅲ"
medical_device_category_6840_1-1036,"单纯疱疹病毒Ⅱ型（HSV Ⅱ）IgG抗体亲合力检测试剂",6840-01-01036,__import__.medical_device_category_6840_1,,"用于检测人体样本中的单纯疱疹病毒Ⅱ型（HSV Ⅱ）IgG抗体亲合力。临床上用于辅助判断单纯疱疹病毒Ⅱ型感染的感染阶段。",,"Ⅲ"
medical_device_category_6840_1-1037,"单纯疱疹病毒Ⅱ型（HSV Ⅱ）抗体/核酸检测试剂",6840-01-01037,__import__.medical_device_category_6840_1,,"用于检测人体样本中的单纯疱疹病毒Ⅱ型（HSV Ⅱ）抗体/核酸。临床上用于单纯疱疹病毒Ⅱ型感染的辅助诊断。",,"Ⅲ"
medical_device_category_6840_1-1038,"登革病毒抗原/抗体/核酸检测试剂",6840-01-01038,__import__.medical_device_category_6840_1,,"用于检测人体样本中的登革病毒抗原/抗体/核酸。临床上用于登革热疾病的辅助诊断。",,"Ⅲ"
medical_device_category_6840_1-1039,"恶性疟原虫抗原检测试剂",6840-01-01039,__import__.medical_device_category_6840_1,,"用于检测人体样本中的恶性疟原虫抗原。临床上用于恶性疟的辅助诊断。",,"Ⅲ"
medical_device_category_6840_1-1040,"间日疟原虫抗原检测试剂",6840-01-01040,__import__.medical_device_category_6840_1,,"用于检测人体样本中的间日疟原虫抗原。临床上用于间日疟的辅助诊断。",,"Ⅲ"
medical_device_category_6840_1-1041,"疟原虫抗原检测试剂",6840-01-01041,__import__.medical_device_category_6840_1,,"用于检测人体样本中疟原虫抗原。临床上用于疟疾的辅助诊断。",,"Ⅲ"
medical_device_category_6840_1-1042,"发热伴血小板减少综合征病毒（SFTSV）抗体/核酸检测试剂",6840-01-01042,__import__.medical_device_category_6840_1,,"用于检测人体样本中的发热伴血小板减少综合征病毒（SFTSV）特异性抗体/核酸。临床上用于发热伴血小板减少综合征的辅助诊断。",,"Ⅲ"
medical_device_category_6840_1-1043,"非密螺旋体脂质抗体检测试剂",6840-01-01043,__import__.medical_device_category_6840_1,,"用于检测人体样本中的非密螺旋体脂质抗体。临床上用于梅毒感染的辅助诊断。",,"Ⅲ"
medical_device_category_6840_1-1044,"肺炎克雷伯菌核酸检测试剂",6840-01-01044,__import__.medical_device_category_6840_1,,"用于检测人体样本中的肺炎克雷伯菌核酸。临床上用于肺炎克雷伯菌感染的辅助诊断。",,"Ⅲ"
medical_device_category_6840_1-1045,"肺炎链球菌抗原/核酸检测试剂",6840-01-01045,__import__.medical_device_category_6840_1,,"用于检测人体样本中的肺炎链球菌抗原/核酸。临床上用于肺炎链球菌性肺炎的辅助诊断。",,"Ⅲ"
medical_device_category_6840_1-1046,"肺炎衣原体抗原/抗体/核酸检测试剂",6840-01-01046,__import__.medical_device_category_6840_1,,"用于检测人体样本中的肺炎衣原体抗原/IgM抗体/IgG抗体/核酸。临床上用于衣原体性肺炎的辅助诊断。",,"Ⅲ"
medical_device_category_6840_1-1047,"肺炎支原体耐药基因检测试剂",6840-01-01047,__import__.medical_device_category_6840_1,,"用于检测人体样本中的肺炎支原体抗大环内酯类抗生素耐药基因。临床上用于肺炎支原体耐药性的辅助诊断。",,"Ⅲ"
medical_device_category_6840_1-1048,"肺炎支原体抗原/抗体/核酸检测试剂",6840-01-01048,__import__.medical_device_category_6840_1,,"用于检测人体样本中的肺炎支原体抗原/IgM抗体/IgG抗体/核酸。临床上用于支原体肺炎的辅助诊断。",,"Ⅲ"
medical_device_category_6840_1-1049,"分枝杆菌核酸检测试剂",6840-01-01049,__import__.medical_device_category_6840_1,,"用于检测人体样本中的分枝杆菌核酸。临床上用于结核感染的辅助诊断及菌种鉴别。",,"Ⅲ"
medical_device_category_6840_1-1050,"风疹病毒IgG抗体亲合力检测试剂",6840-01-01050,__import__.medical_device_category_6840_1,,"用于检测人体样本中风疹病毒的特异性IgG抗体亲合力。临床上用于辅助判断风疹病毒感染的感染阶段。",,"Ⅲ"
medical_device_category_6840_1-1051,"风疹病毒抗体/核酸检测试剂",6840-01-01051,__import__.medical_device_category_6840_1,,"用于检测人体样本中的风疹病毒抗体/核酸。临床上用于风疹病毒感染的辅助诊断。",,"Ⅲ"
medical_device_category_6840_1-1052,"副流感病毒抗原/抗体/核酸检测试剂",6840-01-01052,__import__.medical_device_category_6840_1,,"用于检测人体样本中副流感病毒抗原/抗体/核酸。临床上用于副流感病毒感染的辅助诊断。",,"Ⅲ"
medical_device_category_6840_1-1053,"庚型肝炎病毒IgG抗体检测试剂",6840-01-01053,__import__.medical_device_category_6840_1,,"用于检测人体样本中的庚型肝炎病毒IgG抗体。临床上用于庚型肝炎的辅助诊断。",,"Ⅲ"
medical_device_category_6840_1-1054,"弓形虫IgG抗体亲合力检测",6840-01-01054,__import__.medical_device_category_6840_1,,"用于检测人体样本中的弓形虫IgG抗体亲合力。临床上用于辅助判断弓形虫感染的感染阶段。",,"Ⅲ"
medical_device_category_6840_1-1055,"弓形虫IgG/IgM抗体检测试剂",6840-01-01055,__import__.medical_device_category_6840_1,,"用于检测人体样本中的弓形虫IgG/IgM抗体。临床上用于弓形虫感染的辅助诊断。",,"Ⅲ"
medical_device_category_6840_1-1056,"钩端螺旋体抗体检测试剂",6840-01-01056,__import__.medical_device_category_6840_1,,"用于检测人体样本中的钩端螺旋体抗体。临床上用于钩端螺旋体病的辅助诊断。",,"Ⅲ"
medical_device_category_6840_1-1057,"梅毒螺旋体抗体检测试剂",6840-01-01057,__import__.medical_device_category_6840_1,,"用于检测人体样本中的梅毒螺旋体抗体。临床上用于梅毒螺旋体感染的辅助诊断。",,"Ⅲ"
medical_device_category_6840_1-1058,"光滑假丝酵母菌核酸检测试剂",6840-01-01058,__import__.medical_device_category_6840_1,,"用于检测人体样本中的光滑假丝酵母菌核酸。临床上用于光滑假丝酵母菌感染的辅助诊断。",,"Ⅲ"
medical_device_category_6840_1-1059,"汉坦病毒（HV）抗体检测试剂",6840-01-01059,__import__.medical_device_category_6840_1,,"用于检测人体样本中的汉坦病毒（HV）抗体。临床上用于急性肾综合征出血热的辅助诊断。",,"Ⅲ"
medical_device_category_6840_1-1060,"呼吸道合胞病毒（RSV）A、B分型核酸检测试剂",6840-01-01060,__import__.medical_device_category_6840_1,,"用于检测人体样本中的呼吸道合胞病毒（RSV）A型和B型基因分型检测。临床上用于呼吸道合胞病毒感染的分型及治疗指导。",,"Ⅲ"
medical_device_category_6840_1-1061,"呼吸道合胞病毒（RSV）抗原/抗体/核酸检测试剂",6840-01-01061,__import__.medical_device_category_6840_1,,"用于检测人体样本中的呼吸道合胞病毒（RSV）抗原/抗体/核酸。临床上用于呼吸道合胞病毒感染的辅助诊断。",,"Ⅲ"
medical_device_category_6840_1-1062,"华支睾吸虫抗体检测试剂",6840-01-01062,__import__.medical_device_category_6840_1,,"用于检测人体样本中特异性华支睾吸虫抗体。临床上用于华支睾吸虫感染的辅助诊断。",,"Ⅲ"
medical_device_category_6840_1-1063,"甲型肝炎病毒（HAV）抗体/核酸检测试剂",6840-01-01063,__import__.medical_device_category_6840_1,,"用于检测人体样本中的甲型肝炎病毒（HAV）抗体/核酸。临床上用于甲型肝炎的辅助诊断。",,"Ⅲ"
medical_device_category_6840_1-1064,"乙型肝炎病毒e抗体（Anti-HBe）检测试剂",6840-01-01064,__import__.medical_device_category_6840_1,,"用于检测人体样本中的乙型肝炎病毒e抗体（Anti-HBe）。临床上用于乙型肝炎病毒感染的辅助诊断。",,"Ⅲ"
medical_device_category_6840_1-1065,"乙型肝炎病毒e抗原（HBeAg）检测试剂",6840-01-01065,__import__.medical_device_category_6840_1,,"用于检测人体样本中的乙型肝炎病毒e抗原（HBeAg）。临床上用于乙型肝炎病毒感染的辅助诊断和监测。",,"Ⅲ"
medical_device_category_6840_1-1066,"乙型肝炎病毒表面抗体（Anti-HBs）检测试剂",6840-01-01066,__import__.medical_device_category_6840_1,,"用于检测人体样本中的乙型肝炎病毒表面抗体（Anti-HBs）。临床上用于乙型肝炎病毒感染的辅助诊断。",,"Ⅲ"
medical_device_category_6840_1-1067,"乙型肝炎病毒表面抗原（HBsAg）检测试剂",6840-01-01067,__import__.medical_device_category_6840_1,,"用于检测人体样本中的乙型肝炎病毒表面抗原（HBsAg）。临床上用于乙型肝炎病毒感染的辅助诊断。",,"Ⅲ"
medical_device_category_6840_1-1068,"乙型肝炎病毒表面抗原（HBsAg）确认试剂",6840-01-01068,__import__.medical_device_category_6840_1,,"用于检测人体样本中的乙型肝炎病毒表面抗原（HBsAg）。临床上用于确认乙型肝炎病毒检测结果具有反应性的样本。",,"Ⅲ"
medical_device_category_6840_1-1069,"乙型肝炎病毒大蛋白检测试剂",6840-01-01069,__import__.medical_device_category_6840_1,,"用于检测人体样本中的乙型肝炎病毒大蛋白。临床上用于乙型肝炎病毒感染的辅助诊断。",,"Ⅲ"
medical_device_category_6840_1-1070,"乙型肝炎病毒（HBV）核酸检测试剂",6840-01-01070,__import__.medical_device_category_6840_1,,"用于检测人体样本中的乙型肝炎病毒（HBV）核酸。临床上用于乙型肝炎的辅助诊断及疗效观察。",,"Ⅲ"
medical_device_category_6840_1-1071,"乙型肝炎病毒核心抗体（Anti-HBc）检测试剂",6840-01-01071,__import__.medical_device_category_6840_1,,"用于检测人体样本中的乙型肝炎病毒核心抗体（Anti-HBc）。临床上用于乙肝病毒感染的辅助诊断和监测。",,"Ⅲ"
medical_device_category_6840_1-1072,"乙型肝炎病毒（HBV）基因分型检测试剂",6840-01-01072,__import__.medical_device_category_6840_1,,"用于检测人体样本中乙型肝炎病毒（HBV）基因型别。临床上用于乙型肝炎病毒感染的辅助诊断。",,"Ⅲ"
medical_device_category_6840_1-1073,"乙型肝炎病毒耐药基因检测试剂",6840-01-01073,__import__.medical_device_category_6840_1,,"用于检测人体样本中的乙型肝炎病毒的耐药基因突变。临床上用于乙型肝炎病毒耐药性的辅助诊断。",,"Ⅲ"
medical_device_category_6840_1-1074,"乙型肝炎病毒（HBV）前S1抗原/抗体检测试剂",6840-01-01074,__import__.medical_device_category_6840_1,,"用于检测人体样本中的乙型肝炎病毒（HBV）前S1抗原/抗体。临床上用于乙型肝炎的辅助诊断。",,"Ⅲ"
medical_device_category_6840_1-1075,"乙型肝炎病毒前S2抗原/抗体检测试剂",6840-01-01075,__import__.medical_device_category_6840_1,,"用于检测人体样本中的乙型肝炎病毒前S2抗原/抗体。临床上用于乙型肝炎的辅助诊断。",,"Ⅲ"
medical_device_category_6840_1-1076,"乙型肝炎病毒前S抗原检测试剂",6840-01-01076,__import__.medical_device_category_6840_1,,"用于检测人体样本中的乙型肝炎病毒前S抗原。临床上用于乙型肝炎的辅助诊断。",,"Ⅲ"
medical_device_category_6840_1-1077,"丙型肝炎病毒基因分型检测试剂",6840-01-01077,__import__.medical_device_category_6840_1,,"用于检测人体样本中丙型肝炎病毒基因型别。临床上用于丙型肝炎病毒感染的分型和指导治疗。",,"Ⅲ"
medical_device_category_6840_1-1078,"丙型肝炎病毒（HCV）抗体确认试剂",6840-01-01078,__import__.medical_device_category_6840_1,,"用于检测人体样本中的丙型肝炎病毒（HCV）抗体。临床上用于确认丙型肝炎病毒（HCV）抗体检测结果具有反应性的样本。",,"Ⅲ"
medical_device_category_6840_1-1079,"丙型肝炎病毒（HCV）抗原/抗体/核酸检测试剂",6840-01-01079,__import__.medical_device_category_6840_1,,"用于检测人体样本中的丙型肝炎病毒（HCV）抗原/抗体/核酸。临床上用于丙型肝炎的辅助诊断。",,"Ⅲ"
medical_device_category_6840_1-1080,"丁型肝炎病毒（HDV）抗原/抗体/核酸检测试剂",6840-01-01080,__import__.medical_device_category_6840_1,,"用于检测人体样本中的丁型肝炎病毒（HDV）抗原/抗体/核酸。临床上用于丁型肝炎的辅助诊断。",,"Ⅲ"
medical_device_category_6840_1-1081,"甲型H1N1流感病毒抗原/核酸检测试剂",6840-01-01081,__import__.medical_device_category_6840_1,,"用于检测人体样本中的甲型H1N1流感病毒抗原/核酸。临床上用于甲型H1N1流感的辅助诊断和鉴别诊断。",,"Ⅲ"
medical_device_category_6840_1-1082,"甲型流感病毒抗原/抗体/核酸检测试剂",6840-01-01082,__import__.medical_device_category_6840_1,,"用于检测人体样本中的甲型流感病毒抗原/抗体/核酸。临床上用于甲型流感的辅助诊断和鉴别诊断。",,"Ⅲ"
medical_device_category_6840_1-1083,"乙型流感病毒抗原/抗体/核酸检测试剂",6840-01-01083,__import__.medical_device_category_6840_1,,"用于检测人体样本中的乙型流感病毒抗原/抗体/核酸。临床上用于乙型流感的辅助诊断和鉴别诊断。",,"Ⅲ"
medical_device_category_6840_1-1084,"乙型脑炎病毒抗体检测试剂",6840-01-01084,__import__.medical_device_category_6840_1,,"用于检测人体样本中的乙型脑炎病毒抗体。临床上用于流行性乙型脑炎的辅助诊断。",,"Ⅲ"
medical_device_category_6840_1-1085,"艰难梭菌毒素A/毒素B检测试剂",6840-01-01085,__import__.medical_device_category_6840_1,,"用于检测人体粪便样本中的艰难梭菌毒素A/毒素B。临床上用于艰难梭菌感染的辅助诊断。",,"Ⅲ"
medical_device_category_6840_1-1086,"艰难梭菌谷氨酸脱氢酶抗原检测试剂",6840-01-01086,__import__.medical_device_category_6840_1,,"用于检测人体粪便样本中的艰难梭菌谷氨酸脱氢酶。临床上用于艰难梭菌感染的辅助诊断。",,"Ⅲ"
medical_device_category_6840_1-1087,"艰难梭菌核酸检测试剂",6840-01-01087,__import__.medical_device_category_6840_1,,"用于检测人体粪便样本中的艰难梭菌毒素基因。临床上用于艰难梭菌感染的辅助诊断。",,"Ⅲ"
medical_device_category_6840_1-1088,"结核分枝杆菌抗原/抗体/核酸检测试剂",6840-01-01088,__import__.medical_device_category_6840_1,,"用于检测人体样本中的结核分枝杆菌抗原/抗体/核酸。临床上用于结核病的辅助诊断。",,"Ⅲ"
medical_device_category_6840_1-1089,"结核分枝杆菌耐药基因检测试剂",6840-01-01089,__import__.medical_device_category_6840_1,,"用于检测人体样本中的结核分枝杆菌耐药基因。临床上用于结核分枝杆菌耐药性的辅助诊断。",,"Ⅲ"
medical_device_category_6840_1-1090,"结核感染T细胞释放γ-干扰素检测试剂",6840-01-01090,__import__.medical_device_category_6840_1,,"用于检测人体样本中T淋巴细胞在结核分枝杆菌特异性抗原刺激下产生的γ-干扰素的水平。临床上用于结核病的辅助诊断。",,"Ⅲ"
medical_device_category_6840_1-1091,"解脲脲原体基因分型检测试剂",6840-01-01091,__import__.medical_device_category_6840_1,,"用于检测人体样本中的解脲脲原体基因分型。临床上用于解脲脲原体感染的辅助诊断。",,"Ⅲ"
medical_device_category_6840_1-1092,"解脲脲原体（UU）抗体/核酸检测试剂",6840-01-01092,__import__.medical_device_category_6840_1,,"用于检测人体样本中的解脲脲原体（UU）抗体/核酸。临床上用于解脲脲原体感染的辅助诊断。",,"Ⅲ"
medical_device_category_6840_1-1093,"微小脲原体（UP）核酸检测试剂",6840-01-01093,__import__.medical_device_category_6840_1,,"用于检测人体样本中的微小脲原体（UP）的核酸。临床上用于微小脲原体感染的辅助诊断。",,"Ⅲ"
medical_device_category_6840_1-1094,"人型支原体（MH）核酸检测试剂",6840-01-01094,__import__.medical_device_category_6840_1,,"用于检测人体样本中的人型支原体（MH）核酸。临床上用于人型支原体感染的辅助诊断。",,"Ⅲ"
medical_device_category_6840_1-1095,"生殖支原体（MG）核酸检测试剂",6840-01-01095,__import__.medical_device_category_6840_1,,"用于检测人体样本中生殖支原体（MG）核酸。临床上用于生殖支原体感染的辅助诊断。",,"Ⅲ"
medical_device_category_6840_1-1096,"金黄色葡萄球菌核酸检测试剂",6840-01-01096,__import__.medical_device_category_6840_1,,"用于检测人体样本中的金黄色葡萄球菌核酸。临床上用于金黄色葡萄球菌感染的辅助诊断。",,"Ⅲ"
medical_device_category_6840_1-1097,"金黄色葡萄球菌抗原检测试剂",6840-01-01097,__import__.medical_device_category_6840_1,,"用于检测人体样本中的金黄色葡萄球菌抗原。临床上用于金黄色葡萄球菌感染的辅助诊断。",,"Ⅲ"
medical_device_category_6840_1-1098,"巨细胞病毒IgG抗体亲合力检测试剂",6840-01-01098,__import__.medical_device_category_6840_1,,"用于检测人体样本中巨细胞病毒IgG抗体的亲合力。临床上用于辅助判断巨细胞病毒感染的感染阶段。",,"Ⅲ"
medical_device_category_6840_1-1099,"巨细胞病毒抗体/核酸检测试剂",6840-01-01099,__import__.medical_device_category_6840_1,,"用于检测人体样本中的巨细胞病毒抗体/核酸。临床上用于巨细胞病毒感染的辅助诊断。",,"Ⅲ"
medical_device_category_6840_1-1100,"抗EB病毒衣壳抗原IgG抗体亲合力检测试剂",6840-01-01100,__import__.medical_device_category_6840_1,,"用于检测人体样本中抗EB病毒衣壳抗原IgG抗体亲合力。临床上用于辅助判断EB病毒感染的感染阶段。",,"Ⅲ"
medical_device_category_6840_1-1101,"抗细小病毒B19抗体检测试剂",6840-01-01101,__import__.medical_device_category_6840_1,,"用于检测人体样本中的抗细小病毒B19抗体。临床上用于细小病毒感染的辅助诊断。",,"Ⅲ"
medical_device_category_6840_1-1102,"柯萨奇病毒B组抗体检测试剂",6840-01-01102,__import__.medical_device_category_6840_1,,"用于检测人体样本中的柯萨奇病毒B组抗体。临床上用于柯萨奇病毒B组感染的辅助诊断。",,"Ⅲ"
medical_device_category_6840_1-1103,"狂犬病病毒IgG抗体检测试剂",6840-01-01103,__import__.medical_device_category_6840_1,,"用于检测人体样本中的狂犬病病毒IgG抗体。临床上用于接种狂犬病疫苗后人体狂犬病毒IgG抗体水平的监测。",,"Ⅲ"
medical_device_category_6840_1-1104,"淋球菌抗原/核酸检测试剂",6840-01-01104,__import__.medical_device_category_6840_1,,"用于检测人体样本中的淋球菌抗原/核酸。临床上用于淋球菌感染的辅助诊断。",,"Ⅲ"
medical_device_category_6840_1-1105,"流行性出血热病毒抗体检测试剂",6840-01-01105,__import__.medical_device_category_6840_1,,"用于检测人体样本中的流行性出血热病毒抗体。临床上用于流行性出血热的辅助诊断。",,"Ⅲ"
medical_device_category_6840_1-1106,"轮状病毒抗原/核酸检测试剂",6840-01-01106,__import__.medical_device_category_6840_1,,"用于检测人体样本中的轮状病毒抗原/核酸。临床上用于轮状病毒感染的辅助诊断。",,"Ⅲ"
medical_device_category_6840_1-1107,"麻风分枝杆菌抗体检测试剂",6840-01-01107,__import__.medical_device_category_6840_1,,"用于检测人体样本中的麻风分枝杆菌抗体。临床上用于麻风的辅助诊断。",,"Ⅲ"
medical_device_category_6840_1-1108,"麻疹病毒抗体/核酸检测试剂",6840-01-01108,__import__.medical_device_category_6840_1,,"用于检测人体样本中的麻疹病毒抗体/核酸。临床上用于麻疹的辅助诊断。",,"Ⅲ"
medical_device_category_6840_1-1109,"马尔尼菲篮状菌抗原检测试剂",6840-01-01109,__import__.medical_device_category_6840_1,,"用于检测人体样本中的马尔尼菲篮状菌抗原。临床上用于马尔尼菲篮状菌感染的辅助诊断。",,"Ⅲ"
medical_device_category_6840_1-1110,"耐甲氧西林金黄色葡萄球菌核酸检测试剂",6840-01-01110,__import__.medical_device_category_6840_1,,"用于检测人体样本中的耐甲氧西林金黄色葡萄球菌的核酸。临床上用于耐甲氧西林金黄色葡萄球菌感染的辅助诊断。",,"Ⅲ"
medical_device_category_6840_1-1111,"耐甲氧西林金黄色葡萄球菌耐药基因检测试剂",6840-01-01111,__import__.medical_device_category_6840_1,,"用于检测人体样本中的耐甲氧西林金黄色葡萄球菌的耐药基因。临床上用于耐甲氧西林金黄色葡萄球菌耐药性的辅助诊断。",,"Ⅲ"
medical_device_category_6840_1-1112,"耐万古霉素肠球菌基因检测试剂",6840-01-01112,__import__.medical_device_category_6840_1,,"用于检测人体样本中肠球菌基因和耐万古霉素肠球菌特异性基因。临床上用于耐万古霉素肠球菌耐药性的辅助诊断。",,"Ⅲ"
medical_device_category_6840_1-1113,"囊虫病（CYT）抗体检测试剂",6840-01-01113,__import__.medical_device_category_6840_1,,"用于检测人体样本中的囊虫病（CYT）抗体。临床上用于囊虫病的辅助诊断。",,"Ⅲ"
medical_device_category_6840_1-1114,"念珠菌甘露聚糖抗原/IgG抗体检测试剂",6840-01-01114,__import__.medical_device_category_6840_1,,"用于检测人体样本中的念珠菌甘露聚糖抗原/IgG抗体。临床上用于念珠菌感染的辅助诊断。",,"Ⅲ"
medical_device_category_6840_1-1115,"念珠菌烯醇化酶IgG抗体检测试剂",6840-01-01115,__import__.medical_device_category_6840_1,,"用于检测人体样本中的念珠菌烯醇化酶IgG抗体。临床上用于念珠菌感染的辅助诊断。",,"Ⅲ"
medical_device_category_6840_1-1116,"诺如病毒抗原/核酸检测试剂",6840-01-01116,__import__.medical_device_category_6840_1,,"用于检测人体样本中的诺如病毒抗原/核酸。临床上用于诺如病毒感染的辅助诊断。",,"Ⅲ"
medical_device_category_6840_1-1117,"破伤风类毒素抗体检测试剂",6840-01-01117,__import__.medical_device_category_6840_1,,"用于检测人体样本中的破伤风类毒素抗体。临床上用于破伤风的辅助诊断。",,"Ⅲ"
medical_device_category_6840_1-1118,"曲霉菌半乳甘露聚糖抗原/IgG抗体/IgE抗体检测试剂",6840-01-01118,__import__.medical_device_category_6840_1,,"用于检测人体样本中的曲霉半乳甘露聚糖抗原/IgG抗体/IgE抗体。临床上用于曲霉感染的辅助诊断。",,"Ⅲ"
medical_device_category_6840_1-1119,"曲霉菌抗原/抗体检测试剂",6840-01-01119,__import__.medical_device_category_6840_1,,"用于检测人体样本中的烟曲霉、黄曲霉、黑曲霉等曲霉菌抗原/抗体。临床上用于曲霉感染的辅助诊断。",,"Ⅲ"
medical_device_category_6840_1-1120,"热带假丝酵母菌核酸检测试剂",6840-01-01120,__import__.medical_device_category_6840_1,,"用于检测人体样本中的热带假丝酵母菌核酸。临床上用于热带假丝酵母菌感染的辅助诊断。",,"Ⅲ"
medical_device_category_6840_1-1121,"人博卡病毒核酸检测试剂",6840-01-01121,__import__.medical_device_category_6840_1,,"用于检测人体样本中的人博卡病毒核酸。临床上用于博卡病毒感染的辅助诊断。",,"Ⅲ"
medical_device_category_6840_1-1122,"人感染H7N9禽流感病毒核酸检测试剂",6840-01-01122,__import__.medical_device_category_6840_1,,"用于检测人体样本中H7N9禽流感病毒核酸。临床上用于禽流感的辅助诊断。",,"Ⅲ"
medical_device_category_6840_1-1123,"人类T淋巴细胞病毒Ⅰ型和Ⅱ型（HTLV Ⅰ+Ⅱ）抗体检测试剂",6840-01-01123,__import__.medical_device_category_6840_1,,"用于检测人体样本中的人类T淋巴细胞病毒I型和Ⅱ型（HTLV Ⅰ+Ⅱ）抗体。临床上用于人类T淋巴细胞病毒感染的辅助诊断。",,"Ⅲ"
medical_device_category_6840_1-1124,"人类免疫缺陷病毒1型（HIV 1）核酸检测试剂",6840-01-01124,__import__.medical_device_category_6840_1,,"用于检测人体样本中的人类免疫缺陷病毒1型（HIV 1）核酸。临床上用于HIV感染的辅助诊断。",,"Ⅲ"
medical_device_category_6840_1-1125,"人类免疫缺陷病毒（HIV）耐药基因检测试剂",6840-01-01125,__import__.medical_device_category_6840_1,,"用于检测人体样本中的人类免疫缺陷病毒（HIV）的耐药基因。临床上用于人类免疫缺陷病毒耐药性的辅助诊断。",,"Ⅲ"
medical_device_category_6840_1-1126,"人类免疫缺陷病毒（HIV）抗体检测试剂",6840-01-01126,__import__.medical_device_category_6840_1,,"用于检测人体样本中的人类免疫缺陷病毒（HIV）抗体，包括1型（包括O组、M组等）、2型抗体。临床上用于人类免疫缺陷病毒感染的辅助诊断。",,"Ⅲ"
medical_device_category_6840_1-1127,"人类免疫缺陷病毒（HIV）抗原检测试剂",6840-01-01127,__import__.medical_device_category_6840_1,,"用于检测人体样本中的人类免疫缺陷病毒（HIV）抗原。临床上用于人类免疫缺陷病毒感染的辅助诊断。",,"Ⅲ"
medical_device_category_6840_1-1128,"人类免疫缺陷病毒（HIV）抗原/抗体确认试剂",6840-01-01128,__import__.medical_device_category_6840_1,,"用于检测人体样本中的人类免疫缺陷病毒（HIV）抗原/抗体。临床上用于确认人类免疫缺陷病毒抗原/抗体检测结果具有反应性的样本。",,"Ⅲ"
medical_device_category_6840_1-1129,"人偏肺病毒（HMPV）核酸检测试剂",6840-01-01129,__import__.medical_device_category_6840_1,,"用于检测人体样本中人偏肺病毒（HMPV）核酸。临床上用于人偏肺病毒感染的辅助诊断。",,"Ⅲ"
medical_device_category_6840_1-1130,"人乳头瘤病毒（HPV）核酸检测试剂",6840-01-01130,__import__.medical_device_category_6840_1,,"用于检测人体样本中的人乳头瘤病毒（HPV）核酸。临床上用于人乳头瘤病毒感染的辅助诊断。",,"Ⅲ"
medical_device_category_6840_1-1131,"人乳头瘤病毒（HPV）基因分型检测试剂",6840-01-01131,__import__.medical_device_category_6840_1,,"用于检测人体样本中的人乳头瘤病毒（HPV）基因分型。临床上用于人乳头瘤病毒感染的辅助诊断。",,"Ⅲ"
medical_device_category_6840_1-1132,"日本血吸虫抗体检测试剂",6840-01-01132,__import__.medical_device_category_6840_1,,"用于检测人体样本中日本血吸虫特异性抗体。临床上用于日本血吸虫感染的辅助诊断。",,"Ⅲ"
medical_device_category_6840_1-1133,"血吸虫虫卵抗体检测试剂",6840-01-01133,__import__.medical_device_category_6840_1,,"用于检测人体样本中特异性血吸虫虫卵抗体。临床上用于血吸虫感染辅助诊断。",,"Ⅲ"
medical_device_category_6840_1-1134,"腮腺炎病毒抗体/核酸检测试剂",6840-01-01134,__import__.medical_device_category_6840_1,,"用于检测人体样本中的腮腺炎病毒抗体/核酸。临床上用于腮腺炎的辅助诊断。",,"Ⅲ"
medical_device_category_6840_1-1135,"沙门菌抗原/核酸检测试剂",6840-01-01135,__import__.medical_device_category_6840_1,,"用于检测人体样本中的沙门菌抗原/核酸。临床上用于沙门菌感染的辅助诊断。",,"Ⅲ"
medical_device_category_6840_1-1136,"沙门菌属诊断血清",6840-01-01136,__import__.medical_device_category_6840_1,,"用于检测人体样本中的伤寒沙门菌、副伤寒沙门菌、鼠伤寒沙门菌。临床上用于各型沙门菌的分型。",,"Ⅲ"
medical_device_category_6840_1-1137,"沙眼衣原体抗原/抗体/核酸检测试剂",6840-01-01137,__import__.medical_device_category_6840_1,,"用于检测人体样本中的沙眼衣原体抗原/抗体/核酸。临床上用于沙眼衣原体感染的辅助诊断。",,"Ⅲ"
medical_device_category_6840_1-1138,"伤寒、甲型副伤寒沙门菌核酸检测试剂",6840-01-01138,__import__.medical_device_category_6840_1,,"用于检测人体样本中的伤寒沙门菌和甲型副伤寒沙门菌核酸。临床上用于伤寒、甲型副伤寒沙门菌感染的辅助诊断。",,"Ⅲ"
medical_device_category_6840_1-1139,"伤寒沙门菌H901诊断菌液",6840-01-01139,__import__.medical_device_category_6840_1,,"用于检测人体样本中的伤寒沙门菌抗体。临床上用于肥达（Widal）反应。",,"Ⅲ"
medical_device_category_6840_1-1140,"伤寒沙门菌O901诊断菌液",6840-01-01140,__import__.medical_device_category_6840_1,,"用于检测人体样本中的伤寒沙门菌抗体。临床上用于肥达（Widal）反应。",,"Ⅲ"
medical_device_category_6840_1-1141,"伤寒沙门菌（甲/乙/丙）型诊断菌液",6840-01-01141,__import__.medical_device_category_6840_1,,"用于检测人体样本中的甲/乙/丙型伤寒沙门菌。临床上用于伤寒沙门菌甲、乙、丙型血清诊断。",,"Ⅲ"
medical_device_category_6840_1-1142,"嗜肺军团菌抗体/核酸检测试剂",6840-01-01142,__import__.medical_device_category_6840_1,,"用于检测人体样本中的嗜肺军团菌抗体/核酸。临床上用于军团菌肺炎的辅助诊断。",,"Ⅲ"
medical_device_category_6840_1-1143,"鼠疫耶尔森菌F1抗体检测试剂",6840-01-01143,__import__.medical_device_category_6840_1,,"用于检测人体样本中的鼠疫耶尔森菌F1抗体。临床上用于人鼠疫耶尔森菌感染的辅助诊断。",,"Ⅲ"
medical_device_category_6840_1-1144,"鼠疫耶尔森菌诊断血清",6840-01-01144,__import__.medical_device_category_6840_1,,"用于检测人体样本中的鼠疫耶尔森菌。临床上用于鼠疫耶尔森菌感染的辅助诊断。",,"Ⅲ"
medical_device_category_6840_1-1145,"水痘-带状疱疹病毒抗体检测试剂",6840-01-01145,__import__.medical_device_category_6840_1,,"用于检测人体样本中的水痘-带状疱疹病毒抗体。临床上用于水痘-带状疱疹病毒感染的辅助诊断。",,"Ⅲ"
medical_device_category_6840_1-1146,"炭疽杆菌抗原检测试剂",6840-01-01146,__import__.medical_device_category_6840_1,,"用于检测人体样本中的炭疽杆菌抗原。临床上用于炭疽杆菌感染的辅助诊断。",,"Ⅲ"
medical_device_category_6840_1-1147,"炭疽杆菌诊断血清",6840-01-01147,__import__.medical_device_category_6840_1,,"用于检测人体样本中的炭疽杆菌。临床上用于炭疽杆菌感染的辅助诊断。",,"Ⅲ"
medical_device_category_6840_1-1148,"碳青霉烯类抗生素耐药基因检测试剂",6840-01-01148,__import__.medical_device_category_6840_1,,"用于检测人体样本中耐药细菌的碳青霉烯类抗生素耐药基因。临床上用于耐药细菌碳青霉烯耐药性的辅助诊断。",,"Ⅲ"
medical_device_category_6840_1-1149,"戊型肝炎病毒抗原/抗体/核酸检测试剂",6840-01-01149,__import__.medical_device_category_6840_1,,"用于检测人体样本中的戊型肝炎病毒抗原/抗体/核酸。临床上用于戊型肝炎的辅助诊断。",,"Ⅲ"
medical_device_category_6840_1-1150,"腺病毒抗体/抗原/核酸检测试剂",6840-01-01150,__import__.medical_device_category_6840_1,,"用于检测人体样本中的腺病毒抗体/抗原/核酸。临床上用于腺病毒感染的辅助诊断。",,"Ⅲ"
medical_device_category_6840_1-1151,"SARS冠状病毒抗体检测试剂",6840-01-01151,__import__.medical_device_category_6840_1,,"用于检测人体样本中的SARS冠状病毒抗体。临床上用于传染性非典型性肺炎的辅助诊断。",,"Ⅲ"
medical_device_category_6840_1-1152,"新型冠状病毒（SARS-CoV-2）抗原/抗体/核酸检测试剂",6840-01-01152,__import__.medical_device_category_6840_1,,"用于检测人体样本中的新型冠状病毒（SARS-CoV-2）的抗原/抗体/核酸。临床上用于新型冠状病毒感染的辅助诊断。",,"Ⅲ"
medical_device_category_6840_1-1153,"恙虫病抗原/抗体检测试剂",6840-01-01153,__import__.medical_device_category_6840_1,,"用于检测人体样本中的恙虫病抗原/抗体。临床上用于恙虫病的辅助诊断。",,"Ⅲ"
medical_device_category_6840_1-1154,"衣原体抗原检测试剂",6840-01-01154,__import__.medical_device_category_6840_1,,"用于检测人体样本中的衣原体抗原。临床上用于衣原体感染的辅助诊断。",,"Ⅲ"
medical_device_category_6840_1-1155,"阴道加德纳菌抗原检测试剂",6840-01-01155,__import__.medical_device_category_6840_1,,"用于检测人体样本中的阴道加德纳菌抗原。临床上用于阴道加德纳菌感染的辅助诊断。",,"Ⅲ"
medical_device_category_6840_1-1156,"阴道毛滴虫抗原/核酸检测试剂",6840-01-01156,__import__.medical_device_category_6840_1,,"用于检测人体样本中的阴道毛滴虫抗原/核酸。临床上用于阴道毛滴虫感染的辅助诊断。",,"Ⅲ"
medical_device_category_6840_1-1157,"隐球菌核酸检测试剂",6840-01-01157,__import__.medical_device_category_6840_1,,"用于检测人体样本中的隐球菌核酸。临床用于隐球菌感染的辅助诊断。",,"Ⅲ"
medical_device_category_6840_1-1158,"隐球菌荚膜多糖抗原检测试剂",6840-01-01158,__import__.medical_device_category_6840_1,,"用于检测人体样本中的隐球菌荚膜多糖抗原。临床上用于隐球菌感染的辅助诊断。",,"Ⅲ"
medical_device_category_6840_1-1159,"幽门螺旋杆菌抗体分型检测试剂",6840-01-01159,__import__.medical_device_category_6840_1,,"用于检测人体样本中的多种幽门螺旋杆菌抗体。临床上用于幽门螺旋杆菌的分型。",,"Ⅲ"
medical_device_category_6840_1-1160,"幽门螺旋杆菌抗原/抗体/核酸检测试剂",6840-01-01160,__import__.medical_device_category_6840_1,,"用于检测人体样本中的幽门螺旋杆菌抗原/抗体/核酸。临床上用于胃肠道幽门螺旋杆菌感染的辅助诊断。",,"Ⅲ"
medical_device_category_6840_1-1161,"幽门螺旋杆菌耐药基因检测试剂",6840-01-01161,__import__.medical_device_category_6840_1,,"用于检测人体样本中的幽门螺旋杆菌耐药基因。临床上用于幽门螺旋杆菌耐药性的辅助诊断。",,"Ⅲ"
medical_device_category_6840_1-1162,"幽门螺旋杆菌尿素酶抗体检测试剂",6840-01-01162,__import__.medical_device_category_6840_1,,"用于检测人体样本中的幽门螺旋杆菌尿素酶抗体。临床上用于胃肠道幽门螺旋杆菌感染的辅助诊断。",,"Ⅲ"
medical_device_category_6840_1-1163,"寨卡病毒核酸检测试剂",6840-01-01163,__import__.medical_device_category_6840_1,,"用于检测人体样本中的寨卡病毒核酸。临床上用于寨卡病毒感染的辅助诊断。",,"Ⅲ"
medical_device_category_6840_1-1164,"真菌26S rRNA检测试剂",6840-01-01164,__import__.medical_device_category_6840_1,,"用于检测人体样本中真菌26S rRNA。临床上用于真菌感染的辅助诊断。",,"Ⅲ"
medical_device_category_6840_1-1165,"志贺菌核酸检测试剂",6840-01-01165,__import__.medical_device_category_6840_1,,"用于检测人体样本中的志贺菌核酸。临床上用于志贺菌感染的辅助诊断。",,"Ⅲ"
medical_device_category_6840_1-1166,"志贺菌属诊断血清",6840-01-01166,__import__.medical_device_category_6840_1,,"用于检测人体样本中的志贺菌。临床上用于志贺菌属的分群。",,"Ⅲ"
medical_device_category_6840_1-1167,"鲍氏志贺菌诊断血清",6840-01-01167,__import__.medical_device_category_6840_1,,"用于检测人体样本中的鲍氏志贺菌。临床上用于鲍氏志贺菌群分型。",,"Ⅲ"
medical_device_category_6840_1-1168,"福氏志贺菌诊断血清",6840-01-01168,__import__.medical_device_category_6840_1,,"用于检测人体样本中的福氏志贺菌。临床上用于福氏志贺菌群分型。",,"Ⅲ"
medical_device_category_6840_1-1169,"宋内志贺菌诊断血清",6840-01-01169,__import__.medical_device_category_6840_1,,"用于检测人体样本中的宋内志贺菌。临床上用于宋内志贺菌群分型。",,"Ⅲ"
medical_device_category_6840_1-1170,"痢疾志贺菌诊断血清",6840-01-01170,__import__.medical_device_category_6840_1,,"用于检测人体样本中的痢疾志贺菌。临床上用于痢疾志贺菌群分型。",,"Ⅲ"
medical_device_category_6840_2-2001,"ABO血型定型试剂",6840-02-02001,__import__.medical_device_category_6840_2,,"用于检测人体血液样本中ABO血型抗原。临床上用于人ABO血型正定型检测。",,"Ⅲ"
medical_device_category_6840_2-2002,"ABO血型反定型试剂",6840-02-02002,__import__.medical_device_category_6840_2,,"用于检测人体血液样本中ABO血型抗体。临床上用于人ABO血型反定型检测。",,"Ⅲ"
medical_device_category_6840_2-2003,"K血型抗原检测试剂",6840-02-02003,__import__.medical_device_category_6840_2,,"用于检测人体血液样本中K血型系统抗原。临床上用于人K血型鉴定。",,"Ⅲ"
medical_device_category_6840_2-2004,"RhD血型鉴定试剂",6840-02-02004,__import__.medical_device_category_6840_2,,"用于检测人体血液样本中RhD血型抗原。临床上用于人RhD血型鉴定。",,"Ⅲ"
medical_device_category_6840_2-2005,"Rh血型抗原检测试剂",6840-02-02005,__import__.medical_device_category_6840_2,,"用于检测人体血液样本中Rh血型系统C、c、D、E、e抗原。临床上用于人Rh血型鉴定。",,"Ⅲ"
medical_device_category_6840_2-2006,"红细胞抗体筛选/鉴定试剂",6840-02-02006,__import__.medical_device_category_6840_2,,"用于输血治疗时对受血者（和供血者）进行红细胞抗体筛查或抗体特异性鉴定及抗体效价检测。临床上用于输血反应（溶血等不良事件）的辅助诊断与预防。",,"Ⅲ"
medical_device_category_6840_2-2007,"抗C（IgM）血型定型试剂",6840-02-02007,__import__.medical_device_category_6840_2,,"用于检测人体血液样本中红细胞上Rh2（C）抗原。临床上用于Rh2（C）血型定型。",,"Ⅲ"
medical_device_category_6840_2-2008,"抗c（IgM）血型定型试剂",6840-02-02008,__import__.medical_device_category_6840_2,,"用于检测人体血液样本中红细胞上Rh4（c）抗原。临床上用于Rh4（c）血型定型。",,"Ⅲ"
medical_device_category_6840_2-2009,"抗D（IgG）血型定型试剂",6840-02-02009,__import__.medical_device_category_6840_2,,"用于检测人体血液样本中红细胞上RhD抗原，与DⅥ细胞反应，能检测出弱D。临床上用于RhD血型定型。",,"Ⅲ"
medical_device_category_6840_2-2010,"抗D（IgM）血型定型试剂",6840-02-02010,__import__.medical_device_category_6840_2,,"用于检测人体血液样本中红细胞上RhD抗原，不与DⅥ细胞反应，不能检测出弱D。临床上用于RhD血型定型。",,"Ⅲ"
medical_device_category_6840_2-2011,"抗E（IgM）血型定型试剂",6840-02-02011,__import__.medical_device_category_6840_2,,"用于检测人体血液样本中红细胞上Rh3（E）抗原。临床上用于Rh3（E）血型定型。",,"Ⅲ"
medical_device_category_6840_2-2012,"抗e（IgM）血型定型试剂",6840-02-02012,__import__.medical_device_category_6840_2,,"用于检测人体血液样本中红细胞上Rh5（e）抗原。临床上用于Rh5（e）血型定型。",,"Ⅲ"
medical_device_category_6840_2-2013,"抗人球蛋白检测试剂",6840-02-02013,__import__.medical_device_category_6840_2,,"用于检测人体血液样本中红细胞是否被IgG型抗体或补体致敏（直接试验），或检测人血清中是否存在IgG型抗体，或检测红细胞抗原。临床上用于新生儿溶血、溶血性贫血的辅助诊断或溶血性输血反应的鉴别。",,"Ⅲ"
medical_device_category_6840_2-2014,"凝聚胺试剂",6840-02-02014,__import__.medical_device_category_6840_2,,"可单独使用或与配套试剂共同使用，用于检测人体血液样本中红细胞免疫抗体。临床上用于交叉配血、抗体筛检。",,"Ⅲ"
medical_device_category_6840_2-2015,"人类白细胞抗原分型检测试剂",6840-02-02015,__import__.medical_device_category_6840_2,,"用于检测人体血液样本中人类白细胞抗原（HLA）的A、B、C、DQ、DR、DP等型别。临床上用于移植配型。",,"Ⅲ"
medical_device_category_6840_2-2016,"人类白细胞抗原抗体检测试剂",6840-02-02016,__import__.medical_device_category_6840_2,,"用于检测人体血液样本中HLA-I/II类和MICA抗体（及其特异性）。临床上用于患者接受移植治疗时，鉴定预存或新生的抗供者特异性HLA抗体（DSA）及危险度。",,"Ⅲ"
medical_device_category_6840_2-2017,"红细胞ABO血型基因分型试剂",6840-02-02017,__import__.medical_device_category_6840_2,,"用于检测人体血液样本红细胞基因组DNA中ABO等位基因。临床上用于人ABO血型鉴定。",,"Ⅲ"
medical_device_category_6840_2-2018,"红细胞RhD基因分型试剂",6840-02-02018,__import__.medical_device_category_6840_2,,"用于检测人体血液样本红细胞基因组DNA中RhD等位基因。临床上用于人RhD血型鉴定。",,"Ⅲ"
medical_device_category_6840_2-2019,"血小板抗体检测试剂",6840-02-02019,__import__.medical_device_category_6840_2,,"用于检测人体血液样本中血小板抗体。临床上用于血小板减少症的辅助诊断及血小板输注前交叉配型。",,"Ⅲ"
medical_device_category_6840_3-3001,"CYP2C19基因检测试剂",6840-03-03001,__import__.medical_device_category_6840_3,,"用于检测人体样本中的CYP2C19基因。临床上用于氯吡格雷等药物的用药指导。",,"Ⅲ"
medical_device_category_6840_3-3002,"CYP2C9基因检测试剂",6840-03-03002,__import__.medical_device_category_6840_3,,"用于检测人体样本中的CYP2C9基因。临床上用于华法林等药物的用药指导。",,"Ⅲ"
medical_device_category_6840_3-3003,"CYP3A5基因检测试剂",6840-03-03003,__import__.medical_device_category_6840_3,,"用于检测人体样本中CYP3A5基因。临床上用于他克莫司等药物的用药指导。",,"Ⅲ"
medical_device_category_6840_3-3004,"IL28B基因检测试剂",6840-03-03004,__import__.medical_device_category_6840_3,,"用于检测人体样本中IL28B基因。临床上用于对丙型肝炎病毒感染的易感性分析及疗效预测等。",,"Ⅲ"
medical_device_category_6840_3-3005,"UGT1A1基因检测试剂",6840-03-03005,__import__.medical_device_category_6840_3,,"用于检测人体样本中UGT1A1基因。临床上用于伊立替康的用药指导。",,"Ⅲ"
medical_device_category_6840_3-3006,"VKORC1基因检测试剂",6840-03-03006,__import__.medical_device_category_6840_3,,"用于检测人体样本中VKORC1基因。临床上用于华法林的用药指导。",,"Ⅲ"
medical_device_category_6840_3-3007,"ACE基因检测试剂",6840-03-03007,__import__.medical_device_category_6840_3,,"用于检测人体样本中ACE基因，临床上用于高血压相关药物的用药指导。",,"Ⅲ"
medical_device_category_6840_3-3008,"ADRB1基因检测试剂",6840-03-03008,__import__.medical_device_category_6840_3,,"用于检测人体样本中ADRB1基因。临床上用于抗高血压相关药物的用药指导。",,"Ⅲ"
medical_device_category_6840_3-3009,"APOE基因检测试剂",6840-03-03009,__import__.medical_device_category_6840_3,,"用于检测人体样本中APOE基因。临床上用于胆固醇代谢异常的分析及心脑血管疾病的辅助诊断。",,"Ⅲ"
medical_device_category_6840_3-3010,"SLCO1B1基因检测试剂",6840-03-03010,__import__.medical_device_category_6840_3,,"用于检测人体样本中SLCO1B1基因。临床上用于他汀类药物的用药指导。",,"Ⅲ"
medical_device_category_6840_3-3011,"人类白细胞抗原B位点1502基因检测试剂",6840-03-03011,__import__.medical_device_category_6840_3,,"用于检测人体样本中人类白细胞抗原（HLA） B位点1502基因。临床上用于卡马西平等药物的用药指导。",,"Ⅲ"
medical_device_category_6840_3-3012,"人类白细胞抗原B位点5801基因检测试剂",6840-03-03012,__import__.medical_device_category_6840_3,,"用于检测人体样本中人类白细胞抗原（HLA） B位点5801基因。临床上用于痛风、高尿酸血症等患者使用别嘌醇药物的用药指导。",,"Ⅲ"
medical_device_category_6840_3-3013,"人类白细胞抗原B27（HLA-B27）基因检测试剂",6840-03-03013,__import__.medical_device_category_6840_3,,"用于检测人体样本中B27（HLA-B27）基因。临床上用于强直性脊柱炎（AS）等炎症性关节病的辅助诊断。",,"Ⅲ"
medical_device_category_6840_3-3014,"线粒体乙醛脱氢酶2基因检测试剂",6840-03-03014,__import__.medical_device_category_6840_3,,"用于检测人体样本中线粒体乙醛脱氢酶2（ALDH2）基因。临床上用于硝酸甘油等药物代谢的用药指导以及乙醇代谢异常的分析。",,"Ⅲ"
medical_device_category_6840_3-3015,"亚甲基四氢叶酸还原酶基因检测试剂",6840-03-03015,__import__.medical_device_category_6840_3,,"用于检测人体样本中亚甲基四氢叶酸还原酶（MTHFR）基因。临床上用于叶酸、同型半胱氨酸代谢异常的分析。",,"Ⅲ"
medical_device_category_6840_3-3016,"Y染色体微缺失检测试剂",6840-03-03016,__import__.medical_device_category_6840_3,,"用于检测人体样本中Y染色体微缺失情况。临床上用于对不孕不育的辅助诊断或病因分析。",,"Ⅲ"
medical_device_category_6840_3-3017,"染色体倍性/数目异常检测试剂",6840-03-03017,__import__.medical_device_category_6840_3,,"用于检测人体样本中染色体倍性、数目异常。临床上用于染色体异常相关疾病如21-三体综合征、Klinefelter综合征、超雌综合征等疾病的辅助诊断。",,"Ⅲ"
medical_device_category_6840_3-3018,"染色体微缺失检测试剂",6840-03-03018,__import__.medical_device_category_6840_3,,"用于检测人体样本中染色体缺失异常。临床上用于不孕不育病因分析及产前辅助诊断。",,"Ⅲ"
medical_device_category_6840_3-3019,"染色体微重复检测试剂",6840-03-03019,__import__.medical_device_category_6840_3,,"用于检测人体样本中染色体重复异常。临床上用于不孕不育病因分析及产前辅助诊断。",,"Ⅲ"
medical_device_category_6840_3-3020,"产前染色体异常检测试剂",6840-03-03020,__import__.medical_device_category_6840_3,,"用于检测人体样本中13号、18号、21号、X及Y等染色体的数目。临床上用于产前辅助诊断。",,"Ⅲ"
medical_device_category_6840_3-3021,"胎儿染色体非整倍体（T21、T18、T13）检测试剂",6840-03-03021,__import__.medical_device_category_6840_3,,"用于检测孕妇外周血血浆样本中的游离脱氧核糖核酸。临床上用于分析样本中胎儿游离DNA的21号、18号及13号染色体数目，对胎儿染色体非整倍体疾病21-三体综合征、18-三体综合征和13-三体综合征进行产前辅助判断。",,"Ⅲ"
medical_device_category_6840_4-4001,"C1 抑制剂检测试剂",6840-04-04001,__import__.medical_device_category_6840_4,,"用于检测人体样本中的 C1 抑制剂的含量。临床上用于遗传血管神经性水肿和一种罕见类型的淋巴瘤的并发血管性水肿的辅助诊断。",,"Ⅲ"
medical_device_category_6840_4-4002,"α-地中海贫血基因/蛋白检测试剂",6840-04-04002,__import__.medical_device_category_6840_4,,"用于检测人体样本中的α-地中海贫血基因/蛋白。临床上用于α-地中海贫血的辅助诊断或筛查。",,"Ⅲ"
medical_device_category_6840_4-4003,"β-地中海贫血基因/蛋白检测试剂",6840-04-04003,__import__.medical_device_category_6840_4,,"用于检测人体样本中的β-地中海贫血基因/蛋白。临床上用于β-地中海贫血的辅助诊断或筛查。",,"Ⅲ"
medical_device_category_6840_4-4004,"血红蛋白A2/F/A1c检测试剂",6840-04-04004,__import__.medical_device_category_6840_4,,"用于检测人体样本中HbA2、HbF和/或HbA1c的百分含量。临床上用于β-地中海贫血辅助诊断。",,"Ⅲ"
medical_device_category_6840_4-4005,"氨基酸、肉碱、琥珀酰丙酮、腺苷和溶血卵磷脂检测试剂",6840-04-04005,__import__.medical_device_category_6840_4,,"用于检测人体样本中的多种氨基酸、游离肉碱、酰基肉碱、琥珀酰丙酮、腺苷和溶血卵磷脂等物质的含量。临床上用于对新生儿遗传代谢病的筛查。",,"Ⅲ"
medical_device_category_6840_4-4006,"苯丙氨酸检测试剂",6840-04-04006,__import__.medical_device_category_6840_4,,"用于检测人体样本中苯丙氨酸的含量。临床上用于遗传性苯丙酮尿症的辅助诊断或筛查。",,"Ⅲ"
medical_device_category_6840_4-4007,"苯丙氨酸羟化酶基因突变检测试剂",6840-04-04007,__import__.medical_device_category_6840_4,,"用于检测人体样本中的苯丙氨酸羟化酶基因突变类型。临床上用于苯丙酮尿症的辅助诊断或筛查。",,"Ⅲ"
medical_device_category_6840_4-4008,"酪氨酸检测试剂",6840-04-04008,__import__.medical_device_category_6840_4,,"用于检测人体样本中酪氨酸（对羟基苯丙氨酸）的含量。临床上用于遗传性高酪氨酸血症和苯丙酮尿症的辅助诊断。",,"Ⅲ"
medical_device_category_6840_4-4009,"蛋白C检测试剂",6840-04-04009,__import__.medical_device_category_6840_4,,"用于检测人体样本中蛋白C（PC）的活性或含量。临床上用于遗传性缺乏和获得性缺乏蛋白C等疾病的辅助诊断。",,"Ⅲ"
medical_device_category_6840_4-4010,"蛋白S检测试剂",6840-04-04010,__import__.medical_device_category_6840_4,,"用于检测人体样本中蛋白S（PS）的活性或含量。临床上用于遗传性缺乏和获得性缺乏蛋白S等疾病的辅助诊断。",,"Ⅲ"
medical_device_category_6840_4-4011,"游离蛋白S检测试剂",6840-04-04011,__import__.medical_device_category_6840_4,,"用于检测人体样本中游离蛋白S（fPS）的含量。临床上用于遗传性PS缺陷或后天或获得性PS缺陷的辅助诊断。",,"Ⅲ"
medical_device_category_6840_4-4012,"活化蛋白C抵抗检测试剂",6840-04-04012,__import__.medical_device_category_6840_4,,"用于检测人体样本中由V因子Q506突变引起的活性蛋白C抵抗性。临床上用于家族性易栓症的辅助诊断。",,"Ⅲ"
medical_device_category_6840_4-4013,"半乳糖检测试剂",6840-04-04013,__import__.medical_device_category_6840_4,,"用于检测人体尿液样本中半乳糖的含量。临床上用于遗传性半乳糖血症的辅助诊断。",,"Ⅲ"
medical_device_category_6840_4-4014,"凝血因子Ⅷ检测试剂",6840-04-04014,__import__.medical_device_category_6840_4,,"用于检测人体样本中凝血因子Ⅷ活性或含量。临床上用于血友病A的辅助诊断和治疗监测，还可用于血管性假性血友病（VWD）、弥散性血管内凝血（DIC）、静脉血栓形成的辅助或鉴别诊断及治疗监测。",,"Ⅲ"
medical_device_category_6840_4-4015,"凝血因子Ⅸ检测试剂",6840-04-04015,__import__.medical_device_category_6840_4,,"用于检测人体样本中凝血因子Ⅸ的活性或含量。临床上用于血友病B的辅助诊断和治疗监测。",,"Ⅲ"
medical_device_category_6840_4-4016,"凝血因子ⅩⅢ检测试剂",6840-04-04016,__import__.medical_device_category_6840_4,,"用于检测人体样本中凝血因子ⅩⅢ抗原的含量。临床上用于遗传性或获得性凝血因子ⅩⅢ缺乏性出血疾病的辅助诊断。",,"Ⅲ"
medical_device_category_6840_4-4017,"葡萄糖-6-磷酸脱氢酶检测试剂",6840-04-04017,__import__.medical_device_category_6840_4,,"用于检测人体样本中葡萄糖-6-磷酸脱氢酶的含量。临床上用于遗传性红细胞葡萄糖-6-磷酸脱氢酶（G6PD）缺乏症的辅助诊断。",,"Ⅲ"
medical_device_category_6840_4-4018,"葡萄糖-6-磷酸脱氢酶基因突变检测试剂",6840-04-04018,__import__.medical_device_category_6840_4,,"用于检测人体样本中葡萄糖-6-磷酸脱氢酶基因突变位点。临床上用于遗传性红细胞葡萄糖-6-磷酸脱氢酶（G6PD）缺乏症的辅助诊断。",,"Ⅲ"
medical_device_category_6840_4-4019,"运动神经元存活基因1（SMN1）检测试剂",6840-04-04019,__import__.medical_device_category_6840_4,,"用于检测人体样本中运动神经元存活基因1（SMN1）第7外显子和/或第8外显子。临床上用于脊髓性肌萎缩症的辅助诊断。",,"Ⅲ"
medical_device_category_6840_4-4020,"铜蓝蛋白检测试剂",6840-04-04020,__import__.medical_device_category_6840_4,,"用于检测人体样本中铜蓝蛋白的含量，临床上用于肝豆状核变性（Wilson病）疾病的辅助诊断。",,"Ⅲ"
medical_device_category_6840_4-4021,"17α-羟孕酮检测试剂",6840-04-04021,__import__.medical_device_category_6840_4,,"用于检测人体样本中的17α-羟孕酮的含量。临床上用于新生儿遗传性肾上腺皮质增生症的辅助诊断。",,"Ⅲ"
medical_device_category_6840_4-4022,"血管性血友病因子检测试剂",6840-04-04022,__import__.medical_device_category_6840_4,,"用于检测人体样本中血管性血友病因子。临床上用于血管性血友病的辅助诊断和分型。",,"Ⅲ"
medical_device_category_6840_4-4023,"遗传性耳聋基因突变检测试剂",6840-04-04023,__import__.medical_device_category_6840_4,,"用于检测人体样本中与遗传性耳聋相关的突变位点。临床上用于遗传性耳聋的辅助诊断。",,"Ⅲ"
medical_device_category_6840_5-5001,"安非他明检测试剂",6840-05-05001,__import__.medical_device_category_6840_5,,"临床上用于检测人体样本中的安非他明。",,"Ⅲ"
medical_device_category_6840_5-5002,"甲基安非他明检测检剂",6840-05-05002,__import__.medical_device_category_6840_5,,"临床上用于检测人体样本中的甲基安非他明。",,"Ⅲ"
medical_device_category_6840_5-5003,"亚甲二氧基甲基安非他明检测试剂",6840-05-05003,__import__.medical_device_category_6840_5,,"临床上用于检测人体样本中的亚甲二氧基甲基安非他明（MDMA）。",,"Ⅲ"
medical_device_category_6840_5-5004,"苯巴比妥检测试剂",6840-05-05004,__import__.medical_device_category_6840_5,,"临床上用于检测人体样本中的苯巴比妥。",,"Ⅲ"
medical_device_category_6840_5-5005,"苯二氮卓检测试剂",6840-05-05005,__import__.medical_device_category_6840_5,,"临床上用于检测人体样本中的苯二氮卓。",,"Ⅲ"
medical_device_category_6840_5-5006,"苯环己哌啶检测试剂",6840-05-05006,__import__.medical_device_category_6840_5,,"临床上用于检测人体样本中的苯环己哌啶。",,"Ⅲ"
medical_device_category_6840_5-5007,"丁丙诺啡检测试剂",6840-05-05007,__import__.medical_device_category_6840_5,,"临床上用于检测人体样本中的丁丙诺啡。",,"Ⅲ"
medical_device_category_6840_5-5008,"氯胺酮检测试剂",6840-05-05008,__import__.medical_device_category_6840_5,,"临床上用于检测人体样本中的氯胺酮。",,"Ⅲ"
medical_device_category_6840_5-5009,"四氢大麻酚酸检测检剂",6840-05-05009,__import__.medical_device_category_6840_5,,"临床上用于检测人体样本中的四氢大麻酚酸。",,"Ⅲ"
medical_device_category_6840_5-5010,"可待因检测试剂",6840-05-05010,__import__.medical_device_category_6840_5,,"临床上用于检测人体样本中的可待因。",,"Ⅲ"
medical_device_category_6840_5-5011,"可卡因检测试剂",6840-05-05011,__import__.medical_device_category_6840_5,,"临床上用于检测人体样本中的可卡因。",,"Ⅲ"
medical_device_category_6840_5-5012,"吗啡检测试剂",6840-05-05012,__import__.medical_device_category_6840_5,,"临床上用于检测人体样本中的吗啡。",,"Ⅲ"
medical_device_category_6840_5-5013,"美沙酮检测试剂",6840-05-05013,__import__.medical_device_category_6840_5,,"临床上用于检测人体样本中的美沙酮。",,"Ⅲ"
medical_device_category_6840_5-5014,"A型肉毒毒素诊断血清",6840-05-05014,__import__.medical_device_category_6840_5,,"临床上用于检测人体样本中的A型肉毒毒素。",,"Ⅲ"
medical_device_category_6840_5-5015,"洋地黄毒苷检测试剂",6840-05-05015,__import__.medical_device_category_6840_5,,"临床上用于检测人体样本中的洋地黄毒苷。",,"Ⅲ"
medical_device_category_6840_6-6001,"ALK基因重排检测试剂",6840-06-06001,__import__.medical_device_category_6840_6,,"用于检测人体样本中的间变性淋巴瘤激酶（ALK）基因的缺失、断裂等重排情况。临床上用于非小细胞肺癌的用药指导。",,"Ⅲ"
medical_device_category_6840_6-6002,"ALK抗体试剂/检测试剂",6840-06-06002,__import__.medical_device_category_6840_6,,"用于检测人体样本中的间变性淋巴瘤激酶（ALK）。临床上用于非小细胞肺癌的用药指导。",,"Ⅲ"
medical_device_category_6840_6-6003,"BCR/ABL融合基因探针试剂/检测试剂",6840-06-06003,__import__.medical_device_category_6840_6,,"用于检测人体样本中的BCR/ABL融合基因。临床上用于白血病的辅助诊断和用药指导。",,"Ⅲ"
medical_device_category_6840_6-6004,"BRAF基因突变检测试剂",6840-06-06004,__import__.medical_device_category_6840_6,,"用于检测人体样本中的BRAF基因突变。临床上用于肠癌、肺癌、黑色素瘤等的辅助诊断，以及BRAF V600E突变患者的用药指导。",,"Ⅲ"
medical_device_category_6840_6-6005,"BRCA1基因和BRCA2基因突变检测试剂",6840-06-06005,__import__.medical_device_category_6840_6,,"用于检测人体样本中的BRCA1基因和BRCA2基因突变。临床上用于抗肿瘤药物的用药指导。",,"Ⅲ"
medical_device_category_6840_6-6006,"EGFR基因突变探针试剂/检测试剂",6840-06-06006,__import__.medical_device_category_6840_6,,"用于检测人体样本中的EGFR基因突变。临床上用于非小细胞肺癌等恶性肿瘤的用药指导。",,"Ⅲ"
medical_device_category_6840_6-6007,"EML4-ALK基因融合检测试剂",6840-06-06007,__import__.medical_device_category_6840_6,,"用于检测人体样本中的间变性淋巴瘤激酶（ALK）基因融合状态。临床上用于非小细胞肺癌的用药指导。",,"Ⅲ"
medical_device_category_6840_6-6008,"KRAS基因检测试剂",6840-06-06008,__import__.medical_device_category_6840_6,,"用于检测人体样本中的KRAS基因。临床上用于肺癌、结直肠癌的辅助诊断及用药指导，乳腺癌等的辅助诊断。",,"Ⅲ"
medical_device_category_6840_6-6009,"NRAS基因突变检测试剂",6840-06-06009,__import__.medical_device_category_6840_6,,"用于检测人组织样本中的NRAS基因突变。临床上用于肺癌、结直肠癌的辅助诊断及用药指导。",,"Ⅲ"
medical_device_category_6840_6-6010,"PD-L1抗体试剂/检测试剂",6840-06-06010,__import__.medical_device_category_6840_6,,"用于检测人体样本中的PD-L1蛋白。临床上用于抗肿瘤药物的用药指导。",,"Ⅲ"
medical_device_category_6840_6-6011,"PIK3CA基因突变检测试剂",6840-06-06011,__import__.medical_device_category_6840_6,,"用于检测人体样本中的PIK3CA基因突变。临床上用于非小细胞肺癌、结直肠癌和乳腺癌的辅助诊断，以及乳腺癌的用药指导。",,"Ⅲ"
medical_device_category_6840_6-6012,"RET基因融合检测试剂",6840-06-06012,__import__.medical_device_category_6840_6,,"用于检测人体样本中的RET融合基因。临床上用于非小细胞肺癌的用药指导。",,"Ⅲ"
medical_device_category_6840_6-6013,"ROS1基因融合检测试剂",6840-06-06013,__import__.medical_device_category_6840_6,,"用于检测人体样本中的ROS1融合基因。临床上用于非小细胞肺癌的用药指导。",,"Ⅲ"
medical_device_category_6840_6-6014,"雌激素受体抗体试剂/检测试剂",6840-06-06014,__import__.medical_device_category_6840_6,,"用于检测人体样本中雌激素受体（ER）的表达。临床上用于乳腺癌的用药指导。",,"Ⅲ"
medical_device_category_6840_6-6015,"人表皮生长因子受体2（HER2）基因检测试剂",6840-06-06015,__import__.medical_device_category_6840_6,,"用于检测人体样本中的人表皮生长因子受体2（HER2）基因。临床上用于乳腺癌、胃癌等的辅助诊断及用药指导。",,"Ⅲ"
medical_device_category_6840_6-6016,"人表皮生长因子受体2（HER2）抗体试剂/检测试剂",6840-06-06016,__import__.medical_device_category_6840_6,,"用于检测人体样本中的人表皮生长因子受体2（HER2）。临床上用于乳腺癌、胃癌等的辅助诊断及用药指导。",,"Ⅲ"
medical_device_category_6840_6-6017,"孕激素受体抗体试剂/检测试剂",6840-06-06017,__import__.medical_device_category_6840_6,,"用于检测人体样本中孕激素受体的表达。临床上用于乳腺癌的用药指导。",,"Ⅲ"
medical_device_category_6840_7-7001,"BCAT1基因甲基化检测试剂",6840-07-07001,__import__.medical_device_category_6840_7,,"用于检测人体样本中BCAT1基因的甲基化状态。临床上用于结直肠肿瘤的辅助诊断。",,"Ⅲ"
medical_device_category_6840_7-7002,"CD117检测试剂",6840-07-07002,__import__.medical_device_category_6840_7,,"用于检测人体样本中CD117的表达。临床上用于胃肠道间质瘤的辅助诊断及用药指导。",,"Ⅲ"
medical_device_category_6840_7-7003,"CD147检测试剂",6840-07-07003,__import__.medical_device_category_6840_7,,"用于检测人体样本中CD147的表达。临床上用于对恶性肿瘤患者进行动态监测。",,"Ⅲ"
medical_device_category_6840_7-7004,"CD19检测试剂",6840-07-07004,__import__.medical_device_category_6840_7,,"用于检测人体样本中CD19的表达。临床上用于白血病和淋巴瘤分析。",,"Ⅲ"
medical_device_category_6840_7-7005,"CD20抗体试剂/检测试剂",6840-07-07005,__import__.medical_device_category_6840_7,,"用于检测人体样本中CD20的表达。临床上用于白血病和淋巴瘤分析及淋巴细胞来源肿瘤的用药指导。",,"Ⅲ"
medical_device_category_6840_7-7006,"CD22检测试剂",6840-07-07006,__import__.medical_device_category_6840_7,,"用于检测人体样本中CD22的表达。临床上用于白血病和淋巴瘤分析。",,"Ⅲ"
medical_device_category_6840_7-7007,"淋巴细胞亚群检测试剂",6840-07-07007,__import__.medical_device_category_6840_7,,"用于检测人体样本中成熟淋巴细胞亚群的比例：T淋巴细胞（CD3+），B淋巴细胞（CD19+），辅助/诱导T淋巴细胞（CD3+CD4+），抑制/细胞毒T淋巴细胞（CD3+CD8+），自然杀伤细胞（NK）（CD3-CD16+和/或CD56+）等。临床上用于淋巴细胞亚群检测，免疫缺陷疾病，自身免疫性疾病，肿瘤和病毒感染细胞的细胞毒作用的辅助诊断。",,"Ⅲ"
medical_device_category_6840_7-7008,"CD3/CD16/CD56/CD19/CD45检测试剂",6840-07-07008,__import__.medical_device_category_6840_7,,"用于检测人体样本中CD3、CD16、CD56、CD19、CD45的表达。临床上用于白血病和淋巴瘤分析、淋巴亚群分析。",,"Ⅲ"
medical_device_category_6840_7-7009,"CD3/CD16/CD56检测试剂",6840-07-07009,__import__.medical_device_category_6840_7,,"用于检测人体样本中CD3、CD16、CD56的表达。临床上用于白血病和淋巴瘤分析。",,"Ⅲ"
medical_device_category_6840_7-7010,"CD3/CD4/CD45检测试剂",6840-07-07010,__import__.medical_device_category_6840_7,,"用于检测人体样本中CD3、CD4、CD45的表达。临床上用于白血病和淋巴瘤分析、淋巴亚群分析。",,"Ⅲ"
medical_device_category_6840_7-7011,"CD3/CD4/CD8/CD16/CD56/CD19/CD45检测试剂",6840-07-07011,__import__.medical_device_category_6840_7,,"用于检测人体样本中CD3/CD4/CD8/CD16/CD56/CD19/CD45的表达。临床上用于白血病和淋巴瘤分析、淋巴亚群分析。",,"Ⅲ"
medical_device_category_6840_7-7012,"CD3/CD4/CD8/CD45检测试剂",6840-07-07012,__import__.medical_device_category_6840_7,,"用于检测人体样本中CD3、CD4、CD8、CD45的表达。临床上用于白血病和淋巴瘤分析、淋巴亚群分析。",,"Ⅲ"
medical_device_category_6840_7-7013,"CD3/CD4/CD8检测试剂",6840-07-07013,__import__.medical_device_category_6840_7,,"用于检测人体样本中CD3、CD4、CD8的表达。临床上用于白血病和淋巴瘤分析、淋巴亚群分析。",,"Ⅲ"
medical_device_category_6840_7-7014,"CD3/CD8/CD45检测试剂",6840-07-07014,__import__.medical_device_category_6840_7,,"用于检测人体样本中CD3、CD8、CD45的表达。临床上用于白血病和淋巴瘤分析、淋巴亚群分析。",,"Ⅲ"
medical_device_category_6840_7-7015,"CD34检测试剂",6840-07-07015,__import__.medical_device_category_6840_7,,"用于检测人体样本中CD34的表达。临床上用于造血干细胞检测和白血病分型。",,"Ⅲ"
medical_device_category_6840_7-7016,"CD4/CD45RA检测试剂",6840-07-07016,__import__.medical_device_category_6840_7,,"用于检测人体样本中CD4、CD45RA的表达。临床上用于白血病和淋巴瘤分析、淋巴亚群分析。",,"Ⅲ"
medical_device_category_6840_7-7017,"CD64检测试剂",6840-07-07017,__import__.medical_device_category_6840_7,,"用于检测人体骨髓细胞中CD64的表达。临床上用于白血病分析。",,"Ⅲ"
medical_device_category_6840_7-7018,"IDH1基因突变检测试剂",6840-07-07018,__import__.medical_device_category_6840_7,,"用于检测人体胶质瘤组织样本中的IDH1（异柠檬酸脱氢酶1）基因突变。临床上用于胶质瘤的辅助诊断。",,"Ⅲ"
medical_device_category_6840_7-7019,"JAK2-V617F基因突变检测试剂",6840-07-07019,__import__.medical_device_category_6840_7,,"用于检测人体样本中的基因组DNA中JAK2-V617F基因突变。临床上用于骨髓增生性疾病（MPD）恶性肿瘤诊断。",,"Ⅲ"
medical_device_category_6840_7-7020,"MGMT基因甲基化检测试剂",6840-07-07020,__import__.medical_device_category_6840_7,,"用于检测人体胶质瘤样本中MGMT（O6-甲基鸟嘌呤-DNA-甲基转移酶）基因的甲基化状态。临床上用于脑胶质瘤的辅助诊断。",,"Ⅲ"
medical_device_category_6840_7-7021,"p53抗体试剂",6840-07-07021,__import__.medical_device_category_6840_7,,"用于检测人体样本中p53蛋白。临床上用于肺癌的辅助诊断。",,"Ⅲ"
medical_device_category_6840_7-7022,"RNF180基因甲基化检测试剂",6840-07-07022,__import__.medical_device_category_6840_7,,"用于检测人体样本中RNF180基因的甲基化状态。临床上用于胃癌的辅助诊断。",,"Ⅲ"
medical_device_category_6840_7-7023,"SDC2基因甲基化检测试剂",6840-07-07023,__import__.medical_device_category_6840_7,,"用于检测人体样本中的SDC2基因的甲基化状态。临床上用于结直肠癌的辅助诊断。",,"Ⅲ"
medical_device_category_6840_7-7024,"SEPTIN9基因甲基化检测试剂",6840-07-07024,__import__.medical_device_category_6840_7,,"用于检测人体样本中SEPTIN9基因甲基化状态。临床上用于结直肠癌的辅助诊断。",,"Ⅲ"
medical_device_category_6840_7-7025,"SFRP2基因甲基化检测试剂",6840-07-07025,__import__.medical_device_category_6840_7,,"用于检测人体样本中SFRP2基因的甲基化状态。临床上用于结直肠癌的辅助诊断。",,"Ⅲ"
medical_device_category_6840_7-7026,"TFPI2基因甲基化检测试剂",6840-07-07026,__import__.medical_device_category_6840_7,,"用于检测人体样本中TFPI2基因的甲基化状态。临床上用于结直肠癌的辅助诊断。",,"Ⅲ"
medical_device_category_6840_7-7027,"SHOX2、RASSF1A基因甲基化检测试剂",6840-07-07027,__import__.medical_device_category_6840_7,,"用于检测人体肺泡灌洗液样本中的人SHOX2基因和人RASSF1A基因甲基化状态。临床上用于肺癌的辅助诊断。",,"Ⅲ"
medical_device_category_6840_7-7028,"SHOX2/RASSF1A/PTGER4基因甲基化检测试剂",6840-07-07028,__import__.medical_device_category_6840_7,,"用于检测人体样本中SHOX2、RASSF1A、PTGER4基因的甲基化状态。临床上用于肺癌的辅助诊断。",,"Ⅲ"
medical_device_category_6840_7-7029,"SOX2抗体检测试剂",6840-07-07029,__import__.medical_device_category_6840_7,,"用于检测人体样本中SOX2抗体。临床上用于肺癌的辅助诊断。",,"Ⅲ"
medical_device_category_6840_7-7030,"TERT基因突变检测试剂",6840-07-07030,__import__.medical_device_category_6840_7,,"用于检测人体样本中的TERT基因启动子区 C228T和C250T 的突变状态。临床上用于胶质瘤的辅助诊断。",,"Ⅲ"
medical_device_category_6840_7-7031,"DNA拓扑异构酶Ⅱα（TOP2A）基因检测试剂",6840-07-07031,__import__.medical_device_category_6840_7,,"用于检测人体样本中的DNA拓扑异构酶Ⅱα（TOP2A）基因。临床上用于乳腺癌的辅助诊断。",,"Ⅲ"
medical_device_category_6840_7-7032,"肾母细胞瘤-1基因（WT1）mRNA 检测试剂",6840-07-07032,__import__.medical_device_category_6840_7,,"用于检测人体样本中的肾母细胞瘤-1基因（WT1）mRNA的表达水平。临床上用于白血病辅助诊断。",,"Ⅲ"
medical_device_category_6840_7-7033,"人绒毛膜促性腺激素（HCG）检测试剂",6840-07-07033,__import__.medical_device_category_6840_7,,"用于检测人体样本中的人绒毛膜促性腺激素（HCG）。临床上用于绒毛膜癌等的辅助诊断及治疗监测。",,"Ⅲ"
medical_device_category_6840_7-7034,"β-人绒毛膜促性腺激素（β-HCG）检测试剂",6840-07-07034,__import__.medical_device_category_6840_7,,"用于检测人体样本中的β-人绒毛膜促性腺激素（β-HCG）。临床上用于绒毛膜癌等的辅助诊断及治疗监测。",,"Ⅲ"
medical_device_category_6840_7-7035,"白血病相关融合基因检测试剂",6840-07-07035,__import__.medical_device_category_6840_7,,"用于检测人体样本中白血病相关融合基因的检测，如BCR/ABL、PML/RARA及AML1/ETO等。临床上用于白血病的辅助诊断、分子分型或预后判定。",,"Ⅲ"
medical_device_category_6840_7-7036,"半胱氨酸蛋白酶抑制剂S（CST4）检测试剂",6840-07-07036,__import__.medical_device_category_6840_7,,"用于检测人体样本中半胱氨酸蛋白酶抑制剂S（CST4）的含量。临床上用于对胃肠肿瘤手术患者进行动态监测以辅助判断疾病治疗效果。",,"Ⅲ"
medical_device_category_6840_7-7037,"端粒酶逆转录酶亚基（hTERT）mRNA检测试剂",6840-07-07037,__import__.medical_device_category_6840_7,,"用于检测人体样本中的端粒酶逆转录酶亚基（hTERT）mRNA。临床上用于肺癌的辅助诊断。",,"Ⅲ"
medical_device_category_6840_7-7038,"高尔基体蛋白73（GP73）检测试剂",6840-07-07038,__import__.medical_device_category_6840_7,,"用于检测人体样本中高尔基体蛋白73（GP73）的含量。临床上用于对恶性肿瘤患者进行动态监测以辅助判断疾病进程或治疗效果。",,"Ⅲ"
medical_device_category_6840_7-7039,"甲胎蛋白（AFP）检测试剂",6840-07-07039,__import__.medical_device_category_6840_7,,"用于检测人体样本中的甲胎蛋白（AFP）。临床上用于原发性肝癌的辅助诊断及治疗监测。",,"Ⅲ"
medical_device_category_6840_7-7040,"甲胎蛋白异质体（AFP-L3）比率检测试剂",6840-07-07040,__import__.medical_device_category_6840_7,,"用于检测人体样本中甲胎蛋白异质体（AFP-L3）占总甲胎蛋白（AFP）的比率（AFP-L3 %）。临床上用于对恶性肿瘤患者进行动态监测。",,"Ⅲ"
medical_device_category_6840_7-7041,"硫氧还蛋白还原酶（TR）检测试剂",6840-07-07041,__import__.medical_device_category_6840_7,,"用于检测人体样本中硫氧还蛋白还原酶（TR）活性。临床上用于对肺癌患者进行动态监测以辅助判断疾病进程及治疗效果。",,"Ⅲ"
medical_device_category_6840_7-7042,"免疫球蛋白基因重排检测试剂",6840-07-07042,__import__.medical_device_category_6840_7,,"用于检测人体组织（FFPE）切片样本中克隆性免疫球蛋白基因重排状态。临床上用于B细胞非霍奇金淋巴瘤的辅助诊断",,"Ⅲ"
medical_device_category_6840_7-7043,"核基质蛋白22检测试剂",6840-07-07043,__import__.medical_device_category_6840_7,,"用于检测人体尿液样本中的核基质蛋白22。临床上用于膀胱癌的辅助诊断。",,"Ⅲ"
medical_device_category_6840_7-7044,"游离巯基检测试剂",6840-07-07044,__import__.medical_device_category_6840_7,,"用于检测人体尿液样本中的游离巯基含量。临床上用于对宫颈上皮细胞不典型增生的辅助诊断。",,"Ⅲ"
medical_device_category_6840_7-7045,"前列腺特异抗原同源异构体检测试剂",6840-07-07045,__import__.medical_device_category_6840_7,,"用于检测人体样本中的前列腺特异抗原同源异构体抗原浓度。临床上用于前列腺癌的辅助诊断及鉴别诊断等。",,"Ⅲ"
medical_device_category_6840_7-7046,"游离前列腺特异抗原（fPSA）检测试剂",6840-07-07046,__import__.medical_device_category_6840_7,,"用于检测人体样本中的游离前列腺特异抗原（fPSA）。临床上用于前列腺癌的辅助诊断及治疗监测。",,"Ⅲ"
medical_device_category_6840_7-7047,"结合前列腺特异抗原（cPSA）检测试剂",6840-07-07047,__import__.medical_device_category_6840_7,,"用于检测人体样本中的结合前列腺特异抗原（cPSA）。临床上用于前列腺癌的辅助诊断及治疗监测。",,"Ⅲ"
medical_device_category_6840_7-7048,"总前列腺特异抗原（tPSA）检测试剂",6840-07-07048,__import__.medical_device_category_6840_7,,"用于检测人体样本中的总前列腺特异抗原（tPSA）。临床上用于前列腺癌的辅助诊断及治疗监测。",,"Ⅲ"
medical_device_category_6840_7-7049,"醛酮还原酶1B10检测试剂",6840-07-07049,__import__.medical_device_category_6840_7,,"用于检测人体样本中醛酮还原酶1B10的含量。临床上用于对确诊且术前醛酮还原酶1B10阳性的原发性肝细胞肝癌手术患者进行动态监测以辅助判断疾病进程或手术治疗效果。",,"Ⅲ"
medical_device_category_6840_7-7050,"热休克蛋白90α检测试剂",6840-07-07050,__import__.medical_device_category_6840_7,,"用于检测人体样本中的热休克蛋白90α含量。临床上用于对肺癌、肝癌患者进行病情监测和疗效评价以辅助判断疾病进程或治疗效果。",,"Ⅲ"
medical_device_category_6840_7-7051,"TWIST1基因甲基化检测试剂",6840-07-07051,__import__.medical_device_category_6840_7,,"用于检测人体样本中TWIST1基因的甲基化状态。临床上用于膀胱癌的辅助诊断。",,"Ⅲ"
medical_device_category_6840_7-7052,"生长激素检测试剂",6840-07-07052,__import__.medical_device_category_6840_7,,"用于检测人体样本中生长激素的含量。临床上用于对恶性肿瘤患者进行动态监测以辅助判断疾病进程或治疗效果。",,"Ⅲ"
medical_device_category_6840_7-7053,"脱落细胞染色体及基因检测试剂",6840-07-07053,__import__.medical_device_category_6840_7,,"用于检测人体尿液样本中脱落细胞的染色体的数目及基因位点的数目。临床上用于膀胱癌的辅助诊断和监测。",,"Ⅲ"
medical_device_category_6840_7-7054,"唾液酸/羟脯氨酸联合检测试剂",6840-07-07054,__import__.medical_device_category_6840_7,,"用于检测人体样本中的唾液酸和羟脯氨酸。临床上用于对恶性肿瘤患者进行动态监测以辅助判断疾病进程或治疗效果。",,"Ⅲ"
medical_device_category_6840_7-7055,"子宫颈细胞TERC位点检测试剂",6840-07-07055,__import__.medical_device_category_6840_7,,"用于检测人体子宫颈细胞中的TERC位点。临床上用于宫颈癌前病变的病理分级的辅助诊断。",,"Ⅲ"
medical_device_category_6840_7-7056,"微卫星不稳定性（MSI）检测试剂",6840-07-07056,__import__.medical_device_category_6840_7,,"用于检测人体样本中微卫星位点的不稳定状态，临床上用于结直肠癌（CRC）的分型、辅助诊断和实体瘤用药指导。",,"Ⅲ"
medical_device_category_6840_7-7057,"微小核糖核酸（microRNA）检测试剂",6840-07-07057,__import__.medical_device_category_6840_7,,"用于检测人体样本中的7种微小核糖核酸（miR-21, miR-26a, miR-27a, miR-122, miR-192, miR-223, miR-801）。临床上用于对肝细胞肝癌患者进行动态监测以辅助判断疾病进程或治疗效果。",,"Ⅲ"
medical_device_category_6840_7-7058,"微小核糖核酸（microRNA-25）检测试剂",6840-07-07058,__import__.medical_device_category_6840_7,,"用于检测人体样本中的微小核糖核酸（miR-25）。临床上用于胰腺癌的辅助诊断。",,"Ⅲ"
medical_device_category_6840_7-7059,"微小核糖核酸（microRNA-92a）检测试剂",6840-07-07059,__import__.medical_device_category_6840_7,,"用于检测人体样本中的微小核糖核酸（miR-92a）。临床上用于高危且拒绝进行肠镜检测者的大肠癌临床辅助诊断。",,"Ⅲ"
medical_device_category_6840_7-7060,"纤维蛋白原降解产物DR-70检测试剂",6840-07-07060,__import__.medical_device_category_6840_7,,"用于检测人体样本中的纤维蛋白原降解产物DR-70的含量。临床上用于对癌症患者进行动态监测以辅助判断疾病进程或治疗效果。",,"Ⅲ"
medical_device_category_6840_7-7061,"循环肿瘤细胞检测试剂",6840-07-07061,__import__.medical_device_category_6840_7,,"用于检测人体样本中的循环肿瘤细胞。临床上用于对恶性肿瘤的辅助诊断。",,"Ⅲ"
medical_device_category_6840_7-7062,"叶酸受体细胞检测试剂",6840-07-07062,__import__.medical_device_category_6840_7,,"用于检测人体样本中叶酸受体细胞。临床上用于肺癌的辅助诊断。",,"Ⅲ"
medical_device_category_6840_7-7063,"异常凝血酶原（PIVKA-Ⅱ）检测试剂",6840-07-07063,__import__.medical_device_category_6840_7,,"用于检测人体样本中的异常凝血酶原（PIVKA-Ⅱ）。临床上用于对肝癌患者的辅助诊断，以及动态监测以辅助判断疾病进程或治疗效果。",,"Ⅲ"
medical_device_category_6840_7-7064,"异常糖链糖蛋白（TAP）检测试剂",6840-07-07064,__import__.medical_device_category_6840_7,,"用于检测人体样本中的异常糖链糖蛋白（TAP）。临床上用于对肿瘤患者进行动态监测以辅助判断疾病进程或治疗效果。",,"Ⅲ"
medical_device_category_6840_7-7065,"肿瘤坏死因子α（TNF-α）检测试剂",6840-07-07065,__import__.medical_device_category_6840_7,,"用于检测人体样本中的肿瘤坏死因子α（TNF-α）含量。临床上用于对恶性肿瘤患者进行动态监测，以辅助判断疾病进程或者治疗效果。",,"Ⅲ"
medical_device_category_6840_7-7066,"AML1/ETO基因断裂探针试剂/检测试剂",6840-07-07066,__import__.medical_device_category_6840_7,,"用于检测人体骨髓样本中的AML1/ETO融合基因。临床上用于白血病的辅助诊断以及初治患者的分子分型和预后判定。",,"Ⅲ"
medical_device_category_6840_8-8001,"Ⅲ型胶原蛋白检测试剂",6840-08-08001,__import__.medical_device_category_6840_8,,"用于检测人体样本中的Ⅲ型胶原蛋白含量。临床上用于肝纤维化的辅助诊断。",,"Ⅱ"
medical_device_category_6840_8-8002,"Ⅲ型前胶原N端肽（PⅢ-NP）检测试剂",6840-08-08002,__import__.medical_device_category_6840_8,,"用于检测人体样本中的Ⅲ型前胶原N端肽（PⅢ-NP）含量。临床上用于肝纤维化的辅助诊断。",,"Ⅱ"
medical_device_category_6840_8-8003,"Ⅲ型前胶原（PCⅢ）检测试剂",6840-08-08003,__import__.medical_device_category_6840_8,,"用于检测人体样本中的Ⅲ型前胶原（PCⅢ）含量。临床上用于肝纤维化的辅助诊断。",,"Ⅱ"
medical_device_category_6840_8-8004,"Ⅳ型胶原蛋白检测试剂",6840-08-08004,__import__.medical_device_category_6840_8,,"用于检测人体样本中的Ⅳ型胶原蛋白含量。临床上用于肝纤维化的辅助诊断。",,"Ⅱ"
medical_device_category_6840_8-8005,"C反应蛋白检测试剂",6840-08-08005,__import__.medical_device_category_6840_8,,"用于检测人体样本中的C反应蛋白含量。临床上用于非特异性炎症的辅助诊断。",,"Ⅱ"
medical_device_category_6840_8-8006,"高敏C反应蛋白检测试剂",6840-08-08006,__import__.medical_device_category_6840_8,,"用于检测人体样本中的C反应蛋白含量。临床上用于评价心血管疾病风险。",,"Ⅱ"
medical_device_category_6840_8-8007,"全量程C反应蛋白检测试剂",6840-08-08007,__import__.medical_device_category_6840_8,,"用于检测人体样本中的C反应蛋白含量。临床上用于非特异性炎症和心血管疾病的辅助诊断。",,"Ⅱ"
medical_device_category_6840_8-8008,"Ⅰ型胶原氨基端延长肽（Total-P1NP）检测试剂",6840-08-08008,__import__.medical_device_category_6840_8,,"用于检测人体样本中的Ⅰ型胶原氨基端延长肽（Total-P1NP）含量。临床上用于骨质疏松症的辅助诊断。",,"Ⅱ"
medical_device_category_6840_8-8009,"Ⅰ型胶原羧基端肽检测试剂",6840-08-08009,__import__.medical_device_category_6840_8,,"用于检测人体样本中的Ⅰ型胶原羧基端肽含量。临床上用于骨质疏松症的辅助诊断。",,"Ⅱ"
medical_device_category_6840_8-8010,"S100-β蛋白检测试剂",6840-08-08010,__import__.medical_device_category_6840_8,,"用于检测人体样本中的中枢神经特异蛋白（S100-β蛋白）含量。临床上用于脑损伤、脑血管疾病辅助诊断。",,"Ⅱ"
medical_device_category_6840_8-8011,"S100蛋白检测试剂",6840-08-08011,__import__.medical_device_category_6840_8,,"用于检测人体样本中的中枢神经特异蛋白（S100）蛋白含量。临床上用于脑损伤、脑血管疾病辅助诊断以及中枢神经系统肿瘤的治疗监测。",,"Ⅱ"
medical_device_category_6840_8-8012,"α1-酸性糖蛋白检测试剂",6840-08-08012,__import__.medical_device_category_6840_8,,"用于检测人体样本中的α1-酸性糖蛋白含量。临床上主要作为非特异性炎症指标以及用于肾功能的评价。",,"Ⅱ"
medical_device_category_6840_8-8013,"α1-微球蛋白检测试剂",6840-08-08013,__import__.medical_device_category_6840_8,,"用于检测人体样本中的α1-微球蛋白含量。临床上用于肾小管损伤的辅助诊断。",,"Ⅱ"
medical_device_category_6840_8-8014,"α2-巨球蛋白检测试剂",6840-08-08014,__import__.medical_device_category_6840_8,,"用于检测人体样本中的α2-巨球蛋白含量。临床上用于肝、肾疾病的辅助诊断。",,"Ⅱ"
medical_device_category_6840_8-8015,"β2-微球蛋白检测试剂",6840-08-08015,__import__.medical_device_category_6840_8,,"用于检测人体样本中的β2-微球蛋白含量。临床上用于辅助诊断肾脏疾病，以及肿瘤、多发性骨髓瘤的治疗监测。",,"Ⅱ"
medical_device_category_6840_8-8016,"β淀粉样蛋白1-40（Aβ1-40）检测试剂",6840-08-08016,__import__.medical_device_category_6840_8,,"用于检测人体样本中的β淀粉样蛋白 1-40（Aβ1-40）。临床上用于阿兹海默症的辅助诊断。",,"Ⅱ"
medical_device_category_6840_8-8017,"β淀粉样蛋白1-42（Aβ1-42）检测试剂",6840-08-08017,__import__.medical_device_category_6840_8,,"用于检测人体样本中的β淀粉样蛋白 1-42（Aβ1-42）含量。临床上用于阿兹海默症的辅助诊断。",,"Ⅱ"
medical_device_category_6840_8-8018,"β淀粉样蛋白检测试剂",6840-08-08018,__import__.medical_device_category_6840_8,,"用于检测人体尿液样本中的β淀粉样蛋白含量。临床上用于阿兹海默症的辅助诊断。",,"Ⅱ"
medical_device_category_6840_8-8019,"β-胶原特殊序列检测试剂",6840-08-08019,__import__.medical_device_category_6840_8,,"用于检测人体样本中β-胶原特殊序列（β-CTx）含量。临床上用于骨质疏松的辅助诊断。",,"Ⅱ"
medical_device_category_6840_8-8020,"κ轻链（Kappa轻链）检测试剂",6840-08-08020,__import__.medical_device_category_6840_8,,"用于检测人体样本中的κ轻链（Kappa轻链）。临床上用于自身免疫疾病、感染、肝病、肾病等的辅助诊断，以及多发性骨髓瘤的治疗监测。",,"Ⅱ"
medical_device_category_6840_8-8021,"λ轻链（Lambda轻链）检测试剂",6840-08-08021,__import__.medical_device_category_6840_8,,"用于检测人体样本中的λ轻链（Lambda轻链）。临床上用于自身免疫疾病、感染、肝病、肾病等的辅助诊断，以及多发性骨髓瘤的治疗监测。",,"Ⅱ"
medical_device_category_6840_8-8022,"游离κ轻链（游离Kappa轻链）检测试剂",6840-08-08022,__import__.medical_device_category_6840_8,,"用于检测人体样本中的游离κ轻链（游离Kappa轻链）。临床上用于自身免疫疾病、感染、肝病、肾病等的辅助诊断，以及多发性骨髓瘤的治疗监测。",,"Ⅱ"
medical_device_category_6840_8-8023,"游离λ轻链（游离Lambda轻链）检测试剂",6840-08-08023,__import__.medical_device_category_6840_8,,"用于检测人体样本中的游离λ轻链（游离Lambda轻链）。临床上用于自身免疫疾病、感染、肝病、肾病等的辅助诊断，以及多发性骨髓瘤的治疗监测。",,"Ⅱ"
medical_device_category_6840_8-8024,"阿尔茨海默相关神经丝蛋白（AD7C-NTP）检测试剂",6840-08-08024,__import__.medical_device_category_6840_8,,"用于检测人体尿液样本中的阿尔茨海默相关神经丝蛋白（AD7C-NTP）。临床上用于阿尔茨海默症的辅助诊断。",,"Ⅱ"
medical_device_category_6840_8-8025,"癌抗原125检测试剂",6840-08-08025,__import__.medical_device_category_6840_8,,"用于检测人体样本中的癌抗原125（糖类抗原125，CA125）含量。临床上用于卵巢癌等疾病的治疗监测。",,"Ⅱ"
medical_device_category_6840_8-8026,"癌抗原15-3检测试剂",6840-08-08026,__import__.medical_device_category_6840_8,,"用于检测人体样本中的癌抗原15-3（糖类抗原15-3，CA15-3）含量。临床上用于乳腺癌的治疗监测。",,"Ⅱ"
medical_device_category_6840_8-8027,"癌抗原72-4检测试剂",6840-08-08027,__import__.medical_device_category_6840_8,,"用于检测人体样本中的癌抗原72-4（糖类抗原72-4，CA72-4）含量。临床上用于胃肠系统等恶性肿瘤的治疗监测。",,"Ⅱ"
medical_device_category_6840_8-8028,"癌胚抗原（CEA）检测试剂",6840-08-08028,__import__.medical_device_category_6840_8,,"用于检测人体样本中的癌胚抗原（CEA）含量。临床上用于恶性肿瘤疗效观察、预后判断及复发监测。",,"Ⅱ"
medical_device_category_6840_8-8029,"层粘连蛋白检测试剂",6840-08-08029,__import__.medical_device_category_6840_8,,"用于检测人体样本中的层粘连蛋白（层粘蛋白）含量。临床上用于肝纤维化的辅助诊断、监测和预后。",,"Ⅱ"
medical_device_category_6840_8-8030,"触珠蛋白检测试剂",6840-08-08030,__import__.medical_device_category_6840_8,,"用于检测人体样本中的触珠蛋白（结合珠蛋白）含量。临床上用于血管内溶血性疾病的辅助诊断。",,"Ⅱ"
medical_device_category_6840_8-8031,"钙卫蛋白检测试剂",6840-08-08031,__import__.medical_device_category_6840_8,,"用于检测人体粪便中的钙卫蛋白含量。临床上用于肠道炎症性疾病的辅助诊断。",,"Ⅱ"
medical_device_category_6840_8-8032,"肝素结合蛋白（HBP）检测试剂",6840-08-08032,__import__.medical_device_category_6840_8,,"用于检测人体样本中的肝素结合蛋白（HBP）。临床上可作为炎症的辅助指标。",,"Ⅱ"
medical_device_category_6840_8-8033,"高尔基体蛋白73（GP73）检测试剂",6840-08-08033,__import__.medical_device_category_6840_8,,"用于检测人体样本中的高尔基体蛋白73（GP73）。临床上用于肝硬化的辅助诊断。不用于肿瘤的辅助诊断。",,"Ⅱ"
medical_device_category_6840_8-8034,"高敏肌钙蛋白I检测试剂",6840-08-08034,__import__.medical_device_category_6840_8,,"用于检测人体样本中的肌钙蛋白I含量。临床上用于心肌梗死的辅助诊断和急性冠状动脉综合症患者的危险分层、治疗监测以及预后评估。",,"Ⅱ"
medical_device_category_6840_8-8035,"高敏肌钙蛋白T检测试剂",6840-08-08035,__import__.medical_device_category_6840_8,,"用于检测人体样本中的肌钙蛋白T含量。临床上用于心肌梗死的辅助诊断和急性冠状动脉综合症患者的危险分层治疗监测以及预后评估。",,"Ⅱ"
medical_device_category_6840_8-8036,"心肌肌钙蛋白I检测试剂",6840-08-08036,__import__.medical_device_category_6840_8,,"用于检测人体样本中的肌钙蛋白I含量。临床上用于心肌梗死的辅助诊断。",,"Ⅱ"
medical_device_category_6840_8-8037,"心肌肌钙蛋白T检测试剂",6840-08-08037,__import__.medical_device_category_6840_8,,"用于检测人体样本中的肌钙蛋白T含量。临床上用于心肌梗死的辅助诊断。",,"Ⅱ"
medical_device_category_6840_8-8038,"N端中段骨钙素检测试剂",6840-08-08038,__import__.medical_device_category_6840_8,,"用于检测人体样本中的N端中段骨钙素检测试剂（N-MID Osteocalcin）含量。临床上用于各种骨质疏松及骨损伤后骨质合成早期的评价。",,"Ⅱ"
medical_device_category_6840_8-8039,"骨钙素检测试剂",6840-08-08039,__import__.medical_device_category_6840_8,,"用于检测人体样本中的骨钙素含量。临床上用于各种骨质疏松及骨损伤后骨质合成早期的评价。",,"Ⅱ"
medical_device_category_6840_8-8040,"胱抑素C检测试剂",6840-08-08040,__import__.medical_device_category_6840_8,,"用于检测人体样本中的胱抑素C含量。临床上主要作为反映肾小球滤过率的指标之一，以及用于糖尿病肾病、高血压肾病以及其他肾小球早期损伤的辅助诊断。",,"Ⅱ"
medical_device_category_6840_8-8041,"肌红蛋白检测试剂",6840-08-08041,__import__.medical_device_category_6840_8,,"用于检测人体样本中的肌红蛋白含量。临床上用于心肌梗死的辅助诊断。",,"Ⅱ"
medical_device_category_6840_8-8042,"激肽51检测试剂",6840-08-08042,__import__.medical_device_category_6840_8,,"用于检测人体样本中的激肽51含量。临床上用于肝硬化的辅助诊断。",,"Ⅱ"
medical_device_category_6840_8-8043,"降钙素（CT）检测试剂",6840-08-08043,__import__.medical_device_category_6840_8,,"用于检测人体样本中的降钙素（CT）含量。临床上用于甲状腺髓样癌、小细胞肺癌的治疗监测以及甲状旁腺功能的评价。",,"Ⅱ"
medical_device_category_6840_8-8044,"降钙素原（PCT）检测试剂",6840-08-08044,__import__.medical_device_category_6840_8,,"用于检测人体样本中的降钙素原（PCT）含量。临床上用于细菌感染性疾病和脓毒症及败血症的辅助诊断。",,"Ⅱ"
medical_device_category_6840_8-8045,"胶质纤维酸性蛋白（GFAP）检测试剂",6840-08-08045,__import__.medical_device_category_6840_8,,"用于检测人体样本中的胶质纤维酸性蛋白（GFAP）。临床上用于中枢神经系统疾病的辅助诊断。",,"Ⅱ"
medical_device_category_6840_8-8046,"精子SP10蛋白检测试剂",6840-08-08046,__import__.medical_device_category_6840_8,,"用于检测人体精液中的精子SP10蛋白。临床上用于男性不育的辅助诊断。",,"Ⅱ"
medical_device_category_6840_8-8047,"抗链球菌溶血素“O”（ASO）检测试剂",6840-08-08047,__import__.medical_device_category_6840_8,,"用于检测人体样本中的抗链球菌溶血素“O”（ASO）含量。临床上用于由链球菌引起的疾病的辅助诊断。",,"Ⅱ"
medical_device_category_6840_8-8048,"壳多糖酶3样蛋白1检测试剂",6840-08-08048,__import__.medical_device_category_6840_8,,"用于检测人体样本中的壳多糖酶3样蛋白1。临床上用于肝硬化的辅助诊断。",,"Ⅱ"
medical_device_category_6840_8-8049,"可溶性细胞间粘附分子-1（sICAM-1）检测试剂",6840-08-08049,__import__.medical_device_category_6840_8,,"用于检测人体阴道分泌物样本中的可溶性细胞间粘附分子-1（sICAM-1）。临床上用于胎膜早破的辅助诊断。",,"Ⅱ"
medical_device_category_6840_8-8050,"可溶性转铁蛋白受体（sTfR）检测试剂",6840-08-08050,__import__.medical_device_category_6840_8,,"用于检测人体样本中的可溶性转铁蛋白受体 （sTfR） 含量。临床上用于缺铁性贫血和慢性贫血的辅助诊断。",,"Ⅱ"
medical_device_category_6840_8-8051,"瓜氨酸化蛋白检测试剂",6840-08-08051,__import__.medical_device_category_6840_8,,"用于检测人体样本中的瓜氨酸化蛋白。临床上用于类风湿性关节炎的辅助诊断。",,"Ⅱ"
medical_device_category_6840_8-8052,"磷酸化tau蛋白检测试剂",6840-08-08052,__import__.medical_device_category_6840_8,,"用于检测人体样本中的磷酸化tau蛋白含量。临床上用于阿兹海默症的辅助诊断。",,"Ⅱ"
medical_device_category_6840_8-8053,"鳞状上皮细胞癌抗原（SCC）检测试剂",6840-08-08053,__import__.medical_device_category_6840_8,,"用于检测人体样本中鳞状上皮细胞癌抗原（SCC）含量。临床上用于宫颈癌、非小细胞癌等的治疗监测。",,"Ⅱ"
medical_device_category_6840_8-8054,"免疫球蛋白A（IgA）检测试剂",6840-08-08054,__import__.medical_device_category_6840_8,,"用于检测人体样本中的免疫球蛋白A（IgA）含量。临床上用于免疫功能的评价及免疫疾病的辅助诊断。",,"Ⅱ"
medical_device_category_6840_8-8055,"免疫球蛋白G（IgG）检测试剂",6840-08-08055,__import__.medical_device_category_6840_8,,"用于检测人体样本中的免疫球蛋白G（IgG）含量。临床上用于免疫功能的评价及免疫疾病的辅助诊断。",,"Ⅱ"
medical_device_category_6840_8-8056,"免疫球蛋白G亚型检测试剂",6840-08-08056,__import__.medical_device_category_6840_8,,"用于检测人体样本中的免疫球蛋白G亚型（如IgG1、IgG2、IgG3、IgG4）。临床上用于免疫功能的评价及免疫疾病的辅助诊断。",,"Ⅱ"
medical_device_category_6840_8-8057,"免疫球蛋白M（IgM）检测试剂",6840-08-08057,__import__.medical_device_category_6840_8,,"用于检测人体样本中的免疫球蛋白M（IgM）含量。临床上用于免疫功能的评价及免疫疾病的辅助诊断。",,"Ⅱ"
medical_device_category_6840_8-8058,"脑脊液/尿液总蛋白检测试剂",6840-08-08058,__import__.medical_device_category_6840_8,,"用于检测人体脑脊液/尿液样本中的总蛋白含量。临床上用于中枢神经系统/肾脏疾病的辅助诊断。",,"Ⅱ"
medical_device_category_6840_8-8059,"B型利钠肽（BNP）检测试剂",6840-08-08059,__import__.medical_device_category_6840_8,,"用于检测人体样本中的B型利钠肽（BNP）含量。临床上用于心力衰竭的辅助诊断风险评估等。",,"Ⅱ"
medical_device_category_6840_8-8060,"B型利钠肽前体（proBNP）检测试剂",6840-08-08060,__import__.medical_device_category_6840_8,,"用于检测人体样本中的B型利钠肽前体（proBNP）含量。临床上用于心力衰竭的辅助诊断及风险评估等。",,"Ⅱ"
medical_device_category_6840_8-8061,"N末端B型利钠肽前体（NT-proBNP）检测试剂",6840-08-08061,__import__.medical_device_category_6840_8,,"用于检测人体样本中的N末端B型利钠肽前体（NT-proBNP）含量。临床上用于心力衰竭的辅助诊断风险评估等。",,"Ⅱ"
medical_device_category_6840_8-8062,"脑特异性蛋白产物9.5（PGP9.5）检测试剂",6840-08-08062,__import__.medical_device_category_6840_8,,"用于检测人体样本中的脑特异性蛋白产物9.5（PGP9.5）。临床上用于创伤性脑损伤的辅助诊断。",,"Ⅱ"
medical_device_category_6840_8-8063,"心钠肽（ANP）检测试剂",6840-08-08063,__import__.medical_device_category_6840_8,,"用于检测人体样本中的心钠肽（ANP）的含量。临床上用于心力衰竭的辅助诊断。",,"Ⅱ"
medical_device_category_6840_8-8064,"内皮素（ET）检测试剂",6840-08-08064,__import__.medical_device_category_6840_8,,"用于检测人体样本中的内皮素（ET）。临床上用于高血压、心肌梗死和肾病的辅助诊断。",,"Ⅱ"
medical_device_category_6840_8-8065,"白蛋白检测试剂",6840-08-08065,__import__.medical_device_category_6840_8,,"用于检测人体样本中的白蛋白含量。临床上用于评价肝脏功能及营养评估。",,"Ⅱ"
medical_device_category_6840_8-8066,"微量白蛋白检测试剂",6840-08-08066,__import__.medical_device_category_6840_8,,"用于检测人体尿液样本中的微量白蛋白含量。临床上用于肾脏疾病的辅助诊断。",,"Ⅱ"
medical_device_category_6840_8-8067,"前白蛋白检测试剂",6840-08-08067,__import__.medical_device_category_6840_8,,"用于检测人体样本中的前白蛋白含量。临床上用于反映肝细胞损害程度及营养评估。",,"Ⅱ"
medical_device_category_6840_8-8068,"前列腺小体外泄蛋白（PSEP）检测试剂",6840-08-08068,__import__.medical_device_category_6840_8,,"用于检测人体样本中的前列腺小体外泄蛋白（PSEP）含量。临床上用于慢性前列腺炎的辅助诊断。",,"Ⅱ"
medical_device_category_6840_8-8069,"缺血性修饰白蛋白检测试剂",6840-08-08069,__import__.medical_device_category_6840_8,,"用于检测人体样本中的缺血性修饰白蛋白含量。临床上用于心肌缺血疾病的辅助诊断。",,"Ⅱ"
medical_device_category_6840_8-8070,"α突触核蛋白（SNCA）检测试剂",6840-08-08070,__import__.medical_device_category_6840_8,,"用于检测人体样本中的α突触核蛋白（SNCA）。临床上可用于帕金森病的辅助诊断。",,"Ⅱ"
medical_device_category_6840_8-8071,"附睾蛋白4（HE4）检测试剂",6840-08-08071,__import__.medical_device_category_6840_8,,"用于检测人体样本中的附睾蛋白4（HE4）含量。临床上用于卵巢癌的疗效监测。",,"Ⅱ"
medical_device_category_6840_8-8072,"和肽素（CPP）检测试剂",6840-08-08072,__import__.medical_device_category_6840_8,,"用于检测人体样本中的和肽素（CPP）。临床上用于心血管疾病的辅助诊断。",,"Ⅱ"
medical_device_category_6840_8-8073,"去唾液酸糖蛋白受体片段sH2a检测试剂",6840-08-08073,__import__.medical_device_category_6840_8,,"用于检测人体样本中的去唾液酸糖蛋白受体片段sH2a。临床上用于肝功能损伤的辅助诊断。",,"Ⅱ"
medical_device_category_6840_8-8074,"细胞角蛋白18片段M30（CK18-M30）检测试剂",6840-08-08074,__import__.medical_device_category_6840_8,,"用于检测人体样本中的细胞角蛋白18片段M30（CK18-M30）。临床上用于肝功能损伤的辅助诊断。",,"Ⅱ"
medical_device_category_6840_8-8075,"细胞角蛋白18片段M65（CK18-M65）检测试剂",6840-08-08075,__import__.medical_device_category_6840_8,,"用于检测人体样本中的细胞角蛋白18片段M65（CK18-M65）。临床上用于肝功能损伤的辅助诊断。",,"Ⅱ"
medical_device_category_6840_8-8076,"妊娠相关血浆蛋白A（PAPP-A）检测试剂",6840-08-08076,__import__.medical_device_category_6840_8,,"用于检测人体样本中的妊娠相关血浆蛋白A（PAPP-A）含量。临床上用于评估孕早期唐氏综合征的风险。",,"Ⅱ"
medical_device_category_6840_8-8077,"乳铁蛋白检测试剂",6840-08-08077,__import__.medical_device_category_6840_8,,"用于检测人体样本中的乳铁蛋白。临床上用于对肠道炎性疾病的辅助诊断。",,"Ⅱ"
medical_device_category_6840_8-8078,"肾损伤分子1（kim-1）检测试剂",6840-08-08078,__import__.medical_device_category_6840_8,,"用于检测人体样本中的肾损伤分子1（kim-1）。临床上用于肾功能损伤的辅助诊断。",,"Ⅱ"
medical_device_category_6840_8-8079,"视黄醇结合蛋白检测试剂",6840-08-08079,__import__.medical_device_category_6840_8,,"用于检测人体样本中的视黄醇结合蛋白含量。临床上用于肝脏或肾小管损伤性疾病的辅助诊断。",,"Ⅱ"
medical_device_category_6840_8-8080,"糖化血红蛋白检测试剂",6840-08-08080,__import__.medical_device_category_6840_8,,"用于检测人体样本中的糖化血红蛋白含量。临床上用于糖尿病的辅助诊断和血糖水平的监测。",,"Ⅱ"
medical_device_category_6840_8-8081,"糖化血清白蛋白检测试剂",6840-08-08081,__import__.medical_device_category_6840_8,,"用于检测人体样本中的糖化血清白蛋白（糖化白蛋白）含量。临床上用于短期血糖平均水平的监测。",,"Ⅱ"
medical_device_category_6840_8-8082,"糖化血清蛋白（果糖胺）检测试剂",6840-08-08082,__import__.medical_device_category_6840_8,,"用于检测人体样本中的糖化血清蛋白（果糖胺）含量。临床上用于血糖水平的监测。",,"Ⅱ"
medical_device_category_6840_8-8083,"糖类抗原19-9（CA19-9）检测试剂",6840-08-08083,__import__.medical_device_category_6840_8,,"用于检测人体样本中的糖类抗原19-9（CA19-9）含量。临床上用于胰腺等消化道恶性肿瘤的治疗监测。",,"Ⅱ"
medical_device_category_6840_8-8084,"糖类抗原242（CA242）检测试剂",6840-08-08084,__import__.medical_device_category_6840_8,,"用于检测人体样本中的糖类抗原242（CA242）含量。临床上用于胰腺癌、结直肠癌等消化道恶性肿瘤的治疗监测。",,"Ⅱ"
medical_device_category_6840_8-8085,"糖类抗原50（CA50）检测试剂",6840-08-08085,__import__.medical_device_category_6840_8,,"用于检测人体样本中的糖类抗原50（CA50）含量。临床上用于恶性肿瘤的疗效观察、预后判断及复发监测。",,"Ⅱ"
medical_device_category_6840_8-8086,"糖缺失转铁蛋白（CDT）检测试剂",6840-08-08086,__import__.medical_device_category_6840_8,,"用于检测人体样本中的糖缺失转铁蛋白（CDT）含量。临床上用于酒精性肝病的辅助诊断。",,"Ⅱ"
medical_device_category_6840_8-8087,"铁蛋白检测试剂",6840-08-08087,__import__.medical_device_category_6840_8,,"用于检测人体样本中的铁蛋白含量。临床上用于恶性肿瘤的复发转移监测及铁代谢的相关疾病，如血色素沉着症和缺铁性贫血的辅助诊断。",,"Ⅱ"
medical_device_category_6840_8-8088,"胃蛋白酶原Ⅰ检测试剂",6840-08-08088,__import__.medical_device_category_6840_8,,"用于检测人体样本中的胃蛋白酶原（PG）Ⅰ含量。临床上用于评价胃泌酸腺细胞功能、临床萎缩性胃炎的辅助诊断，以及监测PGⅠ的浓度水平及PGⅠ/Ⅱ的比值可用于胃癌的治疗监测。",,"Ⅱ"
medical_device_category_6840_8-8089,"胃蛋白酶原Ⅱ检测试剂",6840-08-08089,__import__.medical_device_category_6840_8,,"用于检测人体样本中的胃蛋白酶原（PG）Ⅱ含量。临床上用于评价胃底粘腺病变、临床萎缩性胃炎的辅助诊断，以及监测PGⅡ的浓度水平及PGⅠ/Ⅱ的比值可用于胃癌的治疗监测。",,"Ⅱ"
medical_device_category_6840_8-8090,"胃泌素17（G-17）检测试剂",6840-08-08090,__import__.medical_device_category_6840_8,,"用于检测人体样本中的胃泌素17（G-17）。临床上用于萎缩性胃炎的辅助诊断。",,"Ⅱ"
medical_device_category_6840_8-8091,"胃泌素释放肽前体（proGRP）检测试剂",6840-08-08091,__import__.medical_device_category_6840_8,,"用于检测人体样本中的胃泌素释放肽前体（proGRP）。临床上用于小细胞肺癌（SCLC）等的治疗监测。",,"Ⅱ"
medical_device_category_6840_8-8092,"细胞角蛋白19片段（CYFRA21-1）检测试剂",6840-08-08092,__import__.medical_device_category_6840_8,,"用于检测人体样本中的细胞角蛋白19片段（CYFRA21-1）。临床上用于非小细胞肺癌的疗效观察、复发监测。",,"Ⅱ"
medical_device_category_6840_8-8093,"纤维蛋白单体检测试剂",6840-08-08093,__import__.medical_device_category_6840_8,,"用于检测人体样本中的纤维蛋白单体。临床上用于血栓的辅助诊断。",,"Ⅱ"
medical_device_category_6840_8-8094,"纤维连接蛋白检测试剂",6840-08-08094,__import__.medical_device_category_6840_8,,"用于检测人体血浆中的纤维连接蛋白（纤维结合蛋白，FN）。临床上主要与机体创伤修复、组织炎症、肝脏纤维化及硬化过程以及营养状况监测。",,"Ⅱ"
medical_device_category_6840_8-8095,"胎儿纤维连接蛋白（fFN）检测试剂",6840-08-08095,__import__.medical_device_category_6840_8,,"用于检测人体阴道分泌物中的胎儿纤维连接蛋白（fFN）。临床上用于早产的辅助诊断。",,"Ⅱ"
medical_device_category_6840_8-8096,"涎液化糖链抗原（KL-6）检测试剂",6840-08-08096,__import__.medical_device_category_6840_8,,"用于检测人体样本中的涎液化糖链抗原（KL-6）。临床上用于间质性肺疾病的辅助诊断。",,"Ⅱ"
medical_device_category_6840_8-8097,"心肌肌球蛋白结合蛋白C检测试剂",6840-08-08097,__import__.medical_device_category_6840_8,,"用于检测人体样本中的心肌肌球蛋白结合蛋白C。临床上用于心肌梗死的辅助诊断。",,"Ⅱ"
medical_device_category_6840_8-8098,"心脏型脂肪酸结合蛋白检测试剂",6840-08-08098,__import__.medical_device_category_6840_8,,"用于检测人体样本中的心脏型脂肪酸结合蛋白含量。临床上用于急性心肌梗死的辅助诊断。",,"Ⅱ"
medical_device_category_6840_8-8099,"血管紧张素Ⅰ检测试剂",6840-08-08099,__import__.medical_device_category_6840_8,,"用于检测人体样本中血管紧张素Ⅰ 。临床上用于心血管功能的辅助评价。",,"Ⅱ"
medical_device_category_6840_8-8100,"血管紧张素Ⅱ检测试剂",6840-08-08100,__import__.medical_device_category_6840_8,,"用于检测人体样本中血管紧张素Ⅱ。临床上用于心血管功能的辅助评价。",,"Ⅱ"
medical_device_category_6840_8-8101,"血管扩张刺激磷蛋白（VASP）检测试剂",6840-08-08101,__import__.medical_device_category_6840_8,,"用于检测人体样本中的血管扩张刺激磷蛋白（VASP）的磷酸化程度。临床上用于抗血小板聚集治疗的监测。",,"Ⅱ"
medical_device_category_6840_8-8102,"血红蛋白检测试剂",6840-08-08102,__import__.medical_device_category_6840_8,,"用于检测人体样本中的血红蛋白含量。临床上用于各种贫血、失血类疾病的辅助诊断。",,"Ⅱ"
medical_device_category_6840_8-8103,"血红素结合蛋白检测试剂",6840-08-08103,__import__.medical_device_category_6840_8,,"用于检测人体样本中的血红素结合蛋白含量。临床上用于溶血性疾病的辅助诊断。",,"Ⅱ"
medical_device_category_6840_8-8104,"血清蛋白检测试剂",6840-08-08104,__import__.medical_device_category_6840_8,,"用于检测人体样本中的血清蛋白，包括血清中的白蛋白和球蛋白。临床上主要是用于肝脏疾病、肾脏疾病的辅助诊断。",,"Ⅱ"
medical_device_category_6840_8-8105,"血清淀粉样蛋白A（SAA）检测试剂",6840-08-08105,__import__.medical_device_category_6840_8,,"用于检测人体样本中的血清淀粉样蛋白A（SAA）含量。临床上用于非特异性炎症的辅助诊断。",,"Ⅱ"
medical_device_category_6840_8-8106,"血清组织金属蛋白酶抑制因子I检测试剂",6840-08-08106,__import__.medical_device_category_6840_8,,"用于检测人体样本中的血清组织金属蛋白酶抑制因子I含量。临床上用于肝纤维化的辅助诊断。",,"Ⅱ"
medical_device_category_6840_8-8107,"血栓调节蛋白检测试剂",6840-08-08107,__import__.medical_device_category_6840_8,,"用于检测人体样本中的血栓调节蛋白。临床上用于内皮细胞损伤的辅助诊断",,"Ⅱ"
medical_device_category_6840_8-8108,"胰岛素样生长因子Ⅰ（IGFⅠ）检测试剂",6840-08-08108,__import__.medical_device_category_6840_8,,"用于检测人体样本中的胰岛素样生长因子Ⅰ（IGFⅠ）。临床上用于肺癌的治疗监测、指导以及生长紊乱的辅助评估。",,"Ⅱ"
medical_device_category_6840_8-8109,"胰岛素样生长因子结合蛋白-1（IGFBP-1）检测试剂",6840-08-08109,__import__.medical_device_category_6840_8,,"用于检测人体样本中的胰岛素样生长因子结合蛋白-1（IGFBP-1）含量。临床上用于生长紊乱、胎膜早破的辅助诊断。",,"Ⅱ"
medical_device_category_6840_8-8110,"胰岛素样生长因子结合蛋白-3（IGFBP-3）检测试剂",6840-08-08110,__import__.medical_device_category_6840_8,,"用于检测人体样本中的胰岛素样生长因子结合蛋白-3（IGFBP-3）含量。临床上用于生长紊乱、胎膜早破的辅助诊断。",,"Ⅱ"
medical_device_category_6840_8-8111,"便隐血检测试剂",6840-08-08111,__import__.medical_device_category_6840_8,,"用于检测人体粪便样本中的血红蛋白含量。临床上用于出血性病变的辅助诊断。",,"Ⅱ"
medical_device_category_6840_8-8112,"脂联素检测试剂",6840-08-08112,__import__.medical_device_category_6840_8,,"用于检测人体样本中的脂联素（ADP）含量。临床上用于Ⅱ型糖尿病和心血管疾病的风险评估。",,"Ⅱ"
medical_device_category_6840_8-8113,"中性粒细胞明胶酶相关脂质运载蛋白（NGAL）检测试剂",6840-08-08113,__import__.medical_device_category_6840_8,,"用于检测人体样本中的中性粒细胞明胶酶相关脂质运载蛋白（NGAL）含量。临床上用于肾功能损伤的辅助诊断。",,"Ⅱ"
medical_device_category_6840_8-8114,"中性粒细胞载脂蛋白检测试剂",6840-08-08114,__import__.medical_device_category_6840_8,,"用于检测人体样本中的中性粒细胞载脂蛋白（HNL）。临床上用于细菌感染的辅助诊断。",,"Ⅱ"
medical_device_category_6840_8-8115,"转铁蛋白检测试剂",6840-08-08115,__import__.medical_device_category_6840_8,,"用于检测人体样本中的转铁蛋白含量。临床上用于铁缺乏症、肝脏、肾脏、消化道出血等疾病的辅助诊断。",,"Ⅱ"
medical_device_category_6840_8-8116,"总蛋白检测试剂",6840-08-08116,__import__.medical_device_category_6840_8,,"用于检测人体样本中的总蛋白含量。临床上用于肝肾疾病的辅助诊断。",,"Ⅱ"
medical_device_category_6840_8-8117,"甲胎蛋白（AFP）检测试剂",6840-08-08117,__import__.medical_device_category_6840_8,,"用于检测人体样本中的甲胎蛋白（AFP）。临床上用于评估孕妇异常妊娠和唐氏综合征的风险，不用于肿瘤相关疾病的辅助诊断。",,"Ⅱ"
medical_device_category_6840_8-8118,"组织多肽抗原（TPA）检测试剂",6840-08-08118,__import__.medical_device_category_6840_8,,"用于检测人体样本中组织多肽抗原（TPA）的含量。临床上用于对恶性肿瘤患者进行动态监测，以辅助判断疾病进程或治疗效果，不能作为恶性肿瘤早期诊断或确诊的依据，不能用于普通人群的肿瘤筛查。",,"Ⅱ"
medical_device_category_6840_8-8119,"组织多肽特异性抗原（TPS）检测试剂",6840-08-08119,__import__.medical_device_category_6840_8,,"用于检测人体样本中的组织多肽特异性抗原（TPS）。临床上用于乳腺、卵巢、消化系统等肿瘤的治疗监测。",,"Ⅱ"
medical_device_category_6840_8-8120,"可溶性生长刺激表达基因2蛋白（ST2）检测试剂",6840-08-08120,__import__.medical_device_category_6840_8,,"用于检测人体样本中可溶性生长刺激表达基因2蛋白（ST2）的含量。临床上用于急性心肌梗死、慢性或急性心衰的辅助诊断。",,"Ⅱ"
medical_device_category_6840_9-9001,"葡萄糖检测试剂",6840-09-09001,__import__.medical_device_category_6840_9,,"用于检测人体样本中葡萄糖的含量。临床上用于反映血糖、尿糖水平及糖代谢疾病的辅助诊断。",,"Ⅱ"
medical_device_category_6840_9-9002,"β-羟丁酸检测试剂",6840-09-09002,__import__.medical_device_category_6840_9,,"用于检测人体样本中的β-羟丁酸含量。临床上用于酮症酸中毒的辅助诊断。",,"Ⅱ"
medical_device_category_6840_9-9003,"乳酸检测试剂",6840-09-09003,__import__.medical_device_category_6840_9,,"用于检测人体样本中的乳酸含量。临床上用于代谢性酸中毒的辅助诊断。",,"Ⅱ"
medical_device_category_6840_9-9004,"丙酮酸检测试剂",6840-09-09004,__import__.medical_device_category_6840_9,,"用于检测人体样本中的丙酮酸含量。临床上用于酮症酸中毒的辅助诊断。",,"Ⅱ"
medical_device_category_6840_9-9005,"晚期糖基化终末产物（AGEs）检测试剂",6840-09-09005,__import__.medical_device_category_6840_9,,"用于检测人体样本中的晚期糖基化终末产物（AGEs）。临床上用于Ⅱ型糖尿病的辅助诊断。",,"Ⅱ"
medical_device_category_6840_9-9006,"乳糖检测试剂",6840-09-09006,__import__.medical_device_category_6840_9,,"用于检测人体粪便样本中的乳糖。临床上用于乳糖不耐受的辅助诊断。",,"Ⅱ"
medical_device_category_6840_9-9007,"半乳糖检测试剂",6840-09-09007,__import__.medical_device_category_6840_9,,"用于检测人体尿液样本中的半乳糖。临床上用于乳糖不耐受的辅助诊断，不用于遗传性半乳糖血症的辅助诊断。",,"Ⅱ"
medical_device_category_6840_9-9008,"1,5-脱水-D-山梨醇检测试剂",6840-09-09008,__import__.medical_device_category_6840_9,,"用于检测人体样本中的1,5-脱水-D-山梨醇含量。临床上用于血糖水平的监测。",,"Ⅱ"
medical_device_category_6840_10-10001,"促黄体生成素检测试剂",6840-10-10001,__import__.medical_device_category_6840_10,,"用于检测人体样本中的促黄体生成素含量。临床上用于评价垂体内分泌功能。",,"Ⅱ"
medical_device_category_6840_10-10002,"促卵泡生成素（FSH）检测试剂",6840-10-10002,__import__.medical_device_category_6840_10,,"用于检测人体样本中的促卵泡生成素（FSH）含量。临床上用于评价垂体内分泌功能和卵巢疾病的辅助诊断。",,"Ⅱ"
medical_device_category_6840_10-10003,"泌乳素检测试剂",6840-10-10003,__import__.medical_device_category_6840_10,,"用于检测人体样本中的泌乳素含量。临床上用于泌乳素瘤的治疗监测以及垂体内分泌功能的评价。",,"Ⅱ"
medical_device_category_6840_10-10004,"人绒毛膜促性腺激素检测试剂",6840-10-10004,__import__.medical_device_category_6840_10,,"用于检测人体样本中的人绒毛膜促性腺激素含量。临床上用于异位妊娠、早孕的辅助诊断。不用于肿瘤的辅助诊断。",,"Ⅱ"
medical_device_category_6840_10-10005,"β-人绒毛膜促性腺激素检测试剂",6840-10-10005,__import__.medical_device_category_6840_10,,"用于检测人体样本中的β-人绒毛膜促性腺激素含量。临床上用于早期妊娠诊断及妊娠监测、评估孕中期唐氏综合征的风险。不用于肿瘤的辅助诊断。",,"Ⅱ"
medical_device_category_6840_10-10006,"游离β-人绒毛膜促性腺激素检测试剂",6840-10-10006,__import__.medical_device_category_6840_10,,"用于检测人体样本中游离β-人绒毛膜促性腺激素含量。临床上用于异位妊娠、早孕等辅助诊断、评估孕早期和中期唐氏综合征的风险。",,"Ⅱ"
medical_device_category_6840_10-10007,"总甲状腺素（TT4）检测试剂",6840-10-10007,__import__.medical_device_category_6840_10,,"用于检测人体样本中的总甲状腺素（TT4）含量。临床上用于甲状腺疾病的辅助诊断。",,"Ⅱ"
medical_device_category_6840_10-10008,"游离甲状腺素（FT4）检测试剂",6840-10-10008,__import__.medical_device_category_6840_10,,"用于检测人体样本中的游离甲状腺素（游离四碘甲状腺原氨酸，FT4）含量。临床上用于甲状腺疾病的辅助诊断。",,"Ⅱ"
medical_device_category_6840_10-10009,"总三碘甲状腺原氨酸（TT3）检测试剂",6840-10-10009,__import__.medical_device_category_6840_10,,"用于检测人体样本中的总三碘甲状腺原氨酸（TT3）含量。临床上用于甲状腺疾病的辅助诊断。",,"Ⅱ"
medical_device_category_6840_10-10010,"游离三碘甲状腺原氨酸（FT3）检测试剂",6840-10-10010,__import__.medical_device_category_6840_10,,"用于检测人体样本中的游离三碘甲状腺原氨酸（FT3）含量。临床上用于甲状腺疾病的辅助诊断。",,"Ⅱ"
medical_device_category_6840_10-10011,"反三碘甲状腺原氨酸（rT3）检测试剂",6840-10-10011,__import__.medical_device_category_6840_10,,"用于检测人体样本中的反三碘甲状腺原氨酸（rT3）含量。临床上用于甲状腺功能的辅助诊断。",,"Ⅱ"
medical_device_category_6840_10-10012,"促甲状腺素检测试剂",6840-10-10012,__import__.medical_device_category_6840_10,,"用于检测人体样本中的促甲状腺激素含量。临床上用于辅助评价下丘脑-垂体-甲状腺功能。",,"Ⅱ"
medical_device_category_6840_10-10013,"新生儿促甲状腺素检测试剂",6840-10-10013,__import__.medical_device_category_6840_10,,"用于检测新生儿人体样本中促甲状腺素含量。临床上用于辅助筛查新生儿甲状腺机能衰退。",,"Ⅱ"
medical_device_category_6840_10-10014,"甲状腺素结合力检测试剂",6840-10-10014,__import__.medical_device_category_6840_10,,"用于检测人体样本中的甲状腺素结合力（T-Uptake）。临床上用于评价甲状腺功能。",,"Ⅱ"
medical_device_category_6840_10-10015,"甲状旁腺激素检测试剂",6840-10-10015,__import__.medical_device_category_6840_10,,"用于检测人体样本中的甲状旁腺激素含量。临床上用于评价甲状旁腺功能，以及高钙血症或低钙血症的辅助诊断。",,"Ⅱ"
medical_device_category_6840_10-10016,"睾酮检测试剂",6840-10-10016,__import__.medical_device_category_6840_10,,"用于检测人体样本中的睾酮含量。临床上用于睾酮水平异常相关疾病的辅助诊断。",,"Ⅱ"
medical_device_category_6840_10-10017,"游离睾酮检测试剂",6840-10-10017,__import__.medical_device_category_6840_10,,"用于检测人体样本中的游离睾酮含量。临床上用于游离睾酮水平异常相关疾病的辅助诊断。",,"Ⅱ"
medical_device_category_6840_10-10018,"雌二醇检测试剂",6840-10-10018,__import__.medical_device_category_6840_10,,"用于检测人体样本中的雌二醇含量。临床上用于生殖内分泌疾病的辅助诊断。",,"Ⅱ"
medical_device_category_6840_10-10019,"雌三醇检测试剂",6840-10-10019,__import__.medical_device_category_6840_10,,"用于检测人体样本中的雌三醇含量。临床上用作异常妊娠的辅助评价指标和唐氏综合征的筛查。",,"Ⅱ"
medical_device_category_6840_10-10020,"游离雌三醇检测试剂",6840-10-10020,__import__.medical_device_category_6840_10,,"用于检测人体样本中的游离雌三醇含量。临床上用作异常妊娠的辅助评价指标和唐氏综合征的筛查。",,"Ⅱ"
medical_device_category_6840_10-10021,"孕酮检测试剂",6840-10-10021,__import__.medical_device_category_6840_10,,"用于检测人体样本中的孕酮含量。临床上用于先兆流产、黄体功能不全等孕酮水平异常相关疾病的辅助诊断。",,"Ⅱ"
medical_device_category_6840_10-10022,"胰岛素检测试剂",6840-10-10022,__import__.medical_device_category_6840_10,,"用于检测人体样本中的胰岛素含量。临床上用于评价胰岛功能。",,"Ⅱ"
medical_device_category_6840_10-10023,"C肽检测试剂",6840-10-10023,__import__.medical_device_category_6840_10,,"用于检测人体样本中的C肽含量。临床上用于评价胰岛功能。",,"Ⅱ"
medical_device_category_6840_10-10024,"促肾上腺皮质激素（ACTH）检测试剂",6840-10-10024,__import__.medical_device_category_6840_10,,"用于检测人体样本中的促肾上腺皮质激素（ACTH）含量。临床上用于评价垂体—肾上腺功能，及ACTH水平异常导致的其他相关疾病的辅助诊断。",,"Ⅱ"
medical_device_category_6840_10-10025,"皮质醇检测试剂",6840-10-10025,__import__.medical_device_category_6840_10,,"用于检测人体样本中的皮质醇含量。临床上用于肾上腺皮质疾病的辅助诊断。",,"Ⅱ"
medical_device_category_6840_10-10026,"17α-羟孕酮检测试剂",6840-10-10026,__import__.medical_device_category_6840_10,,"用于检测人体样本中17α-羟孕酮含量。临床上用于肾上腺皮质疾病的辅助诊断。",,"Ⅱ"
medical_device_category_6840_10-10027,"17-羟类固醇检测试剂",6840-10-10027,__import__.medical_device_category_6840_10,,"用于检测人体样本中的17-羟类固醇含量。临床上用于肾上腺皮质疾病的辅助诊断。",,"Ⅱ"
medical_device_category_6840_10-10028,"17-酮类固醇检测试剂",6840-10-10028,__import__.medical_device_category_6840_10,,"用于检测人体样本中的17-酮类固醇含量。临床上用于肾上腺皮质疾病的辅助诊断。",,"Ⅱ"
medical_device_category_6840_10-10029,"香草扁桃酸检测试剂",6840-10-10029,__import__.medical_device_category_6840_10,,"用于检测人体样本中的香草扁桃酸含量。临床上用于辅助评价肾上腺皮质功能。",,"Ⅱ"
medical_device_category_6840_10-10030,"醛固酮检测试剂",6840-10-10030,__import__.medical_device_category_6840_10,,"用于检测人体样本中的醛固酮含量。临床上用于辅助评价肾上腺皮质功能和内分泌型高血压的辅助诊断。",,"Ⅱ"
medical_device_category_6840_10-10031,"生长激素检测试剂",6840-10-10031,__import__.medical_device_category_6840_10,,"用于检测人体样本中的生长激素含量。临床上用于辅助评价垂体功能和非垂体疾病所致的生长激素水平异常。不用于恶性肿瘤患者的动态监测。",,"Ⅱ"
medical_device_category_6840_10-10032,"雄烯二酮检测试剂",6840-10-10032,__import__.medical_device_category_6840_10,,"用于检测人体样本中的雄烯二酮含量。临床上用于多囊卵巢综合症、肾上腺皮质增生等疾病的辅助诊断。",,"Ⅱ"
medical_device_category_6840_10-10033,"硫酸去氢表雄酮检测试剂",6840-10-10033,__import__.medical_device_category_6840_10,,"用于检测人体样本中硫酸去氢表雄酮（硫酸脱氢表雄酮）含量。临床上用于评价肾上腺分泌雄激素的水平。",,"Ⅱ"
medical_device_category_6840_10-10034,"促红细胞生成素检测试剂",6840-10-10034,__import__.medical_device_category_6840_10,,"用于检测人体样本中的促红细胞生成素含量。临床上用于肾性贫血及红细胞增多症等的辅助诊断。",,"Ⅱ"
medical_device_category_6840_10-10035,"甲状腺球蛋白（TG）检测试剂",6840-10-10035,__import__.medical_device_category_6840_10,,"用于检测人体样本中的甲状腺球蛋白（TG）含量。临床上用于甲状腺疾病的辅助诊断及治疗监测。",,"Ⅱ"
medical_device_category_6840_10-10036,"性激素结合球蛋白（SHBG）检测试剂",6840-10-10036,__import__.medical_device_category_6840_10,,"用于检测人体样本中的性激素结合球蛋白（SHBG）含量。临床上用于多种雄激素异常疾病的辅助诊断。",,"Ⅱ"
medical_device_category_6840_10-10037,"甲状腺结合球蛋白检测试剂",6840-10-10037,__import__.medical_device_category_6840_10,,"用于检测人体样本中的甲状腺结合球蛋白含量。临床上用于甲状腺疾病的辅助诊断。",,"Ⅱ"
medical_device_category_6840_10-10038,"高香草酸检测试剂",6840-10-10038,__import__.medical_device_category_6840_10,,"用于检测人体样本中的高香草酸含量。临床上用于儿茶酚胺分泌异常疾病的辅助诊断。",,"Ⅱ"
medical_device_category_6840_10-10039,"抗缪勒管激素（AMH）检测试剂",6840-10-10039,__import__.medical_device_category_6840_10,,"用于检测人体样本中的抗缪勒管激素（AMH）含量。临床上用于监测卵巢储备力和多囊卵巢综合征的辅助诊断。",,"Ⅱ"
medical_device_category_6840_10-10040,"胰高血糖素检测试剂",6840-10-10040,__import__.medical_device_category_6840_10,,"用于检测人体样本中的胰高血糖素含量。临床上用于糖尿病的辅助诊断。",,"Ⅱ"
medical_device_category_6840_10-10041,"抑制素A检测试剂",6840-10-10041,__import__.medical_device_category_6840_10,,"用于检测人体样本中的抑制素A（Inhibin A）含量。临床上用于妊娠相关疾病的辅助诊断及评估孕期唐氏综合征的风险。",,"Ⅱ"
medical_device_category_6840_10-10042,"抑制素B检测试剂",6840-10-10042,__import__.medical_device_category_6840_10,,"用于检测人体样本中的抑制素B（Inhibin B）含量。临床上用于评价睾丸生精功能和女性卵巢储备功能。",,"Ⅱ"
medical_device_category_6840_10-10043,"瘦素检测试剂",6840-10-10043,__import__.medical_device_category_6840_10,,"用于检测人体样本中的瘦素含量。临床上用于肥胖症和Ⅱ型糖尿病的辅助诊断。",,"Ⅱ"
medical_device_category_6840_10-10044,"儿茶酚胺及其代谢产物检测试剂",6840-10-10044,__import__.medical_device_category_6840_10,,"用于检测人体样本中的儿茶酚胺及其代谢产物（甲氧基肾上腺素、甲氧基去甲肾上腺素、3-甲氧基酪胺、肾上腺素、去甲肾上腺素、多巴胺）的含量。临床上用于高血压等心血管系统疾病的辅助评估。不用于肿瘤的辅助诊断。",,"Ⅱ"
medical_device_category_6840_11-11001,"肌酸激酶检测试剂",6840-11-11001,__import__.medical_device_category_6840_11,,"用于检测人体样本中的肌酸激酶活性或含量。临床上用于心肌梗死、病毒性心肌炎的辅助诊断。",,"Ⅱ"
medical_device_category_6840_11-11002,"肌酸激酶同工酶检测试剂",6840-11-11002,__import__.medical_device_category_6840_11,,"用于检测人体样本中的肌酸激酶同工酶活性或含量。临床上用于心肌梗死、肌病等疾病的辅助诊断。",,"Ⅱ"
medical_device_category_6840_11-11003,"肾素检测试剂",6840-11-11003,__import__.medical_device_category_6840_11,,"用于检测人体样本中的肾素活性。临床上用于肾性高血压、内分泌型高血压的辅助诊断。",,"Ⅱ"
medical_device_category_6840_11-11004,"丙氨酸氨基转移酶检测试剂",6840-11-11004,__import__.medical_device_category_6840_11,,"用于检测人体样本中的丙氨酸氨基转移酶（谷丙转氨酶，ALT）活性。临床上用于肝功能和中枢神经系统疾病的辅助诊断。",,"Ⅱ"
medical_device_category_6840_11-11005,"天门冬氨酸氨基转移酶检测试剂",6840-11-11005,__import__.medical_device_category_6840_11,,"用于检测人体样本中的天冬氨酸氨基转移酶（谷草转氨酶，AST）活性。临床上用于病毒性肝炎、阻塞性黄疸、心肌梗死的辅助诊断。",,"Ⅱ"
medical_device_category_6840_11-11006,"天门冬氨酸氨基转移酶线粒体同工酶检测试剂",6840-11-11006,__import__.medical_device_category_6840_11,,"用于检测人体样本中的天门冬氨酸氨基转移酶线粒体同工酶活性。临床上用于毒性肝炎、阻塞性黄疸、心肌梗死的辅助诊断。",,"Ⅱ"
medical_device_category_6840_11-11007,"碱性磷酸酶检测试剂",6840-11-11007,__import__.medical_device_category_6840_11,,"用于检测人体样本中的碱性磷酸酶活性。临床上用于肝胆疾病、肾病和骨骼疾病的辅助诊断。",,"Ⅱ"
medical_device_category_6840_11-11008,"碱性磷酸酶同工酶检测试剂",6840-11-11008,__import__.medical_device_category_6840_11,,"用于检测人体样本中的碱性磷酸酶同工酶。临床上用于骨骼、肝胆系统疾病的辅助诊断。",,"Ⅱ"
medical_device_category_6840_11-11009,"骨型碱性磷酸酶检测试剂",6840-11-11009,__import__.medical_device_category_6840_11,,"用于检测人体样本中的骨型碱性磷酸酶含量。临床上用于佝偻病、骨质疏松等骨代谢疾病的辅助诊断。",,"Ⅱ"
medical_device_category_6840_11-11010,"乳酸脱氢酶检测试剂",6840-11-11010,__import__.medical_device_category_6840_11,,"用于检测人体样本中的乳酸脱氢酶活性。临床上用于心肌梗死、肝病等疾病的辅助诊断。",,"Ⅱ"
medical_device_category_6840_11-11011,"乳酸脱氢酶同工酶检测试剂",6840-11-11011,__import__.medical_device_category_6840_11,,"用于检测人体样本中的乳酸脱氢酶同工酶活性。临床上用于心肌梗死、肝病等疾病的辅助诊断。",,"Ⅱ"
medical_device_category_6840_11-11012,"γ-谷氨酰基转移酶检测试剂",6840-11-11012,__import__.medical_device_category_6840_11,,"用于检测人体样本中的γ-谷氨酰基转移酶活性。临床上用于肝胆系统疾病的辅助诊断。",,"Ⅱ"
medical_device_category_6840_11-11013,"α-淀粉酶检测试剂",6840-11-11013,__import__.medical_device_category_6840_11,,"用于检测人体样本中的α-淀粉酶活性。临床上用于胰腺疾病的辅助诊断。",,"Ⅱ"
medical_device_category_6840_11-11014,"淀粉酶同工酶检测试剂",6840-11-11014,__import__.medical_device_category_6840_11,,"用于检测人体样本中的淀粉酶同工酶活性。临床上用于胰腺疾病的辅助诊断。",,"Ⅱ"
medical_device_category_6840_11-11015,"胰淀粉酶检测试剂",6840-11-11015,__import__.medical_device_category_6840_11,,"用于检测人体样本中的胰淀粉酶活性。临床上用于急性胰腺炎等疾病的辅助诊断。",,"Ⅱ"
medical_device_category_6840_11-11016,"胆碱脂酶检测试剂",6840-11-11016,__import__.medical_device_category_6840_11,,"用于检测人体样本中的胆碱脂酶活性。临床上用于肝脏损伤及有机磷中毒的辅助诊断。",,"Ⅱ"
medical_device_category_6840_11-11017,"丁酰胆碱脂酶检测试剂",6840-11-11017,__import__.medical_device_category_6840_11,,"用于检测人体样本中的丁酰胆碱脂酶活性。临床上用于有机磷中毒的辅助诊断。",,"Ⅱ"
medical_device_category_6840_11-11018,"腺苷脱氨酶检测试剂",6840-11-11018,__import__.medical_device_category_6840_11,,"用于检测人体样本中的腺苷脱氨酶活性。临床上用于肝损伤和中枢神经系统疾病、胸腹水等其他体液的辅助诊断。",,"Ⅱ"
medical_device_category_6840_11-11019,"脂肪酶检测试剂",6840-11-11019,__import__.medical_device_category_6840_11,,"用于检测人体样本中的脂肪酶活性。临床上用于急性胰腺炎的辅助诊断。",,"Ⅱ"
medical_device_category_6840_11-11020,"单胺氧化酶检测试剂",6840-11-11020,__import__.medical_device_category_6840_11,,"用于检测人体样本中的单胺氧化酶活性。临床上用于肝纤维化的辅助诊断。",,"Ⅱ"
medical_device_category_6840_11-11021,"5'-核苷酸酶检测试剂",6840-11-11021,__import__.medical_device_category_6840_11,,"用于检测人体样本中的5'-核苷酸酶活性。用于肝胆系统疾病的辅助诊断。",,"Ⅱ"
medical_device_category_6840_11-11022,"α-羟丁酸脱氢酶检测试剂",6840-11-11022,__import__.medical_device_category_6840_11,,"用于检测人体样本中的α-羟丁酸脱氢酶活性。临床上用于心肌梗死的辅助诊断。",,"Ⅱ"
medical_device_category_6840_11-11023,"N-乙酰-β-D-氨基葡萄糖苷酶检测试剂",6840-11-11023,__import__.medical_device_category_6840_11,,"用于检测人体样本中的N-乙酰-β-D-氨基葡萄糖苷酶活性。临床上用于肾小管损害的辅助诊断。",,"Ⅱ"
medical_device_category_6840_11-11024,"超氧化物歧化酶检测试剂",6840-11-11024,__import__.medical_device_category_6840_11,,"用于检测人体样本中的超氧化物歧化酶活性。临床上用于机体抗氧化能力的辅助诊断。",,"Ⅱ"
medical_device_category_6840_11-11025,"甘氨酰脯氨酸二肽氨基肽酶检测试剂",6840-11-11025,__import__.medical_device_category_6840_11,,"用于检测人体样本中的甘氨酰脯氨酸二肽氨基肽酶活性。临床上用于肝胆疾病、胃肠疾病的辅助诊断。",,"Ⅱ"
medical_device_category_6840_11-11026,"谷胱甘肽还原酶检测试剂",6840-11-11026,__import__.medical_device_category_6840_11,,"用于检测人体样本中的谷胱甘肽还原酶活性。临床上用于葡萄糖-6磷酸脱氢酶（G-6-PD）缺乏症的辅助诊断。",,"Ⅱ"
medical_device_category_6840_11-11027,"谷胱甘肽过氧化物酶检测试剂",6840-11-11027,__import__.medical_device_category_6840_11,,"用于检测人体样本中的谷胱甘肽过氧化物酶活性。临床上用于抗氧化能力的辅助评价。",,"Ⅱ"
medical_device_category_6840_11-11028,"谷胱甘肽转移酶检测试剂",6840-11-11028,__import__.medical_device_category_6840_11,,"用于检测人体样本中的谷胱甘肽转移酶活性。临床上用于肝炎的辅助诊断。",,"Ⅱ"
medical_device_category_6840_11-11029,"α1-抗胰蛋白酶（α1-蛋白酶抑制物）检测试剂",6840-11-11029,__import__.medical_device_category_6840_11,,"用于检测人体样本中的α1- 抗胰蛋白酶（α1- 蛋白酶抑制物）活性。临床上用于非特异性炎症的辅助诊断。",,"Ⅱ"
medical_device_category_6840_11-11030,"亮氨酸氨基转肽酶检测试剂",6840-11-11030,__import__.medical_device_category_6840_11,,"用于检测人体样本中的亮氨酸氨基转肽酶活性。临床上用于肝、胆疾病的辅助诊断。",,"Ⅱ"
medical_device_category_6840_11-11031,"磷酸已糖异构酶检测试剂",6840-11-11031,__import__.medical_device_category_6840_11,,"用于检测人体样本中的磷酸已糖异构酶活性。临床上用于肝脏疾病的辅助诊断。",,"Ⅱ"
medical_device_category_6840_11-11032,"醛缩酶检测试剂",6840-11-11032,__import__.medical_device_category_6840_11,,"用于检测人体样本中的醛缩酶活性。临床上用于肌肉、肝脏等疾病的辅助诊断。",,"Ⅱ"
medical_device_category_6840_11-11033,"血管紧张素转化酶检测试剂",6840-11-11033,__import__.medical_device_category_6840_11,,"用于检测人体样本中的血管紧张素转化酶活性。临床上用于高血压的用药监测和结节病的辅助诊断。",,"Ⅱ"
medical_device_category_6840_11-11034,"异柠檬酸脱氢酶检测试剂",6840-11-11034,__import__.medical_device_category_6840_11,,"用于检测人体样本中的异柠檬酸脱氢酶活性。临床上用于肝脏疾病的辅助诊断。",,"Ⅱ"
medical_device_category_6840_11-11035,"髓过氧化物酶（MPO）检测试剂",6840-11-11035,__import__.medical_device_category_6840_11,,"用于检测人体样本中的髓过氧化物酶（MPO）活性或含量。临床上用于心血管系统炎症的辅助诊断。",,"Ⅱ"
medical_device_category_6840_11-11036,"尿胰蛋白酶原-2（TG-2）检测试剂",6840-11-11036,__import__.medical_device_category_6840_11,,"用于检测人体尿液样本中胰蛋白酶原2（TG-2）。临床上用于急性胰腺炎疾病的辅助诊断。",,"Ⅱ"
medical_device_category_6840_11-11037,"脂蛋白相关磷脂酶A2（Lp-PLA2）检测试剂",6840-11-11037,__import__.medical_device_category_6840_11,,"用于检测人体样本中的脂蛋白相关磷脂酶A2（Lp-PLA2）。临床上用于短暂性脑缺血发作（TIA）、动脉粥样硬化症、冠心病等心脑血管疾病的辅助诊断。",,"Ⅱ"
medical_device_category_6840_11-11038,"谷氨酸脱氢酶检测试剂",6840-11-11038,__import__.medical_device_category_6840_11,,"用于检测人体样本中的谷氨酸脱氢酶（GLDH）活性。临床上用于肝脏疾病的辅助诊断。",,"Ⅱ"
medical_device_category_6840_11-11039,"胃蛋白酶检测试剂",6840-11-11039,__import__.medical_device_category_6840_11,,"用于检测人体唾液样本中胃蛋白酶活性。临床上可用于胃食管及咽喉反流相关疾病的辅助诊断。",,"Ⅱ"
medical_device_category_6840_11-11040,"基质金属蛋白酶-3（MMP-3）检测试剂",6840-11-11040,__import__.medical_device_category_6840_11,,"用于检测人体样本中的基质金属蛋白酶-3（MMP-3）。用于类风湿关节炎的辅助诊断。",,"Ⅱ"
medical_device_category_6840_11-11041,"抗酒石酸酸性磷酸酶5b（TRACP-5b）检测试剂",6840-11-11041,__import__.medical_device_category_6840_11,,"用于检测人体样本中的抗酒石酸酸性磷酸酶5b（TRACP-5b）活性。临床上用于原发性骨质疏松、糖尿病的辅助诊断。不用于肿瘤的辅助诊断。",,"Ⅱ"
medical_device_category_6840_11-11042,"二胺氧化酶（DAO）检测试剂",6840-11-11042,__import__.medical_device_category_6840_11,,"用于检测人体样本中的二胺氧化酶（DAO）活性。临床上用于肠道屏障功能损伤的辅助诊断。",,"Ⅱ"
medical_device_category_6840_11-11043,"羧肽酶B检测试剂",6840-11-11043,__import__.medical_device_category_6840_11,,"用于检测人体尿液样本中的羧肽酶B。临床上用于急性胰腺炎的辅助诊断。",,"Ⅱ"
medical_device_category_6840_11-11044,"前列腺酸性磷酸酶（PACP）检测试剂",6840-11-11044,__import__.medical_device_category_6840_11,,"用于检测人体样本中的前列腺酸性磷酸酶（PACP）活性。临床上用于对恶性肿瘤患者进行动态监测，以辅助判断疾病进程或者治疗效果。",,"Ⅱ"
medical_device_category_6840_11-11045,"前列腺碱性磷酸酶（PAP）检测试剂",6840-11-11045,__import__.medical_device_category_6840_11,,"用于检测人体样本中的前列腺碱性磷酸酶（PAP）。临床上用于前列腺癌的治疗效果及预后评估及转移性骨肿瘤的治疗监测。",,"Ⅱ"
medical_device_category_6840_11-11046,"β-D-半乳糖苷酶检测试剂",6840-11-11046,__import__.medical_device_category_6840_11,,"用于检测人体样本中β-D-半乳糖苷酶活性。临床上用于肾小管损伤的辅助诊断。",,"Ⅱ"
medical_device_category_6840_11-11047,"胰蛋白酶检测试剂",6840-11-11047,__import__.medical_device_category_6840_11,,"用于检测人体样本中的胰蛋白酶活性。临床上用于胰腺疾病的辅助诊断。",,"Ⅱ"
medical_device_category_6840_11-11048,"胰弹性蛋白酶1（E1）检测试剂",6840-11-11048,__import__.medical_device_category_6840_11,,"用于检测人体样本中的胰弹性蛋白酶1（E1）。临床上用于与胃肠病状相关的胰腺疾病、急性胰腺炎的辅助诊断。",,"Ⅱ"
medical_device_category_6840_11-11049,"乙醇脱氢酶检测试剂",6840-11-11049,__import__.medical_device_category_6840_11,,"用于检测人体样本中的乙醇脱氢酶活性。临床上用于肝脏疾病的辅助诊断。",,"Ⅱ"
medical_device_category_6840_11-11050,"卵磷脂胆固醇酰基转移酶检测试剂",6840-11-11050,__import__.medical_device_category_6840_11,,"用于检测人体样本中的卵磷脂胆固醇酰基转移酶活性。临床上用于肝胆系统疾病的辅助诊断。",,"Ⅱ"
medical_device_category_6840_11-11051,"胸腺嘧啶核苷激酶1检测试剂",6840-11-11051,__import__.medical_device_category_6840_11,,"用于检测人体样本中的胸腺嘧啶核苷激酶1（胸苷激酶1，TK1）。临床上用于肿瘤增殖的监测。",,"Ⅱ"
medical_device_category_6840_11-11052,"α-L-岩藻糖苷酶检测试剂",6840-11-11052,__import__.medical_device_category_6840_11,,"用于检测人体样本中的α-L-岩藻糖苷酶含量。临床上用于慢性肝炎、肝硬化、肝癌的治疗监测。",,"Ⅱ"
medical_device_category_6840_11-11053,"神经元特异性烯醇化酶（NSE）检测试剂",6840-11-11053,__import__.medical_device_category_6840_11,,"用于检测人体样本中的神经元特异性烯醇化酶（NSE）含量。临床上用于肺癌和神经母细胞瘤等的治疗监测和复发监测。",,"Ⅱ"
medical_device_category_6840_11-11054,"白细胞酯酶检测试剂",6840-11-11054,__import__.medical_device_category_6840_11,,"用于检测人体样本中的白细胞酯酶活性。临床上用于生殖系统炎症的辅助诊断。",,"Ⅱ"
medical_device_category_6840_12-12001,"总胆固醇检测试剂",6840-12-12001,__import__.medical_device_category_6840_12,,"用于检测人体样本中的总胆固醇含量。临床上用于高胆固醇血症的辅助诊断。",,"Ⅱ"
medical_device_category_6840_12-12002,"游离胆固醇检测试剂",6840-12-12002,__import__.medical_device_category_6840_12,,"用于检测人体样本中的游离胆固醇含量。临床上用于肝脏疾病的辅助诊断。",,"Ⅱ"
medical_device_category_6840_12-12003,"甘油三酯检测试剂",6840-12-12003,__import__.medical_device_category_6840_12,,"用于检测人体样本中的甘油三酯含量。临床上用于高甘油三酯血症、动脉粥样硬化、冠心病的辅助诊断。",,"Ⅱ"
medical_device_category_6840_12-12004,"游离脂肪酸检测试剂",6840-12-12004,__import__.medical_device_category_6840_12,,"用于检测人体样本中的游离脂肪酸含量。临床上用于高脂血症、冠心病和动脉粥样硬化的辅助诊断。",,"Ⅱ"
medical_device_category_6840_12-12005,"高密度脂蛋白胆固醇检测试剂",6840-12-12005,__import__.medical_device_category_6840_12,,"用于检测人体样本中的高密度脂蛋白胆固醇含量。临床上用于高胆固醇血症、冠心病和动脉粥样硬化的辅助诊断。",,"Ⅱ"
medical_device_category_6840_12-12006,"低密度脂蛋白胆固醇检测试剂",6840-12-12006,__import__.medical_device_category_6840_12,,"用于检测人体样本中的低密度脂蛋白胆固醇含量。临床上用于高胆固醇血症、冠心病和动脉粥样硬化的辅助诊断。",,"Ⅱ"
medical_device_category_6840_12-12007,"脂蛋白（a）检测试剂",6840-12-12007,__import__.medical_device_category_6840_12,,"用于检测人体样本中的脂蛋白（a）含量。临床上用于评价心血管疾病风险。",,"Ⅱ"
medical_device_category_6840_12-12008,"载脂蛋白A1检测试剂",6840-12-12008,__import__.medical_device_category_6840_12,,"用于检测人体样本中的载脂蛋白A1（A-I）含量。临床上用于评价心血管疾病风险。",,"Ⅱ"
medical_device_category_6840_12-12009,"载脂蛋白A2检测试剂",6840-12-12009,__import__.medical_device_category_6840_12,,"用于检测人体样本中的载脂蛋白A2（A-II）含量。临床上用于评价心血管疾病风险。",,"Ⅱ"
medical_device_category_6840_12-12010,"载脂蛋白B检测试剂",6840-12-12010,__import__.medical_device_category_6840_12,,"用于检测人体样本中的载脂蛋白B含量。临床上用于评价心血管疾病风险。",,"Ⅱ"
medical_device_category_6840_12-12011,"载脂蛋白C2检测试剂",6840-12-12011,__import__.medical_device_category_6840_12,,"用于检测人体样本中的载脂蛋白C2含量。临床上用于评价心血管疾病风险。",,"Ⅱ"
medical_device_category_6840_12-12012,"载脂蛋白C3检测试剂",6840-12-12012,__import__.medical_device_category_6840_12,,"用于检测人体样本中的载脂蛋白C3含量。临床上用于评价心血管疾病风险。",,"Ⅱ"
medical_device_category_6840_12-12013,"载脂蛋白E检测试剂",6840-12-12013,__import__.medical_device_category_6840_12,,"用于检测人体样本中的载脂蛋白E含量。临床上用于评价心血管疾病风险。",,"Ⅱ"
medical_device_category_6840_12-12014,"脂蛋白残粒胆固醇检测试剂",6840-12-12014,__import__.medical_device_category_6840_12,,"用于检测人体样本中的脂蛋白残粒胆固醇含量。临床上用于评价心血管疾病风险。",,"Ⅱ"
medical_device_category_6840_12-12015,"小而密低密度脂蛋白胆固醇检测试剂",6840-12-12015,__import__.medical_device_category_6840_12,,"用于检测人体样本中小而密低密度脂蛋白胆固醇的含量。临床上用于冠心病和动脉粥样硬化的辅助诊断。",,"Ⅱ"
medical_device_category_6840_12-12016,"乙酰乙酸检测试剂",6840-12-12016,__import__.medical_device_category_6840_12,,"用于检测人体样本中的乙酰乙酸含量。临床上用于酮症酸中毒的辅助诊断。",,"Ⅱ"
medical_device_category_6840_12-12017,"氧化型低密度脂蛋白检测试剂",6840-12-12017,__import__.medical_device_category_6840_12,,"用于检测人体样本中的氧化低密度脂蛋白（ox-LDL）含量。临床上用于冠心病和动脉粥样硬化相关疾病的辅助诊断。",,"Ⅱ"
medical_device_category_6840_13-13001,"25-羟基维生素D2检测试剂",6840-13-13001,__import__.medical_device_category_6840_13,,"用于检测人体样本中的25-羟基维生素D2含量。临床上用于维生素D缺乏相关疾病的辅助诊断。",,"Ⅱ"
medical_device_category_6840_13-13002,"25-羟基维生素D3检测试剂",6840-13-13002,__import__.medical_device_category_6840_13,,"用于检测人体样本中的25-羟基维生素D3含量。临床上用于维生素D缺乏相关疾病的辅助诊断。",,"Ⅱ"
medical_device_category_6840_13-13003,"25-羟基维生素D检测试剂",6840-13-13003,__import__.medical_device_category_6840_13,,"用于检测人体样本中的25-羟基维生素D含量。临床上用于维生素D缺乏相关疾病的辅助诊断。",,"Ⅱ"
medical_device_category_6840_13-13004,"1,25-二羟基维生素D3检测试剂",6840-13-13004,__import__.medical_device_category_6840_13,,"用于检测人体样本中1,25-二羟基维生素D3含量。临床上用于维生素D缺乏相关疾病的辅助诊断。",,"Ⅱ"
medical_device_category_6840_13-13005,"维生素B12检测试剂",6840-13-13005,__import__.medical_device_category_6840_13,,"用于检测人体样本中的维生素B12（Vitamin B12，VB12）含量。临床上用于维生素B12缺乏相关疾病的辅助诊断。",,"Ⅱ"
medical_device_category_6840_13-13006,"全转运钴胺素检测试剂",6840-13-13006,__import__.medical_device_category_6840_13,,"用于检测人体样本中的全转运钴胺素（活性维生素B12）。临床上用于维生素B12缺乏症的辅助诊断。",,"Ⅱ"
medical_device_category_6840_13-13007,"叶酸检测试剂",6840-13-13007,__import__.medical_device_category_6840_13,,"用于检测人体样本中叶酸（维生素B9）含量。临床上用于巨幼红细胞性贫血的辅助诊断。",,"Ⅱ"
medical_device_category_6840_13-13008,"红细胞叶酸检测试剂",6840-13-13008,__import__.medical_device_category_6840_13,,"用于检测人体样本中的红细胞叶酸含量。临床上用于巨幼红细胞性贫血的辅助诊断。",,"Ⅱ"
medical_device_category_6840_13-13009,"维生素A检测试剂",6840-13-13009,__import__.medical_device_category_6840_13,,"用于检测人体样本中的维生素A含量。临床上用于维生素A缺乏相关疾病的辅助诊断。",,"Ⅱ"
medical_device_category_6840_13-13010,"维生素C检测试剂",6840-13-13010,__import__.medical_device_category_6840_13,,"用于检测人体样本中的维生素C含量。临床上用于维生素C缺乏的辅助诊断。",,"Ⅱ"
medical_device_category_6840_13-13011,"维生素E检测试剂",6840-13-13011,__import__.medical_device_category_6840_13,,"用于检测人体样本中的维生素E含量。临床上用于维生素E缺乏相关疾病的辅助诊断。",,"Ⅱ"
medical_device_category_6840_13-13012,"水溶性维生素检测试剂",6840-13-13012,__import__.medical_device_category_6840_13,,"用于检测人体样本中的维生素B1、维生素B2、维生素B3、维生素B5、维生素B6、维生素B7、维生素B9、维生素B12、维生素C等水溶性维生素含量。临床上用于水溶性维生素缺乏相关疾病的辅助诊断。",,"Ⅱ"
medical_device_category_6840_13-13013,"脂溶性维生素检测试剂",6840-13-13013,__import__.medical_device_category_6840_13,,"用于检测人体样本中的维生素A、维生素D、维生素E、维生素K含量。临床上用于脂溶性维生素蓄积或缺乏所引起的疾病如维生素中毒和发育迟缓的辅助诊断。",,"Ⅱ"
medical_device_category_6840_14-14001,"碘检测试剂",6840-14-14001,__import__.medical_device_category_6840_14,,"用于检测人体样本中的碘含量。临床上用于甲状腺疾病的辅助诊断。",,"Ⅱ"
medical_device_category_6840_14-14002,"氨检测试剂",6840-14-14002,__import__.medical_device_category_6840_14,,"用于检测人体样本中的氨含量。临床上用于肝性脑病、肝脏疾病的辅助诊断。",,"Ⅱ"
medical_device_category_6840_14-14003,"氯检测试剂",6840-14-14003,__import__.medical_device_category_6840_14,,"用于检测人体样本中的氯含量。临床上用于氯代谢紊乱的辅助诊断。",,"Ⅱ"
medical_device_category_6840_14-14004,"二氧化碳检测试剂",6840-14-14004,__import__.medical_device_category_6840_14,,"用于检测人体样本中的二氧化碳含量。临床上作为体内酸碱平衡的评价指标。",,"Ⅱ"
medical_device_category_6840_14-14005,"锂检测试剂",6840-14-14005,__import__.medical_device_category_6840_14,,"用于检测人体样本中的锂含量。临床上用于锂盐中毒的辅助诊断。",,"Ⅱ"
medical_device_category_6840_14-14006,"铅检测试剂",6840-14-14006,__import__.medical_device_category_6840_14,,"用于检测人体样本中的铅含量。临床上用于铅中毒的辅助诊断。",,"Ⅱ"
medical_device_category_6840_14-14007,"镉检测试剂",6840-14-14007,__import__.medical_device_category_6840_14,,"用于检测人体样本中的镉含量。临床上用于镉中毒的辅助诊断。",,"Ⅱ"
medical_device_category_6840_14-14008,"钙检测试剂",6840-14-14008,__import__.medical_device_category_6840_14,,"用于检测人体样本中的钙离子含量。临床上用于钙代谢紊乱的辅助诊断。",,"Ⅱ"
medical_device_category_6840_14-14009,"铜检测试剂",6840-14-14009,__import__.medical_device_category_6840_14,,"用于检测人体样本中的铜离子含量。临床上用于铜代谢紊乱的辅助诊断。",,"Ⅱ"
medical_device_category_6840_14-14010,"钾检测试剂",6840-14-14010,__import__.medical_device_category_6840_14,,"用于检测人体样本中的钾离子含量。临床上用于钾代谢紊乱的辅助诊断。",,"Ⅱ"
medical_device_category_6840_14-14011,"镁检测试剂",6840-14-14011,__import__.medical_device_category_6840_14,,"用于检测人体样本中的镁离子含量。临床上用于镁代谢紊乱的辅助诊断。",,"Ⅱ"
medical_device_category_6840_14-14012,"钠检测试剂",6840-14-14012,__import__.medical_device_category_6840_14,,"用于检测人体样本中的钠离子含量。临床上用于钠代谢紊乱的辅助诊断。",,"Ⅱ"
medical_device_category_6840_14-14013,"磷检测试剂",6840-14-14013,__import__.medical_device_category_6840_14,,"用于检测人体样本中的磷含量。临床上用于磷代谢紊乱的辅助诊断。",,"Ⅱ"
medical_device_category_6840_14-14014,"锌检测试剂",6840-14-14014,__import__.medical_device_category_6840_14,,"用于检测人体样本中的锌离子含量。临床上用于锌代谢紊乱的辅助诊断。",,"Ⅱ"
medical_device_category_6840_14-14015,"铁检测试剂",6840-14-14015,__import__.medical_device_category_6840_14,,"用于检测人体样本中的铁离子含量。临床上用于贫血及铁代谢的相关疾病的辅助诊断。",,"Ⅱ"
medical_device_category_6840_14-14016,"总铁结合力检测试剂",6840-14-14016,__import__.medical_device_category_6840_14,,"用于检测人体样本中的总铁结合力含量。临床上用于贫血、铁中毒的辅助诊断。",,"Ⅱ"
medical_device_category_6840_14-14017,"不饱和铁结合力检测试剂",6840-14-14017,__import__.medical_device_category_6840_14,,"用于检测人体样本中的不饱和铁结合力含量。临床上用于贫血、肝功能障碍等由铁代谢异常引起的疾病的辅助诊断。",,"Ⅱ"
medical_device_category_6840_14-14018,"一氧化氮检测试剂",6840-14-14018,__import__.medical_device_category_6840_14,,"用于检测人体样本中的一氧化氮。临床上用于哮喘疾病的辅助诊断及治疗效果的监测。",,"Ⅱ"
medical_device_category_6840_14-14019,"汞检测试剂",6840-14-14019,__import__.medical_device_category_6840_14,,"用于检测人体样本中的汞含量。临床上用于汞中毒的辅助诊断。",,"Ⅱ"
medical_device_category_6840_14-14020,"铬检测试剂",6840-14-14020,__import__.medical_device_category_6840_14,,"用于检测人体样本中的铬含量。临床上用于铬中毒的辅助诊断。",,"Ⅱ"
medical_device_category_6840_14-14021,"锰检测试剂",6840-14-14021,__import__.medical_device_category_6840_14,,"用于检测人体样本中的锰含量。临床上用于锰中毒的辅助诊断。",,"Ⅱ"
medical_device_category_6840_15-15001,"他克莫司检测试剂",6840-15-15001,__import__.medical_device_category_6840_15,,"用于检测人体样本中的他克莫司浓度。临床上用于他克莫司血药浓度的监测。",,"Ⅱ"
medical_device_category_6840_15-15002,"妥布霉素检测试剂",6840-15-15002,__import__.medical_device_category_6840_15,,"用于检测人体样本中的妥布霉素浓度。临床上用于妥布霉素血药浓度的监测。",,"Ⅱ"
medical_device_category_6840_15-15003,"环孢霉素检测试剂",6840-15-15003,__import__.medical_device_category_6840_15,,"用于检测人体样本中的环孢霉素浓度。临床上用于环孢霉素血药浓度的监测。",,"Ⅱ"
medical_device_category_6840_15-15004,"庆大霉素检测试剂",6840-15-15004,__import__.medical_device_category_6840_15,,"用于检测人体样本中的庆大霉素浓度。临床上用于庆大霉素血药浓度的监测。",,"Ⅱ"
medical_device_category_6840_15-15005,"万古霉素检测试剂",6840-15-15005,__import__.medical_device_category_6840_15,,"用于检测人体样本中的万古霉素浓度。临床上用于万古霉素血药浓度的监测。",,"Ⅱ"
medical_device_category_6840_15-15006,"甲氨蝶呤检测试剂",6840-15-15006,__import__.medical_device_category_6840_15,,"用于检测人体样本中的甲氨蝶呤浓度。临床上用于甲氨蝶呤血药浓度的监测。",,"Ⅱ"
medical_device_category_6840_15-15007,"丙戊酸检测试剂",6840-15-15007,__import__.medical_device_category_6840_15,,"用于检测人体样本中的丙戊酸浓度。临床上用于丙戊酸血药浓度的监测。",,"Ⅱ"
medical_device_category_6840_15-15008,"霉酚酸检测试剂",6840-15-15008,__import__.medical_device_category_6840_15,,"用于检测人体样本中的霉酚酸浓度。临床上用于霉酚酸血药浓度的监测。",,"Ⅱ"
medical_device_category_6840_15-15009,"醋氨酚检测试剂",6840-15-15009,__import__.medical_device_category_6840_15,,"用于检测人体样本中的醋氨酚浓度。临床上用于醋氨酚血药浓度的监测。",,"Ⅱ"
medical_device_category_6840_15-15010,"水杨酸检测试剂",6840-15-15010,__import__.medical_device_category_6840_15,,"用于检测人体样本中的水杨酸浓度。临床上用于水杨酸血药浓度的监测。",,"Ⅱ"
medical_device_category_6840_15-15011,"对乙酰氨基酚检测试剂",6840-15-15011,__import__.medical_device_category_6840_15,,"用于检测人体样本中的对乙酰氨基酚浓度。临床上用于对乙酰氨基酚血药浓度的监测。",,"Ⅱ"
medical_device_category_6840_15-15012,"卡马西平检测试剂",6840-15-15012,__import__.medical_device_category_6840_15,,"用于检测人体样本中的卡马西平浓度。临床上用于卡马西平血药浓度的监测。",,"Ⅱ"
medical_device_category_6840_15-15013,"茶碱检测试剂",6840-15-15013,__import__.medical_device_category_6840_15,,"用于检测人体样本中的茶碱浓度。临床上用于茶碱血药浓度的监测。",,"Ⅱ"
medical_device_category_6840_15-15014,"地高辛检测试剂",6840-15-15014,__import__.medical_device_category_6840_15,,"用于检测人体样本中的地高辛浓度。临床上用于地高辛血药浓度的监测。",,"Ⅱ"
medical_device_category_6840_15-15015,"苯妥英检测试剂",6840-15-15015,__import__.medical_device_category_6840_15,,"用于检测人体样本中的苯妥英浓度。临床上用于苯妥英血药浓度的监测。",,"Ⅱ"
medical_device_category_6840_15-15016,"5-氟尿嘧啶检测试剂",6840-15-15016,__import__.medical_device_category_6840_15,,"用于检测人体样本中的5-氟尿嘧啶（5-Fu）浓度。临床上用于5-氟尿嘧啶血药浓度的监测。",,"Ⅱ"
medical_device_category_6840_15-15017,"奥氮平检测试剂",6840-15-15017,__import__.medical_device_category_6840_15,,"用于检测人体样本中的奥氮平（OLZ）浓度。临床上用于奥氮平血药浓度的监测。",,"Ⅱ"
medical_device_category_6840_15-15018,"奥卡西平检测试剂",6840-15-15018,__import__.medical_device_category_6840_15,,"用于检测人体样本中的奥卡西平浓度。临床上用于奥卡西平血药浓度的监测。",,"Ⅱ"
medical_device_category_6840_15-15019,"伏立康唑检测试剂",6840-15-15019,__import__.medical_device_category_6840_15,,"用于检测人体样本中的伏立康唑浓度。临床上用于伏立康唑血药浓度的监测。",,"Ⅱ"
medical_device_category_6840_15-15020,"利奈唑胺检测试剂",6840-15-15020,__import__.medical_device_category_6840_15,,"用于检测人体样本中的利奈唑胺浓度。临床上用于利奈唑胺血药浓度的监测。",,"Ⅱ"
medical_device_category_6840_15-15021,"利培酮检测试剂",6840-15-15021,__import__.medical_device_category_6840_15,,"用于检测人体样本中的利培酮浓度。临床上用于利培酮血药浓度的监测。",,"Ⅱ"
medical_device_category_6840_15-15022,"紫杉醇检测试剂",6840-15-15022,__import__.medical_device_category_6840_15,,"用于检测人体样本中的紫杉醇浓度。临床上用于紫杉醇血药浓度的监测。",,"Ⅱ"
medical_device_category_6840_15-15023,"多西紫杉醇检测试剂",6840-15-15023,__import__.medical_device_category_6840_15,,"用于检测人体样本中的多西紫杉醇浓度。临床上用于多西紫杉醇血药浓度的监测。",,"Ⅱ"
medical_device_category_6840_15-15024,"艾司西酞普兰检测试剂",6840-15-15024,__import__.medical_device_category_6840_15,,"用于检测人体样本中的艾司西酞普兰浓度。临床上用于艾司西酞普兰血药浓度的监测。",,"Ⅱ"
medical_device_category_6840_15-15025,"氨磺必利检测试剂",6840-15-15025,__import__.medical_device_category_6840_15,,"用于检测人体样本中的氨磺必利浓度。临床上用于氨磺必利血药浓度的监测。",,"Ⅱ"
medical_device_category_6840_15-15026,"喹硫平检测试剂",6840-15-15026,__import__.medical_device_category_6840_15,,"用于检测人体样本中的喹硫平（QTP）浓度。临床上用于喹硫平（QTP）血药浓度的监测。",,"Ⅱ"
medical_device_category_6840_15-15027,"拉莫三嗪检测试剂",6840-15-15027,__import__.medical_device_category_6840_15,,"用于检测人体样本中的拉莫三嗪浓度。临床上用于拉莫三嗪血药浓度的监测。",,"Ⅱ"
medical_device_category_6840_15-15028,"氯氮平检测试剂",6840-15-15028,__import__.medical_device_category_6840_15,,"用于检测人体样本中的氯氮平浓度。临床上用于氯氮平血药浓度的监测。",,"Ⅱ"
medical_device_category_6840_15-15029,"帕罗西汀检测试剂",6840-15-15029,__import__.medical_device_category_6840_15,,"用于检测人体样本中的帕罗西汀浓度。临床上用于帕罗西汀血药浓度的监测。",,"Ⅱ"
medical_device_category_6840_15-15030,"舍曲林检测试剂",6840-15-15030,__import__.medical_device_category_6840_15,,"用于检测人体样本中的舍曲林浓度。临床上用于舍曲林血药浓度的监测。",,"Ⅱ"
medical_device_category_6840_15-15031,"托吡酯检测试剂",6840-15-15031,__import__.medical_device_category_6840_15,,"用于检测人体样本中的托吡酯浓度。临床上用于托吡酯血药浓度的监测。",,"Ⅱ"
medical_device_category_6840_15-15032,"文拉法辛检测试剂",6840-15-15032,__import__.medical_device_category_6840_15,,"用于检测人体样本中的文拉法辛浓度。临床上用于文拉法辛血药浓度的监测。",,"Ⅱ"
medical_device_category_6840_15-15033,"氟康唑检测试剂",6840-15-15033,__import__.medical_device_category_6840_15,,"用于检测人体样本中的氟康唑浓度。临床上用于氟康唑血药浓度的监测。",,"Ⅱ"
medical_device_category_6840_15-15034,"雷帕霉素检测试剂",6840-15-15034,__import__.medical_device_category_6840_15,,"用于检测人体样本中的雷帕霉素浓度。临床上用于雷帕霉素血药浓度的监测。",,"Ⅱ"
medical_device_category_6840_15-15035,"酰胺醇类药物检测试剂",6840-15-15035,__import__.medical_device_category_6840_15,,"用于检测人体样本中的酰胺醇类（氯霉素类）浓度。临床上用于酰胺醇类（氯霉素类）血药浓度的监测。",,"Ⅱ"
medical_device_category_6840_15-15036,"亚甲蓝检测试剂",6840-15-15036,__import__.medical_device_category_6840_15,,"用于检测人体样本中的亚甲蓝浓度。临床上用于亚甲蓝血药浓度的监测。",,"Ⅱ"
medical_device_category_6840_15-15037,"伊马替尼检测试剂",6840-15-15037,__import__.medical_device_category_6840_15,,"用于检测人体样本中的伊马替尼浓度。临床上用于伊马替尼血药浓度的监测。",,"Ⅱ"
medical_device_category_6840_15-15038,"伊曲康唑检测试剂",6840-15-15038,__import__.medical_device_category_6840_15,,"用于检测人体样本中的伊曲康唑浓度。临床上用于伊曲康唑血药浓度的监测。",,"Ⅱ"
medical_device_category_6840_15-15039,"英夫利西单抗检测试剂",6840-15-15039,__import__.medical_device_category_6840_15,,"用于检测人体样本中的英夫利西单抗浓度。临床上用于英夫利西单抗血药浓度的监测。",,"Ⅱ"
medical_device_category_6840_15-15040,"荧光素钠检测试剂",6840-15-15040,__import__.medical_device_category_6840_15,,"用于检测人体样本中的荧光素钠浓度。临床上用于荧光素钠血药浓度的监测。",,"Ⅱ"
medical_device_category_6840_15-15041,"阿立哌唑检测试剂",6840-15-15041,__import__.medical_device_category_6840_15,,"用于检测人体样本中的阿立哌唑浓度。临床上用于阿立哌唑血药浓度的监测。",,"Ⅱ"
medical_device_category_6840_15-15042,"左乙拉西坦检测试剂",6840-15-15042,__import__.medical_device_category_6840_15,,"用于检测人体样本中的左乙拉西坦浓度。临床上用于左乙拉西坦血药浓度的监测。",,"Ⅱ"
medical_device_category_6840_15-15043,"唑尼沙胺检测试剂",6840-15-15043,__import__.medical_device_category_6840_15,,"用于检测人体样本中的唑尼沙胺浓度。临床上用于唑尼沙胺血药浓度的监测。",,"Ⅱ"
medical_device_category_6840_15-15044,"N-乙酰普鲁卡因胺检测试剂",6840-15-15044,__import__.medical_device_category_6840_15,,"用于检测人体样本中的N-乙酰普鲁卡因胺浓度。临床上用于N-乙酰普鲁卡因胺血药浓度的监测。",,"Ⅱ"
medical_device_category_6840_15-15045,"普鲁卡因胺检测试剂",6840-15-15045,__import__.medical_device_category_6840_15,,"用于检测人体样本中的普鲁卡因胺浓度。临床上用于普鲁卡因血药浓度的监测。",,"Ⅱ"
medical_device_category_6840_15-15046,"利多卡因检测试剂",6840-15-15046,__import__.medical_device_category_6840_15,,"用于检测人体样本中的利多卡因浓度。临床上用于利多卡因血药浓度的监测。",,"Ⅱ"
medical_device_category_6840_15-15047,"普里米酮检测试剂",6840-15-15047,__import__.medical_device_category_6840_15,,"用于检测人体样本中的普里米酮浓度。临床上用于普里米酮血药浓度的监测。",,"Ⅱ"
medical_device_category_6840_15-15048,"溴哌利多检测试剂",6840-15-15048,__import__.medical_device_category_6840_15,,"用于检测人体样本中的溴哌利多浓度。临床上用于溴哌利多血药浓度的监测。",,"Ⅱ"
medical_device_category_6840_15-15049,"3-甲氧基酪胺检测试剂",6840-15-15049,__import__.medical_device_category_6840_15,,"用于检测人体尿液样本中3-甲氧基酪胺浓度。临床上用于3-甲氧基酪胺血药浓度的监测。",,"Ⅱ"
medical_device_category_6840_15-15050,"阿达木单抗检测试剂",6840-15-15050,__import__.medical_device_category_6840_15,,"用于检测人体样本中的阿达木单抗浓度。临床上用于阿达木单抗血药浓度的监测。",,"Ⅱ"
medical_device_category_6840_16-16001,"抗β2糖蛋白1抗体检测试剂",6840-16-16001,__import__.medical_device_category_6840_16,,"用于检测人体样本中的抗β2糖蛋白1（β2-GP1）抗体/IgA抗体/IgM抗体/IgG抗体。临床上用于抗磷脂综合征（APS）、系统性红斑狼疮（SLE）的辅助诊断。",,"Ⅱ"
medical_device_category_6840_16-16002,"抗β2糖蛋白I结构域1抗体试剂",6840-16-16002,__import__.medical_device_category_6840_16,,"用于检测人体样本中的抗β2糖蛋白I结构域1抗体。临床上用于抗磷脂综合征（APS）的辅助诊断。",,"Ⅱ"
medical_device_category_6840_16-16003,"抗水通道蛋白4抗体检测试剂",6840-16-16003,__import__.medical_device_category_6840_16,,"用于检测人体样本中的抗水通道蛋白4（AQP4）抗体。临床上用于视神经脊髓炎谱系病（NMOSD）的辅助诊断。",,"Ⅱ"
medical_device_category_6840_16-16004,"抗大疱性类天疱疮抗原180抗体检测试剂",6840-16-16004,__import__.medical_device_category_6840_16,,"用于检测人体样本中的抗大疱性类天疱疮抗原180（BP180）抗体。临床上用于大疱性类天疱疮的辅助诊断。",,"Ⅱ"
medical_device_category_6840_16-16005,"抗大疱性类天疱疮抗原230抗体检测试剂",6840-16-16005,__import__.medical_device_category_6840_16,,"用于检测人体样本中的抗大疱性类天疱疮抗原230（BP230）抗体。临床上用于大疱性类天疱疮的辅助诊断。",,"Ⅱ"
medical_device_category_6840_16-16006,"抗可溶性肝抗原-肝胰抗原抗体检测试剂",6840-16-16006,__import__.medical_device_category_6840_16,,"用于检测人体样本中的抗可溶性肝抗原-肝胰抗原（SLA/LP）抗体。临床上用于自身免疫性肝炎的辅助诊断。",,"Ⅱ"
medical_device_category_6840_16-16007,"抗可溶性肝抗原抗体检测试剂",6840-16-16007,__import__.medical_device_category_6840_16,,"用于检测人体样本中的抗可溶性肝抗原（SLA）抗体。临床上用于自身免疫性肝炎的辅助诊断。",,"Ⅱ"
medical_device_category_6840_16-16008,"抗蛋白酶3抗体检测试剂",6840-16-16008,__import__.medical_device_category_6840_16,,"用于检测人体样本中的抗蛋白酶3（PR3）抗体。临床上用于在Wegener肉芽肿（WG）血管炎等抗中性粒细胞胞浆抗体（ANCA）相关性血管炎的辅助诊断。",,"Ⅱ"
medical_device_category_6840_16-16009,"抗促甲状腺素受体抗体检测试剂",6840-16-16009,__import__.medical_device_category_6840_16,,"用于检测人体样本中的抗促甲状腺素受体（TSHR）抗体。临床上用于毒性弥漫性甲状腺肿（Graves）疾病的辅助诊断。",,"Ⅱ"
medical_device_category_6840_16-16010,"抗甲状腺过氧化物酶抗体检测试剂",6840-16-16010,__import__.medical_device_category_6840_16,,"用于检测人体样本中的抗甲状腺过氧化物酶抗体（TPOAb）。临床上用于自身免疫性甲状腺疾病的辅助诊断。",,"Ⅱ"
medical_device_category_6840_16-16011,"抗甲状腺球蛋白抗体检测试剂",6840-16-16011,__import__.medical_device_category_6840_16,,"用于检测人体样本中抗甲状腺球蛋白抗体（TGAb），临床上用于甲亢、慢性甲状腺炎以及甲状腺异常，如慢性淋巴球甲状腺炎、非毒性甲状腺肿、Grave病的辅助诊断。",,"Ⅱ"
medical_device_category_6840_16-16012,"抗M2-3E抗体检测试剂",6840-16-16012,__import__.medical_device_category_6840_16,,"用于检测人体样本中的抗M2-3E抗体。临床上用于原发性胆汁性胆管炎（PBC）的辅助诊断。",,"Ⅱ"
medical_device_category_6840_16-16013,"抗补体1q抗体检测试剂",6840-16-16013,__import__.medical_device_category_6840_16,,"用于检测人体样本中的抗补体1q（C1q）抗体。临床上用于狼疮肾炎、低补体血症性荨麻疹性血管炎（HUVS）、膜增生性肾小球肾炎（MPGN）等疾病的辅助诊断。",,"Ⅱ"
medical_device_category_6840_16-16014,"抗组氨酰tRNA合成酶抗体检测试剂",6840-16-16014,__import__.medical_device_category_6840_16,,"用于检测人体样本中的抗组氨酰tRNA合成酶（Jo-1）抗体。临床上用于多发性肌炎/皮肌炎（PM/DM）的辅助诊断。",,"Ⅱ"
medical_device_category_6840_16-16015,"抗苏氨酰tRNA合成酶抗体检测试剂",6840-16-16015,__import__.medical_device_category_6840_16,,"用于检测人体样本中的抗苏氨酰tRNA合成酶（PL-7）抗体。临床上用于多发性肌炎的辅助诊断。",,"Ⅱ"
medical_device_category_6840_16-16016,"抗丙氨酰tRNA合成酶抗体检测试剂",6840-16-16016,__import__.medical_device_category_6840_16,,"用于检测人体样本中的抗丙氨酰tRNA合成酶（PL-12）抗体。临床上用于多发性肌炎的辅助诊断。",,"Ⅱ"
medical_device_category_6840_16-16017,"抗甘氨酰tRNA合成酶抗体检测试剂",6840-16-16017,__import__.medical_device_category_6840_16,,"用于检测人体样本中的抗甘氨酰tRNA合成酶（EJ）抗体。临床上用于多发性肌炎的辅助诊断。",,"Ⅱ"
medical_device_category_6840_16-16018,"抗信号识别粒子（SRP）抗体检测试剂",6840-16-16018,__import__.medical_device_category_6840_16,,"用于检测人体样本中的抗信号识别粒子（SRP）抗体。临床上用于免疫介导性坏死性肌病的辅助诊断。",,"Ⅱ"
medical_device_category_6840_16-16019,"抗Mi-2抗体检测试剂",6840-16-16019,__import__.medical_device_category_6840_16,,"用于检测人体样本中的抗Mi-2抗体。临床上用于皮肌炎（DM）的辅助诊断。",,"Ⅱ"
medical_device_category_6840_16-16020,"抗PM-Scl抗体检测试剂",6840-16-16020,__import__.medical_device_category_6840_16,,"用于检测人体样本中的抗PM-Scl抗体。临床上用于肌炎/重叠综合征等自身免疫疾病的辅助诊断。",,"Ⅱ"
medical_device_category_6840_16-16021,"抗RA33抗体检测试剂",6840-16-16021,__import__.medical_device_category_6840_16,,"用于检测人体样本中的抗RA33（异质性核糖核蛋白A2）抗体。临床上用于类风湿关节炎（RA），以及系统性红斑狼疮（SLE）或混合结缔组织病（MCTD）的辅助诊断。",,"Ⅱ"
medical_device_category_6840_16-16022,"抗Scl-70抗体检测试剂",6840-16-16022,__import__.medical_device_category_6840_16,,"用于检测人体样本中的抗Scl-70（DNA拓扑异构酶Ⅰ）抗体。临床上用于系统性硬化症（SSc）的辅助诊断。",,"Ⅱ"
medical_device_category_6840_16-16023,"抗Sm抗体检测试剂",6840-16-16023,__import__.medical_device_category_6840_16,,"用于检测人体样本中的抗Sm抗体。临床上用于系统红斑狼疮的辅助诊断。",,"Ⅱ"
medical_device_category_6840_16-16024,"抗Sp100抗体检测试剂",6840-16-16024,__import__.medical_device_category_6840_16,,"用于检测人体样本中的抗Sp100抗体。临床上用于原发性胆汁性胆管炎（PBC）的辅助诊断。",,"Ⅱ"
medical_device_category_6840_16-16025,"抗Ro-52抗体检测试剂",6840-16-16025,__import__.medical_device_category_6840_16,,"用于检测人体样本中的抗Ro-52抗体。临床上用于干燥综合征等自身免疫病的辅助诊断。",,"Ⅱ"
medical_device_category_6840_16-16026,"抗Ro-60抗体检测试剂",6840-16-16026,__import__.medical_device_category_6840_16,,"用于检测人体样本中的抗Ro-60抗体。临床上用于干燥综合征等自身免疫病的辅助诊断。",,"Ⅱ"
medical_device_category_6840_16-16027,"抗SSA/Ro抗体检测试剂",6840-16-16027,__import__.medical_device_category_6840_16,,"用于检测人体样本中的抗SSA/Ro抗体。临床上用于干燥综合征（SS）、类风湿关节炎、系统性红斑狼疮（SLE）、亚急性皮肤性狼疮、新生儿红斑狼疮、补体C2/C4缺乏症等疾病的辅助诊断。",,"Ⅱ"
medical_device_category_6840_16-16028,"抗SSB抗体检测试剂",6840-16-16028,__import__.medical_device_category_6840_16,,"用于检测人体样本中的抗SSB抗体。临床上用于干燥综合征（SS）、系统性红斑狼疮（SLE）、多克隆高丙种球蛋白血病与冷球蛋白血症等疾病的辅助诊断。",,"Ⅱ"
medical_device_category_6840_16-16029,"抗α-胞衬蛋白抗体检测试剂",6840-16-16029,__import__.medical_device_category_6840_16,,"用于检测人体样本中的抗α-胞衬蛋白抗体。临床上用于干燥综合征的辅助诊断。",,"Ⅱ"
medical_device_category_6840_16-16030,"抗肝肾微粒抗体检测试剂",6840-16-16030,__import__.medical_device_category_6840_16,,"用于检测人体样本中的抗肝肾微粒体（LKM）抗体。临床上用于自身免疫性肝炎的辅助诊断。",,"Ⅱ"
medical_device_category_6840_16-16031,"抗谷氨酸脱羧酶抗体检测试剂",6840-16-16031,__import__.medical_device_category_6840_16,,"用于检测人体样本中的抗谷氨酸脱羧酶（GAD）抗体。临床上用于Ⅰ型糖尿病的辅助诊断。",,"Ⅱ"
medical_device_category_6840_16-16032,"抗核抗体检测试剂",6840-16-16032,__import__.medical_device_category_6840_16,,"用于检测人体样本中的抗核抗体（ANA）。临床上用于系统性红斑狼疮（SLE）、类风湿关节炎（RA）和干燥综合征（SS）等多种自身免疫病的辅助诊断。",,"Ⅱ"
medical_device_category_6840_16-16033,"抗核糖核蛋白抗体检测试剂",6840-16-16033,__import__.medical_device_category_6840_16,,"用于检测人体样本中的抗核糖核蛋白（RNP）抗体。临床上用于混合性结缔组织病（MCTD）、系统性红斑狼疮（SLE）、全身性进行性硬化症（PSS）、类风湿性关节炎的辅助诊断。",,"Ⅱ"
medical_device_category_6840_16-16034,"抗U1核糖核蛋白抗体检测试剂",6840-16-16034,__import__.medical_device_category_6840_16,,"用于检测人体样本中的抗U1核糖核蛋白（U1RNP）抗体。临床上用于混合性结缔组织病（MCTD）的辅助诊断。",,"Ⅱ"
medical_device_category_6840_16-16035,"抗核糖体P蛋白抗体检测试剂",6840-16-16035,__import__.medical_device_category_6840_16,,"用于检测人体样本中的抗核糖体P蛋白（Ribosomal P）抗体。临床上用于系统性红斑狼疮的辅助诊断。",,"Ⅱ"
medical_device_category_6840_16-16036,"抗核糖核蛋白70抗体检测试剂",6840-16-16036,__import__.medical_device_category_6840_16,,"用于检测人体样本中的抗核糖核蛋白70抗体。临床上用于混合性结缔组织病（MCTD）的辅助诊断。",,"Ⅱ"
medical_device_category_6840_16-16037,"抗核小体抗体检测试剂",6840-16-16037,__import__.medical_device_category_6840_16,,"用于检测人体样本中的抗核小体抗体。临床上用于系统性红斑狼疮（SLE）疾病活动性评估及狼疮性肾炎的辅助诊断。",,"Ⅱ"
medical_device_category_6840_16-16038,"抗环瓜氨酸肽抗体检测试剂",6840-16-16038,__import__.medical_device_category_6840_16,,"用于检测人体样本中的抗环状瓜氨酸肽（CCP）抗体。临床上用于类风湿关节炎（RA）的辅助诊断。",,"Ⅱ"
medical_device_category_6840_16-16039,"抗甲状腺微粒体抗体检测试剂",6840-16-16039,__import__.medical_device_category_6840_16,,"用于检测人体样本中的抗甲状腺微粒体抗体。临床上用于自身免疫性甲状腺炎的辅助诊断。",,"Ⅱ"
medical_device_category_6840_16-16040,"抗角蛋白抗体检测试剂",6840-16-16040,__import__.medical_device_category_6840_16,,"用于检测人体样本中的抗角蛋白（AKA）抗体。临床上用于类风湿关节炎（RA）的辅助诊断。",,"Ⅱ"
medical_device_category_6840_16-16041,"抗精子抗体检测试剂",6840-16-16041,__import__.medical_device_category_6840_16,,"用于检测人体样本中的抗精子抗体（AsAb）。临床上用于受孕能力下降或不孕的辅助诊断。",,"Ⅱ"
medical_device_category_6840_16-16042,"抗卵巢抗体检测试剂",6840-16-16042,__import__.medical_device_category_6840_16,,"用于检测人体样本中的抗卵巢抗体。临床上用于自身免疫性卵巢炎的辅助诊断。",,"Ⅱ"
medical_device_category_6840_16-16043,"抗酪氨酸磷酸酶抗体检测试剂",6840-16-16043,__import__.medical_device_category_6840_16,,"用于检测人体样本中的抗酪氨酸磷酸酶（IA-2）抗体。临床上用于Ⅰ型糖尿病的辅助诊断。",,"Ⅱ"
medical_device_category_6840_16-16044,"抗麦胶蛋白抗体检测试剂",6840-16-16044,__import__.medical_device_category_6840_16,,"用于检测人体样本中的抗麦胶蛋白抗体。临床上用于乳糜泻等的辅助诊断。",,"Ⅱ"
medical_device_category_6840_16-16045,"抗内皮细胞抗体检测试剂",6840-16-16045,__import__.medical_device_category_6840_16,,"用于检测人体样本中的抗内皮细胞抗体。临床上用于原发性、继发性自身免疫性血管炎、特发性肾脏血管炎、系统性红斑狼疮（SLE）、类风湿关节炎（RA）相关性血管炎、混合性结缔组织病及原发性干燥综合征的辅助诊断。",,"Ⅱ"
medical_device_category_6840_16-16046,"抗平滑肌抗体检测试剂",6840-16-16046,__import__.medical_device_category_6840_16,,"用于检测人体样本中的抗平滑肌抗体。临床上用于自身免疫性肝炎的辅助诊断。",,"Ⅱ"
medical_device_category_6840_16-16047,"抗人绒毛膜促性腺激素抗体检测试剂",6840-16-16047,__import__.medical_device_category_6840_16,,"用于检测人体样本中的抗人绒毛膜促性腺激素抗体。临床上用于女性不孕的辅助诊断。",,"Ⅱ"
medical_device_category_6840_16-16048,"抗肾小球基底膜抗体检测试剂",6840-16-16048,__import__.medical_device_category_6840_16,,"用于检测人体样本中的抗肾小球基底膜（GBM）抗体。临床上用于肺出血肾炎综合征（Goodpasture）、急进型肾小球肾炎及免疫复合物型肾小球肾炎等肾小球肾炎的辅助诊断。",,"Ⅱ"
medical_device_category_6840_16-16049,"抗单链DNA抗体检测试剂",6840-16-16049,__import__.medical_device_category_6840_16,,"用于检测人体样本中的抗单链DNA（ssDNA）抗体。临床上用于药物性狼疮等疾病的辅助诊断。",,"Ⅱ"
medical_device_category_6840_16-16050,"抗双链DNA抗体检测试剂",6840-16-16050,__import__.medical_device_category_6840_16,,"用于检测人体样本中的抗双链DNA（dsDNA）抗体。临床上用于系统性红斑狼疮等疾病的辅助诊断。",,"Ⅱ"
medical_device_category_6840_16-16051,"抗髓过氧化物酶抗体检测试剂",6840-16-16051,__import__.medical_device_category_6840_16,,"用于检测人体样本中的抗髓过氧化物酶（MPO）抗体。临床上用于肉芽肿性多血管炎（GPA）、显微镜下多血管炎等原发性系统性血管炎的辅助诊断。",,"Ⅱ"
medical_device_category_6840_16-16052,"抗透明带抗体检测试剂",6840-16-16052,__import__.medical_device_category_6840_16,,"用于检测人体样本中的抗透明带抗体。临床上用于不孕症的辅助诊断。",,"Ⅱ"
medical_device_category_6840_16-16053,"抗脱氧核糖核酸酶B抗体检测试剂",6840-16-16053,__import__.medical_device_category_6840_16,,"用于检测人体样本中的抗脱氧核糖核酸酶B抗体。临床上用于急性链球菌感染后的肾小球肾炎以及合并有链球菌感染的系统性红斑狼疮的辅助诊断。",,"Ⅱ"
medical_device_category_6840_16-16054,"抗线粒体抗体检测试剂",6840-16-16054,__import__.medical_device_category_6840_16,,"用于检测人体样本中的抗线粒体抗体（AMA）/AMA-M2。临床上用于原发性胆汁性胆管炎的辅助诊断。",,"Ⅱ"
medical_device_category_6840_16-16055,"抗心肌抗体检测试剂",6840-16-16055,__import__.medical_device_category_6840_16,,"用于检测人体样本中的抗心肌抗体。临床上用于心肌炎、特发性扩张性心肌病、风湿热及风湿性心脏病、心梗后综合征、心包切开术后综合征以及重症肌无力的辅助诊断。",,"Ⅱ"
medical_device_category_6840_16-16056,"抗心磷脂抗体检测试剂",6840-16-16056,__import__.medical_device_category_6840_16,,"用于检测人体样本中的抗心磷脂抗体/IgA抗体/IgM抗体/IgG抗体。临床上用于抗磷脂抗体综合征、系统性红斑狼疮的辅助诊断。",,"Ⅱ"
medical_device_category_6840_16-16057,"抗血小板抗体检测试剂",6840-16-16057,__import__.medical_device_category_6840_16,,"用于检测人体样本中的抗血小板抗体。临床上用于免疫性血小板减少性紫癜、新生儿血小板减少性紫癜和假性血小板减少症等疾病的辅助诊断。不用于输血相关的检测。",,"Ⅱ"
medical_device_category_6840_16-16058,"抗胰岛素抗体检测试剂",6840-16-16058,__import__.medical_device_category_6840_16,,"用于检测人体样本中抗胰岛素抗体（IAB）。临床上用于Ⅰ型糖尿病的辅助诊断。",,"Ⅱ"
medical_device_category_6840_16-16059,"抗胰岛细胞抗体检测试剂",6840-16-16059,__import__.medical_device_category_6840_16,,"用于检测人体样本中的抗胰岛细胞抗体（ICA）。临床上用于Ⅰ型糖尿病的辅助诊断。",,"Ⅱ"
medical_device_category_6840_16-16060,"抗着丝点抗体检测试剂",6840-16-16060,__import__.medical_device_category_6840_16,,"用于检测人体样本中的抗着丝点抗体。临床上用于进行性系统性硬化症（局限型）的辅助诊断。",,"Ⅱ"
medical_device_category_6840_16-16061,"抗着丝点蛋白B抗体检测试剂",6840-16-16061,__import__.medical_device_category_6840_16,,"用于检测人体样本中的抗着丝点蛋白B（CENP-B）抗体。临床上用于Crest综合征的辅助诊断。",,"Ⅱ"
medical_device_category_6840_16-16062,"抗中性粒细胞胞浆抗体检测试剂",6840-16-16062,__import__.medical_device_category_6840_16,,"用于检测人体样本中的抗中性粒细胞胞浆抗体（ANCA）。临床上用于原发性小血管炎、炎症性肠病和自身免疫性肝病等多种自身免疫病的辅助诊断。",,"Ⅱ"
medical_device_category_6840_16-16063,"抗滋养层细胞抗体检测试剂",6840-16-16063,__import__.medical_device_category_6840_16,,"用于检测人体样本中的抗滋养层细胞抗体。临床上用于不孕症的辅助诊断。",,"Ⅱ"
medical_device_category_6840_16-16064,"抗子宫内膜抗体检测试剂",6840-16-16064,__import__.medical_device_category_6840_16,,"用于检测人体样本中的抗子宫内膜抗体。临床上用于子宫内膜异位症的辅助诊断。",,"Ⅱ"
medical_device_category_6840_16-16065,"抗组蛋白抗体检测试剂",6840-16-16065,__import__.medical_device_category_6840_16,,"用于检测人体样本中的抗组蛋白抗体。临床上用于系统性红斑狼疮（SLE）等结缔组织病的辅助诊断。",,"Ⅱ"
medical_device_category_6840_16-16066,"抗可提取核抗原抗体检测试剂",6840-16-16066,__import__.medical_device_category_6840_16,,"用于检测人体样本中的抗可提取核抗原（ENA）抗体。临床上用于包括混合性结缔组织病、系统性红斑狼疮、干燥综合征、多发性肌炎、系统性硬化以及合并有肌炎的系统性硬化等结缔组织病的辅助诊断。",,"Ⅱ"
medical_device_category_6840_16-16067,"类风湿因子抗体检测试剂",6840-16-16067,__import__.medical_device_category_6840_16,,"用于检测人体样本中的类风湿因子抗体/IgA抗体/IgG抗体/IgM抗体。临床上用于类风湿关节炎（RA）的辅助诊断。",,"Ⅱ"
medical_device_category_6840_16-16068,"抗酿酒酵母抗体检测试剂",6840-16-16068,__import__.medical_device_category_6840_16,,"用于检测人体样本中的抗酿酒酵母抗体（ASCA）。临床上用于克罗恩肠病的辅助诊断。",,"Ⅱ"
medical_device_category_6840_16-16069,"抗桥粒芯蛋白1抗体检测试剂",6840-16-16069,__import__.medical_device_category_6840_16,,"用于检测人体样本中的抗桥粒芯糖蛋白1（Dsg1）抗体。临床上用于落叶型天疱疮的辅助诊断。",,"Ⅱ"
medical_device_category_6840_16-16070,"抗桥粒芯蛋白3抗体检测试剂",6840-16-16070,__import__.medical_device_category_6840_16,,"用于检测人体样本中的抗桥粒芯糖蛋白3（Dsg3）抗体。临床上用于寻常型天疱疮的辅助诊断。",,"Ⅱ"
medical_device_category_6840_16-16071,"抗增殖细胞核抗原抗体检测试剂",6840-16-16071,__import__.medical_device_category_6840_16,,"用于检测人体样本中的抗增殖细胞核抗原（PCNA）抗体。临床上用于系统性红斑狼疮（SLE）的辅助诊断。",,"Ⅱ"
medical_device_category_6840_16-16072,"抗肝细胞浆I型抗原抗体检测试剂",6840-16-16072,__import__.medical_device_category_6840_16,,"用于检测人体样本中的抗肝细胞浆I型抗原（LC-1）抗体。临床上用于Ⅱ型自身免疫性肝炎（AIH-2）的辅助诊断。",,"Ⅱ"
medical_device_category_6840_16-16073,"抗核周因子检测试剂",6840-16-16073,__import__.medical_device_category_6840_16,,"用于检测人体样本中的抗核周因子（APF）。临床上用于类风湿关节炎的辅助诊断。",,"Ⅱ"
medical_device_category_6840_16-16074,"抗内因子抗体检测试剂",6840-16-16074,__import__.medical_device_category_6840_16,,"用于检测人体样本中的抗内因子（IF）抗体。临床上用于自身免疫性萎缩性胃炎及恶性贫血的辅助诊断。",,"Ⅱ"
medical_device_category_6840_16-16075,"抗凝血素抗体检测试剂",6840-16-16075,__import__.medical_device_category_6840_16,,"用于检测人体样本中的抗凝血素抗体。临床上用于系统性红斑狼疮或类狼疮疾病是否形成血栓的辅助诊断。",,"Ⅱ"
medical_device_category_6840_16-16076,"抗胃壁细胞抗体检测试剂",6840-16-16076,__import__.medical_device_category_6840_16,,"用于检测人体样本中的抗胃壁细胞抗体（PCA）。临床上用于恶性贫血（维生素B12缺乏）和萎缩性胃炎的辅助诊断。",,"Ⅱ"
medical_device_category_6840_16-16077,"抗核膜糖蛋白210抗体检测试剂",6840-16-16077,__import__.medical_device_category_6840_16,,"用于检测人体样本中的抗核膜糖蛋白210（Gp210）抗体。临床上用于原发性胆汁性胆管炎的辅助诊断。",,"Ⅱ"
medical_device_category_6840_16-16078,"抗组织谷氨酰胺转移酶抗体检测试剂",6840-16-16078,__import__.medical_device_category_6840_16,,"用于检测人体样本中的抗组织谷氨酰胺转移酶（tTG）抗体。临床上用于Ⅰ型糖尿病和乳糜泻的辅助诊断。",,"Ⅱ"
medical_device_category_6840_16-16079,"抗突变型瓜氨酸波形蛋白抗体检测试剂",6840-16-16079,__import__.medical_device_category_6840_16,,"用于检测人体样本中的抗突变型瓜氨酸波形蛋白（MCV）抗体。临床上用于风湿性疾病的辅助诊断。",,"Ⅱ"
medical_device_category_6840_16-16080,"抗小肠杯状细胞抗体检测试剂",6840-16-16080,__import__.medical_device_category_6840_16,,"用于检测人体样本中的抗小肠杯状细胞抗体。临床用于炎症性肠病的辅助诊断。",,"Ⅱ"
medical_device_category_6840_16-16081,"抗锌转运蛋白8抗体检测试剂",6840-16-16081,__import__.medical_device_category_6840_16,,"用于检测人体样本中的抗锌转运蛋白8（ZnT8）抗体。临床上用于Ⅰ型糖尿病的辅助诊断。",,"Ⅱ"
medical_device_category_6840_16-16082,"抗N-甲基-D-天冬氨酸受体抗体检测试剂",6840-16-16082,__import__.medical_device_category_6840_16,,"用于检测人体样本中的抗N-甲基-D-天冬氨酸（NMDA）受体抗体。临床上用于抗N甲基-D-天冬氨酸受体脑炎的辅助诊断。",,"Ⅱ"
medical_device_category_6840_16-16083,"抗F-肌动蛋白抗体检测试剂",6840-16-16083,__import__.medical_device_category_6840_16,,"用于检测人体样本中的抗F-肌动蛋白抗体。临床上用于Ⅰ型自身免疫肝炎的辅助诊断。",,"Ⅱ"
medical_device_category_6840_16-16084,"抗肌动蛋白抗体检测试剂",6840-16-16084,__import__.medical_device_category_6840_16,,"用于检测人体样本中的抗肌动蛋白抗体。临床上用于Ⅰ型自身免疫肝炎的辅助诊断。",,"Ⅱ"
medical_device_category_6840_16-16085,"抗棘细胞桥粒抗体检测试剂",6840-16-16085,__import__.medical_device_category_6840_16,,"用于检测人体样本中的抗表皮棘细胞桥粒抗体。临床上用于大疱性皮肤病的辅助诊断。",,"Ⅱ"
medical_device_category_6840_16-16086,"抗肌内膜抗体检测试剂",6840-16-16086,__import__.medical_device_category_6840_16,,"用于检测人体样本中的抗肌内膜抗体（endomysial antibodies，EMA）。临床上用于麸质敏感性肠病的辅助诊断。",,"Ⅱ"
medical_device_category_6840_16-16087,"抗去酰胺基麦胶蛋白多肽抗体检测试剂",6840-16-16087,__import__.medical_device_category_6840_16,,"用于检测人体样本中的抗去酰胺基麦胶蛋白多肽抗体。临床上用于乳糜泻疾病的辅助诊断。",,"Ⅱ"
medical_device_category_6840_16-16088,"抗磷脂酶A2受体抗体检测试剂",6840-16-16088,__import__.medical_device_category_6840_16,,"用于检测人体样本中的抗磷脂酶A2受体（PLA2R）抗体。临床上用于特发性膜性肾病的辅助诊断。",,"Ⅱ"
medical_device_category_6840_16-16089,"抗钙蛋白酶抑素抗体检测试剂",6840-16-16089,__import__.medical_device_category_6840_16,,"用于检测人体样本中的抗钙蛋白酶抑素抗体。临床上用于类风湿关节炎的辅助诊断。",,"Ⅱ"
medical_device_category_6840_16-16090,"抗弹性蛋白酶抗体检测试剂",6840-16-16090,__import__.medical_device_category_6840_16,,"用于检测人体样本中的抗弹性蛋白酶抗体。临床上用于系统性红斑狼疮、药物性血管炎和原发性胆汁性肝硬化的辅助诊断。",,"Ⅱ"
medical_device_category_6840_16-16091,"抗Ki-1抗体检测试剂",6840-16-16091,__import__.medical_device_category_6840_16,,"用于检测人体样本中的抗Ki-1（蛋白酶体激活因子PA28-γ）抗体。临床上用于系统性红斑狼疮（SLE）与干燥综合征（SS）的辅助诊断。",,"Ⅱ"
medical_device_category_6840_16-16092,"抗表皮抗原抗体检测试剂",6840-16-16092,__import__.medical_device_category_6840_16,,"用于检测人体样本中的抗表皮抗原抗体。临床上用于天疱疮、类天疱疮和多形红斑（大疱性）等皮肤病的辅助诊断。",,"Ⅱ"
medical_device_category_6840_16-16093,"抗Ku抗体检测试剂",6840-16-16093,__import__.medical_device_category_6840_16,,"用于检测人体样本中的抗Ku抗体。临床上用于系统性硬化症、多发性肌炎以及其他结缔组织病的辅助诊断。",,"Ⅱ"
medical_device_category_6840_16-16094,"抗胰腺腺泡抗体",6840-16-16094,__import__.medical_device_category_6840_16,,"用于检测人体样本中的抗胰腺腺泡抗体。临床上用于溃疡性结肠炎和克罗恩病的辅助诊断。",,"Ⅱ"
medical_device_category_6840_16-16095,"抗磷脂酰丝氨酸/凝血酶原抗体检测试剂",6840-16-16095,__import__.medical_device_category_6840_16,,"用于检测人体样本中的抗磷脂酰丝氨酸/凝血酶原抗体。临床上用于抗磷脂抗体综合征（APS）的辅助诊断。",,"Ⅱ"
medical_device_category_6840_16-16096,"抗肾上腺皮质抗体检测试剂",6840-16-16096,__import__.medical_device_category_6840_16,,"用于检测人体样本中的抗肾上腺皮质抗体。临床上用于自身免疫性原发性肾上腺皮质功能减退症（Addison）、I型自身免疫性多腺体综合征的辅助诊断。",,"Ⅱ"
medical_device_category_6840_16-16097,"抗胸腺细胞抗体检测试剂",6840-16-16097,__import__.medical_device_category_6840_16,,"用于检测人体样本中的抗胸腺细胞抗体。临床上用于重症肌无力的辅助诊断。",,"Ⅱ"
medical_device_category_6840_16-16098,"抗血小板膜糖蛋白GPⅡβ/Ⅲα抗体检测试剂",6840-16-16098,__import__.medical_device_category_6840_16,,"用于检测人体样本中的抗血小板膜糖蛋白GPⅡβ/Ⅲα抗体。临床上用于原发性或继发性自身免疫性血小板减少性紫癜的辅助诊断。不用于输血相关的检测。",,"Ⅱ"
medical_device_category_6840_16-16099,"抗血小板膜糖蛋白GPⅠβ/Ⅸ抗体检测试剂",6840-16-16099,__import__.medical_device_category_6840_16,,"用于检测人体样本中的抗血小板膜糖蛋白GPⅠβ/Ⅸ抗体。临床上用于原发性或继发性自身免疫性血小板减少性紫癜的辅助诊断。不用于输血相关的检测",,"Ⅱ"
medical_device_category_6840_16-16100,"狼疮抗凝物检测试剂",6840-16-16100,__import__.medical_device_category_6840_16,,"用于检测人体样本中的狼疮抗凝物质（LA）。临床上用于抗磷脂综合征、系统性红斑狼疮等疾病的辅助诊断。",,"Ⅱ"
medical_device_category_6840_17-17001,"肺炎链球菌药敏试剂",6840-17-17001,__import__.medical_device_category_6840_17,,"用于肺炎链球菌药物敏感性的检测。临床上用于抗肺炎链球菌药物的用药指导。",,"Ⅱ"
medical_device_category_6840_17-17002,"嗜血杆菌药敏试剂",6840-17-17002,__import__.medical_device_category_6840_17,,"用于嗜血杆菌药物敏感性的检测。临床上用于抗嗜血杆菌药物的用药指导。",,"Ⅱ"
medical_device_category_6840_17-17003,"真菌药敏试剂",6840-17-17003,__import__.medical_device_category_6840_17,,"用于真菌药物敏感性的检测。临床上用于抗真菌药物的用药指导。",,"Ⅱ"
medical_device_category_6840_17-17004,"改良真菌药敏培养基",6840-17-17004,__import__.medical_device_category_6840_17,,"用于真菌的分离培养和药物敏感性的检测。临床上用于抗真菌药物的用药指导。",,"Ⅱ"
medical_device_category_6840_17-17005,"酵母样真菌鉴定试剂",6840-17-17005,__import__.medical_device_category_6840_17,,"用于酵母样真菌的鉴定。临床上用于酵母样真菌感染的辅助诊断。",,"Ⅱ"
medical_device_category_6840_17-17006,"酵母样真菌药敏试剂",6840-17-17006,__import__.medical_device_category_6840_17,,"用于酵母样真菌包括念珠菌属、隐球菌属对于抗酵母样真菌药物的敏感性的检测。临床上用于抗真菌药物的用药指导。",,"Ⅱ"
medical_device_category_6840_17-17007,"霉菌显色平板",6840-17-17007,__import__.medical_device_category_6840_17,,"用于霉菌的分离、培养、鉴别。临床上用于霉菌感染的辅助诊断。",,"Ⅱ"
medical_device_category_6840_17-17008,"念珠菌显色琼脂培养基",6840-17-17008,__import__.medical_device_category_6840_17,,"用于念珠菌的分离、培养、鉴别。临床上用于念珠菌感染的辅助诊断。",,"Ⅱ"
medical_device_category_6840_17-17009,"氧化酶检测试剂",6840-17-17009,__import__.medical_device_category_6840_17,,"用于检测细菌经培养后产生的氧化酶。临床上用于氧化酶阳性的细菌包括假单胞菌属、气单胞菌属和奈瑟菌属的鉴别。",,"Ⅱ"
medical_device_category_6840_17-17010,"大肠埃希菌显色培养基",6840-17-17010,__import__.medical_device_category_6840_17,,"用于大肠埃希菌的分离、培养、鉴别。临床上用于大肠埃希菌感染的辅助诊断。",,"Ⅱ"
medical_device_category_6840_17-17011,"大肠埃希菌O157显色培养基",6840-17-17011,__import__.medical_device_category_6840_17,,"用于大肠埃希菌O157的分离、培养、鉴别。临床上用于大肠埃希菌O157感染的辅助诊断。",,"Ⅱ"
medical_device_category_6840_17-17012,"大肠埃希菌O157：H7显色培养基",6840-17-17012,__import__.medical_device_category_6840_17,,"用于大肠埃希菌O157：H7的分离、培养、鉴别。临床上用于大肠埃希菌O157：H7感染的辅助诊断。",,"Ⅱ"
medical_device_category_6840_17-17013,"分枝杆菌培养基",6840-17-17013,__import__.medical_device_category_6840_17,,"用于分枝杆菌的分离培养。临床上用于分枝杆菌感染的辅助诊断。",,"Ⅱ"
medical_device_category_6840_17-17014,"改良罗氏培养基",6840-17-17014,__import__.medical_device_category_6840_17,,"用于分枝杆菌的分离培养。临床上用于分枝杆菌感染的辅助诊断。",,"Ⅱ"
medical_device_category_6840_17-17015,"含溶血素分枝杆菌/真菌培养瓶",6840-17-17015,__import__.medical_device_category_6840_17,,"用于分枝杆菌、真菌的分离培养。临床上用于分枝杆菌、真菌感染的辅助诊断。",,"Ⅱ"
medical_device_category_6840_17-17016,"分枝杆菌培养管",6840-17-17016,__import__.medical_device_category_6840_17,,"用于分枝杆菌的培养。临床上用于分枝杆菌感染的辅助诊断。",,"Ⅱ"
medical_device_category_6840_17-17017,"分枝杆菌培养添加剂试剂",6840-17-17017,__import__.medical_device_category_6840_17,,"与配套培养基共同使用，用于分枝杆菌的培养与检测。",,"Ⅱ"
medical_device_category_6840_17-17018,"结核分枝杆菌药敏试剂",6840-17-17018,__import__.medical_device_category_6840_17,,"用于结核分枝杆菌的分离培养和药物敏感性的检测。临床上用于抗结核分枝杆菌药物的用药指导。",,"Ⅱ"
medical_device_category_6840_17-17019,"结核分枝杆菌用吡嗪酰胺药敏试剂",6840-17-17019,__import__.medical_device_category_6840_17,,"用于结核分枝杆菌对吡嗪酰胺药物敏感性的检测。临床上用于对吡嗪酰胺抗结核分枝杆菌感染的用药指导。",,"Ⅱ"
medical_device_category_6840_17-17020,"结核分枝杆菌用链霉素药敏试剂",6840-17-17020,__import__.medical_device_category_6840_17,,"用于结核分枝杆菌对链霉素药物敏感性的检测。临床上用于对链霉素抗结核分枝杆菌感染的用药指导。",,"Ⅱ"
medical_device_category_6840_17-17021,"结核分枝杆菌用乙胺丁醇药敏试剂",6840-17-17021,__import__.medical_device_category_6840_17,,"用于结核分枝杆菌对乙胺丁醇药物敏感性的检测。临床上用于对乙胺丁醇抗结核分枝杆菌感染的用药指导。",,"Ⅱ"
medical_device_category_6840_17-17022,"结核分枝杆菌用异烟肼药敏试剂",6840-17-17022,__import__.medical_device_category_6840_17,,"用于结核分枝杆菌对异烟肼药物敏感性的检测。临床上用于对异烟肼抗结核分枝杆菌感染的用药指导。",,"Ⅱ"
medical_device_category_6840_17-17023,"结核分枝杆菌用利福平药敏试剂",6840-17-17023,__import__.medical_device_category_6840_17,,"用于结核分枝杆菌对利福平的药物敏感性的检测。临床上用于对利福平抗结核分枝杆菌感染的用药指导。",,"Ⅱ"
medical_device_category_6840_17-17024,"革兰阳性菌鉴定试剂",6840-17-17024,__import__.medical_device_category_6840_17,,"用于革兰阳性球菌的鉴定。临床上用于革兰阳性菌感染的辅助诊断。",,"Ⅱ"
medical_device_category_6840_17-17025,"革兰阴性菌鉴定试剂",6840-17-17025,__import__.medical_device_category_6840_17,,"用于需氧和兼性厌氧革兰阴性菌的鉴定分离培养。临床上用于需氧和兼性厌氧革兰阴性菌感染的辅助诊断。",,"Ⅱ"
medical_device_category_6840_17-17026,"革兰阳性菌药敏试剂",6840-17-17026,__import__.medical_device_category_6840_17,,"用于革兰阳性球菌药物敏感性的检测。临床上用于抗革兰阳性菌药物的用药指导。",,"Ⅱ"
medical_device_category_6840_17-17027,"革兰阴性菌药敏试剂",6840-17-17027,__import__.medical_device_category_6840_17,,"用于革兰阴性菌药物敏感性的检测。临床上用于抗革兰阴性菌药物的用药指导。",,"Ⅱ"
medical_device_category_6840_17-17028,"弧菌显色培养基",6840-17-17028,__import__.medical_device_category_6840_17,,"用于霍乱弧菌、副溶血弧菌的分离、培养、鉴别。临床上用于霍乱弧菌、副溶血弧菌感染的辅助诊断。",,"Ⅱ"
medical_device_category_6840_17-17029,"弧菌科细菌鉴定/药敏试剂",6840-17-17029,__import__.medical_device_category_6840_17,,"用于弧菌科细菌鉴定/药物敏感性的检测。临床上用于抗弧菌科细菌药物的辅助诊断/用药指导。",,"Ⅱ"
medical_device_category_6840_17-17030,"葡萄球菌属鉴定试剂",6840-17-17030,__import__.medical_device_category_6840_17,,"用于葡萄球菌的分离、培养、鉴定。临床上用于葡萄球菌感染的辅助诊断。",,"Ⅱ"
medical_device_category_6840_17-17031,"葡萄球菌药敏试剂",6840-17-17031,__import__.medical_device_category_6840_17,,"用于葡萄球菌药物敏感性的检测。临床上用于抗葡萄球菌药物的用药指导。",,"Ⅱ"
medical_device_category_6840_17-17032,"金黄色葡萄球菌显色培养基",6840-17-17032,__import__.medical_device_category_6840_17,,"用于金黄色葡萄球菌的分离、培养、鉴别。临床上用于金黄色葡萄球菌感染的辅助诊断。",,"Ⅱ"
medical_device_category_6840_17-17033,"金黄色葡萄球菌鉴定试剂",6840-17-17033,__import__.medical_device_category_6840_17,,"用于对临床分离培养且经传统方法（形态学、革兰染色、触酶试验）确认为葡萄球菌后的纯化菌落样本，用乳胶凝集法进行的金黄色葡萄球菌鉴定。临床上用于金黄色葡萄球菌感染的辅助诊断。",,"Ⅱ"
medical_device_category_6840_17-17034,"耐甲氧西林金黄色葡萄球菌（MRSA）鉴定培养基",6840-17-17034,__import__.medical_device_category_6840_17,,"用于耐甲氧西林金黄色葡萄球菌（MRSA）的分离鉴定培养。临床上用于耐甲氧西林金黄色葡萄球菌感染的辅助诊断。",,"Ⅱ"
medical_device_category_6840_17-17035,"克氏铁琼脂斜面培养基",6840-17-17035,__import__.medical_device_category_6840_17,,"用于发酵及非发酵细菌的分离、培养、鉴别。临床上用于发酵及非发酵细菌感染的辅助诊断。",,"Ⅱ"
medical_device_category_6840_17-17036,"三糖铁琼脂斜面培养基",6840-17-17036,__import__.medical_device_category_6840_17,,"用于肠杆菌科中属及种的分离、培养、鉴别。临床上用于肠杆菌科中属及种感染的辅助诊断。",,"Ⅱ"
medical_device_category_6840_17-17037,"李斯特菌显色培养基",6840-17-17037,__import__.medical_device_category_6840_17,,"用于李斯特菌的分离、培养、鉴别。临床上用于李斯特菌感染的辅助诊断。",,"Ⅱ"
medical_device_category_6840_17-17038,"李斯特菌属鉴定试剂",6840-17-17038,__import__.medical_device_category_6840_17,,"用于李斯特菌属的分离、培养、鉴定。临床上用于李斯特菌属感染的辅助诊断。",,"Ⅱ"
medical_device_category_6840_17-17039,"沙门菌显色培养基",6840-17-17039,__import__.medical_device_category_6840_17,,"用于沙门菌的分离、培养、鉴别。临床上用于沙门菌感染的辅助诊断。",,"Ⅱ"
medical_device_category_6840_17-17040,"需氧培养基（瓶）",6840-17-17040,__import__.medical_device_category_6840_17,,"用于人体样本中需氧菌或兼性厌氧菌、真菌的培养。临床上用于需氧菌或兼性厌氧菌、真菌感染的辅助诊断。",,"Ⅱ"
medical_device_category_6840_17-17041,"厌氧菌药敏试剂",6840-17-17041,__import__.medical_device_category_6840_17,,"用于厌氧菌药物敏感性的检测。临床上用于抗厌氧菌药物的用药指导。",,"Ⅱ"
medical_device_category_6840_17-17042,"厌氧菌鉴定试剂",6840-17-17042,__import__.medical_device_category_6840_17,,"用于厌氧菌的鉴定。临床上用于厌氧菌感染的辅助诊断。",,"Ⅱ"
medical_device_category_6840_17-17043,"厌氧培养基（瓶）",6840-17-17043,__import__.medical_device_category_6840_17,,"用于厌氧菌或兼性厌氧菌的培养。临床上用于厌氧菌或兼性厌氧菌感染的辅助诊断。",,"Ⅱ"
medical_device_category_6840_17-17044,"需氧和兼性厌氧微生物培养瓶",6840-17-17044,__import__.medical_device_category_6840_17,,"用于需氧和兼性厌氧微生物的分离培养。临床上用于需氧和兼性厌氧菌感染的辅助诊断。",,"Ⅱ"
medical_device_category_6840_17-17045,"产超广谱β-内酰胺酶（ESBL）显色琼脂培养基",6840-17-17045,__import__.medical_device_category_6840_17,,"用于产超广谱β-内酰胺酶（ESBL）革兰阴性菌的分离培养。临床上用于产超广谱β-内酰胺酶革兰阴性菌感染的辅助诊断。",,"Ⅱ"
medical_device_category_6840_17-17046,"肠杆菌科细菌药敏试剂",6840-17-17046,__import__.medical_device_category_6840_17,,"用于肠杆菌科细菌药物敏感性的检测。临床上用于肠杆菌科细菌感染的用药指导。",,"Ⅱ"
medical_device_category_6840_17-17047,"肠杆菌科细菌鉴定试剂",6840-17-17047,__import__.medical_device_category_6840_17,,"用于肠杆菌科细菌的鉴定。临床上用于肠杆菌科细菌感染的辅助诊断。",,"Ⅱ"
medical_device_category_6840_17-17048,"肠杆菌科/氧化酶阴性革兰阴性杆菌鉴定药敏板",6840-17-17048,__import__.medical_device_category_6840_17,,"用于肠杆菌科/氧化酶阴性革兰阴性杆菌药物敏感性的检测。临床上用于肠杆菌/氧化酶阴性革兰阴性杆菌对药物的最低抑菌浓度（MIC）测定。",,"Ⅱ"
medical_device_category_6840_17-17049,"肠杆菌科和其他非苛养革兰阴性杆菌鉴定试剂",6840-17-17049,__import__.medical_device_category_6840_17,,"用于肠杆菌科和其他非苛养革兰阴性杆菌的增菌培养。临床上用于肠杆菌和其他非苛养革兰阴性杆菌感染的辅助诊断。",,"Ⅱ"
medical_device_category_6840_17-17050,"西蒙斯枸橼酸盐（SCA）琼脂斜面培养基",6840-17-17050,__import__.medical_device_category_6840_17,,"用于肠杆菌科细菌的培养鉴别。临床上用于肠杆菌的辅助诊断。",,"Ⅱ"
medical_device_category_6840_17-17051,"非发酵菌药敏试剂",6840-17-17051,__import__.medical_device_category_6840_17,,"用于非发酵菌药物敏感性的检测。临床上用于抗非发酵菌药物的用药指导。",,"Ⅱ"
medical_device_category_6840_17-17052,"铜绿假单胞菌药敏条",6840-17-17052,__import__.medical_device_category_6840_17,,"用于铜绿假单胞菌药物敏感性的检测。临床上用于铜绿假单胞菌对药物的最低抑菌浓度（MIC）测定。",,"Ⅱ"
medical_device_category_6840_17-17053,"鲍曼不动杆菌药敏条",6840-17-17053,__import__.medical_device_category_6840_17,,"用于鲍曼不动杆菌药物敏感性的检测。临床上用于鲍曼不动杆菌对药物的最低抑菌浓度（MIC）测定。",,"Ⅱ"
medical_device_category_6840_17-17054,"多重耐药不动杆菌显色琼脂培养基",6840-17-17054,__import__.medical_device_category_6840_17,,"用于多重耐药不动杆菌的分离、培养、鉴别。临床上用于多重耐药不动杆菌感染的辅助诊断。",,"Ⅱ"
medical_device_category_6840_17-17055,"非发酵菌鉴定/药敏试剂",6840-17-17055,__import__.medical_device_category_6840_17,,"用于非发酵菌鉴定/药物敏感性的检测。临床上用于抗非发酵菌药物的辅助诊断/用药指导。",,"Ⅱ"
medical_device_category_6840_17-17056,"泌尿道细菌显色培养基",6840-17-17056,__import__.medical_device_category_6840_17,,"用于泌尿道致病菌的分离、培养、鉴别。临床上用于泌尿道致病菌感染的辅助诊断。",,"Ⅱ"
medical_device_category_6840_17-17057,"芽孢杆菌鉴定/药敏试剂",6840-17-17057,__import__.medical_device_category_6840_17,,"用于芽孢杆菌鉴定/药物敏感性的检测。临床上用于抗芽孢杆菌药物的辅助诊断/用药指导。",,"Ⅱ"
medical_device_category_6840_17-17058,"奈瑟菌/嗜血杆菌鉴定试剂",6840-17-17058,__import__.medical_device_category_6840_17,,"用于奈瑟菌/嗜血杆菌属的分离、培养、鉴定。临床上用于奈瑟菌/嗜血杆菌属感染的辅助诊断。",,"Ⅱ"
medical_device_category_6840_17-17059,"奈瑟菌/嗜血杆菌药敏试剂",6840-17-17059,__import__.medical_device_category_6840_17,,"用于奈瑟菌/嗜血杆菌药物敏感性的检测。临床上用于抗奈瑟菌/嗜血杆菌药物的用药指导。",,"Ⅱ"
medical_device_category_6840_17-17060,"M-H琼脂培养基",6840-17-17060,__import__.medical_device_category_6840_17,,"用于非苛养菌（纸片扩散法或浓度梯度琼脂扩散法）抗生素敏感试验载体。临床上用于非苛养菌对抗菌药物的敏感试验。",,"Ⅱ"
medical_device_category_6840_17-17061,"含血M-H琼脂培养基",6840-17-17061,__import__.medical_device_category_6840_17,,"用于链球菌药物敏感性的检测。临床上用于链球菌对抗菌药物的敏感试验。",,"Ⅱ"
medical_device_category_6840_17-17062,"弯曲杆菌鉴定试剂",6840-17-17062,__import__.medical_device_category_6840_17,,"用于弯曲杆菌的鉴定。临床上用于弯曲杆菌感染的辅助诊断。",,"Ⅱ"
medical_device_category_6840_17-17063,"细菌微量生化反应管",6840-17-17063,__import__.medical_device_category_6840_17,,"用于细菌的生化鉴定。临床上用于细菌感染的辅助诊断。",,"Ⅱ"
medical_device_category_6840_17-17064,"解脲与人型支原体鉴定/药敏试剂",6840-17-17064,__import__.medical_device_category_6840_17,,"用于解脲与人型支原体的鉴定和药物敏感性的检测。临床上用于解脲与人型支原体感染的辅助诊断/用药指导。",,"Ⅱ"
medical_device_category_6840_17-17065,"生殖支原体培养基",6840-17-17065,__import__.medical_device_category_6840_17,,"用于生殖支原体的分离培养和鉴别。临床上用于生殖支原体感染的辅助诊断。",,"Ⅱ"
medical_device_category_6840_17-17066,"尿素-精氨酸培养基",6840-17-17066,__import__.medical_device_category_6840_17,,"用于泌尿生殖器解脲脲原体、人型支原体的检测。临床上用于解脲与人型支原体感染的辅助诊断。",,"Ⅱ"
medical_device_category_6840_17-17067,"人型支原体培养基",6840-17-17067,__import__.medical_device_category_6840_17,,"用于人型支原体的分离培养和鉴别。临床上用于人型支原体感染的辅助诊断。",,"Ⅱ"
medical_device_category_6840_17-17068,"解脲脲原体培养基",6840-17-17068,__import__.medical_device_category_6840_17,,"用于解脲脲原体的分离培养和鉴别。临床上用于解脲脲原体感染的辅助诊断。",,"Ⅱ"
medical_device_category_6840_17-17069,"肺炎支原体鉴定培养基",6840-17-17069,__import__.medical_device_category_6840_17,,"用于肺炎支原体的培养和鉴定。临床上用于肺炎支原体感染的辅助诊断。",,"Ⅱ"
medical_device_category_6840_17-17070,"肺炎支原体培养药敏试剂",6840-17-17070,__import__.medical_device_category_6840_17,,"用于肺炎支原体的分离培养和药物敏感性的检测。临床上用于抗肺炎支原体药物的用药指导。",,"Ⅱ"
medical_device_category_6840_17-17071,"链球菌鉴定试剂",6840-17-17071,__import__.medical_device_category_6840_17,,"用于链球菌、肠球菌的鉴定。临床上用于链球菌感染的辅助诊断。",,"Ⅱ"
medical_device_category_6840_17-17072,"链球菌药敏试剂",6840-17-17072,__import__.medical_device_category_6840_17,,"用于链球菌药物敏感性的检测。临床上用于抗链球菌药物的用药指导。",,"Ⅱ"
medical_device_category_6840_17-17073,"肠球菌药敏试剂",6840-17-17073,__import__.medical_device_category_6840_17,,"用于肠球菌药物敏感性的检测。临床上用于抗肠球菌药物的用药指导。",,"Ⅱ"
medical_device_category_6840_17-17074,"耐万古霉素肠球菌鉴定培养基",6840-17-17074,__import__.medical_device_category_6840_17,,"用于耐万古霉素肠球菌的分离、培养、鉴定。临床上用于耐万古霉素肠球菌感染的辅助诊断。",,"Ⅱ"
medical_device_category_6840_17-17075,"B群链球菌显色培养基/培养液",6840-17-17075,__import__.medical_device_category_6840_17,,"用于B群链球菌的分离、培养、鉴别。临床上用于B群链球菌感染的辅助诊断。",,"Ⅱ"
medical_device_category_6840_17-17076,"嗜血杆菌和卡他莫拉菌药敏试剂",6840-17-17076,__import__.medical_device_category_6840_17,,"用于嗜血杆菌和卡他莫拉菌药物敏感性的检测。临床上用于抗嗜血杆菌和卡他莫拉菌药物的用药指导。",,"Ⅱ"
medical_device_category_6840_17-17077,"苛养菌药敏琼脂平板",6840-17-17077,__import__.medical_device_category_6840_17,,"用于链球菌、嗜血杆菌或真菌的分离培养和药物敏感性的检测。临床上用于抗链球菌、嗜血杆菌或真菌药物的用药指导。",,"Ⅱ"
medical_device_category_6840_17-17078,"苛养菌鉴定试剂",6840-17-17078,__import__.medical_device_category_6840_17,,"用于鉴定和检测奈瑟球菌、嗜血杆菌、卡他莫拉菌以及阴道加特奈菌中β-内酰胺酶的生成，也可以对流感嗜血杆菌与副流感嗜血杆菌进行生物分型。临床上用于苛养菌感染的辅助诊断。",,"Ⅱ"
medical_device_category_6840_17-17079,"脆弱拟杆菌胆盐七叶苷培养基",6840-17-17079,__import__.medical_device_category_6840_17,,"用于对脆弱拟杆菌群的分离、培养、鉴别。临床上用于对脆弱拟杆菌群感染的辅助诊断。",,"Ⅱ"
medical_device_category_6840_17-17080,"碳青霉烯酶（KPC）显色琼脂培养基",6840-17-17080,__import__.medical_device_category_6840_17,,"用于产碳青霉烯酶（Klebsiella Pneumoniae Carbapenemase，KPC）的革兰阴性菌的分离、培养、鉴别。临床上用于产碳青霉烯酶的革兰阴性菌感染的辅助诊断。",,"Ⅱ"
medical_device_category_6840_17-17081,"棒状杆菌药敏试剂",6840-17-17081,__import__.medical_device_category_6840_17,,"用于棒状杆菌药物敏感性的检测。临床上用于抗棒状杆菌药物的用药指导。",,"Ⅱ"
medical_device_category_6840_17-17082,"棒状杆菌鉴定试剂",6840-17-17082,__import__.medical_device_category_6840_17,,"用于棒状杆菌的分离、培养、鉴定。临床上用于棒状杆菌感染的辅助诊断。",,"Ⅱ"
medical_device_category_6840_17-17083,"产气荚膜梭菌检测试剂",6840-17-17083,__import__.medical_device_category_6840_17,,"用于产气荚膜梭菌的鉴定。临床上用于产气荚膜梭菌感染的辅助诊断。",,"Ⅱ"
medical_device_category_6840_17-17084,"芽孢杆菌鉴定试剂",6840-17-17084,__import__.medical_device_category_6840_17,,"用于芽孢杆菌的鉴定。临床上用于芽孢杆菌感染的辅助诊断。",,"Ⅱ"
medical_device_category_6840_17-17085,"艰难梭菌（难辨梭菌）显色培养基",6840-17-17085,__import__.medical_device_category_6840_17,,"用于艰难梭菌（难辨梭菌）的分离、培养、鉴别。临床用于艰难梭菌感染的辅助诊断。",,"Ⅱ"
medical_device_category_6840_17-17086,"耐碳青霉烯类革兰阴性菌（CRE）显色琼脂平板",6840-17-17086,__import__.medical_device_category_6840_17,,"用于耐碳青霉烯类革兰阴性菌（CRE）的分离、培养、鉴别。临床用于耐碳青霉烯类革兰阴性菌感染的辅助诊断。",,"Ⅱ"
medical_device_category_6840_17-17087,"HTM培养基",6840-17-17087,__import__.medical_device_category_6840_17,,"用于流感嗜血杆菌对抗生素敏感性的检测。临床上用于抗流感嗜血杆菌药物的用药指导。",,"Ⅱ"
medical_device_category_6840_17-17088,"GC琼脂药敏培养基",6840-17-17088,__import__.medical_device_category_6840_17,,"用于淋病奈瑟菌药物敏感性的检测。临床上用于抗淋病奈瑟菌药物的用药指导。",,"Ⅱ"
medical_device_category_6840_17-17090,"SIM（硫化物、吲哚、动力）琼脂培养基管",6840-17-17090,__import__.medical_device_category_6840_17,,"用于辅助细菌鉴别，如新生霉素鉴别纸片、奥普托欣鉴别纸片、杆菌肽鉴别纸片等。临床用于细菌感染的辅助诊断。",,"Ⅱ"
medical_device_category_6840_17-17091,"细菌鉴别纸片",6840-17-17091,__import__.medical_device_category_6840_17,,"用于细菌（纸片扩散法）药物敏感性的检测。临床上用于抗菌药物的用药指导。",,"Ⅱ"
medical_device_category_6840_17-17092,"细菌药敏纸片",6840-17-17092,__import__.medical_device_category_6840_17,,"用于细菌（梯度扩散法）药物敏感性的检测。临床上用于抗菌药物的用药指导。",,"Ⅱ"
medical_device_category_6840_17-17093,"细菌药敏条",6840-17-17093,__import__.medical_device_category_6840_17,,"用于分离出的待测菌株对头孢哌酮/舒巴坦药物敏感性的检测。临床上用于头孢哌酮/舒巴坦的用药指导。",,"Ⅱ"
medical_device_category_6840_17-17094,"头孢哌酮/舒巴坦药敏条",6840-17-17094,__import__.medical_device_category_6840_17,,"用于分离出的待测菌株对氨苄西林/舒巴坦药物敏感性的检测。临床上用于氨苄西林/舒巴坦的用药指导。",,"Ⅱ"
medical_device_category_6840_17-17095,"氨苄西林/舒巴坦药敏纸片",6840-17-17095,__import__.medical_device_category_6840_17,,"用于分离出的待测菌株对头孢他啶/阿维巴坦药物敏感性的检测。临床上用于头孢他啶/阿维巴坦的用药指导。",,"Ⅱ"
medical_device_category_6840_17-17096,"头孢他啶/阿维巴坦药敏条/纸片",6840-17-17096,__import__.medical_device_category_6840_17,,"用于分离出的待测菌株对哌拉西林/他唑巴坦药物敏感性的检测。临床上用于哌拉西林/他唑巴坦的用药指导。",,"Ⅱ"
medical_device_category_6840_17-17097,"哌拉西林/他唑巴坦药敏条",6840-17-17097,__import__.medical_device_category_6840_17,,"用于分离出的待测菌株对阿莫西林/克拉维酸药物敏感性的检测。临床上用于阿莫西林/克拉维酸的用药指导。",,"Ⅱ"
medical_device_category_6840_17-17098,"阿莫西林/克拉维酸药敏条",6840-17-17098,__import__.medical_device_category_6840_17,,"用于分离出的待测菌株对磺胺甲恶唑/甲氧苄啶（复方新诺明）药物敏感性的检测。临床上用于磺胺甲恶唑/甲氧苄啶的用药指导。",,"Ⅱ"
medical_device_category_6840_17-17099,"磺胺甲恶唑/甲氧苄啶药敏纸片",6840-17-17099,__import__.medical_device_category_6840_17,,"用于分离出的待测菌株对磷霉素/氨丁三醇药物敏感性的检测。临床上用于磷霉素/氨丁三醇的用药指导。",,"Ⅱ"
medical_device_category_6840_17-17100,"磷霉素/氨丁三醇药敏纸片",6840-17-17100,__import__.medical_device_category_6840_17,,"用于分离出的待测菌株对阿米卡星药物敏感性的检测。临床上用于阿米卡星的用药指导。",,"Ⅱ"
medical_device_category_6840_17-17101,"阿米卡星药敏纸片",6840-17-17101,__import__.medical_device_category_6840_17,,"用于分离出的待测菌株对四环素药物敏感性的检测。临床上用于四环素的用药指导。",,"Ⅱ"
medical_device_category_6840_17-17102,"四环素药敏条",6840-17-17102,__import__.medical_device_category_6840_17,,"用于分离出的待测菌株对青霉素药物敏感性的检测。临床上用于青霉素的用药指导。",,"Ⅱ"
medical_device_category_6840_17-17103,"青霉素药敏条",6840-17-17103,__import__.medical_device_category_6840_17,,"用于分离出的待测菌株对红霉素药物敏感性的检测。临床上用于红霉素的用药指导。",,"Ⅱ"
medical_device_category_6840_17-17104,"红霉素药敏条",6840-17-17104,__import__.medical_device_category_6840_17,,"用于分离出的待测菌株对氯霉素药物敏感性的检测。临床上用于氯霉素的用药指导。",,"Ⅱ"
medical_device_category_6840_17-17105,"氯霉素药敏条",6840-17-17105,__import__.medical_device_category_6840_17,,"用于分离出的待测菌株对万古霉素药物敏感性的检测。临床上用于万古霉素的用药指导。",,"Ⅱ"
medical_device_category_6840_17-17106,"万古霉素药敏条",6840-17-17106,__import__.medical_device_category_6840_17,,"用于分离出的待测菌株对庆大霉素药物敏感性的检测。临床上用于庆大霉素的用药指导。",,"Ⅱ"
medical_device_category_6840_17-17107,"庆大霉素药敏条",6840-17-17107,__import__.medical_device_category_6840_17,,"用于分离出的待测菌株对两性霉素B药物敏感性的检测。临床上用于两性霉素B的用药指导。",,"Ⅱ"
medical_device_category_6840_17-17108,"两性霉素B药敏条",6840-17-17108,__import__.medical_device_category_6840_17,,"用于分离出的待测菌株对克林霉素药物敏感性的检测。临床上用于克林霉素的用药指导。",,"Ⅱ"
medical_device_category_6840_17-17109,"克林霉素药敏条/纸片",6840-17-17109,__import__.medical_device_category_6840_17,,"用于分离出的待测菌株对多粘菌素B药物敏感性的检测。临床上用于多粘菌素B的用药指导。",,"Ⅱ"
medical_device_category_6840_17-17110,"多粘菌素B药敏条",6840-17-17110,__import__.medical_device_category_6840_17,,"用于分离出的待测菌株对头孢噻肟药物敏感性的检测。临床上用于头孢噻肟的用药指导。",,"Ⅱ"
medical_device_category_6840_17-17111,"头孢噻肟药敏条",6840-17-17111,__import__.medical_device_category_6840_17,,"用于分离出的待测菌株对头孢呋辛药物敏感性的检测。临床上用于头孢呋辛的用药指导。",,"Ⅱ"
medical_device_category_6840_17-17112,"头孢呋辛药敏条",6840-17-17112,__import__.medical_device_category_6840_17,,"用于分离出的待测菌株对头孢曲松药物敏感性的检测。临床上用于头孢曲松的用药指导。",,"Ⅱ"
medical_device_category_6840_17-17113,"头孢曲松药敏条",6840-17-17113,__import__.medical_device_category_6840_17,,"用于分离出的待测菌株对头孢他啶药物敏感性的检测。临床上用于头孢他啶的用药指导。",,"Ⅱ"
medical_device_category_6840_17-17114,"头孢他啶药敏条",6840-17-17114,__import__.medical_device_category_6840_17,,"用于分离出的待测菌株对头孢唑啉药物敏感性的检测。临床上用于头孢唑啉的用药指导。",,"Ⅱ"
medical_device_category_6840_17-17115,"头孢唑啉药敏条",6840-17-17115,__import__.medical_device_category_6840_17,,"用于分离出的待测菌株对头孢吡肟药物敏感性的检测。临床上用于头孢吡肟的用药指导。",,"Ⅱ"
medical_device_category_6840_17-17116,"头孢吡肟药敏纸片",6840-17-17116,__import__.medical_device_category_6840_17,,"用于分离出的待测菌株对头孢洛林药物敏感性的检测。临床上用于头孢洛林的用药指导。",,"Ⅱ"
medical_device_category_6840_17-17117,"头孢洛林药敏纸片",6840-17-17117,__import__.medical_device_category_6840_17,,"用于分离出的待测菌株对头孢哌酮药物敏感性的检测。临床上用于头孢哌酮的用药指导。",,"Ⅱ"
medical_device_category_6840_17-17118,"头孢哌酮药敏纸片",6840-17-17118,__import__.medical_device_category_6840_17,,"用于分离出的待测菌株对头孢西丁药物敏感性的检测。临床上用于头孢西丁的用药指导。",,"Ⅱ"
medical_device_category_6840_17-17119,"头孢西丁药敏纸片",6840-17-17119,__import__.medical_device_category_6840_17,,"用于分离出的待测菌株对替加环素药物敏感性的检测。临床上用于替加环素的用药指导。",,"Ⅱ"
medical_device_category_6840_17-17120,"替加环素药敏条",6840-17-17120,__import__.medical_device_category_6840_17,,"用于分离出的待测菌株对米诺环素药物敏感性的检测。临床上用于米诺环素的用药指导。",,"Ⅱ"
medical_device_category_6840_17-17121,"米诺环素药敏条",6840-17-17121,__import__.medical_device_category_6840_17,,"用于分离出的待测菌株对替考拉宁药物敏感性的检测。临床上用于替考拉宁的用药指导。",,"Ⅱ"
medical_device_category_6840_17-17122,"替考拉宁药敏条",6840-17-17122,__import__.medical_device_category_6840_17,,"用于分离出的待测菌株对诺氟沙星药物敏感性的检测。临床上用于诺氟沙星的用药指导。",,"Ⅱ"
medical_device_category_6840_17-17123,"诺氟沙星药敏条",6840-17-17123,__import__.medical_device_category_6840_17,,"用于分离出的待测菌株对环丙沙星药物敏感性的检测。临床上用于环丙沙星的用药指导。",,"Ⅱ"
medical_device_category_6840_17-17124,"环丙沙星药敏条",6840-17-17124,__import__.medical_device_category_6840_17,,"用于分离出的待测菌株对左氧氟沙星药物敏感性的检测。临床上用于左氧氟沙星的用药指导。",,"Ⅱ"
medical_device_category_6840_17-17125,"左氧氟沙星药敏条",6840-17-17125,__import__.medical_device_category_6840_17,,"用于分离出的待测菌株对氨苄西林药物敏感性的检测。临床上用于 氨苄西林的用药指导。",,"Ⅱ"
medical_device_category_6840_17-17126,"氨苄西林药敏条",6840-17-17126,__import__.medical_device_category_6840_17,,"用于分离出的待测菌株对苯唑西林药物敏感性的检测。临床上用于苯唑西林的用药指导。",,"Ⅱ"
medical_device_category_6840_17-17127,"苯唑西林药敏条",6840-17-17127,__import__.medical_device_category_6840_17,,"用于分离出的待测菌株对哌拉西林药物敏感性的检测。临床上用于哌拉西林的用药指导。",,"Ⅱ"
medical_device_category_6840_17-17128,"哌拉西林药敏纸片",6840-17-17128,__import__.medical_device_category_6840_17,,"用于对分离出的待测菌株对氨曲南药物敏感性的检测。临床上用于氨曲南的用药指导。",,"Ⅱ"
medical_device_category_6840_17-17129,"氨曲南药敏条",6840-17-17129,__import__.medical_device_category_6840_17,,"用于分离出的待测菌株对伏立康唑药物敏感性的检测。临床上用于伏立康唑的用药指导。",,"Ⅱ"
medical_device_category_6840_17-17130,"伏立康唑药敏条",6840-17-17130,__import__.medical_device_category_6840_17,,"用于分离出的待测菌株对氟康唑药物敏感性的检测。临床上用于氟康唑的用药指导。",,"Ⅱ"
medical_device_category_6840_17-17131,"氟康唑药敏条",6840-17-17131,__import__.medical_device_category_6840_17,,"用于分离出的待测菌株对卡泊芬净药物敏感性的检测。临床上用于卡泊芬净的用药指导。",,"Ⅱ"
medical_device_category_6840_17-17132,"卡泊芬净药敏条",6840-17-17132,__import__.medical_device_category_6840_17,,"用于分离出的待测菌株对利奈唑胺药物敏感性的检测。临床上用于利奈唑胺的用药指导。",,"Ⅱ"
medical_device_category_6840_17-17133,"利奈唑胺药敏条",6840-17-17133,__import__.medical_device_category_6840_17,,"用于分离出的待测菌株对康替唑胺药物敏感性的检测。临床上用于康替唑胺的用药指导。",,"Ⅱ"
medical_device_category_6840_17-17134,"康替唑胺药敏纸片",6840-17-17134,__import__.medical_device_category_6840_17,,"用于分离出的待测菌株对伊曲康唑药物敏感性的检测。临床上用于伊曲康唑的用药指导。",,"Ⅱ"
medical_device_category_6840_17-17135,"伊曲康唑药敏条",6840-17-17135,__import__.medical_device_category_6840_17,,"用于分离出的待测菌株对呋喃妥因药物敏感性的检测。临床上用于呋喃妥因的用药指导。",,"Ⅱ"
medical_device_category_6840_17-17136,"呋喃妥因药敏纸片",6840-17-17136,__import__.medical_device_category_6840_17,,"用于分离出的待测菌株对拉氧头孢药物敏感性的检测。临床上用于拉氧头孢的用药指导。",,"Ⅱ"
medical_device_category_6840_17-17137,"拉氧头孢药敏纸片",6840-17-17137,__import__.medical_device_category_6840_17,,"用于分离出的待测菌株对亚胺培南药物敏感性的检测。临床上用于亚胺培南的用药指导。",,"Ⅱ"
medical_device_category_6840_17-17138,"亚胺培南药敏条",6840-17-17138,__import__.medical_device_category_6840_17,,"用于分离出的待测菌株对美罗培南药物敏感性的检测。临床上用于美罗培南的用药指导。",,"Ⅱ"
medical_device_category_6840_17-17139,"美罗培南药敏条",6840-17-17139,__import__.medical_device_category_6840_17,,"用于分离出的待测菌株对厄他培南药物敏感性的检测。临床上用于厄他培南的用药指导。",,"Ⅱ"
medical_device_category_6840_17-17140,"厄他培南药敏纸片",6840-17-17140,__import__.medical_device_category_6840_17,,"用于分离出的待测菌株对利福平药物敏感性的检测。临床上用于利福平的用药指导。",,"Ⅱ"
medical_device_category_6840_17-17141,"利福平药敏纸片",6840-17-17141,__import__.medical_device_category_6840_17,,"用于检测细菌经培养后产生的KPC、OXA-48、VIM、IMP、NDM或OXA-23等型碳青霉烯酶。临床上用于鉴别患者对碳青霉烯类抗生素的耐药性。",,"Ⅱ"
medical_device_category_6840_17-17142,"碳青霉烯酶检测试剂",6840-17-17142,__import__.medical_device_category_6840_17,,"用于人体样本中细胞的增殖培养，对细胞具有选择、诱导、分化功能。培养的细胞仅用于体外诊断。不用于细胞治疗、细胞回输、辅助生殖等治疗用途。",,"Ⅱ"
medical_device_category_6840_17-17143,"细胞培养基",6840-17-17143,__import__.medical_device_category_6840_17,,"用于人体样本中淋巴细胞的体外诱导、处理和分离培养。培养的细胞仅用于临床体外诊断。不用于细胞治疗、细胞回输、辅助生殖等治疗用途。",,"Ⅱ"
medical_device_category_6840_18-17089,"免疫细胞培养基",6840-18-17089,__import__.medical_device_category_6840_18,,"用于肠杆菌科的鉴别。临床用于肠杆菌科细菌感染的辅助诊断。",,"Ⅱ"
medical_device_category_6840_18-18001,"总IgE检测试剂",6840-18-18001,__import__.medical_device_category_6840_18,,"用于检测人体样本中的免疫球蛋白E（IgE）。临床上用于人体过敏反应状态的辅助诊断。",,"Ⅱ"
medical_device_category_6840_18-18002,"特异性IgE抗体检测试剂",6840-18-18002,__import__.medical_device_category_6840_18,,"用于检测人体样本中的过敏原特异性IgE抗体。临床上用于过敏症的辅助诊断。",,"Ⅱ"
medical_device_category_6840_18-18003,"特异性IgG抗体检测试剂",6840-18-18003,__import__.medical_device_category_6840_18,,"用于检测人体样本中的过敏原特异性IgG抗体。临床上用于过敏症的辅助诊断。",,"Ⅱ"
medical_device_category_6840_19-19001,"激活凝血时间（ACT）检测试剂",6840-19-19001,__import__.medical_device_category_6840_19,,"用于检测人体血液样本中的激活凝血时间（ACT）。临床上用于肝素抗凝治疗监测。",,"Ⅱ"
medical_device_category_6840_19-19002,"凝血酶原时间（PT）检测试剂",6840-19-19002,__import__.medical_device_category_6840_19,,"用于检测人体血液样本中的凝血酶原时间（PT）。临床上用于外源性凝血因子的筛查和口服抗凝剂治疗监测。",,"Ⅱ"
medical_device_category_6840_19-19003,"活化部分凝血活酶时间（APTT）检测试剂",6840-19-19003,__import__.medical_device_category_6840_19,,"用于检测人体血液样本中的活化部分凝血活酶时间（APTT）。临床上用于内源性凝血因子的筛查和肝素抗凝治疗监测。",,"Ⅱ"
medical_device_category_6840_19-19004,"氯化钙试剂",6840-19-19004,__import__.medical_device_category_6840_19,,"用于检测人体血液样本中的活化部分凝血活酶时间（APTT），与活化部分凝血活酶时间检测试剂联合使用。",,"Ⅱ"
medical_device_category_6840_19-19005,"凝血酶时间（TT）检测试剂",6840-19-19005,__import__.medical_device_category_6840_19,,"用于检测人体血液样本中的凝血酶时间（TT）。临床上用于反映血浆纤维蛋白原含量或结构异常，还可用于反映纤溶系统功能。",,"Ⅱ"
medical_device_category_6840_19-19006,"纤维蛋白原（FIB）检测试剂",6840-19-19006,__import__.medical_device_category_6840_19,,"用于检测人体血液样本中的纤维蛋白原（FIB）含量。临床上用于弥散性血管内凝血、原发性纤溶症的辅助诊断以及溶栓疗效的监测。",,"Ⅱ"
medical_device_category_6840_19-19007,"凝血因子Ⅱ检测试剂",6840-19-19007,__import__.medical_device_category_6840_19,,"用于检测人体血液样本中的凝血因子Ⅱ的活性或含量。临床上用于因子Ⅱ缺乏或活性减低治疗监测。",,"Ⅱ"
medical_device_category_6840_19-19008,"凝血因子Ⅴ检测试剂",6840-19-19008,__import__.medical_device_category_6840_19,,"用于检测人体血液样本中的凝血因子V的活性或含量。临床上用于因子V缺乏或活性减低治疗监测。",,"Ⅱ"
medical_device_category_6840_19-19009,"凝血因子Ⅶ检测试剂",6840-19-19009,__import__.medical_device_category_6840_19,,"用于检测人体血液样本中的凝血因子Ⅶ的活性或含量。临床上用于凝血因子Ⅶ缺乏或活性减低治疗监测。",,"Ⅱ"
medical_device_category_6840_19-19010,"凝血因子Ⅹ检测试剂",6840-19-19010,__import__.medical_device_category_6840_19,,"用于检测人体血液样本中的凝血因子Ⅹ的活性或含量。临床上用于凝血因子Ⅹ缺乏或活性减低治疗监测。",,"Ⅱ"
medical_device_category_6840_19-19011,"凝血因子Ⅺ检测试剂",6840-19-19011,__import__.medical_device_category_6840_19,,"用于检测人体血液样本中的凝血因子Ⅺ的活性或含量。临床上用于凝血因子Ⅺ缺乏或活性减低治疗监测。",,"Ⅱ"
medical_device_category_6840_19-19012,"凝血因子Ⅻ检测试剂",6840-19-19012,__import__.medical_device_category_6840_19,,"用于检测人体血液样本中的凝血因子Ⅻ的活性或含量。临床上用于凝血因子Ⅻ缺乏或活性减低治疗监测。",,"Ⅱ"
medical_device_category_6840_19-19013,"抗Ⅹa检测试剂",6840-19-19013,__import__.medical_device_category_6840_19,,"用于检测人体血液样本中的抗Ⅹa含量。临床上用于肝素、低分子肝素等治疗监测。",,"Ⅱ"
medical_device_category_6840_19-19014,"D-二聚体检测试剂",6840-19-19014,__import__.medical_device_category_6840_19,,"用于检测人体血液样本中的D-二聚体（D-Dimer）含量。临床上用于排除静脉血栓形成、弥散性血管内凝血的辅助诊断以及溶栓治疗的监测。",,"Ⅱ"
medical_device_category_6840_19-19015,"抗凝血酶检测试剂",6840-19-19015,__import__.medical_device_category_6840_19,,"用于检测人体血液样本中的抗凝血酶含量。临床上用于评估弥散性血管内凝血（DIC）状态。",,"Ⅱ"
medical_device_category_6840_19-19016,"凝血酶-抗凝血酶复合物（TAT）检测试剂",6840-19-19016,__import__.medical_device_category_6840_19,,"用于检测人体血液样本中的凝血酶-抗凝血酶复合物（TAT）含量。临床上用于评估凝血激活的状态，辅助诊断血栓形成性疾病。",,"Ⅱ"
medical_device_category_6840_19-19017,"血栓弹力图检测试剂",6840-19-19017,__import__.medical_device_category_6840_19,,"用于检测人体血液样本中的凝血功能。临床上用于评价人凝血及纤溶系统的功能。",,"Ⅱ"
medical_device_category_6840_19-19018,"凝血激活检测试剂",6840-19-19018,__import__.medical_device_category_6840_19,,"用于检测人体血液样本中的激活凝血时间（ACT）、血块强度（MA）、凝血时间（R）、血块成形时间（K）和凝血速率（CR）、血凝指数（CI）等血凝块形成的时间、速率、强度等指标。临床上用于肝素治疗监测。",,"Ⅱ"
medical_device_category_6840_19-19019,"活化凝血检测试剂",6840-19-19019,__import__.medical_device_category_6840_19,,"用于检测人体血液样本中的凝血功能。临床上用于筛查与表面活化或内源性凝血途径相关的凝血障碍。",,"Ⅱ"
medical_device_category_6840_19-19020,"组织型纤溶酶原激活剂-抑制剂1复合物检测试剂",6840-19-19020,__import__.medical_device_category_6840_19,,"用于检测人体血液样本中组织型纤溶酶原激活剂-抑制剂1复合物的含量。临床上用于心血管疾病和弥散性血管内凝血血栓的辅助诊断。",,"Ⅱ"
medical_device_category_6840_19-19021,"纤溶酶原（PLG）检测试剂",6840-19-19021,__import__.medical_device_category_6840_19,,"用于检测人体血液样本中的纤溶酶原（PLG）活性或含量。临床上用于评估纤溶功能状态。",,"Ⅱ"
medical_device_category_6840_19-19022,"纤维蛋白（原）降解产物（FDP）检测试剂",6840-19-19022,__import__.medical_device_category_6840_19,,"用于检测人体血液样本中的纤维蛋白原降解产物（FDP）含量。临床上用于原发性和继发性纤维蛋白溶解功能亢进辅助诊断。",,"Ⅱ"
medical_device_category_6840_19-19023,"肝素检测试剂",6840-19-19023,__import__.medical_device_category_6840_19,,"用于检测人体血液样本中的肝素含量。临床上用于评价肝素治疗前后的凝血功能。",,"Ⅱ"
medical_device_category_6840_19-19024,"α2-抗纤溶酶（α2-AP）检测试剂",6840-19-19024,__import__.medical_device_category_6840_19,,"用于检测人体血液样本中的α2-抗纤溶酶（ α2-AP）的活性或含量。临床上用于α2-AP缺乏的辅助诊断。",,"Ⅱ"
medical_device_category_6840_19-19025,"血小板聚集功能检测试剂",6840-19-19025,__import__.medical_device_category_6840_19,,"用于检测人体血液样本中的血小板聚集水平。临床上用于评估继发性血小板活性减低、抗血小板药物治疗的监测等。",,"Ⅱ"
medical_device_category_6840_19-19026,"肝素诱导血小板减少症抗体检测试剂",6840-19-19026,__import__.medical_device_category_6840_19,,"用于检测人体血液样本中的肝素诱导血小板减少症抗体。临床上用于肝素诱导血小板减少症（HIT）的辅助诊断。",,"Ⅱ"
medical_device_category_6840_19-19027,"血栓素B2检测试剂",6840-19-19027,__import__.medical_device_category_6840_19,,"用于检测人体血液样本中的血栓素B2。临床上用于评价血小板凝聚及血管收缩作用。",,"Ⅱ"
medical_device_category_6840_19-19028,"6-酮-前列腺素F1α检测试剂",6840-19-19028,__import__.medical_device_category_6840_19,,"用于检测人体血液样本中的6-酮-前列腺素F1α含量。临床上用于血栓性疾病的辅助诊断。",,"Ⅱ"
medical_device_category_6840_19-19029,"11-脱氢血栓烷B2（11dhTxB2）检测试剂",6840-19-19029,__import__.medical_device_category_6840_19,,"用于检测人体血液样本中的11-脱氢血栓烷B2（11dhTxB2）含量。临床上用于评价阿司匹林抗血小板凝集的治疗效果。",,"Ⅱ"
medical_device_category_6840_19-19030,"纤溶酶-α2纤溶酶抑制剂复合物检测试剂",6840-19-19030,__import__.medical_device_category_6840_19,,"用于检测人体血液样本中的纤溶酶-α2纤溶酶抑制剂复合物含量。临床上用于血栓性疾病的辅助诊断及疗效观察。",,"Ⅱ"
medical_device_category_6840_19-19031,"血气检测试剂",6840-19-19031,__import__.medical_device_category_6840_19,,"用于检测人体样本中的pH值、二氧化碳分压（pCO2）、氧分压（pO2）、红血细胞比容、钠、钾、钙离子、氯离子等项目。临床上可用于监测酸碱平衡失调、缺氧及二氧化碳潴留等。",,"Ⅱ"
medical_device_category_6840_19-19032,"尿液分析试纸",6840-19-19032,__import__.medical_device_category_6840_19,,"用于检测人体尿液样本中的尿胆原、葡萄糖、酮体、胆红素、蛋白质、亚硝酸盐、pH值、隐血、比重和白细胞等项目。临床上用于肾病类、糖尿病类、泌尿感染类以及其他疾病类疾病的辅助诊断。",,"Ⅱ"
medical_device_category_6840_19-19033,"尿有形成分分析检测试剂",6840-19-19033,__import__.medical_device_category_6840_19,,"用于检测人体尿液样本中的红细胞、白细胞、管型等项目，临床上用于泌尿系统感染、急性肾小球肾炎等疾病的辅助诊断。",,"Ⅱ"
medical_device_category_6840_19-19034,"红细胞渗透脆性检测试剂",6840-19-19034,__import__.medical_device_category_6840_19,,"用于检测人全血样本中的红细胞渗透脆性。临床上用于红细胞渗透脆性病变的辅助诊断。",,"Ⅱ"
medical_device_category_6840_19-19035,"绝对计数微球试剂",6840-19-19035,__import__.medical_device_category_6840_19,,"用于检测人体血液样本中的淋巴细胞、淋巴细胞亚群以及 CD34+细胞群的百分计数及绝对计数。临床上用于T淋巴细胞亚群的计数。",,"Ⅱ"
medical_device_category_6840_19-19036,"精子形态分析检测试剂",6840-19-19036,__import__.medical_device_category_6840_19,,"用于人体精液样本中精子形态分析。临床上用于男性生殖功能的评价。",,"Ⅱ"
medical_device_category_6840_19-19037,"精子DNA碎片检测试剂",6840-19-19037,__import__.medical_device_category_6840_19,,"用于检测人体精液样本中精子DNA的碎片率。临床上用于评估精子质量。",,"Ⅱ"
medical_device_category_6840_19-19038,"精子膜低渗膨胀检测试剂",6840-19-19038,__import__.medical_device_category_6840_19,,"用于检测人体精液样本中的精子膜低渗膨胀功能。临床上用于反映受精能力。",,"Ⅱ"
medical_device_category_6840_19-19039,"精浆锌检测试剂",6840-19-19039,__import__.medical_device_category_6840_19,,"用于检测人体精浆样本中的锌含量。临床上用于前列腺炎和男性不育的辅助诊断。",,"Ⅱ"
medical_device_category_6840_19-19040,"精浆果糖检测试剂",6840-19-19040,__import__.medical_device_category_6840_19,,"用于检测人体精浆样本中的果糖含量。临床上用于评价精囊和睾丸间质细胞的功能。",,"Ⅱ"
medical_device_category_6840_19-19041,"精浆柠檬酸检测试剂",6840-19-19041,__import__.medical_device_category_6840_19,,"用于检测人体精浆样本中的柠檬酸含量。临床上用于评价前列腺功能和男子性功能。",,"Ⅱ"
medical_device_category_6840_19-19042,"精浆酸性磷酸酶检测试剂",6840-19-19042,__import__.medical_device_category_6840_19,,"用于检测人体精浆样本中的酸性磷酸酶水平。临床上用于前列腺疾病的辅助诊断。",,"Ⅱ"
medical_device_category_6840_19-19043,"精浆中性α-葡萄糖苷酶检测试剂",6840-19-19043,__import__.medical_device_category_6840_19,,"用于检测人体精浆样本中的性α-葡萄糖苷酶含量。临床上用于男性不育症的辅助诊断。",,"Ⅱ"
medical_device_category_6840_19-19044,"精液乳酸脱氢酶X同工酶检测试剂",6840-19-19044,__import__.medical_device_category_6840_19,,"用于检测人体精液样本中的乳酸脱氢酶X同工酶含量。临床上用于男性不育的辅助诊断。",,"Ⅱ"
medical_device_category_6840_19-19045,"精子顶体酶检测试剂",6840-19-19045,__import__.medical_device_category_6840_19,,"用于检测人体精液样本中的精子顶体酶活性。临床上用于判断男性精子功能。",,"Ⅱ"
medical_device_category_6840_19-19046,"精浆弹性硬蛋白酶检测试剂",6840-19-19046,__import__.medical_device_category_6840_19,,"用于检测人体精浆样本中的精浆弹性硬蛋白酶含量。临床上用于男性生殖道炎症的辅助诊断。",,"Ⅱ"
medical_device_category_6840_19-19047,"精浆肉碱检测试剂",6840-19-19047,__import__.medical_device_category_6840_19,,"用于检测人体精浆样本中肉碱的浓度。临床上用于精囊和睾丸功能的辅助诊断。",,"Ⅱ"
medical_device_category_6840_19-19048,"精液/精浆活性氧（ROS）检测试剂",6840-19-19048,__import__.medical_device_category_6840_19,,"用于检测人体精液/精浆样本中的活性氧（ROS）含量。临床上用于男性精液质量的辅助判断。",,"Ⅱ"
medical_device_category_6840_19-19049,"白介素-1β检测试剂",6840-19-19049,__import__.medical_device_category_6840_19,,"用于检测人体样本中的白介素-1β（IL-1β）。临床上用于监测机体的免疫状态、炎症反应。",,"Ⅱ"
medical_device_category_6840_19-19050,"白介素2检测试剂",6840-19-19050,__import__.medical_device_category_6840_19,,"用于检测人体样本中的白介素2（IL-2）。临床上用于监测机体的免疫状态、炎症反应。",,"Ⅱ"
medical_device_category_6840_19-19051,"白介素2受体检测试剂",6840-19-19051,__import__.medical_device_category_6840_19,,"用于检测人体样本中的白介素2受体（IL-2R）。临床上用于免疫性疾病的辅助诊断。",,"Ⅱ"
medical_device_category_6840_19-19052,"白介素4检测试剂",6840-19-19052,__import__.medical_device_category_6840_19,,"用于检测人体样本中的白介素4（IL-4）。临床上用于监测机体的免疫状态、炎症反应。",,"Ⅱ"
medical_device_category_6840_19-19053,"白介素5检测试剂",6840-19-19053,__import__.medical_device_category_6840_19,,"用于检测人体样本中的白介素5（IL-5）。临床上用于监测机体的免疫状态、炎症反应。",,"Ⅱ"
medical_device_category_6840_19-19054,"白介素6检测试剂",6840-19-19054,__import__.medical_device_category_6840_19,,"用于检测人体样本中的白介素6（IL-6）。临床上用于监测机体的免疫状态、炎症反应。",,"Ⅱ"
medical_device_category_6840_19-19055,"白介素8检测试剂",6840-19-19055,__import__.medical_device_category_6840_19,,"用于检测人体样本中的白介素8（IL-8）。临床上用于监测机体的免疫状态、炎症反应。",,"Ⅱ"
medical_device_category_6840_19-19056,"白介素10检测试剂",6840-19-19056,__import__.medical_device_category_6840_19,,"用于检测人体样本中的白介素10（IL-10）。临床上用于监测机体的免疫状态、炎症反应。",,"Ⅱ"
medical_device_category_6840_19-19057,"白介素12p70检测试剂",6840-19-19057,__import__.medical_device_category_6840_19,,"用于检测人体样本中的白介素12p70（IL-12p70）。临床上用于监测机体的免疫状态、炎症反应。",,"Ⅱ"
medical_device_category_6840_19-19058,"白介素17检测试剂",6840-19-19058,__import__.medical_device_category_6840_19,,"用于检测人体样本中的白介素17（IL-17）。临床上用于监测机体的免疫状态、炎症反应。",,"Ⅱ"
medical_device_category_6840_19-19059,"B因子检测试剂",6840-19-19059,__import__.medical_device_category_6840_19,,"用于检测人体样本中的B因子。临床上用于评价补体相关的疾病。",,"Ⅱ"
medical_device_category_6840_19-19060,"补体C1q检测试剂",6840-19-19060,__import__.medical_device_category_6840_19,,"用于检测人体样本中的补体C1q。临床上可用于肾炎、肾小球损伤的辅助诊断。",,"Ⅱ"
medical_device_category_6840_19-19061,"补体C3检测试剂",6840-19-19061,__import__.medical_device_category_6840_19,,"用于检测人体样本中的补体C3。临床上用于补体低下或相关免疫缺陷性疾病的辅助诊断。",,"Ⅱ"
medical_device_category_6840_19-19062,"补体C3c检测试剂",6840-19-19062,__import__.medical_device_category_6840_19,,"用于检测人体样本中的补体C3c。临床上用于补体蛋白C3c相关免疫疾病的辅助诊断。",,"Ⅱ"
medical_device_category_6840_19-19063,"补体C4检测试剂",6840-19-19063,__import__.medical_device_category_6840_19,,"用于检测人体样本中的补体C4。临床上用于补体低下或相关免疫缺陷性疾病的辅助诊断。",,"Ⅱ"
medical_device_category_6840_19-19064,"补体因子D检测试剂",6840-19-19064,__import__.medical_device_category_6840_19,,"用于检测人体样本中的补体因子D（CFD）。临床上用于子痫的辅助性诊断。",,"Ⅱ"
medical_device_category_6840_19-19065,"补体因子H检测试剂",6840-19-19065,__import__.medical_device_category_6840_19,,"用于检测人体样本中的补体因子H（CFH）。临床上用于非典型溶血尿毒综合症等肾脏疾病的辅助诊断。",,"Ⅱ"
medical_device_category_6840_19-19066,"总补体活性（CH50）检测试剂",6840-19-19066,__import__.medical_device_category_6840_19,,"用于检测人体样本中的总补体活性（CH50）。临床上用于补体活性异常或相关免疫缺陷性疾病的辅助诊断。",,"Ⅱ"
medical_device_category_6840_19-19067,"循环免疫复合物（含IgG抗体）CIC-C1q检测试剂",6840-19-19067,__import__.medical_device_category_6840_19,,"用于检测人体样本中含IgG抗体的C1q结合的免疫循环复合物（CIC-C1q），临床上用于炎症反应的辅助诊断。",,"Ⅱ"
medical_device_category_6840_19-19068,"人类白细胞抗原B27（HLA-B27）检测试剂",6840-19-19068,__import__.medical_device_category_6840_19,,"用于检测人体样本中人类白细胞抗原B27（HLA-B27）。临床上用于强直性脊柱炎（AS）、Reiter's综合征等与HLA-B27抗原表达有关疾病的辅助诊断。",,"Ⅱ"
medical_device_category_6840_19-19069,"胎盘生长因子（PlGF）检测试剂",6840-19-19069,__import__.medical_device_category_6840_19,,"用于检测人体样本中的胎盘生长因子（PlGF）含量。临床上用于先兆子痫的辅助诊断。",,"Ⅱ"
medical_device_category_6840_19-19070,"可溶性fms样酪氨酸激酶-1（sFlt-1）检测试剂",6840-19-19070,__import__.medical_device_category_6840_19,,"用于检测人体样本中可溶性fms样酪氨酸激酶-1（sFlt-1）的含量。临床上用于先兆子痫的辅助诊断。",,"Ⅱ"
medical_device_category_6840_19-19071,"血管内皮生长因子检测试剂",6840-19-19071,__import__.medical_device_category_6840_19,,"用于检测人体样本中的血管内皮生长因子含量。临床上用于血管生成依赖性疾病的辅助诊断。",,"Ⅱ"
medical_device_category_6840_19-19072,"特异性生长因子检测试剂",6840-19-19072,__import__.medical_device_category_6840_19,,"用于检测人体样本中的特异性生长因子。临床上用于急性炎症监测、免疫功能紊乱的辅助诊断。",,"Ⅱ"
medical_device_category_6840_19-19073,"生长分化因子-15检测试剂",6840-19-19073,__import__.medical_device_category_6840_19,,"用于检测人体样本中生长分化因子-15。临床上用于心脑血管损伤的辅助诊断。",,"Ⅱ"
medical_device_category_6840_19-19074,"α-干扰素（IFN-α）检测试剂",6840-19-19074,__import__.medical_device_category_6840_19,,"用于检测人体样本中的α-干扰素（IFN-α）。临床上用于炎症、免疫性疾病的辅助诊断。",,"Ⅱ"
medical_device_category_6840_19-19075,"γ-干扰素（IFN-γ）检测试剂",6840-19-19075,__import__.medical_device_category_6840_19,,"用于检测人体样本中的γ-干扰素（IFN-γ）。临床上用于炎症、免疫性疾病的辅助诊断。",,"Ⅱ"
medical_device_category_6840_19-19076,"肿瘤坏死因子α（TNF-α）检测试剂",6840-19-19076,__import__.medical_device_category_6840_19,,"用于检测人体样本中的肿瘤坏死因子α（TNF-α）含量。临床上用于炎症、免疫性疾病的辅助诊断。不用于恶性肿瘤患者的动态监测。",,"Ⅱ"
medical_device_category_6840_19-19077,"肿瘤坏死因子受体1（TNFR1）检测试剂",6840-19-19077,__import__.medical_device_category_6840_19,,"用于检测人体样本中的肿瘤坏死因子受体1（TNFR1）表达。临床上用于肾病、儿童肺炎等疾病的辅助诊断。",,"Ⅱ"
medical_device_category_6840_19-19078,"α淋巴毒素检测试剂",6840-19-19078,__import__.medical_device_category_6840_19,,"用于检测人体样本中的α淋巴毒素（LTA）。临床上用于干眼症的辅助诊断。",,"Ⅱ"
medical_device_category_6840_19-19079,"β-胶原降解产物检测试剂",6840-19-19079,__import__.medical_device_category_6840_19,,"用于检测人体尿液样本中的β-胶原降解产物。临床上用于骨质疏松的辅助诊断。",,"Ⅱ"
medical_device_category_6840_19-19080,"细菌内毒素检测试剂",6840-19-19080,__import__.medical_device_category_6840_19,,"用于检测人体样本中的细菌内毒素。临床上用于内毒素血症、革兰阴性细菌败血症和革兰阴性细菌感染的辅助诊断。",,"Ⅱ"
medical_device_category_6840_19-19081,"革兰阴性菌脂多糖检测试剂",6840-19-19081,__import__.medical_device_category_6840_19,,"用于检测人体样本中的革兰阴性菌脂多糖。临床上用于革兰阴性菌感染的辅助诊断。",,"Ⅱ"
medical_device_category_6840_19-19082,"革兰阳性菌肽聚糖检测试剂",6840-19-19082,__import__.medical_device_category_6840_19,,"用于检测人体样本中的肽聚糖。临床上用于对疑似血流感染患者进行感染类型的辅助诊断。",,"Ⅱ"
medical_device_category_6840_19-19083,"真菌（1-3）-β-D葡聚糖检测试剂",6840-19-19083,__import__.medical_device_category_6840_19,,"用于检测人体样本中的真菌（1-3）-β-D葡聚糖。临床上用于深部真菌感染的辅助诊断。",,"Ⅱ"
medical_device_category_6840_19-19084,"细菌唾液酸酶检测试剂",6840-19-19084,__import__.medical_device_category_6840_19,,"用于检测阴道分泌物样本中的唾液酸酶活性。临床上用于细菌性阴道病的辅助诊断。",,"Ⅱ"
medical_device_category_6840_19-19085,"幽门螺旋杆菌尿素酶检测试剂",6840-19-19085,__import__.medical_device_category_6840_19,,"用于检测人体样本中的幽门螺旋杆菌尿素酶活性。临床上用于胃幽门螺旋杆菌感染的辅助诊断。",,"Ⅱ"
medical_device_category_6840_19-19086,"沙眼衣原体α-甘露糖苷酶检测试剂",6840-19-19086,__import__.medical_device_category_6840_19,,"用于检测人体泌尿生殖道分泌物样本中的沙眼衣原体α-甘露糖苷酶活性。临床上用于沙眼衣原体感染的辅助诊断。",,"Ⅱ"
medical_device_category_6840_19-19087,"淋病奈瑟菌特异性酶检测试剂",6840-19-19087,__import__.medical_device_category_6840_19,,"用于检测人体泌尿生殖道分泌物样本中的淋病奈瑟菌特异性酶（过氧化物酶、丙二醇氧化还原酶、细胞色素C氧化酶、脯氨酸氨基肽酶）活性。临床上用于淋病奈瑟菌感染的辅助诊断。",,"Ⅱ"
medical_device_category_6840_19-19088,"过氧化氢检测试剂",6840-19-19088,__import__.medical_device_category_6840_19,,"用于检测人体阴道分泌物样本中过氧化氢含量，临床上用于细菌性阴道病的辅助诊断。",,"Ⅱ"
medical_device_category_6840_19-19089,"同型半胱氨酸检测试剂",6840-19-19089,__import__.medical_device_category_6840_19,,"用于检测人体样本中的同型半胱氨酸。临床上用于高同型半胱氨酸血症、同型半胱氨酸尿症的辅助诊断及心血管病风险的评价。",,"Ⅱ"
medical_device_category_6840_19-19090,"甘胆酸检测试剂",6840-19-19090,__import__.medical_device_category_6840_19,,"用于检测人体样本中的甘胆酸。临床上用于肝胆疾病的辅助诊断。",,"Ⅱ"
medical_device_category_6840_19-19091,"直接胆红素检测试剂",6840-19-19091,__import__.medical_device_category_6840_19,,"用于检测人体样本中的结合胆红素。临床上用于胆红素代谢紊乱的辅助诊断。",,"Ⅱ"
medical_device_category_6840_19-19092,"总胆红素检测试剂",6840-19-19092,__import__.medical_device_category_6840_19,,"用于检测人体样本中的总胆红素。临床上用于胆红素代谢紊乱的辅助诊断。",,"Ⅱ"
medical_device_category_6840_19-19093,"总胆汁酸检测试剂",6840-19-19093,__import__.medical_device_category_6840_19,,"用于检测人体样本中的总胆汁酸。临床上用于肝胆系统疾病的辅助诊断。",,"Ⅱ"
medical_device_category_6840_19-19094,"肝活素检测试剂",6840-19-19094,__import__.medical_device_category_6840_19,,"用于检测人体样本中的肝活素。临床上用于急性肝损伤的辅助诊断。",,"Ⅱ"
medical_device_category_6840_19-19095,"乙醇检测试剂",6840-19-19095,__import__.medical_device_category_6840_19,,"用于检测人体样本中的乙醇。临床上用于酒精中毒的辅助诊断。",,"Ⅱ"
medical_device_category_6840_19-19096,"L-乳酸盐检测试剂",6840-19-19096,__import__.medical_device_category_6840_19,,"用于检测人体样本中的L-乳酸盐。临床上用于代谢性酸中毒的辅助诊断。",,"Ⅱ"
medical_device_category_6840_19-19097,"透明质酸检测试剂",6840-19-19097,__import__.medical_device_category_6840_19,,"用于检测人体样本中透明质酸。临床上用于肝纤维化的辅助诊断。",,"Ⅱ"
medical_device_category_6840_19-19098,"磷脂检测试剂",6840-19-19098,__import__.medical_device_category_6840_19,,"用于检测人体血清或血浆中的磷脂。临床上用于磷脂代谢疾病的辅助诊断。",,"Ⅱ"
medical_device_category_6840_19-19099,"唾液酸检测试剂",6840-19-19099,__import__.medical_device_category_6840_19,,"用于检测人体样本中的唾液酸。临床上作为一种非特异性炎症指标。",,"Ⅱ"
medical_device_category_6840_19-19100,"肌酐检测试剂",6840-19-19100,__import__.medical_device_category_6840_19,,"用于检测人体样本中的肌酐。临床上作为肾功能的评价指标。",,"Ⅱ"
medical_device_category_6840_19-19101,"尿素/尿素氮检测试剂",6840-19-19101,__import__.medical_device_category_6840_19,,"用于检测人体样本中的尿素/尿素氮。临床上作为肾功能的评价指标。",,"Ⅱ"
medical_device_category_6840_19-19102,"尿酸检测试剂",6840-19-19102,__import__.medical_device_category_6840_19,,"用于检测人体样本中的尿酸。临床上用于高尿酸血症的辅助诊断。",,"Ⅱ"
medical_device_category_6840_19-19103,"3-羧基-4-甲基-5-丙基-2-呋喃丙酸检测试剂",6840-19-19103,__import__.medical_device_category_6840_19,,"用于检测人体样本中的3-羧基-4-甲基-5-丙基-2-呋喃丙酸。临床上用于糖尿病的辅助诊断。",,"Ⅱ"
medical_device_category_6840_19-19104,"酪氨酸检测试剂",6840-19-19104,__import__.medical_device_category_6840_19,,"用于检测人体尿液样本中的酪氨酸（对羟基苯丙氨酸）。临床上用于氨基酸代谢异常的检测。不用于遗传疾病的辅助诊断。",,"Ⅱ"
medical_device_category_6840_19-19105,"重碳酸盐检测试剂",6840-19-19105,__import__.medical_device_category_6840_19,,"用于检测人体血液样本中的重碳酸盐。临床上可用于与呼吸和代谢系统酸碱平衡有关疾病的辅助诊断。",,"Ⅱ"
medical_device_category_6840_19-19106,"阿达木单抗抗体检测试剂",6840-19-19106,__import__.medical_device_category_6840_19,,"用于检测人体样本中的人抗阿达木单抗抗体含量。临床上用于阿达木单抗药物治疗效果评估。",,"Ⅱ"
medical_device_category_6840_19-19107,"英夫利西单抗抗体检测试剂",6840-19-19107,__import__.medical_device_category_6840_19,,"用于检测人体样本中的人抗英夫利西单抗抗体含量。临床上用于英夫利西单抗药物治疗效果评估。",,"Ⅱ"
medical_device_category_6840_19-19108,"哌拉西林抗体检测试剂",6840-19-19108,__import__.medical_device_category_6840_19,,"用于检测人体样本中的哌拉西林抗体含量。临床上用于哌拉西林药物治疗效果评估。",,"Ⅱ"
medical_device_category_6840_19-19109,"参比液",6840-19-19109,__import__.medical_device_category_6840_19,,"与离子选择性电极模块（如血气分析仪或电解质分析仪）配套使用，用于为pH值、钾、钠、氯、锂离子等检测提供参比电位。",,"Ⅱ"
medical_device_category_6840_20-20001,"运送培养基",6840-20-20001,__import__.medical_device_category_6840_20,,"用于微生物样本的转运保存，不具有微生物鉴别和药敏鉴别的作用。",,"Ⅰ"
medical_device_category_6840_20-20002,"菌种保存培养基",6840-20-20002,__import__.medical_device_category_6840_20,,"用于细菌传代及菌种长期保存，不具有微生物鉴别和药敏鉴别的作用。",,"Ⅰ"
medical_device_category_6840_20-20003,"增菌培养基",6840-20-20003,__import__.medical_device_category_6840_20,,"用于细菌的增菌培养，不具有微生物鉴别和药敏鉴别的作用。",,"Ⅰ"
medical_device_category_6840_20-20004,"营养琼脂培养基",6840-20-20004,__import__.medical_device_category_6840_20,,"用于细菌的分离培养，不具有微生物鉴别和药敏鉴别的作用。",,"Ⅰ"
medical_device_category_6840_20-20005,"肉汤培养基",6840-20-20005,__import__.medical_device_category_6840_20,,"用于细菌的增菌培养，不具有微生物鉴别和药敏鉴别的作用。",,"Ⅰ"
medical_device_category_6840_20-20006,"卵磷脂肉汤培养基",6840-20-20006,__import__.medical_device_category_6840_20,,"用于细菌的增菌培养，不具有微生物鉴别和药敏鉴别的作用。",,"Ⅰ"
medical_device_category_6840_20-20007,"卵磷脂吐温胰蛋白胨大豆培养基",6840-20-20007,__import__.medical_device_category_6840_20,,"用于细菌的分离、培养，不具有微生物鉴别和药敏鉴别的作用。",,"Ⅰ"
medical_device_category_6840_20-20008,"大豆酪蛋白琼脂（TSA）培养基",6840-20-20008,__import__.medical_device_category_6840_20,,"用于细菌的分离、培养，不具有微生物鉴别和药敏鉴别的作用。",,"Ⅰ"
medical_device_category_6840_20-20009,"脑心浸液琼脂培养基",6840-20-20009,__import__.medical_device_category_6840_20,,"用于细菌培养，不具有微生物鉴别和药敏鉴别的作用。",,"Ⅰ"
medical_device_category_6840_20-20010,"蛋白胨水培养基",6840-20-20010,__import__.medical_device_category_6840_20,,"用于需氧和兼性厌氧微生物的培养或传代，不具有微生物鉴别和药敏鉴别的作用。",,"Ⅰ"
medical_device_category_6840_20-20011,"胰蛋白胨葡萄糖培养基",6840-20-20011,__import__.medical_device_category_6840_20,,"用于细菌的分离培养不具有微生物鉴别和药敏鉴别的作用。",,"Ⅰ"
medical_device_category_6840_20-20012,"Amies运送培养基",6840-20-20012,__import__.medical_device_category_6840_20,,"用于咽喉、阴道以及伤口的标本的运输保存，特别是疑似奈瑟菌属、肺炎球属、链球属、白喉杆菌、沙门志贺菌属等标本的运送保存，不具有微生物鉴别和药敏鉴别的作用。",,"Ⅰ"
medical_device_category_6840_20-20013,"Stuart运送培养基",6840-20-20013,__import__.medical_device_category_6840_20,,"用于咽喉、阴道以及伤口的苛氧菌标本的运输保存，特别是淋病奈瑟菌的运输保存，不具有微生物鉴别和药敏鉴别的作用。",,"Ⅰ"
medical_device_category_6840_20-20014,"Cary-Blair运送培养基",6840-20-20014,__import__.medical_device_category_6840_20,,"用于粪便及直肠中肠道致病菌的标本运输保存，特别是霍乱弧菌、空肠弯曲菌、沙门菌、志贺菌等标本的运输保存，不具有微生物鉴别和药敏鉴别的作用。",,"Ⅰ"
medical_device_category_6840_20-20015,"疱肉培养基",6840-20-20015,__import__.medical_device_category_6840_20,,"用于厌氧菌的增菌培养，不具有微生物鉴别和药敏鉴别的作用。",,"Ⅰ"
medical_device_category_6840_20-20016,"厌氧菌琼脂培养基",6840-20-20016,__import__.medical_device_category_6840_20,,"用于厌氧菌的分离、培养，不具有微生物鉴别和药敏鉴别的作用。",,"Ⅰ"
medical_device_category_6840_20-20017,"厌氧菌血琼脂培养基",6840-20-20017,__import__.medical_device_category_6840_20,,"用于厌氧菌的分离培养和溶血试验，不具有微生物鉴别和药敏鉴别的作用。",,"Ⅰ"
medical_device_category_6840_20-20018,"厌氧菌苯乙醇培养基",6840-20-20018,__import__.medical_device_category_6840_20,,"用于厌氧菌的增菌培养，不具有微生物鉴别和药敏鉴别的作用。",,"Ⅰ"
medical_device_category_6840_20-20019,"厌氧菌苯乙醇血琼脂培养基",6840-20-20019,__import__.medical_device_category_6840_20,,"用于厌氧菌的分离培养和溶血试验，不具有微生物鉴别和药敏鉴别的作用。",,"Ⅰ"
medical_device_category_6840_20-20020,"改良Cary-Blair运送培养基",6840-20-20020,__import__.medical_device_category_6840_20,,"用于厌氧菌样本的转运保存，不具有微生物鉴别和药敏鉴别的作用。",,"Ⅰ"
medical_device_category_6840_20-20021,"硫乙醇酸盐流体培养基（巯基乙酸盐培养基）",6840-20-20021,__import__.medical_device_category_6840_20,,"用于厌氧菌、需氧菌的增菌培养，不具有微生物鉴别和药敏鉴别的作用。",,"Ⅰ"
medical_device_category_6840_20-20022,"L型细菌增菌培养基",6840-20-20022,__import__.medical_device_category_6840_20,,"用于L型细菌的增菌培养，不具有微生物鉴别和药敏鉴别的作用。",,"Ⅰ"
medical_device_category_6840_20-20023,"B群链球菌增菌培养基",6840-20-20023,__import__.medical_device_category_6840_20,,"用于B群链球菌标本的转运保存和增菌培养，不具有微生物鉴别和药敏鉴别的作用。",,"Ⅰ"
medical_device_category_6840_20-20024,"含0.6%酵母浸膏的胰酪胨大豆琼脂（TSA-YE）培养基",6840-20-20024,__import__.medical_device_category_6840_20,,"用于单核细胞增生李斯特菌的培养，不具有微生物鉴别和药敏鉴别的作用。",,"Ⅰ"
medical_device_category_6840_20-20025,"含0.6%酵母浸膏的胰酪胨大豆肉汤（TSB-YE）培养基",6840-20-20025,__import__.medical_device_category_6840_20,,"用于单核细胞增生李斯特菌的培养，不具有微生物鉴别和药敏鉴别的作用。",,"Ⅰ"
medical_device_category_6840_20-20026,"缓冲蛋白胨水培养基",6840-20-20026,__import__.medical_device_category_6840_20,,"用于沙门菌或李斯特菌增菌培养，不具有微生物鉴别和药敏鉴别的作用。",,"Ⅰ"
medical_device_category_6840_20-20027,"碱性蛋白胨水培养基",6840-20-20027,__import__.medical_device_category_6840_20,,"用于霍乱弧菌增菌培养，不具有微生物鉴别和药敏鉴别的作用。",,"Ⅰ"
medical_device_category_6840_20-20028,"幽门螺旋杆菌培养基",6840-20-20028,__import__.medical_device_category_6840_20,,"用于幽门螺旋杆菌的分离培养，不具有微生物鉴别和药敏鉴别的作用。",,"Ⅰ"
medical_device_category_6840_20-20029,"拟杆菌培养基（BBE）",6840-20-20029,__import__.medical_device_category_6840_20,,"用于拟杆菌的分离培养，不具有微生物鉴别和药敏鉴别的作用。",,"Ⅰ"
medical_device_category_6840_20-20030,"巧克力琼脂培养基（不加抗生素）",6840-20-20030,__import__.medical_device_category_6840_20,,"用于嗜血杆菌、奈瑟菌等苛养菌的培养，不具有微生物鉴别和药敏鉴别的作用。",,"Ⅰ"
medical_device_category_6840_20-20031,"嗜血杆菌巧克力琼脂选择培养基",6840-20-20031,__import__.medical_device_category_6840_20,,"用于嗜血杆菌的分离培养，不具有微生物鉴别和药敏鉴别的作用。",,"Ⅰ"
medical_device_category_6840_20-20032,"卡那霉素-万古霉素冻融血琼脂培养基",6840-20-20032,__import__.medical_device_category_6840_20,,"用于厌氧菌产黑色素普雷沃菌及大部分拟杆菌的分离培养，不具有微生物鉴别和药敏鉴别的作用。",,"Ⅰ"
medical_device_category_6840_20-20033,"环丝氨酸-头孢西丁-果糖琼脂培养基",6840-20-20033,__import__.medical_device_category_6840_20,,"用于厌氧菌梭状芽孢杆菌，如：艰难梭状芽孢杆菌的分离培养，不具有微生物鉴别和药敏鉴别的作用。",,"Ⅰ"
medical_device_category_6840_20-20034,"卵黄琼脂培养基",6840-20-20034,__import__.medical_device_category_6840_20,,"用于厌氧菌梭状芽孢杆菌属各菌种的分离培养，不具有微生物鉴别和药敏鉴别的作用。",,"Ⅰ"
medical_device_category_6840_20-20035,"SBG增菌培养基",6840-20-20035,__import__.medical_device_category_6840_20,,"用于沙门菌增菌培养，不具有微生物鉴别和药敏鉴别的作用。",,"Ⅰ"
medical_device_category_6840_20-20036,"HE琼脂培养基",6840-20-20036,__import__.medical_device_category_6840_20,,"用于沙门菌和志贺菌的分离培养，不具有微生物鉴别和药敏鉴别的作用。",,"Ⅰ"
medical_device_category_6840_20-20037,"XLD琼脂培养基",6840-20-20037,__import__.medical_device_category_6840_20,,"用于沙门菌和志贺菌的分离培养，不具有微生物鉴别和药敏鉴别的作用。",,"Ⅰ"
medical_device_category_6840_20-20038,"沙门志贺（SS）琼脂培养基",6840-20-20038,__import__.medical_device_category_6840_20,,"用于沙门菌和志贺菌的分离培养，不具有微生物鉴别和药敏鉴别的作用。",,"Ⅰ"
medical_device_category_6840_20-20039,"沙门志贺（SS）肉汤培养基",6840-20-20039,__import__.medical_device_category_6840_20,,"用于沙门菌和志贺菌的增菌培养，不具有微生物鉴别和药敏鉴别的作用。",,"Ⅰ"
medical_device_category_6840_20-20040,"弯曲杆菌培养基",6840-20-20040,__import__.medical_device_category_6840_20,,"用于弯曲杆菌的分离培养。",,"Ⅰ"
medical_device_category_6840_20-20041,"WS琼脂培养基",6840-20-20041,__import__.medical_device_category_6840_20,,"用于沙门菌的分离培养，不具有微生物鉴别和药敏鉴别的作用。",,"Ⅰ"
medical_device_category_6840_20-20042,"亚硒酸盐胱氨酸增菌培养基（SC培养基）",6840-20-20042,__import__.medical_device_category_6840_20,,"用于沙门菌的增菌培养，不具有微生物鉴别和药敏鉴别的作用。",,"Ⅰ"
medical_device_category_6840_20-20043,"血琼脂培养基",6840-20-20043,__import__.medical_device_category_6840_20,,"用于细菌和真菌的培养、分离，不具有微生物鉴别和药敏鉴别的作用。",,"Ⅰ"
medical_device_category_6840_20-20044,"哥伦比亚血琼脂培养基",6840-20-20044,__import__.medical_device_category_6840_20,,"用于一般细菌、苛养菌的分离培养和细菌溶血试验，不具有微生物鉴别和药敏鉴别的作用。",,"Ⅰ"
medical_device_category_6840_20-20045,"布鲁菌血琼脂（BBA）培养基",6840-20-20045,__import__.medical_device_category_6840_20,,"用于布鲁菌的分离培养，不具有微生物鉴别和药敏鉴别的作用。",,"Ⅰ"
medical_device_category_6840_20-20046,"改良淋病奈瑟菌选择性琼脂培养基（MTM琼脂培养基）",6840-20-20046,__import__.medical_device_category_6840_20,,"用于淋病奈瑟菌的分离培养，不具有微生物鉴别和药敏鉴别的作用。",,"Ⅰ"
medical_device_category_6840_20-20047,"淋病奈瑟菌培养基",6840-20-20047,__import__.medical_device_category_6840_20,,"用于淋病奈瑟菌的分离培养，不具有微生物鉴别和药敏鉴别的作用。",,"Ⅰ"
medical_device_category_6840_20-20048,"TM（Thayer-Martin）淋球菌培养基",6840-20-20048,__import__.medical_device_category_6840_20,,"用于淋病奈瑟菌的分离培养，不具有微生物鉴别和药敏鉴别的作用。",,"Ⅰ"
medical_device_category_6840_20-20049,"麦康凯琼脂培养基",6840-20-20049,__import__.medical_device_category_6840_20,,"用于肠道致病菌的分离培养，不具有微生物鉴别和药敏鉴别的作用。",,"Ⅰ"
medical_device_category_6840_20-20050,"山梨醇麦康凯培养基",6840-20-20050,__import__.medical_device_category_6840_20,,"用于O157：H7大肠埃希菌的分离培养，不具有微生物鉴别和药敏鉴别的作用。",,"Ⅰ"
medical_device_category_6840_20-20051,"中国蓝琼脂培养基",6840-20-20051,__import__.medical_device_category_6840_20,,"用于革兰阴性细菌的分离培养，不具有微生物鉴别和药敏鉴别的作用。",,"Ⅰ"
medical_device_category_6840_20-20052,"伊红美蓝琼脂培养基",6840-20-20052,__import__.medical_device_category_6840_20,,"用于肠道致病菌及大肠菌群的分离培养，不具有微生物鉴别和药敏鉴别的作用。",,"Ⅰ"
medical_device_category_6840_20-20053,"海氏肠道琼脂培养基",6840-20-20053,__import__.medical_device_category_6840_20,,"用于革兰阴性菌的分离培养，不具有微生物鉴别和药敏鉴别的作用。",,"Ⅰ"
medical_device_category_6840_20-20054,"庆大霉素琼脂培养基",6840-20-20054,__import__.medical_device_category_6840_20,,"用于霍乱弧菌的分离培养，不具有微生物鉴别和药敏鉴别的作用。",,"Ⅰ"
medical_device_category_6840_20-20055,"硫柠胆蔗琼脂培养基（TCBS琼脂培养基）",6840-20-20055,__import__.medical_device_category_6840_20,,"用于霍乱弧菌、副溶血性弧菌的分离培养，不具有微生物鉴别和药敏鉴别的作用。",,"Ⅰ"
medical_device_category_6840_20-20056,"链霉素月桂基硫酸钠亚碲酸钾琼脂培养基",6840-20-20056,__import__.medical_device_category_6840_20,,"用于霍乱弧菌的分离培养，不具有微生物鉴别和药敏鉴别的作用。",,"Ⅰ"
medical_device_category_6840_20-20057,"军团菌琼脂培养基",6840-20-20057,__import__.medical_device_category_6840_20,,"用于军团菌的分离培养，不具有微生物鉴别和药敏鉴别的作用。",,"Ⅰ"
medical_device_category_6840_20-20058,"高盐甘露醇琼脂培养基",6840-20-20058,__import__.medical_device_category_6840_20,,"用于葡萄球菌的分离培养，不具有微生物鉴别和药敏鉴别的作用。",,"Ⅰ"
medical_device_category_6840_20-20059,"Baird-Parker琼脂培养基",6840-20-20059,__import__.medical_device_category_6840_20,,"用于凝固酶阳性葡萄球菌的分离培养，不具有微生物鉴别和药敏鉴别的作用。",,"Ⅰ"
medical_device_category_6840_20-20060,"四号琼脂培养基",6840-20-20060,__import__.medical_device_category_6840_20,,"用于人体粪便样本中肠道致病性弧菌、霍乱弧菌的分离培养，不具有微生物鉴别和药敏鉴别的作用。",,"Ⅰ"
medical_device_category_6840_20-20061,"细菌培养浸片",6840-20-20061,__import__.medical_device_category_6840_20,,"用于尿液中的细菌的分离培养，不具有微生物鉴别和药敏鉴别的作用。",,"Ⅰ"
medical_device_category_6840_20-20062,"淋球菌培养浸片",6840-20-20062,__import__.medical_device_category_6840_20,,"用于子宫颈内、尿道和直肠标本等人体样本中淋病奈瑟菌的分离培养，不具有微生物鉴别和药敏鉴别的作用。",,"Ⅰ"
medical_device_category_6840_20-20063,"CLED琼脂培养基",6840-20-20063,__import__.medical_device_category_6840_20,,"用于尿液中微生物的分离培养，不具有微生物鉴别和药敏鉴别的作用。",,"Ⅰ"
medical_device_category_6840_20-20064,"沙保弱（罗）琼脂培养基",6840-20-20064,__import__.medical_device_category_6840_20,,"用于真菌的分离培养，不具有微生物鉴别和药敏鉴别的作用。",,"Ⅰ"
medical_device_category_6840_20-20065,"马铃薯葡萄糖琼脂培养基",6840-20-20065,__import__.medical_device_category_6840_20,,"用于霉菌和酵母菌的培养，不具有微生物鉴别和药敏鉴别的作用。",,"Ⅰ"
medical_device_category_6840_20-20066,"改良马丁培养基",6840-20-20066,__import__.medical_device_category_6840_20,,"用于真菌的培养，不具有微生物鉴别和药敏鉴别的作用。",,"Ⅰ"
medical_device_category_6840_20-20067,"接种培养液",6840-20-20067,__import__.medical_device_category_6840_20,,"用于为微生物鉴定试验提供保持微生物活性的环境，不具有微生物鉴别和药敏鉴别的作用。",,"Ⅰ"
medical_device_category_6840_20-20068,"毛滴虫培养基",6840-20-20068,__import__.medical_device_category_6840_20,,"用于毛滴虫培养，不具有微生物鉴别和药敏鉴别的作用。",,"Ⅰ"
medical_device_category_6840_20-20069,"双相显色体液培养瓶",6840-20-20069,__import__.medical_device_category_6840_20,,"用于胸水、腹水、脑脊液等体液细菌中的分离培养，不具有微生物鉴别和药敏鉴别的作用。",,"Ⅰ"
medical_device_category_6840_20-20070,"双相血培养瓶",6840-20-20070,__import__.medical_device_category_6840_20,,"用于临床菌血症、败血症、脓毒血症等血液标本的增菌培养，不具有微生物鉴别和药敏鉴别的作用。",,"Ⅰ"
medical_device_category_6840_20-20071,"药敏接种培养液",6840-20-20071,__import__.medical_device_category_6840_20,,"与其他试剂或仪器配合使用，用于药物敏感性检测。",,"Ⅰ"
medical_device_category_6840_20-20072,"药敏指示剂",6840-20-20072,__import__.medical_device_category_6840_20,,"与其他试剂或仪器配合使用，用于药物敏感性检测。",,"Ⅰ"
medical_device_category_6840_20-20073,"分枝杆菌抗生素补充检测试剂",6840-20-20073,__import__.medical_device_category_6840_20,,"与细菌分枝杆菌监测系统同时使用，以检测和分离非血液的无菌体液样本和消化、去污染的临床样本中的分枝杆菌。",,"Ⅰ"
medical_device_category_6840_20-20074,"7.5%氯化钠肉汤培养基",6840-20-20074,__import__.medical_device_category_6840_20,,"用于金黄色葡萄球菌的选择性培养，不具有微生物鉴别和药敏鉴别的作用。",,"Ⅰ"
medical_device_category_6840_20-20075,"大肠埃希菌尿培养浸片",6840-20-20075,__import__.medical_device_category_6840_20,,"用于人体尿液样本中的大肠埃希菌的分离培养，不具有微生物鉴别和药敏鉴别的作用。",,"Ⅰ"
medical_device_category_6840_20-20076,"细胞培养基",6840-20-20076,__import__.medical_device_category_6840_20,,"细胞基础培养基。仅用于细胞增殖培养，不含有细胞因子等诱导剂组成。不具备对细胞的选择、诱导、分化功能，且培养的细胞仅用于临床体外诊断用途，不用于细胞治疗、细胞回输、辅助生殖等治疗用途。",,"Ⅰ"
medical_device_category_6840_20-20077,"RPMI-1640培养基",6840-20-20077,__import__.medical_device_category_6840_20,,"细胞基础培养基。仅用于细胞增殖培养，不含有细胞因子等诱导剂组成。不具备对细胞的选择、诱导、分化功能，且培养的细胞仅用于临床体外诊断用途，不用于细胞治疗、细胞回输、辅助生殖等治疗用途。",,"Ⅰ"
medical_device_category_6840_21-21001,"样本释放剂/裂解液",6840-21-21001,__import__.medical_device_category_6840_21,,"可跨平台、或同一仪器平台，或同一方法学使用的非特异性试剂，用于待测样本的预处理，使样本中的待测物从与其他物质结合的状态中释放/裂解出来。以便于使用体外诊断试剂或仪器对待测物进行检测。其本身并不直接参与检测。",,"Ⅰ"
medical_device_category_6840_21-21002,"样本萃取液",6840-21-21002,__import__.medical_device_category_6840_21,,"可跨平台、或同一仪器平台，或同一方法学使用的非特异性试剂，用于对待测样本进行分析前预处理，溶解细胞，萃取出待测物。其本身并不直接参与检测。",,"Ⅰ"
medical_device_category_6840_21-21003,"样本稀释液",6840-21-21003,__import__.medical_device_category_6840_21,,"可跨平台、或同一仪器平台，或同一方法学使用的非特异性试剂，用于对待测样本进行稀释、液化，以便于使用体外诊断试剂或仪器对待测物进行检测。其本身并不直接参与检测。",,"Ⅰ"
medical_device_category_6840_21-21004,"样本密度分离液",6840-21-21004,__import__.medical_device_category_6840_21,,"通过密度分离作用，用于样本中不同成分的分离，以便于对样本的进一步分析。",,"Ⅰ"
medical_device_category_6840_21-21005,"蛋白、多肽提取或纯化试剂",6840-21-21005,__import__.medical_device_category_6840_21,,"用于多肽、蛋白质的提取、富集、纯化等步骤。其处理后的产物用于临床体外检测使用。产品组成中不含可与样本特异性结合的抗原、抗体、探针等成分。",,"Ⅰ"
medical_device_category_6840_21-21006,"核酸提取或纯化试剂",6840-21-21006,__import__.medical_device_category_6840_21,,"用于核酸的提取、富集、纯化等步骤。其处理后的产物用于临床体外检测使用。产品组成中不含可与样本特异性结合的抗原、抗体、探针等成分。",,"Ⅰ"
medical_device_category_6840_21-21007,"甲基化检测样本前处理试剂",6840-21-21007,__import__.medical_device_category_6840_21,,"用于核酸的亚硫酸氢盐转化修饰、提取、富集、纯化步骤。产品组成中不含可与样本特异性结合的抗原、抗体、探针等成分。",,"Ⅰ"
medical_device_category_6840_21-21008,"细胞外囊泡提取试剂",6840-21-21008,__import__.medical_device_category_6840_21,,"用于细胞外囊泡的提取、富集、纯化等步骤。处理后的产物用于临床体外检测。产品组成中不含可与样本特异性结合的抗原、抗体、探针等成分。",,"Ⅰ"
medical_device_category_6840_21-21009,"血细胞分析用溶血剂",6840-21-21009,__import__.medical_device_category_6840_21,,"用于血细胞分析前破坏红细胞、溶出血红蛋白、维持所需分析细胞的形态，待有需求时，对白细胞染色后再进行细胞分类计数或直接进行细胞分类计数和/或血红蛋白定量检测等。",,"Ⅰ"
medical_device_category_6840_21-21010,"血细胞分析用稀释液",6840-21-21010,__import__.medical_device_category_6840_21,,"用于对待测全血样本进行稀释，配合血液分析仪或试剂对待测物进行检测。临床上用于血细胞分析前，通过样本稀释制备细胞悬液。",,"Ⅰ"
medical_device_category_6840_21-21011,"血细胞分析用染色液",6840-21-21011,__import__.medical_device_category_6840_21,,"用于对血细胞进行染色，从而观察其形态与结构，以便于血液分析仪器进行血细胞分类计数。",,"Ⅰ"
medical_device_category_6840_21-21012,"血细胞分析用鞘液",6840-21-21012,__import__.medical_device_category_6840_21,,"用于对血液样本稀释，形成鞘流，以利于分析仪器进行细胞计数、分类。适用于采用流式细胞分析原理的分析仪。",,"Ⅰ"
medical_device_category_6840_21-21013,"网织红细胞染色液",6840-21-21013,__import__.medical_device_category_6840_21,,"用于对全血样本中的网织红细胞进行染色，以便于显微镜下对网织红细胞计数。",,"Ⅰ"
medical_device_category_6840_21-21014,"尿液分析用稀释液",6840-21-21014,__import__.medical_device_category_6840_21,,"用于尿液分析前，样本的稀释，制备细胞悬液。",,"Ⅰ"
medical_device_category_6840_21-21015,"尿液分析用染色液",6840-21-21015,__import__.medical_device_category_6840_21,,"用于对尿液中的有形成分进行染色（不能对病原体进行染色），以便于观察其形态与结构，进行分类计数等。不能用于自测。",,"Ⅰ"
medical_device_category_6840_21-21016,"尿液样本保存液",6840-21-21016,__import__.medical_device_category_6840_21,,"用于尿液样本的保存。",,"Ⅰ"
medical_device_category_6840_21-21017,"糖化血红蛋白溶血剂",6840-21-21017,__import__.medical_device_category_6840_21,,"用于糖化血红蛋白检测前的血液样本处理。",,"Ⅰ"
medical_device_category_6840_21-21018,"血型分析用稀释液",6840-21-21018,__import__.medical_device_category_6840_21,,"用于制备红细胞悬液，在临床输血上用于血型定型、交叉配血前的样本稀释。其本身并不直接参与检测。",,"Ⅰ"
medical_device_category_6840_21-21019,"凝血分析用稀释液",6840-21-21019,__import__.medical_device_category_6840_21,,"用于在凝血测试中稀释血浆标本。其本身并不直接参与检测。",,"Ⅰ"
medical_device_category_6840_21-21020,"电解质分析用稀释液",6840-21-21020,__import__.medical_device_category_6840_21,,"用于电解质（钾、钠、氯等）检测分析中的样本稀释。其本身并不直接参与检测。",,"Ⅰ"
medical_device_category_6840_21-21021,"原子吸收光谱仪稀释液",6840-21-21021,__import__.medical_device_category_6840_21,,"用于原子吸收光谱仪检测铅、镉等元素的样本处理。其本身并不直接参与检测。",,"Ⅰ"
medical_device_category_6840_21-21022,"流式细胞分析用溶血剂",6840-21-21022,__import__.medical_device_category_6840_21,,"用于裂解人类外周血中红细胞，维持白细胞基本形态，临床上用于流式细胞仪检测前样本处理。",,"Ⅰ"
medical_device_category_6840_21-21023,"流式细胞分析用破膜剂",6840-21-21023,__import__.medical_device_category_6840_21,,"用于流式细胞样本的处理，诱导白细胞质膜通透性加大，实现抗体对胞内抗原的检测。",,"Ⅰ"
medical_device_category_6840_21-21024,"流式细胞分析用鞘液",6840-21-21024,__import__.medical_device_category_6840_21,,"用于与流式技术相关的分析，对样本进行检测时形成鞘流，以利于仪器进行计数分析。",,"Ⅰ"
medical_device_category_6840_21-21025,"BFA刺激剂",6840-21-21025,__import__.medical_device_category_6840_21,,"与流式细胞仪配合使用样本处理试剂。蛋白转运抑制剂，阻断淋巴细胞胞内蛋白运输途径，增加细胞因子和/或蛋白在高尔基体中积累，用于细胞因子生成细胞的检测。",,"Ⅰ"
medical_device_category_6840_21-21026,"尿液分析用鞘液",6840-21-21026,__import__.medical_device_category_6840_21,,"用于采用流式细胞分析原理的分析仪，对尿液样本稀释，形成鞘流，利于分析仪器进行细胞计数、分类。",,"Ⅰ"
medical_device_category_6840_21-21027,"精液液化剂",6840-21-21027,__import__.medical_device_category_6840_21,,"用于精液标本的前处理，可促进液化迟缓的精液标本的液化、降低精液的粘稠度。",,"Ⅰ"
medical_device_category_6840_21-21028,"组织固定液",6840-21-21028,__import__.medical_device_category_6840_21,,"用于新鲜组织标本、细胞学标本的固定，保持细胞固定的形态。",,"Ⅰ"
medical_device_category_6840_21-21029,"样本保存液",6840-21-21029,__import__.medical_device_category_6840_21,,"用于组织、细胞病理学分析样本的保存。仅用于体外保存样本使用，不具有判定和治疗作用。保存后的样本不用于细胞治疗、细胞回输、辅助生殖等用途。",,"Ⅰ"
medical_device_category_6840_21-21030,"冷冻包埋剂",6840-21-21030,__import__.medical_device_category_6840_21,,"用于对离体病灶组织进行包埋，包埋后的组织可用于后续病理分析。",,"Ⅰ"
medical_device_category_6840_21-21031,"分化液",6840-21-21031,__import__.medical_device_category_6840_21,,"用于人体样本染色过程中对染色后样本的分化处理。",,"Ⅰ"
medical_device_category_6840_21-21032,"返蓝液",6840-21-21032,__import__.medical_device_category_6840_21,,"用于石蜡包埋组织、细胞标本、组织冰冻切片苏木素伊红染色过程中苏木素染色分化后的蓝化。",,"Ⅰ"
medical_device_category_6840_21-21033,"组织样本清洗用蛋白酶",6840-21-21033,__import__.medical_device_category_6840_21,,"用于酶解常规福尔马林固定、石蜡包埋的组织样本。",,"Ⅰ"
medical_device_category_6840_21-21034,"细胞蜡块制备试剂",6840-21-21034,__import__.medical_device_category_6840_21,,"用于病理细胞学样本检测前的处理。用于细针穿刺物、切割针活检、体液以及其他细胞学制备的残余沉积物和各种组织微小碎片的石蜡包埋块制作。",,"Ⅰ"
medical_device_category_6840_21-21035,"脱钙液",6840-21-21035,__import__.medical_device_category_6840_21,,"用于体外样本组织的固定和脱钙。",,"Ⅰ"
medical_device_category_6840_21-21036,"脱蜡液",6840-21-21036,__import__.medical_device_category_6840_21,,"用于去除石蜡包埋组织样本上的石蜡，对样本进行染色前预处理。",,"Ⅰ"
medical_device_category_6840_21-21037,"脱水剂",6840-21-21037,__import__.medical_device_category_6840_21,,"用于病理分析前组织标本的梯度脱水或切片染色前梯度水化。",,"Ⅰ"
medical_device_category_6840_21-21038,"液基细胞和微生物处理、保存试剂",6840-21-21038,__import__.medical_device_category_6840_21,,"用于病理诊断分析前，人体脱落细胞或微生物形态观察前的预处理。临床上用于呼吸道脱落细胞等临床样本检验分析前细胞或微生物的保存、运输、分离、沉淀、固定、制片等。",,"Ⅰ"
medical_device_category_6840_21-21039,"抗体稀释液",6840-21-21039,__import__.medical_device_category_6840_21,,"在免疫组化化学染色中，用于抗体浓缩液的稀释。",,"Ⅰ"
medical_device_category_6840_21-21040,"阻断剂",6840-21-21040,__import__.medical_device_category_6840_21,,"用于福尔马林固定、石蜡包埋的组织切片进行免疫组化染色前预处理，对组织内的过氧化物酶或生物素等相关成分进行阻断，以便抗体定位病变组织。",,"Ⅰ"
medical_device_category_6840_21-21041,"免疫组化抗原修复缓冲液",6840-21-21041,__import__.medical_device_category_6840_21,,"用于免疫组织化学中染色前的抗原修复。",,"Ⅰ"
medical_device_category_6840_21-21042,"脱蜡热修复液",6840-21-21042,__import__.medical_device_category_6840_21,,"用于在免疫组织化学中染色前组织切片的预处理，包括对福尔马林固定、石蜡包埋组织切片进行脱蜡和热诱导的抗原修复。",,"Ⅰ"
medical_device_category_6840_21-21043,"原位杂交用蛋白酶",6840-21-21043,__import__.medical_device_category_6840_21,,"用于组织或细胞样本，增强细胞膜的通透性。",,"Ⅰ"
medical_device_category_6840_21-21044,"痰液样本处理试剂",6840-21-21044,__import__.medical_device_category_6840_21,,"用于对待测痰样本进行稀释、液化，用于痰中微生物培养前痰的均质化处理，以便于后续检测分析。",,"Ⅰ"
medical_device_category_6840_21-21045,"粪便样本处理试剂",6840-21-21045,__import__.medical_device_category_6840_21,,"用于粪便样本在常规或病理检验前的预处理。",,"Ⅰ"
medical_device_category_6840_21-21046,"粪便保存液",6840-21-21046,__import__.medical_device_category_6840_21,,"用于粪便样本的储存、运输，防止样本中核酸降解，以便于后续检测分析。",,"Ⅰ"
medical_device_category_6840_21-21047,"粪便分析用染色液",6840-21-21047,__import__.medical_device_category_6840_21,,"用于粪便样本中淀粉质、细菌、寄生虫卵等染色。",,"Ⅰ"
medical_device_category_6840_21-21048,"病毒保存液",6840-21-21048,__import__.medical_device_category_6840_21,,"用于病毒类病原体样本的保存和运输，仅用于体外保存样本使用，不具有判定和治疗作用。",,"Ⅰ"
medical_device_category_6840_21-21049,"细胞保存液",6840-21-21049,__import__.medical_device_category_6840_21,,"用于保存、运输取自人体的细胞，仅用于体外分析检测目的，不用于治疗性用途。",,"Ⅰ"
medical_device_category_6840_21-21050,"中性红染色液",6840-21-21050,__import__.medical_device_category_6840_21,,"用于人体组织样本、细胞样本的染色。",,"Ⅰ"
medical_device_category_6840_21-21051,"核固红染色液",6840-21-21051,__import__.medical_device_category_6840_21,,"用于人体组织样本、细胞样本中细胞核的染色。",,"Ⅰ"
medical_device_category_6840_21-21052,"粘蛋白胭脂红染色液",6840-21-21052,__import__.medical_device_category_6840_21,,"用于人体组织样本、细胞样本中酸性粘多糖的染色。",,"Ⅰ"
medical_device_category_6840_21-21053,"油红O染色液",6840-21-21053,__import__.medical_device_category_6840_21,,"用于人体组织样本、细胞样本中脂肪的染色。",,"Ⅰ"
medical_device_category_6840_21-21054,"伊红染色液",6840-21-21054,__import__.medical_device_category_6840_21,,"用于人体组织样本、细胞样本中细胞质的染色。",,"Ⅰ"
medical_device_category_6840_21-21055,"巴氏染色液",6840-21-21055,__import__.medical_device_category_6840_21,,"用于人体细胞样本的常规染色，适用于妇科细胞学涂片染色、细胞脱落标本染色。",,"Ⅰ"
medical_device_category_6840_21-21056,"橙黄G染色液",6840-21-21056,__import__.medical_device_category_6840_21,,"用于人体细胞样本的常规染色，适用于妇科细胞学涂片染色、细胞脱落标本染色。",,"Ⅰ"
medical_device_category_6840_21-21057,"EA50染色液",6840-21-21057,__import__.medical_device_category_6840_21,,"用于人体细胞样本的常规染色，适用于妇科细胞学涂片染色、细胞脱落标本染色。",,"Ⅰ"
medical_device_category_6840_21-21058,"胶体铁染色液",6840-21-21058,__import__.medical_device_category_6840_21,,"用于人体组织样本中粘液多糖类物质的染色。",,"Ⅰ"
medical_device_category_6840_21-21059,"铁染色液",6840-21-21059,__import__.medical_device_category_6840_21,,"用于人体组织样本中含铁血黄素的染色。",,"Ⅰ"
medical_device_category_6840_21-21060,"天狼星红染色液",6840-21-21060,__import__.medical_device_category_6840_21,,"用于人体组织样本中胶原纤维的染色。",,"Ⅰ"
medical_device_category_6840_21-21061,"台盼蓝染色液",6840-21-21061,__import__.medical_device_category_6840_21,,"用于人体组织样本、细胞样本中细胞膜的染色。",,"Ⅰ"
medical_device_category_6840_21-21062,"Masson三色染色液",6840-21-21062,__import__.medical_device_category_6840_21,,"用于人体组织样本中结缔组织、肌肉和胶原纤维的染色。",,"Ⅰ"
medical_device_category_6840_21-21063,"Pollak三色染色液",6840-21-21063,__import__.medical_device_category_6840_21,,"用于人体组织样本中结缔组织的多色染色。",,"Ⅰ"
medical_device_category_6840_21-21064,"马休黄-酸性品红-苯胺蓝染色液",6840-21-21064,__import__.medical_device_category_6840_21,,"用于人体组织样本中纤维素的染色。",,"Ⅰ"
medical_device_category_6840_21-21065,"苏木素-伊红（HE）染色液",6840-21-21065,__import__.medical_device_category_6840_21,,"用于人体组织样本、细胞样本的常规染色。",,"Ⅰ"
medical_device_category_6840_21-21066,"苏木素染色液",6840-21-21066,__import__.medical_device_category_6840_21,,"用于人体组织样本、细胞样本中细胞核的染色。",,"Ⅰ"
medical_device_category_6840_21-21067,"琼斯亮绿染色液",6840-21-21067,__import__.medical_device_category_6840_21,,"用于人体组织样本中毛细血管基底膜的染色。",,"Ⅰ"
medical_device_category_6840_21-21068,"琼斯苏木素伊红染色液",6840-21-21068,__import__.medical_device_category_6840_21,,"用于人体组织样本中毛细血管基底膜的染色。",,"Ⅰ"
medical_device_category_6840_21-21069,"磷钨酸苏木素染色液",6840-21-21069,__import__.medical_device_category_6840_21,,"用于人体组织样本中肌纤维和纤维素的染色，特别是平滑肌的染色。",,"Ⅰ"
medical_device_category_6840_21-21070,"苏丹黑染色液",6840-21-21070,__import__.medical_device_category_6840_21,,"用于人体细胞样本中脂类的染色。",,"Ⅰ"
medical_device_category_6840_21-21071,"苏丹Ⅲ染色液",6840-21-21071,__import__.medical_device_category_6840_21,,"用于人体样本中脂肪的染色。",,"Ⅰ"
medical_device_category_6840_21-21072,"亮绿－过碘酸雪夫氏染色液",6840-21-21072,__import__.medical_device_category_6840_21,,"用于人体组织样本中真菌的染色。",,"Ⅰ"
medical_device_category_6840_21-21073,"结晶紫染色液",6840-21-21073,__import__.medical_device_category_6840_21,,"用于革兰染色和人体组织样本、细胞样本中细胞核的染色。",,"Ⅰ"
medical_device_category_6840_21-21074,"品红染色液",6840-21-21074,__import__.medical_device_category_6840_21,,"用于细菌的染色和人体组织样本的染色。",,"Ⅰ"
medical_device_category_6840_21-21075,"氯化醋酸AS-D萘酚酯酶（AS-DNCE）染色液",6840-21-21075,__import__.medical_device_category_6840_21,,"用于人体细胞样本中骨髓细胞的染色。",,"Ⅰ"
medical_device_category_6840_21-21076,"α-丁酸萘酚酯酶（α-NBE）染色液",6840-21-21076,__import__.medical_device_category_6840_21,,"用于人体细胞样本中骨髓细胞的染色。",,"Ⅰ"
medical_device_category_6840_21-21077,"α-醋酸萘酚酯酶（α-NAE）染色液",6840-21-21077,__import__.medical_device_category_6840_21,,"用于人体细胞样本中骨髓细胞的染色。",,"Ⅰ"
medical_device_category_6840_21-21078,"苯胺蓝（霍夫曼蓝）染色液",6840-21-21078,__import__.medical_device_category_6840_21,,"用于人体组织样本中结缔组织、神经组织的染色和人体细胞样本的染色。",,"Ⅰ"
medical_device_category_6840_21-21079,"甲苯胺蓝染色液",6840-21-21079,__import__.medical_device_category_6840_21,,"用于人体组织样本中软骨细胞、肥大细胞的染色。",,"Ⅰ"
medical_device_category_6840_21-21080,"刚果红染色液",6840-21-21080,__import__.medical_device_category_6840_21,,"用于人体组织样本中淀粉体的染色。",,"Ⅰ"
medical_device_category_6840_21-21081,"刘氏染色液",6840-21-21081,__import__.medical_device_category_6840_21,,"用于人体细胞样本的染色。",,"Ⅰ"
medical_device_category_6840_21-21082,"瑞氏-吉姆萨染色液",6840-21-21082,__import__.medical_device_category_6840_21,,"用于人体血细胞样本的染色。",,"Ⅰ"
medical_device_category_6840_21-21083,"瑞氏染色液",6840-21-21083,__import__.medical_device_category_6840_21,,"用于人体血细胞样本的染色。",,"Ⅰ"
medical_device_category_6840_21-21084,"吉姆萨染色液",6840-21-21084,__import__.medical_device_category_6840_21,,"用于人体血细胞样本的染色。",,"Ⅰ"
medical_device_category_6840_21-21085,"DAPI（4,6-二脒基-2-苯基吲哚）染色液",6840-21-21085,__import__.medical_device_category_6840_21,,"用于人体组织样本、细胞样本中细胞核染色。",,"Ⅰ"
medical_device_category_6840_21-21086,"PI（碘化丙啶）染色液",6840-21-21086,__import__.medical_device_category_6840_21,,"用于人体组织样本、细胞样本中DNA进行染色。",,"Ⅰ"
medical_device_category_6840_21-21087,"异染颗粒染色液",6840-21-21087,__import__.medical_device_category_6840_21,,"用于白喉棒状杆菌等的染色。",,"Ⅰ"
medical_device_category_6840_21-21088,"柯氏染色液",6840-21-21088,__import__.medical_device_category_6840_21,,"用于布鲁菌等细菌的染色。",,"Ⅰ"
medical_device_category_6840_21-21089,"乳酸棉酚蓝染色液",6840-21-21089,__import__.medical_device_category_6840_21,,"用于真菌的染色。",,"Ⅰ"
medical_device_category_6840_21-21090,"革兰染色液",6840-21-21090,__import__.medical_device_category_6840_21,,"用于细菌或真菌的涂片染色。",,"Ⅰ"
medical_device_category_6840_21-21091,"抗酸染色液",6840-21-21091,__import__.medical_device_category_6840_21,,"用于分枝杆菌、诺卡菌等抗酸杆菌制片染色。",,"Ⅰ"
medical_device_category_6840_21-21092,"墨汁染色液",6840-21-21092,__import__.medical_device_category_6840_21,,"用于微生物荚膜的染色。",,"Ⅰ"
medical_device_category_6840_21-21093,"荚膜染色液",6840-21-21093,__import__.medical_device_category_6840_21,,"用于菌体荚膜的染色。",,"Ⅰ"
medical_device_category_6840_21-21094,"鞭毛染色液",6840-21-21094,__import__.medical_device_category_6840_21,,"用于菌体鞭毛的染色。",,"Ⅰ"
medical_device_category_6840_21-21095,"芽孢染色液",6840-21-21095,__import__.medical_device_category_6840_21,,"用于菌体芽孢染色。",,"Ⅰ"
medical_device_category_6840_21-21096,"幽门螺旋杆菌染色液",6840-21-21096,__import__.medical_device_category_6840_21,,"用于人体组织样本中幽门螺旋杆菌的染色（脲酶法除外）。",,"Ⅰ"
medical_device_category_6840_21-21097,"金胺O染色液",6840-21-21097,__import__.medical_device_category_6840_21,,"用于细菌抗酸染色。",,"Ⅰ"
medical_device_category_6840_21-21098,"钙荧光白染色液（CFW）",6840-21-21098,__import__.medical_device_category_6840_21,,"用于人体组织样本中真菌细胞壁的染色。",,"Ⅰ"
medical_device_category_6840_21-21099,"六胺银染色液",6840-21-21099,__import__.medical_device_category_6840_21,,"用于人体组织样本中真菌和其他机会性生物细胞壁中的多糖染色。",,"Ⅰ"
medical_device_category_6840_21-21100,"斯坦氏染色液",6840-21-21100,__import__.medical_device_category_6840_21,,"用于人体组织样本中的各种致病微生物（如幽门螺旋杆菌）的银染染色。",,"Ⅰ"
medical_device_category_6840_21-21101,"银染色液",6840-21-21101,__import__.medical_device_category_6840_21,,"用于人体组织样本中蛋白、核酸的染色。",,"Ⅰ"
medical_device_category_6840_21-21102,"铜染色液",6840-21-21102,__import__.medical_device_category_6840_21,,"用于人体组织样本中铜颗粒的染色。",,"Ⅰ"
medical_device_category_6840_21-21103,"硫堇染色液",6840-21-21103,__import__.medical_device_category_6840_21,,"用于人体组织样本、细胞样本中细胞核DNA的染色。",,"Ⅰ"
medical_device_category_6840_21-21104,"硫堇-伊红染色液（F-E）",6840-21-21104,__import__.medical_device_category_6840_21,,"用于人体组织样本、细胞样本的复染及特殊染色。",,"Ⅰ"
medical_device_category_6840_21-21105,"甲基紫染色液",6840-21-21105,__import__.medical_device_category_6840_21,,"用于人体组织样本的淀粉样变染色。",,"Ⅰ"
medical_device_category_6840_21-21106,"黑色素染色液（硫酸亚铁法）",6840-21-21106,__import__.medical_device_category_6840_21,,"用于人体组织样本中黑色素的染色。",,"Ⅰ"
medical_device_category_6840_21-21107,"钙盐染色液（硝酸银法）",6840-21-21107,__import__.medical_device_category_6840_21,,"用于人体组织样本中钙盐的染色。",,"Ⅰ"
medical_device_category_6840_21-21108,"过碘酸雪夫染色液（糖原染色液，PAS）",6840-21-21108,__import__.medical_device_category_6840_21,,"用于人体组织样本、细胞样本中糖原、粘多糖的染色。",,"Ⅰ"
medical_device_category_6840_21-21109,"D-PAS染色液",6840-21-21109,__import__.medical_device_category_6840_21,,"用于人体组织样本、细胞样本中非糖原物质的染色。",,"Ⅰ"
medical_device_category_6840_21-21110,"高铁二胺－阿利辛蓝染色液（HID-AB）",6840-21-21110,__import__.medical_device_category_6840_21,,"用于人体组织样本、细胞样本中硫酸化酸性粘液物质和唾液酸粘液物质的染色。",,"Ⅰ"
medical_device_category_6840_21-21111,"阿利辛蓝染色液",6840-21-21111,__import__.medical_device_category_6840_21,,"用于人体组织样本、细胞样本中粘多糖染色。",,"Ⅰ"
medical_device_category_6840_21-21112,"阿利辛蓝-过碘酸雪夫氏染色液（AB-PAS）",6840-21-21112,__import__.medical_device_category_6840_21,,"用于人体组织样本、细胞样本中酸粘蛋白的染色。",,"Ⅰ"
medical_device_category_6840_21-21113,"阿利辛黄染色液",6840-21-21113,__import__.medical_device_category_6840_21,,"用于人体组织样本中幽门螺旋杆菌染色",,"Ⅰ"
medical_device_category_6840_21-21114,"亚甲基蓝（美蓝）染色液",6840-21-21114,__import__.medical_device_category_6840_21,,"用于人体组织样本、细胞样本中核酸的染色。",,"Ⅰ"
medical_device_category_6840_21-21115,"Van Gieson染色液",6840-21-21115,__import__.medical_device_category_6840_21,,"用于人体组织样本、细胞样本中胶原纤维和肌纤维的染色。",,"Ⅰ"
medical_device_category_6840_21-21116,"W-S银染色液",6840-21-21116,__import__.medical_device_category_6840_21,,"用于人体组织样本中的嗜银微生物的染色。",,"Ⅰ"
medical_device_category_6840_21-21117,"红色复染染色液",6840-21-21117,__import__.medical_device_category_6840_21,,"用于人体组织样本、细胞样本中细胞核的染色。",,"Ⅰ"
medical_device_category_6840_21-21118,"弹性纤维染色液",6840-21-21118,__import__.medical_device_category_6840_21,,"用于人体组织样本中弹性纤维的染色。",,"Ⅰ"
medical_device_category_6840_21-21119,"网状纤维染色液",6840-21-21119,__import__.medical_device_category_6840_21,,"用于人体组织样本中网状纤维的染色。",,"Ⅰ"
medical_device_category_6840_21-21120,"分散蓝染色液",6840-21-21120,__import__.medical_device_category_6840_21,,"用于人体组织样本、细胞样本的染色",,"Ⅰ"
medical_device_category_6840_22-22001,"免疫显色试剂",6840-22-22001,__import__.medical_device_category_6840_22,,"在免疫组化反应中与一抗结合，或在原位杂交检测中与首要探针结合，通过显色，对靶点进行标记。包括免疫显色组分，但不包含一抗或首要探针。",,"Ⅰ"
medical_device_category_6840_22-22002,"DAB显色试剂",6840-22-22002,__import__.medical_device_category_6840_22,,"用于免疫组化、原位杂交检测中的显色。试剂不包含一抗或首要探针。",,"Ⅰ"
medical_device_category_6840_22-22003,"DAB显色增强液",6840-22-22003,__import__.medical_device_category_6840_22,,"与DAB显色试剂配合使用，用于免疫组化检测DAB显色的增强。",,"Ⅰ"
medical_device_category_6840_22-22004,"碱性磷酸酶显色试剂",6840-22-22004,__import__.medical_device_category_6840_22,,"用于原位杂交、免疫组化检测中与一抗结合后的显色。试剂不包含一抗或首要探针。",,"Ⅰ"
medical_device_category_6840_22-22005,"AEC显色试剂",6840-22-22005,__import__.medical_device_category_6840_22,,"用于辣根过氧化酶（HRP）系统免疫组化检测中以AEC为显色底物的显色。试剂不包含一抗。",,"Ⅰ"
medical_device_category_6840_22-22006,"酪胺荧光显色试剂",6840-22-22006,__import__.medical_device_category_6840_22,,"用于多重荧光免疫组化检测的显色。试剂不包含一抗。",,"Ⅰ"
medical_device_category_6840_22-22007,"原位杂交蓝染显色试剂",6840-22-22007,__import__.medical_device_category_6840_22,,"用于在间接生物素抗生物素蛋白链霉素系统原位杂交检测中的显色。试剂不包含首要探针。",,"Ⅰ"
medical_device_category_6840_22-22008,"地高辛显色试剂",6840-22-22008,__import__.medical_device_category_6840_22,,"用于原位杂交、免疫组化检测中标记地高辛探针或抗体的显色。试剂不包含一抗或首要探针。",,"Ⅰ"
medical_device_category_6840_22-22009,"TMB底物液",6840-22-22009,__import__.medical_device_category_6840_22,,"与检测试剂配合使用，完成基于免疫原理的体外诊断检测试验。",,"Ⅰ"
medical_device_category_6840_22-22010,"免疫检验系统用底物液",6840-22-22010,__import__.medical_device_category_6840_22,,"与其他多种试剂（如一抗、二抗、标准品、终止液等）配合使用，完成基于免疫原理的体外诊断检测，仅用于确定的检测系统。",,"Ⅰ"
medical_device_category_6840_22-22011,"免疫检验系统用终止液",6840-22-22011,__import__.medical_device_category_6840_22,,"用于终止酶标二抗与底物液的荧光反应，完成基于免疫原理的体外诊断检测，仅用于确定的检测系统。",,"Ⅰ"
medical_device_category_6840_22-22012,"增强液",6840-22-22012,__import__.medical_device_category_6840_22,,"用于与标记在抗体上的发光标记物形成复合物，增强发光信号以便定量检测发光强度。",,"Ⅰ"
medical_device_category_6840_22-22013,"激发液/预激发液",6840-22-22013,__import__.medical_device_category_6840_22,,"与免疫分析仪配合使用，用于提供化学发光免疫分析反应中所需的反应环境，以启动化学发光反应。",,"Ⅰ"
medical_device_category_6840_22-22014,"比浊管",6840-22-22014,__import__.medical_device_category_6840_22,,"用于判定菌悬液的均一性和一致性。",,"Ⅰ"
medical_device_category_6840_22-22015,"缓冲液",6840-22-22015,__import__.medical_device_category_6840_22,,"用于提供/维持反应环境。",,"Ⅰ"
medical_device_category_6840_22-22016,"阴极/阳极缓冲液",6840-22-22016,__import__.medical_device_category_6840_22,,"用于提供/维持阴极/阳极反应环境。",,"Ⅰ"
medical_device_category_6840_22-22017,"血清蛋白电泳缓冲液",6840-22-22017,__import__.medical_device_category_6840_22,,"与全自动毛细管电泳仪配套使用，用于提供血清蛋白毛细管电泳检测所需的缓冲环境。",,"Ⅰ"
medical_device_category_6840_22-22018,"磷酸盐缓冲液",6840-22-22018,__import__.medical_device_category_6840_22,,"用于一些病理学、免疫学、生物化学、细胞生物学实验。常作为稀释液、洗涤液以及细胞培养缓冲液。",,"Ⅰ"
medical_device_category_6840_22-22019,"电解质分析仪用缓冲液",6840-22-22019,__import__.medical_device_category_6840_22,,"用于电解质、血气分析仪，在离子选择电极法（ISE）检测样本的无机离子过程中稀释样本，提供缓冲环境，并维持溶液pH值的稳定，试剂本身不参与检测反应。",,"Ⅰ"
medical_device_category_6840_22-22020,"待测物清洗液/洗脱液",6840-22-22020,__import__.medical_device_category_6840_22,,"用于检测过程中反应过程体系内待测物清洗或洗脱、起到纯化待测物以便后续检测的仪器平台通用或方法学通用试剂。不单独用于仪器、检测用具及环境的清洗。",,"Ⅰ"
medical_device_category_6840_23-23001,"CD1a抗体试剂",6840-23-23001,__import__.medical_device_category_6840_23,,"用于辅助人体样本中CD1a的检测，临床上用于为医师提供诊断的辅助信息，不得用于指导临床用药或伴随诊断。",,"Ⅰ"
medical_device_category_6840_23-23002,"CD2抗体试剂",6840-23-23002,__import__.medical_device_category_6840_23,,"用于辅助人体样本中CD2的检测，临床上用于为医师提供诊断的辅助信息，不得用于指导临床用药或伴随诊断。",,"Ⅰ"
medical_device_category_6840_23-23003,"CD3抗体试剂",6840-23-23003,__import__.medical_device_category_6840_23,,"用于辅助人体样本中CD3的检测，临床上用于为医师提供诊断的辅助信息，不得用于指导临床用药或伴随诊断。",,"Ⅰ"
medical_device_category_6840_23-23004,"CD4抗体试剂",6840-23-23004,__import__.medical_device_category_6840_23,,"用于辅助人体样本中CD4的检测，临床上用于为医师提供诊断的辅助信息，不得用于指导临床用药或伴随诊断。",,"Ⅰ"
medical_device_category_6840_23-23005,"CD5抗体试剂",6840-23-23005,__import__.medical_device_category_6840_23,,"用于辅助人体样本中CD5的检测，临床上用于为医师提供诊断的辅助信息，不得用于指导临床用药或伴随诊断。",,"Ⅰ"
medical_device_category_6840_23-23006,"CD7抗体试剂",6840-23-23006,__import__.medical_device_category_6840_23,,"用于辅助人体样本中CD7的检测，临床上用于为医师提供诊断的辅助信息，不得用于指导临床用药或伴随诊断。",,"Ⅰ"
medical_device_category_6840_23-23007,"CD8抗体试剂",6840-23-23007,__import__.medical_device_category_6840_23,,"用于辅助人体样本中CD8的检测，临床上用于为医师提供诊断的辅助信息，不得用于指导临床用药或伴随诊断。",,"Ⅰ"
medical_device_category_6840_23-23008,"CD9抗体试剂",6840-23-23008,__import__.medical_device_category_6840_23,,"用于辅助人体样本中CD9的检测，临床上用于为医师提供诊断的辅助信息，不得用于指导临床用药或伴随诊断。",,"Ⅰ"
medical_device_category_6840_23-23009,"CD10抗体试剂",6840-23-23009,__import__.medical_device_category_6840_23,,"用于辅助人体样本中CD10的检测，临床上用于为医师提供诊断的辅助信息，不得用于指导临床用药或伴随诊断。",,"Ⅰ"
medical_device_category_6840_23-23010,"CD11b抗体试剂",6840-23-23010,__import__.medical_device_category_6840_23,,"用于辅助人体样本中CD11b的检测，临床上用于为医师提供诊断的辅助信息，不得用于指导临床用药或伴随诊断。",,"Ⅰ"
medical_device_category_6840_23-23011,"CD11c抗体试剂",6840-23-23011,__import__.medical_device_category_6840_23,,"用于辅助人体样本中CD11c的检测，临床上用于为医师提供诊断的辅助信息，不得用于指导临床用药或伴随诊断。",,"Ⅰ"
medical_device_category_6840_23-23012,"CD13抗体试剂",6840-23-23012,__import__.medical_device_category_6840_23,,"用于辅助人体样本中CD13的检测，临床上用于为医师提供诊断的辅助信息，不得用于指导临床用药或伴随诊断。",,"Ⅰ"
medical_device_category_6840_23-23013,"CD14抗体试剂",6840-23-23013,__import__.medical_device_category_6840_23,,"用于辅助人体样本中CD14的检测，临床上用于为医师提供诊断的辅助信息，不得用于指导临床用药或伴随诊断。",,"Ⅰ"
medical_device_category_6840_23-23014,"CD15抗体试剂",6840-23-23014,__import__.medical_device_category_6840_23,,"用于辅助人体样本中CD15的检测，临床上用于为医师提供诊断的辅助信息，不得用于指导临床用药或伴随诊断。",,"Ⅰ"
medical_device_category_6840_23-23015,"CD16抗体试剂",6840-23-23015,__import__.medical_device_category_6840_23,,"用于辅助人体样本中CD16的检测，临床上用于为医师提供诊断的辅助信息，不得用于指导临床用药或伴随诊断。",,"Ⅰ"
medical_device_category_6840_23-23016,"CD23抗体试剂",6840-23-23016,__import__.medical_device_category_6840_23,,"用于辅助人体样本中CD23的检测，临床上用于为医师提供诊断的辅助信息，不得用于指导临床用药或伴随诊断。",,"Ⅰ"
medical_device_category_6840_23-23017,"CD25抗体试剂",6840-23-23017,__import__.medical_device_category_6840_23,,"用于辅助人体样本中CD25的检测，临床上用于为医师提供诊断的辅助信息，不得用于指导临床用药或伴随诊断。",,"Ⅰ"
medical_device_category_6840_23-23018,"CD27抗体试剂",6840-23-23018,__import__.medical_device_category_6840_23,,"用于辅助人体样本中CD27的检测，临床上用于为医师提供诊断的辅助信息，不得用于指导临床用药或伴随诊断。",,"Ⅰ"
medical_device_category_6840_23-23019,"CD28抗体试剂",6840-23-23019,__import__.medical_device_category_6840_23,,"用于辅助人体样本中CD28的检测，临床上用于为医师提供诊断的辅助信息，不得用于指导临床用药或伴随诊断。",,"Ⅰ"
medical_device_category_6840_23-23020,"CD33抗体试剂",6840-23-23020,__import__.medical_device_category_6840_23,,"用于辅助人体样本中CD33的检测，临床上用于为医师提供诊断的辅助信息，不得用于指导临床用药或伴随诊断。",,"Ⅰ"
medical_device_category_6840_23-23021,"CD36抗体试剂",6840-23-23021,__import__.medical_device_category_6840_23,,"用于辅助人体样本中CD36的检测，临床上用于为医师提供诊断的辅助信息，不得用于指导临床用药或伴随诊断。",,"Ⅰ"
medical_device_category_6840_23-23022,"CD38抗体试剂",6840-23-23022,__import__.medical_device_category_6840_23,,"用于辅助人体样本中CD38的检测，临床上用于为医师提供诊断的辅助信息，不得用于指导临床用药或伴随诊断。",,"Ⅰ"
medical_device_category_6840_23-23023,"CD41抗体试剂",6840-23-23023,__import__.medical_device_category_6840_23,,"用于辅助人体样本中CD41的检测，临床上用于为医师提供诊断的辅助信息，不得用于指导临床用药或伴随诊断。",,"Ⅰ"
medical_device_category_6840_23-23024,"CD42a抗体试剂",6840-23-23024,__import__.medical_device_category_6840_23,,"用于辅助人体样本中CD42a的检测，临床上用于为医师提供诊断的辅助信息，不得用于指导临床用药或伴随诊断。",,"Ⅰ"
medical_device_category_6840_23-23025,"CD42b抗体试剂",6840-23-23025,__import__.medical_device_category_6840_23,,"用于辅助人体样本中CD42b的检测，临床上用于为医师提供诊断的辅助信息，不得用于指导临床用药或伴随诊断。",,"Ⅰ"
medical_device_category_6840_23-23026,"CD45抗体试剂",6840-23-23026,__import__.medical_device_category_6840_23,,"用于辅助人体样本中CD45的检测，临床上用于为医师提供诊断的辅助信息，不得用于指导临床用药或伴随诊断。",,"Ⅰ"
medical_device_category_6840_23-23027,"CD45RA抗体试剂",6840-23-23027,__import__.medical_device_category_6840_23,,"用于辅助人体样本中CD45RA的检测，临床上用于为医师提供诊断的辅助信息，不得用于指导临床用药或伴随诊断。",,"Ⅰ"
medical_device_category_6840_23-23028,"CD45RO抗体试剂",6840-23-23028,__import__.medical_device_category_6840_23,,"用于辅助人体样本中CD45RO的检测，临床上用于为医师提供诊断的辅助信息，不得用于指导临床用药或伴随诊断。",,"Ⅰ"
medical_device_category_6840_23-23029,"CD55抗体试剂",6840-23-23029,__import__.medical_device_category_6840_23,,"用于辅助人体样本中CD55的检测，临床上用于为医师提供诊断的辅助信息，不得用于指导临床用药或伴随诊断。",,"Ⅰ"
medical_device_category_6840_23-23030,"CD56抗体试剂",6840-23-23030,__import__.medical_device_category_6840_23,,"用于辅助人体样本中CD56的检测，临床上用于为医师提供诊断的辅助信息，不得用于指导临床用药或伴随诊断。",,"Ⅰ"
medical_device_category_6840_23-23031,"CD57抗体试剂",6840-23-23031,__import__.medical_device_category_6840_23,,"用于辅助人体样本中CD57的检测，临床上用于为医师提供诊断的辅助信息，不得用于指导临床用药或伴随诊断。",,"Ⅰ"
medical_device_category_6840_23-23032,"CD58抗体试剂",6840-23-23032,__import__.medical_device_category_6840_23,,"用于辅助人体样本中CD58的检测，临床上用于为医师提供诊断的辅助信息，不得用于指导临床用药或伴随诊断。",,"Ⅰ"
medical_device_category_6840_23-23033,"CD59抗体试剂",6840-23-23033,__import__.medical_device_category_6840_23,,"用于辅助人体样本中CD59的检测，临床上用于为医师提供诊断的辅助信息，不得用于指导临床用药或伴随诊断。",,"Ⅰ"
medical_device_category_6840_23-23034,"CD61抗体试剂",6840-23-23034,__import__.medical_device_category_6840_23,,"用于辅助人体样本中CD61的检测，临床上用于为医师提供诊断的辅助信息，不得用于指导临床用药或伴随诊断。",,"Ⅰ"
medical_device_category_6840_23-23035,"CD62P抗体试剂",6840-23-23035,__import__.medical_device_category_6840_23,,"用于辅助人体样本中CD62P的检测，临床上用于为医师提供诊断的辅助信息，不得用于指导临床用药或伴随诊断。",,"Ⅰ"
medical_device_category_6840_23-23036,"CD69抗体试剂",6840-23-23036,__import__.medical_device_category_6840_23,,"用于辅助人体样本中CD69的检测，临床上用于为医师提供诊断的辅助信息，不得用于指导临床用药或伴随诊断。",,"Ⅰ"
medical_device_category_6840_23-23037,"CD71抗体试剂",6840-23-23037,__import__.medical_device_category_6840_23,,"用于辅助人体样本中CD71的检测，临床上用于为医师提供诊断的辅助信息，不得用于指导临床用药或伴随诊断。",,"Ⅰ"
medical_device_category_6840_23-23038,"CD79a抗体试剂",6840-23-23038,__import__.medical_device_category_6840_23,,"用于辅助人体样本中CD79a的检测，临床上用于为医师提供诊断的辅助信息，不得用于指导临床用药或伴随诊断。",,"Ⅰ"
medical_device_category_6840_23-23039,"CD79b抗体试剂",6840-23-23039,__import__.medical_device_category_6840_23,,"用于辅助人体样本中CD79b的检测，临床上用于为医师提供诊断的辅助信息，不得用于指导临床用药或伴随诊断。",,"Ⅰ"
medical_device_category_6840_23-23040,"CD81抗体试剂",6840-23-23040,__import__.medical_device_category_6840_23,,"用于辅助人体样本中CD81的检测，临床上用于为医师提供诊断的辅助信息，不得用于指导临床用药或伴随诊断。",,"Ⅰ"
medical_device_category_6840_23-23041,"CD103抗体试剂",6840-23-23041,__import__.medical_device_category_6840_23,,"用于辅助人体样本中CD103的检测，临床上用于为医师提供诊断的辅助信息，不得用于指导临床用药或伴随诊断。",,"Ⅰ"
medical_device_category_6840_23-23042,"CD117抗体试剂",6840-23-23042,__import__.medical_device_category_6840_23,,"用于辅助人体样本中CD117的检测，临床上用于为医师提供诊断的辅助信息，不得用于指导临床用药或伴随诊断。",,"Ⅰ"
medical_device_category_6840_23-23043,"CD123抗体试剂",6840-23-23043,__import__.medical_device_category_6840_23,,"用于辅助人体样本中CD123的检测，临床上用于为医师提供诊断的辅助信息，不得用于指导临床用药或伴随诊断。",,"Ⅰ"
medical_device_category_6840_23-23044,"CD127抗体试剂",6840-23-23044,__import__.medical_device_category_6840_23,,"用于辅助人体样本中CD127的检测，临床上用于为医师提供诊断的辅助信息，不得用于指导临床用药或伴随诊断。",,"Ⅰ"
medical_device_category_6840_23-23045,"CD200抗体试剂",6840-23-23045,__import__.medical_device_category_6840_23,,"用于辅助人体样本中CD200的检测，临床上用于为医师提供诊断的辅助信息，不得用于指导临床用药或伴随诊断。",,"Ⅰ"
medical_device_category_6840_23-23046,"FMC7抗体试剂",6840-23-23046,__import__.medical_device_category_6840_23,,"用于辅助人体样本中FMC7的检测，临床上用于为医师提供诊断的辅助信息，不得用于指导临床用药或伴随诊断。",,"Ⅰ"
medical_device_category_6840_23-23047,"FOXP3抗体试剂",6840-23-23047,__import__.medical_device_category_6840_23,,"用于辅助人体样本中FOXP3的检测，临床上用于为医师提供诊断的辅助信息，不得用于指导临床用药或伴随诊断。",,"Ⅰ"
medical_device_category_6840_23-23048,"人类白细胞抗原DR抗体试剂",6840-23-23048,__import__.medical_device_category_6840_23,,"用于辅助人体样本中人类白细胞抗原DR（HLA-DR）的检测，临床上用于为医师提供诊断的辅助信息，不得用于指导临床用药或伴随诊断。",,"Ⅰ"
medical_device_category_6840_23-23049,"p16抗体试剂",6840-23-23049,__import__.medical_device_category_6840_23,,"用于辅助人体样本中p16的检测，临床上用于为医师提供诊断的辅助信息，不得用于指导临床用药或伴随诊断。",,"Ⅰ"
medical_device_category_6840_23-23050,"末端脱氧核苷酸转移酶（TdT）抗体试剂",6840-23-23050,__import__.medical_device_category_6840_23,,"用于辅助人体样本中末端脱氧核苷酸转移酶（TdT）的检测，临床上用于为医师提供诊断的辅助信息，不得用于指导临床用药或伴随诊断。",,"Ⅰ"
medical_device_category_6840_23-23051,"髓过氧化物酶（MPO）抗体试剂",6840-23-23051,__import__.medical_device_category_6840_23,,"用于辅助人体样本中MPO的检测，临床上用于为医师提供诊断的辅助信息，不得用于指导临床用药或伴随诊断。",,"Ⅰ"
medical_device_category_6840_23-23052,"胎儿红细胞抗体试剂",6840-23-23052,__import__.medical_device_category_6840_23,,"用于辅助检测外周血中胎儿红细胞的存在，临床上用于为医师提供诊断的辅助信息，不得用于指导临床用药或伴随诊断。",,"Ⅰ"
medical_device_category_6840_23-23053,"同型对照抗体（IgE）",6840-23-23053,__import__.medical_device_category_6840_23,,"对照抗体，用于方案设置。",,"Ⅰ"
medical_device_category_6840_23-23054,"同型对照抗体（IgG1）",6840-23-23054,__import__.medical_device_category_6840_23,,"对照抗体，用于方案设置。",,"Ⅰ"
medical_device_category_6840_23-23055,"同型对照抗体（IgG1/IgG1/CD45）",6840-23-23055,__import__.medical_device_category_6840_23,,"对照抗体，用于多色方案设置。",,"Ⅰ"
medical_device_category_6840_23-23056,"同型对照抗体（IgG1/IgG1/IgG1）",6840-23-23056,__import__.medical_device_category_6840_23,,"对照抗体，用于多色方案设置。",,"Ⅰ"
medical_device_category_6840_23-23057,"同型对照抗体（IgG1/IgG2a）",6840-23-23057,__import__.medical_device_category_6840_23,,"对照抗体，用于方案设置。",,"Ⅰ"
medical_device_category_6840_23-23058,"同型对照抗体（IgG2a）",6840-23-23058,__import__.medical_device_category_6840_23,,"对照抗体，用于方案设置。",,"Ⅰ"
medical_device_category_6840_23-23059,"同型对照抗体（IgG2b）",6840-23-23059,__import__.medical_device_category_6840_23,,"对照抗体，用于方案设置。",,"Ⅰ"
medical_device_category_6840_23-23060,"同型对照抗体（IgM）",6840-23-23060,__import__.medical_device_category_6840_23,,"对照抗体，用于方案设置。",,"Ⅰ"
medical_device_category_6840_23-23061,"同型对照抗体（小鼠IgG1）",6840-23-23061,__import__.medical_device_category_6840_23,,"对照抗体，用于方案设置。",,"Ⅰ"
medical_device_category_6840_23-23062,"同型对照抗体（小鼠IgG2A）",6840-23-23062,__import__.medical_device_category_6840_23,,"对照抗体，用于方案设置。",,"Ⅰ"
medical_device_category_6840_24-24001,"5-羟色胺（Serotonin）抗体试剂",6840-24-24001,__import__.medical_device_category_6840_24,,"在常规染色（如：HE染色）基础上进行免疫组织化学染色，为病理医师提供诊断的辅助信息，不得用于指导临床用药或伴随诊断。",,"Ⅰ"
medical_device_category_6840_24-24002,"α1-抗胰糜蛋白酶（AACT）抗体试剂",6840-24-24002,__import__.medical_device_category_6840_24,,"在常规染色（如：HE染色）基础上进行免疫组织化学染色，为病理医师提供诊断的辅助信息，不得用于指导临床用药或伴随诊断。",,"Ⅰ"
medical_device_category_6840_24-24003,"α1-抗胰蛋白酶（AAT）抗体试剂",6840-24-24003,__import__.medical_device_category_6840_24,,"在常规染色（如：HE染色）基础上进行免疫组织化学染色，为病理医师提供诊断的辅助信息，不得用于指导临床用药或伴随诊断。",,"Ⅰ"
medical_device_category_6840_24-24004,"促肾上腺皮质激素（ACTH）抗体试剂",6840-24-24004,__import__.medical_device_category_6840_24,,"在常规染色（如：HE染色）基础上进行免疫组织化学染色，为病理医师提供诊断的辅助信息，不得用于指导临床用药或伴随诊断。",,"Ⅰ"
medical_device_category_6840_24-24005,"AE1/AE3混合分子量角蛋白抗体试剂",6840-24-24005,__import__.medical_device_category_6840_24,,"在常规染色（如：HE染色）基础上进行免疫组织化学染色，为病理医师提供诊断的辅助信息，不得用于指导临床用药或伴随诊断。",,"Ⅰ"
medical_device_category_6840_24-24006,"AMACR/p504s抗体试剂",6840-24-24006,__import__.medical_device_category_6840_24,,"在常规染色（如：HE染色）基础上进行免疫组织化学染色，为病理医师提供诊断的辅助信息，不得用于指导临床用药或伴随诊断。",,"Ⅰ"
medical_device_category_6840_24-24007,"ATRX抗体试剂",6840-24-24007,__import__.medical_device_category_6840_24,,"在常规染色（如：HE染色）基础上进行免疫组织化学染色，为病理医师提供诊断的辅助信息，不得用于指导临床用药或伴随诊断。",,"Ⅰ"
medical_device_category_6840_24-24008,"B72.3抗体试剂",6840-24-24008,__import__.medical_device_category_6840_24,,"在常规染色（如：HE染色）基础上进行免疫组织化学染色，为病理医师提供诊断的辅助信息，不得用于指导临床用药或伴随诊断。",,"Ⅰ"
medical_device_category_6840_24-24009,"Bax抗体试剂",6840-24-24009,__import__.medical_device_category_6840_24,,"在常规染色（如：HE染色）基础上进行免疫组织化学染色，为病理医师提供诊断的辅助信息，不得用于指导临床用药或伴随诊断。",,"Ⅰ"
medical_device_category_6840_24-24010,"BCA-225抗体试剂",6840-24-24010,__import__.medical_device_category_6840_24,,"在常规染色（如：HE染色）基础上进行免疫组织化学染色，为病理医师提供诊断的辅助信息，不得用于指导临床用药或伴随诊断。",,"Ⅰ"
medical_device_category_6840_24-24011,"BCL-2抗体试剂",6840-24-24011,__import__.medical_device_category_6840_24,,"在常规染色（如：HE染色）基础上进行免疫组织化学染色，为病理医师提供诊断的辅助信息，不得用于指导临床用药或伴随诊断。",,"Ⅰ"
medical_device_category_6840_24-24012,"BCL-6抗体试剂",6840-24-24012,__import__.medical_device_category_6840_24,,"在常规染色（如：HE染色）基础上进行免疫组织化学染色，为病理医师提供诊断的辅助信息，不得用于指导临床用药或伴随诊断。",,"Ⅰ"
medical_device_category_6840_24-24013,"b-FGF抗体试剂",6840-24-24013,__import__.medical_device_category_6840_24,,"在常规染色（如：HE染色）基础上进行免疫组织化学染色，为病理医师提供诊断的辅助信息，不得用于指导临床用药或伴随诊断。",,"Ⅰ"
medical_device_category_6840_24-24014,"BG8, LewisY抗体试剂",6840-24-24014,__import__.medical_device_category_6840_24,,"在常规染色（如：HE染色）基础上进行免疫组织化学染色，为病理医师提供诊断的辅助信息，不得用于指导临床用药或伴随诊断。",,"Ⅰ"
medical_device_category_6840_24-24015,"Brachyury抗体试剂",6840-24-24015,__import__.medical_device_category_6840_24,,"在常规染色（如：HE染色）基础上进行免疫组织化学染色，为病理医师提供诊断的辅助信息，不得用于指导临床用药或伴随诊断。",,"Ⅰ"
medical_device_category_6840_24-24016,"BRAF V600E抗体试剂",6840-24-24016,__import__.medical_device_category_6840_24,,"在常规染色（如：HE染色）基础上进行免疫组织化学染色，为病理医师提供诊断的辅助信息，不得用于指导临床用药或伴随诊断。",,"Ⅰ"
medical_device_category_6840_24-24017,"BRCA1抗体试剂",6840-24-24017,__import__.medical_device_category_6840_24,,"在常规染色（如：HE染色）基础上进行免疫组织化学染色，为病理医师提供诊断的辅助信息，不得用于指导临床用药或伴随诊断。",,"Ⅰ"
medical_device_category_6840_24-24018,"Brdu抗体试剂",6840-24-24018,__import__.medical_device_category_6840_24,,"在常规染色（如：HE染色）基础上进行免疫组织化学染色，为病理医师提供诊断的辅助信息，不得用于指导临床用药或伴随诊断。",,"Ⅰ"
medical_device_category_6840_24-24019,"BRST2抗体试剂",6840-24-24019,__import__.medical_device_category_6840_24,,"在常规染色（如：HE染色）基础上进行免疫组织化学染色，为病理医师提供诊断的辅助信息，不得用于指导临床用药或伴随诊断。",,"Ⅰ"
medical_device_category_6840_24-24020,"B细胞OCT结合蛋白1（Bob.1）抗体试剂",6840-24-24020,__import__.medical_device_category_6840_24,,"在常规染色（如：HE染色）基础上进行免疫组织化学染色，为病理医师提供诊断的辅助信息，不得用于指导临床用药或伴随诊断。",,"Ⅰ"
medical_device_category_6840_24-24021,"补体C1q抗体试剂",6840-24-24021,__import__.medical_device_category_6840_24,,"在常规染色（如：HE染色）基础上进行免疫组织化学染色，为病理医师提供诊断的辅助信息，不得用于指导临床用药或伴随诊断。",,"Ⅰ"
medical_device_category_6840_24-24022,"补体C3c抗体试剂",6840-24-24022,__import__.medical_device_category_6840_24,,"在常规染色（如：HE染色）基础上进行免疫组织化学染色，为病理医师提供诊断的辅助信息，不得用于指导临床用药或伴随诊断。",,"Ⅰ"
medical_device_category_6840_24-24023,"补体C4c抗体试剂",6840-24-24023,__import__.medical_device_category_6840_24,,"在常规染色（如：HE染色）基础上进行免疫组织化学染色，为病理医师提供诊断的辅助信息，不得用于指导临床用药或伴随诊断。",,"Ⅰ"
medical_device_category_6840_24-24024,"补体C4d抗体试剂",6840-24-24024,__import__.medical_device_category_6840_24,,"在常规染色（如：HE染色）基础上进行免疫组织化学染色，为病理医师提供诊断的辅助信息，不得用于指导临床用药或伴随诊断。",,"Ⅰ"
medical_device_category_6840_24-24025,"末端补体复合物C5b-9 （TCC C5b-9） 抗体试剂",6840-24-24025,__import__.medical_device_category_6840_24,,"在常规染色（如：HE染色）基础上进行免疫组织化学染色，为病理医师提供诊断的辅助信息，不得用于指导临床用药或伴随诊断。",,"Ⅰ"
medical_device_category_6840_24-24026,"癌抗原125（CA125）抗体试剂",6840-24-24026,__import__.medical_device_category_6840_24,,"在常规染色（如：HE染色）基础上进行免疫组织化学染色，为病理医师提供诊断的辅助信息，不得用于指导临床用药或伴随诊断。",,"Ⅰ"
medical_device_category_6840_24-24027,"癌抗原15-3（CA15-3）抗体试剂",6840-24-24027,__import__.medical_device_category_6840_24,,"在常规染色（如：HE染色）基础上进行免疫组织化学染色，为病理医师提供诊断的辅助信息，不得用于指导临床用药或伴随诊断。",,"Ⅰ"
medical_device_category_6840_24-24028,"糖类抗原19-9（CA19-9）抗体试剂",6840-24-24028,__import__.medical_device_category_6840_24,,"在常规染色（如：HE染色）基础上进行免疫组织化学染色，为病理医师提供诊断的辅助信息，不得用于指导临床用药或伴随诊断。",,"Ⅰ"
medical_device_category_6840_24-24029,"CD1a抗体试剂",6840-24-24029,__import__.medical_device_category_6840_24,,"在常规染色（如：HE染色）基础上进行免疫组织化学染色，为病理医师提供诊断的辅助信息，不得用于指导临床用药或伴随诊断。",,"Ⅰ"
medical_device_category_6840_24-24030,"CD2抗体试剂",6840-24-24030,__import__.medical_device_category_6840_24,,"在常规染色（如：HE染色）基础上进行免疫组织化学染色，为病理医师提供诊断的辅助信息，不得用于指导临床用药或伴随诊断。",,"Ⅰ"
medical_device_category_6840_24-24031,"CD3抗体试剂",6840-24-24031,__import__.medical_device_category_6840_24,,"在常规染色（如：HE染色）基础上进行免疫组织化学染色，为病理医师提供诊断的辅助信息，不得用于指导临床用药或伴随诊断。",,"Ⅰ"
medical_device_category_6840_24-24032,"CD4抗体试剂",6840-24-24032,__import__.medical_device_category_6840_24,,"在常规染色（如：HE染色）基础上进行免疫组织化学染色，为病理医师提供诊断的辅助信息，不得用于指导临床用药或伴随诊断。",,"Ⅰ"
medical_device_category_6840_24-24033,"CD5抗体试剂",6840-24-24033,__import__.medical_device_category_6840_24,,"在常规染色（如：HE染色）基础上进行免疫组织化学染色，为病理医师提供诊断的辅助信息，不得用于指导临床用药或伴随诊断。",,"Ⅰ"
medical_device_category_6840_24-24034,"CD6抗体试剂",6840-24-24034,__import__.medical_device_category_6840_24,,"在常规染色（如：HE染色）基础上进行免疫组织化学染色，为病理医师提供诊断的辅助信息，不得用于指导临床用药或伴随诊断。",,"Ⅰ"
medical_device_category_6840_24-24035,"CD7抗体试剂",6840-24-24035,__import__.medical_device_category_6840_24,,"在常规染色（如：HE染色）基础上进行免疫组织化学染色，为病理医师提供诊断的辅助信息，不得用于指导临床用药或伴随诊断。",,"Ⅰ"
medical_device_category_6840_24-24036,"CD8抗体试剂",6840-24-24036,__import__.medical_device_category_6840_24,,"在常规染色（如：HE染色）基础上进行免疫组织化学染色，为病理医师提供诊断的辅助信息，不得用于指导临床用药或伴随诊断。",,"Ⅰ"
medical_device_category_6840_24-24037,"CD10抗体试剂",6840-24-24037,__import__.medical_device_category_6840_24,,"在常规染色（如：HE染色）基础上进行免疫组织化学染色，为病理医师提供诊断的辅助信息，不得用于指导临床用药或伴随诊断。",,"Ⅰ"
medical_device_category_6840_24-24038,"CD11c抗体试剂",6840-24-24038,__import__.medical_device_category_6840_24,,"在常规染色（如：HE染色）基础上进行免疫组织化学染色，为病理医师提供诊断的辅助信息，不得用于指导临床用药或伴随诊断。",,"Ⅰ"
medical_device_category_6840_24-24039,"CD13抗体试剂",6840-24-24039,__import__.medical_device_category_6840_24,,"在常规染色（如：HE染色）基础上进行免疫组织化学染色，为病理医师提供诊断的辅助信息，不得用于指导临床用药或伴随诊断。",,"Ⅰ"
medical_device_category_6840_24-24040,"CD14抗体试剂",6840-24-24040,__import__.medical_device_category_6840_24,,"在常规染色（如：HE染色）基础上进行免疫组织化学染色，为病理医师提供诊断的辅助信息，不得用于指导临床用药或伴随诊断。",,"Ⅰ"
medical_device_category_6840_24-24041,"CD15抗体试剂",6840-24-24041,__import__.medical_device_category_6840_24,,"在常规染色（如：HE染色）基础上进行免疫组织化学染色，为病理医师提供诊断的辅助信息，不得用于指导临床用药或伴随诊断。",,"Ⅰ"
medical_device_category_6840_24-24042,"CD16抗体试剂",6840-24-24042,__import__.medical_device_category_6840_24,,"在常规染色（如：HE染色）基础上进行免疫组织化学染色，为病理医师提供诊断的辅助信息，不得用于指导临床用药或伴随诊断。",,"Ⅰ"
medical_device_category_6840_24-24043,"CD19抗体试剂",6840-24-24043,__import__.medical_device_category_6840_24,,"在常规染色（如：HE染色）基础上进行免疫组织化学染色，为病理医师提供诊断的辅助信息，不得用于指导临床用药或伴随诊断。",,"Ⅰ"
medical_device_category_6840_24-24044,"CD21抗体试剂",6840-24-24044,__import__.medical_device_category_6840_24,,"在常规染色（如：HE染色）基础上进行免疫组织化学染色，为病理医师提供诊断的辅助信息，不得用于指导临床用药或伴随诊断。",,"Ⅰ"
medical_device_category_6840_24-24045,"CD22抗体试剂",6840-24-24045,__import__.medical_device_category_6840_24,,"在常规染色（如：HE染色）基础上进行免疫组织化学染色，为病理医师提供诊断的辅助信息，不得用于指导临床用药或伴随诊断。",,"Ⅰ"
medical_device_category_6840_24-24046,"CD23抗体试剂",6840-24-24046,__import__.medical_device_category_6840_24,,"在常规染色（如：HE染色）基础上进行免疫组织化学染色，为病理医师提供诊断的辅助信息，不得用于指导临床用药或伴随诊断。",,"Ⅰ"
medical_device_category_6840_24-24047,"CD24抗体试剂",6840-24-24047,__import__.medical_device_category_6840_24,,"在常规染色（如：HE染色）基础上进行免疫组织化学染色，为病理医师提供诊断的辅助信息，不得用于指导临床用药或伴随诊断。",,"Ⅰ"
medical_device_category_6840_24-24048,"CD25抗体试剂",6840-24-24048,__import__.medical_device_category_6840_24,,"在常规染色（如：HE染色）基础上进行免疫组织化学染色，为病理医师提供诊断的辅助信息，不得用于指导临床用药或伴随诊断。",,"Ⅰ"
medical_device_category_6840_24-24049,"CD27抗体试剂",6840-24-24049,__import__.medical_device_category_6840_24,,"在常规染色（如：HE染色）基础上进行免疫组织化学染色，为病理医师提供诊断的辅助信息，不得用于指导临床用药或伴随诊断。",,"Ⅰ"
medical_device_category_6840_24-24050,"CD30抗体试剂",6840-24-24050,__import__.medical_device_category_6840_24,,"在常规染色（如：HE染色）基础上进行免疫组织化学染色，为病理医师提供诊断的辅助信息，不得用于指导临床用药或伴随诊断。",,"Ⅰ"
medical_device_category_6840_24-24051,"CD31抗体试剂",6840-24-24051,__import__.medical_device_category_6840_24,,"在常规染色（如：HE染色）基础上进行免疫组织化学染色，为病理医师提供诊断的辅助信息，不得用于指导临床用药或伴随诊断。",,"Ⅰ"
medical_device_category_6840_24-24052,"CD33抗体试剂",6840-24-24052,__import__.medical_device_category_6840_24,,"在常规染色（如：HE染色）基础上进行免疫组织化学染色，为病理医师提供诊断的辅助信息，不得用于指导临床用药或伴随诊断。",,"Ⅰ"
medical_device_category_6840_24-24053,"CD34抗体试剂",6840-24-24053,__import__.medical_device_category_6840_24,,"在常规染色（如：HE染色）基础上进行免疫组织化学染色，为病理医师提供诊断的辅助信息，不得用于指导临床用药或伴随诊断。",,"Ⅰ"
medical_device_category_6840_24-24054,"CD35抗体试剂",6840-24-24054,__import__.medical_device_category_6840_24,,"在常规染色（如：HE染色）基础上进行免疫组织化学染色，为病理医师提供诊断的辅助信息，不得用于指导临床用药或伴随诊断。",,"Ⅰ"
medical_device_category_6840_24-24055,"CD38抗体试剂",6840-24-24055,__import__.medical_device_category_6840_24,,"在常规染色（如：HE染色）基础上进行免疫组织化学染色，为病理医师提供诊断的辅助信息，不得用于指导临床用药或伴随诊断。",,"Ⅰ"
medical_device_category_6840_24-24056,"CD42b抗体试剂",6840-24-24056,__import__.medical_device_category_6840_24,,"在常规染色（如：HE染色）基础上进行免疫组织化学染色，为病理医师提供诊断的辅助信息，不得用于指导临床用药或伴随诊断。",,"Ⅰ"
medical_device_category_6840_24-24057,"CD43抗体试剂",6840-24-24057,__import__.medical_device_category_6840_24,,"在常规染色（如：HE染色）基础上进行免疫组织化学染色，为病理医师提供诊断的辅助信息，不得用于指导临床用药或伴随诊断。",,"Ⅰ"
medical_device_category_6840_24-24058,"CD44抗体试剂",6840-24-24058,__import__.medical_device_category_6840_24,,"在常规染色（如：HE染色）基础上进行免疫组织化学染色，为病理医师提供诊断的辅助信息，不得用于指导临床用药或伴随诊断。",,"Ⅰ"
medical_device_category_6840_24-24059,"CD45抗体试剂",6840-24-24059,__import__.medical_device_category_6840_24,,"在常规染色（如：HE染色）基础上进行免疫组织化学染色，为病理医师提供诊断的辅助信息，不得用于指导临床用药或伴随诊断。",,"Ⅰ"
medical_device_category_6840_24-24060,"CD45R抗体试剂",6840-24-24060,__import__.medical_device_category_6840_24,,"在常规染色（如：HE染色）基础上进行免疫组织化学染色，为病理医师提供诊断的辅助信息，不得用于指导临床用药或伴随诊断。",,"Ⅰ"
medical_device_category_6840_24-24061,"CD45RA抗体试剂",6840-24-24061,__import__.medical_device_category_6840_24,,"在常规染色（如：HE染色）基础上进行免疫组织化学染色，为病理医师提供诊断的辅助信息，不得用于指导临床用药或伴随诊断。",,"Ⅰ"
medical_device_category_6840_24-24062,"CD45RO抗体试剂",6840-24-24062,__import__.medical_device_category_6840_24,,"在常规染色（如：HE染色）基础上进行免疫组织化学染色，为病理医师提供诊断的辅助信息，不得用于指导临床用药或伴随诊断。",,"Ⅰ"
medical_device_category_6840_24-24063,"CD47抗体试剂",6840-24-24063,__import__.medical_device_category_6840_24,,"在常规染色（如：HE染色）基础上进行免疫组织化学染色，为病理医师提供诊断的辅助信息，不得用于指导临床用药或伴随诊断。",,"Ⅰ"
medical_device_category_6840_24-24064,"CD56抗体试剂",6840-24-24064,__import__.medical_device_category_6840_24,,"在常规染色（如：HE染色）基础上进行免疫组织化学染色，为病理医师提供诊断的辅助信息，不得用于指导临床用药或伴随诊断。",,"Ⅰ"
medical_device_category_6840_24-24065,"CD57抗体试剂",6840-24-24065,__import__.medical_device_category_6840_24,,"在常规染色（如：HE染色）基础上进行免疫组织化学染色，为病理医师提供诊断的辅助信息，不得用于指导临床用药或伴随诊断。",,"Ⅰ"
medical_device_category_6840_24-24066,"CD61抗体试剂",6840-24-24066,__import__.medical_device_category_6840_24,,"在常规染色（如：HE染色）基础上进行免疫组织化学染色，为病理医师提供诊断的辅助信息，不得用于指导临床用药或伴随诊断。",,"Ⅰ"
medical_device_category_6840_24-24067,"CD63抗体试剂",6840-24-24067,__import__.medical_device_category_6840_24,,"在常规染色（如：HE染色）基础上进行免疫组织化学染色，为病理医师提供诊断的辅助信息，不得用于指导临床用药或伴随诊断。",,"Ⅰ"
medical_device_category_6840_24-24068,"CD68抗体试剂",6840-24-24068,__import__.medical_device_category_6840_24,,"在常规染色（如：HE染色）基础上进行免疫组织化学染色，为病理医师提供诊断的辅助信息，不得用于指导临床用药或伴随诊断。",,"Ⅰ"
medical_device_category_6840_24-24069,"CD71抗体试剂",6840-24-24069,__import__.medical_device_category_6840_24,,"在常规染色（如：HE染色）基础上进行免疫组织化学染色，为病理医师提供诊断的辅助信息，不得用于指导临床用药或伴随诊断。",,"Ⅰ"
medical_device_category_6840_24-24070,"CD74抗体试剂",6840-24-24070,__import__.medical_device_category_6840_24,,"在常规染色（如：HE染色）基础上进行免疫组织化学染色，为病理医师提供诊断的辅助信息，不得用于指导临床用药或伴随诊断。",,"Ⅰ"
medical_device_category_6840_24-24071,"CD79a抗体试剂",6840-24-24071,__import__.medical_device_category_6840_24,,"在常规染色（如：HE染色）基础上进行免疫组织化学染色，为病理医师提供诊断的辅助信息，不得用于指导临床用药或伴随诊断。",,"Ⅰ"
medical_device_category_6840_24-24072,"CD99抗体试剂",6840-24-24072,__import__.medical_device_category_6840_24,,"在常规染色（如：HE染色）基础上进行免疫组织化学染色，为病理医师提供诊断的辅助信息，不得用于指导临床用药或伴随诊断。",,"Ⅰ"
medical_device_category_6840_24-24073,"CD103抗体试剂",6840-24-24073,__import__.medical_device_category_6840_24,,"在常规染色（如：HE染色）基础上进行免疫组织化学染色，为病理医师提供诊断的辅助信息，不得用于指导临床用药或伴随诊断。",,"Ⅰ"
medical_device_category_6840_24-24074,"CD105抗体试剂",6840-24-24074,__import__.medical_device_category_6840_24,,"在常规染色（如：HE染色）基础上进行免疫组织化学染色，为病理医师提供诊断的辅助信息，不得用于指导临床用药或伴随诊断。",,"Ⅰ"
medical_device_category_6840_24-24075,"CD123抗体试剂",6840-24-24075,__import__.medical_device_category_6840_24,,"在常规染色（如：HE染色）基础上进行免疫组织化学染色，为病理医师提供诊断的辅助信息，不得用于指导临床用药或伴随诊断。",,"Ⅰ"
medical_device_category_6840_24-24076,"CD138抗体试剂",6840-24-24076,__import__.medical_device_category_6840_24,,"在常规染色（如：HE染色）基础上进行免疫组织化学染色，为病理医师提供诊断的辅助信息，不得用于指导临床用药或伴随诊断。",,"Ⅰ"
medical_device_category_6840_24-24077,"CD146抗体试剂",6840-24-24077,__import__.medical_device_category_6840_24,,"在常规染色（如：HE染色）基础上进行免疫组织化学染色，为病理医师提供诊断的辅助信息，不得用于指导临床用药或伴随诊断。",,"Ⅰ"
medical_device_category_6840_24-24078,"CD163抗体试剂",6840-24-24078,__import__.medical_device_category_6840_24,,"在常规染色（如：HE染色）基础上进行免疫组织化学染色，为病理医师提供诊断的辅助信息，不得用于指导临床用药或伴随诊断。",,"Ⅰ"
medical_device_category_6840_24-24079,"CDX-2抗体试剂",6840-24-24079,__import__.medical_device_category_6840_24,,"在常规染色（如：HE染色）基础上进行免疫组织化学染色，为病理医师提供诊断的辅助信息，不得用于指导临床用药或伴随诊断。",,"Ⅰ"
medical_device_category_6840_24-24080,"CFTR抗体试剂",6840-24-24080,__import__.medical_device_category_6840_24,,"在常规染色（如：HE染色）基础上进行免疫组织化学染色，为病理医师提供诊断的辅助信息，不得用于指导临床用药或伴随诊断。",,"Ⅰ"
medical_device_category_6840_24-24081,"c-Maf抗体试剂",6840-24-24081,__import__.medical_device_category_6840_24,,"在常规染色（如：HE染色）基础上进行免疫组织化学染色，为病理医师提供诊断的辅助信息，不得用于指导临床用药或伴随诊断。",,"Ⅰ"
medical_device_category_6840_24-24082,"C-MET抗体试剂",6840-24-24082,__import__.medical_device_category_6840_24,,"在常规染色（如：HE染色）基础上进行免疫组织化学染色，为病理医师提供诊断的辅助信息，不得用于指导临床用药或伴随诊断。",,"Ⅰ"
medical_device_category_6840_24-24083,"c-MYC抗体试剂",6840-24-24083,__import__.medical_device_category_6840_24,,"在常规染色（如：HE染色）基础上进行免疫组织化学染色，为病理医师提供诊断的辅助信息，不得用于指导临床用药或伴随诊断。",,"Ⅰ"
medical_device_category_6840_24-24084,"环氧化酶2（COX-2）抗体试剂",6840-24-24084,__import__.medical_device_category_6840_24,,"在常规染色（如：HE染色）基础上进行免疫组织化学染色，为病理医师提供诊断的辅助信息，不得用于指导临床用药或伴随诊断。",,"Ⅰ"
medical_device_category_6840_24-24085,"CXCL-13抗体试剂",6840-24-24085,__import__.medical_device_category_6840_24,,"在常规染色（如：HE染色）基础上进行免疫组织化学染色，为病理医师提供诊断的辅助信息，不得用于指导临床用药或伴随诊断。",,"Ⅰ"
medical_device_category_6840_24-24086,"癌胚抗原M2A（D2-40）抗体试剂",6840-24-24086,__import__.medical_device_category_6840_24,,"在常规染色（如：HE染色）基础上进行免疫组织化学染色，为病理医师提供诊断的辅助信息，不得用于指导临床用药或伴随诊断。",,"Ⅰ"
medical_device_category_6840_24-24087,"癌胚抗原（CEA）抗体试剂",6840-24-24087,__import__.medical_device_category_6840_24,,"在常规染色（如：HE染色）基础上进行免疫组织化学染色，为病理医师提供诊断的辅助信息，不得用于指导临床用药或伴随诊断。",,"Ⅰ"
medical_device_category_6840_24-24088,"DNA修复酶（MGMT）抗体试剂",6840-24-24088,__import__.medical_device_category_6840_24,,"在常规染色（如：HE染色）基础上进行免疫组织化学染色，为病理医师提供诊断的辅助信息，不得用于指导临床用药或伴随诊断。",,"Ⅰ"
medical_device_category_6840_24-24089,"DNP抗体试剂",6840-24-24089,__import__.medical_device_category_6840_24,,"在常规染色（如：HE染色）基础上进行免疫组织化学染色，为病理医师提供诊断的辅助信息，不得用于指导临床用药或伴随诊断。",,"Ⅰ"
medical_device_category_6840_24-24090,"DOG1抗体试剂",6840-24-24090,__import__.medical_device_category_6840_24,,"在常规染色（如：HE染色）基础上进行免疫组织化学染色，为病理医师提供诊断的辅助信息，不得用于指导临床用药或伴随诊断。",,"Ⅰ"
medical_device_category_6840_24-24091,"DPC4抗体试剂",6840-24-24091,__import__.medical_device_category_6840_24,,"在常规染色（如：HE染色）基础上进行免疫组织化学染色，为病理医师提供诊断的辅助信息，不得用于指导临床用药或伴随诊断。",,"Ⅰ"
medical_device_category_6840_24-24092,"上皮细胞膜抗原（EMA）抗体试剂",6840-24-24092,__import__.medical_device_category_6840_24,,"在常规染色（如：HE染色）基础上进行免疫组织化学染色，为病理医师提供诊断的辅助信息，不得用于指导临床用药或伴随诊断。",,"Ⅰ"
medical_device_category_6840_24-24093,"上皮细胞粘附分子（Ep-CAM）抗体试剂",6840-24-24093,__import__.medical_device_category_6840_24,,"在常规染色（如：HE染色）基础上进行免疫组织化学染色，为病理医师提供诊断的辅助信息，不得用于指导临床用药或伴随诊断。",,"Ⅰ"
medical_device_category_6840_24-24094,"雌激素受体β（ER-Beta）抗体试剂",6840-24-24094,__import__.medical_device_category_6840_24,,"在常规染色（如：HE染色）基础上进行免疫组织化学染色，为病理医师提供诊断的辅助信息，不得用于指导临床用药或伴随诊断。",,"Ⅰ"
medical_device_category_6840_24-24095,"ERCC1抗体试剂",6840-24-24095,__import__.medical_device_category_6840_24,,"在常规染色（如：HE染色）基础上进行免疫组织化学染色，为病理医师提供诊断的辅助信息，不得用于指导临床用药或伴随诊断。",,"Ⅰ"
medical_device_category_6840_24-24096,"ERG抗体试剂",6840-24-24096,__import__.medical_device_category_6840_24,,"在常规染色（如：HE染色）基础上进行免疫组织化学染色，为病理医师提供诊断的辅助信息，不得用于指导临床用药或伴随诊断。",,"Ⅰ"
medical_device_category_6840_24-24097,"ESA抗体试剂",6840-24-24097,__import__.medical_device_category_6840_24,,"在常规染色（如：HE染色）基础上进行免疫组织化学染色，为病理医师提供诊断的辅助信息，不得用于指导临床用药或伴随诊断。",,"Ⅰ"
medical_device_category_6840_24-24098,"EZH2抗体试剂",6840-24-24098,__import__.medical_device_category_6840_24,,"在常规染色（如：HE染色）基础上进行免疫组织化学染色，为病理医师提供诊断的辅助信息，不得用于指导临床用药或伴随诊断。",,"Ⅰ"
medical_device_category_6840_24-24099,"FHIT抗体试剂",6840-24-24099,__import__.medical_device_category_6840_24,,"在常规染色（如：HE染色）基础上进行免疫组织化学染色，为病理医师提供诊断的辅助信息，不得用于指导临床用药或伴随诊断。",,"Ⅰ"
medical_device_category_6840_24-24100,"延胡索酸水合酶（FH）抗体试剂",6840-24-24100,__import__.medical_device_category_6840_24,,"在常规染色（如：HE染色）基础上进行免疫组织化学染色，为病理医师提供诊断的辅助信息，不得用于指导临床用药或伴随诊断。",,"Ⅰ"
medical_device_category_6840_24-24101,"Flt-1/VEGFR1抗体试剂",6840-24-24101,__import__.medical_device_category_6840_24,,"在常规染色（如：HE染色）基础上进行免疫组织化学染色，为病理医师提供诊断的辅助信息，不得用于指导临床用药或伴随诊断。",,"Ⅰ"
medical_device_category_6840_24-24102,"FOXA1抗体试剂",6840-24-24102,__import__.medical_device_category_6840_24,,"在常规染色（如：HE染色）基础上进行免疫组织化学染色，为病理医师提供诊断的辅助信息，不得用于指导临床用药或伴随诊断。",,"Ⅰ"
medical_device_category_6840_24-24103,"FOXP1抗体试剂",6840-24-24103,__import__.medical_device_category_6840_24,,"在常规染色（如：HE染色）基础上进行免疫组织化学染色，为病理医师提供诊断的辅助信息，不得用于指导临床用药或伴随诊断。",,"Ⅰ"
medical_device_category_6840_24-24104,"FOXP3抗体试剂",6840-24-24104,__import__.medical_device_category_6840_24,,"在常规染色（如：HE染色）基础上进行免疫组织化学染色，为病理医师提供诊断的辅助信息，不得用于指导临床用药或伴随诊断。",,"Ⅰ"
medical_device_category_6840_24-24105,"GAP43抗体试剂",6840-24-24105,__import__.medical_device_category_6840_24,,"在常规染色（如：HE染色）基础上进行免疫组织化学染色，为病理医师提供诊断的辅助信息，不得用于指导临床用药或伴随诊断。",,"Ⅰ"
medical_device_category_6840_24-24106,"GATA结合蛋白3（GATA3）抗体试剂",6840-24-24106,__import__.medical_device_category_6840_24,,"在常规染色（如：HE染色）基础上进行免疫组织化学染色，为病理医师提供诊断的辅助信息，不得用于指导临床用药或伴随诊断。",,"Ⅰ"
medical_device_category_6840_24-24107,"大囊肿病液体蛋白15（GCDFP-15）抗体试剂",6840-24-24107,__import__.medical_device_category_6840_24,,"在常规染色（如：HE染色）基础上进行免疫组织化学染色，为病理医师提供诊断的辅助信息，不得用于指导临床用药或伴随诊断。",,"Ⅰ"
medical_device_category_6840_24-24108,"葡萄糖转运蛋白1（GLUT-1）抗体试剂",6840-24-24108,__import__.medical_device_category_6840_24,,"在常规染色（如：HE染色）基础上进行免疫组织化学染色，为病理医师提供诊断的辅助信息，不得用于指导临床用药或伴随诊断。",,"Ⅰ"
medical_device_category_6840_24-24109,"磷脂酰肌醇蛋白聚糖3（Glypican-3）蛋白抗体试剂",6840-24-24109,__import__.medical_device_category_6840_24,,"在常规染色（如：HE染色）基础上进行免疫组织化学染色，为病理医师提供诊断的辅助信息，不得用于指导临床用药或伴随诊断。",,"Ⅰ"
medical_device_category_6840_24-24110,"GP2抗体试剂",6840-24-24110,__import__.medical_device_category_6840_24,,"在常规染色（如：HE染色）基础上进行免疫组织化学染色，为病理医师提供诊断的辅助信息，不得用于指导临床用药或伴随诊断。",,"Ⅰ"
medical_device_category_6840_24-24111,"GST-π抗体试剂",6840-24-24111,__import__.medical_device_category_6840_24,,"在常规染色（如：HE染色）基础上进行免疫组织化学染色，为病理医师提供诊断的辅助信息，不得用于指导临床用药或伴随诊断。",,"Ⅰ"
medical_device_category_6840_24-24112,"H3.3G34W抗体试剂",6840-24-24112,__import__.medical_device_category_6840_24,,"在常规染色（如：HE染色）基础上进行免疫组织化学染色，为病理医师提供诊断的辅助信息，不得用于指导临床用药或伴随诊断。",,"Ⅰ"
medical_device_category_6840_24-24113,"H3K27Me3抗体试剂",6840-24-24113,__import__.medical_device_category_6840_24,,"在常规染色（如：HE染色）基础上进行免疫组织化学染色，为病理医师提供诊断的辅助信息，不得用于指导临床用药或伴随诊断。",,"Ⅰ"
medical_device_category_6840_24-24114,"H3K27M抗体试剂",6840-24-24114,__import__.medical_device_category_6840_24,,"在常规染色（如：HE染色）基础上进行免疫组织化学染色，为病理医师提供诊断的辅助信息，不得用于指导临床用药或伴随诊断。",,"Ⅰ"
medical_device_category_6840_24-24115,"H3K36M抗体试剂",6840-24-24115,__import__.medical_device_category_6840_24,,"在常规染色（如：HE染色）基础上进行免疫组织化学染色，为病理医师提供诊断的辅助信息，不得用于指导临床用药或伴随诊断。",,"Ⅰ"
medical_device_category_6840_24-24116,"HGAL抗体试剂",6840-24-24116,__import__.medical_device_category_6840_24,,"在常规染色（如：HE染色）基础上进行免疫组织化学染色，为病理医师提供诊断的辅助信息，不得用于指导临床用药或伴随诊断。",,"Ⅰ"
medical_device_category_6840_24-24117,"HIF-1α抗体试剂",6840-24-24117,__import__.medical_device_category_6840_24,,"在常规染色（如：HE染色）基础上进行免疫组织化学染色，为病理医师提供诊断的辅助信息，不得用于指导临床用药或伴随诊断。",,"Ⅰ"
medical_device_category_6840_24-24118,"胃黏液细胞黏蛋白（HIK1083）抗体试剂",6840-24-24118,__import__.medical_device_category_6840_24,,"在常规染色（如：HE染色）基础上进行免疫组织化学染色，为病理医师提供诊断的辅助信息，不得用于指导临床用药或伴随诊断。",,"Ⅰ"
medical_device_category_6840_24-24119,"人类白细胞抗原ABC（HLA-ABC）抗体试剂",6840-24-24119,__import__.medical_device_category_6840_24,,"在常规染色（如：HE染色）基础上进行免疫组织化学染色，为病理医师提供诊断的辅助信息，不得用于指导临床用药或伴随诊断。",,"Ⅰ"
medical_device_category_6840_24-24120,"人类白细胞抗原DRB（HLA-DRB）抗体试剂",6840-24-24120,__import__.medical_device_category_6840_24,,"在常规染色（如：HE染色）基础上进行免疫组织化学染色，为病理医师提供诊断的辅助信息，不得用于指导临床用药或伴随诊断。",,"Ⅰ"
medical_device_category_6840_24-24121,"人类白细胞抗原DR（HLA-DR）抗体试剂",6840-24-24121,__import__.medical_device_category_6840_24,,"在常规染色（如：HE染色）基础上进行免疫组织化学染色，为病理医师提供诊断的辅助信息，不得用于指导临床用药或伴随诊断。",,"Ⅰ"
medical_device_category_6840_24-24122,"HMB-45抗体试剂",6840-24-24122,__import__.medical_device_category_6840_24,,"在常规染色（如：HE染色）基础上进行免疫组织化学染色，为病理医师提供诊断的辅助信息，不得用于指导临床用药或伴随诊断。",,"Ⅰ"
medical_device_category_6840_24-24123,"肝细胞核因子1β（HNF1-β抗体）试剂",6840-24-24123,__import__.medical_device_category_6840_24,,"在常规染色（如：HE染色）基础上进行免疫组织化学染色，为病理医师提供诊断的辅助信息，不得用于指导临床用药或伴随诊断。",,"Ⅰ"
medical_device_category_6840_24-24124,"HSA抗体试剂",6840-24-24124,__import__.medical_device_category_6840_24,,"在常规染色（如：HE染色）基础上进行免疫组织化学染色，为病理医师提供诊断的辅助信息，不得用于指导临床用药或伴随诊断。",,"Ⅰ"
medical_device_category_6840_24-24125,"异柠檬酸脱氢酶1（IDH-1）抗体试剂",6840-24-24125,__import__.medical_device_category_6840_24,,"在常规染色（如：HE染色）基础上进行免疫组织化学染色，为病理医师提供诊断的辅助信息，不得用于指导临床用药或伴随诊断。",,"Ⅰ"
medical_device_category_6840_24-24126,"免疫球蛋白A（IgA）抗体试剂",6840-24-24126,__import__.medical_device_category_6840_24,,"在常规染色（如：HE染色）基础上进行免疫组织化学染色，为病理医师提供诊断的辅助信息，不得用于指导临床用药或伴随诊断。",,"Ⅰ"
medical_device_category_6840_24-24127,"免疫球蛋白D（IgD）抗体试剂",6840-24-24127,__import__.medical_device_category_6840_24,,"在常规染色（如：HE染色）基础上进行免疫组织化学染色，为病理医师提供诊断的辅助信息，不得用于指导临床用药或伴随诊断。",,"Ⅰ"
medical_device_category_6840_24-24128,"免疫球蛋白G1（IgG1）抗体试剂",6840-24-24128,__import__.medical_device_category_6840_24,,"在常规染色（如：HE染色）基础上进行免疫组织化学染色，为病理医师提供诊断的辅助信息，不得用于指导临床用药或伴随诊断。",,"Ⅰ"
medical_device_category_6840_24-24129,"免疫球蛋白G2（IgG2）抗体试剂",6840-24-24129,__import__.medical_device_category_6840_24,,"在常规染色（如：HE染色）基础上进行免疫组织化学染色，为病理医师提供诊断的辅助信息，不得用于指导临床用药或伴随诊断。",,"Ⅰ"
medical_device_category_6840_24-24130,"免疫球蛋白G3（IgG3）抗体试剂",6840-24-24130,__import__.medical_device_category_6840_24,,"在常规染色（如：HE染色）基础上进行免疫组织化学染色，为病理医师提供诊断的辅助信息，不得用于指导临床用药或伴随诊断。",,"Ⅰ"
medical_device_category_6840_24-24131,"免疫球蛋白G4（IgG4）抗体试剂",6840-24-24131,__import__.medical_device_category_6840_24,,"在常规染色（如：HE染色）基础上进行免疫组织化学染色，为病理医师提供诊断的辅助信息，不得用于指导临床用药或伴随诊断。",,"Ⅰ"
medical_device_category_6840_24-24132,"免疫球蛋白G（IgG）抗体试剂",6840-24-24132,__import__.medical_device_category_6840_24,,"在常规染色（如：HE染色）基础上进行免疫组织化学染色，为病理医师提供诊断的辅助信息，不得用于指导临床用药或伴随诊断。",,"Ⅰ"
medical_device_category_6840_24-24133,"免疫球蛋白M（IgM）抗体试剂",6840-24-24133,__import__.medical_device_category_6840_24,,"在常规染色（如：HE染色）基础上进行免疫组织化学染色，为病理医师提供诊断的辅助信息，不得用于指导临床用药或伴随诊断。",,"Ⅰ"
medical_device_category_6840_24-24134,"胰岛素样生长因子 Ⅱ mRNA 结合蛋白3（IMP3）抗体试剂",6840-24-24134,__import__.medical_device_category_6840_24,,"在常规染色（如：HE染色）基础上进行免疫组织化学染色，为病理医师提供诊断的辅助信息，不得用于指导临床用药或伴随诊断。",,"Ⅰ"
medical_device_category_6840_24-24135,"INI-1抗体试剂",6840-24-24135,__import__.medical_device_category_6840_24,,"在常规染色（如：HE染色）基础上进行免疫组织化学染色，为病理医师提供诊断的辅助信息，不得用于指导临床用药或伴随诊断。",,"Ⅰ"
medical_device_category_6840_24-24136,"胰岛素瘤相关蛋白1（INSM1）抗体试剂",6840-24-24136,__import__.medical_device_category_6840_24,,"在常规染色（如：HE染色）基础上进行免疫组织化学染色，为病理医师提供诊断的辅助信息，不得用于指导临床用药或伴随诊断。",,"Ⅰ"
medical_device_category_6840_24-24137,"IV型胶原（Collagen Type IV）抗体试剂",6840-24-24137,__import__.medical_device_category_6840_24,,"在常规染色（如：HE染色）基础上进行免疫组织化学染色，为病理医师提供诊断的辅助信息，不得用于指导临床用药或伴随诊断。",,"Ⅰ"
medical_device_category_6840_24-24138,"κ轻链（Kappa轻链）抗体试剂",6840-24-24138,__import__.medical_device_category_6840_24,,"在常规染色（如：HE染色）基础上进行免疫组织化学染色，为病理医师提供诊断的辅助信息，不得用于指导临床用药或伴随诊断。",,"Ⅰ"
medical_device_category_6840_24-24139,"λ轻链（Lambda轻链）抗体试剂",6840-24-24139,__import__.medical_device_category_6840_24,,"在常规染色（如：HE染色）基础上进行免疫组织化学染色，为病理医师提供诊断的辅助信息，不得用于指导临床用药或伴随诊断。",,"Ⅰ"
medical_device_category_6840_24-24140,"Ki-67抗体试剂",6840-24-24140,__import__.medical_device_category_6840_24,,"在常规染色（如：HE染色）基础上进行免疫组织化学染色，为病理医师提供诊断的辅助信息，不得用于指导临床用药或伴随诊断。",,"Ⅰ"
medical_device_category_6840_24-24141,"p16抗体试剂",6840-24-24141,__import__.medical_device_category_6840_24,,"在常规染色（如：HE染色）基础上进行免疫组织化学染色，为病理医师提供诊断的辅助信息，不得用于指导临床用药或伴随诊断。",,"Ⅰ"
medical_device_category_6840_24-24142,"L1细胞粘附因子（L1CAM）抗体试剂",6840-24-24142,__import__.medical_device_category_6840_24,,"在常规染色（如：HE染色）基础上进行免疫组织化学染色，为病理医师提供诊断的辅助信息，不得用于指导临床用药或伴随诊断。",,"Ⅰ"
medical_device_category_6840_24-24143,"LEF-1抗体试剂",6840-24-24143,__import__.medical_device_category_6840_24,,"在常规染色（如：HE染色）基础上进行免疫组织化学染色，为病理医师提供诊断的辅助信息，不得用于指导临床用药或伴随诊断。",,"Ⅰ"
medical_device_category_6840_24-24144,"LIN28抗体试剂",6840-24-24144,__import__.medical_device_category_6840_24,,"在常规染色（如：HE染色）基础上进行免疫组织化学染色，为病理医师提供诊断的辅助信息，不得用于指导临床用药或伴随诊断。",,"Ⅰ"
medical_device_category_6840_24-24145,"LMO2抗体试剂",6840-24-24145,__import__.medical_device_category_6840_24,,"在常规染色（如：HE染色）基础上进行免疫组织化学染色，为病理医师提供诊断的辅助信息，不得用于指导临床用药或伴随诊断。",,"Ⅰ"
medical_device_category_6840_24-24146,"LRP抗体试剂",6840-24-24146,__import__.medical_device_category_6840_24,,"在常规染色（如：HE染色）基础上进行免疫组织化学染色，为病理医师提供诊断的辅助信息，不得用于指导临床用药或伴随诊断。",,"Ⅰ"
medical_device_category_6840_24-24147,"MART-1/melanA抗体试剂",6840-24-24147,__import__.medical_device_category_6840_24,,"在常规染色（如：HE染色）基础上进行免疫组织化学染色，为病理医师提供诊断的辅助信息，不得用于指导临床用药或伴随诊断。",,"Ⅰ"
medical_device_category_6840_24-24148,"MASH1抗体试剂",6840-24-24148,__import__.medical_device_category_6840_24,,"在常规染色（如：HE染色）基础上进行免疫组织化学染色，为病理医师提供诊断的辅助信息，不得用于指导临床用药或伴随诊断。",,"Ⅰ"
medical_device_category_6840_24-24149,"MC抗体试剂",6840-24-24149,__import__.medical_device_category_6840_24,,"在常规染色（如：HE染色）基础上进行免疫组织化学染色，为病理医师提供诊断的辅助信息，不得用于指导临床用药或伴随诊断。",,"Ⅰ"
medical_device_category_6840_24-24150,"MDM2抗体试剂",6840-24-24150,__import__.medical_device_category_6840_24,,"在常规染色（如：HE染色）基础上进行免疫组织化学染色，为病理医师提供诊断的辅助信息，不得用于指导临床用药或伴随诊断。",,"Ⅰ"
medical_device_category_6840_24-24151,"MDR-1抗体试剂",6840-24-24151,__import__.medical_device_category_6840_24,,"在常规染色（如：HE染色）基础上进行免疫组织化学染色，为病理医师提供诊断的辅助信息，不得用于指导临床用药或伴随诊断。",,"Ⅰ"
medical_device_category_6840_24-24152,"错配修复蛋白（MLH1）抗体试剂",6840-24-24152,__import__.medical_device_category_6840_24,,"在常规染色（如：HE染色）基础上进行免疫组织化学染色，为病理医师提供诊断的辅助信息，不得用于指导临床用药或伴随诊断。",,"Ⅰ"
medical_device_category_6840_24-24153,"MOC-31抗体试剂",6840-24-24153,__import__.medical_device_category_6840_24,,"在常规染色（如：HE染色）基础上进行免疫组织化学染色，为病理医师提供诊断的辅助信息，不得用于指导临床用药或伴随诊断。",,"Ⅰ"
medical_device_category_6840_24-24154,"MRP3抗体试剂",6840-24-24154,__import__.medical_device_category_6840_24,,"在常规染色（如：HE染色）基础上进行免疫组织化学染色，为病理医师提供诊断的辅助信息，不得用于指导临床用药或伴随诊断。",,"Ⅰ"
medical_device_category_6840_24-24155,"MSH2抗体试剂",6840-24-24155,__import__.medical_device_category_6840_24,,"在常规染色（如：HE染色）基础上进行免疫组织化学染色，为病理医师提供诊断的辅助信息，不得用于指导临床用药或伴随诊断。",,"Ⅰ"
medical_device_category_6840_24-24156,"MSH6抗体试剂",6840-24-24156,__import__.medical_device_category_6840_24,,"在常规染色（如：HE染色）基础上进行免疫组织化学染色，为病理医师提供诊断的辅助信息，不得用于指导临床用药或伴随诊断。",,"Ⅰ"
medical_device_category_6840_24-24157,"黏蛋白1（MUC-1）抗体试剂",6840-24-24157,__import__.medical_device_category_6840_24,,"在常规染色（如：HE染色）基础上进行免疫组织化学染色，为病理医师提供诊断的辅助信息，不得用于指导临床用药或伴随诊断。",,"Ⅰ"
medical_device_category_6840_24-24158,"黏蛋白2（MUC-2）抗体试剂",6840-24-24158,__import__.medical_device_category_6840_24,,"在常规染色（如：HE染色）基础上进行免疫组织化学染色，为病理医师提供诊断的辅助信息，不得用于指导临床用药或伴随诊断。",,"Ⅰ"
medical_device_category_6840_24-24159,"黏蛋白4（MUC-4）抗体试剂",6840-24-24159,__import__.medical_device_category_6840_24,,"在常规染色（如：HE染色）基础上进行免疫组织化学染色，为病理医师提供诊断的辅助信息，不得用于指导临床用药或伴随诊断。",,"Ⅰ"
medical_device_category_6840_24-24160,"黏蛋白5AC（MUC-5AC）抗体试剂",6840-24-24160,__import__.medical_device_category_6840_24,,"在常规染色（如：HE染色）基础上进行免疫组织化学染色，为病理医师提供诊断的辅助信息，不得用于指导临床用药或伴随诊断。",,"Ⅰ"
medical_device_category_6840_24-24161,"黏蛋白6（MUC-6）抗体试剂",6840-24-24161,__import__.medical_device_category_6840_24,,"在常规染色（如：HE染色）基础上进行免疫组织化学染色，为病理医师提供诊断的辅助信息，不得用于指导临床用药或伴随诊断。",,"Ⅰ"
medical_device_category_6840_24-24162,"MUM1抗体试剂",6840-24-24162,__import__.medical_device_category_6840_24,,"在常规染色（如：HE染色）基础上进行免疫组织化学染色，为病理医师提供诊断的辅助信息，不得用于指导临床用药或伴随诊断。",,"Ⅰ"
medical_device_category_6840_24-24163,"Myo-D1抗体试剂",6840-24-24163,__import__.medical_device_category_6840_24,,"在常规染色（如：HE染色）基础上进行免疫组织化学染色，为病理医师提供诊断的辅助信息，不得用于指导临床用药或伴随诊断。",,"Ⅰ"
medical_device_category_6840_24-24164,"NKX2.2抗体试剂",6840-24-24164,__import__.medical_device_category_6840_24,,"在常规染色（如：HE染色）基础上进行免疫组织化学染色，为病理医师提供诊断的辅助信息，不得用于指导临床用药或伴随诊断。",,"Ⅰ"
medical_device_category_6840_24-24165,"NKX3.1抗体试剂",6840-24-24165,__import__.medical_device_category_6840_24,,"在常规染色（如：HE染色）基础上进行免疫组织化学染色，为病理医师提供诊断的辅助信息，不得用于指导临床用药或伴随诊断。",,"Ⅰ"
medical_device_category_6840_24-24166,"nm23抗体试剂",6840-24-24166,__import__.medical_device_category_6840_24,,"在常规染色（如：HE染色）基础上进行免疫组织化学染色，为病理医师提供诊断的辅助信息，不得用于指导临床用药或伴随诊断。",,"Ⅰ"
medical_device_category_6840_24-24167,"Oct2抗体试剂",6840-24-24167,__import__.medical_device_category_6840_24,,"在常规染色（如：HE染色）基础上进行免疫组织化学染色，为病理医师提供诊断的辅助信息，不得用于指导临床用药或伴随诊断。",,"Ⅰ"
medical_device_category_6840_24-24168,"Oct3/4抗体试剂",6840-24-24168,__import__.medical_device_category_6840_24,,"在常规染色（如：HE染色）基础上进行免疫组织化学染色，为病理医师提供诊断的辅助信息，不得用于指导临床用药或伴随诊断。",,"Ⅰ"
medical_device_category_6840_24-24169,"Oct4抗体试剂",6840-24-24169,__import__.medical_device_category_6840_24,,"在常规染色（如：HE染色）基础上进行免疫组织化学染色，为病理医师提供诊断的辅助信息，不得用于指导临床用药或伴随诊断。",,"Ⅰ"
medical_device_category_6840_24-24170,"Oligo-2抗体试剂",6840-24-24170,__import__.medical_device_category_6840_24,,"在常规染色（如：HE染色）基础上进行免疫组织化学染色，为病理医师提供诊断的辅助信息，不得用于指导临床用药或伴随诊断。",,"Ⅰ"
medical_device_category_6840_24-24171,"p120抗体试剂",6840-24-24171,__import__.medical_device_category_6840_24,,"在常规染色（如：HE染色）基础上进行免疫组织化学染色，为病理医师提供诊断的辅助信息，不得用于指导临床用药或伴随诊断。",,"Ⅰ"
medical_device_category_6840_24-24172,"p21/WAF1抗体试剂",6840-24-24172,__import__.medical_device_category_6840_24,,"在常规染色（如：HE染色）基础上进行免疫组织化学染色，为病理医师提供诊断的辅助信息，不得用于指导临床用药或伴随诊断。",,"Ⅰ"
medical_device_category_6840_24-24173,"p27抗体试剂",6840-24-24173,__import__.medical_device_category_6840_24,,"在常规染色（如：HE染色）基础上进行免疫组织化学染色，为病理医师提供诊断的辅助信息，不得用于指导临床用药或伴随诊断。",,"Ⅰ"
medical_device_category_6840_24-24174,"p40抗体试剂",6840-24-24174,__import__.medical_device_category_6840_24,,"在常规染色（如：HE染色）基础上进行免疫组织化学染色，为病理医师提供诊断的辅助信息，不得用于指导临床用药或伴随诊断。",,"Ⅰ"
medical_device_category_6840_24-24175,"p53抗体试剂",6840-24-24175,__import__.medical_device_category_6840_24,,"在常规染色（如：HE染色）基础上进行免疫组织化学染色，为病理医师提供诊断的辅助信息，不得用于指导临床用药或伴随诊断。",,"Ⅰ"
medical_device_category_6840_24-24176,"p57kip2抗体试剂",6840-24-24176,__import__.medical_device_category_6840_24,,"在常规染色（如：HE染色）基础上进行免疫组织化学染色，为病理医师提供诊断的辅助信息，不得用于指导临床用药或伴随诊断。",,"Ⅰ"
medical_device_category_6840_24-24177,"p57抗体试剂",6840-24-24177,__import__.medical_device_category_6840_24,,"在常规染色（如：HE染色）基础上进行免疫组织化学染色，为病理医师提供诊断的辅助信息，不得用于指导临床用药或伴随诊断。",,"Ⅰ"
medical_device_category_6840_24-24178,"p63抗体试剂",6840-24-24178,__import__.medical_device_category_6840_24,,"在常规染色（如：HE染色）基础上进行免疫组织化学染色，为病理医师提供诊断的辅助信息，不得用于指导临床用药或伴随诊断。",,"Ⅰ"
medical_device_category_6840_24-24179,"Pax-2抗体试剂",6840-24-24179,__import__.medical_device_category_6840_24,,"在常规染色（如：HE染色）基础上进行免疫组织化学染色，为病理医师提供诊断的辅助信息，不得用于指导临床用药或伴随诊断。",,"Ⅰ"
medical_device_category_6840_24-24180,"Pax-5抗体试剂",6840-24-24180,__import__.medical_device_category_6840_24,,"在常规染色（如：HE染色）基础上进行免疫组织化学染色，为病理医师提供诊断的辅助信息，不得用于指导临床用药或伴随诊断。",,"Ⅰ"
medical_device_category_6840_24-24181,"Pax-7抗体试剂",6840-24-24181,__import__.medical_device_category_6840_24,,"在常规染色（如：HE染色）基础上进行免疫组织化学染色，为病理医师提供诊断的辅助信息，不得用于指导临床用药或伴随诊断。",,"Ⅰ"
medical_device_category_6840_24-24182,"Pax-8抗体试剂",6840-24-24182,__import__.medical_device_category_6840_24,,"在常规染色（如：HE染色）基础上进行免疫组织化学染色，为病理医师提供诊断的辅助信息，不得用于指导临床用药或伴随诊断。",,"Ⅰ"
medical_device_category_6840_24-24183,"增殖细胞核抗原（PCNA）抗体试剂",6840-24-24183,__import__.medical_device_category_6840_24,,"在常规染色（如：HE染色）基础上进行免疫组织化学染色，为病理医师提供诊断的辅助信息，不得用于指导临床用药或伴随诊断。",,"Ⅰ"
medical_device_category_6840_24-24184,"PC抗体试剂",6840-24-24184,__import__.medical_device_category_6840_24,,"在常规染色（如：HE染色）基础上进行免疫组织化学染色，为病理医师提供诊断的辅助信息，不得用于指导临床用药或伴随诊断。",,"Ⅰ"
medical_device_category_6840_24-24185,"PD-1抗体试剂",6840-24-24185,__import__.medical_device_category_6840_24,,"在常规染色（如：HE染色）基础上进行免疫组织化学染色，为病理医师提供诊断的辅助信息，不得用于指导临床用药或伴随诊断。",,"Ⅰ"
medical_device_category_6840_24-24186,"PD-L2抗体试剂",6840-24-24186,__import__.medical_device_category_6840_24,,"在常规染色（如：HE染色）基础上进行免疫组织化学染色，为病理医师提供诊断的辅助信息，不得用于指导临床用药或伴随诊断。",,"Ⅰ"
medical_device_category_6840_24-24187,"PEG10抗体试剂",6840-24-24187,__import__.medical_device_category_6840_24,,"在常规染色（如：HE染色）基础上进行免疫组织化学染色，为病理医师提供诊断的辅助信息，不得用于指导临床用药或伴随诊断。",,"Ⅰ"
medical_device_category_6840_24-24188,"PHOX2B抗体试剂",6840-24-24188,__import__.medical_device_category_6840_24,,"在常规染色（如：HE染色）基础上进行免疫组织化学染色，为病理医师提供诊断的辅助信息，不得用于指导临床用药或伴随诊断。",,"Ⅰ"
medical_device_category_6840_24-24189,"胎盘碱性磷酸酶（PLAP）抗体试剂",6840-24-24189,__import__.medical_device_category_6840_24,,"在常规染色（如：HE染色）基础上进行免疫组织化学染色，为病理医师提供诊断的辅助信息，不得用于指导临床用药或伴随诊断。",,"Ⅰ"
medical_device_category_6840_24-24190,"PMS2抗体试剂",6840-24-24190,__import__.medical_device_category_6840_24,,"在常规染色（如：HE染色）基础上进行免疫组织化学染色，为病理医师提供诊断的辅助信息，不得用于指导临床用药或伴随诊断。",,"Ⅰ"
medical_device_category_6840_24-24191,"PNL2抗体试剂",6840-24-24191,__import__.medical_device_category_6840_24,,"在常规染色（如：HE染色）基础上进行免疫组织化学染色，为病理医师提供诊断的辅助信息，不得用于指导临床用药或伴随诊断。",,"Ⅰ"
medical_device_category_6840_24-24192,"Polo样激酶1（PLK-1）抗体试剂",6840-24-24192,__import__.medical_device_category_6840_24,,"在常规染色（如：HE染色）基础上进行免疫组织化学染色，为病理医师提供诊断的辅助信息，不得用于指导临床用药或伴随诊断。",,"Ⅰ"
medical_device_category_6840_24-24193,"pS2抗体试剂",6840-24-24193,__import__.medical_device_category_6840_24,,"在常规染色（如：HE染色）基础上进行免疫组织化学染色，为病理医师提供诊断的辅助信息，不得用于指导临床用药或伴随诊断。",,"Ⅰ"
medical_device_category_6840_24-24194,"PSAP抗体试剂",6840-24-24194,__import__.medical_device_category_6840_24,,"在常规染色（如：HE染色）基础上进行免疫组织化学染色，为病理医师提供诊断的辅助信息，不得用于指导临床用药或伴随诊断。",,"Ⅰ"
medical_device_category_6840_24-24195,"前列腺特异性抗原（PSA）抗体试剂",6840-24-24195,__import__.medical_device_category_6840_24,,"在常规染色（如：HE染色）基础上进行免疫组织化学染色，为病理医师提供诊断的辅助信息，不得用于指导临床用药或伴随诊断。",,"Ⅰ"
medical_device_category_6840_24-24196,"前列腺特异性膜抗原（PSMA）抗体试剂",6840-24-24196,__import__.medical_device_category_6840_24,,"在常规染色（如：HE染色）基础上进行免疫组织化学染色，为病理医师提供诊断的辅助信息，不得用于指导临床用药或伴随诊断。",,"Ⅰ"
medical_device_category_6840_24-24197,"PTEN抗体试剂",6840-24-24197,__import__.medical_device_category_6840_24,,"在常规染色（如：HE染色）基础上进行免疫组织化学染色，为病理医师提供诊断的辅助信息，不得用于指导临床用药或伴随诊断。",,"Ⅰ"
medical_device_category_6840_24-24198,"PU.1抗体试剂",6840-24-24198,__import__.medical_device_category_6840_24,,"在常规染色（如：HE染色）基础上进行免疫组织化学染色，为病理医师提供诊断的辅助信息，不得用于指导临床用药或伴随诊断。",,"Ⅰ"
medical_device_category_6840_24-24199,"Rb Gene Protein抗体试剂",6840-24-24199,__import__.medical_device_category_6840_24,,"在常规染色（如：HE染色）基础上进行免疫组织化学染色，为病理医师提供诊断的辅助信息，不得用于指导临床用药或伴随诊断。",,"Ⅰ"
medical_device_category_6840_24-24200,"RRM1抗体试剂",6840-24-24200,__import__.medical_device_category_6840_24,,"在常规染色（如：HE染色）基础上进行免疫组织化学染色，为病理医师提供诊断的辅助信息，不得用于指导临床用药或伴随诊断。",,"Ⅰ"
medical_device_category_6840_24-24201,"S100P抗体试剂",6840-24-24201,__import__.medical_device_category_6840_24,,"在常规染色（如：HE染色）基础上进行免疫组织化学染色，为病理医师提供诊断的辅助信息，不得用于指导临床用药或伴随诊断。",,"Ⅰ"
medical_device_category_6840_24-24202,"S100抗体试剂",6840-24-24202,__import__.medical_device_category_6840_24,,"在常规染色（如：HE染色）基础上进行免疫组织化学染色，为病理医师提供诊断的辅助信息，不得用于指导临床用药或伴随诊断。",,"Ⅰ"
medical_device_category_6840_24-24203,"婆罗双树样基因4（SALL4）抗体试剂",6840-24-24203,__import__.medical_device_category_6840_24,,"在常规染色（如：HE染色）基础上进行免疫组织化学染色，为病理医师提供诊断的辅助信息，不得用于指导临床用药或伴随诊断。",,"Ⅰ"
medical_device_category_6840_24-24204,"特异AT序列结合蛋白2（SATB2）抗体试剂",6840-24-24204,__import__.medical_device_category_6840_24,,"在常规染色（如：HE染色）基础上进行免疫组织化学染色，为病理医师提供诊断的辅助信息，不得用于指导临床用药或伴随诊断。",,"Ⅰ"
medical_device_category_6840_24-24205,"琥珀酸脱氢酶复合体B亚基（SDHB）抗体试剂",6840-24-24205,__import__.medical_device_category_6840_24,,"在常规染色（如：HE染色）基础上进行免疫组织化学染色，为病理医师提供诊断的辅助信息，不得用于指导临床用药或伴随诊断。",,"Ⅰ"
medical_device_category_6840_24-24206,"SMARCA4/Brg1抗体试剂",6840-24-24206,__import__.medical_device_category_6840_24,,"在常规染色（如：HE染色）基础上进行免疫组织化学染色，为病理医师提供诊断的辅助信息，不得用于指导临床用药或伴随诊断。",,"Ⅰ"
medical_device_category_6840_24-24207,"SOX-10抗体试剂",6840-24-24207,__import__.medical_device_category_6840_24,,"在常规染色（如：HE染色）基础上进行免疫组织化学染色，为病理医师提供诊断的辅助信息，不得用于指导临床用药或伴随诊断。",,"Ⅰ"
medical_device_category_6840_24-24208,"SOX-11抗体试剂",6840-24-24208,__import__.medical_device_category_6840_24,,"在常规染色（如：HE染色）基础上进行免疫组织化学染色，为病理医师提供诊断的辅助信息，不得用于指导临床用药或伴随诊断。",,"Ⅰ"
medical_device_category_6840_24-24209,"SOX-2抗体试剂",6840-24-24209,__import__.medical_device_category_6840_24,,"在常规染色（如：HE染色）基础上进行免疫组织化学染色，为病理医师提供诊断的辅助信息，不得用于指导临床用药或伴随诊断。",,"Ⅰ"
medical_device_category_6840_24-24210,"SOX-9抗体试剂",6840-24-24210,__import__.medical_device_category_6840_24,,"在常规染色（如：HE染色）基础上进行免疫组织化学染色，为病理医师提供诊断的辅助信息，不得用于指导临床用药或伴随诊断。",,"Ⅰ"
medical_device_category_6840_24-24211,"STAT3抗体试剂",6840-24-24211,__import__.medical_device_category_6840_24,,"在常规染色（如：HE染色）基础上进行免疫组织化学染色，为病理医师提供诊断的辅助信息，不得用于指导临床用药或伴随诊断。",,"Ⅰ"
medical_device_category_6840_24-24212,"STAT6抗体试剂",6840-24-24212,__import__.medical_device_category_6840_24,,"在常规染色（如：HE染色）基础上进行免疫组织化学染色，为病理医师提供诊断的辅助信息，不得用于指导临床用药或伴随诊断。",,"Ⅰ"
medical_device_category_6840_24-24213,"STING抗体试剂",6840-24-24213,__import__.medical_device_category_6840_24,,"在常规染色（如：HE染色）基础上进行免疫组织化学染色，为病理医师提供诊断的辅助信息，不得用于指导临床用药或伴随诊断。",,"Ⅰ"
medical_device_category_6840_24-24214,"SV-40抗体试剂",6840-24-24214,__import__.medical_device_category_6840_24,,"在常规染色（如：HE染色）基础上进行免疫组织化学染色，为病理医师提供诊断的辅助信息，不得用于指导临床用药或伴随诊断。",,"Ⅰ"
medical_device_category_6840_24-24215,"肿瘤相关钙信号转导子2（TACSTD2）抗体试剂",6840-24-24215,__import__.medical_device_category_6840_24,,"在常规染色（如：HE染色）基础上进行免疫组织化学染色，为病理医师提供诊断的辅助信息，不得用于指导临床用药或伴随诊断。",,"Ⅰ"
medical_device_category_6840_24-24216,"TAG-72抗体试剂",6840-24-24216,__import__.medical_device_category_6840_24,,"在常规染色（如：HE染色）基础上进行免疫组织化学染色，为病理医师提供诊断的辅助信息，不得用于指导临床用药或伴随诊断。",,"Ⅰ"
medical_device_category_6840_24-24217,"TCL1抗体试剂",6840-24-24217,__import__.medical_device_category_6840_24,,"在常规染色（如：HE染色）基础上进行免疫组织化学染色，为病理医师提供诊断的辅助信息，不得用于指导临床用药或伴随诊断。",,"Ⅰ"
medical_device_category_6840_24-24218,"TCRD抗体试剂",6840-24-24218,__import__.medical_device_category_6840_24,,"在常规染色（如：HE染色）基础上进行免疫组织化学染色，为病理医师提供诊断的辅助信息，不得用于指导临床用药或伴随诊断。",,"Ⅰ"
medical_device_category_6840_24-24219,"末端脱氧核苷酸转移酶（TdT）抗体试剂",6840-24-24219,__import__.medical_device_category_6840_24,,"在常规染色（如：HE染色）基础上进行免疫组织化学染色，为病理医师提供诊断的辅助信息，不得用于指导临床用药或伴随诊断。",,"Ⅰ"
medical_device_category_6840_24-24220,"转录因子E3（TFE3）抗体试剂",6840-24-24220,__import__.medical_device_category_6840_24,,"在常规染色（如：HE染色）基础上进行免疫组织化学染色，为病理医师提供诊断的辅助信息，不得用于指导临床用药或伴随诊断。",,"Ⅰ"
medical_device_category_6840_24-24221,"TGF-β1抗体试剂",6840-24-24221,__import__.medical_device_category_6840_24,,"在常规染色（如：HE染色）基础上进行免疫组织化学染色，为病理医师提供诊断的辅助信息，不得用于指导临床用药或伴随诊断。",,"Ⅰ"
medical_device_category_6840_24-24222,"THY抗体试剂",6840-24-24222,__import__.medical_device_category_6840_24,,"在常规染色（如：HE染色）基础上进行免疫组织化学染色，为病理医师提供诊断的辅助信息，不得用于指导临床用药或伴随诊断。",,"Ⅰ"
medical_device_category_6840_24-24223,"TIA-1抗体试剂",6840-24-24223,__import__.medical_device_category_6840_24,,"在常规染色（如：HE染色）基础上进行免疫组织化学染色，为病理医师提供诊断的辅助信息，不得用于指导临床用药或伴随诊断。",,"Ⅰ"
medical_device_category_6840_24-24224,"TIM3抗体试剂",6840-24-24224,__import__.medical_device_category_6840_24,,"在常规染色（如：HE染色）基础上进行免疫组织化学染色，为病理医师提供诊断的辅助信息，不得用于指导临床用药或伴随诊断。",,"Ⅰ"
medical_device_category_6840_24-24225,"分裂蛋白1转导蛋白样增强子（TLE1）抗体试剂",6840-24-24225,__import__.medical_device_category_6840_24,,"在常规染色（如：HE染色）基础上进行免疫组织化学染色，为病理医师提供诊断的辅助信息，不得用于指导临床用药或伴随诊断。",,"Ⅰ"
medical_device_category_6840_24-24226,"DNA拓扑异构酶Ⅱα（TOP2A）抗体试剂",6840-24-24226,__import__.medical_device_category_6840_24,,"在常规染色（如：HE染色）基础上进行免疫组织化学染色，为病理医师提供诊断的辅助信息，不得用于指导临床用药或伴随诊断。",,"Ⅰ"
medical_device_category_6840_24-24227,"T-PIT抗体试剂",6840-24-24227,__import__.medical_device_category_6840_24,,"在常规染色（如：HE染色）基础上进行免疫组织化学染色，为病理医师提供诊断的辅助信息，不得用于指导临床用药或伴随诊断。",,"Ⅰ"
medical_device_category_6840_24-24228,"TRIM29抗体试剂",6840-24-24228,__import__.medical_device_category_6840_24,,"在常规染色（如：HE染色）基础上进行免疫组织化学染色，为病理医师提供诊断的辅助信息，不得用于指导临床用药或伴随诊断。",,"Ⅰ"
medical_device_category_6840_24-24229,"uPAR抗体试剂",6840-24-24229,__import__.medical_device_category_6840_24,,"在常规染色（如：HE染色）基础上进行免疫组织化学染色，为病理医师提供诊断的辅助信息，不得用于指导临床用药或伴随诊断。",,"Ⅰ"
medical_device_category_6840_24-24230,"VHL抗体试剂",6840-24-24230,__import__.medical_device_category_6840_24,,"在常规染色（如：HE染色）基础上进行免疫组织化学染色，为病理医师提供诊断的辅助信息，不得用于指导临床用药或伴随诊断。",,"Ⅰ"
medical_device_category_6840_24-24231,"肾母细胞瘤基因（WT1）抗体试剂",6840-24-24231,__import__.medical_device_category_6840_24,,"在常规染色（如：HE染色）基础上进行免疫组织化学染色，为病理医师提供诊断的辅助信息，不得用于指导临床用药或伴随诊断。",,"Ⅰ"
medical_device_category_6840_24-24232,"ζ-相关蛋白70（ZAP-70）抗体试剂",6840-24-24232,__import__.medical_device_category_6840_24,,"在常规染色（如：HE染色）基础上进行免疫组织化学染色，为病理医师提供诊断的辅助信息，不得用于指导临床用药或伴随诊断。",,"Ⅰ"
medical_device_category_6840_24-24233,"β连环蛋白（Beta-catenin）抗体试剂",6840-24-24233,__import__.medical_device_category_6840_24,,"在常规染色（如：HE染色）基础上进行免疫组织化学染色，为病理医师提供诊断的辅助信息，不得用于指导临床用药或伴随诊断。",,"Ⅰ"
medical_device_category_6840_24-24234,"β-微管蛋白III（β-tubulin-III）抗体试剂",6840-24-24234,__import__.medical_device_category_6840_24,,"在常规染色（如：HE染色）基础上进行免疫组织化学染色，为病理医师提供诊断的辅助信息，不得用于指导临床用药或伴随诊断。",,"Ⅰ"
medical_device_category_6840_24-24235,"δ样蛋白3（DLL3）抗体试剂",6840-24-24235,__import__.medical_device_category_6840_24,,"在常规染色（如：HE染色）基础上进行免疫组织化学染色，为病理医师提供诊断的辅助信息，不得用于指导临床用药或伴随诊断。",,"Ⅰ"
medical_device_category_6840_24-24236,"氨甲酰磷酸合成酶1（CPS1）抗体试剂",6840-24-24236,__import__.medical_device_category_6840_24,,"在常规染色（如：HE染色）基础上进行免疫组织化学染色，为病理医师提供诊断的辅助信息，不得用于指导临床用药或伴随诊断。",,"Ⅰ"
medical_device_category_6840_24-24237,"半乳糖凝集素（Galectin-3）抗体试剂",6840-24-24237,__import__.medical_device_category_6840_24,,"在常规染色（如：HE染色）基础上进行免疫组织化学染色，为病理医师提供诊断的辅助信息，不得用于指导临床用药或伴随诊断。",,"Ⅰ"
medical_device_category_6840_24-24238,"表皮生长因子受体（EGFR）抗体试剂",6840-24-24238,__import__.medical_device_category_6840_24,,"在常规染色（如：HE染色）基础上进行免疫组织化学染色，为病理医师提供诊断的辅助信息，不得用于指导临床用药或伴随诊断。",,"Ⅰ"
medical_device_category_6840_24-24239,"波形蛋白（Vimentin）抗体试剂",6840-24-24239,__import__.medical_device_category_6840_24,,"在常规染色（如：HE染色）基础上进行免疫组织化学染色，为病理医师提供诊断的辅助信息，不得用于指导临床用药或伴随诊断。",,"Ⅰ"
medical_device_category_6840_24-24240,"层粘连蛋白（Laminin）抗体试剂",6840-24-24240,__import__.medical_device_category_6840_24,,"在常规染色（如：HE染色）基础上进行免疫组织化学染色，为病理医师提供诊断的辅助信息，不得用于指导临床用药或伴随诊断。",,"Ⅰ"
medical_device_category_6840_24-24241,"巢蛋白（Nestin）抗体试剂",6840-24-24241,__import__.medical_device_category_6840_24,,"在常规染色（如：HE染色）基础上进行免疫组织化学染色，为病理医师提供诊断的辅助信息，不得用于指导临床用药或伴随诊断。",,"Ⅰ"
medical_device_category_6840_24-24242,"成纤维细胞激活蛋白（FAP）抗体试剂",6840-24-24242,__import__.medical_device_category_6840_24,,"在常规染色（如：HE染色）基础上进行免疫组织化学染色，为病理医师提供诊断的辅助信息，不得用于指导临床用药或伴随诊断。",,"Ⅰ"
medical_device_category_6840_24-24243,"成纤维细胞生长因子受体3（FGFR3）抗体试剂",6840-24-24243,__import__.medical_device_category_6840_24,,"在常规染色（如：HE染色）基础上进行免疫组织化学染色，为病理医师提供诊断的辅助信息，不得用于指导临床用药或伴随诊断。",,"Ⅰ"
medical_device_category_6840_24-24244,"穿孔素（Perforin）抗体试剂",6840-24-24244,__import__.medical_device_category_6840_24,,"在常规染色（如：HE染色）基础上进行免疫组织化学染色，为病理医师提供诊断的辅助信息，不得用于指导临床用药或伴随诊断。",,"Ⅰ"
medical_device_category_6840_24-24245,"存活素（Survivin）抗体试剂",6840-24-24245,__import__.medical_device_category_6840_24,,"在常规染色（如：HE染色）基础上进行免疫组织化学染色，为病理医师提供诊断的辅助信息，不得用于指导临床用药或伴随诊断。",,"Ⅰ"
medical_device_category_6840_24-24246,"地高辛抗体试剂",6840-24-24246,__import__.medical_device_category_6840_24,,"在常规染色（如：HE染色）基础上进行免疫组织化学染色，为病理医师提供诊断的辅助信息，不得用于指导临床用药或伴随诊断。",,"Ⅰ"
medical_device_category_6840_24-24247,"淀粉样蛋白A抗体试剂",6840-24-24247,__import__.medical_device_category_6840_24,,"在常规染色（如：HE染色）基础上进行免疫组织化学染色，为病理医师提供诊断的辅助信息，不得用于指导临床用药或伴随诊断。",,"Ⅰ"
medical_device_category_6840_24-24248,"多药耐药相关蛋白（MRP）抗体试剂",6840-24-24248,__import__.medical_device_category_6840_24,,"在常规染色（如：HE染色）基础上进行免疫组织化学染色，为病理医师提供诊断的辅助信息，不得用于指导临床用药或伴随诊断。",,"Ⅰ"
medical_device_category_6840_24-24249,"肥大细胞类凝乳蛋白酶（MCC）抗体试剂",6840-24-24249,__import__.medical_device_category_6840_24,,"在常规染色（如：HE染色）基础上进行免疫组织化学染色，为病理医师提供诊断的辅助信息，不得用于指导临床用药或伴随诊断。",,"Ⅰ"
medical_device_category_6840_24-24250,"肥大细胞胰蛋白酶（MCT）抗体试剂",6840-24-24250,__import__.medical_device_category_6840_24,,"在常规染色（如：HE染色）基础上进行免疫组织化学染色，为病理医师提供诊断的辅助信息，不得用于指导临床用药或伴随诊断。",,"Ⅰ"
medical_device_category_6840_24-24251,"钙调节蛋白（Calponin）抗体试剂",6840-24-24251,__import__.medical_device_category_6840_24,,"在常规染色（如：HE染色）基础上进行免疫组织化学染色，为病理医师提供诊断的辅助信息，不得用于指导临床用药或伴随诊断。",,"Ⅰ"
medical_device_category_6840_24-24252,"钙网膜蛋白（Calretinin）抗体试剂",6840-24-24252,__import__.medical_device_category_6840_24,,"在常规染色（如：HE染色）基础上进行免疫组织化学染色，为病理医师提供诊断的辅助信息，不得用于指导临床用药或伴随诊断。",,"Ⅰ"
medical_device_category_6840_24-24253,"钙调素结合蛋白（Caldesmon）抗体试剂",6840-24-24253,__import__.medical_device_category_6840_24,,"在常规染色（如：HE染色）基础上进行免疫组织化学染色，为病理医师提供诊断的辅助信息，不得用于指导临床用药或伴随诊断。",,"Ⅰ"
medical_device_category_6840_24-24254,"E-钙黏附蛋白（E-Cadherin）抗体试剂",6840-24-24254,__import__.medical_device_category_6840_24,,"在常规染色（如：HE染色）基础上进行免疫组织化学染色，为病理医师提供诊断的辅助信息，不得用于指导临床用药或伴随诊断。",,"Ⅰ"
medical_device_category_6840_24-24255,"肾特异性钙黏附蛋白（Ksp-Cadherin）抗体试剂",6840-24-24255,__import__.medical_device_category_6840_24,,"在常规染色（如：HE染色）基础上进行免疫组织化学染色，为病理医师提供诊断的辅助信息，不得用于指导临床用药或伴随诊断。",,"Ⅰ"
medical_device_category_6840_24-24256,"N-钙黏附蛋白（N-cadherin）抗体试剂",6840-24-24256,__import__.medical_device_category_6840_24,,"在常规染色（如：HE染色）基础上进行免疫组织化学染色，为病理医师提供诊断的辅助信息，不得用于指导临床用药或伴随诊断。",,"Ⅰ"
medical_device_category_6840_24-24257,"肝细胞（Hepatocyte）抗体试剂",6840-24-24257,__import__.medical_device_category_6840_24,,"在常规染色（如：HE染色）基础上进行免疫组织化学染色，为病理医师提供诊断的辅助信息，不得用于指导临床用药或伴随诊断。",,"Ⅰ"
medical_device_category_6840_24-24258,"睾丸核蛋白（NUT）抗体试剂",6840-24-24258,__import__.medical_device_category_6840_24,,"在常规染色（如：HE染色）基础上进行免疫组织化学染色，为病理医师提供诊断的辅助信息，不得用于指导临床用药或伴随诊断。",,"Ⅰ"
medical_device_category_6840_24-24259,"谷氨酰胺合成酶（Glutamine Synthetase）抗体试剂",6840-24-24259,__import__.medical_device_category_6840_24,,"在常规染色（如：HE染色）基础上进行免疫组织化学染色，为病理医师提供诊断的辅助信息，不得用于指导临床用药或伴随诊断。",,"Ⅰ"
medical_device_category_6840_24-24260,"骨桥蛋白（Osteopontin）抗体试剂",6840-24-24260,__import__.medical_device_category_6840_24,,"在常规染色（如：HE染色）基础上进行免疫组织化学染色，为病理医师提供诊断的辅助信息，不得用于指导临床用药或伴随诊断。",,"Ⅰ"
medical_device_category_6840_24-24261,"黑素瘤（Melanoma）抗体试剂",6840-24-24261,__import__.medical_device_category_6840_24,,"在常规染色（如：HE染色）基础上进行免疫组织化学染色，为病理医师提供诊断的辅助信息，不得用于指导临床用药或伴随诊断。",,"Ⅰ"
medical_device_category_6840_24-24262,"琥珀酸脱氢酶A亚基（SDHA）抗体试剂",6840-24-24262,__import__.medical_device_category_6840_24,,"在常规染色（如：HE染色）基础上进行免疫组织化学染色，为病理医师提供诊断的辅助信息，不得用于指导临床用药或伴随诊断。",,"Ⅰ"
medical_device_category_6840_24-24263,"肌动蛋白（Actin）抗体试剂",6840-24-24263,__import__.medical_device_category_6840_24,,"在常规染色（如：HE染色）基础上进行免疫组织化学染色，为病理医师提供诊断的辅助信息，不得用于指导临床用药或伴随诊断。",,"Ⅰ"
medical_device_category_6840_24-24264,"α平滑肌肌动蛋白（Actin, Alpha Smooth Muscle）抗体试剂",6840-24-24264,__import__.medical_device_category_6840_24,,"在常规染色（如：HE染色）基础上进行免疫组织化学染色，为病理医师提供诊断的辅助信息，不得用于指导临床用药或伴随诊断。",,"Ⅰ"
medical_device_category_6840_24-24265,"肌动蛋白交联蛋白抗体试剂",6840-24-24265,__import__.medical_device_category_6840_24,,"在常规染色（如：HE染色）基础上进行免疫组织化学染色，为病理医师提供诊断的辅助信息，不得用于指导临床用药或伴随诊断。",,"Ⅰ"
medical_device_category_6840_24-24266,"肌红蛋白（Myoglobin）抗体试剂",6840-24-24266,__import__.medical_device_category_6840_24,,"在常规染色（如：HE染色）基础上进行免疫组织化学染色，为病理医师提供诊断的辅助信息，不得用于指导临床用药或伴随诊断。",,"Ⅰ"
medical_device_category_6840_24-24267,"肌浆蛋白（Myogenin）抗体试剂",6840-24-24267,__import__.medical_device_category_6840_24,,"在常规染色（如：HE染色）基础上进行免疫组织化学染色，为病理医师提供诊断的辅助信息，不得用于指导临床用药或伴随诊断。",,"Ⅰ"
medical_device_category_6840_24-24268,"肌营养不良蛋白1（DYS1）抗体试剂",6840-24-24268,__import__.medical_device_category_6840_24,,"在常规染色（如：HE染色）基础上进行免疫组织化学染色，为病理医师提供诊断的辅助信息，不得用于指导临床用药或伴随诊断。",,"Ⅰ"
medical_device_category_6840_24-24269,"肌营养不良蛋白2（DYS2）抗体试剂",6840-24-24269,__import__.medical_device_category_6840_24,,"在常规染色（如：HE染色）基础上进行免疫组织化学染色，为病理医师提供诊断的辅助信息，不得用于指导临床用药或伴随诊断。",,"Ⅰ"
medical_device_category_6840_24-24270,"肌营养不良蛋白3（DYS3）抗体试剂",6840-24-24270,__import__.medical_device_category_6840_24,,"在常规染色（如：HE染色）基础上进行免疫组织化学染色，为病理医师提供诊断的辅助信息，不得用于指导临床用药或伴随诊断。",,"Ⅰ"
medical_device_category_6840_24-24271,"肌营养不良蛋白α（DYSA）抗体试剂",6840-24-24271,__import__.medical_device_category_6840_24,,"在常规染色（如：HE染色）基础上进行免疫组织化学染色，为病理医师提供诊断的辅助信息，不得用于指导临床用药或伴随诊断。",,"Ⅰ"
medical_device_category_6840_24-24272,"肌营养不良蛋白β（DYSB）抗体试剂",6840-24-24272,__import__.medical_device_category_6840_24,,"在常规染色（如：HE染色）基础上进行免疫组织化学染色，为病理医师提供诊断的辅助信息，不得用于指导临床用药或伴随诊断。",,"Ⅰ"
medical_device_category_6840_24-24273,"甲胎蛋白（AFP）抗体试剂",6840-24-24273,__import__.medical_device_category_6840_24,,"在常规染色（如：HE染色）基础上进行免疫组织化学染色，为病理医师提供诊断的辅助信息，不得用于指导临床用药或伴随诊断。",,"Ⅰ"
medical_device_category_6840_24-24274,"甲状旁腺激素（PTH）抗体试剂",6840-24-24274,__import__.medical_device_category_6840_24,,"在常规染色（如：HE染色）基础上进行免疫组织化学染色，为病理医师提供诊断的辅助信息，不得用于指导临床用药或伴随诊断。",,"Ⅰ"
medical_device_category_6840_24-24275,"甲状腺过氧化物酶（TPO）抗体试剂",6840-24-24275,__import__.medical_device_category_6840_24,,"在常规染色（如：HE染色）基础上进行免疫组织化学染色，为病理医师提供诊断的辅助信息，不得用于指导临床用药或伴随诊断。",,"Ⅰ"
medical_device_category_6840_24-24276,"甲状腺球蛋白（Thyroglobulin，TG）抗体试剂",6840-24-24276,__import__.medical_device_category_6840_24,,"在常规染色（如：HE染色）基础上进行免疫组织化学染色，为病理医师提供诊断的辅助信息，不得用于指导临床用药或伴随诊断。",,"Ⅰ"
medical_device_category_6840_24-24277,"甲状腺转录因子-1（TTF-1）抗体试剂",6840-24-24277,__import__.medical_device_category_6840_24,,"在常规染色（如：HE染色）基础上进行免疫组织化学染色，为病理医师提供诊断的辅助信息，不得用于指导临床用药或伴随诊断。",,"Ⅰ"
medical_device_category_6840_24-24278,"间皮素蛋白（Mesothelin）抗体试剂",6840-24-24278,__import__.medical_device_category_6840_24,,"在常规染色（如：HE染色）基础上进行免疫组织化学染色，为病理医师提供诊断的辅助信息，不得用于指导临床用药或伴随诊断。",,"Ⅰ"
medical_device_category_6840_24-24279,"降钙素（Calcitonin）抗体试剂",6840-24-24279,__import__.medical_device_category_6840_24,,"在常规染色（如：HE染色）基础上进行免疫组织化学染色，为病理医师提供诊断的辅助信息，不得用于指导临床用药或伴随诊断。",,"Ⅰ"
medical_device_category_6840_24-24280,"胶质纤维酸性蛋白（GFAP）抗体试剂",6840-24-24280,__import__.medical_device_category_6840_24,,"在常规染色（如：HE染色）基础上进行免疫组织化学染色，为病理医师提供诊断的辅助信息，不得用于指导临床用药或伴随诊断。",,"Ⅰ"
medical_device_category_6840_24-24281,"窖蛋白-1（Caveolin-1）抗体试剂",6840-24-24281,__import__.medical_device_category_6840_24,,"在常规染色（如：HE染色）基础上进行免疫组织化学染色，为病理医师提供诊断的辅助信息，不得用于指导临床用药或伴随诊断。",,"Ⅰ"
medical_device_category_6840_24-24282,"结蛋白（Desmin）抗体试剂",6840-24-24282,__import__.medical_device_category_6840_24,,"在常规染色（如：HE染色）基础上进行免疫组织化学染色，为病理医师提供诊断的辅助信息，不得用于指导临床用药或伴随诊断。",,"Ⅰ"
medical_device_category_6840_24-24283,"紧密连接蛋白-1（Claudin-1）抗体试剂",6840-24-24283,__import__.medical_device_category_6840_24,,"在常规染色（如：HE染色）基础上进行免疫组织化学染色，为病理医师提供诊断的辅助信息，不得用于指导临床用药或伴随诊断。",,"Ⅰ"
medical_device_category_6840_24-24284,"紧密连接蛋白-18.2（Claudin-18.2）抗体试剂",6840-24-24284,__import__.medical_device_category_6840_24,,"在常规染色（如：HE染色）基础上进行免疫组织化学染色，为病理医师提供诊断的辅助信息，不得用于指导临床用药或伴随诊断。",,"Ⅰ"
medical_device_category_6840_24-24285,"紧密连接蛋白-3（Claudin-3）抗体试剂",6840-24-24285,__import__.medical_device_category_6840_24,,"在常规染色（如：HE染色）基础上进行免疫组织化学染色，为病理医师提供诊断的辅助信息，不得用于指导临床用药或伴随诊断。",,"Ⅰ"
medical_device_category_6840_24-24286,"紧密连接蛋白-4（Claudin-4）抗体试剂",6840-24-24286,__import__.medical_device_category_6840_24,,"在常规染色（如：HE染色）基础上进行免疫组织化学染色，为病理医师提供诊断的辅助信息，不得用于指导临床用药或伴随诊断。",,"Ⅰ"
medical_device_category_6840_24-24287,"紧密连接蛋白-7（Claudin-7）抗体试剂",6840-24-24287,__import__.medical_device_category_6840_24,,"在常规染色（如：HE染色）基础上进行免疫组织化学染色，为病理医师提供诊断的辅助信息，不得用于指导临床用药或伴随诊断。",,"Ⅰ"
medical_device_category_6840_24-24288,"精氨酸酶-1（Arginase-1）抗体试剂",6840-24-24288,__import__.medical_device_category_6840_24,,"在常规染色（如：HE染色）基础上进行免疫组织化学染色，为病理医师提供诊断的辅助信息，不得用于指导临床用药或伴随诊断。",,"Ⅰ"
medical_device_category_6840_24-24289,"巨噬细胞（Macrophage）抗体试剂",6840-24-24289,__import__.medical_device_category_6840_24,,"在常规染色（如：HE染色）基础上进行免疫组织化学染色，为病理医师提供诊断的辅助信息，不得用于指导临床用药或伴随诊断。",,"Ⅰ"
medical_device_category_6840_24-24290,"聚束蛋白（Fascin）抗体试剂",6840-24-24290,__import__.medical_device_category_6840_24,,"在常规染色（如：HE染色）基础上进行免疫组织化学染色，为病理医师提供诊断的辅助信息，不得用于指导临床用药或伴随诊断。",,"Ⅰ"
medical_device_category_6840_24-24291,"抗酒石酸酸性磷酸酶（TRACP）抗体试剂",6840-24-24291,__import__.medical_device_category_6840_24,,"在常规染色（如：HE染色）基础上进行免疫组织化学染色，为病理医师提供诊断的辅助信息，不得用于指导临床用药或伴随诊断。",,"Ⅰ"
medical_device_category_6840_24-24292,"抗平滑肌抗体（SMA）抗体试剂",6840-24-24292,__import__.medical_device_category_6840_24,,"在常规染色（如：HE染色）基础上进行免疫组织化学染色，为病理医师提供诊断的辅助信息，不得用于指导临床用药或伴随诊断。",,"Ⅰ"
medical_device_category_6840_24-24293,"平滑肌肌球蛋白（Smooth Muscle Myosin）抗体试剂",6840-24-24293,__import__.medical_device_category_6840_24,,"在常规染色（如：HE染色）基础上进行免疫组织化学染色，为病理医师提供诊断的辅助信息，不得用于指导临床用药或伴随诊断。",,"Ⅰ"
medical_device_category_6840_24-24294,"抗人端粒酶逆转录酶（h-TERT）蛋白抗体试剂",6840-24-24294,__import__.medical_device_category_6840_24,,"在常规染色（如：HE染色）基础上进行免疫组织化学染色，为病理医师提供诊断的辅助信息，不得用于指导临床用药或伴随诊断。",,"Ⅰ"
medical_device_category_6840_24-24295,"抗血栓调节蛋白抗体试剂",6840-24-24295,__import__.medical_device_category_6840_24,,"在常规染色（如：HE染色）基础上进行免疫组织化学染色，为病理医师提供诊断的辅助信息，不得用于指导临床用药或伴随诊断。",,"Ⅰ"
medical_device_category_6840_24-24296,"抗胰岛素样生长因子受体1抗体试剂",6840-24-24296,__import__.medical_device_category_6840_24,,"在常规染色（如：HE染色）基础上进行免疫组织化学染色，为病理医师提供诊断的辅助信息，不得用于指导临床用药或伴随诊断。",,"Ⅰ"
medical_device_category_6840_24-24297,"颗粒酶B（Granzyme B）抗体试剂",6840-24-24297,__import__.medical_device_category_6840_24,,"在常规染色（如：HE染色）基础上进行免疫组织化学染色，为病理医师提供诊断的辅助信息，不得用于指导临床用药或伴随诊断。",,"Ⅰ"
medical_device_category_6840_24-24298,"酪氨酸酶（Tyrosinase）抗体试剂",6840-24-24298,__import__.medical_device_category_6840_24,,"在常规染色（如：HE染色）基础上进行免疫组织化学染色，为病理医师提供诊断的辅助信息，不得用于指导临床用药或伴随诊断。",,"Ⅰ"
medical_device_category_6840_24-24299,"类固醇生成因子-1（SF-1）抗体试剂",6840-24-24299,__import__.medical_device_category_6840_24,,"在常规染色（如：HE染色）基础上进行免疫组织化学染色，为病理医师提供诊断的辅助信息，不得用于指导临床用药或伴随诊断。",,"Ⅰ"
medical_device_category_6840_24-24300,"类胰蛋白酶（Tryptase）抗体试剂",6840-24-24300,__import__.medical_device_category_6840_24,,"在常规染色（如：HE染色）基础上进行免疫组织化学染色，为病理医师提供诊断的辅助信息，不得用于指导临床用药或伴随诊断。",,"Ⅰ"
medical_device_category_6840_24-24301,"磷酸化组蛋白H3（PHH3）抗体试剂",6840-24-24301,__import__.medical_device_category_6840_24,,"在常规染色（如：HE染色）基础上进行免疫组织化学染色，为病理医师提供诊断的辅助信息，不得用于指导临床用药或伴随诊断。",,"Ⅰ"
medical_device_category_6840_24-24302,"膜联蛋白A1（Annexin A1）抗体试剂",6840-24-24302,__import__.medical_device_category_6840_24,,"在常规染色（如：HE染色）基础上进行免疫组织化学染色，为病理医师提供诊断的辅助信息，不得用于指导临床用药或伴随诊断。",,"Ⅰ"
medical_device_category_6840_24-24303,"凝血因子Ⅷ（FactorⅧ）受体抗体试剂",6840-24-24303,__import__.medical_device_category_6840_24,,"在常规染色（如：HE染色）基础上进行免疫组织化学染色，为病理医师提供诊断的辅助信息，不得用于指导临床用药或伴随诊断。",,"Ⅰ"
medical_device_category_6840_24-24304,"纽约食管鳞状细胞癌1（NY-ESO-1）抗体试剂",6840-24-24304,__import__.medical_device_category_6840_24,,"在常规染色（如：HE染色）基础上进行免疫组织化学染色，为病理医师提供诊断的辅助信息，不得用于指导临床用药或伴随诊断。",,"Ⅰ"
medical_device_category_6840_24-24305,"平足蛋白（Podoplanin）抗体试剂",6840-24-24305,__import__.medical_device_category_6840_24,,"在常规染色（如：HE染色）基础上进行免疫组织化学染色，为病理医师提供诊断的辅助信息，不得用于指导临床用药或伴随诊断。",,"Ⅰ"
medical_device_category_6840_24-24306,"前列腺癌相关蛋白P501S（P501S）抗体试剂",6840-24-24306,__import__.medical_device_category_6840_24,,"在常规染色（如：HE染色）基础上进行免疫组织化学染色，为病理医师提供诊断的辅助信息，不得用于指导临床用药或伴随诊断。",,"Ⅰ"
medical_device_category_6840_24-24307,"前列腺干细胞抗原（PSCA）抗体试剂",6840-24-24307,__import__.medical_device_category_6840_24,,"在常规染色（如：HE染色）基础上进行免疫组织化学染色，为病理医师提供诊断的辅助信息，不得用于指导临床用药或伴随诊断。",,"Ⅰ"
medical_device_category_6840_24-24308,"前列腺酸性磷酸酶（PAP）抗体试剂",6840-24-24308,__import__.medical_device_category_6840_24,,"在常规染色（如：HE染色）基础上进行免疫组织化学染色，为病理医师提供诊断的辅助信息，不得用于指导临床用药或伴随诊断。",,"Ⅰ"
medical_device_category_6840_24-24309,"桥粒芯蛋白3（DSG3）抗体试剂",6840-24-24309,__import__.medical_device_category_6840_24,,"在常规染色（如：HE染色）基础上进行免疫组织化学染色，为病理医师提供诊断的辅助信息，不得用于指导临床用药或伴随诊断。",,"Ⅰ"
medical_device_category_6840_24-24310,"热休克蛋白70（HSP70）抗体试剂",6840-24-24310,__import__.medical_device_category_6840_24,,"在常规染色（如：HE染色）基础上进行免疫组织化学染色，为病理医师提供诊断的辅助信息，不得用于指导临床用药或伴随诊断。",,"Ⅰ"
medical_device_category_6840_24-24311,"促黄体生成素（LH）抗体试剂",6840-24-24311,__import__.medical_device_category_6840_24,,"在常规染色（如：HE染色）基础上进行免疫组织化学染色，为病理医师提供诊断的辅助信息，不得用于指导临床用药或伴随诊断。",,"Ⅰ"
medical_device_category_6840_24-24312,"促黄体生成素β亚基（β-LH）抗体试剂",6840-24-24312,__import__.medical_device_category_6840_24,,"在常规染色（如：HE染色）基础上进行免疫组织化学染色，为病理医师提供诊断的辅助信息，不得用于指导临床用药或伴随诊断。",,"Ⅰ"
medical_device_category_6840_24-24313,"促卵泡生成素β亚基（β-FSH）抗体试剂",6840-24-24313,__import__.medical_device_category_6840_24,,"在常规染色（如：HE染色）基础上进行免疫组织化学染色，为病理医师提供诊断的辅助信息，不得用于指导临床用药或伴随诊断。",,"Ⅰ"
medical_device_category_6840_24-24314,"促卵泡生成素（FSH）抗体试剂",6840-24-24314,__import__.medical_device_category_6840_24,,"在常规染色（如：HE染色）基础上进行免疫组织化学染色，为病理医师提供诊断的辅助信息，不得用于指导临床用药或伴随诊断。",,"Ⅰ"
medical_device_category_6840_24-24315,"人胎盘泌乳素（Human Placental Lactogen，HPL）抗体试剂",6840-24-24315,__import__.medical_device_category_6840_24,,"在常规染色（如：HE染色）基础上进行免疫组织化学染色，为病理医师提供诊断的辅助信息，不得用于指导临床用药或伴随诊断。",,"Ⅰ"
medical_device_category_6840_24-24316,"FLI-1抗体试剂",6840-24-24316,__import__.medical_device_category_6840_24,,"在常规染色（如：HE染色）基础上进行免疫组织化学染色，为医师提供诊断的辅助信息，不得用于指导临床用药或伴随诊断。",,"Ⅰ"
medical_device_category_6840_24-24317,"人附睾蛋白4（HE4）抗体试剂",6840-24-24317,__import__.medical_device_category_6840_24,,"在常规染色（如：HE染色）基础上进行免疫组织化学染色，为病理医师提供诊断的辅助信息，不得用于指导临床用药或伴随诊断。",,"Ⅰ"
medical_device_category_6840_24-24318,"人疱疹病毒8型（HHV-8）抗体试剂",6840-24-24318,__import__.medical_device_category_6840_24,,"在常规染色（如：HE染色）基础上进行免疫组织化学染色，为病理医师提供诊断的辅助信息，不得用于指导临床用药或伴随诊断。",,"Ⅰ"
medical_device_category_6840_24-24319,"人绒毛膜促性腺激素（HCG）抗体试剂",6840-24-24319,__import__.medical_device_category_6840_24,,"在常规染色（如：HE染色）基础上进行免疫组织化学染色，为病理医师提供诊断的辅助信息，不得用于指导临床用药或伴随诊断。",,"Ⅰ"
medical_device_category_6840_24-24320,"人乳脂肪球膜蛋白（MFG1）抗体试剂",6840-24-24320,__import__.medical_device_category_6840_24,,"在常规染色（如：HE染色）基础上进行免疫组织化学染色，为病理医师提供诊断的辅助信息，不得用于指导临床用药或伴随诊断。",,"Ⅰ"
medical_device_category_6840_24-24321,"生长激素抗体试剂",6840-24-24321,__import__.medical_device_category_6840_24,,"在常规染色（如：HE染色）基础上进行免疫组织化学染色，为病理医师提供诊断的辅助信息，不得用于指导临床用药或伴随诊断。",,"Ⅰ"
medical_device_category_6840_24-24322,"生长抑素（Somatostatin）抗体试剂",6840-24-24322,__import__.medical_device_category_6840_24,,"在常规染色（如：HE染色）基础上进行免疫组织化学染色，为病理医师提供诊断的辅助信息，不得用于指导临床用药或伴随诊断。",,"Ⅰ"
medical_device_category_6840_24-24323,"人糖蛋白激素α亚基（hCG-α）抗体试剂",6840-24-24323,__import__.medical_device_category_6840_24,,"在常规染色（如：HE染色）基础上进行免疫组织化学染色，为病理医师提供诊断的辅助信息，不得用于指导临床用药或伴随诊断。",,"Ⅰ"
medical_device_category_6840_24-24324,"绒毛蛋白（Villin）抗体试剂",6840-24-24324,__import__.medical_device_category_6840_24,,"在常规染色（如：HE染色）基础上进行免疫组织化学染色，为病理医师提供诊断的辅助信息，不得用于指导临床用药或伴随诊断。",,"Ⅰ"
medical_device_category_6840_24-24325,"溶菌酶（Lysozyme）抗体试剂",6840-24-24325,__import__.medical_device_category_6840_24,,"在常规染色（如：HE染色）基础上进行免疫组织化学染色，为病理医师提供诊断的辅助信息，不得用于指导临床用药或伴随诊断。",,"Ⅰ"
medical_device_category_6840_24-24326,"乳腺珠蛋白（Mammaglobin）抗体试剂",6840-24-24326,__import__.medical_device_category_6840_24,,"在常规染色（如：HE染色）基础上进行免疫组织化学染色，为病理医师提供诊断的辅助信息，不得用于指导临床用药或伴随诊断。",,"Ⅰ"
medical_device_category_6840_24-24327,"神经核抗原（NeuN）抗体试剂",6840-24-24327,__import__.medical_device_category_6840_24,,"在常规染色（如：HE染色）基础上进行免疫组织化学染色，为病理医师提供诊断的辅助信息，不得用于指导临床用药或伴随诊断。",,"Ⅰ"
medical_device_category_6840_24-24328,"神经生长因子受体（NGFR）抗体试剂",6840-24-24328,__import__.medical_device_category_6840_24,,"在常规染色（如：HE染色）基础上进行免疫组织化学染色，为病理医师提供诊断的辅助信息，不得用于指导临床用药或伴随诊断。",,"Ⅰ"
medical_device_category_6840_24-24329,"神经丝蛋白（Neurofilament）抗体试剂",6840-24-24329,__import__.medical_device_category_6840_24,,"在常规染色（如：HE染色）基础上进行免疫组织化学染色，为病理医师提供诊断的辅助信息，不得用于指导临床用药或伴随诊断。",,"Ⅰ"
medical_device_category_6840_24-24330,"神经原烯醇化酶（NSE）抗体试剂",6840-24-24330,__import__.medical_device_category_6840_24,,"在常规染色（如：HE染色）基础上进行免疫组织化学染色，为病理医师提供诊断的辅助信息，不得用于指导临床用药或伴随诊断。",,"Ⅰ"
medical_device_category_6840_24-24331,"肾细胞癌标志物（Renal Cell Carcinoma Marker）抗体试剂",6840-24-24331,__import__.medical_device_category_6840_24,,"在常规染色（如：HE染色）基础上进行免疫组织化学染色，为病理医师提供诊断的辅助信息，不得用于指导临床用药或伴随诊断。",,"Ⅰ"
medical_device_category_6840_24-24332,"生长激素因子-1（PIT-1）抗体试剂",6840-24-24332,__import__.medical_device_category_6840_24,,"在常规染色（如：HE染色）基础上进行免疫组织化学染色，为病理医师提供诊断的辅助信息，不得用于指导临床用药或伴随诊断。",,"Ⅰ"
medical_device_category_6840_24-24333,"嗜铬粒蛋白A（Chromogranin A）抗体试剂",6840-24-24333,__import__.medical_device_category_6840_24,,"在常规染色（如：HE染色）基础上进行免疫组织化学染色，为病理医师提供诊断的辅助信息，不得用于指导临床用药或伴随诊断。",,"Ⅰ"
medical_device_category_6840_24-24334,"丝聚蛋白-1（Filaggrin-1）抗体试剂",6840-24-24334,__import__.medical_device_category_6840_24,,"在常规染色（如：HE染色）基础上进行免疫组织化学染色，为病理医师提供诊断的辅助信息，不得用于指导临床用药或伴随诊断。",,"Ⅰ"
medical_device_category_6840_24-24335,"髓过氧化物酶（MPO）抗体试剂",6840-24-24335,__import__.medical_device_category_6840_24,,"在常规染色（如：HE染色）基础上进行免疫组织化学染色，为病理医师提供诊断的辅助信息，不得用于指导临床用药或伴随诊断。",,"Ⅰ"
medical_device_category_6840_24-24336,"髓鞘碱性蛋白（MBP）抗体试剂",6840-24-24336,__import__.medical_device_category_6840_24,,"在常规染色（如：HE染色）基础上进行免疫组织化学染色，为病理医师提供诊断的辅助信息，不得用于指导临床用药或伴随诊断。",,"Ⅰ"
medical_device_category_6840_24-24337,"碳酸酐酶9（CA IX）抗体试剂",6840-24-24337,__import__.medical_device_category_6840_24,,"在常规染色（如：HE染色）基础上进行免疫组织化学染色，为病理医师提供诊断的辅助信息，不得用于指导临床用药或伴随诊断。",,"Ⅰ"
medical_device_category_6840_24-24338,"糖蛋白P（P-Glycoprotein）抗体试剂",6840-24-24338,__import__.medical_device_category_6840_24,,"在常规染色（如：HE染色）基础上进行免疫组织化学染色，为病理医师提供诊断的辅助信息，不得用于指导临床用药或伴随诊断。",,"Ⅰ"
medical_device_category_6840_24-24339,"天冬氨酸蛋白酶（Napsin A）抗体试剂",6840-24-24339,__import__.medical_device_category_6840_24,,"在常规染色（如：HE染色）基础上进行免疫组织化学染色，为病理医师提供诊断的辅助信息，不得用于指导临床用药或伴随诊断。",,"Ⅰ"
medical_device_category_6840_24-24340,"同种异体移植炎症因子1（AIF1）抗体试剂",6840-24-24340,__import__.medical_device_category_6840_24,,"在常规染色（如：HE染色）基础上进行免疫组织化学染色，为病理医师提供诊断的辅助信息，不得用于指导临床用药或伴随诊断。",,"Ⅰ"
medical_device_category_6840_24-24341,"突触素（Synaptophysin）抗体试剂",6840-24-24341,__import__.medical_device_category_6840_24,,"在常规染色（如：HE染色）基础上进行免疫组织化学染色，为病理医师提供诊断的辅助信息，不得用于指导临床用药或伴随诊断。",,"Ⅰ"
medical_device_category_6840_24-24342,"微管蛋白β（Tubulin-β）抗体试剂",6840-24-24342,__import__.medical_device_category_6840_24,,"在常规染色（如：HE染色）基础上进行免疫组织化学染色，为病理医师提供诊断的辅助信息，不得用于指导临床用药或伴随诊断。",,"Ⅰ"
medical_device_category_6840_24-24343,"微管解聚蛋白（Stathmin）抗体试剂",6840-24-24343,__import__.medical_device_category_6840_24,,"在常规染色（如：HE染色）基础上进行免疫组织化学染色，为病理医师提供诊断的辅助信息，不得用于指导临床用药或伴随诊断。",,"Ⅰ"
medical_device_category_6840_24-24344,"微小染色体维持蛋白2（MCM2）抗体试剂",6840-24-24344,__import__.medical_device_category_6840_24,,"在常规染色（如：HE染色）基础上进行免疫组织化学染色，为病理医师提供诊断的辅助信息，不得用于指导临床用药或伴随诊断。",,"Ⅰ"
medical_device_category_6840_24-24345,"胃泌素（Gastrin）抗体试剂",6840-24-24345,__import__.medical_device_category_6840_24,,"在常规染色（如：HE染色）基础上进行免疫组织化学染色，为病理医师提供诊断的辅助信息，不得用于指导临床用药或伴随诊断。",,"Ⅰ"
medical_device_category_6840_24-24346,"细胞角蛋白CK34Betaβ E（高分子量）抗体试剂",6840-24-24346,__import__.medical_device_category_6840_24,,"在常规染色（如：HE染色）基础上进行免疫组织化学染色，为病理医师提供诊断的辅助信息，不得用于指导临床用药或伴随诊断。",,"Ⅰ"
medical_device_category_6840_24-24347,"细胞角蛋白（低分子量）抗体试剂",6840-24-24347,__import__.medical_device_category_6840_24,,"在常规染色（如：HE染色）基础上进行免疫组织化学染色，为病理医师提供诊断的辅助信息，不得用于指导临床用药或伴随诊断。",,"Ⅰ"
medical_device_category_6840_24-24348,"细胞角蛋白（高分子量）抗体试剂",6840-24-24348,__import__.medical_device_category_6840_24,,"在常规染色（如：HE染色）基础上进行免疫组织化学染色，为病理医师提供诊断的辅助信息，不得用于指导临床用药或伴随诊断。",,"Ⅰ"
medical_device_category_6840_24-24349,"细胞角蛋白（广谱）抗体试剂",6840-24-24349,__import__.medical_device_category_6840_24,,"在常规染色（如：HE染色）基础上进行免疫组织化学染色，为病理医师提供诊断的辅助信息，不得用于指导临床用药或伴随诊断。",,"Ⅰ"
medical_device_category_6840_24-24350,"滋养层细胞表面抗原2（TROP2）抗体试剂",6840-24-24350,__import__.medical_device_category_6840_24,,"在常规染色（如：HE染色）基础上进行免疫组织化学染色，为病理医师提供诊断的辅助信息，不得用于指导临床用药或伴随诊断。",,"Ⅰ"
medical_device_category_6840_24-24351,"肌球蛋白轻链2（Myosin Light Chain2）抗体试剂",6840-24-24351,__import__.medical_device_category_6840_24,,"在常规染色（如：HE染色）基础上进行免疫组织化学染色，为病理医师提供诊断的辅助信息，不得用于指导临床用药或伴随诊断。",,"Ⅰ"
medical_device_category_6840_24-24352,"重链铁蛋白（Ferritin HC）抗体试剂",6840-24-24352,__import__.medical_device_category_6840_24,,"在常规染色（如：HE染色）基础上进行免疫组织化学染色，为病理医师提供诊断的辅助信息，不得用于指导临床用药或伴随诊断。",,"Ⅰ"
medical_device_category_6840_24-24353,"人疱疹病毒4型（EBV）抗体试剂",6840-24-24353,__import__.medical_device_category_6840_24,,"在常规染色（如：HE染色）基础上进行免疫组织化学染色，为病理医师提供诊断的辅助信息，不得用于指导临床用药或伴随诊断。",,"Ⅰ"
medical_device_category_6840_24-24354,"γ-肌聚糖蛋白（Gamma Sarcoglycan）抗体试剂",6840-24-24354,__import__.medical_device_category_6840_24,,"在常规染色（如：HE染色）基础上进行免疫组织化学染色，为病理医师提供诊断的辅助信息，不得用于指导临床用药或伴随诊断。",,"Ⅰ"
medical_device_category_6840_24-24355,"抗广谱原肌球蛋白受体激酶（TRK）抗体试剂",6840-24-24355,__import__.medical_device_category_6840_24,,"在常规染色（如：HE染色）基础上进行免疫组织化学染色，为病理医师提供诊断的辅助信息，不得用于指导临床用药或伴随诊断。",,"Ⅰ"
medical_device_category_6840_24-24356,"基质重塑相关蛋白8（Mxra8）抗体试剂",6840-24-24356,__import__.medical_device_category_6840_24,,"在常规染色（如：HE染色）基础上进行免疫组织化学染色，为病理医师提供诊断的辅助信息，不得用于指导临床用药或伴随诊断。",,"Ⅰ"
medical_device_category_6840_24-24357,"肺表面活性蛋白A（Surfactant Protein A）抗体试剂",6840-24-24357,__import__.medical_device_category_6840_24,,"在常规染色（如：HE染色）基础上进行免疫组织化学染色，为病理医师提供诊断的辅助信息，不得用于指导临床用药或伴随诊断。",,"Ⅰ"
medical_device_category_6840_24-24358,"Uroplakin Ⅱ抗体试剂",6840-24-24358,__import__.medical_device_category_6840_24,,"在常规染色（如：HE染色）基础上进行免疫组织化学染色，为病理医师提供诊断的辅助信息，不得用于指导临床用药或伴随诊断。",,"Ⅰ"
medical_device_category_6840_24-24359,"Uroplakin Ⅲ抗体试剂",6840-24-24359,__import__.medical_device_category_6840_24,,"在常规染色（如：HE染色）基础上进行免疫组织化学染色，为病理医师提供诊断的辅助信息，不得用于指导临床用药或伴随诊断。",,"Ⅰ"
medical_device_category_6840_24-24360,"髓样/组织细胞抗原（Myeloid/Histiocyte Antigen，MHA）抗体试剂",6840-24-24360,__import__.medical_device_category_6840_24,,"在常规染色（如：HE染色）基础上进行免疫组织化学染色，为病理医师提供诊断的辅助信息，不得用于指导临床用药或伴随诊断。",,"Ⅰ"
medical_device_category_6840_24-24361,"肌球蛋白重链（Myosin Heavy Chain）抗体试剂",6840-24-24361,__import__.medical_device_category_6840_24,,"在常规染色（如：HE染色）基础上进行免疫组织化学染色，为病理医师提供诊断的辅助信息，不得用于指导临床用药或伴随诊断。",,"Ⅰ"
medical_device_category_6840_24-24362,"生长抑素受体2（SSTR 2）抗体试剂",6840-24-24362,__import__.medical_device_category_6840_24,,"在常规染色（如：HE染色）基础上进行免疫组织化学染色，为病理医师提供诊断的辅助信息，不得用于指导临床用药或伴随诊断。",,"Ⅰ"
medical_device_category_6840_24-24363,"I型胶原（Collagen Type I）抗体试剂",6840-24-24363,__import__.medical_device_category_6840_24,,"在常规染色（如：HE染色）基础上进行免疫组织化学染色，为病理医师提供诊断的辅助信息，不得用于指导临床用药或伴随诊断。",,"Ⅰ"
medical_device_category_6840_24-24364,"连接蛋白43（Connexin 43，Cx43）抗体试剂",6840-24-24364,__import__.medical_device_category_6840_24,,"在常规染色（如：HE染色）基础上进行免疫组织化学染色，为病理医师提供诊断的辅助信息，不得用于指导临床用药或伴随诊断。",,"Ⅰ"
medical_device_category_6840_24-24365,"Factor XⅢ A抗体试剂",6840-24-24365,__import__.medical_device_category_6840_24,,"在常规染色（如：HE染色）基础上进行免疫组织化学染色，为病理医师提供诊断的辅助信息，不得用于指导临床用药或伴随诊断。",,"Ⅰ"
medical_device_category_6840_24-24366,"热休克蛋白27（HSP27）抗体试剂",6840-24-24366,__import__.medical_device_category_6840_24,,"在常规染色（如：HE染色）基础上进行免疫组织化学染色，为病理医师提供诊断的辅助信息，不得用于指导临床用药或伴随诊断。",,"Ⅰ"
medical_device_category_6840_24-24367,"骨骼肌肌球蛋白（Skeletal Myosin）抗体试剂",6840-24-24367,__import__.medical_device_category_6840_24,,"在常规染色（如：HE染色）基础上进行免疫组织化学染色，为病理医师提供诊断的辅助信息，不得用于指导临床用药或伴随诊断。",,"Ⅰ"
medical_device_category_6840_24-24368,"T细胞受体抗原β F1（TCRβ F1）抗体试剂",6840-24-24368,__import__.medical_device_category_6840_24,,"在常规染色（如：HE染色）基础上进行免疫组织化学染色，为病理医师提供诊断的辅助信息，不得用于指导临床用药或伴随诊断。",,"Ⅰ"
medical_device_category_6840_24-24369,"胸苷酸合成酶（Thymidylate Synthase，TS）抗体试剂",6840-24-24369,__import__.medical_device_category_6840_24,,"在常规染色（如：HE染色）基础上进行免疫组织化学染色，为病理医师提供诊断的辅助信息，不得用于指导临床用药或伴随诊断。",,"Ⅰ"
medical_device_category_6840_24-24370,"肌钙蛋白-T（Troponin T）抗体试剂",6840-24-24370,__import__.medical_device_category_6840_24,,"在常规染色（如：HE染色）基础上进行免疫组织化学染色，为病理医师提供诊断的辅助信息，不得用于指导临床用药或伴随诊断。",,"Ⅰ"
medical_device_category_6840_24-24371,"乙型肝炎病毒表面抗原（HBsAg） 抗体试剂",6840-24-24371,__import__.medical_device_category_6840_24,,"在常规染色（如：HE染色）基础上进行免疫组织化学染色，为病理医师提供诊断的辅助信息，不得用于指导临床用药或伴随诊断。",,"Ⅰ"
medical_device_category_6840_24-24372,"基质金属蛋白酶-9（MMP-9）抗体试剂",6840-24-24372,__import__.medical_device_category_6840_24,,"在常规染色（如：HE染色）基础上进行免疫组织化学染色，为病理医师提供诊断的辅助信息，不得用于指导临床用药或伴随诊断。",,"Ⅰ"
medical_device_category_6840_24-24373,"钙黏附蛋白17（Cadherin 17）抗体试剂",6840-24-24373,__import__.medical_device_category_6840_24,,"在常规染色（如：HE染色）基础上进行免疫组织化学染色，为病理医师提供诊断的辅助信息，不得用于指导临床用药或伴随诊断。",,"Ⅰ"
medical_device_category_6840_24-24374,"CD44v6抗体试剂",6840-24-24374,__import__.medical_device_category_6840_24,,"在常规染色（如：HE染色）基础上进行免疫组织化学染色，为病理医师提供诊断的辅助信息，不得用于指导临床用药或伴随诊断。",,"Ⅰ"
medical_device_category_6840_24-24375,"ARID1A抗体试剂",6840-24-24375,__import__.medical_device_category_6840_24,,"在常规染色（如：HE染色）基础上进行免疫组织化学染色，为病理医师提供诊断的辅助信息，不得用于指导临床用药或伴随诊断。",,"Ⅰ"
medical_device_category_6840_24-24376,"NKX6.1抗体试剂",6840-24-24376,__import__.medical_device_category_6840_24,,"在常规染色（如：HE染色）基础上进行免疫组织化学染色，为病理医师提供诊断的辅助信息，不得用于指导临床用药或伴随诊断。",,"Ⅰ"
medical_device_category_6840_24-24377,"ETV4抗体试剂",6840-24-24377,__import__.medical_device_category_6840_24,,"在常规染色（如：HE染色）基础上进行免疫组织化学染色，为病理医师提供诊断的辅助信息，不得用于指导临床用药或伴随诊断。",,"Ⅰ"
medical_device_category_6840_24-24378,"SMARCA2（BRM）抗体试剂",6840-24-24378,__import__.medical_device_category_6840_24,,"在常规染色（如：HE染色）基础上进行免疫组织化学染色，为病理医师提供诊断的辅助信息，不得用于指导临床用药或伴随诊断。",,"Ⅰ"
medical_device_category_6840_24-24379,"HSD3B1抗体试剂",6840-24-24379,__import__.medical_device_category_6840_24,,"在常规染色（如：HE染色）基础上进行免疫组织化学染色，为病理医师提供诊断的辅助信息，不得用于指导临床用药或伴随诊断。",,"Ⅰ"
medical_device_category_6840_24-24380,"PRDM10抗体试剂",6840-24-24380,__import__.medical_device_category_6840_24,,"在常规染色（如：HE染色）基础上进行免疫组织化学染色，为病理医师提供诊断的辅助信息，不得用于指导临床用药或伴随诊断。",,"Ⅰ"
medical_device_category_6840_24-24381,"细胞角蛋白4（CK4）抗体试剂",6840-24-24381,__import__.medical_device_category_6840_24,,"在常规染色（如：HE染色）基础上进行免疫组织化学染色，为病理医师提供诊断的辅助信息，不得用于指导临床用药或伴随诊断。",,"Ⅰ"
medical_device_category_6840_24-24382,"细胞角蛋白10（CK10）抗体试剂",6840-24-24382,__import__.medical_device_category_6840_24,,"在常规染色（如：HE染色）基础上进行免疫组织化学染色，为病理医师提供诊断的辅助信息，不得用于指导临床用药或伴随诊断。",,"Ⅰ"
medical_device_category_6840_24-24383,"细胞角蛋白13（CK13）抗体试剂",6840-24-24383,__import__.medical_device_category_6840_24,,"在常规染色（如：HE染色）基础上进行免疫组织化学染色，为病理医师提供诊断的辅助信息，不得用于指导临床用药或伴随诊断。",,"Ⅰ"
medical_device_category_6840_24-24384,"细胞角蛋白14（CK14）抗体试剂",6840-24-24384,__import__.medical_device_category_6840_24,,"在常规染色（如：HE染色）基础上进行免疫组织化学染色，为病理医师提供诊断的辅助信息，不得用于指导临床用药或伴随诊断。",,"Ⅰ"
medical_device_category_6840_24-24385,"细胞角蛋白16（CK16）抗体试剂",6840-24-24385,__import__.medical_device_category_6840_24,,"在常规染色（如：HE染色）基础上进行免疫组织化学染色，为病理医师提供诊断的辅助信息，不得用于指导临床用药或伴随诊断。",,"Ⅰ"
medical_device_category_6840_24-24386,"细胞角蛋白17（CK17）抗体试剂",6840-24-24386,__import__.medical_device_category_6840_24,,"在常规染色（如：HE染色）基础上进行免疫组织化学染色，为病理医师提供诊断的辅助信息，不得用于指导临床用药或伴随诊断。",,"Ⅰ"
medical_device_category_6840_24-24387,"细胞角蛋白18（CK18）抗体试剂",6840-24-24387,__import__.medical_device_category_6840_24,,"在常规染色（如：HE染色）基础上进行免疫组织化学染色，为病理医师提供诊断的辅助信息，不得用于指导临床用药或伴随诊断。",,"Ⅰ"
medical_device_category_6840_24-24388,"细胞角蛋白19（CK19）抗体试剂",6840-24-24388,__import__.medical_device_category_6840_24,,"在常规染色（如：HE染色）基础上进行免疫组织化学染色，为病理医师提供诊断的辅助信息，不得用于指导临床用药或伴随诊断。",,"Ⅰ"
medical_device_category_6840_24-24389,"细胞角蛋白20（CK20）抗体试剂",6840-24-24389,__import__.medical_device_category_6840_24,,"在常规染色（如：HE染色）基础上进行免疫组织化学染色，为病理医师提供诊断的辅助信息，不得用于指导临床用药或伴随诊断。",,"Ⅰ"
medical_device_category_6840_24-24390,"细胞角蛋白5/14抗体试剂",6840-24-24390,__import__.medical_device_category_6840_24,,"在常规染色（如：HE染色）基础上进行免疫组织化学染色，为病理医师提供诊断的辅助信息，不得用于指导临床用药或伴随诊断。",,"Ⅰ"
medical_device_category_6840_24-24391,"细胞角蛋白5/6抗体试剂",6840-24-24391,__import__.medical_device_category_6840_24,,"在常规染色（如：HE染色）基础上进行免疫组织化学染色，为病理医师提供诊断的辅助信息，不得用于指导临床用药或伴随诊断。",,"Ⅰ"
medical_device_category_6840_24-24392,"细胞角蛋白5（CK5）抗体试剂",6840-24-24392,__import__.medical_device_category_6840_24,,"在常规染色（如：HE染色）基础上进行免疫组织化学染色，为病理医师提供诊断的辅助信息，不得用于指导临床用药或伴随诊断。",,"Ⅰ"
medical_device_category_6840_24-24393,"细胞角蛋白6（CK6）抗体试剂",6840-24-24393,__import__.medical_device_category_6840_24,,"在常规染色（如：HE染色）基础上进行免疫组织化学染色，为病理医师提供诊断的辅助信息，不得用于指导临床用药或伴随诊断。",,"Ⅰ"
medical_device_category_6840_24-24394,"细胞角蛋白7（CK7）抗体试剂",6840-24-24394,__import__.medical_device_category_6840_24,,"在常规染色（如：HE染色）基础上进行免疫组织化学染色，为病理医师提供诊断的辅助信息，不得用于指导临床用药或伴随诊断。",,"Ⅰ"
medical_device_category_6840_24-24395,"细胞角蛋白8/18抗体试剂",6840-24-24395,__import__.medical_device_category_6840_24,,"在常规染色（如：HE染色）基础上进行免疫组织化学染色，为病理医师提供诊断的辅助信息，不得用于指导临床用药或伴随诊断。",,"Ⅰ"
medical_device_category_6840_24-24396,"细胞角蛋白8（CK8）抗体试剂",6840-24-24396,__import__.medical_device_category_6840_24,,"在常规染色（如：HE染色）基础上进行免疫组织化学染色，为病理医师提供诊断的辅助信息，不得用于指导临床用药或伴随诊断。",,"Ⅰ"
medical_device_category_6840_24-24397,"细胞角蛋白CAM5.2抗体试剂",6840-24-24397,__import__.medical_device_category_6840_24,,"在常规染色（如：HE染色）基础上进行免疫组织化学染色，为病理医师提供诊断的辅助信息，不得用于指导临床用药或伴随诊断。",,"Ⅰ"
medical_device_category_6840_24-24398,"细胞周期蛋白（Cyclin）D1蛋白抗体试剂",6840-24-24398,__import__.medical_device_category_6840_24,,"在常规染色（如：HE染色）基础上进行免疫组织化学染色，为病理医师提供诊断的辅助信息，不得用于指导临床用药或伴随诊断。",,"Ⅰ"
medical_device_category_6840_24-24399,"细胞周期蛋白E抗体试剂",6840-24-24399,__import__.medical_device_category_6840_24,,"在常规染色（如：HE染色）基础上进行免疫组织化学染色，为病理医师提供诊断的辅助信息，不得用于指导临床用药或伴随诊断。",,"Ⅰ"
medical_device_category_6840_24-24400,"细胞周期蛋白依赖性激酶4（CDK4）抗体试剂",6840-24-24400,__import__.medical_device_category_6840_24,,"在常规染色（如：HE染色）基础上进行免疫组织化学染色，为病理医师提供诊断的辅助信息，不得用于指导临床用药或伴随诊断。",,"Ⅰ"
medical_device_category_6840_24-24401,"纤维蛋白原（Fibrinogen）抗体试剂",6840-24-24401,__import__.medical_device_category_6840_24,,"在常规染色（如：HE染色）基础上进行免疫组织化学染色，为病理医师提供诊断的辅助信息，不得用于指导临床用药或伴随诊断。",,"Ⅰ"
medical_device_category_6840_24-24402,"纤维连接蛋白（Fibronectin）抗体试剂",6840-24-24402,__import__.medical_device_category_6840_24,,"在常规染色（如：HE染色）基础上进行免疫组织化学染色，为病理医师提供诊断的辅助信息，不得用于指导临床用药或伴随诊断。",,"Ⅰ"
medical_device_category_6840_24-24403,"腺病毒（Adenovirus）抗体试剂",6840-24-24403,__import__.medical_device_category_6840_24,,"在常规染色（如：HE染色）基础上进行免疫组织化学染色，为病理医师提供诊断的辅助信息，不得用于指导临床用药或伴随诊断。",,"Ⅰ"
medical_device_category_6840_24-24404,"小眼相关转录因子（MiTF）抗体试剂",6840-24-24404,__import__.medical_device_category_6840_24,,"在常规染色（如：HE染色）基础上进行免疫组织化学染色，为病理医师提供诊断的辅助信息，不得用于指导临床用药或伴随诊断。",,"Ⅰ"
medical_device_category_6840_24-24405,"胸苷激酶1抗体试剂",6840-24-24405,__import__.medical_device_category_6840_24,,"在常规染色（如：HE染色）基础上进行免疫组织化学染色，为病理医师提供诊断的辅助信息，不得用于指导临床用药或伴随诊断。",,"Ⅰ"
medical_device_category_6840_24-24406,"胸苷磷酸化酶（TP）抗体试剂",6840-24-24406,__import__.medical_device_category_6840_24,,"在常规染色（如：HE染色）基础上进行免疫组织化学染色，为病理医师提供诊断的辅助信息，不得用于指导临床用药或伴随诊断。",,"Ⅰ"
medical_device_category_6840_24-24407,"雄激素受体（AR）抗体试剂",6840-24-24407,__import__.medical_device_category_6840_24,,"在常规染色（如：HE染色）基础上进行免疫组织化学染色，为病理医师提供诊断的辅助信息，不得用于指导临床用药或伴随诊断。",,"Ⅰ"
medical_device_category_6840_24-24408,"雄激素受体剪切变异体7（AR-V7）抗体试剂",6840-24-24408,__import__.medical_device_category_6840_24,,"在常规染色（如：HE染色）基础上进行免疫组织化学染色，为病理医师提供诊断的辅助信息，不得用于指导临床用药或伴随诊断。",,"Ⅰ"
medical_device_category_6840_24-24409,"血管活性肠多肽（VIP）抗体试剂",6840-24-24409,__import__.medical_device_category_6840_24,,"在常规染色（如：HE染色）基础上进行免疫组织化学染色，为病理医师提供诊断的辅助信息，不得用于指导临床用药或伴随诊断。",,"Ⅰ"
medical_device_category_6840_24-24410,"血管内皮生长因子（VEGF）抗体试剂",6840-24-24410,__import__.medical_device_category_6840_24,,"在常规染色（如：HE染色）基础上进行免疫组织化学染色，为病理医师提供诊断的辅助信息，不得用于指导临床用药或伴随诊断。",,"Ⅰ"
medical_device_category_6840_24-24411,"血管内皮生长因子受体2（VEGFR2）抗体试剂",6840-24-24411,__import__.medical_device_category_6840_24,,"在常规染色（如：HE染色）基础上进行免疫组织化学染色，为病理医师提供诊断的辅助信息，不得用于指导临床用药或伴随诊断。",,"Ⅰ"
medical_device_category_6840_24-24412,"血管内皮生长因子受体3（VEGFR3）抗体试剂",6840-24-24412,__import__.medical_device_category_6840_24,,"在常规染色（如：HE染色）基础上进行免疫组织化学染色，为病理医师提供诊断的辅助信息，不得用于指导临床用药或伴随诊断。",,"Ⅰ"
medical_device_category_6840_24-24413,"血管性血友病因子（vWF）抗体试剂",6840-24-24413,__import__.medical_device_category_6840_24,,"在常规染色（如：HE染色）基础上进行免疫组织化学染色，为病理医师提供诊断的辅助信息，不得用于指导临床用药或伴随诊断。",,"Ⅰ"
medical_device_category_6840_24-24414,"血小板衍生生长因子受体α（PDGFRα）抗体试剂",6840-24-24414,__import__.medical_device_category_6840_24,,"在常规染色（如：HE染色）基础上进行免疫组织化学染色，为病理医师提供诊断的辅助信息，不得用于指导临床用药或伴随诊断。",,"Ⅰ"
medical_device_category_6840_24-24415,"血型糖蛋白A（Glycophorin A，CD235a）抗体试剂",6840-24-24415,__import__.medical_device_category_6840_24,,"在常规染色（如：HE染色）基础上进行免疫组织化学染色，为病理医师提供诊断的辅助信息，不得用于指导临床用药或伴随诊断。",,"Ⅰ"
medical_device_category_6840_24-24416,"叶酸受体α（FRα）抗体试剂",6840-24-24416,__import__.medical_device_category_6840_24,,"在常规染色（如：HE染色）基础上进行免疫组织化学染色，为病理医师提供诊断的辅助信息，不得用于指导临床用药或伴随诊断。",,"Ⅰ"
medical_device_category_6840_24-24417,"胰岛蛋白（Langerin）抗体试剂",6840-24-24417,__import__.medical_device_category_6840_24,,"在常规染色（如：HE染色）基础上进行免疫组织化学染色，为病理医师提供诊断的辅助信息，不得用于指导临床用药或伴随诊断。",,"Ⅰ"
medical_device_category_6840_24-24418,"胰岛素（Insulin）抗体试剂",6840-24-24418,__import__.medical_device_category_6840_24,,"在常规染色（如：HE染色）基础上进行免疫组织化学染色，为病理医师提供诊断的辅助信息，不得用于指导临床用药或伴随诊断。",,"Ⅰ"
medical_device_category_6840_24-24419,"胰高血糖素（Glucagon）抗体试剂",6840-24-24419,__import__.medical_device_category_6840_24,,"在常规染色（如：HE染色）基础上进行免疫组织化学染色，为病理医师提供诊断的辅助信息，不得用于指导临床用药或伴随诊断。",,"Ⅰ"
medical_device_category_6840_24-24420,"乙型肝炎核心抗原（HBcAg）抗体试剂",6840-24-24420,__import__.medical_device_category_6840_24,,"在常规染色（如：HE染色）基础上进行免疫组织化学染色，为病理医师提供诊断的辅助信息，不得用于指导临床用药或伴随诊断。",,"Ⅰ"
medical_device_category_6840_24-24421,"抑制素α（Inhibin,alpha）抗体试剂",6840-24-24421,__import__.medical_device_category_6840_24,,"在常规染色（如：HE染色）基础上进行免疫组织化学染色，为病理医师提供诊断的辅助信息，不得用于指导临床用药或伴随诊断。",,"Ⅰ"
medical_device_category_6840_24-24422,"易粘蛋白（MTDH）抗体试剂",6840-24-24422,__import__.medical_device_category_6840_24,,"在常规染色（如：HE染色）基础上进行免疫组织化学染色，为病理医师提供诊断的辅助信息，不得用于指导临床用药或伴随诊断。",,"Ⅰ"
medical_device_category_6840_24-24423,"隐伏膜蛋白（EBV,LMP-1）抗体试剂",6840-24-24423,__import__.medical_device_category_6840_24,,"在常规染色（如：HE染色）基础上进行免疫组织化学染色，为病理医师提供诊断的辅助信息，不得用于指导临床用药或伴随诊断。",,"Ⅰ"
medical_device_category_6840_24-24424,"组织蛋白酶D（Cathepsin D）抗体试剂",6840-24-24424,__import__.medical_device_category_6840_24,,"在常规染色（如：HE染色）基础上进行免疫组织化学染色，为病理医师提供诊断的辅助信息，不得用于指导临床用药或伴随诊断。",,"Ⅰ"
medical_device_category_6840_24-24425,"CLDN18抗体检测试剂",6840-24-24425,__import__.medical_device_category_6840_24,,"在常规染色（如：HE染色）基础上进行免疫组织化学染色，为病理医师提供诊断的辅助信息，不得用于指导临床用药或伴随诊断。",,"Ⅰ"
medical_device_category_6840_24-24426,"Ber-EP4抗体试剂",6840-24-24426,__import__.medical_device_category_6840_24,,"在常规染色（如：HE染色）基础上进行免疫组织化学染色，为病理医师提供诊断的辅助信息，不得用于指导临床用药或伴随诊断。",,"Ⅰ"
medical_device_category_6840_24-24427,"表面活性蛋白B抗体试剂",6840-24-24427,__import__.medical_device_category_6840_24,,"在常规染色（如：HE染色）基础上进行免疫组织化学染色，为病理医师提供诊断的辅助信息，不得用于指导临床用药或伴随诊断。",,"Ⅰ"
medical_device_category_6840_24-24428,"层粘连蛋白-5-γ-2链抗体试剂",6840-24-24428,__import__.medical_device_category_6840_24,,"在常规染色（如：HE染色）基础上进行免疫组织化学染色，为病理医师提供诊断的辅助信息，不得用于指导临床用药或伴随诊断。",,"Ⅰ"
medical_device_category_6840_24-24429,"蛋白基因产物9.5（Protein Gene Product9.5）抗体试剂",6840-24-24429,__import__.medical_device_category_6840_24,,"在常规染色（如：HE染色）基础上进行免疫组织化学染色，为病理医师提供诊断的辅助信息，不得用于指导临床用药或伴随诊断。",,"Ⅰ"
medical_device_category_6840_24-24430,"促甲状腺激素（TSH）抗体试剂",6840-24-24430,__import__.medical_device_category_6840_24,,"在常规染色（如：HE染色）基础上进行免疫组织化学染色，为病理医师提供诊断的辅助信息，不得用于指导临床用药或伴随诊断。",,"Ⅰ"
medical_device_category_6840_24-24431,"NR4A3（NOR-1）抗体试剂",6840-24-24431,__import__.medical_device_category_6840_24,,"在常规染色（如：HE染色）基础上进行免疫组织化学染色，为病理医师提供诊断的辅助信息，不得用于指导临床用药或伴随诊断。",,"Ⅰ"
medical_device_category_6840_24-24432,"NF-κB/p50抗体试剂",6840-24-24432,__import__.medical_device_category_6840_24,,"在常规染色（如：HE染色）基础上进行免疫组织化学染色，为病理医师提供诊断的辅助信息，不得用于指导临床用药或伴随诊断。",,"Ⅰ"
medical_device_category_6840_24-24433,"人乳头瘤病毒（HPV）E7蛋白抗体试剂",6840-24-24433,__import__.medical_device_category_6840_24,,"在常规染色（如：HE染色）基础上进行免疫组织化学染色，为病理医师提供诊断的辅助信息，不得用于指导临床用药或伴随诊断。",,"Ⅰ"
medical_device_category_6840_24-24434,"人乳头瘤病毒16型（HPV16）抗体试剂",6840-24-24434,__import__.medical_device_category_6840_24,,"在常规染色（如：HE染色）基础上进行免疫组织化学染色，为病理医师提供诊断的辅助信息，不得用于指导临床用药或伴随诊断。",,"Ⅰ"
medical_device_category_6840_24-24435,"人乳头瘤病毒16/18 E6蛋白（HPV16/18-E6）抗体试剂",6840-24-24435,__import__.medical_device_category_6840_24,,"在常规染色（如：HE染色）基础上进行免疫组织化学染色，为病理医师提供诊断的辅助信息，不得用于指导临床用药或伴随诊断。",,"Ⅰ"
medical_device_category_6840_24-24436,"巨细胞病毒（CMV）抗体试剂",6840-24-24436,__import__.medical_device_category_6840_24,,"在常规染色（如：HE染色）基础上进行免疫组织化学染色，为病理医师提供诊断的辅助信息，不得用于指导临床用药或伴随诊断。",,"Ⅰ"
medical_device_category_6840_24-24437,"幽门螺旋杆菌（Helicobacter pylori）抗体试剂",6840-24-24437,__import__.medical_device_category_6840_24,,"在常规染色（如：HE染色）基础上进行免疫组织化学染色，为病理医师提供诊断的辅助信息，不得用于指导临床用药或伴随诊断。",,"Ⅰ"
medical_device_category_6840_24-24438,"乳头瘤病毒（Papilloma Virus）抗体试剂",6840-24-24438,__import__.medical_device_category_6840_24,,"在常规染色（如：HE染色）基础上进行免疫组织化学染色，为病理医师提供诊断的辅助信息，不得用于指导临床用药或伴随诊断。",,"Ⅰ"
medical_device_category_6840_25-25001,"11q22.2基因缺失探针试剂",6840-25-25001,__import__.medical_device_category_6840_25,,"在常规染色基础上进行原位杂交染色，为医师提供诊断的辅助信息，不得用于指导临床用药或伴随诊断。",,"Ⅰ"
medical_device_category_6840_25-25002,"7号染色体着丝粒探针试剂",6840-25-25002,__import__.medical_device_category_6840_25,,"在常规染色基础上进行原位杂交染色，为医师提供诊断的辅助信息，不得用于指导临床用药或伴随诊断。",,"Ⅰ"
medical_device_category_6840_25-25003,"8号染色体着丝粒探针试剂",6840-25-25003,__import__.medical_device_category_6840_25,,"在常规染色基础上进行原位杂交染色，为医师提供诊断的辅助信息，不得用于指导临床用药或伴随诊断。",,"Ⅰ"
medical_device_category_6840_25-25004,"11号染色体着丝粒探针试剂",6840-25-25004,__import__.medical_device_category_6840_25,,"在常规染色基础上进行原位杂交染色，为医师提供诊断的辅助信息，不得用于指导临床用药或伴随诊断。",,"Ⅰ"
medical_device_category_6840_25-25005,"17号染色体着丝粒探针试剂",6840-25-25005,__import__.medical_device_category_6840_25,,"在常规染色基础上进行原位杂交染色，为医师提供诊断的辅助信息，不得用于指导临床用药或伴随诊断。",,"Ⅰ"
medical_device_category_6840_25-25006,"19p13.3基因缺失探针试剂",6840-25-25006,__import__.medical_device_category_6840_25,,"在常规染色基础上进行原位杂交染色，为医师提供诊断的辅助信息，不得用于指导临床用药或伴随诊断。",,"Ⅰ"
medical_device_category_6840_25-25007,"19q13.42基因扩增探针试剂",6840-25-25007,__import__.medical_device_category_6840_25,,"在常规染色基础上进行原位杂交染色，为医师提供诊断的辅助信息，不得用于指导临床用药或伴随诊断。",,"Ⅰ"
medical_device_category_6840_25-25008,"1q21基因扩增探针试剂",6840-25-25008,__import__.medical_device_category_6840_25,,"在常规染色基础上进行原位杂交染色，为医师提供诊断的辅助信息，不得用于指导临床用药或伴随诊断。",,"Ⅰ"
medical_device_category_6840_25-25009,"1q基因扩增探针试剂",6840-25-25009,__import__.medical_device_category_6840_25,,"在常规染色基础上进行原位杂交染色，为医师提供诊断的辅助信息，不得用于指导临床用药或伴随诊断。",,"Ⅰ"
medical_device_category_6840_25-25010,"20q11基因探针试剂",6840-25-25010,__import__.medical_device_category_6840_25,,"在常规染色基础上进行原位杂交染色，为医师提供诊断的辅助信息，不得用于指导临床用药或伴随诊断。",,"Ⅰ"
medical_device_category_6840_25-25011,"2p基因缺失探针试剂",6840-25-25011,__import__.medical_device_category_6840_25,,"在常规染色基础上进行原位杂交染色，为医师提供诊断的辅助信息，不得用于指导临床用药或伴随诊断。",,"Ⅰ"
medical_device_category_6840_25-25012,"5q33.3基因探针试剂",6840-25-25012,__import__.medical_device_category_6840_25,,"在常规染色基础上进行原位杂交染色，为医师提供诊断的辅助信息，不得用于指导临床用药或伴随诊断。",,"Ⅰ"
medical_device_category_6840_25-25013,"6q27（MLLT4）基因缺失探针试剂",6840-25-25013,__import__.medical_device_category_6840_25,,"在常规染色基础上进行原位杂交染色，为医师提供诊断的辅助信息，不得用于指导临床用药或伴随诊断。",,"Ⅰ"
medical_device_category_6840_25-25014,"ABL1（9q34）基因断裂探针试剂",6840-25-25014,__import__.medical_device_category_6840_25,,"在常规染色基础上进行原位杂交染色，为医师提供诊断的辅助信息，不得用于指导临床用药或伴随诊断。",,"Ⅰ"
medical_device_category_6840_25-25015,"ABL2（1q25）基因断裂探针试剂",6840-25-25015,__import__.medical_device_category_6840_25,,"在常规染色基础上进行原位杂交染色，为医师提供诊断的辅助信息，不得用于指导临床用药或伴随诊断。",,"Ⅰ"
medical_device_category_6840_25-25016,"ALK（2p23）基因扩增探针试剂",6840-25-25016,__import__.medical_device_category_6840_25,,"在常规染色基础上进行原位杂交染色，为医师提供诊断的辅助信息，不得用于指导临床用药或伴随诊断。不用于ALK基因融合或基因重排的检测。",,"Ⅰ"
medical_device_category_6840_25-25017,"BCL2（18q21）基因断裂探针试剂",6840-25-25017,__import__.medical_device_category_6840_25,,"在常规染色基础上进行原位杂交染色，为医师提供诊断的辅助信息，不得用于指导临床用药或伴随诊断。",,"Ⅰ"
medical_device_category_6840_25-25018,"BCL-2探针试剂",6840-25-25018,__import__.medical_device_category_6840_25,,"在常规染色基础上进行原位杂交染色，为医师提供诊断的辅助信息，不得用于指导临床用药或伴随诊断。",,"Ⅰ"
medical_device_category_6840_25-25019,"BCOR（Xp11.4）基因断裂探针试剂",6840-25-25019,__import__.medical_device_category_6840_25,,"在常规染色基础上进行原位杂交染色，为医师提供诊断的辅助信息，不得用于指导临床用药或伴随诊断。",,"Ⅰ"
medical_device_category_6840_25-25020,"BEND2（Xp22）基因断裂探针试剂",6840-25-25020,__import__.medical_device_category_6840_25,,"在常规染色基础上进行原位杂交染色，为医师提供诊断的辅助信息，不得用于指导临床用药或伴随诊断。",,"Ⅰ"
medical_device_category_6840_25-25021,"BRAF（7q34）基因断裂探针试剂",6840-25-25021,__import__.medical_device_category_6840_25,,"在常规染色基础上进行原位杂交染色，为医师提供诊断的辅助信息，不得用于指导临床用药或伴随诊断。",,"Ⅰ"
medical_device_category_6840_25-25022,"BRAF/KIAA1549融合基因t（7；7）探针试剂",6840-25-25022,__import__.medical_device_category_6840_25,,"在常规染色基础上进行原位杂交染色，为医师提供诊断的辅助信息，不得用于指导临床用药或伴随诊断。",,"Ⅰ"
medical_device_category_6840_25-25023,"C11ORF95（11q13）基因断裂探针试剂",6840-25-25023,__import__.medical_device_category_6840_25,,"在常规染色基础上进行原位杂交染色，为医师提供诊断的辅助信息，不得用于指导临床用药或伴随诊断。",,"Ⅰ"
medical_device_category_6840_25-25024,"C11ORF95/RELA融合基因t（11；11）探针试剂",6840-25-25024,__import__.medical_device_category_6840_25,,"在常规染色基础上进行原位杂交染色，为医师提供诊断的辅助信息，不得用于指导临床用药或伴随诊断。",,"Ⅰ"
medical_device_category_6840_25-25025,"C19MC（19q13.42）基因扩增探针试剂",6840-25-25025,__import__.medical_device_category_6840_25,,"在常规染色基础上进行原位杂交染色，为医师提供诊断的辅助信息，不得用于指导临床用药或伴随诊断。",,"Ⅰ"
medical_device_category_6840_25-25026,"CAMTA1（1p36）基因断裂探针试剂",6840-25-25026,__import__.medical_device_category_6840_25,,"在常规染色基础上进行原位杂交染色，为医师提供诊断的辅助信息，不得用于指导临床用药或伴随诊断。",,"Ⅰ"
medical_device_category_6840_25-25027,"CCND2（12p13）基因断裂探针试剂",6840-25-25027,__import__.medical_device_category_6840_25,,"在常规染色基础上进行原位杂交染色，为医师提供诊断的辅助信息，不得用于指导临床用药或伴随诊断。",,"Ⅰ"
medical_device_category_6840_25-25028,"CDH1（16q22）基因缺失探针试剂",6840-25-25028,__import__.medical_device_category_6840_25,,"在常规染色基础上进行原位杂交染色，为医师提供诊断的辅助信息，不得用于指导临床用药或伴随诊断。",,"Ⅰ"
medical_device_category_6840_25-25029,"CDK6（7q21）基因扩增探针试剂",6840-25-25029,__import__.medical_device_category_6840_25,,"在常规染色基础上进行原位杂交染色，为医师提供诊断的辅助信息，不得用于指导临床用药或伴随诊断。",,"Ⅰ"
medical_device_category_6840_25-25030,"CHD1（5q15-q21）基因缺失探针试剂",6840-25-25030,__import__.medical_device_category_6840_25,,"在常规染色基础上进行原位杂交染色，为医师提供诊断的辅助信息，不得用于指导临床用药或伴随诊断。",,"Ⅰ"
medical_device_category_6840_25-25031,"CIC（19q13）基因断裂探针试剂",6840-25-25031,__import__.medical_device_category_6840_25,,"在常规染色基础上进行原位杂交染色，为医师提供诊断的辅助信息，不得用于指导临床用药或伴随诊断。",,"Ⅰ"
medical_device_category_6840_25-25032,"环氧化酶2（COX-2）探针试剂",6840-25-25032,__import__.medical_device_category_6840_25,,"在常规染色基础上进行原位杂交染色，为医师提供诊断的辅助信息，不得用于指导临床用药或伴随诊断。",,"Ⅰ"
medical_device_category_6840_25-25033,"CRTC1（19p13）基因断裂探针试剂",6840-25-25033,__import__.medical_device_category_6840_25,,"在常规染色基础上进行原位杂交染色，为医师提供诊断的辅助信息，不得用于指导临床用药或伴随诊断。",,"Ⅰ"
medical_device_category_6840_25-25034,"CSF1（1p13）基因断裂探针试剂",6840-25-25034,__import__.medical_device_category_6840_25,,"在常规染色基础上进行原位杂交染色，为医师提供诊断的辅助信息，不得用于指导临床用药或伴随诊断。",,"Ⅰ"
medical_device_category_6840_25-25035,"CSF1R（5q32）基因断裂探针试剂",6840-25-25035,__import__.medical_device_category_6840_25,,"在常规染色基础上进行原位杂交染色，为医师提供诊断的辅助信息，不得用于指导临床用药或伴随诊断。",,"Ⅰ"
medical_device_category_6840_25-25036,"CTNNB1（3p22）基因缺失探针试剂",6840-25-25036,__import__.medical_device_category_6840_25,,"在常规染色基础上进行原位杂交染色，为医师提供诊断的辅助信息，不得用于指导临床用药或伴随诊断。",,"Ⅰ"
medical_device_category_6840_25-25037,"D11S1037（11q25）基因缺失探针试剂",6840-25-25037,__import__.medical_device_category_6840_25,,"在常规染色基础上进行原位杂交染色，为医师提供诊断的辅助信息，不得用于指导临床用药或伴随诊断。",,"Ⅰ"
medical_device_category_6840_25-25038,"D13S25（13q14）基因缺失探针试剂",6840-25-25038,__import__.medical_device_category_6840_25,,"在常规染色基础上进行原位杂交染色，为医师提供诊断的辅助信息，不得用于指导临床用药或伴随诊断。",,"Ⅰ"
medical_device_category_6840_25-25039,"D13S319基因缺失探针试剂",6840-25-25039,__import__.medical_device_category_6840_25,,"在常规染色基础上进行原位杂交染色，为医师提供诊断的辅助信息，不得用于指导临床用药或伴随诊断。",,"Ⅰ"
medical_device_category_6840_25-25040,"D16S2621（16q24.2）基因缺失探针试剂",6840-25-25040,__import__.medical_device_category_6840_25,,"在常规染色基础上进行原位杂交染色，为医师提供诊断的辅助信息，不得用于指导临床用药或伴随诊断。",,"Ⅰ"
medical_device_category_6840_25-25041,"DDIT3（12q13）基因扩增探针试剂",6840-25-25041,__import__.medical_device_category_6840_25,,"在常规染色基础上进行原位杂交染色，为医师提供诊断的辅助信息，不得用于指导临床用药或伴随诊断。",,"Ⅰ"
medical_device_category_6840_25-25042,"DUX4（4q35）基因断裂探针试剂",6840-25-25042,__import__.medical_device_category_6840_25,,"在常规染色基础上进行原位杂交染色，为医师提供诊断的辅助信息，不得用于指导临床用药或伴随诊断。",,"Ⅰ"
medical_device_category_6840_25-25043,"EBER探针试剂",6840-25-25043,__import__.medical_device_category_6840_25,,"在常规染色基础上进行原位杂交染色，为医师提供诊断的辅助信息，不得用于指导临床用药或伴随诊断。",,"Ⅰ"
medical_device_category_6840_25-25044,"EP400（12q24）基因断裂探针试剂",6840-25-25044,__import__.medical_device_category_6840_25,,"在常规染色基础上进行原位杂交染色，为医师提供诊断的辅助信息，不得用于指导临床用药或伴随诊断。",,"Ⅰ"
medical_device_category_6840_25-25045,"EPOR（19p13）基因断裂探针试剂",6840-25-25045,__import__.medical_device_category_6840_25,,"在常规染色基础上进行原位杂交染色，为医师提供诊断的辅助信息，不得用于指导临床用药或伴随诊断。",,"Ⅰ"
medical_device_category_6840_25-25046,"ERG（21q22）基因断裂探针试剂",6840-25-25046,__import__.medical_device_category_6840_25,,"在常规染色基础上进行原位杂交染色，为医师提供诊断的辅助信息，不得用于指导临床用药或伴随诊断。",,"Ⅰ"
medical_device_category_6840_25-25047,"ESR1（6q25）基因扩增探针试剂",6840-25-25047,__import__.medical_device_category_6840_25,,"在常规染色基础上进行原位杂交染色，为医师提供诊断的辅助信息，不得用于指导临床用药或伴随诊断。",,"Ⅰ"
medical_device_category_6840_25-25048,"ETV4（17q21）基因断裂探针试剂",6840-25-25048,__import__.medical_device_category_6840_25,,"在常规染色基础上进行原位杂交染色，为医师提供诊断的辅助信息，不得用于指导临床用药或伴随诊断。",,"Ⅰ"
medical_device_category_6840_25-25049,"ETV6/NTRK3融合基因t（12；15）探针试剂",6840-25-25049,__import__.medical_device_category_6840_25,,"在常规染色基础上进行原位杂交染色，为医师提供诊断的辅助信息，不得用于指导临床用药或伴随诊断。",,"Ⅰ"
medical_device_category_6840_25-25050,"EWSR1/ATF1融合基因t（12；22）探针试剂",6840-25-25050,__import__.medical_device_category_6840_25,,"在常规染色基础上进行原位杂交染色，为医师提供诊断的辅助信息，不得用于指导临床用药或伴随诊断。",,"Ⅰ"
medical_device_category_6840_25-25051,"EWSR1/CREB1融合基因t（2；22）探针试剂",6840-25-25051,__import__.medical_device_category_6840_25,,"在常规染色基础上进行原位杂交染色，为医师提供诊断的辅助信息，不得用于指导临床用药或伴随诊断。",,"Ⅰ"
medical_device_category_6840_25-25052,"EWSR1/FLI1融合基因t（11；22）探针试剂",6840-25-25052,__import__.medical_device_category_6840_25,,"在常规染色基础上进行原位杂交染色，为医师提供诊断的辅助信息，不得用于指导临床用药或伴随诊断。",,"Ⅰ"
medical_device_category_6840_25-25053,"FGFR2（10q26）基因断裂探针试剂",6840-25-25053,__import__.medical_device_category_6840_25,,"在常规染色基础上进行原位杂交染色，为医师提供诊断的辅助信息，不得用于指导临床用药或伴随诊断。",,"Ⅰ"
medical_device_category_6840_25-25054,"FOS（14q24）基因断裂探针试剂",6840-25-25054,__import__.medical_device_category_6840_25,,"在常规染色基础上进行原位杂交染色，为医师提供诊断的辅助信息，不得用于指导临床用药或伴随诊断。",,"Ⅰ"
medical_device_category_6840_25-25055,"FOSB（19q13）基因断裂探针试剂",6840-25-25055,__import__.medical_device_category_6840_25,,"在常规染色基础上进行原位杂交染色，为医师提供诊断的辅助信息，不得用于指导临床用药或伴随诊断。",,"Ⅰ"
medical_device_category_6840_25-25056,"FOXR2（Xp11）基因断裂探针试剂",6840-25-25056,__import__.medical_device_category_6840_25,,"在常规染色基础上进行原位杂交染色，为医师提供诊断的辅助信息，不得用于指导临床用药或伴随诊断。",,"Ⅰ"
medical_device_category_6840_25-25057,"FRS2（12q15）基因扩增探针试剂",6840-25-25057,__import__.medical_device_category_6840_25,,"在常规染色基础上进行原位杂交染色，为医师提供诊断的辅助信息，不得用于指导临床用药或伴随诊断。",,"Ⅰ"
medical_device_category_6840_25-25058,"GLI1（12q13）基因断裂探针试剂",6840-25-25058,__import__.medical_device_category_6840_25,,"在常规染色基础上进行原位杂交染色，为医师提供诊断的辅助信息，不得用于指导临床用药或伴随诊断。",,"Ⅰ"
medical_device_category_6840_25-25059,"GLUT-1探针试剂",6840-25-25059,__import__.medical_device_category_6840_25,,"在常规染色基础上进行原位杂交染色，为医师提供诊断的辅助信息，不得用于指导临床用药或伴随诊断。",,"Ⅰ"
medical_device_category_6840_25-25060,"GNAS印迹基因探针试剂",6840-25-25060,__import__.medical_device_category_6840_25,,"在常规染色基础上进行原位杂交染色，为医师提供诊断的辅助信息，不得用于指导临床用药或伴随诊断。",,"Ⅰ"
medical_device_category_6840_25-25061,"Hepatocyte探针试剂",6840-25-25061,__import__.medical_device_category_6840_25,,"在常规染色基础上进行原位杂交染色，为医师提供诊断的辅助信息，不得用于指导临床用药或伴随诊断。",,"Ⅰ"
medical_device_category_6840_25-25062,"HMGA2（12q14）基因断裂探针试剂",6840-25-25062,__import__.medical_device_category_6840_25,,"在常规染色基础上进行原位杂交染色，为医师提供诊断的辅助信息，不得用于指导临床用药或伴随诊断。",,"Ⅰ"
medical_device_category_6840_25-25063,"hWAPL（10q23）基因扩增探针试剂",6840-25-25063,__import__.medical_device_category_6840_25,,"在常规染色基础上进行原位杂交染色，为医师提供诊断的辅助信息，不得用于指导临床用药或伴随诊断。",,"Ⅰ"
medical_device_category_6840_25-25064,"i（17q）基因探针试剂",6840-25-25064,__import__.medical_device_category_6840_25,,"在常规染色基础上进行原位杂交染色，为医师提供诊断的辅助信息，不得用于指导临床用药或伴随诊断。",,"Ⅰ"
medical_device_category_6840_25-25065,"IRF4（6p25）基因断裂探针试剂",6840-25-25065,__import__.medical_device_category_6840_25,,"在常规染色基础上进行原位杂交染色，为医师提供诊断的辅助信息，不得用于指导临床用药或伴随诊断。",,"Ⅰ"
medical_device_category_6840_25-25066,"JAZF1（7p15）基因断裂探针试剂",6840-25-25066,__import__.medical_device_category_6840_25,,"在常规染色基础上进行原位杂交染色，为医师提供诊断的辅助信息，不得用于指导临床用药或伴随诊断。",,"Ⅰ"
medical_device_category_6840_25-25067,"KMT2A（11q23）基因缺失探针试剂",6840-25-25067,__import__.medical_device_category_6840_25,,"在常规染色基础上进行原位杂交染色，为医师提供诊断的辅助信息，不得用于指导临床用药或伴随诊断。",,"Ⅰ"
medical_device_category_6840_25-25068,"MALAT1（11q13）基因断裂探针试剂",6840-25-25068,__import__.medical_device_category_6840_25,,"在常规染色基础上进行原位杂交染色，为医师提供诊断的辅助信息，不得用于指导临床用药或伴随诊断。",,"Ⅰ"
medical_device_category_6840_25-25069,"MAML2（11q21）基因断裂探针试剂",6840-25-25069,__import__.medical_device_category_6840_25,,"在常规染色基础上进行原位杂交染色，为医师提供诊断的辅助信息，不得用于指导临床用药或伴随诊断。",,"Ⅰ"
medical_device_category_6840_25-25070,"MEF2D（1q22）基因断裂探针试剂",6840-25-25070,__import__.medical_device_category_6840_25,,"在常规染色基础上进行原位杂交染色，为医师提供诊断的辅助信息，不得用于指导临床用药或伴随诊断。",,"Ⅰ"
medical_device_category_6840_25-25071,"MGEA5（10q24）基因断裂探针试剂",6840-25-25071,__import__.medical_device_category_6840_25,,"在常规染色基础上进行原位杂交染色，为医师提供诊断的辅助信息，不得用于指导临床用药或伴随诊断。",,"Ⅰ"
medical_device_category_6840_25-25072,"MLAA-34（13q14）基因扩增探针试剂",6840-25-25072,__import__.medical_device_category_6840_25,,"在常规染色基础上进行原位杂交染色，为医师提供诊断的辅助信息，不得用于指导临床用药或伴随诊断。",,"Ⅰ"
medical_device_category_6840_25-25073,"MN1（22q12）基因断裂探针试剂",6840-25-25073,__import__.medical_device_category_6840_25,,"在常规染色基础上进行原位杂交染色，为医师提供诊断的辅助信息，不得用于指导临床用药或伴随诊断。",,"Ⅰ"
medical_device_category_6840_25-25074,"MYC（8q24）基因扩增探针试剂",6840-25-25074,__import__.medical_device_category_6840_25,,"在常规染色基础上进行原位杂交染色，为医师提供诊断的辅助信息，不得用于指导临床用药或伴随诊断。",,"Ⅰ"
medical_device_category_6840_25-25075,"NCOA2（8q13）基因断裂探针试剂",6840-25-25075,__import__.medical_device_category_6840_25,,"在常规染色基础上进行原位杂交染色，为医师提供诊断的辅助信息，不得用于指导临床用药或伴随诊断。",,"Ⅰ"
medical_device_category_6840_25-25076,"NCOA3（20q13）基因断裂探针试剂",6840-25-25076,__import__.medical_device_category_6840_25,,"在常规染色基础上进行原位杂交染色，为医师提供诊断的辅助信息，不得用于指导临床用药或伴随诊断。",,"Ⅰ"
medical_device_category_6840_25-25077,"NFIB（9p23-p22.3）基因断裂探针试剂",6840-25-25077,__import__.medical_device_category_6840_25,,"在常规染色基础上进行原位杂交染色，为医师提供诊断的辅助信息，不得用于指导临床用药或伴随诊断。",,"Ⅰ"
medical_device_category_6840_25-25078,"NONO/TFE3融合基因t（X；X）探针试剂",6840-25-25078,__import__.medical_device_category_6840_25,,"在常规染色基础上进行原位杂交染色，为医师提供诊断的辅助信息，不得用于指导临床用药或伴随诊断。",,"Ⅰ"
medical_device_category_6840_25-25079,"NR4A3（9q22）基因断裂探针试剂",6840-25-25079,__import__.medical_device_category_6840_25,,"在常规染色基础上进行原位杂交染色，为医师提供诊断的辅助信息，不得用于指导临床用药或伴随诊断。",,"Ⅰ"
medical_device_category_6840_25-25080,"NTRK3（15q25）基因断裂探针试剂",6840-25-25080,__import__.medical_device_category_6840_25,,"在常规染色基础上进行原位杂交染色，为医师提供诊断的辅助信息，不得用于指导临床用药或伴随诊断。",,"Ⅰ"
medical_device_category_6840_25-25081,"NUP98（11p15）基因断裂探针试剂",6840-25-25081,__import__.medical_device_category_6840_25,,"在常规染色基础上进行原位杂交染色，为医师提供诊断的辅助信息，不得用于指导临床用药或伴随诊断。",,"Ⅰ"
medical_device_category_6840_25-25082,"NUT（15q14）基因断裂探针试剂",6840-25-25082,__import__.medical_device_category_6840_25,,"在常规染色基础上进行原位杂交染色，为医师提供诊断的辅助信息，不得用于指导临床用药或伴随诊断。",,"Ⅰ"
medical_device_category_6840_25-25083,"p16基因探针试剂",6840-25-25083,__import__.medical_device_category_6840_25,,"在常规染色基础上进行原位杂交染色，为医师提供诊断的辅助信息，不得用于指导临床用药或伴随诊断。",,"Ⅰ"
medical_device_category_6840_25-25084,"PAX3（2q36）基因断裂探针试剂",6840-25-25084,__import__.medical_device_category_6840_25,,"在常规染色基础上进行原位杂交染色，为医师提供诊断的辅助信息，不得用于指导临床用药或伴随诊断。",,"Ⅰ"
medical_device_category_6840_25-25085,"PAX5/IGH融合基因t（9；14）探针试剂",6840-25-25085,__import__.medical_device_category_6840_25,,"在常规染色基础上进行原位杂交染色，为医师提供诊断的辅助信息，不得用于指导临床用药或伴随诊断。",,"Ⅰ"
medical_device_category_6840_25-25086,"PDGFB（22q13）基因断裂探针试剂",6840-25-25086,__import__.medical_device_category_6840_25,,"在常规染色基础上进行原位杂交染色，为医师提供诊断的辅助信息，不得用于指导临床用药或伴随诊断。",,"Ⅰ"
medical_device_category_6840_25-25087,"PD-L1（9p24）基因断裂探针试剂",6840-25-25087,__import__.medical_device_category_6840_25,,"在常规染色基础上进行原位杂交染色，为医师提供诊断的辅助信息，不得用于指导临床用药或伴随诊断。",,"Ⅰ"
medical_device_category_6840_25-25088,"PD-L2（9p24）基因扩增探针试剂",6840-25-25088,__import__.medical_device_category_6840_25,,"在常规染色基础上进行原位杂交染色，为医师提供诊断的辅助信息，不得用于指导临床用药或伴随诊断。",,"Ⅰ"
medical_device_category_6840_25-25089,"PLAG1（8q12）基因断裂探针试剂",6840-25-25089,__import__.medical_device_category_6840_25,,"在常规染色基础上进行原位杂交染色，为医师提供诊断的辅助信息，不得用于指导临床用药或伴随诊断。",,"Ⅰ"
medical_device_category_6840_25-25090,"PLXNA1基因异常检测试剂",6840-25-25090,__import__.medical_device_category_6840_25,,"在常规染色基础上进行原位杂交染色，为医师提供诊断的辅助信息，不得用于指导临床用药或伴随诊断。",,"Ⅰ"
medical_device_category_6840_25-25091,"PPARγ（3p25）基因断裂探针试剂",6840-25-25091,__import__.medical_device_category_6840_25,,"在常规染色基础上进行原位杂交染色，为医师提供诊断的辅助信息，不得用于指导临床用药或伴随诊断。",,"Ⅰ"
medical_device_category_6840_25-25092,"PRCC/TFE3融合基因t（X；1）探针试剂",6840-25-25092,__import__.medical_device_category_6840_25,,"在常规染色基础上进行原位杂交染色，为医师提供诊断的辅助信息，不得用于指导临床用药或伴随诊断。",,"Ⅰ"
medical_device_category_6840_25-25093,"PRDM10（11q24）基因断裂探针试剂",6840-25-25093,__import__.medical_device_category_6840_25,,"在常规染色基础上进行原位杂交染色，为医师提供诊断的辅助信息，不得用于指导临床用药或伴随诊断。",,"Ⅰ"
medical_device_category_6840_25-25094,"PRKACA（19p13）基因断裂探针试剂",6840-25-25094,__import__.medical_device_category_6840_25,,"在常规染色基础上进行原位杂交染色，为医师提供诊断的辅助信息，不得用于指导临床用药或伴随诊断。",,"Ⅰ"
medical_device_category_6840_25-25095,"PTPRZ1/C-MET融合基因t（7；7）探针试剂",6840-25-25095,__import__.medical_device_category_6840_25,,"在常规染色基础上进行原位杂交染色，为医师提供诊断的辅助信息，不得用于指导临床用药或伴随诊断。",,"Ⅰ"
medical_device_category_6840_25-25096,"RAD21（8q24）基因扩增探针试剂",6840-25-25096,__import__.medical_device_category_6840_25,,"在常规染色基础上进行原位杂交染色，为医师提供诊断的辅助信息，不得用于指导临床用药或伴随诊断。",,"Ⅰ"
medical_device_category_6840_25-25097,"RB1（13q14）/ATM（11q22）基因缺失探针试剂",6840-25-25097,__import__.medical_device_category_6840_25,,"在常规染色基础上进行原位杂交染色，为医师提供诊断的辅助信息，不得用于指导临床用药或伴随诊断。",,"Ⅰ"
medical_device_category_6840_25-25098,"RB1/1q21基因探针试剂",6840-25-25098,__import__.medical_device_category_6840_25,,"在常规染色基础上进行原位杂交染色，为医师提供诊断的辅助信息，不得用于指导临床用药或伴随诊断。",,"Ⅰ"
medical_device_category_6840_25-25099,"RELA（11q13）基因断裂探针试剂",6840-25-25099,__import__.medical_device_category_6840_25,,"在常规染色基础上进行原位杂交染色，为医师提供诊断的辅助信息，不得用于指导临床用药或伴随诊断。",,"Ⅰ"
medical_device_category_6840_25-25100,"SMARCB1（22q11）基因缺失探针试剂",6840-25-25100,__import__.medical_device_category_6840_25,,"在常规染色基础上进行原位杂交染色，为医师提供诊断的辅助信息，不得用于指导临床用药或伴随诊断。",,"Ⅰ"
medical_device_category_6840_25-25101,"SOX2（3q26）基因扩增探针试剂",6840-25-25101,__import__.medical_device_category_6840_25,,"在常规染色基础上进行原位杂交染色，为医师提供诊断的辅助信息，不得用于指导临床用药或伴随诊断。",,"Ⅰ"
medical_device_category_6840_25-25102,"SRD（1p36）基因缺失探针试剂",6840-25-25102,__import__.medical_device_category_6840_25,,"在常规染色基础上进行原位杂交染色，为医师提供诊断的辅助信息，不得用于指导临床用药或伴随诊断。",,"Ⅰ"
medical_device_category_6840_25-25103,"STAT6（12q13）基因扩增探针试剂",6840-25-25103,__import__.medical_device_category_6840_25,,"在常规染色基础上进行原位杂交染色，为医师提供诊断的辅助信息，不得用于指导临床用药或伴随诊断。",,"Ⅰ"
medical_device_category_6840_25-25104,"TERC基因扩增探针试剂",6840-25-25104,__import__.medical_device_category_6840_25,,"在常规染色基础上进行原位杂交染色，为医师提供诊断的辅助信息，不得用于指导临床用药或伴随诊断。",,"Ⅰ"
medical_device_category_6840_25-25105,"TERT（5p15）基因断裂探针试剂",6840-25-25105,__import__.medical_device_category_6840_25,,"在常规染色基础上进行原位杂交染色，为医师提供诊断的辅助信息，不得用于指导临床用药或伴随诊断。",,"Ⅰ"
medical_device_category_6840_25-25106,"TFEB（6p21）基因断裂探针试剂",6840-25-25106,__import__.medical_device_category_6840_25,,"在常规染色基础上进行原位杂交染色，为医师提供诊断的辅助信息，不得用于指导临床用药或伴随诊断。",,"Ⅰ"
medical_device_category_6840_25-25107,"TLX1（10q24）基因断裂探针试剂",6840-25-25107,__import__.medical_device_category_6840_25,,"在常规染色基础上进行原位杂交染色，为医师提供诊断的辅助信息，不得用于指导临床用药或伴随诊断。",,"Ⅰ"
medical_device_category_6840_25-25108,"TNFAIP3（6q23）基因缺失探针试剂",6840-25-25108,__import__.medical_device_category_6840_25,,"在常规染色基础上进行原位杂交染色，为医师提供诊断的辅助信息，不得用于指导临床用药或伴随诊断。",,"Ⅰ"
medical_device_category_6840_25-25109,"TP63（3q28）基因断裂探针试剂",6840-25-25109,__import__.medical_device_category_6840_25,,"在常规染色基础上进行原位杂交染色，为医师提供诊断的辅助信息，不得用于指导临床用药或伴随诊断。",,"Ⅰ"
medical_device_category_6840_25-25110,"TRA/TRD（14q11）基因断裂探针试剂",6840-25-25110,__import__.medical_device_category_6840_25,,"在常规染色基础上进行原位杂交染色，为医师提供诊断的辅助信息，不得用于指导临床用药或伴随诊断。",,"Ⅰ"
medical_device_category_6840_25-25111,"Twist基因扩增探针试剂",6840-25-25111,__import__.medical_device_category_6840_25,,"在常规染色基础上进行原位杂交染色，为医师提供诊断的辅助信息，不得用于指导临床用药或伴随诊断。",,"Ⅰ"
medical_device_category_6840_25-25112,"USP6（17p13）基因断裂探针试剂",6840-25-25112,__import__.medical_device_category_6840_25,,"在常规染色基础上进行原位杂交染色，为医师提供诊断的辅助信息，不得用于指导临床用药或伴随诊断。",,"Ⅰ"
medical_device_category_6840_25-25113,"WT1（11p13）基因断裂探针试剂",6840-25-25113,__import__.medical_device_category_6840_25,,"在常规染色基础上进行原位杂交染色，为医师提供诊断的辅助信息，不得用于指导临床用药或伴随诊断。",,"Ⅰ"
medical_device_category_6840_25-25114,"WWTR1（3q25）基因断裂探针试剂",6840-25-25114,__import__.medical_device_category_6840_25,,"在常规染色基础上进行原位杂交染色，为医师提供诊断的辅助信息，不得用于指导临床用药或伴随诊断。",,"Ⅰ"
medical_device_category_6840_25-25115,"WWTR1/CAMTA1融合基因t （1；3）探针试剂",6840-25-25115,__import__.medical_device_category_6840_25,,"在常规染色基础上进行原位杂交染色，为医师提供诊断的辅助信息，不得用于指导临床用药或伴随诊断。",,"Ⅰ"
medical_device_category_6840_25-25116,"YWHAE（17p13）基因断裂探针试剂",6840-25-25116,__import__.medical_device_category_6840_25,,"在常规染色基础上进行原位杂交染色，为医师提供诊断的辅助信息，不得用于指导临床用药或伴随诊断。",,"Ⅰ"
medical_device_category_6840_25-25117,"ZNF384（12p13）基因断裂探针试剂",6840-25-25117,__import__.medical_device_category_6840_25,,"在常规染色基础上进行原位杂交染色，为医师提供诊断的辅助信息，不得用于指导临床用药或伴随诊断。",,"Ⅰ"
medical_device_category_6840_25-25118,"TOP2A基因扩增探针试剂",6840-25-25118,__import__.medical_device_category_6840_25,,"在常规染色基础上进行原位杂交染色，为医师提供诊断的辅助信息，不得用于指导临床用药或伴随诊断。",,"Ⅰ"
medical_device_category_6840_25-25119,"κ轻链（Kappa轻链）探针试剂",6840-25-25119,__import__.medical_device_category_6840_25,,"在常规染色基础上进行原位杂交染色，为医师提供诊断的辅助信息，不得用于指导临床用药或伴随诊断。",,"Ⅰ"
medical_device_category_6840_25-25120,"λ轻链（Lambda轻链）探针试剂",6840-25-25120,__import__.medical_device_category_6840_25,,"在常规染色基础上进行原位杂交染色，为医师提供诊断的辅助信息，不得用于指导临床用药或伴随诊断。",,"Ⅰ"
medical_device_category_6840_25-25121,"人乳头瘤病毒（HPV）探针试剂",6840-25-25121,__import__.medical_device_category_6840_25,,"在常规染色基础上进行原位杂交染色，为医师提供诊断的辅助信息，不得用于指导临床用药或伴随诊断。",,"Ⅰ"
medical_device_category_6840_25-25122,"巨细胞病毒（CMV）DNA探针试剂",6840-25-25122,__import__.medical_device_category_6840_25,,"在常规染色基础上进行原位杂交染色，为医师提供诊断的辅助信息，不得用于指导临床用药或伴随诊断。",,"Ⅰ"
