"序号","一级序号","一级产品类别","二级序号","二级产品类别","预期用途","管理类别"
1,1,"与致病性病原体抗原、抗体以及核酸等检测相关的试剂",1001,"A、B、C群脑膜炎球菌多糖IgG抗体检测试剂","用于检测人体样本中的A、B、C群脑膜炎球菌多糖IgG抗体。临床上用于脑膜炎球菌感染的辅助诊断。","Ⅲ"
2,1,"与致病性病原体抗原、抗体以及核酸等检测相关的试剂",1002,"A群链球菌抗原/核酸检测试剂","用于检测人体样本中的A群链球菌抗原/核酸。临床上用于链球菌感染的辅助诊断。","Ⅲ"
3,1,"与致病性病原体抗原、抗体以及核酸等检测相关的试剂",1003,"B群链球菌抗原/核酸检测试剂","用于检测人体样本中的B群链球菌抗原/核酸。临床上用于链球菌感染的辅助诊断。","Ⅲ"
4,1,"与致病性病原体抗原、抗体以及核酸等检测相关的试剂",1004,"BK病毒（BKV）核酸检测试剂","用于检测人体样本中的BK病毒（BKV）核酸。临床上用于BK病毒感染的辅助诊断。","Ⅲ"
5,1,"与致病性病原体抗原、抗体以及核酸等检测相关的试剂",1005,"EB病毒Rta抗原IgG抗体检测试剂","用于检测人体样本中的EB病毒Rta的IgG抗体。临床上用于EB病毒感染的辅助诊断。","Ⅲ"
6,1,"与致病性病原体抗原、抗体以及核酸等检测相关的试剂",1006,"EB病毒Zta抗原IgA抗体检测试剂","用于检测人体样本中的EB病毒Zta抗原IgA抗体。临床上用于EB病毒感染的辅助诊断。","Ⅲ"
7,1,"与致病性病原体抗原、抗体以及核酸等检测相关的试剂",1007,"EB病毒核抗原（NA1）抗体检测试剂","用于检测人体样本中的EB病毒核抗原（NA1）抗体。临床上用于EB病毒感染的辅助诊断。","Ⅲ"
8,1,"与致病性病原体抗原、抗体以及核酸等检测相关的试剂",1008,"EB病毒抗原/抗体/核酸检测试剂","用于检测人体样本中的EB病毒抗原/抗体/核酸。临床上用于EB病毒感染的辅助诊断。","Ⅲ"
9,1,"与致病性病原体抗原、抗体以及核酸等检测相关的试剂",1009,"EB病毒壳抗原（p18）IgG抗体检测试剂","用于检测人体样本中的EB病毒壳抗原（p18）IgG抗体。临床上用于EB病毒感染的辅助诊断。","Ⅲ"
10,1,"与致病性病原体抗原、抗体以及核酸等检测相关的试剂",1010,"EB病毒衣壳抗原（VCA）抗体检测试剂","用于检测人体样本中的EB病毒衣壳抗原（VCA）抗体。临床上用于EB病毒感染的辅助诊断。其中VCA IgA抗体用于鼻咽癌的辅助诊断，VCA IgM、VCA IgG抗体用于传染性单核细胞增多症的辅助诊断。","Ⅲ"
11,1,"与致病性病原体抗原、抗体以及核酸等检测相关的试剂",1011,"EB病毒早期抗原（EA）抗体检测试剂","用于检测人体样本中的EB病毒早期抗原（EA）抗体。临床上用于EB病毒感染的早期辅助诊断。","Ⅲ"
12,1,"与致病性病原体抗原、抗体以及核酸等检测相关的试剂",1012,"EB病毒TK（胸苷激酶）抗体检测试剂","用于检测人体样本中的EB病毒TK（胸苷激酶）抗体。临床上用于EB病毒感染的辅助诊断。","Ⅲ"
13,1,"与致病性病原体抗原、抗体以及核酸等检测相关的试剂",1013,"JC病毒（JCV）核酸检测试剂","用于检测人体样本中的JC病毒（JCV）核酸。临床上用于JC病毒感染的辅助诊断。","Ⅲ"
14,1,"与致病性病原体抗原、抗体以及核酸等检测相关的试剂",1014,"O1群霍乱弧菌诊断血清","用于检测人体样本中的O1群霍乱弧菌。临床上用于O1群霍乱弧菌感染的辅助诊断。","Ⅲ"
15,1,"与致病性病原体抗原、抗体以及核酸等检测相关的试剂",1015,"霍乱弧菌抗原检测试剂","用于检测人体样本中的霍乱弧菌抗原。临床上用于霍乱的辅助诊断。","Ⅲ"
16,1,"与致病性病原体抗原、抗体以及核酸等检测相关的试剂",1016,"埃可病毒抗体检测试剂","用于检测人体样本中的埃可病毒抗体。临床上用于埃可病毒感染的辅助诊断。","Ⅲ"
17,1,"与致病性病原体抗原、抗体以及核酸等检测相关的试剂",1017,"白喉棒状杆菌抗体检测试剂","用于检测人体样本中的白喉棒状杆菌抗体。临床上用于白喉的辅助诊断。","Ⅲ"
18,1,"与致病性病原体抗原、抗体以及核酸等检测相关的试剂",1018,"白色念珠菌抗原/核酸检测试剂","用于检测人体样本中的白色念珠菌抗原/核酸。临床上用于白色念珠菌感染的辅助诊断。","Ⅲ"
19,1,"与致病性病原体抗原、抗体以及核酸等检测相关的试剂",1019,"百日咳杆菌抗原/抗体/核酸检测试剂","用于检测人体样本中的百日咳杆菌抗原/抗体/核酸。临床上用于百日咳的辅助诊断。","Ⅲ"
20,1,"与致病性病原体抗原、抗体以及核酸等检测相关的试剂",1020,"包虫抗体检测试剂","用于检测人体样本中的包虫抗体。临床上用于包虫感染的辅助诊断。","Ⅲ"
21,1,"与致病性病原体抗原、抗体以及核酸等检测相关的试剂",1021,"鲍曼不动杆菌耐碳青霉烯类抗生素基因检测试剂","用于检测人体样本中的鲍曼不动杆菌基因和耐碳青霉烯类抗生素基因。临床上用于鲍曼不动杆菌耐药性的辅助诊断。","Ⅲ"
22,1,"与致病性病原体抗原、抗体以及核酸等检测相关的试剂",1022,"鼻病毒核酸检测试剂","用于检测人体样本中的鼻病毒核酸。临床上用于鼻病毒感染的辅助诊断。","Ⅲ"
23,1,"与致病性病原体抗原、抗体以及核酸等检测相关的试剂",1023,"鼻疽菌抗原检测试剂","用于检测人体样本中的鼻疽菌抗原。临床上用于鼻疽菌感染的辅助诊断。","Ⅲ"
24,1,"与致病性病原体抗原、抗体以及核酸等检测相关的试剂",1024,"类鼻疽菌抗原检测试剂","用于检测人体样本中的类鼻疽菌抗原。临床上用于类鼻疽菌感染的辅助诊断。","Ⅲ"
25,1,"与致病性病原体抗原、抗体以及核酸等检测相关的试剂",1025,"斑疹伤寒立克次体抗体检测试剂","用于检测人体样本中的斑疹伤寒立克次体抗体。临床上用于斑疹伤寒的辅助诊断。","Ⅲ"
26,1,"与致病性病原体抗原、抗体以及核酸等检测相关的试剂",1026,"变形杆菌OX19诊断菌液","用于检测人体样本中的立克次体抗体。临床上用于斑疹伤寒的辅助诊断。","Ⅲ"
27,1,"与致病性病原体抗原、抗体以及核酸等检测相关的试剂",1027,"变形杆菌OX2诊断菌液","用于检测人体样本中的立克次体抗体。临床上用于斑疹伤寒的辅助诊断。","Ⅲ"
28,1,"与致病性病原体抗原、抗体以及核酸等检测相关的试剂",1028,"变形杆菌OXK诊断菌液","用于检测人体样本中的立克次体抗体。临床上用于斑疹伤寒的辅助诊断。","Ⅲ"
29,1,"与致病性病原体抗原、抗体以及核酸等检测相关的试剂",1029,"布鲁菌抗体/抗原检测试剂","用于检测人体样本中的布鲁菌抗体/抗原。临床上用于布鲁菌病的辅助诊断。","Ⅲ"
30,1,"与致病性病原体抗原、抗体以及核酸等检测相关的试剂",1030,"肠道病毒71型抗体/核酸检测试剂","用于检测人体样本中的肠道病毒71型抗体/核酸。临床上用于肠道病毒71型感染的辅助诊断。","Ⅲ"
31,1,"与致病性病原体抗原、抗体以及核酸等检测相关的试剂",1031,"肠道病毒抗体/核酸检测试剂","用于检测人体样本中的肠道病毒抗体/核酸。临床上用于肠道病毒感染的辅助诊断。","Ⅲ"
32,1,"与致病性病原体抗原、抗体以及核酸等检测相关的试剂",1032,"肠道致病性大肠埃希菌诊断血清","用于检测人体样本中的肠道致病性大肠埃希菌。临床上用于肠道致病性大肠埃希菌感染的辅助诊断。","Ⅲ"
33,1,"与致病性病原体抗原、抗体以及核酸等检测相关的试剂",1033,"大肠埃希菌O157抗原检测试剂","用于检测人体样本中的大肠埃希菌O157抗原。临床上用于肠出血性大肠埃希菌感染（如出血性结肠炎及溶血性尿毒综合征）的辅助诊断。","Ⅲ"
34,1,"与致病性病原体抗原、抗体以及核酸等检测相关的试剂",1034,"单纯疱疹病毒Ⅰ型（HSV Ⅰ）IgG抗体亲合力检测试剂","用于检测人体样本中的单纯疱疹病毒Ⅰ型（HSV Ⅰ）IgG抗体亲合力。临床上用于辅助诊断单纯疱疹病毒Ⅰ型感染的感染阶段。","Ⅲ"
35,1,"与致病性病原体抗原、抗体以及核酸等检测相关的试剂",1035,"单纯疱疹病毒Ⅰ型（HSV Ⅰ）抗体/核酸检测试剂","用于检测人体样本中的单纯疱疹病毒Ⅰ型（HSV Ⅰ）抗体/核酸。临床上用于单纯疱疹病毒Ⅰ型感染的辅助诊断。","Ⅲ"
36,1,"与致病性病原体抗原、抗体以及核酸等检测相关的试剂",1036,"单纯疱疹病毒Ⅱ型（HSV Ⅱ）IgG抗体亲合力检测试剂","用于检测人体样本中的单纯疱疹病毒Ⅱ型（HSV Ⅱ）IgG抗体亲合力。临床上用于辅助判断单纯疱疹病毒Ⅱ型感染的感染阶段。","Ⅲ"
37,1,"与致病性病原体抗原、抗体以及核酸等检测相关的试剂",1037,"单纯疱疹病毒Ⅱ型（HSV Ⅱ）抗体/核酸检测试剂","用于检测人体样本中的单纯疱疹病毒Ⅱ型（HSV Ⅱ）抗体/核酸。临床上用于单纯疱疹病毒Ⅱ型感染的辅助诊断。","Ⅲ"
38,1,"与致病性病原体抗原、抗体以及核酸等检测相关的试剂",1038,"登革病毒抗原/抗体/核酸检测试剂","用于检测人体样本中的登革病毒抗原/抗体/核酸。临床上用于登革热疾病的辅助诊断。","Ⅲ"
39,1,"与致病性病原体抗原、抗体以及核酸等检测相关的试剂",1039,"恶性疟原虫抗原检测试剂","用于检测人体样本中的恶性疟原虫抗原。临床上用于恶性疟的辅助诊断。","Ⅲ"
40,1,"与致病性病原体抗原、抗体以及核酸等检测相关的试剂",1040,"间日疟原虫抗原检测试剂","用于检测人体样本中的间日疟原虫抗原。临床上用于间日疟的辅助诊断。","Ⅲ"
41,1,"与致病性病原体抗原、抗体以及核酸等检测相关的试剂",1041,"疟原虫抗原检测试剂","用于检测人体样本中疟原虫抗原。临床上用于疟疾的辅助诊断。","Ⅲ"
42,1,"与致病性病原体抗原、抗体以及核酸等检测相关的试剂",1042,"发热伴血小板减少综合征病毒（SFTSV）抗体/核酸检测试剂","用于检测人体样本中的发热伴血小板减少综合征病毒（SFTSV）特异性抗体/核酸。临床上用于发热伴血小板减少综合征的辅助诊断。","Ⅲ"
43,1,"与致病性病原体抗原、抗体以及核酸等检测相关的试剂",1043,"非密螺旋体脂质抗体检测试剂","用于检测人体样本中的非密螺旋体脂质抗体。临床上用于梅毒感染的辅助诊断。","Ⅲ"
44,1,"与致病性病原体抗原、抗体以及核酸等检测相关的试剂",1044,"肺炎克雷伯菌核酸检测试剂","用于检测人体样本中的肺炎克雷伯菌核酸。临床上用于肺炎克雷伯菌感染的辅助诊断。","Ⅲ"
45,1,"与致病性病原体抗原、抗体以及核酸等检测相关的试剂",1045,"肺炎链球菌抗原/核酸检测试剂","用于检测人体样本中的肺炎链球菌抗原/核酸。临床上用于肺炎链球菌性肺炎的辅助诊断。","Ⅲ"
46,1,"与致病性病原体抗原、抗体以及核酸等检测相关的试剂",1046,"肺炎衣原体抗原/抗体/核酸检测试剂","用于检测人体样本中的肺炎衣原体抗原/IgM抗体/IgG抗体/核酸。临床上用于衣原体性肺炎的辅助诊断。","Ⅲ"
47,1,"与致病性病原体抗原、抗体以及核酸等检测相关的试剂",1047,"肺炎支原体耐药基因检测试剂","用于检测人体样本中的肺炎支原体抗大环内酯类抗生素耐药基因。临床上用于肺炎支原体耐药性的辅助诊断。","Ⅲ"
48,1,"与致病性病原体抗原、抗体以及核酸等检测相关的试剂",1048,"肺炎支原体抗原/抗体/核酸检测试剂","用于检测人体样本中的肺炎支原体抗原/IgM抗体/IgG抗体/核酸。临床上用于支原体肺炎的辅助诊断。","Ⅲ"
49,1,"与致病性病原体抗原、抗体以及核酸等检测相关的试剂",1049,"分枝杆菌核酸检测试剂","用于检测人体样本中的分枝杆菌核酸。临床上用于结核感染的辅助诊断及菌种鉴别。","Ⅲ"
50,1,"与致病性病原体抗原、抗体以及核酸等检测相关的试剂",1050,"风疹病毒IgG抗体亲合力检测试剂","用于检测人体样本中风疹病毒的特异性IgG抗体亲合力。临床上用于辅助判断风疹病毒感染的感染阶段。","Ⅲ"
51,1,"与致病性病原体抗原、抗体以及核酸等检测相关的试剂",1051,"风疹病毒抗体/核酸检测试剂","用于检测人体样本中的风疹病毒抗体/核酸。临床上用于风疹病毒感染的辅助诊断。","Ⅲ"
52,1,"与致病性病原体抗原、抗体以及核酸等检测相关的试剂",1052,"副流感病毒抗原/抗体/核酸检测试剂","用于检测人体样本中副流感病毒抗原/抗体/核酸。临床上用于副流感病毒感染的辅助诊断。","Ⅲ"
53,1,"与致病性病原体抗原、抗体以及核酸等检测相关的试剂",1053,"庚型肝炎病毒IgG抗体检测试剂","用于检测人体样本中的庚型肝炎病毒IgG抗体。临床上用于庚型肝炎的辅助诊断。","Ⅲ"
54,1,"与致病性病原体抗原、抗体以及核酸等检测相关的试剂",1054,"弓形虫IgG抗体亲合力检测","用于检测人体样本中的弓形虫IgG抗体亲合力。临床上用于辅助判断弓形虫感染的感染阶段。","Ⅲ"
55,1,"与致病性病原体抗原、抗体以及核酸等检测相关的试剂",1055,"弓形虫IgG/IgM抗体检测试剂","用于检测人体样本中的弓形虫IgG/IgM抗体。临床上用于弓形虫感染的辅助诊断。","Ⅲ"
56,1,"与致病性病原体抗原、抗体以及核酸等检测相关的试剂",1056,"钩端螺旋体抗体检测试剂","用于检测人体样本中的钩端螺旋体抗体。临床上用于钩端螺旋体病的辅助诊断。","Ⅲ"
57,1,"与致病性病原体抗原、抗体以及核酸等检测相关的试剂",1057,"梅毒螺旋体抗体检测试剂","用于检测人体样本中的梅毒螺旋体抗体。临床上用于梅毒螺旋体感染的辅助诊断。","Ⅲ"
58,1,"与致病性病原体抗原、抗体以及核酸等检测相关的试剂",1058,"光滑假丝酵母菌核酸检测试剂","用于检测人体样本中的光滑假丝酵母菌核酸。临床上用于光滑假丝酵母菌感染的辅助诊断。","Ⅲ"
59,1,"与致病性病原体抗原、抗体以及核酸等检测相关的试剂",1059,"汉坦病毒（HV）抗体检测试剂","用于检测人体样本中的汉坦病毒（HV）抗体。临床上用于急性肾综合征出血热的辅助诊断。","Ⅲ"
60,1,"与致病性病原体抗原、抗体以及核酸等检测相关的试剂",1060,"呼吸道合胞病毒（RSV）A、B分型核酸检测试剂","用于检测人体样本中的呼吸道合胞病毒（RSV）A型和B型基因分型检测。临床上用于呼吸道合胞病毒感染的分型及治疗指导。","Ⅲ"
61,1,"与致病性病原体抗原、抗体以及核酸等检测相关的试剂",1061,"呼吸道合胞病毒（RSV）抗原/抗体/核酸检测试剂","用于检测人体样本中的呼吸道合胞病毒（RSV）抗原/抗体/核酸。临床上用于呼吸道合胞病毒感染的辅助诊断。","Ⅲ"
62,1,"与致病性病原体抗原、抗体以及核酸等检测相关的试剂",1062,"华支睾吸虫抗体检测试剂","用于检测人体样本中特异性华支睾吸虫抗体。临床上用于华支睾吸虫感染的辅助诊断。","Ⅲ"
63,1,"与致病性病原体抗原、抗体以及核酸等检测相关的试剂",1063,"甲型肝炎病毒（HAV）抗体/核酸检测试剂","用于检测人体样本中的甲型肝炎病毒（HAV）抗体/核酸。临床上用于甲型肝炎的辅助诊断。","Ⅲ"
64,1,"与致病性病原体抗原、抗体以及核酸等检测相关的试剂",1064,"乙型肝炎病毒e抗体（Anti-HBe）检测试剂","用于检测人体样本中的乙型肝炎病毒e抗体（Anti-HBe）。临床上用于乙型肝炎病毒感染的辅助诊断。","Ⅲ"
65,1,"与致病性病原体抗原、抗体以及核酸等检测相关的试剂",1065,"乙型肝炎病毒e抗原（HBeAg）检测试剂","用于检测人体样本中的乙型肝炎病毒e抗原（HBeAg）。临床上用于乙型肝炎病毒感染的辅助诊断和监测。","Ⅲ"
66,1,"与致病性病原体抗原、抗体以及核酸等检测相关的试剂",1066,"乙型肝炎病毒表面抗体（Anti-HBs）检测试剂","用于检测人体样本中的乙型肝炎病毒表面抗体（Anti-HBs）。临床上用于乙型肝炎病毒感染的辅助诊断。","Ⅲ"
67,1,"与致病性病原体抗原、抗体以及核酸等检测相关的试剂",1067,"乙型肝炎病毒表面抗原（HBsAg）检测试剂","用于检测人体样本中的乙型肝炎病毒表面抗原（HBsAg）。临床上用于乙型肝炎病毒感染的辅助诊断。","Ⅲ"
68,1,"与致病性病原体抗原、抗体以及核酸等检测相关的试剂",1068,"乙型肝炎病毒表面抗原（HBsAg）确认试剂","用于检测人体样本中的乙型肝炎病毒表面抗原（HBsAg）。临床上用于确认乙型肝炎病毒检测结果具有反应性的样本。","Ⅲ"
69,1,"与致病性病原体抗原、抗体以及核酸等检测相关的试剂",1069,"乙型肝炎病毒大蛋白检测试剂","用于检测人体样本中的乙型肝炎病毒大蛋白。临床上用于乙型肝炎病毒感染的辅助诊断。","Ⅲ"
70,1,"与致病性病原体抗原、抗体以及核酸等检测相关的试剂",1070,"乙型肝炎病毒（HBV）核酸检测试剂","用于检测人体样本中的乙型肝炎病毒（HBV）核酸。临床上用于乙型肝炎的辅助诊断及疗效观察。","Ⅲ"
71,1,"与致病性病原体抗原、抗体以及核酸等检测相关的试剂",1071,"乙型肝炎病毒核心抗体（Anti-HBc）检测试剂","用于检测人体样本中的乙型肝炎病毒核心抗体（Anti-HBc）。临床上用于乙肝病毒感染的辅助诊断和监测。","Ⅲ"
72,1,"与致病性病原体抗原、抗体以及核酸等检测相关的试剂",1072,"乙型肝炎病毒（HBV）基因分型检测试剂","用于检测人体样本中乙型肝炎病毒（HBV）基因型别。临床上用于乙型肝炎病毒感染的辅助诊断。","Ⅲ"
73,1,"与致病性病原体抗原、抗体以及核酸等检测相关的试剂",1073,"乙型肝炎病毒耐药基因检测试剂","用于检测人体样本中的乙型肝炎病毒的耐药基因突变。临床上用于乙型肝炎病毒耐药性的辅助诊断。","Ⅲ"
74,1,"与致病性病原体抗原、抗体以及核酸等检测相关的试剂",1074,"乙型肝炎病毒（HBV）前S1抗原/抗体检测试剂","用于检测人体样本中的乙型肝炎病毒（HBV）前S1抗原/抗体。临床上用于乙型肝炎的辅助诊断。","Ⅲ"
75,1,"与致病性病原体抗原、抗体以及核酸等检测相关的试剂",1075,"乙型肝炎病毒前S2抗原/抗体检测试剂","用于检测人体样本中的乙型肝炎病毒前S2抗原/抗体。临床上用于乙型肝炎的辅助诊断。","Ⅲ"
76,1,"与致病性病原体抗原、抗体以及核酸等检测相关的试剂",1076,"乙型肝炎病毒前S抗原检测试剂","用于检测人体样本中的乙型肝炎病毒前S抗原。临床上用于乙型肝炎的辅助诊断。","Ⅲ"
77,1,"与致病性病原体抗原、抗体以及核酸等检测相关的试剂",1077,"丙型肝炎病毒基因分型检测试剂","用于检测人体样本中丙型肝炎病毒基因型别。临床上用于丙型肝炎病毒感染的分型和指导治疗。","Ⅲ"
78,1,"与致病性病原体抗原、抗体以及核酸等检测相关的试剂",1078,"丙型肝炎病毒（HCV）抗体确认试剂","用于检测人体样本中的丙型肝炎病毒（HCV）抗体。临床上用于确认丙型肝炎病毒（HCV）抗体检测结果具有反应性的样本。","Ⅲ"
79,1,"与致病性病原体抗原、抗体以及核酸等检测相关的试剂",1079,"丙型肝炎病毒（HCV）抗原/抗体/核酸检测试剂","用于检测人体样本中的丙型肝炎病毒（HCV）抗原/抗体/核酸。临床上用于丙型肝炎的辅助诊断。","Ⅲ"
80,1,"与致病性病原体抗原、抗体以及核酸等检测相关的试剂",1080,"丁型肝炎病毒（HDV）抗原/抗体/核酸检测试剂","用于检测人体样本中的丁型肝炎病毒（HDV）抗原/抗体/核酸。临床上用于丁型肝炎的辅助诊断。","Ⅲ"
81,1,"与致病性病原体抗原、抗体以及核酸等检测相关的试剂",1081,"甲型H1N1流感病毒抗原/核酸检测试剂","用于检测人体样本中的甲型H1N1流感病毒抗原/核酸。临床上用于甲型H1N1流感的辅助诊断和鉴别诊断。","Ⅲ"
82,1,"与致病性病原体抗原、抗体以及核酸等检测相关的试剂",1082,"甲型流感病毒抗原/抗体/核酸检测试剂","用于检测人体样本中的甲型流感病毒抗原/抗体/核酸。临床上用于甲型流感的辅助诊断和鉴别诊断。","Ⅲ"
83,1,"与致病性病原体抗原、抗体以及核酸等检测相关的试剂",1083,"乙型流感病毒抗原/抗体/核酸检测试剂","用于检测人体样本中的乙型流感病毒抗原/抗体/核酸。临床上用于乙型流感的辅助诊断和鉴别诊断。","Ⅲ"
84,1,"与致病性病原体抗原、抗体以及核酸等检测相关的试剂",1084,"乙型脑炎病毒抗体检测试剂","用于检测人体样本中的乙型脑炎病毒抗体。临床上用于流行性乙型脑炎的辅助诊断。","Ⅲ"
85,1,"与致病性病原体抗原、抗体以及核酸等检测相关的试剂",1085,"艰难梭菌毒素A/毒素B检测试剂","用于检测人体粪便样本中的艰难梭菌毒素A/毒素B。临床上用于艰难梭菌感染的辅助诊断。","Ⅲ"
86,1,"与致病性病原体抗原、抗体以及核酸等检测相关的试剂",1086,"艰难梭菌谷氨酸脱氢酶抗原检测试剂","用于检测人体粪便样本中的艰难梭菌谷氨酸脱氢酶。临床上用于艰难梭菌感染的辅助诊断。","Ⅲ"
87,1,"与致病性病原体抗原、抗体以及核酸等检测相关的试剂",1087,"艰难梭菌核酸检测试剂","用于检测人体粪便样本中的艰难梭菌毒素基因。临床上用于艰难梭菌感染的辅助诊断。","Ⅲ"
88,1,"与致病性病原体抗原、抗体以及核酸等检测相关的试剂",1088,"结核分枝杆菌抗原/抗体/核酸检测试剂","用于检测人体样本中的结核分枝杆菌抗原/抗体/核酸。临床上用于结核病的辅助诊断。","Ⅲ"
89,1,"与致病性病原体抗原、抗体以及核酸等检测相关的试剂",1089,"结核分枝杆菌耐药基因检测试剂","用于检测人体样本中的结核分枝杆菌耐药基因。临床上用于结核分枝杆菌耐药性的辅助诊断。","Ⅲ"
90,1,"与致病性病原体抗原、抗体以及核酸等检测相关的试剂",1090,"结核感染T细胞释放γ-干扰素检测试剂","用于检测人体样本中T淋巴细胞在结核分枝杆菌特异性抗原刺激下产生的γ-干扰素的水平。临床上用于结核病的辅助诊断。","Ⅲ"
91,1,"与致病性病原体抗原、抗体以及核酸等检测相关的试剂",1091,"解脲脲原体基因分型检测试剂","用于检测人体样本中的解脲脲原体基因分型。临床上用于解脲脲原体感染的辅助诊断。","Ⅲ"
92,1,"与致病性病原体抗原、抗体以及核酸等检测相关的试剂",1092,"解脲脲原体（UU）抗体/核酸检测试剂","用于检测人体样本中的解脲脲原体（UU）抗体/核酸。临床上用于解脲脲原体感染的辅助诊断。","Ⅲ"
93,1,"与致病性病原体抗原、抗体以及核酸等检测相关的试剂",1093,"微小脲原体（UP）核酸检测试剂","用于检测人体样本中的微小脲原体（UP）的核酸。临床上用于微小脲原体感染的辅助诊断。","Ⅲ"
94,1,"与致病性病原体抗原、抗体以及核酸等检测相关的试剂",1094,"人型支原体（MH）核酸检测试剂","用于检测人体样本中的人型支原体（MH）核酸。临床上用于人型支原体感染的辅助诊断。","Ⅲ"
95,1,"与致病性病原体抗原、抗体以及核酸等检测相关的试剂",1095,"生殖支原体（MG）核酸检测试剂","用于检测人体样本中生殖支原体（MG）核酸。临床上用于生殖支原体感染的辅助诊断。","Ⅲ"
96,1,"与致病性病原体抗原、抗体以及核酸等检测相关的试剂",1096,"金黄色葡萄球菌核酸检测试剂","用于检测人体样本中的金黄色葡萄球菌核酸。临床上用于金黄色葡萄球菌感染的辅助诊断。","Ⅲ"
97,1,"与致病性病原体抗原、抗体以及核酸等检测相关的试剂",1097,"金黄色葡萄球菌抗原检测试剂","用于检测人体样本中的金黄色葡萄球菌抗原。临床上用于金黄色葡萄球菌感染的辅助诊断。","Ⅲ"
98,1,"与致病性病原体抗原、抗体以及核酸等检测相关的试剂",1098,"巨细胞病毒IgG抗体亲合力检测试剂","用于检测人体样本中巨细胞病毒IgG抗体的亲合力。临床上用于辅助判断巨细胞病毒感染的感染阶段。","Ⅲ"
99,1,"与致病性病原体抗原、抗体以及核酸等检测相关的试剂",1099,"巨细胞病毒抗体/核酸检测试剂","用于检测人体样本中的巨细胞病毒抗体/核酸。临床上用于巨细胞病毒感染的辅助诊断。","Ⅲ"
100,1,"与致病性病原体抗原、抗体以及核酸等检测相关的试剂",1100,"抗EB病毒衣壳抗原IgG抗体亲合力检测试剂","用于检测人体样本中抗EB病毒衣壳抗原IgG抗体亲合力。临床上用于辅助判断EB病毒感染的感染阶段。","Ⅲ"
101,1,"与致病性病原体抗原、抗体以及核酸等检测相关的试剂",1101,"抗细小病毒B19抗体检测试剂","用于检测人体样本中的抗细小病毒B19抗体。临床上用于细小病毒感染的辅助诊断。","Ⅲ"
102,1,"与致病性病原体抗原、抗体以及核酸等检测相关的试剂",1102,"柯萨奇病毒B组抗体检测试剂","用于检测人体样本中的柯萨奇病毒B组抗体。临床上用于柯萨奇病毒B组感染的辅助诊断。","Ⅲ"
103,1,"与致病性病原体抗原、抗体以及核酸等检测相关的试剂",1103,"狂犬病病毒IgG抗体检测试剂","用于检测人体样本中的狂犬病病毒IgG抗体。临床上用于接种狂犬病疫苗后人体狂犬病毒IgG抗体水平的监测。","Ⅲ"
104,1,"与致病性病原体抗原、抗体以及核酸等检测相关的试剂",1104,"淋球菌抗原/核酸检测试剂","用于检测人体样本中的淋球菌抗原/核酸。临床上用于淋球菌感染的辅助诊断。","Ⅲ"
105,1,"与致病性病原体抗原、抗体以及核酸等检测相关的试剂",1105,"流行性出血热病毒抗体检测试剂","用于检测人体样本中的流行性出血热病毒抗体。临床上用于流行性出血热的辅助诊断。","Ⅲ"
106,1,"与致病性病原体抗原、抗体以及核酸等检测相关的试剂",1106,"轮状病毒抗原/核酸检测试剂","用于检测人体样本中的轮状病毒抗原/核酸。临床上用于轮状病毒感染的辅助诊断。","Ⅲ"
107,1,"与致病性病原体抗原、抗体以及核酸等检测相关的试剂",1107,"麻风分枝杆菌抗体检测试剂","用于检测人体样本中的麻风分枝杆菌抗体。临床上用于麻风的辅助诊断。","Ⅲ"
108,1,"与致病性病原体抗原、抗体以及核酸等检测相关的试剂",1108,"麻疹病毒抗体/核酸检测试剂","用于检测人体样本中的麻疹病毒抗体/核酸。临床上用于麻疹的辅助诊断。","Ⅲ"
109,1,"与致病性病原体抗原、抗体以及核酸等检测相关的试剂",1109,"马尔尼菲篮状菌抗原检测试剂","用于检测人体样本中的马尔尼菲篮状菌抗原。临床上用于马尔尼菲篮状菌感染的辅助诊断。","Ⅲ"
110,1,"与致病性病原体抗原、抗体以及核酸等检测相关的试剂",1110,"耐甲氧西林金黄色葡萄球菌核酸检测试剂","用于检测人体样本中的耐甲氧西林金黄色葡萄球菌的核酸。临床上用于耐甲氧西林金黄色葡萄球菌感染的辅助诊断。","Ⅲ"
111,1,"与致病性病原体抗原、抗体以及核酸等检测相关的试剂",1111,"耐甲氧西林金黄色葡萄球菌耐药基因检测试剂","用于检测人体样本中的耐甲氧西林金黄色葡萄球菌的耐药基因。临床上用于耐甲氧西林金黄色葡萄球菌耐药性的辅助诊断。","Ⅲ"
112,1,"与致病性病原体抗原、抗体以及核酸等检测相关的试剂",1112,"耐万古霉素肠球菌基因检测试剂","用于检测人体样本中肠球菌基因和耐万古霉素肠球菌特异性基因。临床上用于耐万古霉素肠球菌耐药性的辅助诊断。","Ⅲ"
113,1,"与致病性病原体抗原、抗体以及核酸等检测相关的试剂",1113,"囊虫病（CYT）抗体检测试剂","用于检测人体样本中的囊虫病（CYT）抗体。临床上用于囊虫病的辅助诊断。","Ⅲ"
114,1,"与致病性病原体抗原、抗体以及核酸等检测相关的试剂",1114,"念珠菌甘露聚糖抗原/IgG抗体检测试剂","用于检测人体样本中的念珠菌甘露聚糖抗原/IgG抗体。临床上用于念珠菌感染的辅助诊断。","Ⅲ"
115,1,"与致病性病原体抗原、抗体以及核酸等检测相关的试剂",1115,"念珠菌烯醇化酶IgG抗体检测试剂","用于检测人体样本中的念珠菌烯醇化酶IgG抗体。临床上用于念珠菌感染的辅助诊断。","Ⅲ"
116,1,"与致病性病原体抗原、抗体以及核酸等检测相关的试剂",1116,"诺如病毒抗原/核酸检测试剂","用于检测人体样本中的诺如病毒抗原/核酸。临床上用于诺如病毒感染的辅助诊断。","Ⅲ"
117,1,"与致病性病原体抗原、抗体以及核酸等检测相关的试剂",1117,"破伤风类毒素抗体检测试剂","用于检测人体样本中的破伤风类毒素抗体。临床上用于破伤风的辅助诊断。","Ⅲ"
118,1,"与致病性病原体抗原、抗体以及核酸等检测相关的试剂",1118,"曲霉菌半乳甘露聚糖抗原/IgG抗体/IgE抗体检测试剂","用于检测人体样本中的曲霉半乳甘露聚糖抗原/IgG抗体/IgE抗体。临床上用于曲霉感染的辅助诊断。","Ⅲ"
119,1,"与致病性病原体抗原、抗体以及核酸等检测相关的试剂",1119,"曲霉菌抗原/抗体检测试剂","用于检测人体样本中的烟曲霉、黄曲霉、黑曲霉等曲霉菌抗原/抗体。临床上用于曲霉感染的辅助诊断。","Ⅲ"
120,1,"与致病性病原体抗原、抗体以及核酸等检测相关的试剂",1120,"热带假丝酵母菌核酸检测试剂","用于检测人体样本中的热带假丝酵母菌核酸。临床上用于热带假丝酵母菌感染的辅助诊断。","Ⅲ"
121,1,"与致病性病原体抗原、抗体以及核酸等检测相关的试剂",1121,"人博卡病毒核酸检测试剂","用于检测人体样本中的人博卡病毒核酸。临床上用于博卡病毒感染的辅助诊断。","Ⅲ"
122,1,"与致病性病原体抗原、抗体以及核酸等检测相关的试剂",1122,"人感染H7N9禽流感病毒核酸检测试剂","用于检测人体样本中H7N9禽流感病毒核酸。临床上用于禽流感的辅助诊断。","Ⅲ"
123,1,"与致病性病原体抗原、抗体以及核酸等检测相关的试剂",1123,"人类T淋巴细胞病毒Ⅰ型和Ⅱ型（HTLV Ⅰ+Ⅱ）抗体检测试剂","用于检测人体样本中的人类T淋巴细胞病毒I型和Ⅱ型（HTLV Ⅰ+Ⅱ）抗体。临床上用于人类T淋巴细胞病毒感染的辅助诊断。","Ⅲ"
124,1,"与致病性病原体抗原、抗体以及核酸等检测相关的试剂",1124,"人类免疫缺陷病毒1型（HIV 1）核酸检测试剂","用于检测人体样本中的人类免疫缺陷病毒1型（HIV 1）核酸。临床上用于HIV感染的辅助诊断。","Ⅲ"
125,1,"与致病性病原体抗原、抗体以及核酸等检测相关的试剂",1125,"人类免疫缺陷病毒（HIV）耐药基因检测试剂","用于检测人体样本中的人类免疫缺陷病毒（HIV）的耐药基因。临床上用于人类免疫缺陷病毒耐药性的辅助诊断。","Ⅲ"
126,1,"与致病性病原体抗原、抗体以及核酸等检测相关的试剂",1126,"人类免疫缺陷病毒（HIV）抗体检测试剂","用于检测人体样本中的人类免疫缺陷病毒（HIV）抗体，包括1型（包括O组、M组等）、2型抗体。临床上用于人类免疫缺陷病毒感染的辅助诊断。","Ⅲ"
127,1,"与致病性病原体抗原、抗体以及核酸等检测相关的试剂",1127,"人类免疫缺陷病毒（HIV）抗原检测试剂","用于检测人体样本中的人类免疫缺陷病毒（HIV）抗原。临床上用于人类免疫缺陷病毒感染的辅助诊断。","Ⅲ"
128,1,"与致病性病原体抗原、抗体以及核酸等检测相关的试剂",1128,"人类免疫缺陷病毒（HIV）抗原/抗体确认试剂","用于检测人体样本中的人类免疫缺陷病毒（HIV）抗原/抗体。临床上用于确认人类免疫缺陷病毒抗原/抗体检测结果具有反应性的样本。","Ⅲ"
129,1,"与致病性病原体抗原、抗体以及核酸等检测相关的试剂",1129,"人偏肺病毒（HMPV）核酸检测试剂","用于检测人体样本中人偏肺病毒（HMPV）核酸。临床上用于人偏肺病毒感染的辅助诊断。","Ⅲ"
130,1,"与致病性病原体抗原、抗体以及核酸等检测相关的试剂",1130,"人乳头瘤病毒（HPV）核酸检测试剂","用于检测人体样本中的人乳头瘤病毒（HPV）核酸。临床上用于人乳头瘤病毒感染的辅助诊断。","Ⅲ"
131,1,"与致病性病原体抗原、抗体以及核酸等检测相关的试剂",1131,"人乳头瘤病毒（HPV）基因分型检测试剂","用于检测人体样本中的人乳头瘤病毒（HPV）基因分型。临床上用于人乳头瘤病毒感染的辅助诊断。","Ⅲ"
132,1,"与致病性病原体抗原、抗体以及核酸等检测相关的试剂",1132,"日本血吸虫抗体检测试剂","用于检测人体样本中日本血吸虫特异性抗体。临床上用于日本血吸虫感染的辅助诊断。","Ⅲ"
133,1,"与致病性病原体抗原、抗体以及核酸等检测相关的试剂",1133,"血吸虫虫卵抗体检测试剂","用于检测人体样本中特异性血吸虫虫卵抗体。临床上用于血吸虫感染辅助诊断。","Ⅲ"
134,1,"与致病性病原体抗原、抗体以及核酸等检测相关的试剂",1134,"腮腺炎病毒抗体/核酸检测试剂","用于检测人体样本中的腮腺炎病毒抗体/核酸。临床上用于腮腺炎的辅助诊断。","Ⅲ"
135,1,"与致病性病原体抗原、抗体以及核酸等检测相关的试剂",1135,"沙门菌抗原/核酸检测试剂","用于检测人体样本中的沙门菌抗原/核酸。临床上用于沙门菌感染的辅助诊断。","Ⅲ"
136,1,"与致病性病原体抗原、抗体以及核酸等检测相关的试剂",1136,"沙门菌属诊断血清","用于检测人体样本中的伤寒沙门菌、副伤寒沙门菌、鼠伤寒沙门菌。临床上用于各型沙门菌的分型。","Ⅲ"
137,1,"与致病性病原体抗原、抗体以及核酸等检测相关的试剂",1137,"沙眼衣原体抗原/抗体/核酸检测试剂","用于检测人体样本中的沙眼衣原体抗原/抗体/核酸。临床上用于沙眼衣原体感染的辅助诊断。","Ⅲ"
138,1,"与致病性病原体抗原、抗体以及核酸等检测相关的试剂",1138,"伤寒、甲型副伤寒沙门菌核酸检测试剂","用于检测人体样本中的伤寒沙门菌和甲型副伤寒沙门菌核酸。临床上用于伤寒、甲型副伤寒沙门菌感染的辅助诊断。","Ⅲ"
139,1,"与致病性病原体抗原、抗体以及核酸等检测相关的试剂",1139,"伤寒沙门菌H901诊断菌液","用于检测人体样本中的伤寒沙门菌抗体。临床上用于肥达（Widal）反应。","Ⅲ"
140,1,"与致病性病原体抗原、抗体以及核酸等检测相关的试剂",1140,"伤寒沙门菌O901诊断菌液","用于检测人体样本中的伤寒沙门菌抗体。临床上用于肥达（Widal）反应。","Ⅲ"
141,1,"与致病性病原体抗原、抗体以及核酸等检测相关的试剂",1141,"伤寒沙门菌（甲/乙/丙）型诊断菌液","用于检测人体样本中的甲/乙/丙型伤寒沙门菌。临床上用于伤寒沙门菌甲、乙、丙型血清诊断。","Ⅲ"
142,1,"与致病性病原体抗原、抗体以及核酸等检测相关的试剂",1142,"嗜肺军团菌抗体/核酸检测试剂","用于检测人体样本中的嗜肺军团菌抗体/核酸。临床上用于军团菌肺炎的辅助诊断。","Ⅲ"
143,1,"与致病性病原体抗原、抗体以及核酸等检测相关的试剂",1143,"鼠疫耶尔森菌F1抗体检测试剂","用于检测人体样本中的鼠疫耶尔森菌F1抗体。临床上用于人鼠疫耶尔森菌感染的辅助诊断。","Ⅲ"
144,1,"与致病性病原体抗原、抗体以及核酸等检测相关的试剂",1144,"鼠疫耶尔森菌诊断血清","用于检测人体样本中的鼠疫耶尔森菌。临床上用于鼠疫耶尔森菌感染的辅助诊断。","Ⅲ"
145,1,"与致病性病原体抗原、抗体以及核酸等检测相关的试剂",1145,"水痘-带状疱疹病毒抗体检测试剂","用于检测人体样本中的水痘-带状疱疹病毒抗体。临床上用于水痘-带状疱疹病毒感染的辅助诊断。","Ⅲ"
146,1,"与致病性病原体抗原、抗体以及核酸等检测相关的试剂",1146,"炭疽杆菌抗原检测试剂","用于检测人体样本中的炭疽杆菌抗原。临床上用于炭疽杆菌感染的辅助诊断。","Ⅲ"
147,1,"与致病性病原体抗原、抗体以及核酸等检测相关的试剂",1147,"炭疽杆菌诊断血清","用于检测人体样本中的炭疽杆菌。临床上用于炭疽杆菌感染的辅助诊断。","Ⅲ"
148,1,"与致病性病原体抗原、抗体以及核酸等检测相关的试剂",1148,"碳青霉烯类抗生素耐药基因检测试剂","用于检测人体样本中耐药细菌的碳青霉烯类抗生素耐药基因。临床上用于耐药细菌碳青霉烯耐药性的辅助诊断。","Ⅲ"
149,1,"与致病性病原体抗原、抗体以及核酸等检测相关的试剂",1149,"戊型肝炎病毒抗原/抗体/核酸检测试剂","用于检测人体样本中的戊型肝炎病毒抗原/抗体/核酸。临床上用于戊型肝炎的辅助诊断。","Ⅲ"
150,1,"与致病性病原体抗原、抗体以及核酸等检测相关的试剂",1150,"腺病毒抗体/抗原/核酸检测试剂","用于检测人体样本中的腺病毒抗体/抗原/核酸。临床上用于腺病毒感染的辅助诊断。","Ⅲ"
151,1,"与致病性病原体抗原、抗体以及核酸等检测相关的试剂",1151,"SARS冠状病毒抗体检测试剂","用于检测人体样本中的SARS冠状病毒抗体。临床上用于传染性非典型性肺炎的辅助诊断。","Ⅲ"
152,1,"与致病性病原体抗原、抗体以及核酸等检测相关的试剂",1152,"新型冠状病毒（SARS-CoV-2）抗原/抗体/核酸检测试剂","用于检测人体样本中的新型冠状病毒（SARS-CoV-2）的抗原/抗体/核酸。临床上用于新型冠状病毒感染的辅助诊断。","Ⅲ"
153,1,"与致病性病原体抗原、抗体以及核酸等检测相关的试剂",1153,"恙虫病抗原/抗体检测试剂","用于检测人体样本中的恙虫病抗原/抗体。临床上用于恙虫病的辅助诊断。","Ⅲ"
154,1,"与致病性病原体抗原、抗体以及核酸等检测相关的试剂",1154,"衣原体抗原检测试剂","用于检测人体样本中的衣原体抗原。临床上用于衣原体感染的辅助诊断。","Ⅲ"
155,1,"与致病性病原体抗原、抗体以及核酸等检测相关的试剂",1155,"阴道加德纳菌抗原检测试剂","用于检测人体样本中的阴道加德纳菌抗原。临床上用于阴道加德纳菌感染的辅助诊断。","Ⅲ"
156,1,"与致病性病原体抗原、抗体以及核酸等检测相关的试剂",1156,"阴道毛滴虫抗原/核酸检测试剂","用于检测人体样本中的阴道毛滴虫抗原/核酸。临床上用于阴道毛滴虫感染的辅助诊断。","Ⅲ"
157,1,"与致病性病原体抗原、抗体以及核酸等检测相关的试剂",1157,"隐球菌核酸检测试剂","用于检测人体样本中的隐球菌核酸。临床用于隐球菌感染的辅助诊断。","Ⅲ"
158,1,"与致病性病原体抗原、抗体以及核酸等检测相关的试剂",1158,"隐球菌荚膜多糖抗原检测试剂","用于检测人体样本中的隐球菌荚膜多糖抗原。临床上用于隐球菌感染的辅助诊断。","Ⅲ"
159,1,"与致病性病原体抗原、抗体以及核酸等检测相关的试剂",1159,"幽门螺旋杆菌抗体分型检测试剂","用于检测人体样本中的多种幽门螺旋杆菌抗体。临床上用于幽门螺旋杆菌的分型。","Ⅲ"
160,1,"与致病性病原体抗原、抗体以及核酸等检测相关的试剂",1160,"幽门螺旋杆菌抗原/抗体/核酸检测试剂","用于检测人体样本中的幽门螺旋杆菌抗原/抗体/核酸。临床上用于胃肠道幽门螺旋杆菌感染的辅助诊断。","Ⅲ"
161,1,"与致病性病原体抗原、抗体以及核酸等检测相关的试剂",1161,"幽门螺旋杆菌耐药基因检测试剂","用于检测人体样本中的幽门螺旋杆菌耐药基因。临床上用于幽门螺旋杆菌耐药性的辅助诊断。","Ⅲ"
162,1,"与致病性病原体抗原、抗体以及核酸等检测相关的试剂",1162,"幽门螺旋杆菌尿素酶抗体检测试剂","用于检测人体样本中的幽门螺旋杆菌尿素酶抗体。临床上用于胃肠道幽门螺旋杆菌感染的辅助诊断。","Ⅲ"
163,1,"与致病性病原体抗原、抗体以及核酸等检测相关的试剂",1163,"寨卡病毒核酸检测试剂","用于检测人体样本中的寨卡病毒核酸。临床上用于寨卡病毒感染的辅助诊断。","Ⅲ"
164,1,"与致病性病原体抗原、抗体以及核酸等检测相关的试剂",1164,"真菌26S rRNA检测试剂","用于检测人体样本中真菌26S rRNA。临床上用于真菌感染的辅助诊断。","Ⅲ"
165,1,"与致病性病原体抗原、抗体以及核酸等检测相关的试剂",1165,"志贺菌核酸检测试剂","用于检测人体样本中的志贺菌核酸。临床上用于志贺菌感染的辅助诊断。","Ⅲ"
166,1,"与致病性病原体抗原、抗体以及核酸等检测相关的试剂",1166,"志贺菌属诊断血清","用于检测人体样本中的志贺菌。临床上用于志贺菌属的分群。","Ⅲ"
167,1,"与致病性病原体抗原、抗体以及核酸等检测相关的试剂",1167,"鲍氏志贺菌诊断血清","用于检测人体样本中的鲍氏志贺菌。临床上用于鲍氏志贺菌群分型。","Ⅲ"
168,1,"与致病性病原体抗原、抗体以及核酸等检测相关的试剂",1168,"福氏志贺菌诊断血清","用于检测人体样本中的福氏志贺菌。临床上用于福氏志贺菌群分型。","Ⅲ"
169,1,"与致病性病原体抗原、抗体以及核酸等检测相关的试剂",1169,"宋内志贺菌诊断血清","用于检测人体样本中的宋内志贺菌。临床上用于宋内志贺菌群分型。","Ⅲ"
170,1,"与致病性病原体抗原、抗体以及核酸等检测相关的试剂",1170,"痢疾志贺菌诊断血清","用于检测人体样本中的痢疾志贺菌。临床上用于痢疾志贺菌群分型。","Ⅲ"
171,2,"与血型、组织配型相关的试剂",2001,"ABO血型定型试剂","用于检测人体血液样本中ABO血型抗原。临床上用于人ABO血型正定型检测。","Ⅲ"
172,2,"与血型、组织配型相关的试剂",2002,"ABO血型反定型试剂","用于检测人体血液样本中ABO血型抗体。临床上用于人ABO血型反定型检测。","Ⅲ"
173,2,"与血型、组织配型相关的试剂",2003,"K血型抗原检测试剂","用于检测人体血液样本中K血型系统抗原。临床上用于人K血型鉴定。","Ⅲ"
174,2,"与血型、组织配型相关的试剂",2004,"RhD血型鉴定试剂","用于检测人体血液样本中RhD血型抗原。临床上用于人RhD血型鉴定。","Ⅲ"
175,2,"与血型、组织配型相关的试剂",2005,"Rh血型抗原检测试剂","用于检测人体血液样本中Rh血型系统C、c、D、E、e抗原。临床上用于人Rh血型鉴定。","Ⅲ"
176,2,"与血型、组织配型相关的试剂",2006,"红细胞抗体筛选/鉴定试剂","用于输血治疗时对受血者（和供血者）进行红细胞抗体筛查或抗体特异性鉴定及抗体效价检测。临床上用于输血反应（溶血等不良事件）的辅助诊断与预防。","Ⅲ"
177,2,"与血型、组织配型相关的试剂",2007,"抗C（IgM）血型定型试剂","用于检测人体血液样本中红细胞上Rh2（C）抗原。临床上用于Rh2（C）血型定型。","Ⅲ"
178,2,"与血型、组织配型相关的试剂",2008,"抗c（IgM）血型定型试剂","用于检测人体血液样本中红细胞上Rh4（c）抗原。临床上用于Rh4（c）血型定型。","Ⅲ"
179,2,"与血型、组织配型相关的试剂",2009,"抗D（IgG）血型定型试剂","用于检测人体血液样本中红细胞上RhD抗原，与DⅥ细胞反应，能检测出弱D。临床上用于RhD血型定型。","Ⅲ"
180,2,"与血型、组织配型相关的试剂",2010,"抗D（IgM）血型定型试剂","用于检测人体血液样本中红细胞上RhD抗原，不与DⅥ细胞反应，不能检测出弱D。临床上用于RhD血型定型。","Ⅲ"
181,2,"与血型、组织配型相关的试剂",2011,"抗E（IgM）血型定型试剂","用于检测人体血液样本中红细胞上Rh3（E）抗原。临床上用于Rh3（E）血型定型。","Ⅲ"
182,2,"与血型、组织配型相关的试剂",2012,"抗e（IgM）血型定型试剂","用于检测人体血液样本中红细胞上Rh5（e）抗原。临床上用于Rh5（e）血型定型。","Ⅲ"
183,2,"与血型、组织配型相关的试剂",2013,"抗人球蛋白检测试剂","用于检测人体血液样本中红细胞是否被IgG型抗体或补体致敏（直接试验），或检测人血清中是否存在IgG型抗体，或检测红细胞抗原。临床上用于新生儿溶血、溶血性贫血的辅助诊断或溶血性输血反应的鉴别。","Ⅲ"
184,2,"与血型、组织配型相关的试剂",2014,"凝聚胺试剂","可单独使用或与配套试剂共同使用，用于检测人体血液样本中红细胞免疫抗体。临床上用于交叉配血、抗体筛检。","Ⅲ"
185,2,"与血型、组织配型相关的试剂",2015,"人类白细胞抗原分型检测试剂","用于检测人体血液样本中人类白细胞抗原（HLA）的A、B、C、DQ、DR、DP等型别。临床上用于移植配型。","Ⅲ"
186,2,"与血型、组织配型相关的试剂",2016,"人类白细胞抗原抗体检测试剂","用于检测人体血液样本中HLA-I/II类和MICA抗体（及其特异性）。临床上用于患者接受移植治疗时，鉴定预存或新生的抗供者特异性HLA抗体（DSA）及危险度。","Ⅲ"
187,2,"与血型、组织配型相关的试剂",2017,"红细胞ABO血型基因分型试剂","用于检测人体血液样本红细胞基因组DNA中ABO等位基因。临床上用于人ABO血型鉴定。","Ⅲ"
188,2,"与血型、组织配型相关的试剂",2018,"红细胞RhD基因分型试剂","用于检测人体血液样本红细胞基因组DNA中RhD等位基因。临床上用于人RhD血型鉴定。","Ⅲ"
189,2,"与血型、组织配型相关的试剂",2019,"血小板抗体检测试剂","用于检测人体血液样本中血小板抗体。临床上用于血小板减少症的辅助诊断及血小板输注前交叉配型。","Ⅲ"
190,3,"与人类基因检测相关的试剂",3001,"CYP2C19基因检测试剂","用于检测人体样本中的CYP2C19基因。临床上用于氯吡格雷等药物的用药指导。","Ⅲ"
191,3,"与人类基因检测相关的试剂",3002,"CYP2C9基因检测试剂","用于检测人体样本中的CYP2C9基因。临床上用于华法林等药物的用药指导。","Ⅲ"
192,3,"与人类基因检测相关的试剂",3003,"CYP3A5基因检测试剂","用于检测人体样本中CYP3A5基因。临床上用于他克莫司等药物的用药指导。","Ⅲ"
193,3,"与人类基因检测相关的试剂",3004,"IL28B基因检测试剂","用于检测人体样本中IL28B基因。临床上用于对丙型肝炎病毒感染的易感性分析及疗效预测等。","Ⅲ"
194,3,"与人类基因检测相关的试剂",3005,"UGT1A1基因检测试剂","用于检测人体样本中UGT1A1基因。临床上用于伊立替康的用药指导。","Ⅲ"
195,3,"与人类基因检测相关的试剂",3006,"VKORC1基因检测试剂","用于检测人体样本中VKORC1基因。临床上用于华法林的用药指导。","Ⅲ"
196,3,"与人类基因检测相关的试剂",3007,"ACE基因检测试剂","用于检测人体样本中ACE基因，临床上用于高血压相关药物的用药指导。","Ⅲ"
197,3,"与人类基因检测相关的试剂",3008,"ADRB1基因检测试剂","用于检测人体样本中ADRB1基因。临床上用于抗高血压相关药物的用药指导。","Ⅲ"
198,3,"与人类基因检测相关的试剂",3009,"APOE基因检测试剂","用于检测人体样本中APOE基因。临床上用于胆固醇代谢异常的分析及心脑血管疾病的辅助诊断。","Ⅲ"
199,3,"与人类基因检测相关的试剂",3010,"SLCO1B1基因检测试剂","用于检测人体样本中SLCO1B1基因。临床上用于他汀类药物的用药指导。","Ⅲ"
200,3,"与人类基因检测相关的试剂",3011,"人类白细胞抗原B位点1502基因检测试剂","用于检测人体样本中人类白细胞抗原（HLA） B位点1502基因。临床上用于卡马西平等药物的用药指导。","Ⅲ"
201,3,"与人类基因检测相关的试剂",3012,"人类白细胞抗原B位点5801基因检测试剂","用于检测人体样本中人类白细胞抗原（HLA） B位点5801基因。临床上用于痛风、高尿酸血症等患者使用别嘌醇药物的用药指导。","Ⅲ"
202,3,"与人类基因检测相关的试剂",3013,"人类白细胞抗原B27（HLA-B27）基因检测试剂","用于检测人体样本中B27（HLA-B27）基因。临床上用于强直性脊柱炎（AS）等炎症性关节病的辅助诊断。","Ⅲ"
203,3,"与人类基因检测相关的试剂",3014,"线粒体乙醛脱氢酶2基因检测试剂","用于检测人体样本中线粒体乙醛脱氢酶2（ALDH2）基因。临床上用于硝酸甘油等药物代谢的用药指导以及乙醇代谢异常的分析。","Ⅲ"
204,3,"与人类基因检测相关的试剂",3015,"亚甲基四氢叶酸还原酶基因检测试剂","用于检测人体样本中亚甲基四氢叶酸还原酶（MTHFR）基因。临床上用于叶酸、同型半胱氨酸代谢异常的分析。","Ⅲ"
205,3,"与人类基因检测相关的试剂",3016,"Y染色体微缺失检测试剂","用于检测人体样本中Y染色体微缺失情况。临床上用于对不孕不育的辅助诊断或病因分析。","Ⅲ"
206,3,"与人类基因检测相关的试剂",3017,"染色体倍性/数目异常检测试剂","用于检测人体样本中染色体倍性、数目异常。临床上用于染色体异常相关疾病如21-三体综合征、Klinefelter综合征、超雌综合征等疾病的辅助诊断。","Ⅲ"
207,3,"与人类基因检测相关的试剂",3018,"染色体微缺失检测试剂","用于检测人体样本中染色体缺失异常。临床上用于不孕不育病因分析及产前辅助诊断。","Ⅲ"
208,3,"与人类基因检测相关的试剂",3019,"染色体微重复检测试剂","用于检测人体样本中染色体重复异常。临床上用于不孕不育病因分析及产前辅助诊断。","Ⅲ"
209,3,"与人类基因检测相关的试剂",3020,"产前染色体异常检测试剂","用于检测人体样本中13号、18号、21号、X及Y等染色体的数目。临床上用于产前辅助诊断。","Ⅲ"
210,3,"与人类基因检测相关的试剂",3021,"胎儿染色体非整倍体（T21、T18、T13）检测试剂","用于检测孕妇外周血血浆样本中的游离脱氧核糖核酸。临床上用于分析样本中胎儿游离DNA的21号、18号及13号染色体数目，对胎儿染色体非整倍体疾病21-三体综合征、18-三体综合征和13-三体综合征进行产前辅助判断。","Ⅲ"
211,4,"与遗传性疾病相关的试剂",4001,"C1 抑制剂检测试剂","用于检测人体样本中的 C1 抑制剂的含量。临床上用于遗传血管神经性水肿和一种罕见类型的淋巴瘤的并发血管性水肿的辅助诊断。","Ⅲ"
212,4,"与遗传性疾病相关的试剂",4002,"α-地中海贫血基因/蛋白检测试剂","用于检测人体样本中的α-地中海贫血基因/蛋白。临床上用于α-地中海贫血的辅助诊断或筛查。","Ⅲ"
213,4,"与遗传性疾病相关的试剂",4003,"β-地中海贫血基因/蛋白检测试剂","用于检测人体样本中的β-地中海贫血基因/蛋白。临床上用于β-地中海贫血的辅助诊断或筛查。","Ⅲ"
214,4,"与遗传性疾病相关的试剂",4004,"血红蛋白A2/F/A1c检测试剂","用于检测人体样本中HbA2、HbF和/或HbA1c的百分含量。临床上用于β-地中海贫血辅助诊断。","Ⅲ"
215,4,"与遗传性疾病相关的试剂",4005,"氨基酸、肉碱、琥珀酰丙酮、腺苷和溶血卵磷脂检测试剂","用于检测人体样本中的多种氨基酸、游离肉碱、酰基肉碱、琥珀酰丙酮、腺苷和溶血卵磷脂等物质的含量。临床上用于对新生儿遗传代谢病的筛查。","Ⅲ"
216,4,"与遗传性疾病相关的试剂",4006,"苯丙氨酸检测试剂","用于检测人体样本中苯丙氨酸的含量。临床上用于遗传性苯丙酮尿症的辅助诊断或筛查。","Ⅲ"
217,4,"与遗传性疾病相关的试剂",4007,"苯丙氨酸羟化酶基因突变检测试剂","用于检测人体样本中的苯丙氨酸羟化酶基因突变类型。临床上用于苯丙酮尿症的辅助诊断或筛查。","Ⅲ"
218,4,"与遗传性疾病相关的试剂",4008,"酪氨酸检测试剂","用于检测人体样本中酪氨酸（对羟基苯丙氨酸）的含量。临床上用于遗传性高酪氨酸血症和苯丙酮尿症的辅助诊断。","Ⅲ"
219,4,"与遗传性疾病相关的试剂",4009,"蛋白C检测试剂","用于检测人体样本中蛋白C（PC）的活性或含量。临床上用于遗传性缺乏和获得性缺乏蛋白C等疾病的辅助诊断。","Ⅲ"
220,4,"与遗传性疾病相关的试剂",4010,"蛋白S检测试剂","用于检测人体样本中蛋白S（PS）的活性或含量。临床上用于遗传性缺乏和获得性缺乏蛋白S等疾病的辅助诊断。","Ⅲ"
221,4,"与遗传性疾病相关的试剂",4011,"游离蛋白S检测试剂","用于检测人体样本中游离蛋白S（fPS）的含量。临床上用于遗传性PS缺陷或后天或获得性PS缺陷的辅助诊断。","Ⅲ"
222,4,"与遗传性疾病相关的试剂",4012,"活化蛋白C抵抗检测试剂","用于检测人体样本中由V因子Q506突变引起的活性蛋白C抵抗性。临床上用于家族性易栓症的辅助诊断。","Ⅲ"
223,4,"与遗传性疾病相关的试剂",4013,"半乳糖检测试剂","用于检测人体尿液样本中半乳糖的含量。临床上用于遗传性半乳糖血症的辅助诊断。","Ⅲ"
224,4,"与遗传性疾病相关的试剂",4014,"凝血因子Ⅷ检测试剂","用于检测人体样本中凝血因子Ⅷ活性或含量。临床上用于血友病A的辅助诊断和治疗监测，还可用于血管性假性血友病（VWD）、弥散性血管内凝血（DIC）、静脉血栓形成的辅助或鉴别诊断及治疗监测。","Ⅲ"
225,4,"与遗传性疾病相关的试剂",4015,"凝血因子Ⅸ检测试剂","用于检测人体样本中凝血因子Ⅸ的活性或含量。临床上用于血友病B的辅助诊断和治疗监测。","Ⅲ"
226,4,"与遗传性疾病相关的试剂",4016,"凝血因子ⅩⅢ检测试剂","用于检测人体样本中凝血因子ⅩⅢ抗原的含量。临床上用于遗传性或获得性凝血因子ⅩⅢ缺乏性出血疾病的辅助诊断。","Ⅲ"
227,4,"与遗传性疾病相关的试剂",4017,"葡萄糖-6-磷酸脱氢酶检测试剂","用于检测人体样本中葡萄糖-6-磷酸脱氢酶的含量。临床上用于遗传性红细胞葡萄糖-6-磷酸脱氢酶（G6PD）缺乏症的辅助诊断。","Ⅲ"
228,4,"与遗传性疾病相关的试剂",4018,"葡萄糖-6-磷酸脱氢酶基因突变检测试剂","用于检测人体样本中葡萄糖-6-磷酸脱氢酶基因突变位点。临床上用于遗传性红细胞葡萄糖-6-磷酸脱氢酶（G6PD）缺乏症的辅助诊断。","Ⅲ"
229,4,"与遗传性疾病相关的试剂",4019,"运动神经元存活基因1（SMN1）检测试剂","用于检测人体样本中运动神经元存活基因1（SMN1）第7外显子和/或第8外显子。临床上用于脊髓性肌萎缩症的辅助诊断。","Ⅲ"
230,4,"与遗传性疾病相关的试剂",4020,"铜蓝蛋白检测试剂","用于检测人体样本中铜蓝蛋白的含量，临床上用于肝豆状核变性（Wilson病）疾病的辅助诊断。","Ⅲ"
231,4,"与遗传性疾病相关的试剂",4021,"17α-羟孕酮检测试剂","用于检测人体样本中的17α-羟孕酮的含量。临床上用于新生儿遗传性肾上腺皮质增生症的辅助诊断。","Ⅲ"
232,4,"与遗传性疾病相关的试剂",4022,"血管性血友病因子检测试剂","用于检测人体样本中血管性血友病因子。临床上用于血管性血友病的辅助诊断和分型。","Ⅲ"
233,4,"与遗传性疾病相关的试剂",4023,"遗传性耳聋基因突变检测试剂","用于检测人体样本中与遗传性耳聋相关的突变位点。临床上用于遗传性耳聋的辅助诊断。","Ⅲ"
234,5,"与麻醉药品、精神药品、医疗用毒性药品检测相关的试剂",5001,"安非他明检测试剂","临床上用于检测人体样本中的安非他明。","Ⅲ"
235,5,"与麻醉药品、精神药品、医疗用毒性药品检测相关的试剂",5002,"甲基安非他明检测检剂","临床上用于检测人体样本中的甲基安非他明。","Ⅲ"
236,5,"与麻醉药品、精神药品、医疗用毒性药品检测相关的试剂",5003,"亚甲二氧基甲基安非他明检测试剂","临床上用于检测人体样本中的亚甲二氧基甲基安非他明（MDMA）。","Ⅲ"
237,5,"与麻醉药品、精神药品、医疗用毒性药品检测相关的试剂",5004,"苯巴比妥检测试剂","临床上用于检测人体样本中的苯巴比妥。","Ⅲ"
238,5,"与麻醉药品、精神药品、医疗用毒性药品检测相关的试剂",5005,"苯二氮卓检测试剂","临床上用于检测人体样本中的苯二氮卓。","Ⅲ"
239,5,"与麻醉药品、精神药品、医疗用毒性药品检测相关的试剂",5006,"苯环己哌啶检测试剂","临床上用于检测人体样本中的苯环己哌啶。","Ⅲ"
240,5,"与麻醉药品、精神药品、医疗用毒性药品检测相关的试剂",5007,"丁丙诺啡检测试剂","临床上用于检测人体样本中的丁丙诺啡。","Ⅲ"
241,5,"与麻醉药品、精神药品、医疗用毒性药品检测相关的试剂",5008,"氯胺酮检测试剂","临床上用于检测人体样本中的氯胺酮。","Ⅲ"
242,5,"与麻醉药品、精神药品、医疗用毒性药品检测相关的试剂",5009,"四氢大麻酚酸检测检剂","临床上用于检测人体样本中的四氢大麻酚酸。","Ⅲ"
243,5,"与麻醉药品、精神药品、医疗用毒性药品检测相关的试剂",5010,"可待因检测试剂","临床上用于检测人体样本中的可待因。","Ⅲ"
244,5,"与麻醉药品、精神药品、医疗用毒性药品检测相关的试剂",5011,"可卡因检测试剂","临床上用于检测人体样本中的可卡因。","Ⅲ"
245,5,"与麻醉药品、精神药品、医疗用毒性药品检测相关的试剂",5012,"吗啡检测试剂","临床上用于检测人体样本中的吗啡。","Ⅲ"
246,5,"与麻醉药品、精神药品、医疗用毒性药品检测相关的试剂",5013,"美沙酮检测试剂","临床上用于检测人体样本中的美沙酮。","Ⅲ"
247,5,"与麻醉药品、精神药品、医疗用毒性药品检测相关的试剂",5014,"A型肉毒毒素诊断血清","临床上用于检测人体样本中的A型肉毒毒素。","Ⅲ"
248,5,"与麻醉药品、精神药品、医疗用毒性药品检测相关的试剂",5015,"洋地黄毒苷检测试剂","临床上用于检测人体样本中的洋地黄毒苷。","Ⅲ"
249,6,"与治疗药物靶点检测相关的试剂和伴随诊断用试剂",6001,"ALK基因重排检测试剂","用于检测人体样本中的间变性淋巴瘤激酶（ALK）基因的缺失、断裂等重排情况。临床上用于非小细胞肺癌的用药指导。","Ⅲ"
250,6,"与治疗药物靶点检测相关的试剂和伴随诊断用试剂",6002,"ALK抗体试剂/检测试剂","用于检测人体样本中的间变性淋巴瘤激酶（ALK）。临床上用于非小细胞肺癌的用药指导。","Ⅲ"
251,6,"与治疗药物靶点检测相关的试剂和伴随诊断用试剂",6003,"BCR/ABL融合基因探针试剂/检测试剂","用于检测人体样本中的BCR/ABL融合基因。临床上用于白血病的辅助诊断和用药指导。","Ⅲ"
252,6,"与治疗药物靶点检测相关的试剂和伴随诊断用试剂",6004,"BRAF基因突变检测试剂","用于检测人体样本中的BRAF基因突变。临床上用于肠癌、肺癌、黑色素瘤等的辅助诊断，以及BRAF V600E突变患者的用药指导。","Ⅲ"
253,6,"与治疗药物靶点检测相关的试剂和伴随诊断用试剂",6005,"BRCA1基因和BRCA2基因突变检测试剂","用于检测人体样本中的BRCA1基因和BRCA2基因突变。临床上用于抗肿瘤药物的用药指导。","Ⅲ"
254,6,"与治疗药物靶点检测相关的试剂和伴随诊断用试剂",6006,"EGFR基因突变探针试剂/检测试剂","用于检测人体样本中的EGFR基因突变。临床上用于非小细胞肺癌等恶性肿瘤的用药指导。","Ⅲ"
255,6,"与治疗药物靶点检测相关的试剂和伴随诊断用试剂",6007,"EML4-ALK基因融合检测试剂","用于检测人体样本中的间变性淋巴瘤激酶（ALK）基因融合状态。临床上用于非小细胞肺癌的用药指导。","Ⅲ"
256,6,"与治疗药物靶点检测相关的试剂和伴随诊断用试剂",6008,"KRAS基因检测试剂","用于检测人体样本中的KRAS基因。临床上用于肺癌、结直肠癌的辅助诊断及用药指导，乳腺癌等的辅助诊断。","Ⅲ"
257,6,"与治疗药物靶点检测相关的试剂和伴随诊断用试剂",6009,"NRAS基因突变检测试剂","用于检测人组织样本中的NRAS基因突变。临床上用于肺癌、结直肠癌的辅助诊断及用药指导。","Ⅲ"
258,6,"与治疗药物靶点检测相关的试剂和伴随诊断用试剂",6010,"PD-L1抗体试剂/检测试剂","用于检测人体样本中的PD-L1蛋白。临床上用于抗肿瘤药物的用药指导。","Ⅲ"
259,6,"与治疗药物靶点检测相关的试剂和伴随诊断用试剂",6011,"PIK3CA基因突变检测试剂","用于检测人体样本中的PIK3CA基因突变。临床上用于非小细胞肺癌、结直肠癌和乳腺癌的辅助诊断，以及乳腺癌的用药指导。","Ⅲ"
260,6,"与治疗药物靶点检测相关的试剂和伴随诊断用试剂",6012,"RET基因融合检测试剂","用于检测人体样本中的RET融合基因。临床上用于非小细胞肺癌的用药指导。","Ⅲ"
261,6,"与治疗药物靶点检测相关的试剂和伴随诊断用试剂",6013,"ROS1基因融合检测试剂","用于检测人体样本中的ROS1融合基因。临床上用于非小细胞肺癌的用药指导。","Ⅲ"
262,6,"与治疗药物靶点检测相关的试剂和伴随诊断用试剂",6014,"雌激素受体抗体试剂/检测试剂","用于检测人体样本中雌激素受体（ER）的表达。临床上用于乳腺癌的用药指导。","Ⅲ"
263,6,"与治疗药物靶点检测相关的试剂和伴随诊断用试剂",6015,"人表皮生长因子受体2（HER2）基因检测试剂","用于检测人体样本中的人表皮生长因子受体2（HER2）基因。临床上用于乳腺癌、胃癌等的辅助诊断及用药指导。","Ⅲ"
264,6,"与治疗药物靶点检测相关的试剂和伴随诊断用试剂",6016,"人表皮生长因子受体2（HER2）抗体试剂/检测试剂","用于检测人体样本中的人表皮生长因子受体2（HER2）。临床上用于乳腺癌、胃癌等的辅助诊断及用药指导。","Ⅲ"
265,6,"与治疗药物靶点检测相关的试剂和伴随诊断用试剂",6017,"孕激素受体抗体试剂/检测试剂","用于检测人体样本中孕激素受体的表达。临床上用于乳腺癌的用药指导。","Ⅲ"
266,7,"与肿瘤筛查、诊断、辅助诊断、分期相关的试剂",7001,"BCAT1基因甲基化检测试剂","用于检测人体样本中BCAT1基因的甲基化状态。临床上用于结直肠肿瘤的辅助诊断。","Ⅲ"
267,7,"与肿瘤筛查、诊断、辅助诊断、分期相关的试剂",7002,"CD117检测试剂","用于检测人体样本中CD117的表达。临床上用于胃肠道间质瘤的辅助诊断及用药指导。","Ⅲ"
268,7,"与肿瘤筛查、诊断、辅助诊断、分期相关的试剂",7003,"CD147检测试剂","用于检测人体样本中CD147的表达。临床上用于对恶性肿瘤患者进行动态监测。","Ⅲ"
269,7,"与肿瘤筛查、诊断、辅助诊断、分期相关的试剂",7004,"CD19检测试剂","用于检测人体样本中CD19的表达。临床上用于白血病和淋巴瘤分析。","Ⅲ"
270,7,"与肿瘤筛查、诊断、辅助诊断、分期相关的试剂",7005,"CD20抗体试剂/检测试剂","用于检测人体样本中CD20的表达。临床上用于白血病和淋巴瘤分析及淋巴细胞来源肿瘤的用药指导。","Ⅲ"
271,7,"与肿瘤筛查、诊断、辅助诊断、分期相关的试剂",7006,"CD22检测试剂","用于检测人体样本中CD22的表达。临床上用于白血病和淋巴瘤分析。","Ⅲ"
272,7,"与肿瘤筛查、诊断、辅助诊断、分期相关的试剂",7007,"淋巴细胞亚群检测试剂","用于检测人体样本中成熟淋巴细胞亚群的比例：T淋巴细胞（CD3+），B淋巴细胞（CD19+），辅助/诱导T淋巴细胞（CD3+CD4+），抑制/细胞毒T淋巴细胞（CD3+CD8+），自然杀伤细胞（NK）（CD3-CD16+和/或CD56+）等。临床上用于淋巴细胞亚群检测，免疫缺陷疾病，自身免疫性疾病，肿瘤和病毒感染细胞的细胞毒作用的辅助诊断。","Ⅲ"
273,7,"与肿瘤筛查、诊断、辅助诊断、分期相关的试剂",7008,"CD3/CD16/CD56/CD19/CD45检测试剂","用于检测人体样本中CD3、CD16、CD56、CD19、CD45的表达。临床上用于白血病和淋巴瘤分析、淋巴亚群分析。","Ⅲ"
274,7,"与肿瘤筛查、诊断、辅助诊断、分期相关的试剂",7009,"CD3/CD16/CD56检测试剂","用于检测人体样本中CD3、CD16、CD56的表达。临床上用于白血病和淋巴瘤分析。","Ⅲ"
275,7,"与肿瘤筛查、诊断、辅助诊断、分期相关的试剂",7010,"CD3/CD4/CD45检测试剂","用于检测人体样本中CD3、CD4、CD45的表达。临床上用于白血病和淋巴瘤分析、淋巴亚群分析。","Ⅲ"
276,7,"与肿瘤筛查、诊断、辅助诊断、分期相关的试剂",7011,"CD3/CD4/CD8/CD16/CD56/CD19/CD45检测试剂","用于检测人体样本中CD3/CD4/CD8/CD16/CD56/CD19/CD45的表达。临床上用于白血病和淋巴瘤分析、淋巴亚群分析。","Ⅲ"
277,7,"与肿瘤筛查、诊断、辅助诊断、分期相关的试剂",7012,"CD3/CD4/CD8/CD45检测试剂","用于检测人体样本中CD3、CD4、CD8、CD45的表达。临床上用于白血病和淋巴瘤分析、淋巴亚群分析。","Ⅲ"
278,7,"与肿瘤筛查、诊断、辅助诊断、分期相关的试剂",7013,"CD3/CD4/CD8检测试剂","用于检测人体样本中CD3、CD4、CD8的表达。临床上用于白血病和淋巴瘤分析、淋巴亚群分析。","Ⅲ"
279,7,"与肿瘤筛查、诊断、辅助诊断、分期相关的试剂",7014,"CD3/CD8/CD45检测试剂","用于检测人体样本中CD3、CD8、CD45的表达。临床上用于白血病和淋巴瘤分析、淋巴亚群分析。","Ⅲ"
280,7,"与肿瘤筛查、诊断、辅助诊断、分期相关的试剂",7015,"CD34检测试剂","用于检测人体样本中CD34的表达。临床上用于造血干细胞检测和白血病分型。","Ⅲ"
281,7,"与肿瘤筛查、诊断、辅助诊断、分期相关的试剂",7016,"CD4/CD45RA检测试剂","用于检测人体样本中CD4、CD45RA的表达。临床上用于白血病和淋巴瘤分析、淋巴亚群分析。","Ⅲ"
282,7,"与肿瘤筛查、诊断、辅助诊断、分期相关的试剂",7017,"CD64检测试剂","用于检测人体骨髓细胞中CD64的表达。临床上用于白血病分析。","Ⅲ"
283,7,"与肿瘤筛查、诊断、辅助诊断、分期相关的试剂",7018,"IDH1基因突变检测试剂","用于检测人体胶质瘤组织样本中的IDH1（异柠檬酸脱氢酶1）基因突变。临床上用于胶质瘤的辅助诊断。","Ⅲ"
284,7,"与肿瘤筛查、诊断、辅助诊断、分期相关的试剂",7019,"JAK2-V617F基因突变检测试剂","用于检测人体样本中的基因组DNA中JAK2-V617F基因突变。临床上用于骨髓增生性疾病（MPD）恶性肿瘤诊断。","Ⅲ"
285,7,"与肿瘤筛查、诊断、辅助诊断、分期相关的试剂",7020,"MGMT基因甲基化检测试剂","用于检测人体胶质瘤样本中MGMT（O6-甲基鸟嘌呤-DNA-甲基转移酶）基因的甲基化状态。临床上用于脑胶质瘤的辅助诊断。","Ⅲ"
286,7,"与肿瘤筛查、诊断、辅助诊断、分期相关的试剂",7021,"p53抗体试剂","用于检测人体样本中p53蛋白。临床上用于肺癌的辅助诊断。","Ⅲ"
287,7,"与肿瘤筛查、诊断、辅助诊断、分期相关的试剂",7022,"RNF180基因甲基化检测试剂","用于检测人体样本中RNF180基因的甲基化状态。临床上用于胃癌的辅助诊断。","Ⅲ"
288,7,"与肿瘤筛查、诊断、辅助诊断、分期相关的试剂",7023,"SDC2基因甲基化检测试剂","用于检测人体样本中的SDC2基因的甲基化状态。临床上用于结直肠癌的辅助诊断。","Ⅲ"
289,7,"与肿瘤筛查、诊断、辅助诊断、分期相关的试剂",7024,"SEPTIN9基因甲基化检测试剂","用于检测人体样本中SEPTIN9基因甲基化状态。临床上用于结直肠癌的辅助诊断。","Ⅲ"
290,7,"与肿瘤筛查、诊断、辅助诊断、分期相关的试剂",7025,"SFRP2基因甲基化检测试剂","用于检测人体样本中SFRP2基因的甲基化状态。临床上用于结直肠癌的辅助诊断。","Ⅲ"
291,7,"与肿瘤筛查、诊断、辅助诊断、分期相关的试剂",7026,"TFPI2基因甲基化检测试剂","用于检测人体样本中TFPI2基因的甲基化状态。临床上用于结直肠癌的辅助诊断。","Ⅲ"
292,7,"与肿瘤筛查、诊断、辅助诊断、分期相关的试剂",7027,"SHOX2、RASSF1A基因甲基化检测试剂","用于检测人体肺泡灌洗液样本中的人SHOX2基因和人RASSF1A基因甲基化状态。临床上用于肺癌的辅助诊断。","Ⅲ"
293,7,"与肿瘤筛查、诊断、辅助诊断、分期相关的试剂",7028,"SHOX2/RASSF1A/PTGER4基因甲基化检测试剂","用于检测人体样本中SHOX2、RASSF1A、PTGER4基因的甲基化状态。临床上用于肺癌的辅助诊断。","Ⅲ"
294,7,"与肿瘤筛查、诊断、辅助诊断、分期相关的试剂",7029,"SOX2抗体检测试剂","用于检测人体样本中SOX2抗体。临床上用于肺癌的辅助诊断。","Ⅲ"
295,7,"与肿瘤筛查、诊断、辅助诊断、分期相关的试剂",7030,"TERT基因突变检测试剂","用于检测人体样本中的TERT基因启动子区 C228T和C250T 的突变状态。临床上用于胶质瘤的辅助诊断。","Ⅲ"
296,7,"与肿瘤筛查、诊断、辅助诊断、分期相关的试剂",7031,"DNA拓扑异构酶Ⅱα（TOP2A）基因检测试剂","用于检测人体样本中的DNA拓扑异构酶Ⅱα（TOP2A）基因。临床上用于乳腺癌的辅助诊断。","Ⅲ"
297,7,"与肿瘤筛查、诊断、辅助诊断、分期相关的试剂",7032,"肾母细胞瘤-1基因（WT1）mRNA 检测试剂","用于检测人体样本中的肾母细胞瘤-1基因（WT1）mRNA的表达水平。临床上用于白血病辅助诊断。","Ⅲ"
298,7,"与肿瘤筛查、诊断、辅助诊断、分期相关的试剂",7033,"人绒毛膜促性腺激素（HCG）检测试剂","用于检测人体样本中的人绒毛膜促性腺激素（HCG）。临床上用于绒毛膜癌等的辅助诊断及治疗监测。","Ⅲ"
299,7,"与肿瘤筛查、诊断、辅助诊断、分期相关的试剂",7034,"β-人绒毛膜促性腺激素（β-HCG）检测试剂","用于检测人体样本中的β-人绒毛膜促性腺激素（β-HCG）。临床上用于绒毛膜癌等的辅助诊断及治疗监测。","Ⅲ"
300,7,"与肿瘤筛查、诊断、辅助诊断、分期相关的试剂",7035,"白血病相关融合基因检测试剂","用于检测人体样本中白血病相关融合基因的检测，如BCR/ABL、PML/RARA及AML1/ETO等。临床上用于白血病的辅助诊断、分子分型或预后判定。","Ⅲ"
301,7,"与肿瘤筛查、诊断、辅助诊断、分期相关的试剂",7036,"半胱氨酸蛋白酶抑制剂S（CST4）检测试剂","用于检测人体样本中半胱氨酸蛋白酶抑制剂S（CST4）的含量。临床上用于对胃肠肿瘤手术患者进行动态监测以辅助判断疾病治疗效果。","Ⅲ"
302,7,"与肿瘤筛查、诊断、辅助诊断、分期相关的试剂",7037,"端粒酶逆转录酶亚基（hTERT）mRNA检测试剂","用于检测人体样本中的端粒酶逆转录酶亚基（hTERT）mRNA。临床上用于肺癌的辅助诊断。","Ⅲ"
303,7,"与肿瘤筛查、诊断、辅助诊断、分期相关的试剂",7038,"高尔基体蛋白73（GP73）检测试剂","用于检测人体样本中高尔基体蛋白73（GP73）的含量。临床上用于对恶性肿瘤患者进行动态监测以辅助判断疾病进程或治疗效果。","Ⅲ"
304,7,"与肿瘤筛查、诊断、辅助诊断、分期相关的试剂",7039,"甲胎蛋白（AFP）检测试剂","用于检测人体样本中的甲胎蛋白（AFP）。临床上用于原发性肝癌的辅助诊断及治疗监测。","Ⅲ"
305,7,"与肿瘤筛查、诊断、辅助诊断、分期相关的试剂",7040,"甲胎蛋白异质体（AFP-L3）比率检测试剂","用于检测人体样本中甲胎蛋白异质体（AFP-L3）占总甲胎蛋白（AFP）的比率（AFP-L3 %）。临床上用于对恶性肿瘤患者进行动态监测。","Ⅲ"
306,7,"与肿瘤筛查、诊断、辅助诊断、分期相关的试剂",7041,"硫氧还蛋白还原酶（TR）检测试剂","用于检测人体样本中硫氧还蛋白还原酶（TR）活性。临床上用于对肺癌患者进行动态监测以辅助判断疾病进程及治疗效果。","Ⅲ"
307,7,"与肿瘤筛查、诊断、辅助诊断、分期相关的试剂",7042,"免疫球蛋白基因重排检测试剂","用于检测人体组织（FFPE）切片样本中克隆性免疫球蛋白基因重排状态。临床上用于B细胞非霍奇金淋巴瘤的辅助诊断","Ⅲ"
308,7,"与肿瘤筛查、诊断、辅助诊断、分期相关的试剂",7043,"核基质蛋白22检测试剂","用于检测人体尿液样本中的核基质蛋白22。临床上用于膀胱癌的辅助诊断。","Ⅲ"
309,7,"与肿瘤筛查、诊断、辅助诊断、分期相关的试剂",7044,"游离巯基检测试剂","用于检测人体尿液样本中的游离巯基含量。临床上用于对宫颈上皮细胞不典型增生的辅助诊断。","Ⅲ"
310,7,"与肿瘤筛查、诊断、辅助诊断、分期相关的试剂",7045,"前列腺特异抗原同源异构体检测试剂","用于检测人体样本中的前列腺特异抗原同源异构体抗原浓度。临床上用于前列腺癌的辅助诊断及鉴别诊断等。","Ⅲ"
311,7,"与肿瘤筛查、诊断、辅助诊断、分期相关的试剂",7046,"游离前列腺特异抗原（fPSA）检测试剂","用于检测人体样本中的游离前列腺特异抗原（fPSA）。临床上用于前列腺癌的辅助诊断及治疗监测。","Ⅲ"
312,7,"与肿瘤筛查、诊断、辅助诊断、分期相关的试剂",7047,"结合前列腺特异抗原（cPSA）检测试剂","用于检测人体样本中的结合前列腺特异抗原（cPSA）。临床上用于前列腺癌的辅助诊断及治疗监测。","Ⅲ"
313,7,"与肿瘤筛查、诊断、辅助诊断、分期相关的试剂",7048,"总前列腺特异抗原（tPSA）检测试剂","用于检测人体样本中的总前列腺特异抗原（tPSA）。临床上用于前列腺癌的辅助诊断及治疗监测。","Ⅲ"
314,7,"与肿瘤筛查、诊断、辅助诊断、分期相关的试剂",7049,"醛酮还原酶1B10检测试剂","用于检测人体样本中醛酮还原酶1B10的含量。临床上用于对确诊且术前醛酮还原酶1B10阳性的原发性肝细胞肝癌手术患者进行动态监测以辅助判断疾病进程或手术治疗效果。","Ⅲ"
315,7,"与肿瘤筛查、诊断、辅助诊断、分期相关的试剂",7050,"热休克蛋白90α检测试剂","用于检测人体样本中的热休克蛋白90α含量。临床上用于对肺癌、肝癌患者进行病情监测和疗效评价以辅助判断疾病进程或治疗效果。","Ⅲ"
316,7,"与肿瘤筛查、诊断、辅助诊断、分期相关的试剂",7051,"TWIST1基因甲基化检测试剂","用于检测人体样本中TWIST1基因的甲基化状态。临床上用于膀胱癌的辅助诊断。","Ⅲ"
317,7,"与肿瘤筛查、诊断、辅助诊断、分期相关的试剂",7052,"生长激素检测试剂","用于检测人体样本中生长激素的含量。临床上用于对恶性肿瘤患者进行动态监测以辅助判断疾病进程或治疗效果。","Ⅲ"
318,7,"与肿瘤筛查、诊断、辅助诊断、分期相关的试剂",7053,"脱落细胞染色体及基因检测试剂","用于检测人体尿液样本中脱落细胞的染色体的数目及基因位点的数目。临床上用于膀胱癌的辅助诊断和监测。","Ⅲ"
319,7,"与肿瘤筛查、诊断、辅助诊断、分期相关的试剂",7054,"唾液酸/羟脯氨酸联合检测试剂","用于检测人体样本中的唾液酸和羟脯氨酸。临床上用于对恶性肿瘤患者进行动态监测以辅助判断疾病进程或治疗效果。","Ⅲ"
320,7,"与肿瘤筛查、诊断、辅助诊断、分期相关的试剂",7055,"子宫颈细胞TERC位点检测试剂","用于检测人体子宫颈细胞中的TERC位点。临床上用于宫颈癌前病变的病理分级的辅助诊断。","Ⅲ"
321,7,"与肿瘤筛查、诊断、辅助诊断、分期相关的试剂",7056,"微卫星不稳定性（MSI）检测试剂","用于检测人体样本中微卫星位点的不稳定状态，临床上用于结直肠癌（CRC）的分型、辅助诊断和实体瘤用药指导。","Ⅲ"
322,7,"与肿瘤筛查、诊断、辅助诊断、分期相关的试剂",7057,"微小核糖核酸（microRNA）检测试剂","用于检测人体样本中的7种微小核糖核酸（miR-21, miR-26a, miR-27a, miR-122, miR-192, miR-223, miR-801）。临床上用于对肝细胞肝癌患者进行动态监测以辅助判断疾病进程或治疗效果。","Ⅲ"
323,7,"与肿瘤筛查、诊断、辅助诊断、分期相关的试剂",7058,"微小核糖核酸（microRNA-25）检测试剂","用于检测人体样本中的微小核糖核酸（miR-25）。临床上用于胰腺癌的辅助诊断。","Ⅲ"
324,7,"与肿瘤筛查、诊断、辅助诊断、分期相关的试剂",7059,"微小核糖核酸（microRNA-92a）检测试剂","用于检测人体样本中的微小核糖核酸（miR-92a）。临床上用于高危且拒绝进行肠镜检测者的大肠癌临床辅助诊断。","Ⅲ"
325,7,"与肿瘤筛查、诊断、辅助诊断、分期相关的试剂",7060,"纤维蛋白原降解产物DR-70检测试剂","用于检测人体样本中的纤维蛋白原降解产物DR-70的含量。临床上用于对癌症患者进行动态监测以辅助判断疾病进程或治疗效果。","Ⅲ"
326,7,"与肿瘤筛查、诊断、辅助诊断、分期相关的试剂",7061,"循环肿瘤细胞检测试剂","用于检测人体样本中的循环肿瘤细胞。临床上用于对恶性肿瘤的辅助诊断。","Ⅲ"
327,7,"与肿瘤筛查、诊断、辅助诊断、分期相关的试剂",7062,"叶酸受体细胞检测试剂","用于检测人体样本中叶酸受体细胞。临床上用于肺癌的辅助诊断。","Ⅲ"
328,7,"与肿瘤筛查、诊断、辅助诊断、分期相关的试剂",7063,"异常凝血酶原（PIVKA-Ⅱ）检测试剂","用于检测人体样本中的异常凝血酶原（PIVKA-Ⅱ）。临床上用于对肝癌患者的辅助诊断，以及动态监测以辅助判断疾病进程或治疗效果。","Ⅲ"
329,7,"与肿瘤筛查、诊断、辅助诊断、分期相关的试剂",7064,"异常糖链糖蛋白（TAP）检测试剂","用于检测人体样本中的异常糖链糖蛋白（TAP）。临床上用于对肿瘤患者进行动态监测以辅助判断疾病进程或治疗效果。","Ⅲ"
330,7,"与肿瘤筛查、诊断、辅助诊断、分期相关的试剂",7065,"肿瘤坏死因子α（TNF-α）检测试剂","用于检测人体样本中的肿瘤坏死因子α（TNF-α）含量。临床上用于对恶性肿瘤患者进行动态监测，以辅助判断疾病进程或者治疗效果。","Ⅲ"
331,7,"与肿瘤筛查、诊断、辅助诊断、分期相关的试剂",7066,"AML1/ETO基因断裂探针试剂/检测试剂","用于检测人体骨髓样本中的AML1/ETO融合基因。临床上用于白血病的辅助诊断以及初治患者的分子分型和预后判定。","Ⅲ"
332,8,"用于蛋白质检测的试剂",8001,"Ⅲ型胶原蛋白检测试剂","用于检测人体样本中的Ⅲ型胶原蛋白含量。临床上用于肝纤维化的辅助诊断。","Ⅱ"
333,8,"用于蛋白质检测的试剂",8002,"Ⅲ型前胶原N端肽（PⅢ-NP）检测试剂","用于检测人体样本中的Ⅲ型前胶原N端肽（PⅢ-NP）含量。临床上用于肝纤维化的辅助诊断。","Ⅱ"
334,8,"用于蛋白质检测的试剂",8003,"Ⅲ型前胶原（PCⅢ）检测试剂","用于检测人体样本中的Ⅲ型前胶原（PCⅢ）含量。临床上用于肝纤维化的辅助诊断。","Ⅱ"
335,8,"用于蛋白质检测的试剂",8004,"Ⅳ型胶原蛋白检测试剂","用于检测人体样本中的Ⅳ型胶原蛋白含量。临床上用于肝纤维化的辅助诊断。","Ⅱ"
336,8,"用于蛋白质检测的试剂",8005,"C反应蛋白检测试剂","用于检测人体样本中的C反应蛋白含量。临床上用于非特异性炎症的辅助诊断。","Ⅱ"
337,8,"用于蛋白质检测的试剂",8006,"高敏C反应蛋白检测试剂","用于检测人体样本中的C反应蛋白含量。临床上用于评价心血管疾病风险。","Ⅱ"
338,8,"用于蛋白质检测的试剂",8007,"全量程C反应蛋白检测试剂","用于检测人体样本中的C反应蛋白含量。临床上用于非特异性炎症和心血管疾病的辅助诊断。","Ⅱ"
339,8,"用于蛋白质检测的试剂",8008,"Ⅰ型胶原氨基端延长肽（Total-P1NP）检测试剂","用于检测人体样本中的Ⅰ型胶原氨基端延长肽（Total-P1NP）含量。临床上用于骨质疏松症的辅助诊断。","Ⅱ"
340,8,"用于蛋白质检测的试剂",8009,"Ⅰ型胶原羧基端肽检测试剂","用于检测人体样本中的Ⅰ型胶原羧基端肽含量。临床上用于骨质疏松症的辅助诊断。","Ⅱ"
341,8,"用于蛋白质检测的试剂",8010,"S100-β蛋白检测试剂","用于检测人体样本中的中枢神经特异蛋白（S100-β蛋白）含量。临床上用于脑损伤、脑血管疾病辅助诊断。","Ⅱ"
342,8,"用于蛋白质检测的试剂",8011,"S100蛋白检测试剂","用于检测人体样本中的中枢神经特异蛋白（S100）蛋白含量。临床上用于脑损伤、脑血管疾病辅助诊断以及中枢神经系统肿瘤的治疗监测。","Ⅱ"
343,8,"用于蛋白质检测的试剂",8012,"α1-酸性糖蛋白检测试剂","用于检测人体样本中的α1-酸性糖蛋白含量。临床上主要作为非特异性炎症指标以及用于肾功能的评价。","Ⅱ"
344,8,"用于蛋白质检测的试剂",8013,"α1-微球蛋白检测试剂","用于检测人体样本中的α1-微球蛋白含量。临床上用于肾小管损伤的辅助诊断。","Ⅱ"
345,8,"用于蛋白质检测的试剂",8014,"α2-巨球蛋白检测试剂","用于检测人体样本中的α2-巨球蛋白含量。临床上用于肝、肾疾病的辅助诊断。","Ⅱ"
346,8,"用于蛋白质检测的试剂",8015,"β2-微球蛋白检测试剂","用于检测人体样本中的β2-微球蛋白含量。临床上用于辅助诊断肾脏疾病，以及肿瘤、多发性骨髓瘤的治疗监测。","Ⅱ"
347,8,"用于蛋白质检测的试剂",8016,"β淀粉样蛋白1-40（Aβ1-40）检测试剂","用于检测人体样本中的β淀粉样蛋白 1-40（Aβ1-40）。临床上用于阿兹海默症的辅助诊断。","Ⅱ"
348,8,"用于蛋白质检测的试剂",8017,"β淀粉样蛋白1-42（Aβ1-42）检测试剂","用于检测人体样本中的β淀粉样蛋白 1-42（Aβ1-42）含量。临床上用于阿兹海默症的辅助诊断。","Ⅱ"
349,8,"用于蛋白质检测的试剂",8018,"β淀粉样蛋白检测试剂","用于检测人体尿液样本中的β淀粉样蛋白含量。临床上用于阿兹海默症的辅助诊断。","Ⅱ"
350,8,"用于蛋白质检测的试剂",8019,"β-胶原特殊序列检测试剂","用于检测人体样本中β-胶原特殊序列（β-CTx）含量。临床上用于骨质疏松的辅助诊断。","Ⅱ"
351,8,"用于蛋白质检测的试剂",8020,"κ轻链（Kappa轻链）检测试剂","用于检测人体样本中的κ轻链（Kappa轻链）。临床上用于自身免疫疾病、感染、肝病、肾病等的辅助诊断，以及多发性骨髓瘤的治疗监测。","Ⅱ"
352,8,"用于蛋白质检测的试剂",8021,"λ轻链（Lambda轻链）检测试剂","用于检测人体样本中的λ轻链（Lambda轻链）。临床上用于自身免疫疾病、感染、肝病、肾病等的辅助诊断，以及多发性骨髓瘤的治疗监测。","Ⅱ"
353,8,"用于蛋白质检测的试剂",8022,"游离κ轻链（游离Kappa轻链）检测试剂","用于检测人体样本中的游离κ轻链（游离Kappa轻链）。临床上用于自身免疫疾病、感染、肝病、肾病等的辅助诊断，以及多发性骨髓瘤的治疗监测。","Ⅱ"
354,8,"用于蛋白质检测的试剂",8023,"游离λ轻链（游离Lambda轻链）检测试剂","用于检测人体样本中的游离λ轻链（游离Lambda轻链）。临床上用于自身免疫疾病、感染、肝病、肾病等的辅助诊断，以及多发性骨髓瘤的治疗监测。","Ⅱ"
355,8,"用于蛋白质检测的试剂",8024,"阿尔茨海默相关神经丝蛋白（AD7C-NTP）检测试剂","用于检测人体尿液样本中的阿尔茨海默相关神经丝蛋白（AD7C-NTP）。临床上用于阿尔茨海默症的辅助诊断。","Ⅱ"
356,8,"用于蛋白质检测的试剂",8025,"癌抗原125检测试剂","用于检测人体样本中的癌抗原125（糖类抗原125，CA125）含量。临床上用于卵巢癌等疾病的治疗监测。","Ⅱ"
357,8,"用于蛋白质检测的试剂",8026,"癌抗原15-3检测试剂","用于检测人体样本中的癌抗原15-3（糖类抗原15-3，CA15-3）含量。临床上用于乳腺癌的治疗监测。","Ⅱ"
358,8,"用于蛋白质检测的试剂",8027,"癌抗原72-4检测试剂","用于检测人体样本中的癌抗原72-4（糖类抗原72-4，CA72-4）含量。临床上用于胃肠系统等恶性肿瘤的治疗监测。","Ⅱ"
359,8,"用于蛋白质检测的试剂",8028,"癌胚抗原（CEA）检测试剂","用于检测人体样本中的癌胚抗原（CEA）含量。临床上用于恶性肿瘤疗效观察、预后判断及复发监测。","Ⅱ"
360,8,"用于蛋白质检测的试剂",8029,"层粘连蛋白检测试剂","用于检测人体样本中的层粘连蛋白（层粘蛋白）含量。临床上用于肝纤维化的辅助诊断、监测和预后。","Ⅱ"
361,8,"用于蛋白质检测的试剂",8030,"触珠蛋白检测试剂","用于检测人体样本中的触珠蛋白（结合珠蛋白）含量。临床上用于血管内溶血性疾病的辅助诊断。","Ⅱ"
362,8,"用于蛋白质检测的试剂",8031,"钙卫蛋白检测试剂","用于检测人体粪便中的钙卫蛋白含量。临床上用于肠道炎症性疾病的辅助诊断。","Ⅱ"
363,8,"用于蛋白质检测的试剂",8032,"肝素结合蛋白（HBP）检测试剂","用于检测人体样本中的肝素结合蛋白（HBP）。临床上可作为炎症的辅助指标。","Ⅱ"
364,8,"用于蛋白质检测的试剂",8033,"高尔基体蛋白73（GP73）检测试剂","用于检测人体样本中的高尔基体蛋白73（GP73）。临床上用于肝硬化的辅助诊断。不用于肿瘤的辅助诊断。","Ⅱ"
365,8,"用于蛋白质检测的试剂",8034,"高敏肌钙蛋白I检测试剂","用于检测人体样本中的肌钙蛋白I含量。临床上用于心肌梗死的辅助诊断和急性冠状动脉综合症患者的危险分层、治疗监测以及预后评估。","Ⅱ"
366,8,"用于蛋白质检测的试剂",8035,"高敏肌钙蛋白T检测试剂","用于检测人体样本中的肌钙蛋白T含量。临床上用于心肌梗死的辅助诊断和急性冠状动脉综合症患者的危险分层治疗监测以及预后评估。","Ⅱ"
367,8,"用于蛋白质检测的试剂",8036,"心肌肌钙蛋白I检测试剂","用于检测人体样本中的肌钙蛋白I含量。临床上用于心肌梗死的辅助诊断。","Ⅱ"
368,8,"用于蛋白质检测的试剂",8037,"心肌肌钙蛋白T检测试剂","用于检测人体样本中的肌钙蛋白T含量。临床上用于心肌梗死的辅助诊断。","Ⅱ"
369,8,"用于蛋白质检测的试剂",8038,"N端中段骨钙素检测试剂","用于检测人体样本中的N端中段骨钙素检测试剂（N-MID Osteocalcin）含量。临床上用于各种骨质疏松及骨损伤后骨质合成早期的评价。","Ⅱ"
370,8,"用于蛋白质检测的试剂",8039,"骨钙素检测试剂","用于检测人体样本中的骨钙素含量。临床上用于各种骨质疏松及骨损伤后骨质合成早期的评价。","Ⅱ"
371,8,"用于蛋白质检测的试剂",8040,"胱抑素C检测试剂","用于检测人体样本中的胱抑素C含量。临床上主要作为反映肾小球滤过率的指标之一，以及用于糖尿病肾病、高血压肾病以及其他肾小球早期损伤的辅助诊断。","Ⅱ"
372,8,"用于蛋白质检测的试剂",8041,"肌红蛋白检测试剂","用于检测人体样本中的肌红蛋白含量。临床上用于心肌梗死的辅助诊断。","Ⅱ"
373,8,"用于蛋白质检测的试剂",8042,"激肽51检测试剂","用于检测人体样本中的激肽51含量。临床上用于肝硬化的辅助诊断。","Ⅱ"
374,8,"用于蛋白质检测的试剂",8043,"降钙素（CT）检测试剂","用于检测人体样本中的降钙素（CT）含量。临床上用于甲状腺髓样癌、小细胞肺癌的治疗监测以及甲状旁腺功能的评价。","Ⅱ"
375,8,"用于蛋白质检测的试剂",8044,"降钙素原（PCT）检测试剂","用于检测人体样本中的降钙素原（PCT）含量。临床上用于细菌感染性疾病和脓毒症及败血症的辅助诊断。","Ⅱ"
376,8,"用于蛋白质检测的试剂",8045,"胶质纤维酸性蛋白（GFAP）检测试剂","用于检测人体样本中的胶质纤维酸性蛋白（GFAP）。临床上用于中枢神经系统疾病的辅助诊断。","Ⅱ"
377,8,"用于蛋白质检测的试剂",8046,"精子SP10蛋白检测试剂","用于检测人体精液中的精子SP10蛋白。临床上用于男性不育的辅助诊断。","Ⅱ"
378,8,"用于蛋白质检测的试剂",8047,"抗链球菌溶血素“O”（ASO）检测试剂","用于检测人体样本中的抗链球菌溶血素“O”（ASO）含量。临床上用于由链球菌引起的疾病的辅助诊断。","Ⅱ"
379,8,"用于蛋白质检测的试剂",8048,"壳多糖酶3样蛋白1检测试剂","用于检测人体样本中的壳多糖酶3样蛋白1。临床上用于肝硬化的辅助诊断。","Ⅱ"
380,8,"用于蛋白质检测的试剂",8049,"可溶性细胞间粘附分子-1（sICAM-1）检测试剂","用于检测人体阴道分泌物样本中的可溶性细胞间粘附分子-1（sICAM-1）。临床上用于胎膜早破的辅助诊断。","Ⅱ"
381,8,"用于蛋白质检测的试剂",8050,"可溶性转铁蛋白受体（sTfR）检测试剂","用于检测人体样本中的可溶性转铁蛋白受体 （sTfR） 含量。临床上用于缺铁性贫血和慢性贫血的辅助诊断。","Ⅱ"
382,8,"用于蛋白质检测的试剂",8051,"瓜氨酸化蛋白检测试剂","用于检测人体样本中的瓜氨酸化蛋白。临床上用于类风湿性关节炎的辅助诊断。","Ⅱ"
383,8,"用于蛋白质检测的试剂",8052,"磷酸化tau蛋白检测试剂","用于检测人体样本中的磷酸化tau蛋白含量。临床上用于阿兹海默症的辅助诊断。","Ⅱ"
384,8,"用于蛋白质检测的试剂",8053,"鳞状上皮细胞癌抗原（SCC）检测试剂","用于检测人体样本中鳞状上皮细胞癌抗原（SCC）含量。临床上用于宫颈癌、非小细胞癌等的治疗监测。","Ⅱ"
385,8,"用于蛋白质检测的试剂",8054,"免疫球蛋白A（IgA）检测试剂","用于检测人体样本中的免疫球蛋白A（IgA）含量。临床上用于免疫功能的评价及免疫疾病的辅助诊断。","Ⅱ"
386,8,"用于蛋白质检测的试剂",8055,"免疫球蛋白G（IgG）检测试剂","用于检测人体样本中的免疫球蛋白G（IgG）含量。临床上用于免疫功能的评价及免疫疾病的辅助诊断。","Ⅱ"
387,8,"用于蛋白质检测的试剂",8056,"免疫球蛋白G亚型检测试剂","用于检测人体样本中的免疫球蛋白G亚型（如IgG1、IgG2、IgG3、IgG4）。临床上用于免疫功能的评价及免疫疾病的辅助诊断。","Ⅱ"
388,8,"用于蛋白质检测的试剂",8057,"免疫球蛋白M（IgM）检测试剂","用于检测人体样本中的免疫球蛋白M（IgM）含量。临床上用于免疫功能的评价及免疫疾病的辅助诊断。","Ⅱ"
389,8,"用于蛋白质检测的试剂",8058,"脑脊液/尿液总蛋白检测试剂","用于检测人体脑脊液/尿液样本中的总蛋白含量。临床上用于中枢神经系统/肾脏疾病的辅助诊断。","Ⅱ"
390,8,"用于蛋白质检测的试剂",8059,"B型利钠肽（BNP）检测试剂","用于检测人体样本中的B型利钠肽（BNP）含量。临床上用于心力衰竭的辅助诊断风险评估等。","Ⅱ"
391,8,"用于蛋白质检测的试剂",8060,"B型利钠肽前体（proBNP）检测试剂","用于检测人体样本中的B型利钠肽前体（proBNP）含量。临床上用于心力衰竭的辅助诊断及风险评估等。","Ⅱ"
392,8,"用于蛋白质检测的试剂",8061,"N末端B型利钠肽前体（NT-proBNP）检测试剂","用于检测人体样本中的N末端B型利钠肽前体（NT-proBNP）含量。临床上用于心力衰竭的辅助诊断风险评估等。","Ⅱ"
393,8,"用于蛋白质检测的试剂",8062,"脑特异性蛋白产物9.5（PGP9.5）检测试剂","用于检测人体样本中的脑特异性蛋白产物9.5（PGP9.5）。临床上用于创伤性脑损伤的辅助诊断。","Ⅱ"
394,8,"用于蛋白质检测的试剂",8063,"心钠肽（ANP）检测试剂","用于检测人体样本中的心钠肽（ANP）的含量。临床上用于心力衰竭的辅助诊断。","Ⅱ"
395,8,"用于蛋白质检测的试剂",8064,"内皮素（ET）检测试剂","用于检测人体样本中的内皮素（ET）。临床上用于高血压、心肌梗死和肾病的辅助诊断。","Ⅱ"
396,8,"用于蛋白质检测的试剂",8065,"白蛋白检测试剂","用于检测人体样本中的白蛋白含量。临床上用于评价肝脏功能及营养评估。","Ⅱ"
397,8,"用于蛋白质检测的试剂",8066,"微量白蛋白检测试剂","用于检测人体尿液样本中的微量白蛋白含量。临床上用于肾脏疾病的辅助诊断。","Ⅱ"
398,8,"用于蛋白质检测的试剂",8067,"前白蛋白检测试剂","用于检测人体样本中的前白蛋白含量。临床上用于反映肝细胞损害程度及营养评估。","Ⅱ"
399,8,"用于蛋白质检测的试剂",8068,"前列腺小体外泄蛋白（PSEP）检测试剂","用于检测人体样本中的前列腺小体外泄蛋白（PSEP）含量。临床上用于慢性前列腺炎的辅助诊断。","Ⅱ"
400,8,"用于蛋白质检测的试剂",8069,"缺血性修饰白蛋白检测试剂","用于检测人体样本中的缺血性修饰白蛋白含量。临床上用于心肌缺血疾病的辅助诊断。","Ⅱ"
401,8,"用于蛋白质检测的试剂",8070,"α突触核蛋白（SNCA）检测试剂","用于检测人体样本中的α突触核蛋白（SNCA）。临床上可用于帕金森病的辅助诊断。","Ⅱ"
402,8,"用于蛋白质检测的试剂",8071,"附睾蛋白4（HE4）检测试剂","用于检测人体样本中的附睾蛋白4（HE4）含量。临床上用于卵巢癌的疗效监测。","Ⅱ"
403,8,"用于蛋白质检测的试剂",8072,"和肽素（CPP）检测试剂","用于检测人体样本中的和肽素（CPP）。临床上用于心血管疾病的辅助诊断。","Ⅱ"
404,8,"用于蛋白质检测的试剂",8073,"去唾液酸糖蛋白受体片段sH2a检测试剂","用于检测人体样本中的去唾液酸糖蛋白受体片段sH2a。临床上用于肝功能损伤的辅助诊断。","Ⅱ"
405,8,"用于蛋白质检测的试剂",8074,"细胞角蛋白18片段M30（CK18-M30）检测试剂","用于检测人体样本中的细胞角蛋白18片段M30（CK18-M30）。临床上用于肝功能损伤的辅助诊断。","Ⅱ"
406,8,"用于蛋白质检测的试剂",8075,"细胞角蛋白18片段M65（CK18-M65）检测试剂","用于检测人体样本中的细胞角蛋白18片段M65（CK18-M65）。临床上用于肝功能损伤的辅助诊断。","Ⅱ"
407,8,"用于蛋白质检测的试剂",8076,"妊娠相关血浆蛋白A（PAPP-A）检测试剂","用于检测人体样本中的妊娠相关血浆蛋白A（PAPP-A）含量。临床上用于评估孕早期唐氏综合征的风险。","Ⅱ"
408,8,"用于蛋白质检测的试剂",8077,"乳铁蛋白检测试剂","用于检测人体样本中的乳铁蛋白。临床上用于对肠道炎性疾病的辅助诊断。","Ⅱ"
409,8,"用于蛋白质检测的试剂",8078,"肾损伤分子1（kim-1）检测试剂","用于检测人体样本中的肾损伤分子1（kim-1）。临床上用于肾功能损伤的辅助诊断。","Ⅱ"
410,8,"用于蛋白质检测的试剂",8079,"视黄醇结合蛋白检测试剂","用于检测人体样本中的视黄醇结合蛋白含量。临床上用于肝脏或肾小管损伤性疾病的辅助诊断。","Ⅱ"
411,8,"用于蛋白质检测的试剂",8080,"糖化血红蛋白检测试剂","用于检测人体样本中的糖化血红蛋白含量。临床上用于糖尿病的辅助诊断和血糖水平的监测。","Ⅱ"
412,8,"用于蛋白质检测的试剂",8081,"糖化血清白蛋白检测试剂","用于检测人体样本中的糖化血清白蛋白（糖化白蛋白）含量。临床上用于短期血糖平均水平的监测。","Ⅱ"
413,8,"用于蛋白质检测的试剂",8082,"糖化血清蛋白（果糖胺）检测试剂","用于检测人体样本中的糖化血清蛋白（果糖胺）含量。临床上用于血糖水平的监测。","Ⅱ"
414,8,"用于蛋白质检测的试剂",8083,"糖类抗原19-9（CA19-9）检测试剂","用于检测人体样本中的糖类抗原19-9（CA19-9）含量。临床上用于胰腺等消化道恶性肿瘤的治疗监测。","Ⅱ"
415,8,"用于蛋白质检测的试剂",8084,"糖类抗原242（CA242）检测试剂","用于检测人体样本中的糖类抗原242（CA242）含量。临床上用于胰腺癌、结直肠癌等消化道恶性肿瘤的治疗监测。","Ⅱ"
416,8,"用于蛋白质检测的试剂",8085,"糖类抗原50（CA50）检测试剂","用于检测人体样本中的糖类抗原50（CA50）含量。临床上用于恶性肿瘤的疗效观察、预后判断及复发监测。","Ⅱ"
417,8,"用于蛋白质检测的试剂",8086,"糖缺失转铁蛋白（CDT）检测试剂","用于检测人体样本中的糖缺失转铁蛋白（CDT）含量。临床上用于酒精性肝病的辅助诊断。","Ⅱ"
418,8,"用于蛋白质检测的试剂",8087,"铁蛋白检测试剂","用于检测人体样本中的铁蛋白含量。临床上用于恶性肿瘤的复发转移监测及铁代谢的相关疾病，如血色素沉着症和缺铁性贫血的辅助诊断。","Ⅱ"
419,8,"用于蛋白质检测的试剂",8088,"胃蛋白酶原Ⅰ检测试剂","用于检测人体样本中的胃蛋白酶原（PG）Ⅰ含量。临床上用于评价胃泌酸腺细胞功能、临床萎缩性胃炎的辅助诊断，以及监测PGⅠ的浓度水平及PGⅠ/Ⅱ的比值可用于胃癌的治疗监测。","Ⅱ"
420,8,"用于蛋白质检测的试剂",8089,"胃蛋白酶原Ⅱ检测试剂","用于检测人体样本中的胃蛋白酶原（PG）Ⅱ含量。临床上用于评价胃底粘腺病变、临床萎缩性胃炎的辅助诊断，以及监测PGⅡ的浓度水平及PGⅠ/Ⅱ的比值可用于胃癌的治疗监测。","Ⅱ"
421,8,"用于蛋白质检测的试剂",8090,"胃泌素17（G-17）检测试剂","用于检测人体样本中的胃泌素17（G-17）。临床上用于萎缩性胃炎的辅助诊断。","Ⅱ"
422,8,"用于蛋白质检测的试剂",8091,"胃泌素释放肽前体（proGRP）检测试剂","用于检测人体样本中的胃泌素释放肽前体（proGRP）。临床上用于小细胞肺癌（SCLC）等的治疗监测。","Ⅱ"
423,8,"用于蛋白质检测的试剂",8092,"细胞角蛋白19片段（CYFRA21-1）检测试剂","用于检测人体样本中的细胞角蛋白19片段（CYFRA21-1）。临床上用于非小细胞肺癌的疗效观察、复发监测。","Ⅱ"
424,8,"用于蛋白质检测的试剂",8093,"纤维蛋白单体检测试剂","用于检测人体样本中的纤维蛋白单体。临床上用于血栓的辅助诊断。","Ⅱ"
425,8,"用于蛋白质检测的试剂",8094,"纤维连接蛋白检测试剂","用于检测人体血浆中的纤维连接蛋白（纤维结合蛋白，FN）。临床上主要与机体创伤修复、组织炎症、肝脏纤维化及硬化过程以及营养状况监测。","Ⅱ"
426,8,"用于蛋白质检测的试剂",8095,"胎儿纤维连接蛋白（fFN）检测试剂","用于检测人体阴道分泌物中的胎儿纤维连接蛋白（fFN）。临床上用于早产的辅助诊断。","Ⅱ"
427,8,"用于蛋白质检测的试剂",8096,"涎液化糖链抗原（KL-6）检测试剂","用于检测人体样本中的涎液化糖链抗原（KL-6）。临床上用于间质性肺疾病的辅助诊断。","Ⅱ"
428,8,"用于蛋白质检测的试剂",8097,"心肌肌球蛋白结合蛋白C检测试剂","用于检测人体样本中的心肌肌球蛋白结合蛋白C。临床上用于心肌梗死的辅助诊断。","Ⅱ"
429,8,"用于蛋白质检测的试剂",8098,"心脏型脂肪酸结合蛋白检测试剂","用于检测人体样本中的心脏型脂肪酸结合蛋白含量。临床上用于急性心肌梗死的辅助诊断。","Ⅱ"
430,8,"用于蛋白质检测的试剂",8099,"血管紧张素Ⅰ检测试剂","用于检测人体样本中血管紧张素Ⅰ 。临床上用于心血管功能的辅助评价。","Ⅱ"
431,8,"用于蛋白质检测的试剂",8100,"血管紧张素Ⅱ检测试剂","用于检测人体样本中血管紧张素Ⅱ。临床上用于心血管功能的辅助评价。","Ⅱ"
432,8,"用于蛋白质检测的试剂",8101,"血管扩张刺激磷蛋白（VASP）检测试剂","用于检测人体样本中的血管扩张刺激磷蛋白（VASP）的磷酸化程度。临床上用于抗血小板聚集治疗的监测。","Ⅱ"
433,8,"用于蛋白质检测的试剂",8102,"血红蛋白检测试剂","用于检测人体样本中的血红蛋白含量。临床上用于各种贫血、失血类疾病的辅助诊断。","Ⅱ"
434,8,"用于蛋白质检测的试剂",8103,"血红素结合蛋白检测试剂","用于检测人体样本中的血红素结合蛋白含量。临床上用于溶血性疾病的辅助诊断。","Ⅱ"
435,8,"用于蛋白质检测的试剂",8104,"血清蛋白检测试剂","用于检测人体样本中的血清蛋白，包括血清中的白蛋白和球蛋白。临床上主要是用于肝脏疾病、肾脏疾病的辅助诊断。","Ⅱ"
436,8,"用于蛋白质检测的试剂",8105,"血清淀粉样蛋白A（SAA）检测试剂","用于检测人体样本中的血清淀粉样蛋白A（SAA）含量。临床上用于非特异性炎症的辅助诊断。","Ⅱ"
437,8,"用于蛋白质检测的试剂",8106,"血清组织金属蛋白酶抑制因子I检测试剂","用于检测人体样本中的血清组织金属蛋白酶抑制因子I含量。临床上用于肝纤维化的辅助诊断。","Ⅱ"
438,8,"用于蛋白质检测的试剂",8107,"血栓调节蛋白检测试剂","用于检测人体样本中的血栓调节蛋白。临床上用于内皮细胞损伤的辅助诊断","Ⅱ"
439,8,"用于蛋白质检测的试剂",8108,"胰岛素样生长因子Ⅰ（IGFⅠ）检测试剂","用于检测人体样本中的胰岛素样生长因子Ⅰ（IGFⅠ）。临床上用于肺癌的治疗监测、指导以及生长紊乱的辅助评估。","Ⅱ"
440,8,"用于蛋白质检测的试剂",8109,"胰岛素样生长因子结合蛋白-1（IGFBP-1）检测试剂","用于检测人体样本中的胰岛素样生长因子结合蛋白-1（IGFBP-1）含量。临床上用于生长紊乱、胎膜早破的辅助诊断。","Ⅱ"
441,8,"用于蛋白质检测的试剂",8110,"胰岛素样生长因子结合蛋白-3（IGFBP-3）检测试剂","用于检测人体样本中的胰岛素样生长因子结合蛋白-3（IGFBP-3）含量。临床上用于生长紊乱、胎膜早破的辅助诊断。","Ⅱ"
442,8,"用于蛋白质检测的试剂",8111,"便隐血检测试剂","用于检测人体粪便样本中的血红蛋白含量。临床上用于出血性病变的辅助诊断。","Ⅱ"
443,8,"用于蛋白质检测的试剂",8112,"脂联素检测试剂","用于检测人体样本中的脂联素（ADP）含量。临床上用于Ⅱ型糖尿病和心血管疾病的风险评估。","Ⅱ"
444,8,"用于蛋白质检测的试剂",8113,"中性粒细胞明胶酶相关脂质运载蛋白（NGAL）检测试剂","用于检测人体样本中的中性粒细胞明胶酶相关脂质运载蛋白（NGAL）含量。临床上用于肾功能损伤的辅助诊断。","Ⅱ"
445,8,"用于蛋白质检测的试剂",8114,"中性粒细胞载脂蛋白检测试剂","用于检测人体样本中的中性粒细胞载脂蛋白（HNL）。临床上用于细菌感染的辅助诊断。","Ⅱ"
446,8,"用于蛋白质检测的试剂",8115,"转铁蛋白检测试剂","用于检测人体样本中的转铁蛋白含量。临床上用于铁缺乏症、肝脏、肾脏、消化道出血等疾病的辅助诊断。","Ⅱ"
447,8,"用于蛋白质检测的试剂",8116,"总蛋白检测试剂","用于检测人体样本中的总蛋白含量。临床上用于肝肾疾病的辅助诊断。","Ⅱ"
448,8,"用于蛋白质检测的试剂",8117,"甲胎蛋白（AFP）检测试剂","用于检测人体样本中的甲胎蛋白（AFP）。临床上用于评估孕妇异常妊娠和唐氏综合征的风险，不用于肿瘤相关疾病的辅助诊断。","Ⅱ"
449,8,"用于蛋白质检测的试剂",8118,"组织多肽抗原（TPA）检测试剂","用于检测人体样本中组织多肽抗原（TPA）的含量。临床上用于对恶性肿瘤患者进行动态监测，以辅助判断疾病进程或治疗效果，不能作为恶性肿瘤早期诊断或确诊的依据，不能用于普通人群的肿瘤筛查。","Ⅱ"
450,8,"用于蛋白质检测的试剂",8119,"组织多肽特异性抗原（TPS）检测试剂","用于检测人体样本中的组织多肽特异性抗原（TPS）。临床上用于乳腺、卵巢、消化系统等肿瘤的治疗监测。","Ⅱ"
451,8,"用于蛋白质检测的试剂",8120,"可溶性生长刺激表达基因2蛋白（ST2）检测试剂","用于检测人体样本中可溶性生长刺激表达基因2蛋白（ST2）的含量。临床上用于急性心肌梗死、慢性或急性心衰的辅助诊断。","Ⅱ"
452,9,"用于糖类检测的试剂",9001,"葡萄糖检测试剂","用于检测人体样本中葡萄糖的含量。临床上用于反映血糖、尿糖水平及糖代谢疾病的辅助诊断。","Ⅱ"
453,9,"用于糖类检测的试剂",9002,"β-羟丁酸检测试剂","用于检测人体样本中的β-羟丁酸含量。临床上用于酮症酸中毒的辅助诊断。","Ⅱ"
454,9,"用于糖类检测的试剂",9003,"乳酸检测试剂","用于检测人体样本中的乳酸含量。临床上用于代谢性酸中毒的辅助诊断。","Ⅱ"
455,9,"用于糖类检测的试剂",9004,"丙酮酸检测试剂","用于检测人体样本中的丙酮酸含量。临床上用于酮症酸中毒的辅助诊断。","Ⅱ"
456,9,"用于糖类检测的试剂",9005,"晚期糖基化终末产物（AGEs）检测试剂","用于检测人体样本中的晚期糖基化终末产物（AGEs）。临床上用于Ⅱ型糖尿病的辅助诊断。","Ⅱ"
457,9,"用于糖类检测的试剂",9006,"乳糖检测试剂","用于检测人体粪便样本中的乳糖。临床上用于乳糖不耐受的辅助诊断。","Ⅱ"
458,9,"用于糖类检测的试剂",9007,"半乳糖检测试剂","用于检测人体尿液样本中的半乳糖。临床上用于乳糖不耐受的辅助诊断，不用于遗传性半乳糖血症的辅助诊断。","Ⅱ"
459,9,"用于糖类检测的试剂",9008,"1,5-脱水-D-山梨醇检测试剂","用于检测人体样本中的1,5-脱水-D-山梨醇含量。临床上用于血糖水平的监测。","Ⅱ"
460,10,"用于激素检测的试剂",10001,"促黄体生成素检测试剂","用于检测人体样本中的促黄体生成素含量。临床上用于评价垂体内分泌功能。","Ⅱ"
461,10,"用于激素检测的试剂",10002,"促卵泡生成素（FSH）检测试剂","用于检测人体样本中的促卵泡生成素（FSH）含量。临床上用于评价垂体内分泌功能和卵巢疾病的辅助诊断。","Ⅱ"
462,10,"用于激素检测的试剂",10003,"泌乳素检测试剂","用于检测人体样本中的泌乳素含量。临床上用于泌乳素瘤的治疗监测以及垂体内分泌功能的评价。","Ⅱ"
463,10,"用于激素检测的试剂",10004,"人绒毛膜促性腺激素检测试剂","用于检测人体样本中的人绒毛膜促性腺激素含量。临床上用于异位妊娠、早孕的辅助诊断。不用于肿瘤的辅助诊断。","Ⅱ"
464,10,"用于激素检测的试剂",10005,"β-人绒毛膜促性腺激素检测试剂","用于检测人体样本中的β-人绒毛膜促性腺激素含量。临床上用于早期妊娠诊断及妊娠监测、评估孕中期唐氏综合征的风险。不用于肿瘤的辅助诊断。","Ⅱ"
465,10,"用于激素检测的试剂",10006,"游离β-人绒毛膜促性腺激素检测试剂","用于检测人体样本中游离β-人绒毛膜促性腺激素含量。临床上用于异位妊娠、早孕等辅助诊断、评估孕早期和中期唐氏综合征的风险。","Ⅱ"
466,10,"用于激素检测的试剂",10007,"总甲状腺素（TT4）检测试剂","用于检测人体样本中的总甲状腺素（TT4）含量。临床上用于甲状腺疾病的辅助诊断。","Ⅱ"
467,10,"用于激素检测的试剂",10008,"游离甲状腺素（FT4）检测试剂","用于检测人体样本中的游离甲状腺素（游离四碘甲状腺原氨酸，FT4）含量。临床上用于甲状腺疾病的辅助诊断。","Ⅱ"
468,10,"用于激素检测的试剂",10009,"总三碘甲状腺原氨酸（TT3）检测试剂","用于检测人体样本中的总三碘甲状腺原氨酸（TT3）含量。临床上用于甲状腺疾病的辅助诊断。","Ⅱ"
469,10,"用于激素检测的试剂",10010,"游离三碘甲状腺原氨酸（FT3）检测试剂","用于检测人体样本中的游离三碘甲状腺原氨酸（FT3）含量。临床上用于甲状腺疾病的辅助诊断。","Ⅱ"
470,10,"用于激素检测的试剂",10011,"反三碘甲状腺原氨酸（rT3）检测试剂","用于检测人体样本中的反三碘甲状腺原氨酸（rT3）含量。临床上用于甲状腺功能的辅助诊断。","Ⅱ"
471,10,"用于激素检测的试剂",10012,"促甲状腺素检测试剂","用于检测人体样本中的促甲状腺激素含量。临床上用于辅助评价下丘脑-垂体-甲状腺功能。","Ⅱ"
472,10,"用于激素检测的试剂",10013,"新生儿促甲状腺素检测试剂","用于检测新生儿人体样本中促甲状腺素含量。临床上用于辅助筛查新生儿甲状腺机能衰退。","Ⅱ"
473,10,"用于激素检测的试剂",10014,"甲状腺素结合力检测试剂","用于检测人体样本中的甲状腺素结合力（T-Uptake）。临床上用于评价甲状腺功能。","Ⅱ"
474,10,"用于激素检测的试剂",10015,"甲状旁腺激素检测试剂","用于检测人体样本中的甲状旁腺激素含量。临床上用于评价甲状旁腺功能，以及高钙血症或低钙血症的辅助诊断。","Ⅱ"
475,10,"用于激素检测的试剂",10016,"睾酮检测试剂","用于检测人体样本中的睾酮含量。临床上用于睾酮水平异常相关疾病的辅助诊断。","Ⅱ"
476,10,"用于激素检测的试剂",10017,"游离睾酮检测试剂","用于检测人体样本中的游离睾酮含量。临床上用于游离睾酮水平异常相关疾病的辅助诊断。","Ⅱ"
477,10,"用于激素检测的试剂",10018,"雌二醇检测试剂","用于检测人体样本中的雌二醇含量。临床上用于生殖内分泌疾病的辅助诊断。","Ⅱ"
478,10,"用于激素检测的试剂",10019,"雌三醇检测试剂","用于检测人体样本中的雌三醇含量。临床上用作异常妊娠的辅助评价指标和唐氏综合征的筛查。","Ⅱ"
479,10,"用于激素检测的试剂",10020,"游离雌三醇检测试剂","用于检测人体样本中的游离雌三醇含量。临床上用作异常妊娠的辅助评价指标和唐氏综合征的筛查。","Ⅱ"
480,10,"用于激素检测的试剂",10021,"孕酮检测试剂","用于检测人体样本中的孕酮含量。临床上用于先兆流产、黄体功能不全等孕酮水平异常相关疾病的辅助诊断。","Ⅱ"
481,10,"用于激素检测的试剂",10022,"胰岛素检测试剂","用于检测人体样本中的胰岛素含量。临床上用于评价胰岛功能。","Ⅱ"
482,10,"用于激素检测的试剂",10023,"C肽检测试剂","用于检测人体样本中的C肽含量。临床上用于评价胰岛功能。","Ⅱ"
483,10,"用于激素检测的试剂",10024,"促肾上腺皮质激素（ACTH）检测试剂","用于检测人体样本中的促肾上腺皮质激素（ACTH）含量。临床上用于评价垂体—肾上腺功能，及ACTH水平异常导致的其他相关疾病的辅助诊断。","Ⅱ"
484,10,"用于激素检测的试剂",10025,"皮质醇检测试剂","用于检测人体样本中的皮质醇含量。临床上用于肾上腺皮质疾病的辅助诊断。","Ⅱ"
485,10,"用于激素检测的试剂",10026,"17α-羟孕酮检测试剂","用于检测人体样本中17α-羟孕酮含量。临床上用于肾上腺皮质疾病的辅助诊断。","Ⅱ"
486,10,"用于激素检测的试剂",10027,"17-羟类固醇检测试剂","用于检测人体样本中的17-羟类固醇含量。临床上用于肾上腺皮质疾病的辅助诊断。","Ⅱ"
487,10,"用于激素检测的试剂",10028,"17-酮类固醇检测试剂","用于检测人体样本中的17-酮类固醇含量。临床上用于肾上腺皮质疾病的辅助诊断。","Ⅱ"
488,10,"用于激素检测的试剂",10029,"香草扁桃酸检测试剂","用于检测人体样本中的香草扁桃酸含量。临床上用于辅助评价肾上腺皮质功能。","Ⅱ"
489,10,"用于激素检测的试剂",10030,"醛固酮检测试剂","用于检测人体样本中的醛固酮含量。临床上用于辅助评价肾上腺皮质功能和内分泌型高血压的辅助诊断。","Ⅱ"
490,10,"用于激素检测的试剂",10031,"生长激素检测试剂","用于检测人体样本中的生长激素含量。临床上用于辅助评价垂体功能和非垂体疾病所致的生长激素水平异常。不用于恶性肿瘤患者的动态监测。","Ⅱ"
491,10,"用于激素检测的试剂",10032,"雄烯二酮检测试剂","用于检测人体样本中的雄烯二酮含量。临床上用于多囊卵巢综合症、肾上腺皮质增生等疾病的辅助诊断。","Ⅱ"
492,10,"用于激素检测的试剂",10033,"硫酸去氢表雄酮检测试剂","用于检测人体样本中硫酸去氢表雄酮（硫酸脱氢表雄酮）含量。临床上用于评价肾上腺分泌雄激素的水平。","Ⅱ"
493,10,"用于激素检测的试剂",10034,"促红细胞生成素检测试剂","用于检测人体样本中的促红细胞生成素含量。临床上用于肾性贫血及红细胞增多症等的辅助诊断。","Ⅱ"
494,10,"用于激素检测的试剂",10035,"甲状腺球蛋白（TG）检测试剂","用于检测人体样本中的甲状腺球蛋白（TG）含量。临床上用于甲状腺疾病的辅助诊断及治疗监测。","Ⅱ"
495,10,"用于激素检测的试剂",10036,"性激素结合球蛋白（SHBG）检测试剂","用于检测人体样本中的性激素结合球蛋白（SHBG）含量。临床上用于多种雄激素异常疾病的辅助诊断。","Ⅱ"
496,10,"用于激素检测的试剂",10037,"甲状腺结合球蛋白检测试剂","用于检测人体样本中的甲状腺结合球蛋白含量。临床上用于甲状腺疾病的辅助诊断。","Ⅱ"
497,10,"用于激素检测的试剂",10038,"高香草酸检测试剂","用于检测人体样本中的高香草酸含量。临床上用于儿茶酚胺分泌异常疾病的辅助诊断。","Ⅱ"
498,10,"用于激素检测的试剂",10039,"抗缪勒管激素（AMH）检测试剂","用于检测人体样本中的抗缪勒管激素（AMH）含量。临床上用于监测卵巢储备力和多囊卵巢综合征的辅助诊断。","Ⅱ"
499,10,"用于激素检测的试剂",10040,"胰高血糖素检测试剂","用于检测人体样本中的胰高血糖素含量。临床上用于糖尿病的辅助诊断。","Ⅱ"
500,10,"用于激素检测的试剂",10041,"抑制素A检测试剂","用于检测人体样本中的抑制素A（Inhibin A）含量。临床上用于妊娠相关疾病的辅助诊断及评估孕期唐氏综合征的风险。","Ⅱ"
501,10,"用于激素检测的试剂",10042,"抑制素B检测试剂","用于检测人体样本中的抑制素B（Inhibin B）含量。临床上用于评价睾丸生精功能和女性卵巢储备功能。","Ⅱ"
502,10,"用于激素检测的试剂",10043,"瘦素检测试剂","用于检测人体样本中的瘦素含量。临床上用于肥胖症和Ⅱ型糖尿病的辅助诊断。","Ⅱ"
503,10,"用于激素检测的试剂",10044,"儿茶酚胺及其代谢产物检测试剂","用于检测人体样本中的儿茶酚胺及其代谢产物（甲氧基肾上腺素、甲氧基去甲肾上腺素、3-甲氧基酪胺、肾上腺素、去甲肾上腺素、多巴胺）的含量。临床上用于高血压等心血管系统疾病的辅助评估。不用于肿瘤的辅助诊断。","Ⅱ"
504,11,"用于酶类检测试剂",11001,"肌酸激酶检测试剂","用于检测人体样本中的肌酸激酶活性或含量。临床上用于心肌梗死、病毒性心肌炎的辅助诊断。","Ⅱ"
505,11,"用于酶类检测试剂",11002,"肌酸激酶同工酶检测试剂","用于检测人体样本中的肌酸激酶同工酶活性或含量。临床上用于心肌梗死、肌病等疾病的辅助诊断。","Ⅱ"
506,11,"用于酶类检测试剂",11003,"肾素检测试剂","用于检测人体样本中的肾素活性。临床上用于肾性高血压、内分泌型高血压的辅助诊断。","Ⅱ"
507,11,"用于酶类检测试剂",11004,"丙氨酸氨基转移酶检测试剂","用于检测人体样本中的丙氨酸氨基转移酶（谷丙转氨酶，ALT）活性。临床上用于肝功能和中枢神经系统疾病的辅助诊断。","Ⅱ"
508,11,"用于酶类检测试剂",11005,"天门冬氨酸氨基转移酶检测试剂","用于检测人体样本中的天冬氨酸氨基转移酶（谷草转氨酶，AST）活性。临床上用于病毒性肝炎、阻塞性黄疸、心肌梗死的辅助诊断。","Ⅱ"
509,11,"用于酶类检测试剂",11006,"天门冬氨酸氨基转移酶线粒体同工酶检测试剂","用于检测人体样本中的天门冬氨酸氨基转移酶线粒体同工酶活性。临床上用于毒性肝炎、阻塞性黄疸、心肌梗死的辅助诊断。","Ⅱ"
510,11,"用于酶类检测试剂",11007,"碱性磷酸酶检测试剂","用于检测人体样本中的碱性磷酸酶活性。临床上用于肝胆疾病、肾病和骨骼疾病的辅助诊断。","Ⅱ"
511,11,"用于酶类检测试剂",11008,"碱性磷酸酶同工酶检测试剂","用于检测人体样本中的碱性磷酸酶同工酶。临床上用于骨骼、肝胆系统疾病的辅助诊断。","Ⅱ"
512,11,"用于酶类检测试剂",11009,"骨型碱性磷酸酶检测试剂","用于检测人体样本中的骨型碱性磷酸酶含量。临床上用于佝偻病、骨质疏松等骨代谢疾病的辅助诊断。","Ⅱ"
513,11,"用于酶类检测试剂",11010,"乳酸脱氢酶检测试剂","用于检测人体样本中的乳酸脱氢酶活性。临床上用于心肌梗死、肝病等疾病的辅助诊断。","Ⅱ"
514,11,"用于酶类检测试剂",11011,"乳酸脱氢酶同工酶检测试剂","用于检测人体样本中的乳酸脱氢酶同工酶活性。临床上用于心肌梗死、肝病等疾病的辅助诊断。","Ⅱ"
515,11,"用于酶类检测试剂",11012,"γ-谷氨酰基转移酶检测试剂","用于检测人体样本中的γ-谷氨酰基转移酶活性。临床上用于肝胆系统疾病的辅助诊断。","Ⅱ"
516,11,"用于酶类检测试剂",11013,"α-淀粉酶检测试剂","用于检测人体样本中的α-淀粉酶活性。临床上用于胰腺疾病的辅助诊断。","Ⅱ"
517,11,"用于酶类检测试剂",11014,"淀粉酶同工酶检测试剂","用于检测人体样本中的淀粉酶同工酶活性。临床上用于胰腺疾病的辅助诊断。","Ⅱ"
518,11,"用于酶类检测试剂",11015,"胰淀粉酶检测试剂","用于检测人体样本中的胰淀粉酶活性。临床上用于急性胰腺炎等疾病的辅助诊断。","Ⅱ"
519,11,"用于酶类检测试剂",11016,"胆碱脂酶检测试剂","用于检测人体样本中的胆碱脂酶活性。临床上用于肝脏损伤及有机磷中毒的辅助诊断。","Ⅱ"
520,11,"用于酶类检测试剂",11017,"丁酰胆碱脂酶检测试剂","用于检测人体样本中的丁酰胆碱脂酶活性。临床上用于有机磷中毒的辅助诊断。","Ⅱ"
521,11,"用于酶类检测试剂",11018,"腺苷脱氨酶检测试剂","用于检测人体样本中的腺苷脱氨酶活性。临床上用于肝损伤和中枢神经系统疾病、胸腹水等其他体液的辅助诊断。","Ⅱ"
522,11,"用于酶类检测试剂",11019,"脂肪酶检测试剂","用于检测人体样本中的脂肪酶活性。临床上用于急性胰腺炎的辅助诊断。","Ⅱ"
523,11,"用于酶类检测试剂",11020,"单胺氧化酶检测试剂","用于检测人体样本中的单胺氧化酶活性。临床上用于肝纤维化的辅助诊断。","Ⅱ"
524,11,"用于酶类检测试剂",11021,"5'-核苷酸酶检测试剂","用于检测人体样本中的5'-核苷酸酶活性。用于肝胆系统疾病的辅助诊断。","Ⅱ"
525,11,"用于酶类检测试剂",11022,"α-羟丁酸脱氢酶检测试剂","用于检测人体样本中的α-羟丁酸脱氢酶活性。临床上用于心肌梗死的辅助诊断。","Ⅱ"
526,11,"用于酶类检测试剂",11023,"N-乙酰-β-D-氨基葡萄糖苷酶检测试剂","用于检测人体样本中的N-乙酰-β-D-氨基葡萄糖苷酶活性。临床上用于肾小管损害的辅助诊断。","Ⅱ"
527,11,"用于酶类检测试剂",11024,"超氧化物歧化酶检测试剂","用于检测人体样本中的超氧化物歧化酶活性。临床上用于机体抗氧化能力的辅助诊断。","Ⅱ"
528,11,"用于酶类检测试剂",11025,"甘氨酰脯氨酸二肽氨基肽酶检测试剂","用于检测人体样本中的甘氨酰脯氨酸二肽氨基肽酶活性。临床上用于肝胆疾病、胃肠疾病的辅助诊断。","Ⅱ"
529,11,"用于酶类检测试剂",11026,"谷胱甘肽还原酶检测试剂","用于检测人体样本中的谷胱甘肽还原酶活性。临床上用于葡萄糖-6磷酸脱氢酶（G-6-PD）缺乏症的辅助诊断。","Ⅱ"
530,11,"用于酶类检测试剂",11027,"谷胱甘肽过氧化物酶检测试剂","用于检测人体样本中的谷胱甘肽过氧化物酶活性。临床上用于抗氧化能力的辅助评价。","Ⅱ"
531,11,"用于酶类检测试剂",11028,"谷胱甘肽转移酶检测试剂","用于检测人体样本中的谷胱甘肽转移酶活性。临床上用于肝炎的辅助诊断。","Ⅱ"
532,11,"用于酶类检测试剂",11029,"α1-抗胰蛋白酶（α1-蛋白酶抑制物）检测试剂","用于检测人体样本中的α1- 抗胰蛋白酶（α1- 蛋白酶抑制物）活性。临床上用于非特异性炎症的辅助诊断。","Ⅱ"
533,11,"用于酶类检测试剂",11030,"亮氨酸氨基转肽酶检测试剂","用于检测人体样本中的亮氨酸氨基转肽酶活性。临床上用于肝、胆疾病的辅助诊断。","Ⅱ"
534,11,"用于酶类检测试剂",11031,"磷酸已糖异构酶检测试剂","用于检测人体样本中的磷酸已糖异构酶活性。临床上用于肝脏疾病的辅助诊断。","Ⅱ"
535,11,"用于酶类检测试剂",11032,"醛缩酶检测试剂","用于检测人体样本中的醛缩酶活性。临床上用于肌肉、肝脏等疾病的辅助诊断。","Ⅱ"
536,11,"用于酶类检测试剂",11033,"血管紧张素转化酶检测试剂","用于检测人体样本中的血管紧张素转化酶活性。临床上用于高血压的用药监测和结节病的辅助诊断。","Ⅱ"
537,11,"用于酶类检测试剂",11034,"异柠檬酸脱氢酶检测试剂","用于检测人体样本中的异柠檬酸脱氢酶活性。临床上用于肝脏疾病的辅助诊断。","Ⅱ"
538,11,"用于酶类检测试剂",11035,"髓过氧化物酶（MPO）检测试剂","用于检测人体样本中的髓过氧化物酶（MPO）活性或含量。临床上用于心血管系统炎症的辅助诊断。","Ⅱ"
539,11,"用于酶类检测试剂",11036,"尿胰蛋白酶原-2（TG-2）检测试剂","用于检测人体尿液样本中胰蛋白酶原2（TG-2）。临床上用于急性胰腺炎疾病的辅助诊断。","Ⅱ"
540,11,"用于酶类检测试剂",11037,"脂蛋白相关磷脂酶A2（Lp-PLA2）检测试剂","用于检测人体样本中的脂蛋白相关磷脂酶A2（Lp-PLA2）。临床上用于短暂性脑缺血发作（TIA）、动脉粥样硬化症、冠心病等心脑血管疾病的辅助诊断。","Ⅱ"
541,11,"用于酶类检测试剂",11038,"谷氨酸脱氢酶检测试剂","用于检测人体样本中的谷氨酸脱氢酶（GLDH）活性。临床上用于肝脏疾病的辅助诊断。","Ⅱ"
542,11,"用于酶类检测试剂",11039,"胃蛋白酶检测试剂","用于检测人体唾液样本中胃蛋白酶活性。临床上可用于胃食管及咽喉反流相关疾病的辅助诊断。","Ⅱ"
543,11,"用于酶类检测试剂",11040,"基质金属蛋白酶-3（MMP-3）检测试剂","用于检测人体样本中的基质金属蛋白酶-3（MMP-3）。用于类风湿关节炎的辅助诊断。","Ⅱ"
544,11,"用于酶类检测试剂",11041,"抗酒石酸酸性磷酸酶5b（TRACP-5b）检测试剂","用于检测人体样本中的抗酒石酸酸性磷酸酶5b（TRACP-5b）活性。临床上用于原发性骨质疏松、糖尿病的辅助诊断。不用于肿瘤的辅助诊断。","Ⅱ"
545,11,"用于酶类检测试剂",11042,"二胺氧化酶（DAO）检测试剂","用于检测人体样本中的二胺氧化酶（DAO）活性。临床上用于肠道屏障功能损伤的辅助诊断。","Ⅱ"
546,11,"用于酶类检测试剂",11043,"羧肽酶B检测试剂","用于检测人体尿液样本中的羧肽酶B。临床上用于急性胰腺炎的辅助诊断。","Ⅱ"
547,11,"用于酶类检测试剂",11044,"前列腺酸性磷酸酶（PACP）检测试剂","用于检测人体样本中的前列腺酸性磷酸酶（PACP）活性。临床上用于对恶性肿瘤患者进行动态监测，以辅助判断疾病进程或者治疗效果。","Ⅱ"
548,11,"用于酶类检测试剂",11045,"前列腺碱性磷酸酶（PAP）检测试剂","用于检测人体样本中的前列腺碱性磷酸酶（PAP）。临床上用于前列腺癌的治疗效果及预后评估及转移性骨肿瘤的治疗监测。","Ⅱ"
549,11,"用于酶类检测试剂",11046,"β-D-半乳糖苷酶检测试剂","用于检测人体样本中β-D-半乳糖苷酶活性。临床上用于肾小管损伤的辅助诊断。","Ⅱ"
550,11,"用于酶类检测试剂",11047,"胰蛋白酶检测试剂","用于检测人体样本中的胰蛋白酶活性。临床上用于胰腺疾病的辅助诊断。","Ⅱ"
551,11,"用于酶类检测试剂",11048,"胰弹性蛋白酶1（E1）检测试剂","用于检测人体样本中的胰弹性蛋白酶1（E1）。临床上用于与胃肠病状相关的胰腺疾病、急性胰腺炎的辅助诊断。","Ⅱ"
552,11,"用于酶类检测试剂",11049,"乙醇脱氢酶检测试剂","用于检测人体样本中的乙醇脱氢酶活性。临床上用于肝脏疾病的辅助诊断。","Ⅱ"
553,11,"用于酶类检测试剂",11050,"卵磷脂胆固醇酰基转移酶检测试剂","用于检测人体样本中的卵磷脂胆固醇酰基转移酶活性。临床上用于肝胆系统疾病的辅助诊断。","Ⅱ"
554,11,"用于酶类检测试剂",11051,"胸腺嘧啶核苷激酶1检测试剂","用于检测人体样本中的胸腺嘧啶核苷激酶1（胸苷激酶1，TK1）。临床上用于肿瘤增殖的监测。","Ⅱ"
555,11,"用于酶类检测试剂",11052,"α-L-岩藻糖苷酶检测试剂","用于检测人体样本中的α-L-岩藻糖苷酶含量。临床上用于慢性肝炎、肝硬化、肝癌的治疗监测。","Ⅱ"
556,11,"用于酶类检测试剂",11053,"神经元特异性烯醇化酶（NSE）检测试剂","用于检测人体样本中的神经元特异性烯醇化酶（NSE）含量。临床上用于肺癌和神经母细胞瘤等的治疗监测和复发监测。","Ⅱ"
557,11,"用于酶类检测试剂",11054,"白细胞酯酶检测试剂","用于检测人体样本中的白细胞酯酶活性。临床上用于生殖系统炎症的辅助诊断。","Ⅱ"
558,12,"用于酯类检测的试剂",12001,"总胆固醇检测试剂","用于检测人体样本中的总胆固醇含量。临床上用于高胆固醇血症的辅助诊断。","Ⅱ"
559,12,"用于酯类检测的试剂",12002,"游离胆固醇检测试剂","用于检测人体样本中的游离胆固醇含量。临床上用于肝脏疾病的辅助诊断。","Ⅱ"
560,12,"用于酯类检测的试剂",12003,"甘油三酯检测试剂","用于检测人体样本中的甘油三酯含量。临床上用于高甘油三酯血症、动脉粥样硬化、冠心病的辅助诊断。","Ⅱ"
561,12,"用于酯类检测的试剂",12004,"游离脂肪酸检测试剂","用于检测人体样本中的游离脂肪酸含量。临床上用于高脂血症、冠心病和动脉粥样硬化的辅助诊断。","Ⅱ"
562,12,"用于酯类检测的试剂",12005,"高密度脂蛋白胆固醇检测试剂","用于检测人体样本中的高密度脂蛋白胆固醇含量。临床上用于高胆固醇血症、冠心病和动脉粥样硬化的辅助诊断。","Ⅱ"
563,12,"用于酯类检测的试剂",12006,"低密度脂蛋白胆固醇检测试剂","用于检测人体样本中的低密度脂蛋白胆固醇含量。临床上用于高胆固醇血症、冠心病和动脉粥样硬化的辅助诊断。","Ⅱ"
564,12,"用于酯类检测的试剂",12007,"脂蛋白（a）检测试剂","用于检测人体样本中的脂蛋白（a）含量。临床上用于评价心血管疾病风险。","Ⅱ"
565,12,"用于酯类检测的试剂",12008,"载脂蛋白A1检测试剂","用于检测人体样本中的载脂蛋白A1（A-I）含量。临床上用于评价心血管疾病风险。","Ⅱ"
566,12,"用于酯类检测的试剂",12009,"载脂蛋白A2检测试剂","用于检测人体样本中的载脂蛋白A2（A-II）含量。临床上用于评价心血管疾病风险。","Ⅱ"
567,12,"用于酯类检测的试剂",12010,"载脂蛋白B检测试剂","用于检测人体样本中的载脂蛋白B含量。临床上用于评价心血管疾病风险。","Ⅱ"
568,12,"用于酯类检测的试剂",12011,"载脂蛋白C2检测试剂","用于检测人体样本中的载脂蛋白C2含量。临床上用于评价心血管疾病风险。","Ⅱ"
569,12,"用于酯类检测的试剂",12012,"载脂蛋白C3检测试剂","用于检测人体样本中的载脂蛋白C3含量。临床上用于评价心血管疾病风险。","Ⅱ"
570,12,"用于酯类检测的试剂",12013,"载脂蛋白E检测试剂","用于检测人体样本中的载脂蛋白E含量。临床上用于评价心血管疾病风险。","Ⅱ"
571,12,"用于酯类检测的试剂",12014,"脂蛋白残粒胆固醇检测试剂","用于检测人体样本中的脂蛋白残粒胆固醇含量。临床上用于评价心血管疾病风险。","Ⅱ"
572,12,"用于酯类检测的试剂",12015,"小而密低密度脂蛋白胆固醇检测试剂","用于检测人体样本中小而密低密度脂蛋白胆固醇的含量。临床上用于冠心病和动脉粥样硬化的辅助诊断。","Ⅱ"
573,12,"用于酯类检测的试剂",12016,"乙酰乙酸检测试剂","用于检测人体样本中的乙酰乙酸含量。临床上用于酮症酸中毒的辅助诊断。","Ⅱ"
574,12,"用于酯类检测的试剂",12017,"氧化型低密度脂蛋白检测试剂","用于检测人体样本中的氧化低密度脂蛋白（ox-LDL）含量。临床上用于冠心病和动脉粥样硬化相关疾病的辅助诊断。","Ⅱ"
575,13,"用于维生素检测的试剂",13001,"25-羟基维生素D2检测试剂","用于检测人体样本中的25-羟基维生素D2含量。临床上用于维生素D缺乏相关疾病的辅助诊断。","Ⅱ"
576,13,"用于维生素检测的试剂",13002,"25-羟基维生素D3检测试剂","用于检测人体样本中的25-羟基维生素D3含量。临床上用于维生素D缺乏相关疾病的辅助诊断。","Ⅱ"
577,13,"用于维生素检测的试剂",13003,"25-羟基维生素D检测试剂","用于检测人体样本中的25-羟基维生素D含量。临床上用于维生素D缺乏相关疾病的辅助诊断。","Ⅱ"
578,13,"用于维生素检测的试剂",13004,"1,25-二羟基维生素D3检测试剂","用于检测人体样本中1,25-二羟基维生素D3含量。临床上用于维生素D缺乏相关疾病的辅助诊断。","Ⅱ"
579,13,"用于维生素检测的试剂",13005,"维生素B12检测试剂","用于检测人体样本中的维生素B12（Vitamin B12，VB12）含量。临床上用于维生素B12缺乏相关疾病的辅助诊断。","Ⅱ"
580,13,"用于维生素检测的试剂",13006,"全转运钴胺素检测试剂","用于检测人体样本中的全转运钴胺素（活性维生素B12）。临床上用于维生素B12缺乏症的辅助诊断。","Ⅱ"
581,13,"用于维生素检测的试剂",13007,"叶酸检测试剂","用于检测人体样本中叶酸（维生素B9）含量。临床上用于巨幼红细胞性贫血的辅助诊断。","Ⅱ"
582,13,"用于维生素检测的试剂",13008,"红细胞叶酸检测试剂","用于检测人体样本中的红细胞叶酸含量。临床上用于巨幼红细胞性贫血的辅助诊断。","Ⅱ"
583,13,"用于维生素检测的试剂",13009,"维生素A检测试剂","用于检测人体样本中的维生素A含量。临床上用于维生素A缺乏相关疾病的辅助诊断。","Ⅱ"
584,13,"用于维生素检测的试剂",13010,"维生素C检测试剂","用于检测人体样本中的维生素C含量。临床上用于维生素C缺乏的辅助诊断。","Ⅱ"
585,13,"用于维生素检测的试剂",13011,"维生素E检测试剂","用于检测人体样本中的维生素E含量。临床上用于维生素E缺乏相关疾病的辅助诊断。","Ⅱ"
586,13,"用于维生素检测的试剂",13012,"水溶性维生素检测试剂","用于检测人体样本中的维生素B1、维生素B2、维生素B3、维生素B5、维生素B6、维生素B7、维生素B9、维生素B12、维生素C等水溶性维生素含量。临床上用于水溶性维生素缺乏相关疾病的辅助诊断。","Ⅱ"
587,13,"用于维生素检测的试剂",13013,"脂溶性维生素检测试剂","用于检测人体样本中的维生素A、维生素D、维生素E、维生素K含量。临床上用于脂溶性维生素蓄积或缺乏所引起的疾病如维生素中毒和发育迟缓的辅助诊断。","Ⅱ"
588,14,"用于无机离子检测的试剂",14001,"碘检测试剂","用于检测人体样本中的碘含量。临床上用于甲状腺疾病的辅助诊断。","Ⅱ"
589,14,"用于无机离子检测的试剂",14002,"氨检测试剂","用于检测人体样本中的氨含量。临床上用于肝性脑病、肝脏疾病的辅助诊断。","Ⅱ"
590,14,"用于无机离子检测的试剂",14003,"氯检测试剂","用于检测人体样本中的氯含量。临床上用于氯代谢紊乱的辅助诊断。","Ⅱ"
591,14,"用于无机离子检测的试剂",14004,"二氧化碳检测试剂","用于检测人体样本中的二氧化碳含量。临床上作为体内酸碱平衡的评价指标。","Ⅱ"
592,14,"用于无机离子检测的试剂",14005,"锂检测试剂","用于检测人体样本中的锂含量。临床上用于锂盐中毒的辅助诊断。","Ⅱ"
593,14,"用于无机离子检测的试剂",14006,"铅检测试剂","用于检测人体样本中的铅含量。临床上用于铅中毒的辅助诊断。","Ⅱ"
594,14,"用于无机离子检测的试剂",14007,"镉检测试剂","用于检测人体样本中的镉含量。临床上用于镉中毒的辅助诊断。","Ⅱ"
595,14,"用于无机离子检测的试剂",14008,"钙检测试剂","用于检测人体样本中的钙离子含量。临床上用于钙代谢紊乱的辅助诊断。","Ⅱ"
596,14,"用于无机离子检测的试剂",14009,"铜检测试剂","用于检测人体样本中的铜离子含量。临床上用于铜代谢紊乱的辅助诊断。","Ⅱ"
597,14,"用于无机离子检测的试剂",14010,"钾检测试剂","用于检测人体样本中的钾离子含量。临床上用于钾代谢紊乱的辅助诊断。","Ⅱ"
598,14,"用于无机离子检测的试剂",14011,"镁检测试剂","用于检测人体样本中的镁离子含量。临床上用于镁代谢紊乱的辅助诊断。","Ⅱ"
599,14,"用于无机离子检测的试剂",14012,"钠检测试剂","用于检测人体样本中的钠离子含量。临床上用于钠代谢紊乱的辅助诊断。","Ⅱ"
600,14,"用于无机离子检测的试剂",14013,"磷检测试剂","用于检测人体样本中的磷含量。临床上用于磷代谢紊乱的辅助诊断。","Ⅱ"
601,14,"用于无机离子检测的试剂",14014,"锌检测试剂","用于检测人体样本中的锌离子含量。临床上用于锌代谢紊乱的辅助诊断。","Ⅱ"
602,14,"用于无机离子检测的试剂",14015,"铁检测试剂","用于检测人体样本中的铁离子含量。临床上用于贫血及铁代谢的相关疾病的辅助诊断。","Ⅱ"
603,14,"用于无机离子检测的试剂",14016,"总铁结合力检测试剂","用于检测人体样本中的总铁结合力含量。临床上用于贫血、铁中毒的辅助诊断。","Ⅱ"
604,14,"用于无机离子检测的试剂",14017,"不饱和铁结合力检测试剂","用于检测人体样本中的不饱和铁结合力含量。临床上用于贫血、肝功能障碍等由铁代谢异常引起的疾病的辅助诊断。","Ⅱ"
605,14,"用于无机离子检测的试剂",14018,"一氧化氮检测试剂","用于检测人体样本中的一氧化氮。临床上用于哮喘疾病的辅助诊断及治疗效果的监测。","Ⅱ"
606,14,"用于无机离子检测的试剂",14019,"汞检测试剂","用于检测人体样本中的汞含量。临床上用于汞中毒的辅助诊断。","Ⅱ"
607,14,"用于无机离子检测的试剂",14020,"铬检测试剂","用于检测人体样本中的铬含量。临床上用于铬中毒的辅助诊断。","Ⅱ"
608,14,"用于无机离子检测的试剂",14021,"锰检测试剂","用于检测人体样本中的锰含量。临床上用于锰中毒的辅助诊断。","Ⅱ"
609,15,"用于药物及药物代谢物检测的试剂",15001,"他克莫司检测试剂","用于检测人体样本中的他克莫司浓度。临床上用于他克莫司血药浓度的监测。","Ⅱ"
610,15,"用于药物及药物代谢物检测的试剂",15002,"妥布霉素检测试剂","用于检测人体样本中的妥布霉素浓度。临床上用于妥布霉素血药浓度的监测。","Ⅱ"
611,15,"用于药物及药物代谢物检测的试剂",15003,"环孢霉素检测试剂","用于检测人体样本中的环孢霉素浓度。临床上用于环孢霉素血药浓度的监测。","Ⅱ"
612,15,"用于药物及药物代谢物检测的试剂",15004,"庆大霉素检测试剂","用于检测人体样本中的庆大霉素浓度。临床上用于庆大霉素血药浓度的监测。","Ⅱ"
613,15,"用于药物及药物代谢物检测的试剂",15005,"万古霉素检测试剂","用于检测人体样本中的万古霉素浓度。临床上用于万古霉素血药浓度的监测。","Ⅱ"
614,15,"用于药物及药物代谢物检测的试剂",15006,"甲氨蝶呤检测试剂","用于检测人体样本中的甲氨蝶呤浓度。临床上用于甲氨蝶呤血药浓度的监测。","Ⅱ"
615,15,"用于药物及药物代谢物检测的试剂",15007,"丙戊酸检测试剂","用于检测人体样本中的丙戊酸浓度。临床上用于丙戊酸血药浓度的监测。","Ⅱ"
616,15,"用于药物及药物代谢物检测的试剂",15008,"霉酚酸检测试剂","用于检测人体样本中的霉酚酸浓度。临床上用于霉酚酸血药浓度的监测。","Ⅱ"
617,15,"用于药物及药物代谢物检测的试剂",15009,"醋氨酚检测试剂","用于检测人体样本中的醋氨酚浓度。临床上用于醋氨酚血药浓度的监测。","Ⅱ"
618,15,"用于药物及药物代谢物检测的试剂",15010,"水杨酸检测试剂","用于检测人体样本中的水杨酸浓度。临床上用于水杨酸血药浓度的监测。","Ⅱ"
619,15,"用于药物及药物代谢物检测的试剂",15011,"对乙酰氨基酚检测试剂","用于检测人体样本中的对乙酰氨基酚浓度。临床上用于对乙酰氨基酚血药浓度的监测。","Ⅱ"
620,15,"用于药物及药物代谢物检测的试剂",15012,"卡马西平检测试剂","用于检测人体样本中的卡马西平浓度。临床上用于卡马西平血药浓度的监测。","Ⅱ"
621,15,"用于药物及药物代谢物检测的试剂",15013,"茶碱检测试剂","用于检测人体样本中的茶碱浓度。临床上用于茶碱血药浓度的监测。","Ⅱ"
622,15,"用于药物及药物代谢物检测的试剂",15014,"地高辛检测试剂","用于检测人体样本中的地高辛浓度。临床上用于地高辛血药浓度的监测。","Ⅱ"
623,15,"用于药物及药物代谢物检测的试剂",15015,"苯妥英检测试剂","用于检测人体样本中的苯妥英浓度。临床上用于苯妥英血药浓度的监测。","Ⅱ"
624,15,"用于药物及药物代谢物检测的试剂",15016,"5-氟尿嘧啶检测试剂","用于检测人体样本中的5-氟尿嘧啶（5-Fu）浓度。临床上用于5-氟尿嘧啶血药浓度的监测。","Ⅱ"
625,15,"用于药物及药物代谢物检测的试剂",15017,"奥氮平检测试剂","用于检测人体样本中的奥氮平（OLZ）浓度。临床上用于奥氮平血药浓度的监测。","Ⅱ"
626,15,"用于药物及药物代谢物检测的试剂",15018,"奥卡西平检测试剂","用于检测人体样本中的奥卡西平浓度。临床上用于奥卡西平血药浓度的监测。","Ⅱ"
627,15,"用于药物及药物代谢物检测的试剂",15019,"伏立康唑检测试剂","用于检测人体样本中的伏立康唑浓度。临床上用于伏立康唑血药浓度的监测。","Ⅱ"
628,15,"用于药物及药物代谢物检测的试剂",15020,"利奈唑胺检测试剂","用于检测人体样本中的利奈唑胺浓度。临床上用于利奈唑胺血药浓度的监测。","Ⅱ"
629,15,"用于药物及药物代谢物检测的试剂",15021,"利培酮检测试剂","用于检测人体样本中的利培酮浓度。临床上用于利培酮血药浓度的监测。","Ⅱ"
630,15,"用于药物及药物代谢物检测的试剂",15022,"紫杉醇检测试剂","用于检测人体样本中的紫杉醇浓度。临床上用于紫杉醇血药浓度的监测。","Ⅱ"
631,15,"用于药物及药物代谢物检测的试剂",15023,"多西紫杉醇检测试剂","用于检测人体样本中的多西紫杉醇浓度。临床上用于多西紫杉醇血药浓度的监测。","Ⅱ"
632,15,"用于药物及药物代谢物检测的试剂",15024,"艾司西酞普兰检测试剂","用于检测人体样本中的艾司西酞普兰浓度。临床上用于艾司西酞普兰血药浓度的监测。","Ⅱ"
633,15,"用于药物及药物代谢物检测的试剂",15025,"氨磺必利检测试剂","用于检测人体样本中的氨磺必利浓度。临床上用于氨磺必利血药浓度的监测。","Ⅱ"
634,15,"用于药物及药物代谢物检测的试剂",15026,"喹硫平检测试剂","用于检测人体样本中的喹硫平（QTP）浓度。临床上用于喹硫平（QTP）血药浓度的监测。","Ⅱ"
635,15,"用于药物及药物代谢物检测的试剂",15027,"拉莫三嗪检测试剂","用于检测人体样本中的拉莫三嗪浓度。临床上用于拉莫三嗪血药浓度的监测。","Ⅱ"
636,15,"用于药物及药物代谢物检测的试剂",15028,"氯氮平检测试剂","用于检测人体样本中的氯氮平浓度。临床上用于氯氮平血药浓度的监测。","Ⅱ"
637,15,"用于药物及药物代谢物检测的试剂",15029,"帕罗西汀检测试剂","用于检测人体样本中的帕罗西汀浓度。临床上用于帕罗西汀血药浓度的监测。","Ⅱ"
638,15,"用于药物及药物代谢物检测的试剂",15030,"舍曲林检测试剂","用于检测人体样本中的舍曲林浓度。临床上用于舍曲林血药浓度的监测。","Ⅱ"
639,15,"用于药物及药物代谢物检测的试剂",15031,"托吡酯检测试剂","用于检测人体样本中的托吡酯浓度。临床上用于托吡酯血药浓度的监测。","Ⅱ"
640,15,"用于药物及药物代谢物检测的试剂",15032,"文拉法辛检测试剂","用于检测人体样本中的文拉法辛浓度。临床上用于文拉法辛血药浓度的监测。","Ⅱ"
641,15,"用于药物及药物代谢物检测的试剂",15033,"氟康唑检测试剂","用于检测人体样本中的氟康唑浓度。临床上用于氟康唑血药浓度的监测。","Ⅱ"
642,15,"用于药物及药物代谢物检测的试剂",15034,"雷帕霉素检测试剂","用于检测人体样本中的雷帕霉素浓度。临床上用于雷帕霉素血药浓度的监测。","Ⅱ"
643,15,"用于药物及药物代谢物检测的试剂",15035,"酰胺醇类药物检测试剂","用于检测人体样本中的酰胺醇类（氯霉素类）浓度。临床上用于酰胺醇类（氯霉素类）血药浓度的监测。","Ⅱ"
644,15,"用于药物及药物代谢物检测的试剂",15036,"亚甲蓝检测试剂","用于检测人体样本中的亚甲蓝浓度。临床上用于亚甲蓝血药浓度的监测。","Ⅱ"
645,15,"用于药物及药物代谢物检测的试剂",15037,"伊马替尼检测试剂","用于检测人体样本中的伊马替尼浓度。临床上用于伊马替尼血药浓度的监测。","Ⅱ"
646,15,"用于药物及药物代谢物检测的试剂",15038,"伊曲康唑检测试剂","用于检测人体样本中的伊曲康唑浓度。临床上用于伊曲康唑血药浓度的监测。","Ⅱ"
647,15,"用于药物及药物代谢物检测的试剂",15039,"英夫利西单抗检测试剂","用于检测人体样本中的英夫利西单抗浓度。临床上用于英夫利西单抗血药浓度的监测。","Ⅱ"
648,15,"用于药物及药物代谢物检测的试剂",15040,"荧光素钠检测试剂","用于检测人体样本中的荧光素钠浓度。临床上用于荧光素钠血药浓度的监测。","Ⅱ"
649,15,"用于药物及药物代谢物检测的试剂",15041,"阿立哌唑检测试剂","用于检测人体样本中的阿立哌唑浓度。临床上用于阿立哌唑血药浓度的监测。","Ⅱ"
650,15,"用于药物及药物代谢物检测的试剂",15042,"左乙拉西坦检测试剂","用于检测人体样本中的左乙拉西坦浓度。临床上用于左乙拉西坦血药浓度的监测。","Ⅱ"
651,15,"用于药物及药物代谢物检测的试剂",15043,"唑尼沙胺检测试剂","用于检测人体样本中的唑尼沙胺浓度。临床上用于唑尼沙胺血药浓度的监测。","Ⅱ"
652,15,"用于药物及药物代谢物检测的试剂",15044,"N-乙酰普鲁卡因胺检测试剂","用于检测人体样本中的N-乙酰普鲁卡因胺浓度。临床上用于N-乙酰普鲁卡因胺血药浓度的监测。","Ⅱ"
653,15,"用于药物及药物代谢物检测的试剂",15045,"普鲁卡因胺检测试剂","用于检测人体样本中的普鲁卡因胺浓度。临床上用于普鲁卡因血药浓度的监测。","Ⅱ"
654,15,"用于药物及药物代谢物检测的试剂",15046,"利多卡因检测试剂","用于检测人体样本中的利多卡因浓度。临床上用于利多卡因血药浓度的监测。","Ⅱ"
655,15,"用于药物及药物代谢物检测的试剂",15047,"普里米酮检测试剂","用于检测人体样本中的普里米酮浓度。临床上用于普里米酮血药浓度的监测。","Ⅱ"
656,15,"用于药物及药物代谢物检测的试剂",15048,"溴哌利多检测试剂","用于检测人体样本中的溴哌利多浓度。临床上用于溴哌利多血药浓度的监测。","Ⅱ"
657,15,"用于药物及药物代谢物检测的试剂",15049,"3-甲氧基酪胺检测试剂","用于检测人体尿液样本中3-甲氧基酪胺浓度。临床上用于3-甲氧基酪胺血药浓度的监测。","Ⅱ"
658,15,"用于药物及药物代谢物检测的试剂",15050,"阿达木单抗检测试剂","用于检测人体样本中的阿达木单抗浓度。临床上用于阿达木单抗血药浓度的监测。","Ⅱ"
659,16,"用于自身抗体检测的试剂",16001,"抗β2糖蛋白1抗体检测试剂","用于检测人体样本中的抗β2糖蛋白1（β2-GP1）抗体/IgA抗体/IgM抗体/IgG抗体。临床上用于抗磷脂综合征（APS）、系统性红斑狼疮（SLE）的辅助诊断。","Ⅱ"
660,16,"用于自身抗体检测的试剂",16002,"抗β2糖蛋白I结构域1抗体试剂","用于检测人体样本中的抗β2糖蛋白I结构域1抗体。临床上用于抗磷脂综合征（APS）的辅助诊断。","Ⅱ"
661,16,"用于自身抗体检测的试剂",16003,"抗水通道蛋白4抗体检测试剂","用于检测人体样本中的抗水通道蛋白4（AQP4）抗体。临床上用于视神经脊髓炎谱系病（NMOSD）的辅助诊断。","Ⅱ"
662,16,"用于自身抗体检测的试剂",16004,"抗大疱性类天疱疮抗原180抗体检测试剂","用于检测人体样本中的抗大疱性类天疱疮抗原180（BP180）抗体。临床上用于大疱性类天疱疮的辅助诊断。","Ⅱ"
663,16,"用于自身抗体检测的试剂",16005,"抗大疱性类天疱疮抗原230抗体检测试剂","用于检测人体样本中的抗大疱性类天疱疮抗原230（BP230）抗体。临床上用于大疱性类天疱疮的辅助诊断。","Ⅱ"
664,16,"用于自身抗体检测的试剂",16006,"抗可溶性肝抗原-肝胰抗原抗体检测试剂","用于检测人体样本中的抗可溶性肝抗原-肝胰抗原（SLA/LP）抗体。临床上用于自身免疫性肝炎的辅助诊断。","Ⅱ"
665,16,"用于自身抗体检测的试剂",16007,"抗可溶性肝抗原抗体检测试剂","用于检测人体样本中的抗可溶性肝抗原（SLA）抗体。临床上用于自身免疫性肝炎的辅助诊断。","Ⅱ"
666,16,"用于自身抗体检测的试剂",16008,"抗蛋白酶3抗体检测试剂","用于检测人体样本中的抗蛋白酶3（PR3）抗体。临床上用于在Wegener肉芽肿（WG）血管炎等抗中性粒细胞胞浆抗体（ANCA）相关性血管炎的辅助诊断。","Ⅱ"
667,16,"用于自身抗体检测的试剂",16009,"抗促甲状腺素受体抗体检测试剂","用于检测人体样本中的抗促甲状腺素受体（TSHR）抗体。临床上用于毒性弥漫性甲状腺肿（Graves）疾病的辅助诊断。","Ⅱ"
668,16,"用于自身抗体检测的试剂",16010,"抗甲状腺过氧化物酶抗体检测试剂","用于检测人体样本中的抗甲状腺过氧化物酶抗体（TPOAb）。临床上用于自身免疫性甲状腺疾病的辅助诊断。","Ⅱ"
669,16,"用于自身抗体检测的试剂",16011,"抗甲状腺球蛋白抗体检测试剂","用于检测人体样本中抗甲状腺球蛋白抗体（TGAb），临床上用于甲亢、慢性甲状腺炎以及甲状腺异常，如慢性淋巴球甲状腺炎、非毒性甲状腺肿、Grave病的辅助诊断。","Ⅱ"
670,16,"用于自身抗体检测的试剂",16012,"抗M2-3E抗体检测试剂","用于检测人体样本中的抗M2-3E抗体。临床上用于原发性胆汁性胆管炎（PBC）的辅助诊断。","Ⅱ"
671,16,"用于自身抗体检测的试剂",16013,"抗补体1q抗体检测试剂","用于检测人体样本中的抗补体1q（C1q）抗体。临床上用于狼疮肾炎、低补体血症性荨麻疹性血管炎（HUVS）、膜增生性肾小球肾炎（MPGN）等疾病的辅助诊断。","Ⅱ"
672,16,"用于自身抗体检测的试剂",16014,"抗组氨酰tRNA合成酶抗体检测试剂","用于检测人体样本中的抗组氨酰tRNA合成酶（Jo-1）抗体。临床上用于多发性肌炎/皮肌炎（PM/DM）的辅助诊断。","Ⅱ"
673,16,"用于自身抗体检测的试剂",16015,"抗苏氨酰tRNA合成酶抗体检测试剂","用于检测人体样本中的抗苏氨酰tRNA合成酶（PL-7）抗体。临床上用于多发性肌炎的辅助诊断。","Ⅱ"
674,16,"用于自身抗体检测的试剂",16016,"抗丙氨酰tRNA合成酶抗体检测试剂","用于检测人体样本中的抗丙氨酰tRNA合成酶（PL-12）抗体。临床上用于多发性肌炎的辅助诊断。","Ⅱ"
675,16,"用于自身抗体检测的试剂",16017,"抗甘氨酰tRNA合成酶抗体检测试剂","用于检测人体样本中的抗甘氨酰tRNA合成酶（EJ）抗体。临床上用于多发性肌炎的辅助诊断。","Ⅱ"
676,16,"用于自身抗体检测的试剂",16018,"抗信号识别粒子（SRP）抗体检测试剂","用于检测人体样本中的抗信号识别粒子（SRP）抗体。临床上用于免疫介导性坏死性肌病的辅助诊断。","Ⅱ"
677,16,"用于自身抗体检测的试剂",16019,"抗Mi-2抗体检测试剂","用于检测人体样本中的抗Mi-2抗体。临床上用于皮肌炎（DM）的辅助诊断。","Ⅱ"
678,16,"用于自身抗体检测的试剂",16020,"抗PM-Scl抗体检测试剂","用于检测人体样本中的抗PM-Scl抗体。临床上用于肌炎/重叠综合征等自身免疫疾病的辅助诊断。","Ⅱ"
679,16,"用于自身抗体检测的试剂",16021,"抗RA33抗体检测试剂","用于检测人体样本中的抗RA33（异质性核糖核蛋白A2）抗体。临床上用于类风湿关节炎（RA），以及系统性红斑狼疮（SLE）或混合结缔组织病（MCTD）的辅助诊断。","Ⅱ"
680,16,"用于自身抗体检测的试剂",16022,"抗Scl-70抗体检测试剂","用于检测人体样本中的抗Scl-70（DNA拓扑异构酶Ⅰ）抗体。临床上用于系统性硬化症（SSc）的辅助诊断。","Ⅱ"
681,16,"用于自身抗体检测的试剂",16023,"抗Sm抗体检测试剂","用于检测人体样本中的抗Sm抗体。临床上用于系统红斑狼疮的辅助诊断。","Ⅱ"
682,16,"用于自身抗体检测的试剂",16024,"抗Sp100抗体检测试剂","用于检测人体样本中的抗Sp100抗体。临床上用于原发性胆汁性胆管炎（PBC）的辅助诊断。","Ⅱ"
683,16,"用于自身抗体检测的试剂",16025,"抗Ro-52抗体检测试剂","用于检测人体样本中的抗Ro-52抗体。临床上用于干燥综合征等自身免疫病的辅助诊断。","Ⅱ"
684,16,"用于自身抗体检测的试剂",16026,"抗Ro-60抗体检测试剂","用于检测人体样本中的抗Ro-60抗体。临床上用于干燥综合征等自身免疫病的辅助诊断。","Ⅱ"
685,16,"用于自身抗体检测的试剂",16027,"抗SSA/Ro抗体检测试剂","用于检测人体样本中的抗SSA/Ro抗体。临床上用于干燥综合征（SS）、类风湿关节炎、系统性红斑狼疮（SLE）、亚急性皮肤性狼疮、新生儿红斑狼疮、补体C2/C4缺乏症等疾病的辅助诊断。","Ⅱ"
686,16,"用于自身抗体检测的试剂",16028,"抗SSB抗体检测试剂","用于检测人体样本中的抗SSB抗体。临床上用于干燥综合征（SS）、系统性红斑狼疮（SLE）、多克隆高丙种球蛋白血病与冷球蛋白血症等疾病的辅助诊断。","Ⅱ"
687,16,"用于自身抗体检测的试剂",16029,"抗α-胞衬蛋白抗体检测试剂","用于检测人体样本中的抗α-胞衬蛋白抗体。临床上用于干燥综合征的辅助诊断。","Ⅱ"
688,16,"用于自身抗体检测的试剂",16030,"抗肝肾微粒抗体检测试剂","用于检测人体样本中的抗肝肾微粒体（LKM）抗体。临床上用于自身免疫性肝炎的辅助诊断。","Ⅱ"
689,16,"用于自身抗体检测的试剂",16031,"抗谷氨酸脱羧酶抗体检测试剂","用于检测人体样本中的抗谷氨酸脱羧酶（GAD）抗体。临床上用于Ⅰ型糖尿病的辅助诊断。","Ⅱ"
690,16,"用于自身抗体检测的试剂",16032,"抗核抗体检测试剂","用于检测人体样本中的抗核抗体（ANA）。临床上用于系统性红斑狼疮（SLE）、类风湿关节炎（RA）和干燥综合征（SS）等多种自身免疫病的辅助诊断。","Ⅱ"
691,16,"用于自身抗体检测的试剂",16033,"抗核糖核蛋白抗体检测试剂","用于检测人体样本中的抗核糖核蛋白（RNP）抗体。临床上用于混合性结缔组织病（MCTD）、系统性红斑狼疮（SLE）、全身性进行性硬化症（PSS）、类风湿性关节炎的辅助诊断。","Ⅱ"
692,16,"用于自身抗体检测的试剂",16034,"抗U1核糖核蛋白抗体检测试剂","用于检测人体样本中的抗U1核糖核蛋白（U1RNP）抗体。临床上用于混合性结缔组织病（MCTD）的辅助诊断。","Ⅱ"
693,16,"用于自身抗体检测的试剂",16035,"抗核糖体P蛋白抗体检测试剂","用于检测人体样本中的抗核糖体P蛋白（Ribosomal P）抗体。临床上用于系统性红斑狼疮的辅助诊断。","Ⅱ"
694,16,"用于自身抗体检测的试剂",16036,"抗核糖核蛋白70抗体检测试剂","用于检测人体样本中的抗核糖核蛋白70抗体。临床上用于混合性结缔组织病（MCTD）的辅助诊断。","Ⅱ"
695,16,"用于自身抗体检测的试剂",16037,"抗核小体抗体检测试剂","用于检测人体样本中的抗核小体抗体。临床上用于系统性红斑狼疮（SLE）疾病活动性评估及狼疮性肾炎的辅助诊断。","Ⅱ"
696,16,"用于自身抗体检测的试剂",16038,"抗环瓜氨酸肽抗体检测试剂","用于检测人体样本中的抗环状瓜氨酸肽（CCP）抗体。临床上用于类风湿关节炎（RA）的辅助诊断。","Ⅱ"
697,16,"用于自身抗体检测的试剂",16039,"抗甲状腺微粒体抗体检测试剂","用于检测人体样本中的抗甲状腺微粒体抗体。临床上用于自身免疫性甲状腺炎的辅助诊断。","Ⅱ"
698,16,"用于自身抗体检测的试剂",16040,"抗角蛋白抗体检测试剂","用于检测人体样本中的抗角蛋白（AKA）抗体。临床上用于类风湿关节炎（RA）的辅助诊断。","Ⅱ"
699,16,"用于自身抗体检测的试剂",16041,"抗精子抗体检测试剂","用于检测人体样本中的抗精子抗体（AsAb）。临床上用于受孕能力下降或不孕的辅助诊断。","Ⅱ"
700,16,"用于自身抗体检测的试剂",16042,"抗卵巢抗体检测试剂","用于检测人体样本中的抗卵巢抗体。临床上用于自身免疫性卵巢炎的辅助诊断。","Ⅱ"
701,16,"用于自身抗体检测的试剂",16043,"抗酪氨酸磷酸酶抗体检测试剂","用于检测人体样本中的抗酪氨酸磷酸酶（IA-2）抗体。临床上用于Ⅰ型糖尿病的辅助诊断。","Ⅱ"
702,16,"用于自身抗体检测的试剂",16044,"抗麦胶蛋白抗体检测试剂","用于检测人体样本中的抗麦胶蛋白抗体。临床上用于乳糜泻等的辅助诊断。","Ⅱ"
703,16,"用于自身抗体检测的试剂",16045,"抗内皮细胞抗体检测试剂","用于检测人体样本中的抗内皮细胞抗体。临床上用于原发性、继发性自身免疫性血管炎、特发性肾脏血管炎、系统性红斑狼疮（SLE）、类风湿关节炎（RA）相关性血管炎、混合性结缔组织病及原发性干燥综合征的辅助诊断。","Ⅱ"
704,16,"用于自身抗体检测的试剂",16046,"抗平滑肌抗体检测试剂","用于检测人体样本中的抗平滑肌抗体。临床上用于自身免疫性肝炎的辅助诊断。","Ⅱ"
705,16,"用于自身抗体检测的试剂",16047,"抗人绒毛膜促性腺激素抗体检测试剂","用于检测人体样本中的抗人绒毛膜促性腺激素抗体。临床上用于女性不孕的辅助诊断。","Ⅱ"
706,16,"用于自身抗体检测的试剂",16048,"抗肾小球基底膜抗体检测试剂","用于检测人体样本中的抗肾小球基底膜（GBM）抗体。临床上用于肺出血肾炎综合征（Goodpasture）、急进型肾小球肾炎及免疫复合物型肾小球肾炎等肾小球肾炎的辅助诊断。","Ⅱ"
707,16,"用于自身抗体检测的试剂",16049,"抗单链DNA抗体检测试剂","用于检测人体样本中的抗单链DNA（ssDNA）抗体。临床上用于药物性狼疮等疾病的辅助诊断。","Ⅱ"
708,16,"用于自身抗体检测的试剂",16050,"抗双链DNA抗体检测试剂","用于检测人体样本中的抗双链DNA（dsDNA）抗体。临床上用于系统性红斑狼疮等疾病的辅助诊断。","Ⅱ"
709,16,"用于自身抗体检测的试剂",16051,"抗髓过氧化物酶抗体检测试剂","用于检测人体样本中的抗髓过氧化物酶（MPO）抗体。临床上用于肉芽肿性多血管炎（GPA）、显微镜下多血管炎等原发性系统性血管炎的辅助诊断。","Ⅱ"
710,16,"用于自身抗体检测的试剂",16052,"抗透明带抗体检测试剂","用于检测人体样本中的抗透明带抗体。临床上用于不孕症的辅助诊断。","Ⅱ"
711,16,"用于自身抗体检测的试剂",16053,"抗脱氧核糖核酸酶B抗体检测试剂","用于检测人体样本中的抗脱氧核糖核酸酶B抗体。临床上用于急性链球菌感染后的肾小球肾炎以及合并有链球菌感染的系统性红斑狼疮的辅助诊断。","Ⅱ"
712,16,"用于自身抗体检测的试剂",16054,"抗线粒体抗体检测试剂","用于检测人体样本中的抗线粒体抗体（AMA）/AMA-M2。临床上用于原发性胆汁性胆管炎的辅助诊断。","Ⅱ"
713,16,"用于自身抗体检测的试剂",16055,"抗心肌抗体检测试剂","用于检测人体样本中的抗心肌抗体。临床上用于心肌炎、特发性扩张性心肌病、风湿热及风湿性心脏病、心梗后综合征、心包切开术后综合征以及重症肌无力的辅助诊断。","Ⅱ"
714,16,"用于自身抗体检测的试剂",16056,"抗心磷脂抗体检测试剂","用于检测人体样本中的抗心磷脂抗体/IgA抗体/IgM抗体/IgG抗体。临床上用于抗磷脂抗体综合征、系统性红斑狼疮的辅助诊断。","Ⅱ"
715,16,"用于自身抗体检测的试剂",16057,"抗血小板抗体检测试剂","用于检测人体样本中的抗血小板抗体。临床上用于免疫性血小板减少性紫癜、新生儿血小板减少性紫癜和假性血小板减少症等疾病的辅助诊断。不用于输血相关的检测。","Ⅱ"
716,16,"用于自身抗体检测的试剂",16058,"抗胰岛素抗体检测试剂","用于检测人体样本中抗胰岛素抗体（IAB）。临床上用于Ⅰ型糖尿病的辅助诊断。","Ⅱ"
717,16,"用于自身抗体检测的试剂",16059,"抗胰岛细胞抗体检测试剂","用于检测人体样本中的抗胰岛细胞抗体（ICA）。临床上用于Ⅰ型糖尿病的辅助诊断。","Ⅱ"
718,16,"用于自身抗体检测的试剂",16060,"抗着丝点抗体检测试剂","用于检测人体样本中的抗着丝点抗体。临床上用于进行性系统性硬化症（局限型）的辅助诊断。","Ⅱ"
719,16,"用于自身抗体检测的试剂",16061,"抗着丝点蛋白B抗体检测试剂","用于检测人体样本中的抗着丝点蛋白B（CENP-B）抗体。临床上用于Crest综合征的辅助诊断。","Ⅱ"
720,16,"用于自身抗体检测的试剂",16062,"抗中性粒细胞胞浆抗体检测试剂","用于检测人体样本中的抗中性粒细胞胞浆抗体（ANCA）。临床上用于原发性小血管炎、炎症性肠病和自身免疫性肝病等多种自身免疫病的辅助诊断。","Ⅱ"
721,16,"用于自身抗体检测的试剂",16063,"抗滋养层细胞抗体检测试剂","用于检测人体样本中的抗滋养层细胞抗体。临床上用于不孕症的辅助诊断。","Ⅱ"
722,16,"用于自身抗体检测的试剂",16064,"抗子宫内膜抗体检测试剂","用于检测人体样本中的抗子宫内膜抗体。临床上用于子宫内膜异位症的辅助诊断。","Ⅱ"
723,16,"用于自身抗体检测的试剂",16065,"抗组蛋白抗体检测试剂","用于检测人体样本中的抗组蛋白抗体。临床上用于系统性红斑狼疮（SLE）等结缔组织病的辅助诊断。","Ⅱ"
724,16,"用于自身抗体检测的试剂",16066,"抗可提取核抗原抗体检测试剂","用于检测人体样本中的抗可提取核抗原（ENA）抗体。临床上用于包括混合性结缔组织病、系统性红斑狼疮、干燥综合征、多发性肌炎、系统性硬化以及合并有肌炎的系统性硬化等结缔组织病的辅助诊断。","Ⅱ"
725,16,"用于自身抗体检测的试剂",16067,"类风湿因子抗体检测试剂","用于检测人体样本中的类风湿因子抗体/IgA抗体/IgG抗体/IgM抗体。临床上用于类风湿关节炎（RA）的辅助诊断。","Ⅱ"
726,16,"用于自身抗体检测的试剂",16068,"抗酿酒酵母抗体检测试剂","用于检测人体样本中的抗酿酒酵母抗体（ASCA）。临床上用于克罗恩肠病的辅助诊断。","Ⅱ"
727,16,"用于自身抗体检测的试剂",16069,"抗桥粒芯蛋白1抗体检测试剂","用于检测人体样本中的抗桥粒芯糖蛋白1（Dsg1）抗体。临床上用于落叶型天疱疮的辅助诊断。","Ⅱ"
728,16,"用于自身抗体检测的试剂",16070,"抗桥粒芯蛋白3抗体检测试剂","用于检测人体样本中的抗桥粒芯糖蛋白3（Dsg3）抗体。临床上用于寻常型天疱疮的辅助诊断。","Ⅱ"
729,16,"用于自身抗体检测的试剂",16071,"抗增殖细胞核抗原抗体检测试剂","用于检测人体样本中的抗增殖细胞核抗原（PCNA）抗体。临床上用于系统性红斑狼疮（SLE）的辅助诊断。","Ⅱ"
730,16,"用于自身抗体检测的试剂",16072,"抗肝细胞浆I型抗原抗体检测试剂","用于检测人体样本中的抗肝细胞浆I型抗原（LC-1）抗体。临床上用于Ⅱ型自身免疫性肝炎（AIH-2）的辅助诊断。","Ⅱ"
731,16,"用于自身抗体检测的试剂",16073,"抗核周因子检测试剂","用于检测人体样本中的抗核周因子（APF）。临床上用于类风湿关节炎的辅助诊断。","Ⅱ"
732,16,"用于自身抗体检测的试剂",16074,"抗内因子抗体检测试剂","用于检测人体样本中的抗内因子（IF）抗体。临床上用于自身免疫性萎缩性胃炎及恶性贫血的辅助诊断。","Ⅱ"
733,16,"用于自身抗体检测的试剂",16075,"抗凝血素抗体检测试剂","用于检测人体样本中的抗凝血素抗体。临床上用于系统性红斑狼疮或类狼疮疾病是否形成血栓的辅助诊断。","Ⅱ"
734,16,"用于自身抗体检测的试剂",16076,"抗胃壁细胞抗体检测试剂","用于检测人体样本中的抗胃壁细胞抗体（PCA）。临床上用于恶性贫血（维生素B12缺乏）和萎缩性胃炎的辅助诊断。","Ⅱ"
735,16,"用于自身抗体检测的试剂",16077,"抗核膜糖蛋白210抗体检测试剂","用于检测人体样本中的抗核膜糖蛋白210（Gp210）抗体。临床上用于原发性胆汁性胆管炎的辅助诊断。","Ⅱ"
736,16,"用于自身抗体检测的试剂",16078,"抗组织谷氨酰胺转移酶抗体检测试剂","用于检测人体样本中的抗组织谷氨酰胺转移酶（tTG）抗体。临床上用于Ⅰ型糖尿病和乳糜泻的辅助诊断。","Ⅱ"
737,16,"用于自身抗体检测的试剂",16079,"抗突变型瓜氨酸波形蛋白抗体检测试剂","用于检测人体样本中的抗突变型瓜氨酸波形蛋白（MCV）抗体。临床上用于风湿性疾病的辅助诊断。","Ⅱ"
738,16,"用于自身抗体检测的试剂",16080,"抗小肠杯状细胞抗体检测试剂","用于检测人体样本中的抗小肠杯状细胞抗体。临床用于炎症性肠病的辅助诊断。","Ⅱ"
739,16,"用于自身抗体检测的试剂",16081,"抗锌转运蛋白8抗体检测试剂","用于检测人体样本中的抗锌转运蛋白8（ZnT8）抗体。临床上用于Ⅰ型糖尿病的辅助诊断。","Ⅱ"
740,16,"用于自身抗体检测的试剂",16082,"抗N-甲基-D-天冬氨酸受体抗体检测试剂","用于检测人体样本中的抗N-甲基-D-天冬氨酸（NMDA）受体抗体。临床上用于抗N甲基-D-天冬氨酸受体脑炎的辅助诊断。","Ⅱ"
741,16,"用于自身抗体检测的试剂",16083,"抗F-肌动蛋白抗体检测试剂","用于检测人体样本中的抗F-肌动蛋白抗体。临床上用于Ⅰ型自身免疫肝炎的辅助诊断。","Ⅱ"
742,16,"用于自身抗体检测的试剂",16084,"抗肌动蛋白抗体检测试剂","用于检测人体样本中的抗肌动蛋白抗体。临床上用于Ⅰ型自身免疫肝炎的辅助诊断。","Ⅱ"
743,16,"用于自身抗体检测的试剂",16085,"抗棘细胞桥粒抗体检测试剂","用于检测人体样本中的抗表皮棘细胞桥粒抗体。临床上用于大疱性皮肤病的辅助诊断。","Ⅱ"
744,16,"用于自身抗体检测的试剂",16086,"抗肌内膜抗体检测试剂","用于检测人体样本中的抗肌内膜抗体（endomysial antibodies，EMA）。临床上用于麸质敏感性肠病的辅助诊断。","Ⅱ"
745,16,"用于自身抗体检测的试剂",16087,"抗去酰胺基麦胶蛋白多肽抗体检测试剂","用于检测人体样本中的抗去酰胺基麦胶蛋白多肽抗体。临床上用于乳糜泻疾病的辅助诊断。","Ⅱ"
746,16,"用于自身抗体检测的试剂",16088,"抗磷脂酶A2受体抗体检测试剂","用于检测人体样本中的抗磷脂酶A2受体（PLA2R）抗体。临床上用于特发性膜性肾病的辅助诊断。","Ⅱ"
747,16,"用于自身抗体检测的试剂",16089,"抗钙蛋白酶抑素抗体检测试剂","用于检测人体样本中的抗钙蛋白酶抑素抗体。临床上用于类风湿关节炎的辅助诊断。","Ⅱ"
748,16,"用于自身抗体检测的试剂",16090,"抗弹性蛋白酶抗体检测试剂","用于检测人体样本中的抗弹性蛋白酶抗体。临床上用于系统性红斑狼疮、药物性血管炎和原发性胆汁性肝硬化的辅助诊断。","Ⅱ"
749,16,"用于自身抗体检测的试剂",16091,"抗Ki-1抗体检测试剂","用于检测人体样本中的抗Ki-1（蛋白酶体激活因子PA28-γ）抗体。临床上用于系统性红斑狼疮（SLE）与干燥综合征（SS）的辅助诊断。","Ⅱ"
750,16,"用于自身抗体检测的试剂",16092,"抗表皮抗原抗体检测试剂","用于检测人体样本中的抗表皮抗原抗体。临床上用于天疱疮、类天疱疮和多形红斑（大疱性）等皮肤病的辅助诊断。","Ⅱ"
751,16,"用于自身抗体检测的试剂",16093,"抗Ku抗体检测试剂","用于检测人体样本中的抗Ku抗体。临床上用于系统性硬化症、多发性肌炎以及其他结缔组织病的辅助诊断。","Ⅱ"
752,16,"用于自身抗体检测的试剂",16094,"抗胰腺腺泡抗体","用于检测人体样本中的抗胰腺腺泡抗体。临床上用于溃疡性结肠炎和克罗恩病的辅助诊断。","Ⅱ"
753,16,"用于自身抗体检测的试剂",16095,"抗磷脂酰丝氨酸/凝血酶原抗体检测试剂","用于检测人体样本中的抗磷脂酰丝氨酸/凝血酶原抗体。临床上用于抗磷脂抗体综合征（APS）的辅助诊断。","Ⅱ"
754,16,"用于自身抗体检测的试剂",16096,"抗肾上腺皮质抗体检测试剂","用于检测人体样本中的抗肾上腺皮质抗体。临床上用于自身免疫性原发性肾上腺皮质功能减退症（Addison）、I型自身免疫性多腺体综合征的辅助诊断。","Ⅱ"
755,16,"用于自身抗体检测的试剂",16097,"抗胸腺细胞抗体检测试剂","用于检测人体样本中的抗胸腺细胞抗体。临床上用于重症肌无力的辅助诊断。","Ⅱ"
756,16,"用于自身抗体检测的试剂",16098,"抗血小板膜糖蛋白GPⅡβ/Ⅲα抗体检测试剂","用于检测人体样本中的抗血小板膜糖蛋白GPⅡβ/Ⅲα抗体。临床上用于原发性或继发性自身免疫性血小板减少性紫癜的辅助诊断。不用于输血相关的检测。","Ⅱ"
757,16,"用于自身抗体检测的试剂",16099,"抗血小板膜糖蛋白GPⅠβ/Ⅸ抗体检测试剂","用于检测人体样本中的抗血小板膜糖蛋白GPⅠβ/Ⅸ抗体。临床上用于原发性或继发性自身免疫性血小板减少性紫癜的辅助诊断。不用于输血相关的检测","Ⅱ"
758,16,"用于自身抗体检测的试剂",16100,"狼疮抗凝物检测试剂","用于检测人体样本中的狼疮抗凝物质（LA）。临床上用于抗磷脂综合征、系统性红斑狼疮等疾病的辅助诊断。","Ⅱ"
759,17,"用于微生物鉴别或药敏试验的试剂及用于细胞选择、诱导、分化的细胞培养基",17001,"肺炎链球菌药敏试剂","用于肺炎链球菌药物敏感性的检测。临床上用于抗肺炎链球菌药物的用药指导。","Ⅱ"
760,17,"用于微生物鉴别或药敏试验的试剂及用于细胞选择、诱导、分化的细胞培养基",17002,"嗜血杆菌药敏试剂","用于嗜血杆菌药物敏感性的检测。临床上用于抗嗜血杆菌药物的用药指导。","Ⅱ"
761,17,"用于微生物鉴别或药敏试验的试剂及用于细胞选择、诱导、分化的细胞培养基",17003,"真菌药敏试剂","用于真菌药物敏感性的检测。临床上用于抗真菌药物的用药指导。","Ⅱ"
762,17,"用于微生物鉴别或药敏试验的试剂及用于细胞选择、诱导、分化的细胞培养基",17004,"改良真菌药敏培养基","用于真菌的分离培养和药物敏感性的检测。临床上用于抗真菌药物的用药指导。","Ⅱ"
763,17,"用于微生物鉴别或药敏试验的试剂及用于细胞选择、诱导、分化的细胞培养基",17005,"酵母样真菌鉴定试剂","用于酵母样真菌的鉴定。临床上用于酵母样真菌感染的辅助诊断。","Ⅱ"
764,17,"用于微生物鉴别或药敏试验的试剂及用于细胞选择、诱导、分化的细胞培养基",17006,"酵母样真菌药敏试剂","用于酵母样真菌包括念珠菌属、隐球菌属对于抗酵母样真菌药物的敏感性的检测。临床上用于抗真菌药物的用药指导。","Ⅱ"
765,17,"用于微生物鉴别或药敏试验的试剂及用于细胞选择、诱导、分化的细胞培养基",17007,"霉菌显色平板","用于霉菌的分离、培养、鉴别。临床上用于霉菌感染的辅助诊断。","Ⅱ"
766,17,"用于微生物鉴别或药敏试验的试剂及用于细胞选择、诱导、分化的细胞培养基",17008,"念珠菌显色琼脂培养基","用于念珠菌的分离、培养、鉴别。临床上用于念珠菌感染的辅助诊断。","Ⅱ"
767,17,"用于微生物鉴别或药敏试验的试剂及用于细胞选择、诱导、分化的细胞培养基",17009,"氧化酶检测试剂","用于检测细菌经培养后产生的氧化酶。临床上用于氧化酶阳性的细菌包括假单胞菌属、气单胞菌属和奈瑟菌属的鉴别。","Ⅱ"
768,17,"用于微生物鉴别或药敏试验的试剂及用于细胞选择、诱导、分化的细胞培养基",17010,"大肠埃希菌显色培养基","用于大肠埃希菌的分离、培养、鉴别。临床上用于大肠埃希菌感染的辅助诊断。","Ⅱ"
769,17,"用于微生物鉴别或药敏试验的试剂及用于细胞选择、诱导、分化的细胞培养基",17011,"大肠埃希菌O157显色培养基","用于大肠埃希菌O157的分离、培养、鉴别。临床上用于大肠埃希菌O157感染的辅助诊断。","Ⅱ"
770,17,"用于微生物鉴别或药敏试验的试剂及用于细胞选择、诱导、分化的细胞培养基",17012,"大肠埃希菌O157：H7显色培养基","用于大肠埃希菌O157：H7的分离、培养、鉴别。临床上用于大肠埃希菌O157：H7感染的辅助诊断。","Ⅱ"
771,17,"用于微生物鉴别或药敏试验的试剂及用于细胞选择、诱导、分化的细胞培养基",17013,"分枝杆菌培养基","用于分枝杆菌的分离培养。临床上用于分枝杆菌感染的辅助诊断。","Ⅱ"
772,17,"用于微生物鉴别或药敏试验的试剂及用于细胞选择、诱导、分化的细胞培养基",17014,"改良罗氏培养基","用于分枝杆菌的分离培养。临床上用于分枝杆菌感染的辅助诊断。","Ⅱ"
773,17,"用于微生物鉴别或药敏试验的试剂及用于细胞选择、诱导、分化的细胞培养基",17015,"含溶血素分枝杆菌/真菌培养瓶","用于分枝杆菌、真菌的分离培养。临床上用于分枝杆菌、真菌感染的辅助诊断。","Ⅱ"
774,17,"用于微生物鉴别或药敏试验的试剂及用于细胞选择、诱导、分化的细胞培养基",17016,"分枝杆菌培养管","用于分枝杆菌的培养。临床上用于分枝杆菌感染的辅助诊断。","Ⅱ"
775,17,"用于微生物鉴别或药敏试验的试剂及用于细胞选择、诱导、分化的细胞培养基",17017,"分枝杆菌培养添加剂试剂","与配套培养基共同使用，用于分枝杆菌的培养与检测。","Ⅱ"
776,17,"用于微生物鉴别或药敏试验的试剂及用于细胞选择、诱导、分化的细胞培养基",17018,"结核分枝杆菌药敏试剂","用于结核分枝杆菌的分离培养和药物敏感性的检测。临床上用于抗结核分枝杆菌药物的用药指导。","Ⅱ"
777,17,"用于微生物鉴别或药敏试验的试剂及用于细胞选择、诱导、分化的细胞培养基",17019,"结核分枝杆菌用吡嗪酰胺药敏试剂","用于结核分枝杆菌对吡嗪酰胺药物敏感性的检测。临床上用于对吡嗪酰胺抗结核分枝杆菌感染的用药指导。","Ⅱ"
778,17,"用于微生物鉴别或药敏试验的试剂及用于细胞选择、诱导、分化的细胞培养基",17020,"结核分枝杆菌用链霉素药敏试剂","用于结核分枝杆菌对链霉素药物敏感性的检测。临床上用于对链霉素抗结核分枝杆菌感染的用药指导。","Ⅱ"
779,17,"用于微生物鉴别或药敏试验的试剂及用于细胞选择、诱导、分化的细胞培养基",17021,"结核分枝杆菌用乙胺丁醇药敏试剂","用于结核分枝杆菌对乙胺丁醇药物敏感性的检测。临床上用于对乙胺丁醇抗结核分枝杆菌感染的用药指导。","Ⅱ"
780,17,"用于微生物鉴别或药敏试验的试剂及用于细胞选择、诱导、分化的细胞培养基",17022,"结核分枝杆菌用异烟肼药敏试剂","用于结核分枝杆菌对异烟肼药物敏感性的检测。临床上用于对异烟肼抗结核分枝杆菌感染的用药指导。","Ⅱ"
781,17,"用于微生物鉴别或药敏试验的试剂及用于细胞选择、诱导、分化的细胞培养基",17023,"结核分枝杆菌用利福平药敏试剂","用于结核分枝杆菌对利福平的药物敏感性的检测。临床上用于对利福平抗结核分枝杆菌感染的用药指导。","Ⅱ"
782,17,"用于微生物鉴别或药敏试验的试剂及用于细胞选择、诱导、分化的细胞培养基",17024,"革兰阳性菌鉴定试剂","用于革兰阳性球菌的鉴定。临床上用于革兰阳性菌感染的辅助诊断。","Ⅱ"
783,17,"用于微生物鉴别或药敏试验的试剂及用于细胞选择、诱导、分化的细胞培养基",17025,"革兰阴性菌鉴定试剂","用于需氧和兼性厌氧革兰阴性菌的鉴定分离培养。临床上用于需氧和兼性厌氧革兰阴性菌感染的辅助诊断。","Ⅱ"
784,17,"用于微生物鉴别或药敏试验的试剂及用于细胞选择、诱导、分化的细胞培养基",17026,"革兰阳性菌药敏试剂","用于革兰阳性球菌药物敏感性的检测。临床上用于抗革兰阳性菌药物的用药指导。","Ⅱ"
785,17,"用于微生物鉴别或药敏试验的试剂及用于细胞选择、诱导、分化的细胞培养基",17027,"革兰阴性菌药敏试剂","用于革兰阴性菌药物敏感性的检测。临床上用于抗革兰阴性菌药物的用药指导。","Ⅱ"
786,17,"用于微生物鉴别或药敏试验的试剂及用于细胞选择、诱导、分化的细胞培养基",17028,"弧菌显色培养基","用于霍乱弧菌、副溶血弧菌的分离、培养、鉴别。临床上用于霍乱弧菌、副溶血弧菌感染的辅助诊断。","Ⅱ"
787,17,"用于微生物鉴别或药敏试验的试剂及用于细胞选择、诱导、分化的细胞培养基",17029,"弧菌科细菌鉴定/药敏试剂","用于弧菌科细菌鉴定/药物敏感性的检测。临床上用于抗弧菌科细菌药物的辅助诊断/用药指导。","Ⅱ"
788,17,"用于微生物鉴别或药敏试验的试剂及用于细胞选择、诱导、分化的细胞培养基",17030,"葡萄球菌属鉴定试剂","用于葡萄球菌的分离、培养、鉴定。临床上用于葡萄球菌感染的辅助诊断。","Ⅱ"
789,17,"用于微生物鉴别或药敏试验的试剂及用于细胞选择、诱导、分化的细胞培养基",17031,"葡萄球菌药敏试剂","用于葡萄球菌药物敏感性的检测。临床上用于抗葡萄球菌药物的用药指导。","Ⅱ"
790,17,"用于微生物鉴别或药敏试验的试剂及用于细胞选择、诱导、分化的细胞培养基",17032,"金黄色葡萄球菌显色培养基","用于金黄色葡萄球菌的分离、培养、鉴别。临床上用于金黄色葡萄球菌感染的辅助诊断。","Ⅱ"
791,17,"用于微生物鉴别或药敏试验的试剂及用于细胞选择、诱导、分化的细胞培养基",17033,"金黄色葡萄球菌鉴定试剂","用于对临床分离培养且经传统方法（形态学、革兰染色、触酶试验）确认为葡萄球菌后的纯化菌落样本，用乳胶凝集法进行的金黄色葡萄球菌鉴定。临床上用于金黄色葡萄球菌感染的辅助诊断。","Ⅱ"
792,17,"用于微生物鉴别或药敏试验的试剂及用于细胞选择、诱导、分化的细胞培养基",17034,"耐甲氧西林金黄色葡萄球菌（MRSA）鉴定培养基","用于耐甲氧西林金黄色葡萄球菌（MRSA）的分离鉴定培养。临床上用于耐甲氧西林金黄色葡萄球菌感染的辅助诊断。","Ⅱ"
793,17,"用于微生物鉴别或药敏试验的试剂及用于细胞选择、诱导、分化的细胞培养基",17035,"克氏铁琼脂斜面培养基","用于发酵及非发酵细菌的分离、培养、鉴别。临床上用于发酵及非发酵细菌感染的辅助诊断。","Ⅱ"
794,17,"用于微生物鉴别或药敏试验的试剂及用于细胞选择、诱导、分化的细胞培养基",17036,"三糖铁琼脂斜面培养基","用于肠杆菌科中属及种的分离、培养、鉴别。临床上用于肠杆菌科中属及种感染的辅助诊断。","Ⅱ"
795,17,"用于微生物鉴别或药敏试验的试剂及用于细胞选择、诱导、分化的细胞培养基",17037,"李斯特菌显色培养基","用于李斯特菌的分离、培养、鉴别。临床上用于李斯特菌感染的辅助诊断。","Ⅱ"
796,17,"用于微生物鉴别或药敏试验的试剂及用于细胞选择、诱导、分化的细胞培养基",17038,"李斯特菌属鉴定试剂","用于李斯特菌属的分离、培养、鉴定。临床上用于李斯特菌属感染的辅助诊断。","Ⅱ"
797,17,"用于微生物鉴别或药敏试验的试剂及用于细胞选择、诱导、分化的细胞培养基",17039,"沙门菌显色培养基","用于沙门菌的分离、培养、鉴别。临床上用于沙门菌感染的辅助诊断。","Ⅱ"
798,17,"用于微生物鉴别或药敏试验的试剂及用于细胞选择、诱导、分化的细胞培养基",17040,"需氧培养基（瓶）","用于人体样本中需氧菌或兼性厌氧菌、真菌的培养。临床上用于需氧菌或兼性厌氧菌、真菌感染的辅助诊断。","Ⅱ"
799,17,"用于微生物鉴别或药敏试验的试剂及用于细胞选择、诱导、分化的细胞培养基",17041,"厌氧菌药敏试剂","用于厌氧菌药物敏感性的检测。临床上用于抗厌氧菌药物的用药指导。","Ⅱ"
800,17,"用于微生物鉴别或药敏试验的试剂及用于细胞选择、诱导、分化的细胞培养基",17042,"厌氧菌鉴定试剂","用于厌氧菌的鉴定。临床上用于厌氧菌感染的辅助诊断。","Ⅱ"
801,17,"用于微生物鉴别或药敏试验的试剂及用于细胞选择、诱导、分化的细胞培养基",17043,"厌氧培养基（瓶）","用于厌氧菌或兼性厌氧菌的培养。临床上用于厌氧菌或兼性厌氧菌感染的辅助诊断。","Ⅱ"
802,17,"用于微生物鉴别或药敏试验的试剂及用于细胞选择、诱导、分化的细胞培养基",17044,"需氧和兼性厌氧微生物培养瓶","用于需氧和兼性厌氧微生物的分离培养。临床上用于需氧和兼性厌氧菌感染的辅助诊断。","Ⅱ"
803,17,"用于微生物鉴别或药敏试验的试剂及用于细胞选择、诱导、分化的细胞培养基",17045,"产超广谱β-内酰胺酶（ESBL）显色琼脂培养基","用于产超广谱β-内酰胺酶（ESBL）革兰阴性菌的分离培养。临床上用于产超广谱β-内酰胺酶革兰阴性菌感染的辅助诊断。","Ⅱ"
804,17,"用于微生物鉴别或药敏试验的试剂及用于细胞选择、诱导、分化的细胞培养基",17046,"肠杆菌科细菌药敏试剂","用于肠杆菌科细菌药物敏感性的检测。临床上用于肠杆菌科细菌感染的用药指导。","Ⅱ"
805,17,"用于微生物鉴别或药敏试验的试剂及用于细胞选择、诱导、分化的细胞培养基",17047,"肠杆菌科细菌鉴定试剂","用于肠杆菌科细菌的鉴定。临床上用于肠杆菌科细菌感染的辅助诊断。","Ⅱ"
806,17,"用于微生物鉴别或药敏试验的试剂及用于细胞选择、诱导、分化的细胞培养基",17048,"肠杆菌科/氧化酶阴性革兰阴性杆菌鉴定药敏板","用于肠杆菌科/氧化酶阴性革兰阴性杆菌药物敏感性的检测。临床上用于肠杆菌/氧化酶阴性革兰阴性杆菌对药物的最低抑菌浓度（MIC）测定。","Ⅱ"
807,17,"用于微生物鉴别或药敏试验的试剂及用于细胞选择、诱导、分化的细胞培养基",17049,"肠杆菌科和其他非苛养革兰阴性杆菌鉴定试剂","用于肠杆菌科和其他非苛养革兰阴性杆菌的增菌培养。临床上用于肠杆菌和其他非苛养革兰阴性杆菌感染的辅助诊断。","Ⅱ"
808,17,"用于微生物鉴别或药敏试验的试剂及用于细胞选择、诱导、分化的细胞培养基",17050,"西蒙斯枸橼酸盐（SCA）琼脂斜面培养基","用于肠杆菌科细菌的培养鉴别。临床上用于肠杆菌的辅助诊断。","Ⅱ"
809,17,"用于微生物鉴别或药敏试验的试剂及用于细胞选择、诱导、分化的细胞培养基",17051,"非发酵菌药敏试剂","用于非发酵菌药物敏感性的检测。临床上用于抗非发酵菌药物的用药指导。","Ⅱ"
810,17,"用于微生物鉴别或药敏试验的试剂及用于细胞选择、诱导、分化的细胞培养基",17052,"铜绿假单胞菌药敏条","用于铜绿假单胞菌药物敏感性的检测。临床上用于铜绿假单胞菌对药物的最低抑菌浓度（MIC）测定。","Ⅱ"
811,17,"用于微生物鉴别或药敏试验的试剂及用于细胞选择、诱导、分化的细胞培养基",17053,"鲍曼不动杆菌药敏条","用于鲍曼不动杆菌药物敏感性的检测。临床上用于鲍曼不动杆菌对药物的最低抑菌浓度（MIC）测定。","Ⅱ"
812,17,"用于微生物鉴别或药敏试验的试剂及用于细胞选择、诱导、分化的细胞培养基",17054,"多重耐药不动杆菌显色琼脂培养基","用于多重耐药不动杆菌的分离、培养、鉴别。临床上用于多重耐药不动杆菌感染的辅助诊断。","Ⅱ"
813,17,"用于微生物鉴别或药敏试验的试剂及用于细胞选择、诱导、分化的细胞培养基",17055,"非发酵菌鉴定/药敏试剂","用于非发酵菌鉴定/药物敏感性的检测。临床上用于抗非发酵菌药物的辅助诊断/用药指导。","Ⅱ"
814,17,"用于微生物鉴别或药敏试验的试剂及用于细胞选择、诱导、分化的细胞培养基",17056,"泌尿道细菌显色培养基","用于泌尿道致病菌的分离、培养、鉴别。临床上用于泌尿道致病菌感染的辅助诊断。","Ⅱ"
815,17,"用于微生物鉴别或药敏试验的试剂及用于细胞选择、诱导、分化的细胞培养基",17057,"芽孢杆菌鉴定/药敏试剂","用于芽孢杆菌鉴定/药物敏感性的检测。临床上用于抗芽孢杆菌药物的辅助诊断/用药指导。","Ⅱ"
816,17,"用于微生物鉴别或药敏试验的试剂及用于细胞选择、诱导、分化的细胞培养基",17058,"奈瑟菌/嗜血杆菌鉴定试剂","用于奈瑟菌/嗜血杆菌属的分离、培养、鉴定。临床上用于奈瑟菌/嗜血杆菌属感染的辅助诊断。","Ⅱ"
817,17,"用于微生物鉴别或药敏试验的试剂及用于细胞选择、诱导、分化的细胞培养基",17059,"奈瑟菌/嗜血杆菌药敏试剂","用于奈瑟菌/嗜血杆菌药物敏感性的检测。临床上用于抗奈瑟菌/嗜血杆菌药物的用药指导。","Ⅱ"
818,17,"用于微生物鉴别或药敏试验的试剂及用于细胞选择、诱导、分化的细胞培养基",17060,"M-H琼脂培养基","用于非苛养菌（纸片扩散法或浓度梯度琼脂扩散法）抗生素敏感试验载体。临床上用于非苛养菌对抗菌药物的敏感试验。","Ⅱ"
819,17,"用于微生物鉴别或药敏试验的试剂及用于细胞选择、诱导、分化的细胞培养基",17061,"含血M-H琼脂培养基","用于链球菌药物敏感性的检测。临床上用于链球菌对抗菌药物的敏感试验。","Ⅱ"
820,17,"用于微生物鉴别或药敏试验的试剂及用于细胞选择、诱导、分化的细胞培养基",17062,"弯曲杆菌鉴定试剂","用于弯曲杆菌的鉴定。临床上用于弯曲杆菌感染的辅助诊断。","Ⅱ"
821,17,"用于微生物鉴别或药敏试验的试剂及用于细胞选择、诱导、分化的细胞培养基",17063,"细菌微量生化反应管","用于细菌的生化鉴定。临床上用于细菌感染的辅助诊断。","Ⅱ"
822,17,"用于微生物鉴别或药敏试验的试剂及用于细胞选择、诱导、分化的细胞培养基",17064,"解脲与人型支原体鉴定/药敏试剂","用于解脲与人型支原体的鉴定和药物敏感性的检测。临床上用于解脲与人型支原体感染的辅助诊断/用药指导。","Ⅱ"
823,17,"用于微生物鉴别或药敏试验的试剂及用于细胞选择、诱导、分化的细胞培养基",17065,"生殖支原体培养基","用于生殖支原体的分离培养和鉴别。临床上用于生殖支原体感染的辅助诊断。","Ⅱ"
824,17,"用于微生物鉴别或药敏试验的试剂及用于细胞选择、诱导、分化的细胞培养基",17066,"尿素-精氨酸培养基","用于泌尿生殖器解脲脲原体、人型支原体的检测。临床上用于解脲与人型支原体感染的辅助诊断。","Ⅱ"
825,17,"用于微生物鉴别或药敏试验的试剂及用于细胞选择、诱导、分化的细胞培养基",17067,"人型支原体培养基","用于人型支原体的分离培养和鉴别。临床上用于人型支原体感染的辅助诊断。","Ⅱ"
826,17,"用于微生物鉴别或药敏试验的试剂及用于细胞选择、诱导、分化的细胞培养基",17068,"解脲脲原体培养基","用于解脲脲原体的分离培养和鉴别。临床上用于解脲脲原体感染的辅助诊断。","Ⅱ"
827,17,"用于微生物鉴别或药敏试验的试剂及用于细胞选择、诱导、分化的细胞培养基",17069,"肺炎支原体鉴定培养基","用于肺炎支原体的培养和鉴定。临床上用于肺炎支原体感染的辅助诊断。","Ⅱ"
828,17,"用于微生物鉴别或药敏试验的试剂及用于细胞选择、诱导、分化的细胞培养基",17070,"肺炎支原体培养药敏试剂","用于肺炎支原体的分离培养和药物敏感性的检测。临床上用于抗肺炎支原体药物的用药指导。","Ⅱ"
829,17,"用于微生物鉴别或药敏试验的试剂及用于细胞选择、诱导、分化的细胞培养基",17071,"链球菌鉴定试剂","用于链球菌、肠球菌的鉴定。临床上用于链球菌感染的辅助诊断。","Ⅱ"
830,17,"用于微生物鉴别或药敏试验的试剂及用于细胞选择、诱导、分化的细胞培养基",17072,"链球菌药敏试剂","用于链球菌药物敏感性的检测。临床上用于抗链球菌药物的用药指导。","Ⅱ"
831,17,"用于微生物鉴别或药敏试验的试剂及用于细胞选择、诱导、分化的细胞培养基",17073,"肠球菌药敏试剂","用于肠球菌药物敏感性的检测。临床上用于抗肠球菌药物的用药指导。","Ⅱ"
832,17,"用于微生物鉴别或药敏试验的试剂及用于细胞选择、诱导、分化的细胞培养基",17074,"耐万古霉素肠球菌鉴定培养基","用于耐万古霉素肠球菌的分离、培养、鉴定。临床上用于耐万古霉素肠球菌感染的辅助诊断。","Ⅱ"
833,17,"用于微生物鉴别或药敏试验的试剂及用于细胞选择、诱导、分化的细胞培养基",17075,"B群链球菌显色培养基/培养液","用于B群链球菌的分离、培养、鉴别。临床上用于B群链球菌感染的辅助诊断。","Ⅱ"
834,17,"用于微生物鉴别或药敏试验的试剂及用于细胞选择、诱导、分化的细胞培养基",17076,"嗜血杆菌和卡他莫拉菌药敏试剂","用于嗜血杆菌和卡他莫拉菌药物敏感性的检测。临床上用于抗嗜血杆菌和卡他莫拉菌药物的用药指导。","Ⅱ"
835,17,"用于微生物鉴别或药敏试验的试剂及用于细胞选择、诱导、分化的细胞培养基",17077,"苛养菌药敏琼脂平板","用于链球菌、嗜血杆菌或真菌的分离培养和药物敏感性的检测。临床上用于抗链球菌、嗜血杆菌或真菌药物的用药指导。","Ⅱ"
836,17,"用于微生物鉴别或药敏试验的试剂及用于细胞选择、诱导、分化的细胞培养基",17078,"苛养菌鉴定试剂","用于鉴定和检测奈瑟球菌、嗜血杆菌、卡他莫拉菌以及阴道加特奈菌中β-内酰胺酶的生成，也可以对流感嗜血杆菌与副流感嗜血杆菌进行生物分型。临床上用于苛养菌感染的辅助诊断。","Ⅱ"
837,17,"用于微生物鉴别或药敏试验的试剂及用于细胞选择、诱导、分化的细胞培养基",17079,"脆弱拟杆菌胆盐七叶苷培养基","用于对脆弱拟杆菌群的分离、培养、鉴别。临床上用于对脆弱拟杆菌群感染的辅助诊断。","Ⅱ"
838,17,"用于微生物鉴别或药敏试验的试剂及用于细胞选择、诱导、分化的细胞培养基",17080,"碳青霉烯酶（KPC）显色琼脂培养基","用于产碳青霉烯酶（Klebsiella Pneumoniae Carbapenemase，KPC）的革兰阴性菌的分离、培养、鉴别。临床上用于产碳青霉烯酶的革兰阴性菌感染的辅助诊断。","Ⅱ"
839,17,"用于微生物鉴别或药敏试验的试剂及用于细胞选择、诱导、分化的细胞培养基",17081,"棒状杆菌药敏试剂","用于棒状杆菌药物敏感性的检测。临床上用于抗棒状杆菌药物的用药指导。","Ⅱ"
840,17,"用于微生物鉴别或药敏试验的试剂及用于细胞选择、诱导、分化的细胞培养基",17082,"棒状杆菌鉴定试剂","用于棒状杆菌的分离、培养、鉴定。临床上用于棒状杆菌感染的辅助诊断。","Ⅱ"
841,17,"用于微生物鉴别或药敏试验的试剂及用于细胞选择、诱导、分化的细胞培养基",17083,"产气荚膜梭菌检测试剂","用于产气荚膜梭菌的鉴定。临床上用于产气荚膜梭菌感染的辅助诊断。","Ⅱ"
842,17,"用于微生物鉴别或药敏试验的试剂及用于细胞选择、诱导、分化的细胞培养基",17084,"芽孢杆菌鉴定试剂","用于芽孢杆菌的鉴定。临床上用于芽孢杆菌感染的辅助诊断。","Ⅱ"
843,17,"用于微生物鉴别或药敏试验的试剂及用于细胞选择、诱导、分化的细胞培养基",17085,"艰难梭菌（难辨梭菌）显色培养基","用于艰难梭菌（难辨梭菌）的分离、培养、鉴别。临床用于艰难梭菌感染的辅助诊断。","Ⅱ"
844,17,"用于微生物鉴别或药敏试验的试剂及用于细胞选择、诱导、分化的细胞培养基",17086,"耐碳青霉烯类革兰阴性菌（CRE）显色琼脂平板","用于耐碳青霉烯类革兰阴性菌（CRE）的分离、培养、鉴别。临床用于耐碳青霉烯类革兰阴性菌感染的辅助诊断。","Ⅱ"
845,17,"用于微生物鉴别或药敏试验的试剂及用于细胞选择、诱导、分化的细胞培养基",17087,"HTM培养基","用于流感嗜血杆菌对抗生素敏感性的检测。临床上用于抗流感嗜血杆菌药物的用药指导。","Ⅱ"
846,17,"用于微生物鉴别或药敏试验的试剂及用于细胞选择、诱导、分化的细胞培养基",17088,"GC琼脂药敏培养基","用于淋病奈瑟菌药物敏感性的检测。临床上用于抗淋病奈瑟菌药物的用药指导。","Ⅱ"
847,17,"用于微生物鉴别或药敏试验的试剂及用于细胞选择、诱导、分化的细胞培养基",17090,"SIM（硫化物、吲哚、动力）琼脂培养基管","用于辅助细菌鉴别，如新生霉素鉴别纸片、奥普托欣鉴别纸片、杆菌肽鉴别纸片等。临床用于细菌感染的辅助诊断。","Ⅱ"
848,17,"用于微生物鉴别或药敏试验的试剂及用于细胞选择、诱导、分化的细胞培养基",17091,"细菌鉴别纸片","用于细菌（纸片扩散法）药物敏感性的检测。临床上用于抗菌药物的用药指导。","Ⅱ"
849,17,"用于微生物鉴别或药敏试验的试剂及用于细胞选择、诱导、分化的细胞培养基",17092,"细菌药敏纸片","用于细菌（梯度扩散法）药物敏感性的检测。临床上用于抗菌药物的用药指导。","Ⅱ"
850,17,"用于微生物鉴别或药敏试验的试剂及用于细胞选择、诱导、分化的细胞培养基",17093,"细菌药敏条","用于分离出的待测菌株对头孢哌酮/舒巴坦药物敏感性的检测。临床上用于头孢哌酮/舒巴坦的用药指导。","Ⅱ"
851,17,"用于微生物鉴别或药敏试验的试剂及用于细胞选择、诱导、分化的细胞培养基",17094,"头孢哌酮/舒巴坦药敏条","用于分离出的待测菌株对氨苄西林/舒巴坦药物敏感性的检测。临床上用于氨苄西林/舒巴坦的用药指导。","Ⅱ"
852,17,"用于微生物鉴别或药敏试验的试剂及用于细胞选择、诱导、分化的细胞培养基",17095,"氨苄西林/舒巴坦药敏纸片","用于分离出的待测菌株对头孢他啶/阿维巴坦药物敏感性的检测。临床上用于头孢他啶/阿维巴坦的用药指导。","Ⅱ"
853,17,"用于微生物鉴别或药敏试验的试剂及用于细胞选择、诱导、分化的细胞培养基",17096,"头孢他啶/阿维巴坦药敏条/纸片","用于分离出的待测菌株对哌拉西林/他唑巴坦药物敏感性的检测。临床上用于哌拉西林/他唑巴坦的用药指导。","Ⅱ"
854,17,"用于微生物鉴别或药敏试验的试剂及用于细胞选择、诱导、分化的细胞培养基",17097,"哌拉西林/他唑巴坦药敏条","用于分离出的待测菌株对阿莫西林/克拉维酸药物敏感性的检测。临床上用于阿莫西林/克拉维酸的用药指导。","Ⅱ"
855,17,"用于微生物鉴别或药敏试验的试剂及用于细胞选择、诱导、分化的细胞培养基",17098,"阿莫西林/克拉维酸药敏条","用于分离出的待测菌株对磺胺甲恶唑/甲氧苄啶（复方新诺明）药物敏感性的检测。临床上用于磺胺甲恶唑/甲氧苄啶的用药指导。","Ⅱ"
856,17,"用于微生物鉴别或药敏试验的试剂及用于细胞选择、诱导、分化的细胞培养基",17099,"磺胺甲恶唑/甲氧苄啶药敏纸片","用于分离出的待测菌株对磷霉素/氨丁三醇药物敏感性的检测。临床上用于磷霉素/氨丁三醇的用药指导。","Ⅱ"
857,17,"用于微生物鉴别或药敏试验的试剂及用于细胞选择、诱导、分化的细胞培养基",17100,"磷霉素/氨丁三醇药敏纸片","用于分离出的待测菌株对阿米卡星药物敏感性的检测。临床上用于阿米卡星的用药指导。","Ⅱ"
858,17,"用于微生物鉴别或药敏试验的试剂及用于细胞选择、诱导、分化的细胞培养基",17101,"阿米卡星药敏纸片","用于分离出的待测菌株对四环素药物敏感性的检测。临床上用于四环素的用药指导。","Ⅱ"
859,17,"用于微生物鉴别或药敏试验的试剂及用于细胞选择、诱导、分化的细胞培养基",17102,"四环素药敏条","用于分离出的待测菌株对青霉素药物敏感性的检测。临床上用于青霉素的用药指导。","Ⅱ"
860,17,"用于微生物鉴别或药敏试验的试剂及用于细胞选择、诱导、分化的细胞培养基",17103,"青霉素药敏条","用于分离出的待测菌株对红霉素药物敏感性的检测。临床上用于红霉素的用药指导。","Ⅱ"
861,17,"用于微生物鉴别或药敏试验的试剂及用于细胞选择、诱导、分化的细胞培养基",17104,"红霉素药敏条","用于分离出的待测菌株对氯霉素药物敏感性的检测。临床上用于氯霉素的用药指导。","Ⅱ"
862,17,"用于微生物鉴别或药敏试验的试剂及用于细胞选择、诱导、分化的细胞培养基",17105,"氯霉素药敏条","用于分离出的待测菌株对万古霉素药物敏感性的检测。临床上用于万古霉素的用药指导。","Ⅱ"
863,17,"用于微生物鉴别或药敏试验的试剂及用于细胞选择、诱导、分化的细胞培养基",17106,"万古霉素药敏条","用于分离出的待测菌株对庆大霉素药物敏感性的检测。临床上用于庆大霉素的用药指导。","Ⅱ"
864,17,"用于微生物鉴别或药敏试验的试剂及用于细胞选择、诱导、分化的细胞培养基",17107,"庆大霉素药敏条","用于分离出的待测菌株对两性霉素B药物敏感性的检测。临床上用于两性霉素B的用药指导。","Ⅱ"
865,17,"用于微生物鉴别或药敏试验的试剂及用于细胞选择、诱导、分化的细胞培养基",17108,"两性霉素B药敏条","用于分离出的待测菌株对克林霉素药物敏感性的检测。临床上用于克林霉素的用药指导。","Ⅱ"
866,17,"用于微生物鉴别或药敏试验的试剂及用于细胞选择、诱导、分化的细胞培养基",17109,"克林霉素药敏条/纸片","用于分离出的待测菌株对多粘菌素B药物敏感性的检测。临床上用于多粘菌素B的用药指导。","Ⅱ"
867,17,"用于微生物鉴别或药敏试验的试剂及用于细胞选择、诱导、分化的细胞培养基",17110,"多粘菌素B药敏条","用于分离出的待测菌株对头孢噻肟药物敏感性的检测。临床上用于头孢噻肟的用药指导。","Ⅱ"
868,17,"用于微生物鉴别或药敏试验的试剂及用于细胞选择、诱导、分化的细胞培养基",17111,"头孢噻肟药敏条","用于分离出的待测菌株对头孢呋辛药物敏感性的检测。临床上用于头孢呋辛的用药指导。","Ⅱ"
869,17,"用于微生物鉴别或药敏试验的试剂及用于细胞选择、诱导、分化的细胞培养基",17112,"头孢呋辛药敏条","用于分离出的待测菌株对头孢曲松药物敏感性的检测。临床上用于头孢曲松的用药指导。","Ⅱ"
870,17,"用于微生物鉴别或药敏试验的试剂及用于细胞选择、诱导、分化的细胞培养基",17113,"头孢曲松药敏条","用于分离出的待测菌株对头孢他啶药物敏感性的检测。临床上用于头孢他啶的用药指导。","Ⅱ"
871,17,"用于微生物鉴别或药敏试验的试剂及用于细胞选择、诱导、分化的细胞培养基",17114,"头孢他啶药敏条","用于分离出的待测菌株对头孢唑啉药物敏感性的检测。临床上用于头孢唑啉的用药指导。","Ⅱ"
872,17,"用于微生物鉴别或药敏试验的试剂及用于细胞选择、诱导、分化的细胞培养基",17115,"头孢唑啉药敏条","用于分离出的待测菌株对头孢吡肟药物敏感性的检测。临床上用于头孢吡肟的用药指导。","Ⅱ"
873,17,"用于微生物鉴别或药敏试验的试剂及用于细胞选择、诱导、分化的细胞培养基",17116,"头孢吡肟药敏纸片","用于分离出的待测菌株对头孢洛林药物敏感性的检测。临床上用于头孢洛林的用药指导。","Ⅱ"
874,17,"用于微生物鉴别或药敏试验的试剂及用于细胞选择、诱导、分化的细胞培养基",17117,"头孢洛林药敏纸片","用于分离出的待测菌株对头孢哌酮药物敏感性的检测。临床上用于头孢哌酮的用药指导。","Ⅱ"
875,17,"用于微生物鉴别或药敏试验的试剂及用于细胞选择、诱导、分化的细胞培养基",17118,"头孢哌酮药敏纸片","用于分离出的待测菌株对头孢西丁药物敏感性的检测。临床上用于头孢西丁的用药指导。","Ⅱ"
876,17,"用于微生物鉴别或药敏试验的试剂及用于细胞选择、诱导、分化的细胞培养基",17119,"头孢西丁药敏纸片","用于分离出的待测菌株对替加环素药物敏感性的检测。临床上用于替加环素的用药指导。","Ⅱ"
877,17,"用于微生物鉴别或药敏试验的试剂及用于细胞选择、诱导、分化的细胞培养基",17120,"替加环素药敏条","用于分离出的待测菌株对米诺环素药物敏感性的检测。临床上用于米诺环素的用药指导。","Ⅱ"
878,17,"用于微生物鉴别或药敏试验的试剂及用于细胞选择、诱导、分化的细胞培养基",17121,"米诺环素药敏条","用于分离出的待测菌株对替考拉宁药物敏感性的检测。临床上用于替考拉宁的用药指导。","Ⅱ"
879,17,"用于微生物鉴别或药敏试验的试剂及用于细胞选择、诱导、分化的细胞培养基",17122,"替考拉宁药敏条","用于分离出的待测菌株对诺氟沙星药物敏感性的检测。临床上用于诺氟沙星的用药指导。","Ⅱ"
880,17,"用于微生物鉴别或药敏试验的试剂及用于细胞选择、诱导、分化的细胞培养基",17123,"诺氟沙星药敏条","用于分离出的待测菌株对环丙沙星药物敏感性的检测。临床上用于环丙沙星的用药指导。","Ⅱ"
881,17,"用于微生物鉴别或药敏试验的试剂及用于细胞选择、诱导、分化的细胞培养基",17124,"环丙沙星药敏条","用于分离出的待测菌株对左氧氟沙星药物敏感性的检测。临床上用于左氧氟沙星的用药指导。","Ⅱ"
882,17,"用于微生物鉴别或药敏试验的试剂及用于细胞选择、诱导、分化的细胞培养基",17125,"左氧氟沙星药敏条","用于分离出的待测菌株对氨苄西林药物敏感性的检测。临床上用于 氨苄西林的用药指导。","Ⅱ"
883,17,"用于微生物鉴别或药敏试验的试剂及用于细胞选择、诱导、分化的细胞培养基",17126,"氨苄西林药敏条","用于分离出的待测菌株对苯唑西林药物敏感性的检测。临床上用于苯唑西林的用药指导。","Ⅱ"
884,17,"用于微生物鉴别或药敏试验的试剂及用于细胞选择、诱导、分化的细胞培养基",17127,"苯唑西林药敏条","用于分离出的待测菌株对哌拉西林药物敏感性的检测。临床上用于哌拉西林的用药指导。","Ⅱ"
885,17,"用于微生物鉴别或药敏试验的试剂及用于细胞选择、诱导、分化的细胞培养基",17128,"哌拉西林药敏纸片","用于对分离出的待测菌株对氨曲南药物敏感性的检测。临床上用于氨曲南的用药指导。","Ⅱ"
886,17,"用于微生物鉴别或药敏试验的试剂及用于细胞选择、诱导、分化的细胞培养基",17129,"氨曲南药敏条","用于分离出的待测菌株对伏立康唑药物敏感性的检测。临床上用于伏立康唑的用药指导。","Ⅱ"
887,17,"用于微生物鉴别或药敏试验的试剂及用于细胞选择、诱导、分化的细胞培养基",17130,"伏立康唑药敏条","用于分离出的待测菌株对氟康唑药物敏感性的检测。临床上用于氟康唑的用药指导。","Ⅱ"
888,17,"用于微生物鉴别或药敏试验的试剂及用于细胞选择、诱导、分化的细胞培养基",17131,"氟康唑药敏条","用于分离出的待测菌株对卡泊芬净药物敏感性的检测。临床上用于卡泊芬净的用药指导。","Ⅱ"
889,17,"用于微生物鉴别或药敏试验的试剂及用于细胞选择、诱导、分化的细胞培养基",17132,"卡泊芬净药敏条","用于分离出的待测菌株对利奈唑胺药物敏感性的检测。临床上用于利奈唑胺的用药指导。","Ⅱ"
890,17,"用于微生物鉴别或药敏试验的试剂及用于细胞选择、诱导、分化的细胞培养基",17133,"利奈唑胺药敏条","用于分离出的待测菌株对康替唑胺药物敏感性的检测。临床上用于康替唑胺的用药指导。","Ⅱ"
891,17,"用于微生物鉴别或药敏试验的试剂及用于细胞选择、诱导、分化的细胞培养基",17134,"康替唑胺药敏纸片","用于分离出的待测菌株对伊曲康唑药物敏感性的检测。临床上用于伊曲康唑的用药指导。","Ⅱ"
892,17,"用于微生物鉴别或药敏试验的试剂及用于细胞选择、诱导、分化的细胞培养基",17135,"伊曲康唑药敏条","用于分离出的待测菌株对呋喃妥因药物敏感性的检测。临床上用于呋喃妥因的用药指导。","Ⅱ"
893,17,"用于微生物鉴别或药敏试验的试剂及用于细胞选择、诱导、分化的细胞培养基",17136,"呋喃妥因药敏纸片","用于分离出的待测菌株对拉氧头孢药物敏感性的检测。临床上用于拉氧头孢的用药指导。","Ⅱ"
894,17,"用于微生物鉴别或药敏试验的试剂及用于细胞选择、诱导、分化的细胞培养基",17137,"拉氧头孢药敏纸片","用于分离出的待测菌株对亚胺培南药物敏感性的检测。临床上用于亚胺培南的用药指导。","Ⅱ"
895,17,"用于微生物鉴别或药敏试验的试剂及用于细胞选择、诱导、分化的细胞培养基",17138,"亚胺培南药敏条","用于分离出的待测菌株对美罗培南药物敏感性的检测。临床上用于美罗培南的用药指导。","Ⅱ"
896,17,"用于微生物鉴别或药敏试验的试剂及用于细胞选择、诱导、分化的细胞培养基",17139,"美罗培南药敏条","用于分离出的待测菌株对厄他培南药物敏感性的检测。临床上用于厄他培南的用药指导。","Ⅱ"
897,17,"用于微生物鉴别或药敏试验的试剂及用于细胞选择、诱导、分化的细胞培养基",17140,"厄他培南药敏纸片","用于分离出的待测菌株对利福平药物敏感性的检测。临床上用于利福平的用药指导。","Ⅱ"
898,17,"用于微生物鉴别或药敏试验的试剂及用于细胞选择、诱导、分化的细胞培养基",17141,"利福平药敏纸片","用于检测细菌经培养后产生的KPC、OXA-48、VIM、IMP、NDM或OXA-23等型碳青霉烯酶。临床上用于鉴别患者对碳青霉烯类抗生素的耐药性。","Ⅱ"
899,17,"用于微生物鉴别或药敏试验的试剂及用于细胞选择、诱导、分化的细胞培养基",17142,"碳青霉烯酶检测试剂","用于人体样本中细胞的增殖培养，对细胞具有选择、诱导、分化功能。培养的细胞仅用于体外诊断。不用于细胞治疗、细胞回输、辅助生殖等治疗用途。","Ⅱ"
900,17,"用于微生物鉴别或药敏试验的试剂及用于细胞选择、诱导、分化的细胞培养基",17143,"细胞培养基","用于人体样本中淋巴细胞的体外诱导、处理和分离培养。培养的细胞仅用于临床体外诊断。不用于细胞治疗、细胞回输、辅助生殖等治疗用途。","Ⅱ"
901,18,"用于微生物鉴别或药敏试验的试剂及用于细胞选择、诱导、分化的细胞培养基",17089,"免疫细胞培养基","用于肠杆菌科的鉴别。临床用于肠杆菌科细菌感染的辅助诊断。","Ⅱ"
902,18,"用于变态反应（过敏原）检测的试剂",18001,"总IgE检测试剂","用于检测人体样本中的免疫球蛋白E（IgE）。临床上用于人体过敏反应状态的辅助诊断。","Ⅱ"
903,18,"用于变态反应（过敏原）检测的试剂",18002,"特异性IgE抗体检测试剂","用于检测人体样本中的过敏原特异性IgE抗体。临床上用于过敏症的辅助诊断。","Ⅱ"
904,18,"用于变态反应（过敏原）检测的试剂",18003,"特异性IgG抗体检测试剂","用于检测人体样本中的过敏原特异性IgG抗体。临床上用于过敏症的辅助诊断。","Ⅱ"
905,19,"用于其他生理、生化或免疫功能指标检测的试剂",19001,"激活凝血时间（ACT）检测试剂","用于检测人体血液样本中的激活凝血时间（ACT）。临床上用于肝素抗凝治疗监测。","Ⅱ"
906,19,"用于其他生理、生化或免疫功能指标检测的试剂",19002,"凝血酶原时间（PT）检测试剂","用于检测人体血液样本中的凝血酶原时间（PT）。临床上用于外源性凝血因子的筛查和口服抗凝剂治疗监测。","Ⅱ"
907,19,"用于其他生理、生化或免疫功能指标检测的试剂",19003,"活化部分凝血活酶时间（APTT）检测试剂","用于检测人体血液样本中的活化部分凝血活酶时间（APTT）。临床上用于内源性凝血因子的筛查和肝素抗凝治疗监测。","Ⅱ"
908,19,"用于其他生理、生化或免疫功能指标检测的试剂",19004,"氯化钙试剂","用于检测人体血液样本中的活化部分凝血活酶时间（APTT），与活化部分凝血活酶时间检测试剂联合使用。","Ⅱ"
909,19,"用于其他生理、生化或免疫功能指标检测的试剂",19005,"凝血酶时间（TT）检测试剂","用于检测人体血液样本中的凝血酶时间（TT）。临床上用于反映血浆纤维蛋白原含量或结构异常，还可用于反映纤溶系统功能。","Ⅱ"
910,19,"用于其他生理、生化或免疫功能指标检测的试剂",19006,"纤维蛋白原（FIB）检测试剂","用于检测人体血液样本中的纤维蛋白原（FIB）含量。临床上用于弥散性血管内凝血、原发性纤溶症的辅助诊断以及溶栓疗效的监测。","Ⅱ"
911,19,"用于其他生理、生化或免疫功能指标检测的试剂",19007,"凝血因子Ⅱ检测试剂","用于检测人体血液样本中的凝血因子Ⅱ的活性或含量。临床上用于因子Ⅱ缺乏或活性减低治疗监测。","Ⅱ"
912,19,"用于其他生理、生化或免疫功能指标检测的试剂",19008,"凝血因子Ⅴ检测试剂","用于检测人体血液样本中的凝血因子V的活性或含量。临床上用于因子V缺乏或活性减低治疗监测。","Ⅱ"
913,19,"用于其他生理、生化或免疫功能指标检测的试剂",19009,"凝血因子Ⅶ检测试剂","用于检测人体血液样本中的凝血因子Ⅶ的活性或含量。临床上用于凝血因子Ⅶ缺乏或活性减低治疗监测。","Ⅱ"
914,19,"用于其他生理、生化或免疫功能指标检测的试剂",19010,"凝血因子Ⅹ检测试剂","用于检测人体血液样本中的凝血因子Ⅹ的活性或含量。临床上用于凝血因子Ⅹ缺乏或活性减低治疗监测。","Ⅱ"
915,19,"用于其他生理、生化或免疫功能指标检测的试剂",19011,"凝血因子Ⅺ检测试剂","用于检测人体血液样本中的凝血因子Ⅺ的活性或含量。临床上用于凝血因子Ⅺ缺乏或活性减低治疗监测。","Ⅱ"
916,19,"用于其他生理、生化或免疫功能指标检测的试剂",19012,"凝血因子Ⅻ检测试剂","用于检测人体血液样本中的凝血因子Ⅻ的活性或含量。临床上用于凝血因子Ⅻ缺乏或活性减低治疗监测。","Ⅱ"
917,19,"用于其他生理、生化或免疫功能指标检测的试剂",19013,"抗Ⅹa检测试剂","用于检测人体血液样本中的抗Ⅹa含量。临床上用于肝素、低分子肝素等治疗监测。","Ⅱ"
918,19,"用于其他生理、生化或免疫功能指标检测的试剂",19014,"D-二聚体检测试剂","用于检测人体血液样本中的D-二聚体（D-Dimer）含量。临床上用于排除静脉血栓形成、弥散性血管内凝血的辅助诊断以及溶栓治疗的监测。","Ⅱ"
919,19,"用于其他生理、生化或免疫功能指标检测的试剂",19015,"抗凝血酶检测试剂","用于检测人体血液样本中的抗凝血酶含量。临床上用于评估弥散性血管内凝血（DIC）状态。","Ⅱ"
920,19,"用于其他生理、生化或免疫功能指标检测的试剂",19016,"凝血酶-抗凝血酶复合物（TAT）检测试剂","用于检测人体血液样本中的凝血酶-抗凝血酶复合物（TAT）含量。临床上用于评估凝血激活的状态，辅助诊断血栓形成性疾病。","Ⅱ"
921,19,"用于其他生理、生化或免疫功能指标检测的试剂",19017,"血栓弹力图检测试剂","用于检测人体血液样本中的凝血功能。临床上用于评价人凝血及纤溶系统的功能。","Ⅱ"
922,19,"用于其他生理、生化或免疫功能指标检测的试剂",19018,"凝血激活检测试剂","用于检测人体血液样本中的激活凝血时间（ACT）、血块强度（MA）、凝血时间（R）、血块成形时间（K）和凝血速率（CR）、血凝指数（CI）等血凝块形成的时间、速率、强度等指标。临床上用于肝素治疗监测。","Ⅱ"
923,19,"用于其他生理、生化或免疫功能指标检测的试剂",19019,"活化凝血检测试剂","用于检测人体血液样本中的凝血功能。临床上用于筛查与表面活化或内源性凝血途径相关的凝血障碍。","Ⅱ"
924,19,"用于其他生理、生化或免疫功能指标检测的试剂",19020,"组织型纤溶酶原激活剂-抑制剂1复合物检测试剂","用于检测人体血液样本中组织型纤溶酶原激活剂-抑制剂1复合物的含量。临床上用于心血管疾病和弥散性血管内凝血血栓的辅助诊断。","Ⅱ"
925,19,"用于其他生理、生化或免疫功能指标检测的试剂",19021,"纤溶酶原（PLG）检测试剂","用于检测人体血液样本中的纤溶酶原（PLG）活性或含量。临床上用于评估纤溶功能状态。","Ⅱ"
926,19,"用于其他生理、生化或免疫功能指标检测的试剂",19022,"纤维蛋白（原）降解产物（FDP）检测试剂","用于检测人体血液样本中的纤维蛋白原降解产物（FDP）含量。临床上用于原发性和继发性纤维蛋白溶解功能亢进辅助诊断。","Ⅱ"
927,19,"用于其他生理、生化或免疫功能指标检测的试剂",19023,"肝素检测试剂","用于检测人体血液样本中的肝素含量。临床上用于评价肝素治疗前后的凝血功能。","Ⅱ"
928,19,"用于其他生理、生化或免疫功能指标检测的试剂",19024,"α2-抗纤溶酶（α2-AP）检测试剂","用于检测人体血液样本中的α2-抗纤溶酶（ α2-AP）的活性或含量。临床上用于α2-AP缺乏的辅助诊断。","Ⅱ"
929,19,"用于其他生理、生化或免疫功能指标检测的试剂",19025,"血小板聚集功能检测试剂","用于检测人体血液样本中的血小板聚集水平。临床上用于评估继发性血小板活性减低、抗血小板药物治疗的监测等。","Ⅱ"
930,19,"用于其他生理、生化或免疫功能指标检测的试剂",19026,"肝素诱导血小板减少症抗体检测试剂","用于检测人体血液样本中的肝素诱导血小板减少症抗体。临床上用于肝素诱导血小板减少症（HIT）的辅助诊断。","Ⅱ"
931,19,"用于其他生理、生化或免疫功能指标检测的试剂",19027,"血栓素B2检测试剂","用于检测人体血液样本中的血栓素B2。临床上用于评价血小板凝聚及血管收缩作用。","Ⅱ"
932,19,"用于其他生理、生化或免疫功能指标检测的试剂",19028,"6-酮-前列腺素F1α检测试剂","用于检测人体血液样本中的6-酮-前列腺素F1α含量。临床上用于血栓性疾病的辅助诊断。","Ⅱ"
933,19,"用于其他生理、生化或免疫功能指标检测的试剂",19029,"11-脱氢血栓烷B2（11dhTxB2）检测试剂","用于检测人体血液样本中的11-脱氢血栓烷B2（11dhTxB2）含量。临床上用于评价阿司匹林抗血小板凝集的治疗效果。","Ⅱ"
934,19,"用于其他生理、生化或免疫功能指标检测的试剂",19030,"纤溶酶-α2纤溶酶抑制剂复合物检测试剂","用于检测人体血液样本中的纤溶酶-α2纤溶酶抑制剂复合物含量。临床上用于血栓性疾病的辅助诊断及疗效观察。","Ⅱ"
935,19,"用于其他生理、生化或免疫功能指标检测的试剂",19031,"血气检测试剂","用于检测人体样本中的pH值、二氧化碳分压（pCO2）、氧分压（pO2）、红血细胞比容、钠、钾、钙离子、氯离子等项目。临床上可用于监测酸碱平衡失调、缺氧及二氧化碳潴留等。","Ⅱ"
936,19,"用于其他生理、生化或免疫功能指标检测的试剂",19032,"尿液分析试纸","用于检测人体尿液样本中的尿胆原、葡萄糖、酮体、胆红素、蛋白质、亚硝酸盐、pH值、隐血、比重和白细胞等项目。临床上用于肾病类、糖尿病类、泌尿感染类以及其他疾病类疾病的辅助诊断。","Ⅱ"
937,19,"用于其他生理、生化或免疫功能指标检测的试剂",19033,"尿有形成分分析检测试剂","用于检测人体尿液样本中的红细胞、白细胞、管型等项目，临床上用于泌尿系统感染、急性肾小球肾炎等疾病的辅助诊断。","Ⅱ"
938,19,"用于其他生理、生化或免疫功能指标检测的试剂",19034,"红细胞渗透脆性检测试剂","用于检测人全血样本中的红细胞渗透脆性。临床上用于红细胞渗透脆性病变的辅助诊断。","Ⅱ"
939,19,"用于其他生理、生化或免疫功能指标检测的试剂",19035,"绝对计数微球试剂","用于检测人体血液样本中的淋巴细胞、淋巴细胞亚群以及 CD34+细胞群的百分计数及绝对计数。临床上用于T淋巴细胞亚群的计数。","Ⅱ"
940,19,"用于其他生理、生化或免疫功能指标检测的试剂",19036,"精子形态分析检测试剂","用于人体精液样本中精子形态分析。临床上用于男性生殖功能的评价。","Ⅱ"
941,19,"用于其他生理、生化或免疫功能指标检测的试剂",19037,"精子DNA碎片检测试剂","用于检测人体精液样本中精子DNA的碎片率。临床上用于评估精子质量。","Ⅱ"
942,19,"用于其他生理、生化或免疫功能指标检测的试剂",19038,"精子膜低渗膨胀检测试剂","用于检测人体精液样本中的精子膜低渗膨胀功能。临床上用于反映受精能力。","Ⅱ"
943,19,"用于其他生理、生化或免疫功能指标检测的试剂",19039,"精浆锌检测试剂","用于检测人体精浆样本中的锌含量。临床上用于前列腺炎和男性不育的辅助诊断。","Ⅱ"
944,19,"用于其他生理、生化或免疫功能指标检测的试剂",19040,"精浆果糖检测试剂","用于检测人体精浆样本中的果糖含量。临床上用于评价精囊和睾丸间质细胞的功能。","Ⅱ"
945,19,"用于其他生理、生化或免疫功能指标检测的试剂",19041,"精浆柠檬酸检测试剂","用于检测人体精浆样本中的柠檬酸含量。临床上用于评价前列腺功能和男子性功能。","Ⅱ"
946,19,"用于其他生理、生化或免疫功能指标检测的试剂",19042,"精浆酸性磷酸酶检测试剂","用于检测人体精浆样本中的酸性磷酸酶水平。临床上用于前列腺疾病的辅助诊断。","Ⅱ"
947,19,"用于其他生理、生化或免疫功能指标检测的试剂",19043,"精浆中性α-葡萄糖苷酶检测试剂","用于检测人体精浆样本中的性α-葡萄糖苷酶含量。临床上用于男性不育症的辅助诊断。","Ⅱ"
948,19,"用于其他生理、生化或免疫功能指标检测的试剂",19044,"精液乳酸脱氢酶X同工酶检测试剂","用于检测人体精液样本中的乳酸脱氢酶X同工酶含量。临床上用于男性不育的辅助诊断。","Ⅱ"
949,19,"用于其他生理、生化或免疫功能指标检测的试剂",19045,"精子顶体酶检测试剂","用于检测人体精液样本中的精子顶体酶活性。临床上用于判断男性精子功能。","Ⅱ"
950,19,"用于其他生理、生化或免疫功能指标检测的试剂",19046,"精浆弹性硬蛋白酶检测试剂","用于检测人体精浆样本中的精浆弹性硬蛋白酶含量。临床上用于男性生殖道炎症的辅助诊断。","Ⅱ"
951,19,"用于其他生理、生化或免疫功能指标检测的试剂",19047,"精浆肉碱检测试剂","用于检测人体精浆样本中肉碱的浓度。临床上用于精囊和睾丸功能的辅助诊断。","Ⅱ"
952,19,"用于其他生理、生化或免疫功能指标检测的试剂",19048,"精液/精浆活性氧（ROS）检测试剂","用于检测人体精液/精浆样本中的活性氧（ROS）含量。临床上用于男性精液质量的辅助判断。","Ⅱ"
953,19,"用于其他生理、生化或免疫功能指标检测的试剂",19049,"白介素-1β检测试剂","用于检测人体样本中的白介素-1β（IL-1β）。临床上用于监测机体的免疫状态、炎症反应。","Ⅱ"
954,19,"用于其他生理、生化或免疫功能指标检测的试剂",19050,"白介素2检测试剂","用于检测人体样本中的白介素2（IL-2）。临床上用于监测机体的免疫状态、炎症反应。","Ⅱ"
955,19,"用于其他生理、生化或免疫功能指标检测的试剂",19051,"白介素2受体检测试剂","用于检测人体样本中的白介素2受体（IL-2R）。临床上用于免疫性疾病的辅助诊断。","Ⅱ"
956,19,"用于其他生理、生化或免疫功能指标检测的试剂",19052,"白介素4检测试剂","用于检测人体样本中的白介素4（IL-4）。临床上用于监测机体的免疫状态、炎症反应。","Ⅱ"
957,19,"用于其他生理、生化或免疫功能指标检测的试剂",19053,"白介素5检测试剂","用于检测人体样本中的白介素5（IL-5）。临床上用于监测机体的免疫状态、炎症反应。","Ⅱ"
958,19,"用于其他生理、生化或免疫功能指标检测的试剂",19054,"白介素6检测试剂","用于检测人体样本中的白介素6（IL-6）。临床上用于监测机体的免疫状态、炎症反应。","Ⅱ"
959,19,"用于其他生理、生化或免疫功能指标检测的试剂",19055,"白介素8检测试剂","用于检测人体样本中的白介素8（IL-8）。临床上用于监测机体的免疫状态、炎症反应。","Ⅱ"
960,19,"用于其他生理、生化或免疫功能指标检测的试剂",19056,"白介素10检测试剂","用于检测人体样本中的白介素10（IL-10）。临床上用于监测机体的免疫状态、炎症反应。","Ⅱ"
961,19,"用于其他生理、生化或免疫功能指标检测的试剂",19057,"白介素12p70检测试剂","用于检测人体样本中的白介素12p70（IL-12p70）。临床上用于监测机体的免疫状态、炎症反应。","Ⅱ"
962,19,"用于其他生理、生化或免疫功能指标检测的试剂",19058,"白介素17检测试剂","用于检测人体样本中的白介素17（IL-17）。临床上用于监测机体的免疫状态、炎症反应。","Ⅱ"
963,19,"用于其他生理、生化或免疫功能指标检测的试剂",19059,"B因子检测试剂","用于检测人体样本中的B因子。临床上用于评价补体相关的疾病。","Ⅱ"
964,19,"用于其他生理、生化或免疫功能指标检测的试剂",19060,"补体C1q检测试剂","用于检测人体样本中的补体C1q。临床上可用于肾炎、肾小球损伤的辅助诊断。","Ⅱ"
965,19,"用于其他生理、生化或免疫功能指标检测的试剂",19061,"补体C3检测试剂","用于检测人体样本中的补体C3。临床上用于补体低下或相关免疫缺陷性疾病的辅助诊断。","Ⅱ"
966,19,"用于其他生理、生化或免疫功能指标检测的试剂",19062,"补体C3c检测试剂","用于检测人体样本中的补体C3c。临床上用于补体蛋白C3c相关免疫疾病的辅助诊断。","Ⅱ"
967,19,"用于其他生理、生化或免疫功能指标检测的试剂",19063,"补体C4检测试剂","用于检测人体样本中的补体C4。临床上用于补体低下或相关免疫缺陷性疾病的辅助诊断。","Ⅱ"
968,19,"用于其他生理、生化或免疫功能指标检测的试剂",19064,"补体因子D检测试剂","用于检测人体样本中的补体因子D（CFD）。临床上用于子痫的辅助性诊断。","Ⅱ"
969,19,"用于其他生理、生化或免疫功能指标检测的试剂",19065,"补体因子H检测试剂","用于检测人体样本中的补体因子H（CFH）。临床上用于非典型溶血尿毒综合症等肾脏疾病的辅助诊断。","Ⅱ"
970,19,"用于其他生理、生化或免疫功能指标检测的试剂",19066,"总补体活性（CH50）检测试剂","用于检测人体样本中的总补体活性（CH50）。临床上用于补体活性异常或相关免疫缺陷性疾病的辅助诊断。","Ⅱ"
971,19,"用于其他生理、生化或免疫功能指标检测的试剂",19067,"循环免疫复合物（含IgG抗体）CIC-C1q检测试剂","用于检测人体样本中含IgG抗体的C1q结合的免疫循环复合物（CIC-C1q），临床上用于炎症反应的辅助诊断。","Ⅱ"
972,19,"用于其他生理、生化或免疫功能指标检测的试剂",19068,"人类白细胞抗原B27（HLA-B27）检测试剂","用于检测人体样本中人类白细胞抗原B27（HLA-B27）。临床上用于强直性脊柱炎（AS）、Reiter's综合征等与HLA-B27抗原表达有关疾病的辅助诊断。","Ⅱ"
973,19,"用于其他生理、生化或免疫功能指标检测的试剂",19069,"胎盘生长因子（PlGF）检测试剂","用于检测人体样本中的胎盘生长因子（PlGF）含量。临床上用于先兆子痫的辅助诊断。","Ⅱ"
974,19,"用于其他生理、生化或免疫功能指标检测的试剂",19070,"可溶性fms样酪氨酸激酶-1（sFlt-1）检测试剂","用于检测人体样本中可溶性fms样酪氨酸激酶-1（sFlt-1）的含量。临床上用于先兆子痫的辅助诊断。","Ⅱ"
975,19,"用于其他生理、生化或免疫功能指标检测的试剂",19071,"血管内皮生长因子检测试剂","用于检测人体样本中的血管内皮生长因子含量。临床上用于血管生成依赖性疾病的辅助诊断。","Ⅱ"
976,19,"用于其他生理、生化或免疫功能指标检测的试剂",19072,"特异性生长因子检测试剂","用于检测人体样本中的特异性生长因子。临床上用于急性炎症监测、免疫功能紊乱的辅助诊断。","Ⅱ"
977,19,"用于其他生理、生化或免疫功能指标检测的试剂",19073,"生长分化因子-15检测试剂","用于检测人体样本中生长分化因子-15。临床上用于心脑血管损伤的辅助诊断。","Ⅱ"
978,19,"用于其他生理、生化或免疫功能指标检测的试剂",19074,"α-干扰素（IFN-α）检测试剂","用于检测人体样本中的α-干扰素（IFN-α）。临床上用于炎症、免疫性疾病的辅助诊断。","Ⅱ"
979,19,"用于其他生理、生化或免疫功能指标检测的试剂",19075,"γ-干扰素（IFN-γ）检测试剂","用于检测人体样本中的γ-干扰素（IFN-γ）。临床上用于炎症、免疫性疾病的辅助诊断。","Ⅱ"
980,19,"用于其他生理、生化或免疫功能指标检测的试剂",19076,"肿瘤坏死因子α（TNF-α）检测试剂","用于检测人体样本中的肿瘤坏死因子α（TNF-α）含量。临床上用于炎症、免疫性疾病的辅助诊断。不用于恶性肿瘤患者的动态监测。","Ⅱ"
981,19,"用于其他生理、生化或免疫功能指标检测的试剂",19077,"肿瘤坏死因子受体1（TNFR1）检测试剂","用于检测人体样本中的肿瘤坏死因子受体1（TNFR1）表达。临床上用于肾病、儿童肺炎等疾病的辅助诊断。","Ⅱ"
982,19,"用于其他生理、生化或免疫功能指标检测的试剂",19078,"α淋巴毒素检测试剂","用于检测人体样本中的α淋巴毒素（LTA）。临床上用于干眼症的辅助诊断。","Ⅱ"
983,19,"用于其他生理、生化或免疫功能指标检测的试剂",19079,"β-胶原降解产物检测试剂","用于检测人体尿液样本中的β-胶原降解产物。临床上用于骨质疏松的辅助诊断。","Ⅱ"
984,19,"用于其他生理、生化或免疫功能指标检测的试剂",19080,"细菌内毒素检测试剂","用于检测人体样本中的细菌内毒素。临床上用于内毒素血症、革兰阴性细菌败血症和革兰阴性细菌感染的辅助诊断。","Ⅱ"
985,19,"用于其他生理、生化或免疫功能指标检测的试剂",19081,"革兰阴性菌脂多糖检测试剂","用于检测人体样本中的革兰阴性菌脂多糖。临床上用于革兰阴性菌感染的辅助诊断。","Ⅱ"
986,19,"用于其他生理、生化或免疫功能指标检测的试剂",19082,"革兰阳性菌肽聚糖检测试剂","用于检测人体样本中的肽聚糖。临床上用于对疑似血流感染患者进行感染类型的辅助诊断。","Ⅱ"
987,19,"用于其他生理、生化或免疫功能指标检测的试剂",19083,"真菌（1-3）-β-D葡聚糖检测试剂","用于检测人体样本中的真菌（1-3）-β-D葡聚糖。临床上用于深部真菌感染的辅助诊断。","Ⅱ"
988,19,"用于其他生理、生化或免疫功能指标检测的试剂",19084,"细菌唾液酸酶检测试剂","用于检测阴道分泌物样本中的唾液酸酶活性。临床上用于细菌性阴道病的辅助诊断。","Ⅱ"
989,19,"用于其他生理、生化或免疫功能指标检测的试剂",19085,"幽门螺旋杆菌尿素酶检测试剂","用于检测人体样本中的幽门螺旋杆菌尿素酶活性。临床上用于胃幽门螺旋杆菌感染的辅助诊断。","Ⅱ"
990,19,"用于其他生理、生化或免疫功能指标检测的试剂",19086,"沙眼衣原体α-甘露糖苷酶检测试剂","用于检测人体泌尿生殖道分泌物样本中的沙眼衣原体α-甘露糖苷酶活性。临床上用于沙眼衣原体感染的辅助诊断。","Ⅱ"
991,19,"用于其他生理、生化或免疫功能指标检测的试剂",19087,"淋病奈瑟菌特异性酶检测试剂","用于检测人体泌尿生殖道分泌物样本中的淋病奈瑟菌特异性酶（过氧化物酶、丙二醇氧化还原酶、细胞色素C氧化酶、脯氨酸氨基肽酶）活性。临床上用于淋病奈瑟菌感染的辅助诊断。","Ⅱ"
992,19,"用于其他生理、生化或免疫功能指标检测的试剂",19088,"过氧化氢检测试剂","用于检测人体阴道分泌物样本中过氧化氢含量，临床上用于细菌性阴道病的辅助诊断。","Ⅱ"
993,19,"用于其他生理、生化或免疫功能指标检测的试剂",19089,"同型半胱氨酸检测试剂","用于检测人体样本中的同型半胱氨酸。临床上用于高同型半胱氨酸血症、同型半胱氨酸尿症的辅助诊断及心血管病风险的评价。","Ⅱ"
994,19,"用于其他生理、生化或免疫功能指标检测的试剂",19090,"甘胆酸检测试剂","用于检测人体样本中的甘胆酸。临床上用于肝胆疾病的辅助诊断。","Ⅱ"
995,19,"用于其他生理、生化或免疫功能指标检测的试剂",19091,"直接胆红素检测试剂","用于检测人体样本中的结合胆红素。临床上用于胆红素代谢紊乱的辅助诊断。","Ⅱ"
996,19,"用于其他生理、生化或免疫功能指标检测的试剂",19092,"总胆红素检测试剂","用于检测人体样本中的总胆红素。临床上用于胆红素代谢紊乱的辅助诊断。","Ⅱ"
997,19,"用于其他生理、生化或免疫功能指标检测的试剂",19093,"总胆汁酸检测试剂","用于检测人体样本中的总胆汁酸。临床上用于肝胆系统疾病的辅助诊断。","Ⅱ"
998,19,"用于其他生理、生化或免疫功能指标检测的试剂",19094,"肝活素检测试剂","用于检测人体样本中的肝活素。临床上用于急性肝损伤的辅助诊断。","Ⅱ"
999,19,"用于其他生理、生化或免疫功能指标检测的试剂",19095,"乙醇检测试剂","用于检测人体样本中的乙醇。临床上用于酒精中毒的辅助诊断。","Ⅱ"
1000,19,"用于其他生理、生化或免疫功能指标检测的试剂",19096,"L-乳酸盐检测试剂","用于检测人体样本中的L-乳酸盐。临床上用于代谢性酸中毒的辅助诊断。","Ⅱ"
1001,19,"用于其他生理、生化或免疫功能指标检测的试剂",19097,"透明质酸检测试剂","用于检测人体样本中透明质酸。临床上用于肝纤维化的辅助诊断。","Ⅱ"
1002,19,"用于其他生理、生化或免疫功能指标检测的试剂",19098,"磷脂检测试剂","用于检测人体血清或血浆中的磷脂。临床上用于磷脂代谢疾病的辅助诊断。","Ⅱ"
1003,19,"用于其他生理、生化或免疫功能指标检测的试剂",19099,"唾液酸检测试剂","用于检测人体样本中的唾液酸。临床上作为一种非特异性炎症指标。","Ⅱ"
1004,19,"用于其他生理、生化或免疫功能指标检测的试剂",19100,"肌酐检测试剂","用于检测人体样本中的肌酐。临床上作为肾功能的评价指标。","Ⅱ"
1005,19,"用于其他生理、生化或免疫功能指标检测的试剂",19101,"尿素/尿素氮检测试剂","用于检测人体样本中的尿素/尿素氮。临床上作为肾功能的评价指标。","Ⅱ"
1006,19,"用于其他生理、生化或免疫功能指标检测的试剂",19102,"尿酸检测试剂","用于检测人体样本中的尿酸。临床上用于高尿酸血症的辅助诊断。","Ⅱ"
1007,19,"用于其他生理、生化或免疫功能指标检测的试剂",19103,"3-羧基-4-甲基-5-丙基-2-呋喃丙酸检测试剂","用于检测人体样本中的3-羧基-4-甲基-5-丙基-2-呋喃丙酸。临床上用于糖尿病的辅助诊断。","Ⅱ"
1008,19,"用于其他生理、生化或免疫功能指标检测的试剂",19104,"酪氨酸检测试剂","用于检测人体尿液样本中的酪氨酸（对羟基苯丙氨酸）。临床上用于氨基酸代谢异常的检测。不用于遗传疾病的辅助诊断。","Ⅱ"
1009,19,"用于其他生理、生化或免疫功能指标检测的试剂",19105,"重碳酸盐检测试剂","用于检测人体血液样本中的重碳酸盐。临床上可用于与呼吸和代谢系统酸碱平衡有关疾病的辅助诊断。","Ⅱ"
1010,19,"用于其他生理、生化或免疫功能指标检测的试剂",19106,"阿达木单抗抗体检测试剂","用于检测人体样本中的人抗阿达木单抗抗体含量。临床上用于阿达木单抗药物治疗效果评估。","Ⅱ"
1011,19,"用于其他生理、生化或免疫功能指标检测的试剂",19107,"英夫利西单抗抗体检测试剂","用于检测人体样本中的人抗英夫利西单抗抗体含量。临床上用于英夫利西单抗药物治疗效果评估。","Ⅱ"
1012,19,"用于其他生理、生化或免疫功能指标检测的试剂",19108,"哌拉西林抗体检测试剂","用于检测人体样本中的哌拉西林抗体含量。临床上用于哌拉西林药物治疗效果评估。","Ⅱ"
1013,19,"用于其他生理、生化或免疫功能指标检测的试剂",19109,"参比液","与离子选择性电极模块（如血气分析仪或电解质分析仪）配套使用，用于为pH值、钾、钠、氯、锂离子等检测提供参比电位。","Ⅱ"
1014,20,"不用于微生物鉴别或药敏试验的微生物培养基及仅用于增殖的细胞培养基",20001,"运送培养基","用于微生物样本的转运保存，不具有微生物鉴别和药敏鉴别的作用。","Ⅰ"
1015,20,"不用于微生物鉴别或药敏试验的微生物培养基及仅用于增殖的细胞培养基",20002,"菌种保存培养基","用于细菌传代及菌种长期保存，不具有微生物鉴别和药敏鉴别的作用。","Ⅰ"
1016,20,"不用于微生物鉴别或药敏试验的微生物培养基及仅用于增殖的细胞培养基",20003,"增菌培养基","用于细菌的增菌培养，不具有微生物鉴别和药敏鉴别的作用。","Ⅰ"
1017,20,"不用于微生物鉴别或药敏试验的微生物培养基及仅用于增殖的细胞培养基",20004,"营养琼脂培养基","用于细菌的分离培养，不具有微生物鉴别和药敏鉴别的作用。","Ⅰ"
1018,20,"不用于微生物鉴别或药敏试验的微生物培养基及仅用于增殖的细胞培养基",20005,"肉汤培养基","用于细菌的增菌培养，不具有微生物鉴别和药敏鉴别的作用。","Ⅰ"
1019,20,"不用于微生物鉴别或药敏试验的微生物培养基及仅用于增殖的细胞培养基",20006,"卵磷脂肉汤培养基","用于细菌的增菌培养，不具有微生物鉴别和药敏鉴别的作用。","Ⅰ"
1020,20,"不用于微生物鉴别或药敏试验的微生物培养基及仅用于增殖的细胞培养基",20007,"卵磷脂吐温胰蛋白胨大豆培养基","用于细菌的分离、培养，不具有微生物鉴别和药敏鉴别的作用。","Ⅰ"
1021,20,"不用于微生物鉴别或药敏试验的微生物培养基及仅用于增殖的细胞培养基",20008,"大豆酪蛋白琼脂（TSA）培养基","用于细菌的分离、培养，不具有微生物鉴别和药敏鉴别的作用。","Ⅰ"
1022,20,"不用于微生物鉴别或药敏试验的微生物培养基及仅用于增殖的细胞培养基",20009,"脑心浸液琼脂培养基","用于细菌培养，不具有微生物鉴别和药敏鉴别的作用。","Ⅰ"
1023,20,"不用于微生物鉴别或药敏试验的微生物培养基及仅用于增殖的细胞培养基",20010,"蛋白胨水培养基","用于需氧和兼性厌氧微生物的培养或传代，不具有微生物鉴别和药敏鉴别的作用。","Ⅰ"
1024,20,"不用于微生物鉴别或药敏试验的微生物培养基及仅用于增殖的细胞培养基",20011,"胰蛋白胨葡萄糖培养基","用于细菌的分离培养不具有微生物鉴别和药敏鉴别的作用。","Ⅰ"
1025,20,"不用于微生物鉴别或药敏试验的微生物培养基及仅用于增殖的细胞培养基",20012,"Amies运送培养基","用于咽喉、阴道以及伤口的标本的运输保存，特别是疑似奈瑟菌属、肺炎球属、链球属、白喉杆菌、沙门志贺菌属等标本的运送保存，不具有微生物鉴别和药敏鉴别的作用。","Ⅰ"
1026,20,"不用于微生物鉴别或药敏试验的微生物培养基及仅用于增殖的细胞培养基",20013,"Stuart运送培养基","用于咽喉、阴道以及伤口的苛氧菌标本的运输保存，特别是淋病奈瑟菌的运输保存，不具有微生物鉴别和药敏鉴别的作用。","Ⅰ"
1027,20,"不用于微生物鉴别或药敏试验的微生物培养基及仅用于增殖的细胞培养基",20014,"Cary-Blair运送培养基","用于粪便及直肠中肠道致病菌的标本运输保存，特别是霍乱弧菌、空肠弯曲菌、沙门菌、志贺菌等标本的运输保存，不具有微生物鉴别和药敏鉴别的作用。","Ⅰ"
1028,20,"不用于微生物鉴别或药敏试验的微生物培养基及仅用于增殖的细胞培养基",20015,"疱肉培养基","用于厌氧菌的增菌培养，不具有微生物鉴别和药敏鉴别的作用。","Ⅰ"
1029,20,"不用于微生物鉴别或药敏试验的微生物培养基及仅用于增殖的细胞培养基",20016,"厌氧菌琼脂培养基","用于厌氧菌的分离、培养，不具有微生物鉴别和药敏鉴别的作用。","Ⅰ"
1030,20,"不用于微生物鉴别或药敏试验的微生物培养基及仅用于增殖的细胞培养基",20017,"厌氧菌血琼脂培养基","用于厌氧菌的分离培养和溶血试验，不具有微生物鉴别和药敏鉴别的作用。","Ⅰ"
1031,20,"不用于微生物鉴别或药敏试验的微生物培养基及仅用于增殖的细胞培养基",20018,"厌氧菌苯乙醇培养基","用于厌氧菌的增菌培养，不具有微生物鉴别和药敏鉴别的作用。","Ⅰ"
1032,20,"不用于微生物鉴别或药敏试验的微生物培养基及仅用于增殖的细胞培养基",20019,"厌氧菌苯乙醇血琼脂培养基","用于厌氧菌的分离培养和溶血试验，不具有微生物鉴别和药敏鉴别的作用。","Ⅰ"
1033,20,"不用于微生物鉴别或药敏试验的微生物培养基及仅用于增殖的细胞培养基",20020,"改良Cary-Blair运送培养基","用于厌氧菌样本的转运保存，不具有微生物鉴别和药敏鉴别的作用。","Ⅰ"
1034,20,"不用于微生物鉴别或药敏试验的微生物培养基及仅用于增殖的细胞培养基",20021,"硫乙醇酸盐流体培养基（巯基乙酸盐培养基）","用于厌氧菌、需氧菌的增菌培养，不具有微生物鉴别和药敏鉴别的作用。","Ⅰ"
1035,20,"不用于微生物鉴别或药敏试验的微生物培养基及仅用于增殖的细胞培养基",20022,"L型细菌增菌培养基","用于L型细菌的增菌培养，不具有微生物鉴别和药敏鉴别的作用。","Ⅰ"
1036,20,"不用于微生物鉴别或药敏试验的微生物培养基及仅用于增殖的细胞培养基",20023,"B群链球菌增菌培养基","用于B群链球菌标本的转运保存和增菌培养，不具有微生物鉴别和药敏鉴别的作用。","Ⅰ"
1037,20,"不用于微生物鉴别或药敏试验的微生物培养基及仅用于增殖的细胞培养基",20024,"含0.6%酵母浸膏的胰酪胨大豆琼脂（TSA-YE）培养基","用于单核细胞增生李斯特菌的培养，不具有微生物鉴别和药敏鉴别的作用。","Ⅰ"
1038,20,"不用于微生物鉴别或药敏试验的微生物培养基及仅用于增殖的细胞培养基",20025,"含0.6%酵母浸膏的胰酪胨大豆肉汤（TSB-YE）培养基","用于单核细胞增生李斯特菌的培养，不具有微生物鉴别和药敏鉴别的作用。","Ⅰ"
1039,20,"不用于微生物鉴别或药敏试验的微生物培养基及仅用于增殖的细胞培养基",20026,"缓冲蛋白胨水培养基","用于沙门菌或李斯特菌增菌培养，不具有微生物鉴别和药敏鉴别的作用。","Ⅰ"
1040,20,"不用于微生物鉴别或药敏试验的微生物培养基及仅用于增殖的细胞培养基",20027,"碱性蛋白胨水培养基","用于霍乱弧菌增菌培养，不具有微生物鉴别和药敏鉴别的作用。","Ⅰ"
1041,20,"不用于微生物鉴别或药敏试验的微生物培养基及仅用于增殖的细胞培养基",20028,"幽门螺旋杆菌培养基","用于幽门螺旋杆菌的分离培养，不具有微生物鉴别和药敏鉴别的作用。","Ⅰ"
1042,20,"不用于微生物鉴别或药敏试验的微生物培养基及仅用于增殖的细胞培养基",20029,"拟杆菌培养基（BBE）","用于拟杆菌的分离培养，不具有微生物鉴别和药敏鉴别的作用。","Ⅰ"
1043,20,"不用于微生物鉴别或药敏试验的微生物培养基及仅用于增殖的细胞培养基",20030,"巧克力琼脂培养基（不加抗生素）","用于嗜血杆菌、奈瑟菌等苛养菌的培养，不具有微生物鉴别和药敏鉴别的作用。","Ⅰ"
1044,20,"不用于微生物鉴别或药敏试验的微生物培养基及仅用于增殖的细胞培养基",20031,"嗜血杆菌巧克力琼脂选择培养基","用于嗜血杆菌的分离培养，不具有微生物鉴别和药敏鉴别的作用。","Ⅰ"
1045,20,"不用于微生物鉴别或药敏试验的微生物培养基及仅用于增殖的细胞培养基",20032,"卡那霉素-万古霉素冻融血琼脂培养基","用于厌氧菌产黑色素普雷沃菌及大部分拟杆菌的分离培养，不具有微生物鉴别和药敏鉴别的作用。","Ⅰ"
1046,20,"不用于微生物鉴别或药敏试验的微生物培养基及仅用于增殖的细胞培养基",20033,"环丝氨酸-头孢西丁-果糖琼脂培养基","用于厌氧菌梭状芽孢杆菌，如：艰难梭状芽孢杆菌的分离培养，不具有微生物鉴别和药敏鉴别的作用。","Ⅰ"
1047,20,"不用于微生物鉴别或药敏试验的微生物培养基及仅用于增殖的细胞培养基",20034,"卵黄琼脂培养基","用于厌氧菌梭状芽孢杆菌属各菌种的分离培养，不具有微生物鉴别和药敏鉴别的作用。","Ⅰ"
1048,20,"不用于微生物鉴别或药敏试验的微生物培养基及仅用于增殖的细胞培养基",20035,"SBG增菌培养基","用于沙门菌增菌培养，不具有微生物鉴别和药敏鉴别的作用。","Ⅰ"
1049,20,"不用于微生物鉴别或药敏试验的微生物培养基及仅用于增殖的细胞培养基",20036,"HE琼脂培养基","用于沙门菌和志贺菌的分离培养，不具有微生物鉴别和药敏鉴别的作用。","Ⅰ"
1050,20,"不用于微生物鉴别或药敏试验的微生物培养基及仅用于增殖的细胞培养基",20037,"XLD琼脂培养基","用于沙门菌和志贺菌的分离培养，不具有微生物鉴别和药敏鉴别的作用。","Ⅰ"
1051,20,"不用于微生物鉴别或药敏试验的微生物培养基及仅用于增殖的细胞培养基",20038,"沙门志贺（SS）琼脂培养基","用于沙门菌和志贺菌的分离培养，不具有微生物鉴别和药敏鉴别的作用。","Ⅰ"
1052,20,"不用于微生物鉴别或药敏试验的微生物培养基及仅用于增殖的细胞培养基",20039,"沙门志贺（SS）肉汤培养基","用于沙门菌和志贺菌的增菌培养，不具有微生物鉴别和药敏鉴别的作用。","Ⅰ"
1053,20,"不用于微生物鉴别或药敏试验的微生物培养基及仅用于增殖的细胞培养基",20040,"弯曲杆菌培养基","用于弯曲杆菌的分离培养。","Ⅰ"
1054,20,"不用于微生物鉴别或药敏试验的微生物培养基及仅用于增殖的细胞培养基",20041,"WS琼脂培养基","用于沙门菌的分离培养，不具有微生物鉴别和药敏鉴别的作用。","Ⅰ"
1055,20,"不用于微生物鉴别或药敏试验的微生物培养基及仅用于增殖的细胞培养基",20042,"亚硒酸盐胱氨酸增菌培养基（SC培养基）","用于沙门菌的增菌培养，不具有微生物鉴别和药敏鉴别的作用。","Ⅰ"
1056,20,"不用于微生物鉴别或药敏试验的微生物培养基及仅用于增殖的细胞培养基",20043,"血琼脂培养基","用于细菌和真菌的培养、分离，不具有微生物鉴别和药敏鉴别的作用。","Ⅰ"
1057,20,"不用于微生物鉴别或药敏试验的微生物培养基及仅用于增殖的细胞培养基",20044,"哥伦比亚血琼脂培养基","用于一般细菌、苛养菌的分离培养和细菌溶血试验，不具有微生物鉴别和药敏鉴别的作用。","Ⅰ"
1058,20,"不用于微生物鉴别或药敏试验的微生物培养基及仅用于增殖的细胞培养基",20045,"布鲁菌血琼脂（BBA）培养基","用于布鲁菌的分离培养，不具有微生物鉴别和药敏鉴别的作用。","Ⅰ"
1059,20,"不用于微生物鉴别或药敏试验的微生物培养基及仅用于增殖的细胞培养基",20046,"改良淋病奈瑟菌选择性琼脂培养基（MTM琼脂培养基）","用于淋病奈瑟菌的分离培养，不具有微生物鉴别和药敏鉴别的作用。","Ⅰ"
1060,20,"不用于微生物鉴别或药敏试验的微生物培养基及仅用于增殖的细胞培养基",20047,"淋病奈瑟菌培养基","用于淋病奈瑟菌的分离培养，不具有微生物鉴别和药敏鉴别的作用。","Ⅰ"
1061,20,"不用于微生物鉴别或药敏试验的微生物培养基及仅用于增殖的细胞培养基",20048,"TM（Thayer-Martin）淋球菌培养基","用于淋病奈瑟菌的分离培养，不具有微生物鉴别和药敏鉴别的作用。","Ⅰ"
1062,20,"不用于微生物鉴别或药敏试验的微生物培养基及仅用于增殖的细胞培养基",20049,"麦康凯琼脂培养基","用于肠道致病菌的分离培养，不具有微生物鉴别和药敏鉴别的作用。","Ⅰ"
1063,20,"不用于微生物鉴别或药敏试验的微生物培养基及仅用于增殖的细胞培养基",20050,"山梨醇麦康凯培养基","用于O157：H7大肠埃希菌的分离培养，不具有微生物鉴别和药敏鉴别的作用。","Ⅰ"
1064,20,"不用于微生物鉴别或药敏试验的微生物培养基及仅用于增殖的细胞培养基",20051,"中国蓝琼脂培养基","用于革兰阴性细菌的分离培养，不具有微生物鉴别和药敏鉴别的作用。","Ⅰ"
1065,20,"不用于微生物鉴别或药敏试验的微生物培养基及仅用于增殖的细胞培养基",20052,"伊红美蓝琼脂培养基","用于肠道致病菌及大肠菌群的分离培养，不具有微生物鉴别和药敏鉴别的作用。","Ⅰ"
1066,20,"不用于微生物鉴别或药敏试验的微生物培养基及仅用于增殖的细胞培养基",20053,"海氏肠道琼脂培养基","用于革兰阴性菌的分离培养，不具有微生物鉴别和药敏鉴别的作用。","Ⅰ"
1067,20,"不用于微生物鉴别或药敏试验的微生物培养基及仅用于增殖的细胞培养基",20054,"庆大霉素琼脂培养基","用于霍乱弧菌的分离培养，不具有微生物鉴别和药敏鉴别的作用。","Ⅰ"
1068,20,"不用于微生物鉴别或药敏试验的微生物培养基及仅用于增殖的细胞培养基",20055,"硫柠胆蔗琼脂培养基（TCBS琼脂培养基）","用于霍乱弧菌、副溶血性弧菌的分离培养，不具有微生物鉴别和药敏鉴别的作用。","Ⅰ"
1069,20,"不用于微生物鉴别或药敏试验的微生物培养基及仅用于增殖的细胞培养基",20056,"链霉素月桂基硫酸钠亚碲酸钾琼脂培养基","用于霍乱弧菌的分离培养，不具有微生物鉴别和药敏鉴别的作用。","Ⅰ"
1070,20,"不用于微生物鉴别或药敏试验的微生物培养基及仅用于增殖的细胞培养基",20057,"军团菌琼脂培养基","用于军团菌的分离培养，不具有微生物鉴别和药敏鉴别的作用。","Ⅰ"
1071,20,"不用于微生物鉴别或药敏试验的微生物培养基及仅用于增殖的细胞培养基",20058,"高盐甘露醇琼脂培养基","用于葡萄球菌的分离培养，不具有微生物鉴别和药敏鉴别的作用。","Ⅰ"
1072,20,"不用于微生物鉴别或药敏试验的微生物培养基及仅用于增殖的细胞培养基",20059,"Baird-Parker琼脂培养基","用于凝固酶阳性葡萄球菌的分离培养，不具有微生物鉴别和药敏鉴别的作用。","Ⅰ"
1073,20,"不用于微生物鉴别或药敏试验的微生物培养基及仅用于增殖的细胞培养基",20060,"四号琼脂培养基","用于人体粪便样本中肠道致病性弧菌、霍乱弧菌的分离培养，不具有微生物鉴别和药敏鉴别的作用。","Ⅰ"
1074,20,"不用于微生物鉴别或药敏试验的微生物培养基及仅用于增殖的细胞培养基",20061,"细菌培养浸片","用于尿液中的细菌的分离培养，不具有微生物鉴别和药敏鉴别的作用。","Ⅰ"
1075,20,"不用于微生物鉴别或药敏试验的微生物培养基及仅用于增殖的细胞培养基",20062,"淋球菌培养浸片","用于子宫颈内、尿道和直肠标本等人体样本中淋病奈瑟菌的分离培养，不具有微生物鉴别和药敏鉴别的作用。","Ⅰ"
1076,20,"不用于微生物鉴别或药敏试验的微生物培养基及仅用于增殖的细胞培养基",20063,"CLED琼脂培养基","用于尿液中微生物的分离培养，不具有微生物鉴别和药敏鉴别的作用。","Ⅰ"
1077,20,"不用于微生物鉴别或药敏试验的微生物培养基及仅用于增殖的细胞培养基",20064,"沙保弱（罗）琼脂培养基","用于真菌的分离培养，不具有微生物鉴别和药敏鉴别的作用。","Ⅰ"
1078,20,"不用于微生物鉴别或药敏试验的微生物培养基及仅用于增殖的细胞培养基",20065,"马铃薯葡萄糖琼脂培养基","用于霉菌和酵母菌的培养，不具有微生物鉴别和药敏鉴别的作用。","Ⅰ"
1079,20,"不用于微生物鉴别或药敏试验的微生物培养基及仅用于增殖的细胞培养基",20066,"改良马丁培养基","用于真菌的培养，不具有微生物鉴别和药敏鉴别的作用。","Ⅰ"
1080,20,"不用于微生物鉴别或药敏试验的微生物培养基及仅用于增殖的细胞培养基",20067,"接种培养液","用于为微生物鉴定试验提供保持微生物活性的环境，不具有微生物鉴别和药敏鉴别的作用。","Ⅰ"
1081,20,"不用于微生物鉴别或药敏试验的微生物培养基及仅用于增殖的细胞培养基",20068,"毛滴虫培养基","用于毛滴虫培养，不具有微生物鉴别和药敏鉴别的作用。","Ⅰ"
1082,20,"不用于微生物鉴别或药敏试验的微生物培养基及仅用于增殖的细胞培养基",20069,"双相显色体液培养瓶","用于胸水、腹水、脑脊液等体液细菌中的分离培养，不具有微生物鉴别和药敏鉴别的作用。","Ⅰ"
1083,20,"不用于微生物鉴别或药敏试验的微生物培养基及仅用于增殖的细胞培养基",20070,"双相血培养瓶","用于临床菌血症、败血症、脓毒血症等血液标本的增菌培养，不具有微生物鉴别和药敏鉴别的作用。","Ⅰ"
1084,20,"不用于微生物鉴别或药敏试验的微生物培养基及仅用于增殖的细胞培养基",20071,"药敏接种培养液","与其他试剂或仪器配合使用，用于药物敏感性检测。","Ⅰ"
1085,20,"不用于微生物鉴别或药敏试验的微生物培养基及仅用于增殖的细胞培养基",20072,"药敏指示剂","与其他试剂或仪器配合使用，用于药物敏感性检测。","Ⅰ"
1086,20,"不用于微生物鉴别或药敏试验的微生物培养基及仅用于增殖的细胞培养基",20073,"分枝杆菌抗生素补充检测试剂","与细菌分枝杆菌监测系统同时使用，以检测和分离非血液的无菌体液样本和消化、去污染的临床样本中的分枝杆菌。","Ⅰ"
1087,20,"不用于微生物鉴别或药敏试验的微生物培养基及仅用于增殖的细胞培养基",20074,"7.5%氯化钠肉汤培养基","用于金黄色葡萄球菌的选择性培养，不具有微生物鉴别和药敏鉴别的作用。","Ⅰ"
1088,20,"不用于微生物鉴别或药敏试验的微生物培养基及仅用于增殖的细胞培养基",20075,"大肠埃希菌尿培养浸片","用于人体尿液样本中的大肠埃希菌的分离培养，不具有微生物鉴别和药敏鉴别的作用。","Ⅰ"
1089,20,"不用于微生物鉴别或药敏试验的微生物培养基及仅用于增殖的细胞培养基",20076,"细胞培养基","细胞基础培养基。仅用于细胞增殖培养，不含有细胞因子等诱导剂组成。不具备对细胞的选择、诱导、分化功能，且培养的细胞仅用于临床体外诊断用途，不用于细胞治疗、细胞回输、辅助生殖等治疗用途。","Ⅰ"
1090,20,"不用于微生物鉴别或药敏试验的微生物培养基及仅用于增殖的细胞培养基",20077,"RPMI-1640培养基","细胞基础培养基。仅用于细胞增殖培养，不含有细胞因子等诱导剂组成。不具备对细胞的选择、诱导、分化功能，且培养的细胞仅用于临床体外诊断用途，不用于细胞治疗、细胞回输、辅助生殖等治疗用途。","Ⅰ"
1091,21,"样本处理用产品",21001,"样本释放剂/裂解液","可跨平台、或同一仪器平台，或同一方法学使用的非特异性试剂，用于待测样本的预处理，使样本中的待测物从与其他物质结合的状态中释放/裂解出来。以便于使用体外诊断试剂或仪器对待测物进行检测。其本身并不直接参与检测。","Ⅰ"
1092,21,"样本处理用产品",21002,"样本萃取液","可跨平台、或同一仪器平台，或同一方法学使用的非特异性试剂，用于对待测样本进行分析前预处理，溶解细胞，萃取出待测物。其本身并不直接参与检测。","Ⅰ"
1093,21,"样本处理用产品",21003,"样本稀释液","可跨平台、或同一仪器平台，或同一方法学使用的非特异性试剂，用于对待测样本进行稀释、液化，以便于使用体外诊断试剂或仪器对待测物进行检测。其本身并不直接参与检测。","Ⅰ"
1094,21,"样本处理用产品",21004,"样本密度分离液","通过密度分离作用，用于样本中不同成分的分离，以便于对样本的进一步分析。","Ⅰ"
1095,21,"样本处理用产品",21005,"蛋白、多肽提取或纯化试剂","用于多肽、蛋白质的提取、富集、纯化等步骤。其处理后的产物用于临床体外检测使用。产品组成中不含可与样本特异性结合的抗原、抗体、探针等成分。","Ⅰ"
1096,21,"样本处理用产品",21006,"核酸提取或纯化试剂","用于核酸的提取、富集、纯化等步骤。其处理后的产物用于临床体外检测使用。产品组成中不含可与样本特异性结合的抗原、抗体、探针等成分。","Ⅰ"
1097,21,"样本处理用产品",21007,"甲基化检测样本前处理试剂","用于核酸的亚硫酸氢盐转化修饰、提取、富集、纯化步骤。产品组成中不含可与样本特异性结合的抗原、抗体、探针等成分。","Ⅰ"
1098,21,"样本处理用产品",21008,"细胞外囊泡提取试剂","用于细胞外囊泡的提取、富集、纯化等步骤。处理后的产物用于临床体外检测。产品组成中不含可与样本特异性结合的抗原、抗体、探针等成分。","Ⅰ"
1099,21,"样本处理用产品",21009,"血细胞分析用溶血剂","用于血细胞分析前破坏红细胞、溶出血红蛋白、维持所需分析细胞的形态，待有需求时，对白细胞染色后再进行细胞分类计数或直接进行细胞分类计数和/或血红蛋白定量检测等。","Ⅰ"
1100,21,"样本处理用产品",21010,"血细胞分析用稀释液","用于对待测全血样本进行稀释，配合血液分析仪或试剂对待测物进行检测。临床上用于血细胞分析前，通过样本稀释制备细胞悬液。","Ⅰ"
1101,21,"样本处理用产品",21011,"血细胞分析用染色液","用于对血细胞进行染色，从而观察其形态与结构，以便于血液分析仪器进行血细胞分类计数。","Ⅰ"
1102,21,"样本处理用产品",21012,"血细胞分析用鞘液","用于对血液样本稀释，形成鞘流，以利于分析仪器进行细胞计数、分类。适用于采用流式细胞分析原理的分析仪。","Ⅰ"
1103,21,"样本处理用产品",21013,"网织红细胞染色液","用于对全血样本中的网织红细胞进行染色，以便于显微镜下对网织红细胞计数。","Ⅰ"
1104,21,"样本处理用产品",21014,"尿液分析用稀释液","用于尿液分析前，样本的稀释，制备细胞悬液。","Ⅰ"
1105,21,"样本处理用产品",21015,"尿液分析用染色液","用于对尿液中的有形成分进行染色（不能对病原体进行染色），以便于观察其形态与结构，进行分类计数等。不能用于自测。","Ⅰ"
1106,21,"样本处理用产品",21016,"尿液样本保存液","用于尿液样本的保存。","Ⅰ"
1107,21,"样本处理用产品",21017,"糖化血红蛋白溶血剂","用于糖化血红蛋白检测前的血液样本处理。","Ⅰ"
1108,21,"样本处理用产品",21018,"血型分析用稀释液","用于制备红细胞悬液，在临床输血上用于血型定型、交叉配血前的样本稀释。其本身并不直接参与检测。","Ⅰ"
1109,21,"样本处理用产品",21019,"凝血分析用稀释液","用于在凝血测试中稀释血浆标本。其本身并不直接参与检测。","Ⅰ"
1110,21,"样本处理用产品",21020,"电解质分析用稀释液","用于电解质（钾、钠、氯等）检测分析中的样本稀释。其本身并不直接参与检测。","Ⅰ"
1111,21,"样本处理用产品",21021,"原子吸收光谱仪稀释液","用于原子吸收光谱仪检测铅、镉等元素的样本处理。其本身并不直接参与检测。","Ⅰ"
1112,21,"样本处理用产品",21022,"流式细胞分析用溶血剂","用于裂解人类外周血中红细胞，维持白细胞基本形态，临床上用于流式细胞仪检测前样本处理。","Ⅰ"
1113,21,"样本处理用产品",21023,"流式细胞分析用破膜剂","用于流式细胞样本的处理，诱导白细胞质膜通透性加大，实现抗体对胞内抗原的检测。","Ⅰ"
1114,21,"样本处理用产品",21024,"流式细胞分析用鞘液","用于与流式技术相关的分析，对样本进行检测时形成鞘流，以利于仪器进行计数分析。","Ⅰ"
1115,21,"样本处理用产品",21025,"BFA刺激剂","与流式细胞仪配合使用样本处理试剂。蛋白转运抑制剂，阻断淋巴细胞胞内蛋白运输途径，增加细胞因子和/或蛋白在高尔基体中积累，用于细胞因子生成细胞的检测。","Ⅰ"
1116,21,"样本处理用产品",21026,"尿液分析用鞘液","用于采用流式细胞分析原理的分析仪，对尿液样本稀释，形成鞘流，利于分析仪器进行细胞计数、分类。","Ⅰ"
1117,21,"样本处理用产品",21027,"精液液化剂","用于精液标本的前处理，可促进液化迟缓的精液标本的液化、降低精液的粘稠度。","Ⅰ"
1118,21,"样本处理用产品",21028,"组织固定液","用于新鲜组织标本、细胞学标本的固定，保持细胞固定的形态。","Ⅰ"
1119,21,"样本处理用产品",21029,"样本保存液","用于组织、细胞病理学分析样本的保存。仅用于体外保存样本使用，不具有判定和治疗作用。保存后的样本不用于细胞治疗、细胞回输、辅助生殖等用途。","Ⅰ"
1120,21,"样本处理用产品",21030,"冷冻包埋剂","用于对离体病灶组织进行包埋，包埋后的组织可用于后续病理分析。","Ⅰ"
1121,21,"样本处理用产品",21031,"分化液","用于人体样本染色过程中对染色后样本的分化处理。","Ⅰ"
1122,21,"样本处理用产品",21032,"返蓝液","用于石蜡包埋组织、细胞标本、组织冰冻切片苏木素伊红染色过程中苏木素染色分化后的蓝化。","Ⅰ"
1123,21,"样本处理用产品",21033,"组织样本清洗用蛋白酶","用于酶解常规福尔马林固定、石蜡包埋的组织样本。","Ⅰ"
1124,21,"样本处理用产品",21034,"细胞蜡块制备试剂","用于病理细胞学样本检测前的处理。用于细针穿刺物、切割针活检、体液以及其他细胞学制备的残余沉积物和各种组织微小碎片的石蜡包埋块制作。","Ⅰ"
1125,21,"样本处理用产品",21035,"脱钙液","用于体外样本组织的固定和脱钙。","Ⅰ"
1126,21,"样本处理用产品",21036,"脱蜡液","用于去除石蜡包埋组织样本上的石蜡，对样本进行染色前预处理。","Ⅰ"
1127,21,"样本处理用产品",21037,"脱水剂","用于病理分析前组织标本的梯度脱水或切片染色前梯度水化。","Ⅰ"
1128,21,"样本处理用产品",21038,"液基细胞和微生物处理、保存试剂","用于病理诊断分析前，人体脱落细胞或微生物形态观察前的预处理。临床上用于呼吸道脱落细胞等临床样本检验分析前细胞或微生物的保存、运输、分离、沉淀、固定、制片等。","Ⅰ"
1129,21,"样本处理用产品",21039,"抗体稀释液","在免疫组化化学染色中，用于抗体浓缩液的稀释。","Ⅰ"
1130,21,"样本处理用产品",21040,"阻断剂","用于福尔马林固定、石蜡包埋的组织切片进行免疫组化染色前预处理，对组织内的过氧化物酶或生物素等相关成分进行阻断，以便抗体定位病变组织。","Ⅰ"
1131,21,"样本处理用产品",21041,"免疫组化抗原修复缓冲液","用于免疫组织化学中染色前的抗原修复。","Ⅰ"
1132,21,"样本处理用产品",21042,"脱蜡热修复液","用于在免疫组织化学中染色前组织切片的预处理，包括对福尔马林固定、石蜡包埋组织切片进行脱蜡和热诱导的抗原修复。","Ⅰ"
1133,21,"样本处理用产品",21043,"原位杂交用蛋白酶","用于组织或细胞样本，增强细胞膜的通透性。","Ⅰ"
1134,21,"样本处理用产品",21044,"痰液样本处理试剂","用于对待测痰样本进行稀释、液化，用于痰中微生物培养前痰的均质化处理，以便于后续检测分析。","Ⅰ"
1135,21,"样本处理用产品",21045,"粪便样本处理试剂","用于粪便样本在常规或病理检验前的预处理。","Ⅰ"
1136,21,"样本处理用产品",21046,"粪便保存液","用于粪便样本的储存、运输，防止样本中核酸降解，以便于后续检测分析。","Ⅰ"
1137,21,"样本处理用产品",21047,"粪便分析用染色液","用于粪便样本中淀粉质、细菌、寄生虫卵等染色。","Ⅰ"
1138,21,"样本处理用产品",21048,"病毒保存液","用于病毒类病原体样本的保存和运输，仅用于体外保存样本使用，不具有判定和治疗作用。","Ⅰ"
1139,21,"样本处理用产品",21049,"细胞保存液","用于保存、运输取自人体的细胞，仅用于体外分析检测目的，不用于治疗性用途。","Ⅰ"
1140,21,"样本处理用产品",21050,"中性红染色液","用于人体组织样本、细胞样本的染色。","Ⅰ"
1141,21,"样本处理用产品",21051,"核固红染色液","用于人体组织样本、细胞样本中细胞核的染色。","Ⅰ"
1142,21,"样本处理用产品",21052,"粘蛋白胭脂红染色液","用于人体组织样本、细胞样本中酸性粘多糖的染色。","Ⅰ"
1143,21,"样本处理用产品",21053,"油红O染色液","用于人体组织样本、细胞样本中脂肪的染色。","Ⅰ"
1144,21,"样本处理用产品",21054,"伊红染色液","用于人体组织样本、细胞样本中细胞质的染色。","Ⅰ"
1145,21,"样本处理用产品",21055,"巴氏染色液","用于人体细胞样本的常规染色，适用于妇科细胞学涂片染色、细胞脱落标本染色。","Ⅰ"
1146,21,"样本处理用产品",21056,"橙黄G染色液","用于人体细胞样本的常规染色，适用于妇科细胞学涂片染色、细胞脱落标本染色。","Ⅰ"
1147,21,"样本处理用产品",21057,"EA50染色液","用于人体细胞样本的常规染色，适用于妇科细胞学涂片染色、细胞脱落标本染色。","Ⅰ"
1148,21,"样本处理用产品",21058,"胶体铁染色液","用于人体组织样本中粘液多糖类物质的染色。","Ⅰ"
1149,21,"样本处理用产品",21059,"铁染色液","用于人体组织样本中含铁血黄素的染色。","Ⅰ"
1150,21,"样本处理用产品",21060,"天狼星红染色液","用于人体组织样本中胶原纤维的染色。","Ⅰ"
1151,21,"样本处理用产品",21061,"台盼蓝染色液","用于人体组织样本、细胞样本中细胞膜的染色。","Ⅰ"
1152,21,"样本处理用产品",21062,"Masson三色染色液","用于人体组织样本中结缔组织、肌肉和胶原纤维的染色。","Ⅰ"
1153,21,"样本处理用产品",21063,"Pollak三色染色液","用于人体组织样本中结缔组织的多色染色。","Ⅰ"
1154,21,"样本处理用产品",21064,"马休黄-酸性品红-苯胺蓝染色液","用于人体组织样本中纤维素的染色。","Ⅰ"
1155,21,"样本处理用产品",21065,"苏木素-伊红（HE）染色液","用于人体组织样本、细胞样本的常规染色。","Ⅰ"
1156,21,"样本处理用产品",21066,"苏木素染色液","用于人体组织样本、细胞样本中细胞核的染色。","Ⅰ"
1157,21,"样本处理用产品",21067,"琼斯亮绿染色液","用于人体组织样本中毛细血管基底膜的染色。","Ⅰ"
1158,21,"样本处理用产品",21068,"琼斯苏木素伊红染色液","用于人体组织样本中毛细血管基底膜的染色。","Ⅰ"
1159,21,"样本处理用产品",21069,"磷钨酸苏木素染色液","用于人体组织样本中肌纤维和纤维素的染色，特别是平滑肌的染色。","Ⅰ"
1160,21,"样本处理用产品",21070,"苏丹黑染色液","用于人体细胞样本中脂类的染色。","Ⅰ"
1161,21,"样本处理用产品",21071,"苏丹Ⅲ染色液","用于人体样本中脂肪的染色。","Ⅰ"
1162,21,"样本处理用产品",21072,"亮绿－过碘酸雪夫氏染色液","用于人体组织样本中真菌的染色。","Ⅰ"
1163,21,"样本处理用产品",21073,"结晶紫染色液","用于革兰染色和人体组织样本、细胞样本中细胞核的染色。","Ⅰ"
1164,21,"样本处理用产品",21074,"品红染色液","用于细菌的染色和人体组织样本的染色。","Ⅰ"
1165,21,"样本处理用产品",21075,"氯化醋酸AS-D萘酚酯酶（AS-DNCE）染色液","用于人体细胞样本中骨髓细胞的染色。","Ⅰ"
1166,21,"样本处理用产品",21076,"α-丁酸萘酚酯酶（α-NBE）染色液","用于人体细胞样本中骨髓细胞的染色。","Ⅰ"
1167,21,"样本处理用产品",21077,"α-醋酸萘酚酯酶（α-NAE）染色液","用于人体细胞样本中骨髓细胞的染色。","Ⅰ"
1168,21,"样本处理用产品",21078,"苯胺蓝（霍夫曼蓝）染色液","用于人体组织样本中结缔组织、神经组织的染色和人体细胞样本的染色。","Ⅰ"
1169,21,"样本处理用产品",21079,"甲苯胺蓝染色液","用于人体组织样本中软骨细胞、肥大细胞的染色。","Ⅰ"
1170,21,"样本处理用产品",21080,"刚果红染色液","用于人体组织样本中淀粉体的染色。","Ⅰ"
1171,21,"样本处理用产品",21081,"刘氏染色液","用于人体细胞样本的染色。","Ⅰ"
1172,21,"样本处理用产品",21082,"瑞氏-吉姆萨染色液","用于人体血细胞样本的染色。","Ⅰ"
1173,21,"样本处理用产品",21083,"瑞氏染色液","用于人体血细胞样本的染色。","Ⅰ"
1174,21,"样本处理用产品",21084,"吉姆萨染色液","用于人体血细胞样本的染色。","Ⅰ"
1175,21,"样本处理用产品",21085,"DAPI（4,6-二脒基-2-苯基吲哚）染色液","用于人体组织样本、细胞样本中细胞核染色。","Ⅰ"
1176,21,"样本处理用产品",21086,"PI（碘化丙啶）染色液","用于人体组织样本、细胞样本中DNA进行染色。","Ⅰ"
1177,21,"样本处理用产品",21087,"异染颗粒染色液","用于白喉棒状杆菌等的染色。","Ⅰ"
1178,21,"样本处理用产品",21088,"柯氏染色液","用于布鲁菌等细菌的染色。","Ⅰ"
1179,21,"样本处理用产品",21089,"乳酸棉酚蓝染色液","用于真菌的染色。","Ⅰ"
1180,21,"样本处理用产品",21090,"革兰染色液","用于细菌或真菌的涂片染色。","Ⅰ"
1181,21,"样本处理用产品",21091,"抗酸染色液","用于分枝杆菌、诺卡菌等抗酸杆菌制片染色。","Ⅰ"
1182,21,"样本处理用产品",21092,"墨汁染色液","用于微生物荚膜的染色。","Ⅰ"
1183,21,"样本处理用产品",21093,"荚膜染色液","用于菌体荚膜的染色。","Ⅰ"
1184,21,"样本处理用产品",21094,"鞭毛染色液","用于菌体鞭毛的染色。","Ⅰ"
1185,21,"样本处理用产品",21095,"芽孢染色液","用于菌体芽孢染色。","Ⅰ"
1186,21,"样本处理用产品",21096,"幽门螺旋杆菌染色液","用于人体组织样本中幽门螺旋杆菌的染色（脲酶法除外）。","Ⅰ"
1187,21,"样本处理用产品",21097,"金胺O染色液","用于细菌抗酸染色。","Ⅰ"
1188,21,"样本处理用产品",21098,"钙荧光白染色液（CFW）","用于人体组织样本中真菌细胞壁的染色。","Ⅰ"
1189,21,"样本处理用产品",21099,"六胺银染色液","用于人体组织样本中真菌和其他机会性生物细胞壁中的多糖染色。","Ⅰ"
1190,21,"样本处理用产品",21100,"斯坦氏染色液","用于人体组织样本中的各种致病微生物（如幽门螺旋杆菌）的银染染色。","Ⅰ"
1191,21,"样本处理用产品",21101,"银染色液","用于人体组织样本中蛋白、核酸的染色。","Ⅰ"
1192,21,"样本处理用产品",21102,"铜染色液","用于人体组织样本中铜颗粒的染色。","Ⅰ"
1193,21,"样本处理用产品",21103,"硫堇染色液","用于人体组织样本、细胞样本中细胞核DNA的染色。","Ⅰ"
1194,21,"样本处理用产品",21104,"硫堇-伊红染色液（F-E）","用于人体组织样本、细胞样本的复染及特殊染色。","Ⅰ"
1195,21,"样本处理用产品",21105,"甲基紫染色液","用于人体组织样本的淀粉样变染色。","Ⅰ"
1196,21,"样本处理用产品",21106,"黑色素染色液（硫酸亚铁法）","用于人体组织样本中黑色素的染色。","Ⅰ"
1197,21,"样本处理用产品",21107,"钙盐染色液（硝酸银法）","用于人体组织样本中钙盐的染色。","Ⅰ"
1198,21,"样本处理用产品",21108,"过碘酸雪夫染色液（糖原染色液，PAS）","用于人体组织样本、细胞样本中糖原、粘多糖的染色。","Ⅰ"
1199,21,"样本处理用产品",21109,"D-PAS染色液","用于人体组织样本、细胞样本中非糖原物质的染色。","Ⅰ"
1200,21,"样本处理用产品",21110,"高铁二胺－阿利辛蓝染色液（HID-AB）","用于人体组织样本、细胞样本中硫酸化酸性粘液物质和唾液酸粘液物质的染色。","Ⅰ"
1201,21,"样本处理用产品",21111,"阿利辛蓝染色液","用于人体组织样本、细胞样本中粘多糖染色。","Ⅰ"
1202,21,"样本处理用产品",21112,"阿利辛蓝-过碘酸雪夫氏染色液（AB-PAS）","用于人体组织样本、细胞样本中酸粘蛋白的染色。","Ⅰ"
1203,21,"样本处理用产品",21113,"阿利辛黄染色液","用于人体组织样本中幽门螺旋杆菌染色","Ⅰ"
1204,21,"样本处理用产品",21114,"亚甲基蓝（美蓝）染色液","用于人体组织样本、细胞样本中核酸的染色。","Ⅰ"
1205,21,"样本处理用产品",21115,"Van Gieson染色液","用于人体组织样本、细胞样本中胶原纤维和肌纤维的染色。","Ⅰ"
1206,21,"样本处理用产品",21116,"W-S银染色液","用于人体组织样本中的嗜银微生物的染色。","Ⅰ"
1207,21,"样本处理用产品",21117,"红色复染染色液","用于人体组织样本、细胞样本中细胞核的染色。","Ⅰ"
1208,21,"样本处理用产品",21118,"弹性纤维染色液","用于人体组织样本中弹性纤维的染色。","Ⅰ"
1209,21,"样本处理用产品",21119,"网状纤维染色液","用于人体组织样本中网状纤维的染色。","Ⅰ"
1210,21,"样本处理用产品",21120,"分散蓝染色液","用于人体组织样本、细胞样本的染色","Ⅰ"
1211,22,"反应体系通用试剂",22001,"免疫显色试剂","在免疫组化反应中与一抗结合，或在原位杂交检测中与首要探针结合，通过显色，对靶点进行标记。包括免疫显色组分，但不包含一抗或首要探针。","Ⅰ"
1212,22,"反应体系通用试剂",22002,"DAB显色试剂","用于免疫组化、原位杂交检测中的显色。试剂不包含一抗或首要探针。","Ⅰ"
1213,22,"反应体系通用试剂",22003,"DAB显色增强液","与DAB显色试剂配合使用，用于免疫组化检测DAB显色的增强。","Ⅰ"
1214,22,"反应体系通用试剂",22004,"碱性磷酸酶显色试剂","用于原位杂交、免疫组化检测中与一抗结合后的显色。试剂不包含一抗或首要探针。","Ⅰ"
1215,22,"反应体系通用试剂",22005,"AEC显色试剂","用于辣根过氧化酶（HRP）系统免疫组化检测中以AEC为显色底物的显色。试剂不包含一抗。","Ⅰ"
1216,22,"反应体系通用试剂",22006,"酪胺荧光显色试剂","用于多重荧光免疫组化检测的显色。试剂不包含一抗。","Ⅰ"
1217,22,"反应体系通用试剂",22007,"原位杂交蓝染显色试剂","用于在间接生物素抗生物素蛋白链霉素系统原位杂交检测中的显色。试剂不包含首要探针。","Ⅰ"
1218,22,"反应体系通用试剂",22008,"地高辛显色试剂","用于原位杂交、免疫组化检测中标记地高辛探针或抗体的显色。试剂不包含一抗或首要探针。","Ⅰ"
1219,22,"反应体系通用试剂",22009,"TMB底物液","与检测试剂配合使用，完成基于免疫原理的体外诊断检测试验。","Ⅰ"
1220,22,"反应体系通用试剂",22010,"免疫检验系统用底物液","与其他多种试剂（如一抗、二抗、标准品、终止液等）配合使用，完成基于免疫原理的体外诊断检测，仅用于确定的检测系统。","Ⅰ"
1221,22,"反应体系通用试剂",22011,"免疫检验系统用终止液","用于终止酶标二抗与底物液的荧光反应，完成基于免疫原理的体外诊断检测，仅用于确定的检测系统。","Ⅰ"
1222,22,"反应体系通用试剂",22012,"增强液","用于与标记在抗体上的发光标记物形成复合物，增强发光信号以便定量检测发光强度。","Ⅰ"
1223,22,"反应体系通用试剂",22013,"激发液/预激发液","与免疫分析仪配合使用，用于提供化学发光免疫分析反应中所需的反应环境，以启动化学发光反应。","Ⅰ"
1224,22,"反应体系通用试剂",22014,"比浊管","用于判定菌悬液的均一性和一致性。","Ⅰ"
1225,22,"反应体系通用试剂",22015,"缓冲液","用于提供/维持反应环境。","Ⅰ"
1226,22,"反应体系通用试剂",22016,"阴极/阳极缓冲液","用于提供/维持阴极/阳极反应环境。","Ⅰ"
1227,22,"反应体系通用试剂",22017,"血清蛋白电泳缓冲液","与全自动毛细管电泳仪配套使用，用于提供血清蛋白毛细管电泳检测所需的缓冲环境。","Ⅰ"
1228,22,"反应体系通用试剂",22018,"磷酸盐缓冲液","用于一些病理学、免疫学、生物化学、细胞生物学实验。常作为稀释液、洗涤液以及细胞培养缓冲液。","Ⅰ"
1229,22,"反应体系通用试剂",22019,"电解质分析仪用缓冲液","用于电解质、血气分析仪，在离子选择电极法（ISE）检测样本的无机离子过程中稀释样本，提供缓冲环境，并维持溶液pH值的稳定，试剂本身不参与检测反应。","Ⅰ"
1230,22,"反应体系通用试剂",22020,"待测物清洗液/洗脱液","用于检测过程中反应过程体系内待测物清洗或洗脱、起到纯化待测物以便后续检测的仪器平台通用或方法学通用试剂。不单独用于仪器、检测用具及环境的清洗。","Ⅰ"
1231,23,"仅提供辅助诊断信息的流式细胞仪用单一抗体试剂及同型对照抗体",23001,"CD1a抗体试剂","用于辅助人体样本中CD1a的检测，临床上用于为医师提供诊断的辅助信息，不得用于指导临床用药或伴随诊断。","Ⅰ"
1232,23,"仅提供辅助诊断信息的流式细胞仪用单一抗体试剂及同型对照抗体",23002,"CD2抗体试剂","用于辅助人体样本中CD2的检测，临床上用于为医师提供诊断的辅助信息，不得用于指导临床用药或伴随诊断。","Ⅰ"
1233,23,"仅提供辅助诊断信息的流式细胞仪用单一抗体试剂及同型对照抗体",23003,"CD3抗体试剂","用于辅助人体样本中CD3的检测，临床上用于为医师提供诊断的辅助信息，不得用于指导临床用药或伴随诊断。","Ⅰ"
1234,23,"仅提供辅助诊断信息的流式细胞仪用单一抗体试剂及同型对照抗体",23004,"CD4抗体试剂","用于辅助人体样本中CD4的检测，临床上用于为医师提供诊断的辅助信息，不得用于指导临床用药或伴随诊断。","Ⅰ"
1235,23,"仅提供辅助诊断信息的流式细胞仪用单一抗体试剂及同型对照抗体",23005,"CD5抗体试剂","用于辅助人体样本中CD5的检测，临床上用于为医师提供诊断的辅助信息，不得用于指导临床用药或伴随诊断。","Ⅰ"
1236,23,"仅提供辅助诊断信息的流式细胞仪用单一抗体试剂及同型对照抗体",23006,"CD7抗体试剂","用于辅助人体样本中CD7的检测，临床上用于为医师提供诊断的辅助信息，不得用于指导临床用药或伴随诊断。","Ⅰ"
1237,23,"仅提供辅助诊断信息的流式细胞仪用单一抗体试剂及同型对照抗体",23007,"CD8抗体试剂","用于辅助人体样本中CD8的检测，临床上用于为医师提供诊断的辅助信息，不得用于指导临床用药或伴随诊断。","Ⅰ"
1238,23,"仅提供辅助诊断信息的流式细胞仪用单一抗体试剂及同型对照抗体",23008,"CD9抗体试剂","用于辅助人体样本中CD9的检测，临床上用于为医师提供诊断的辅助信息，不得用于指导临床用药或伴随诊断。","Ⅰ"
1239,23,"仅提供辅助诊断信息的流式细胞仪用单一抗体试剂及同型对照抗体",23009,"CD10抗体试剂","用于辅助人体样本中CD10的检测，临床上用于为医师提供诊断的辅助信息，不得用于指导临床用药或伴随诊断。","Ⅰ"
1240,23,"仅提供辅助诊断信息的流式细胞仪用单一抗体试剂及同型对照抗体",23010,"CD11b抗体试剂","用于辅助人体样本中CD11b的检测，临床上用于为医师提供诊断的辅助信息，不得用于指导临床用药或伴随诊断。","Ⅰ"
1241,23,"仅提供辅助诊断信息的流式细胞仪用单一抗体试剂及同型对照抗体",23011,"CD11c抗体试剂","用于辅助人体样本中CD11c的检测，临床上用于为医师提供诊断的辅助信息，不得用于指导临床用药或伴随诊断。","Ⅰ"
1242,23,"仅提供辅助诊断信息的流式细胞仪用单一抗体试剂及同型对照抗体",23012,"CD13抗体试剂","用于辅助人体样本中CD13的检测，临床上用于为医师提供诊断的辅助信息，不得用于指导临床用药或伴随诊断。","Ⅰ"
1243,23,"仅提供辅助诊断信息的流式细胞仪用单一抗体试剂及同型对照抗体",23013,"CD14抗体试剂","用于辅助人体样本中CD14的检测，临床上用于为医师提供诊断的辅助信息，不得用于指导临床用药或伴随诊断。","Ⅰ"
1244,23,"仅提供辅助诊断信息的流式细胞仪用单一抗体试剂及同型对照抗体",23014,"CD15抗体试剂","用于辅助人体样本中CD15的检测，临床上用于为医师提供诊断的辅助信息，不得用于指导临床用药或伴随诊断。","Ⅰ"
1245,23,"仅提供辅助诊断信息的流式细胞仪用单一抗体试剂及同型对照抗体",23015,"CD16抗体试剂","用于辅助人体样本中CD16的检测，临床上用于为医师提供诊断的辅助信息，不得用于指导临床用药或伴随诊断。","Ⅰ"
1246,23,"仅提供辅助诊断信息的流式细胞仪用单一抗体试剂及同型对照抗体",23016,"CD23抗体试剂","用于辅助人体样本中CD23的检测，临床上用于为医师提供诊断的辅助信息，不得用于指导临床用药或伴随诊断。","Ⅰ"
1247,23,"仅提供辅助诊断信息的流式细胞仪用单一抗体试剂及同型对照抗体",23017,"CD25抗体试剂","用于辅助人体样本中CD25的检测，临床上用于为医师提供诊断的辅助信息，不得用于指导临床用药或伴随诊断。","Ⅰ"
1248,23,"仅提供辅助诊断信息的流式细胞仪用单一抗体试剂及同型对照抗体",23018,"CD27抗体试剂","用于辅助人体样本中CD27的检测，临床上用于为医师提供诊断的辅助信息，不得用于指导临床用药或伴随诊断。","Ⅰ"
1249,23,"仅提供辅助诊断信息的流式细胞仪用单一抗体试剂及同型对照抗体",23019,"CD28抗体试剂","用于辅助人体样本中CD28的检测，临床上用于为医师提供诊断的辅助信息，不得用于指导临床用药或伴随诊断。","Ⅰ"
1250,23,"仅提供辅助诊断信息的流式细胞仪用单一抗体试剂及同型对照抗体",23020,"CD33抗体试剂","用于辅助人体样本中CD33的检测，临床上用于为医师提供诊断的辅助信息，不得用于指导临床用药或伴随诊断。","Ⅰ"
1251,23,"仅提供辅助诊断信息的流式细胞仪用单一抗体试剂及同型对照抗体",23021,"CD36抗体试剂","用于辅助人体样本中CD36的检测，临床上用于为医师提供诊断的辅助信息，不得用于指导临床用药或伴随诊断。","Ⅰ"
1252,23,"仅提供辅助诊断信息的流式细胞仪用单一抗体试剂及同型对照抗体",23022,"CD38抗体试剂","用于辅助人体样本中CD38的检测，临床上用于为医师提供诊断的辅助信息，不得用于指导临床用药或伴随诊断。","Ⅰ"
1253,23,"仅提供辅助诊断信息的流式细胞仪用单一抗体试剂及同型对照抗体",23023,"CD41抗体试剂","用于辅助人体样本中CD41的检测，临床上用于为医师提供诊断的辅助信息，不得用于指导临床用药或伴随诊断。","Ⅰ"
1254,23,"仅提供辅助诊断信息的流式细胞仪用单一抗体试剂及同型对照抗体",23024,"CD42a抗体试剂","用于辅助人体样本中CD42a的检测，临床上用于为医师提供诊断的辅助信息，不得用于指导临床用药或伴随诊断。","Ⅰ"
1255,23,"仅提供辅助诊断信息的流式细胞仪用单一抗体试剂及同型对照抗体",23025,"CD42b抗体试剂","用于辅助人体样本中CD42b的检测，临床上用于为医师提供诊断的辅助信息，不得用于指导临床用药或伴随诊断。","Ⅰ"
1256,23,"仅提供辅助诊断信息的流式细胞仪用单一抗体试剂及同型对照抗体",23026,"CD45抗体试剂","用于辅助人体样本中CD45的检测，临床上用于为医师提供诊断的辅助信息，不得用于指导临床用药或伴随诊断。","Ⅰ"
1257,23,"仅提供辅助诊断信息的流式细胞仪用单一抗体试剂及同型对照抗体",23027,"CD45RA抗体试剂","用于辅助人体样本中CD45RA的检测，临床上用于为医师提供诊断的辅助信息，不得用于指导临床用药或伴随诊断。","Ⅰ"
1258,23,"仅提供辅助诊断信息的流式细胞仪用单一抗体试剂及同型对照抗体",23028,"CD45RO抗体试剂","用于辅助人体样本中CD45RO的检测，临床上用于为医师提供诊断的辅助信息，不得用于指导临床用药或伴随诊断。","Ⅰ"
1259,23,"仅提供辅助诊断信息的流式细胞仪用单一抗体试剂及同型对照抗体",23029,"CD55抗体试剂","用于辅助人体样本中CD55的检测，临床上用于为医师提供诊断的辅助信息，不得用于指导临床用药或伴随诊断。","Ⅰ"
1260,23,"仅提供辅助诊断信息的流式细胞仪用单一抗体试剂及同型对照抗体",23030,"CD56抗体试剂","用于辅助人体样本中CD56的检测，临床上用于为医师提供诊断的辅助信息，不得用于指导临床用药或伴随诊断。","Ⅰ"
1261,23,"仅提供辅助诊断信息的流式细胞仪用单一抗体试剂及同型对照抗体",23031,"CD57抗体试剂","用于辅助人体样本中CD57的检测，临床上用于为医师提供诊断的辅助信息，不得用于指导临床用药或伴随诊断。","Ⅰ"
1262,23,"仅提供辅助诊断信息的流式细胞仪用单一抗体试剂及同型对照抗体",23032,"CD58抗体试剂","用于辅助人体样本中CD58的检测，临床上用于为医师提供诊断的辅助信息，不得用于指导临床用药或伴随诊断。","Ⅰ"
1263,23,"仅提供辅助诊断信息的流式细胞仪用单一抗体试剂及同型对照抗体",23033,"CD59抗体试剂","用于辅助人体样本中CD59的检测，临床上用于为医师提供诊断的辅助信息，不得用于指导临床用药或伴随诊断。","Ⅰ"
1264,23,"仅提供辅助诊断信息的流式细胞仪用单一抗体试剂及同型对照抗体",23034,"CD61抗体试剂","用于辅助人体样本中CD61的检测，临床上用于为医师提供诊断的辅助信息，不得用于指导临床用药或伴随诊断。","Ⅰ"
1265,23,"仅提供辅助诊断信息的流式细胞仪用单一抗体试剂及同型对照抗体",23035,"CD62P抗体试剂","用于辅助人体样本中CD62P的检测，临床上用于为医师提供诊断的辅助信息，不得用于指导临床用药或伴随诊断。","Ⅰ"
1266,23,"仅提供辅助诊断信息的流式细胞仪用单一抗体试剂及同型对照抗体",23036,"CD69抗体试剂","用于辅助人体样本中CD69的检测，临床上用于为医师提供诊断的辅助信息，不得用于指导临床用药或伴随诊断。","Ⅰ"
1267,23,"仅提供辅助诊断信息的流式细胞仪用单一抗体试剂及同型对照抗体",23037,"CD71抗体试剂","用于辅助人体样本中CD71的检测，临床上用于为医师提供诊断的辅助信息，不得用于指导临床用药或伴随诊断。","Ⅰ"
1268,23,"仅提供辅助诊断信息的流式细胞仪用单一抗体试剂及同型对照抗体",23038,"CD79a抗体试剂","用于辅助人体样本中CD79a的检测，临床上用于为医师提供诊断的辅助信息，不得用于指导临床用药或伴随诊断。","Ⅰ"
1269,23,"仅提供辅助诊断信息的流式细胞仪用单一抗体试剂及同型对照抗体",23039,"CD79b抗体试剂","用于辅助人体样本中CD79b的检测，临床上用于为医师提供诊断的辅助信息，不得用于指导临床用药或伴随诊断。","Ⅰ"
1270,23,"仅提供辅助诊断信息的流式细胞仪用单一抗体试剂及同型对照抗体",23040,"CD81抗体试剂","用于辅助人体样本中CD81的检测，临床上用于为医师提供诊断的辅助信息，不得用于指导临床用药或伴随诊断。","Ⅰ"
1271,23,"仅提供辅助诊断信息的流式细胞仪用单一抗体试剂及同型对照抗体",23041,"CD103抗体试剂","用于辅助人体样本中CD103的检测，临床上用于为医师提供诊断的辅助信息，不得用于指导临床用药或伴随诊断。","Ⅰ"
1272,23,"仅提供辅助诊断信息的流式细胞仪用单一抗体试剂及同型对照抗体",23042,"CD117抗体试剂","用于辅助人体样本中CD117的检测，临床上用于为医师提供诊断的辅助信息，不得用于指导临床用药或伴随诊断。","Ⅰ"
1273,23,"仅提供辅助诊断信息的流式细胞仪用单一抗体试剂及同型对照抗体",23043,"CD123抗体试剂","用于辅助人体样本中CD123的检测，临床上用于为医师提供诊断的辅助信息，不得用于指导临床用药或伴随诊断。","Ⅰ"
1274,23,"仅提供辅助诊断信息的流式细胞仪用单一抗体试剂及同型对照抗体",23044,"CD127抗体试剂","用于辅助人体样本中CD127的检测，临床上用于为医师提供诊断的辅助信息，不得用于指导临床用药或伴随诊断。","Ⅰ"
1275,23,"仅提供辅助诊断信息的流式细胞仪用单一抗体试剂及同型对照抗体",23045,"CD200抗体试剂","用于辅助人体样本中CD200的检测，临床上用于为医师提供诊断的辅助信息，不得用于指导临床用药或伴随诊断。","Ⅰ"
1276,23,"仅提供辅助诊断信息的流式细胞仪用单一抗体试剂及同型对照抗体",23046,"FMC7抗体试剂","用于辅助人体样本中FMC7的检测，临床上用于为医师提供诊断的辅助信息，不得用于指导临床用药或伴随诊断。","Ⅰ"
1277,23,"仅提供辅助诊断信息的流式细胞仪用单一抗体试剂及同型对照抗体",23047,"FOXP3抗体试剂","用于辅助人体样本中FOXP3的检测，临床上用于为医师提供诊断的辅助信息，不得用于指导临床用药或伴随诊断。","Ⅰ"
1278,23,"仅提供辅助诊断信息的流式细胞仪用单一抗体试剂及同型对照抗体",23048,"人类白细胞抗原DR抗体试剂","用于辅助人体样本中人类白细胞抗原DR（HLA-DR）的检测，临床上用于为医师提供诊断的辅助信息，不得用于指导临床用药或伴随诊断。","Ⅰ"
1279,23,"仅提供辅助诊断信息的流式细胞仪用单一抗体试剂及同型对照抗体",23049,"p16抗体试剂","用于辅助人体样本中p16的检测，临床上用于为医师提供诊断的辅助信息，不得用于指导临床用药或伴随诊断。","Ⅰ"
1280,23,"仅提供辅助诊断信息的流式细胞仪用单一抗体试剂及同型对照抗体",23050,"末端脱氧核苷酸转移酶（TdT）抗体试剂","用于辅助人体样本中末端脱氧核苷酸转移酶（TdT）的检测，临床上用于为医师提供诊断的辅助信息，不得用于指导临床用药或伴随诊断。","Ⅰ"
1281,23,"仅提供辅助诊断信息的流式细胞仪用单一抗体试剂及同型对照抗体",23051,"髓过氧化物酶（MPO）抗体试剂","用于辅助人体样本中MPO的检测，临床上用于为医师提供诊断的辅助信息，不得用于指导临床用药或伴随诊断。","Ⅰ"
1282,23,"仅提供辅助诊断信息的流式细胞仪用单一抗体试剂及同型对照抗体",23052,"胎儿红细胞抗体试剂","用于辅助检测外周血中胎儿红细胞的存在，临床上用于为医师提供诊断的辅助信息，不得用于指导临床用药或伴随诊断。","Ⅰ"
1283,23,"仅提供辅助诊断信息的流式细胞仪用单一抗体试剂及同型对照抗体",23053,"同型对照抗体（IgE）","对照抗体，用于方案设置。","Ⅰ"
1284,23,"仅提供辅助诊断信息的流式细胞仪用单一抗体试剂及同型对照抗体",23054,"同型对照抗体（IgG1）","对照抗体，用于方案设置。","Ⅰ"
1285,23,"仅提供辅助诊断信息的流式细胞仪用单一抗体试剂及同型对照抗体",23055,"同型对照抗体（IgG1/IgG1/CD45）","对照抗体，用于多色方案设置。","Ⅰ"
1286,23,"仅提供辅助诊断信息的流式细胞仪用单一抗体试剂及同型对照抗体",23056,"同型对照抗体（IgG1/IgG1/IgG1）","对照抗体，用于多色方案设置。","Ⅰ"
1287,23,"仅提供辅助诊断信息的流式细胞仪用单一抗体试剂及同型对照抗体",23057,"同型对照抗体（IgG1/IgG2a）","对照抗体，用于方案设置。","Ⅰ"
1288,23,"仅提供辅助诊断信息的流式细胞仪用单一抗体试剂及同型对照抗体",23058,"同型对照抗体（IgG2a）","对照抗体，用于方案设置。","Ⅰ"
1289,23,"仅提供辅助诊断信息的流式细胞仪用单一抗体试剂及同型对照抗体",23059,"同型对照抗体（IgG2b）","对照抗体，用于方案设置。","Ⅰ"
1290,23,"仅提供辅助诊断信息的流式细胞仪用单一抗体试剂及同型对照抗体",23060,"同型对照抗体（IgM）","对照抗体，用于方案设置。","Ⅰ"
1291,23,"仅提供辅助诊断信息的流式细胞仪用单一抗体试剂及同型对照抗体",23061,"同型对照抗体（小鼠IgG1）","对照抗体，用于方案设置。","Ⅰ"
1292,23,"仅提供辅助诊断信息的流式细胞仪用单一抗体试剂及同型对照抗体",23062,"同型对照抗体（小鼠IgG2A）","对照抗体，用于方案设置。","Ⅰ"
1293,24,"仅提供辅助诊断信息的免疫组化用单一抗体试剂",24001,"5-羟色胺（Serotonin）抗体试剂","在常规染色（如：HE染色）基础上进行免疫组织化学染色，为病理医师提供诊断的辅助信息，不得用于指导临床用药或伴随诊断。","Ⅰ"
1294,24,"仅提供辅助诊断信息的免疫组化用单一抗体试剂",24002,"α1-抗胰糜蛋白酶（AACT）抗体试剂","在常规染色（如：HE染色）基础上进行免疫组织化学染色，为病理医师提供诊断的辅助信息，不得用于指导临床用药或伴随诊断。","Ⅰ"
1295,24,"仅提供辅助诊断信息的免疫组化用单一抗体试剂",24003,"α1-抗胰蛋白酶（AAT）抗体试剂","在常规染色（如：HE染色）基础上进行免疫组织化学染色，为病理医师提供诊断的辅助信息，不得用于指导临床用药或伴随诊断。","Ⅰ"
1296,24,"仅提供辅助诊断信息的免疫组化用单一抗体试剂",24004,"促肾上腺皮质激素（ACTH）抗体试剂","在常规染色（如：HE染色）基础上进行免疫组织化学染色，为病理医师提供诊断的辅助信息，不得用于指导临床用药或伴随诊断。","Ⅰ"
1297,24,"仅提供辅助诊断信息的免疫组化用单一抗体试剂",24005,"AE1/AE3混合分子量角蛋白抗体试剂","在常规染色（如：HE染色）基础上进行免疫组织化学染色，为病理医师提供诊断的辅助信息，不得用于指导临床用药或伴随诊断。","Ⅰ"
1298,24,"仅提供辅助诊断信息的免疫组化用单一抗体试剂",24006,"AMACR/p504s抗体试剂","在常规染色（如：HE染色）基础上进行免疫组织化学染色，为病理医师提供诊断的辅助信息，不得用于指导临床用药或伴随诊断。","Ⅰ"
1299,24,"仅提供辅助诊断信息的免疫组化用单一抗体试剂",24007,"ATRX抗体试剂","在常规染色（如：HE染色）基础上进行免疫组织化学染色，为病理医师提供诊断的辅助信息，不得用于指导临床用药或伴随诊断。","Ⅰ"
1300,24,"仅提供辅助诊断信息的免疫组化用单一抗体试剂",24008,"B72.3抗体试剂","在常规染色（如：HE染色）基础上进行免疫组织化学染色，为病理医师提供诊断的辅助信息，不得用于指导临床用药或伴随诊断。","Ⅰ"
1301,24,"仅提供辅助诊断信息的免疫组化用单一抗体试剂",24009,"Bax抗体试剂","在常规染色（如：HE染色）基础上进行免疫组织化学染色，为病理医师提供诊断的辅助信息，不得用于指导临床用药或伴随诊断。","Ⅰ"
1302,24,"仅提供辅助诊断信息的免疫组化用单一抗体试剂",24010,"BCA-225抗体试剂","在常规染色（如：HE染色）基础上进行免疫组织化学染色，为病理医师提供诊断的辅助信息，不得用于指导临床用药或伴随诊断。","Ⅰ"
1303,24,"仅提供辅助诊断信息的免疫组化用单一抗体试剂",24011,"BCL-2抗体试剂","在常规染色（如：HE染色）基础上进行免疫组织化学染色，为病理医师提供诊断的辅助信息，不得用于指导临床用药或伴随诊断。","Ⅰ"
1304,24,"仅提供辅助诊断信息的免疫组化用单一抗体试剂",24012,"BCL-6抗体试剂","在常规染色（如：HE染色）基础上进行免疫组织化学染色，为病理医师提供诊断的辅助信息，不得用于指导临床用药或伴随诊断。","Ⅰ"
1305,24,"仅提供辅助诊断信息的免疫组化用单一抗体试剂",24013,"b-FGF抗体试剂","在常规染色（如：HE染色）基础上进行免疫组织化学染色，为病理医师提供诊断的辅助信息，不得用于指导临床用药或伴随诊断。","Ⅰ"
1306,24,"仅提供辅助诊断信息的免疫组化用单一抗体试剂",24014,"BG8, LewisY抗体试剂","在常规染色（如：HE染色）基础上进行免疫组织化学染色，为病理医师提供诊断的辅助信息，不得用于指导临床用药或伴随诊断。","Ⅰ"
1307,24,"仅提供辅助诊断信息的免疫组化用单一抗体试剂",24015,"Brachyury抗体试剂","在常规染色（如：HE染色）基础上进行免疫组织化学染色，为病理医师提供诊断的辅助信息，不得用于指导临床用药或伴随诊断。","Ⅰ"
1308,24,"仅提供辅助诊断信息的免疫组化用单一抗体试剂",24016,"BRAF V600E抗体试剂","在常规染色（如：HE染色）基础上进行免疫组织化学染色，为病理医师提供诊断的辅助信息，不得用于指导临床用药或伴随诊断。","Ⅰ"
1309,24,"仅提供辅助诊断信息的免疫组化用单一抗体试剂",24017,"BRCA1抗体试剂","在常规染色（如：HE染色）基础上进行免疫组织化学染色，为病理医师提供诊断的辅助信息，不得用于指导临床用药或伴随诊断。","Ⅰ"
1310,24,"仅提供辅助诊断信息的免疫组化用单一抗体试剂",24018,"Brdu抗体试剂","在常规染色（如：HE染色）基础上进行免疫组织化学染色，为病理医师提供诊断的辅助信息，不得用于指导临床用药或伴随诊断。","Ⅰ"
1311,24,"仅提供辅助诊断信息的免疫组化用单一抗体试剂",24019,"BRST2抗体试剂","在常规染色（如：HE染色）基础上进行免疫组织化学染色，为病理医师提供诊断的辅助信息，不得用于指导临床用药或伴随诊断。","Ⅰ"
1312,24,"仅提供辅助诊断信息的免疫组化用单一抗体试剂",24020,"B细胞OCT结合蛋白1（Bob.1）抗体试剂","在常规染色（如：HE染色）基础上进行免疫组织化学染色，为病理医师提供诊断的辅助信息，不得用于指导临床用药或伴随诊断。","Ⅰ"
1313,24,"仅提供辅助诊断信息的免疫组化用单一抗体试剂",24021,"补体C1q抗体试剂","在常规染色（如：HE染色）基础上进行免疫组织化学染色，为病理医师提供诊断的辅助信息，不得用于指导临床用药或伴随诊断。","Ⅰ"
1314,24,"仅提供辅助诊断信息的免疫组化用单一抗体试剂",24022,"补体C3c抗体试剂","在常规染色（如：HE染色）基础上进行免疫组织化学染色，为病理医师提供诊断的辅助信息，不得用于指导临床用药或伴随诊断。","Ⅰ"
1315,24,"仅提供辅助诊断信息的免疫组化用单一抗体试剂",24023,"补体C4c抗体试剂","在常规染色（如：HE染色）基础上进行免疫组织化学染色，为病理医师提供诊断的辅助信息，不得用于指导临床用药或伴随诊断。","Ⅰ"
1316,24,"仅提供辅助诊断信息的免疫组化用单一抗体试剂",24024,"补体C4d抗体试剂","在常规染色（如：HE染色）基础上进行免疫组织化学染色，为病理医师提供诊断的辅助信息，不得用于指导临床用药或伴随诊断。","Ⅰ"
1317,24,"仅提供辅助诊断信息的免疫组化用单一抗体试剂",24025,"末端补体复合物C5b-9 （TCC C5b-9） 抗体试剂","在常规染色（如：HE染色）基础上进行免疫组织化学染色，为病理医师提供诊断的辅助信息，不得用于指导临床用药或伴随诊断。","Ⅰ"
1318,24,"仅提供辅助诊断信息的免疫组化用单一抗体试剂",24026,"癌抗原125（CA125）抗体试剂","在常规染色（如：HE染色）基础上进行免疫组织化学染色，为病理医师提供诊断的辅助信息，不得用于指导临床用药或伴随诊断。","Ⅰ"
1319,24,"仅提供辅助诊断信息的免疫组化用单一抗体试剂",24027,"癌抗原15-3（CA15-3）抗体试剂","在常规染色（如：HE染色）基础上进行免疫组织化学染色，为病理医师提供诊断的辅助信息，不得用于指导临床用药或伴随诊断。","Ⅰ"
1320,24,"仅提供辅助诊断信息的免疫组化用单一抗体试剂",24028,"糖类抗原19-9（CA19-9）抗体试剂","在常规染色（如：HE染色）基础上进行免疫组织化学染色，为病理医师提供诊断的辅助信息，不得用于指导临床用药或伴随诊断。","Ⅰ"
1321,24,"仅提供辅助诊断信息的免疫组化用单一抗体试剂",24029,"CD1a抗体试剂","在常规染色（如：HE染色）基础上进行免疫组织化学染色，为病理医师提供诊断的辅助信息，不得用于指导临床用药或伴随诊断。","Ⅰ"
1322,24,"仅提供辅助诊断信息的免疫组化用单一抗体试剂",24030,"CD2抗体试剂","在常规染色（如：HE染色）基础上进行免疫组织化学染色，为病理医师提供诊断的辅助信息，不得用于指导临床用药或伴随诊断。","Ⅰ"
1323,24,"仅提供辅助诊断信息的免疫组化用单一抗体试剂",24031,"CD3抗体试剂","在常规染色（如：HE染色）基础上进行免疫组织化学染色，为病理医师提供诊断的辅助信息，不得用于指导临床用药或伴随诊断。","Ⅰ"
1324,24,"仅提供辅助诊断信息的免疫组化用单一抗体试剂",24032,"CD4抗体试剂","在常规染色（如：HE染色）基础上进行免疫组织化学染色，为病理医师提供诊断的辅助信息，不得用于指导临床用药或伴随诊断。","Ⅰ"
1325,24,"仅提供辅助诊断信息的免疫组化用单一抗体试剂",24033,"CD5抗体试剂","在常规染色（如：HE染色）基础上进行免疫组织化学染色，为病理医师提供诊断的辅助信息，不得用于指导临床用药或伴随诊断。","Ⅰ"
1326,24,"仅提供辅助诊断信息的免疫组化用单一抗体试剂",24034,"CD6抗体试剂","在常规染色（如：HE染色）基础上进行免疫组织化学染色，为病理医师提供诊断的辅助信息，不得用于指导临床用药或伴随诊断。","Ⅰ"
1327,24,"仅提供辅助诊断信息的免疫组化用单一抗体试剂",24035,"CD7抗体试剂","在常规染色（如：HE染色）基础上进行免疫组织化学染色，为病理医师提供诊断的辅助信息，不得用于指导临床用药或伴随诊断。","Ⅰ"
1328,24,"仅提供辅助诊断信息的免疫组化用单一抗体试剂",24036,"CD8抗体试剂","在常规染色（如：HE染色）基础上进行免疫组织化学染色，为病理医师提供诊断的辅助信息，不得用于指导临床用药或伴随诊断。","Ⅰ"
1329,24,"仅提供辅助诊断信息的免疫组化用单一抗体试剂",24037,"CD10抗体试剂","在常规染色（如：HE染色）基础上进行免疫组织化学染色，为病理医师提供诊断的辅助信息，不得用于指导临床用药或伴随诊断。","Ⅰ"
1330,24,"仅提供辅助诊断信息的免疫组化用单一抗体试剂",24038,"CD11c抗体试剂","在常规染色（如：HE染色）基础上进行免疫组织化学染色，为病理医师提供诊断的辅助信息，不得用于指导临床用药或伴随诊断。","Ⅰ"
1331,24,"仅提供辅助诊断信息的免疫组化用单一抗体试剂",24039,"CD13抗体试剂","在常规染色（如：HE染色）基础上进行免疫组织化学染色，为病理医师提供诊断的辅助信息，不得用于指导临床用药或伴随诊断。","Ⅰ"
1332,24,"仅提供辅助诊断信息的免疫组化用单一抗体试剂",24040,"CD14抗体试剂","在常规染色（如：HE染色）基础上进行免疫组织化学染色，为病理医师提供诊断的辅助信息，不得用于指导临床用药或伴随诊断。","Ⅰ"
1333,24,"仅提供辅助诊断信息的免疫组化用单一抗体试剂",24041,"CD15抗体试剂","在常规染色（如：HE染色）基础上进行免疫组织化学染色，为病理医师提供诊断的辅助信息，不得用于指导临床用药或伴随诊断。","Ⅰ"
1334,24,"仅提供辅助诊断信息的免疫组化用单一抗体试剂",24042,"CD16抗体试剂","在常规染色（如：HE染色）基础上进行免疫组织化学染色，为病理医师提供诊断的辅助信息，不得用于指导临床用药或伴随诊断。","Ⅰ"
1335,24,"仅提供辅助诊断信息的免疫组化用单一抗体试剂",24043,"CD19抗体试剂","在常规染色（如：HE染色）基础上进行免疫组织化学染色，为病理医师提供诊断的辅助信息，不得用于指导临床用药或伴随诊断。","Ⅰ"
1336,24,"仅提供辅助诊断信息的免疫组化用单一抗体试剂",24044,"CD21抗体试剂","在常规染色（如：HE染色）基础上进行免疫组织化学染色，为病理医师提供诊断的辅助信息，不得用于指导临床用药或伴随诊断。","Ⅰ"
1337,24,"仅提供辅助诊断信息的免疫组化用单一抗体试剂",24045,"CD22抗体试剂","在常规染色（如：HE染色）基础上进行免疫组织化学染色，为病理医师提供诊断的辅助信息，不得用于指导临床用药或伴随诊断。","Ⅰ"
1338,24,"仅提供辅助诊断信息的免疫组化用单一抗体试剂",24046,"CD23抗体试剂","在常规染色（如：HE染色）基础上进行免疫组织化学染色，为病理医师提供诊断的辅助信息，不得用于指导临床用药或伴随诊断。","Ⅰ"
1339,24,"仅提供辅助诊断信息的免疫组化用单一抗体试剂",24047,"CD24抗体试剂","在常规染色（如：HE染色）基础上进行免疫组织化学染色，为病理医师提供诊断的辅助信息，不得用于指导临床用药或伴随诊断。","Ⅰ"
1340,24,"仅提供辅助诊断信息的免疫组化用单一抗体试剂",24048,"CD25抗体试剂","在常规染色（如：HE染色）基础上进行免疫组织化学染色，为病理医师提供诊断的辅助信息，不得用于指导临床用药或伴随诊断。","Ⅰ"
1341,24,"仅提供辅助诊断信息的免疫组化用单一抗体试剂",24049,"CD27抗体试剂","在常规染色（如：HE染色）基础上进行免疫组织化学染色，为病理医师提供诊断的辅助信息，不得用于指导临床用药或伴随诊断。","Ⅰ"
1342,24,"仅提供辅助诊断信息的免疫组化用单一抗体试剂",24050,"CD30抗体试剂","在常规染色（如：HE染色）基础上进行免疫组织化学染色，为病理医师提供诊断的辅助信息，不得用于指导临床用药或伴随诊断。","Ⅰ"
1343,24,"仅提供辅助诊断信息的免疫组化用单一抗体试剂",24051,"CD31抗体试剂","在常规染色（如：HE染色）基础上进行免疫组织化学染色，为病理医师提供诊断的辅助信息，不得用于指导临床用药或伴随诊断。","Ⅰ"
1344,24,"仅提供辅助诊断信息的免疫组化用单一抗体试剂",24052,"CD33抗体试剂","在常规染色（如：HE染色）基础上进行免疫组织化学染色，为病理医师提供诊断的辅助信息，不得用于指导临床用药或伴随诊断。","Ⅰ"
1345,24,"仅提供辅助诊断信息的免疫组化用单一抗体试剂",24053,"CD34抗体试剂","在常规染色（如：HE染色）基础上进行免疫组织化学染色，为病理医师提供诊断的辅助信息，不得用于指导临床用药或伴随诊断。","Ⅰ"
1346,24,"仅提供辅助诊断信息的免疫组化用单一抗体试剂",24054,"CD35抗体试剂","在常规染色（如：HE染色）基础上进行免疫组织化学染色，为病理医师提供诊断的辅助信息，不得用于指导临床用药或伴随诊断。","Ⅰ"
1347,24,"仅提供辅助诊断信息的免疫组化用单一抗体试剂",24055,"CD38抗体试剂","在常规染色（如：HE染色）基础上进行免疫组织化学染色，为病理医师提供诊断的辅助信息，不得用于指导临床用药或伴随诊断。","Ⅰ"
1348,24,"仅提供辅助诊断信息的免疫组化用单一抗体试剂",24056,"CD42b抗体试剂","在常规染色（如：HE染色）基础上进行免疫组织化学染色，为病理医师提供诊断的辅助信息，不得用于指导临床用药或伴随诊断。","Ⅰ"
1349,24,"仅提供辅助诊断信息的免疫组化用单一抗体试剂",24057,"CD43抗体试剂","在常规染色（如：HE染色）基础上进行免疫组织化学染色，为病理医师提供诊断的辅助信息，不得用于指导临床用药或伴随诊断。","Ⅰ"
1350,24,"仅提供辅助诊断信息的免疫组化用单一抗体试剂",24058,"CD44抗体试剂","在常规染色（如：HE染色）基础上进行免疫组织化学染色，为病理医师提供诊断的辅助信息，不得用于指导临床用药或伴随诊断。","Ⅰ"
1351,24,"仅提供辅助诊断信息的免疫组化用单一抗体试剂",24059,"CD45抗体试剂","在常规染色（如：HE染色）基础上进行免疫组织化学染色，为病理医师提供诊断的辅助信息，不得用于指导临床用药或伴随诊断。","Ⅰ"
1352,24,"仅提供辅助诊断信息的免疫组化用单一抗体试剂",24060,"CD45R抗体试剂","在常规染色（如：HE染色）基础上进行免疫组织化学染色，为病理医师提供诊断的辅助信息，不得用于指导临床用药或伴随诊断。","Ⅰ"
1353,24,"仅提供辅助诊断信息的免疫组化用单一抗体试剂",24061,"CD45RA抗体试剂","在常规染色（如：HE染色）基础上进行免疫组织化学染色，为病理医师提供诊断的辅助信息，不得用于指导临床用药或伴随诊断。","Ⅰ"
1354,24,"仅提供辅助诊断信息的免疫组化用单一抗体试剂",24062,"CD45RO抗体试剂","在常规染色（如：HE染色）基础上进行免疫组织化学染色，为病理医师提供诊断的辅助信息，不得用于指导临床用药或伴随诊断。","Ⅰ"
1355,24,"仅提供辅助诊断信息的免疫组化用单一抗体试剂",24063,"CD47抗体试剂","在常规染色（如：HE染色）基础上进行免疫组织化学染色，为病理医师提供诊断的辅助信息，不得用于指导临床用药或伴随诊断。","Ⅰ"
1356,24,"仅提供辅助诊断信息的免疫组化用单一抗体试剂",24064,"CD56抗体试剂","在常规染色（如：HE染色）基础上进行免疫组织化学染色，为病理医师提供诊断的辅助信息，不得用于指导临床用药或伴随诊断。","Ⅰ"
1357,24,"仅提供辅助诊断信息的免疫组化用单一抗体试剂",24065,"CD57抗体试剂","在常规染色（如：HE染色）基础上进行免疫组织化学染色，为病理医师提供诊断的辅助信息，不得用于指导临床用药或伴随诊断。","Ⅰ"
1358,24,"仅提供辅助诊断信息的免疫组化用单一抗体试剂",24066,"CD61抗体试剂","在常规染色（如：HE染色）基础上进行免疫组织化学染色，为病理医师提供诊断的辅助信息，不得用于指导临床用药或伴随诊断。","Ⅰ"
1359,24,"仅提供辅助诊断信息的免疫组化用单一抗体试剂",24067,"CD63抗体试剂","在常规染色（如：HE染色）基础上进行免疫组织化学染色，为病理医师提供诊断的辅助信息，不得用于指导临床用药或伴随诊断。","Ⅰ"
1360,24,"仅提供辅助诊断信息的免疫组化用单一抗体试剂",24068,"CD68抗体试剂","在常规染色（如：HE染色）基础上进行免疫组织化学染色，为病理医师提供诊断的辅助信息，不得用于指导临床用药或伴随诊断。","Ⅰ"
1361,24,"仅提供辅助诊断信息的免疫组化用单一抗体试剂",24069,"CD71抗体试剂","在常规染色（如：HE染色）基础上进行免疫组织化学染色，为病理医师提供诊断的辅助信息，不得用于指导临床用药或伴随诊断。","Ⅰ"
1362,24,"仅提供辅助诊断信息的免疫组化用单一抗体试剂",24070,"CD74抗体试剂","在常规染色（如：HE染色）基础上进行免疫组织化学染色，为病理医师提供诊断的辅助信息，不得用于指导临床用药或伴随诊断。","Ⅰ"
1363,24,"仅提供辅助诊断信息的免疫组化用单一抗体试剂",24071,"CD79a抗体试剂","在常规染色（如：HE染色）基础上进行免疫组织化学染色，为病理医师提供诊断的辅助信息，不得用于指导临床用药或伴随诊断。","Ⅰ"
1364,24,"仅提供辅助诊断信息的免疫组化用单一抗体试剂",24072,"CD99抗体试剂","在常规染色（如：HE染色）基础上进行免疫组织化学染色，为病理医师提供诊断的辅助信息，不得用于指导临床用药或伴随诊断。","Ⅰ"
1365,24,"仅提供辅助诊断信息的免疫组化用单一抗体试剂",24073,"CD103抗体试剂","在常规染色（如：HE染色）基础上进行免疫组织化学染色，为病理医师提供诊断的辅助信息，不得用于指导临床用药或伴随诊断。","Ⅰ"
1366,24,"仅提供辅助诊断信息的免疫组化用单一抗体试剂",24074,"CD105抗体试剂","在常规染色（如：HE染色）基础上进行免疫组织化学染色，为病理医师提供诊断的辅助信息，不得用于指导临床用药或伴随诊断。","Ⅰ"
1367,24,"仅提供辅助诊断信息的免疫组化用单一抗体试剂",24075,"CD123抗体试剂","在常规染色（如：HE染色）基础上进行免疫组织化学染色，为病理医师提供诊断的辅助信息，不得用于指导临床用药或伴随诊断。","Ⅰ"
1368,24,"仅提供辅助诊断信息的免疫组化用单一抗体试剂",24076,"CD138抗体试剂","在常规染色（如：HE染色）基础上进行免疫组织化学染色，为病理医师提供诊断的辅助信息，不得用于指导临床用药或伴随诊断。","Ⅰ"
1369,24,"仅提供辅助诊断信息的免疫组化用单一抗体试剂",24077,"CD146抗体试剂","在常规染色（如：HE染色）基础上进行免疫组织化学染色，为病理医师提供诊断的辅助信息，不得用于指导临床用药或伴随诊断。","Ⅰ"
1370,24,"仅提供辅助诊断信息的免疫组化用单一抗体试剂",24078,"CD163抗体试剂","在常规染色（如：HE染色）基础上进行免疫组织化学染色，为病理医师提供诊断的辅助信息，不得用于指导临床用药或伴随诊断。","Ⅰ"
1371,24,"仅提供辅助诊断信息的免疫组化用单一抗体试剂",24079,"CDX-2抗体试剂","在常规染色（如：HE染色）基础上进行免疫组织化学染色，为病理医师提供诊断的辅助信息，不得用于指导临床用药或伴随诊断。","Ⅰ"
1372,24,"仅提供辅助诊断信息的免疫组化用单一抗体试剂",24080,"CFTR抗体试剂","在常规染色（如：HE染色）基础上进行免疫组织化学染色，为病理医师提供诊断的辅助信息，不得用于指导临床用药或伴随诊断。","Ⅰ"
1373,24,"仅提供辅助诊断信息的免疫组化用单一抗体试剂",24081,"c-Maf抗体试剂","在常规染色（如：HE染色）基础上进行免疫组织化学染色，为病理医师提供诊断的辅助信息，不得用于指导临床用药或伴随诊断。","Ⅰ"
1374,24,"仅提供辅助诊断信息的免疫组化用单一抗体试剂",24082,"C-MET抗体试剂","在常规染色（如：HE染色）基础上进行免疫组织化学染色，为病理医师提供诊断的辅助信息，不得用于指导临床用药或伴随诊断。","Ⅰ"
1375,24,"仅提供辅助诊断信息的免疫组化用单一抗体试剂",24083,"c-MYC抗体试剂","在常规染色（如：HE染色）基础上进行免疫组织化学染色，为病理医师提供诊断的辅助信息，不得用于指导临床用药或伴随诊断。","Ⅰ"
1376,24,"仅提供辅助诊断信息的免疫组化用单一抗体试剂",24084,"环氧化酶2（COX-2）抗体试剂","在常规染色（如：HE染色）基础上进行免疫组织化学染色，为病理医师提供诊断的辅助信息，不得用于指导临床用药或伴随诊断。","Ⅰ"
1377,24,"仅提供辅助诊断信息的免疫组化用单一抗体试剂",24085,"CXCL-13抗体试剂","在常规染色（如：HE染色）基础上进行免疫组织化学染色，为病理医师提供诊断的辅助信息，不得用于指导临床用药或伴随诊断。","Ⅰ"
1378,24,"仅提供辅助诊断信息的免疫组化用单一抗体试剂",24086,"癌胚抗原M2A（D2-40）抗体试剂","在常规染色（如：HE染色）基础上进行免疫组织化学染色，为病理医师提供诊断的辅助信息，不得用于指导临床用药或伴随诊断。","Ⅰ"
1379,24,"仅提供辅助诊断信息的免疫组化用单一抗体试剂",24087,"癌胚抗原（CEA）抗体试剂","在常规染色（如：HE染色）基础上进行免疫组织化学染色，为病理医师提供诊断的辅助信息，不得用于指导临床用药或伴随诊断。","Ⅰ"
1380,24,"仅提供辅助诊断信息的免疫组化用单一抗体试剂",24088,"DNA修复酶（MGMT）抗体试剂","在常规染色（如：HE染色）基础上进行免疫组织化学染色，为病理医师提供诊断的辅助信息，不得用于指导临床用药或伴随诊断。","Ⅰ"
1381,24,"仅提供辅助诊断信息的免疫组化用单一抗体试剂",24089,"DNP抗体试剂","在常规染色（如：HE染色）基础上进行免疫组织化学染色，为病理医师提供诊断的辅助信息，不得用于指导临床用药或伴随诊断。","Ⅰ"
1382,24,"仅提供辅助诊断信息的免疫组化用单一抗体试剂",24090,"DOG1抗体试剂","在常规染色（如：HE染色）基础上进行免疫组织化学染色，为病理医师提供诊断的辅助信息，不得用于指导临床用药或伴随诊断。","Ⅰ"
1383,24,"仅提供辅助诊断信息的免疫组化用单一抗体试剂",24091,"DPC4抗体试剂","在常规染色（如：HE染色）基础上进行免疫组织化学染色，为病理医师提供诊断的辅助信息，不得用于指导临床用药或伴随诊断。","Ⅰ"
1384,24,"仅提供辅助诊断信息的免疫组化用单一抗体试剂",24092,"上皮细胞膜抗原（EMA）抗体试剂","在常规染色（如：HE染色）基础上进行免疫组织化学染色，为病理医师提供诊断的辅助信息，不得用于指导临床用药或伴随诊断。","Ⅰ"
1385,24,"仅提供辅助诊断信息的免疫组化用单一抗体试剂",24093,"上皮细胞粘附分子（Ep-CAM）抗体试剂","在常规染色（如：HE染色）基础上进行免疫组织化学染色，为病理医师提供诊断的辅助信息，不得用于指导临床用药或伴随诊断。","Ⅰ"
1386,24,"仅提供辅助诊断信息的免疫组化用单一抗体试剂",24094,"雌激素受体β（ER-Beta）抗体试剂","在常规染色（如：HE染色）基础上进行免疫组织化学染色，为病理医师提供诊断的辅助信息，不得用于指导临床用药或伴随诊断。","Ⅰ"
1387,24,"仅提供辅助诊断信息的免疫组化用单一抗体试剂",24095,"ERCC1抗体试剂","在常规染色（如：HE染色）基础上进行免疫组织化学染色，为病理医师提供诊断的辅助信息，不得用于指导临床用药或伴随诊断。","Ⅰ"
1388,24,"仅提供辅助诊断信息的免疫组化用单一抗体试剂",24096,"ERG抗体试剂","在常规染色（如：HE染色）基础上进行免疫组织化学染色，为病理医师提供诊断的辅助信息，不得用于指导临床用药或伴随诊断。","Ⅰ"
1389,24,"仅提供辅助诊断信息的免疫组化用单一抗体试剂",24097,"ESA抗体试剂","在常规染色（如：HE染色）基础上进行免疫组织化学染色，为病理医师提供诊断的辅助信息，不得用于指导临床用药或伴随诊断。","Ⅰ"
1390,24,"仅提供辅助诊断信息的免疫组化用单一抗体试剂",24098,"EZH2抗体试剂","在常规染色（如：HE染色）基础上进行免疫组织化学染色，为病理医师提供诊断的辅助信息，不得用于指导临床用药或伴随诊断。","Ⅰ"
1391,24,"仅提供辅助诊断信息的免疫组化用单一抗体试剂",24099,"FHIT抗体试剂","在常规染色（如：HE染色）基础上进行免疫组织化学染色，为病理医师提供诊断的辅助信息，不得用于指导临床用药或伴随诊断。","Ⅰ"
1392,24,"仅提供辅助诊断信息的免疫组化用单一抗体试剂",24100,"延胡索酸水合酶（FH）抗体试剂","在常规染色（如：HE染色）基础上进行免疫组织化学染色，为病理医师提供诊断的辅助信息，不得用于指导临床用药或伴随诊断。","Ⅰ"
1393,24,"仅提供辅助诊断信息的免疫组化用单一抗体试剂",24101,"Flt-1/VEGFR1抗体试剂","在常规染色（如：HE染色）基础上进行免疫组织化学染色，为病理医师提供诊断的辅助信息，不得用于指导临床用药或伴随诊断。","Ⅰ"
1394,24,"仅提供辅助诊断信息的免疫组化用单一抗体试剂",24102,"FOXA1抗体试剂","在常规染色（如：HE染色）基础上进行免疫组织化学染色，为病理医师提供诊断的辅助信息，不得用于指导临床用药或伴随诊断。","Ⅰ"
1395,24,"仅提供辅助诊断信息的免疫组化用单一抗体试剂",24103,"FOXP1抗体试剂","在常规染色（如：HE染色）基础上进行免疫组织化学染色，为病理医师提供诊断的辅助信息，不得用于指导临床用药或伴随诊断。","Ⅰ"
1396,24,"仅提供辅助诊断信息的免疫组化用单一抗体试剂",24104,"FOXP3抗体试剂","在常规染色（如：HE染色）基础上进行免疫组织化学染色，为病理医师提供诊断的辅助信息，不得用于指导临床用药或伴随诊断。","Ⅰ"
1397,24,"仅提供辅助诊断信息的免疫组化用单一抗体试剂",24105,"GAP43抗体试剂","在常规染色（如：HE染色）基础上进行免疫组织化学染色，为病理医师提供诊断的辅助信息，不得用于指导临床用药或伴随诊断。","Ⅰ"
1398,24,"仅提供辅助诊断信息的免疫组化用单一抗体试剂",24106,"GATA结合蛋白3（GATA3）抗体试剂","在常规染色（如：HE染色）基础上进行免疫组织化学染色，为病理医师提供诊断的辅助信息，不得用于指导临床用药或伴随诊断。","Ⅰ"
1399,24,"仅提供辅助诊断信息的免疫组化用单一抗体试剂",24107,"大囊肿病液体蛋白15（GCDFP-15）抗体试剂","在常规染色（如：HE染色）基础上进行免疫组织化学染色，为病理医师提供诊断的辅助信息，不得用于指导临床用药或伴随诊断。","Ⅰ"
1400,24,"仅提供辅助诊断信息的免疫组化用单一抗体试剂",24108,"葡萄糖转运蛋白1（GLUT-1）抗体试剂","在常规染色（如：HE染色）基础上进行免疫组织化学染色，为病理医师提供诊断的辅助信息，不得用于指导临床用药或伴随诊断。","Ⅰ"
1401,24,"仅提供辅助诊断信息的免疫组化用单一抗体试剂",24109,"磷脂酰肌醇蛋白聚糖3（Glypican-3）蛋白抗体试剂","在常规染色（如：HE染色）基础上进行免疫组织化学染色，为病理医师提供诊断的辅助信息，不得用于指导临床用药或伴随诊断。","Ⅰ"
1402,24,"仅提供辅助诊断信息的免疫组化用单一抗体试剂",24110,"GP2抗体试剂","在常规染色（如：HE染色）基础上进行免疫组织化学染色，为病理医师提供诊断的辅助信息，不得用于指导临床用药或伴随诊断。","Ⅰ"
1403,24,"仅提供辅助诊断信息的免疫组化用单一抗体试剂",24111,"GST-π抗体试剂","在常规染色（如：HE染色）基础上进行免疫组织化学染色，为病理医师提供诊断的辅助信息，不得用于指导临床用药或伴随诊断。","Ⅰ"
1404,24,"仅提供辅助诊断信息的免疫组化用单一抗体试剂",24112,"H3.3G34W抗体试剂","在常规染色（如：HE染色）基础上进行免疫组织化学染色，为病理医师提供诊断的辅助信息，不得用于指导临床用药或伴随诊断。","Ⅰ"
1405,24,"仅提供辅助诊断信息的免疫组化用单一抗体试剂",24113,"H3K27Me3抗体试剂","在常规染色（如：HE染色）基础上进行免疫组织化学染色，为病理医师提供诊断的辅助信息，不得用于指导临床用药或伴随诊断。","Ⅰ"
1406,24,"仅提供辅助诊断信息的免疫组化用单一抗体试剂",24114,"H3K27M抗体试剂","在常规染色（如：HE染色）基础上进行免疫组织化学染色，为病理医师提供诊断的辅助信息，不得用于指导临床用药或伴随诊断。","Ⅰ"
1407,24,"仅提供辅助诊断信息的免疫组化用单一抗体试剂",24115,"H3K36M抗体试剂","在常规染色（如：HE染色）基础上进行免疫组织化学染色，为病理医师提供诊断的辅助信息，不得用于指导临床用药或伴随诊断。","Ⅰ"
1408,24,"仅提供辅助诊断信息的免疫组化用单一抗体试剂",24116,"HGAL抗体试剂","在常规染色（如：HE染色）基础上进行免疫组织化学染色，为病理医师提供诊断的辅助信息，不得用于指导临床用药或伴随诊断。","Ⅰ"
1409,24,"仅提供辅助诊断信息的免疫组化用单一抗体试剂",24117,"HIF-1α抗体试剂","在常规染色（如：HE染色）基础上进行免疫组织化学染色，为病理医师提供诊断的辅助信息，不得用于指导临床用药或伴随诊断。","Ⅰ"
1410,24,"仅提供辅助诊断信息的免疫组化用单一抗体试剂",24118,"胃黏液细胞黏蛋白（HIK1083）抗体试剂","在常规染色（如：HE染色）基础上进行免疫组织化学染色，为病理医师提供诊断的辅助信息，不得用于指导临床用药或伴随诊断。","Ⅰ"
1411,24,"仅提供辅助诊断信息的免疫组化用单一抗体试剂",24119,"人类白细胞抗原ABC（HLA-ABC）抗体试剂","在常规染色（如：HE染色）基础上进行免疫组织化学染色，为病理医师提供诊断的辅助信息，不得用于指导临床用药或伴随诊断。","Ⅰ"
1412,24,"仅提供辅助诊断信息的免疫组化用单一抗体试剂",24120,"人类白细胞抗原DRB（HLA-DRB）抗体试剂","在常规染色（如：HE染色）基础上进行免疫组织化学染色，为病理医师提供诊断的辅助信息，不得用于指导临床用药或伴随诊断。","Ⅰ"
1413,24,"仅提供辅助诊断信息的免疫组化用单一抗体试剂",24121,"人类白细胞抗原DR（HLA-DR）抗体试剂","在常规染色（如：HE染色）基础上进行免疫组织化学染色，为病理医师提供诊断的辅助信息，不得用于指导临床用药或伴随诊断。","Ⅰ"
1414,24,"仅提供辅助诊断信息的免疫组化用单一抗体试剂",24122,"HMB-45抗体试剂","在常规染色（如：HE染色）基础上进行免疫组织化学染色，为病理医师提供诊断的辅助信息，不得用于指导临床用药或伴随诊断。","Ⅰ"
1415,24,"仅提供辅助诊断信息的免疫组化用单一抗体试剂",24123,"肝细胞核因子1β（HNF1-β抗体）试剂","在常规染色（如：HE染色）基础上进行免疫组织化学染色，为病理医师提供诊断的辅助信息，不得用于指导临床用药或伴随诊断。","Ⅰ"
1416,24,"仅提供辅助诊断信息的免疫组化用单一抗体试剂",24124,"HSA抗体试剂","在常规染色（如：HE染色）基础上进行免疫组织化学染色，为病理医师提供诊断的辅助信息，不得用于指导临床用药或伴随诊断。","Ⅰ"
1417,24,"仅提供辅助诊断信息的免疫组化用单一抗体试剂",24125,"异柠檬酸脱氢酶1（IDH-1）抗体试剂","在常规染色（如：HE染色）基础上进行免疫组织化学染色，为病理医师提供诊断的辅助信息，不得用于指导临床用药或伴随诊断。","Ⅰ"
1418,24,"仅提供辅助诊断信息的免疫组化用单一抗体试剂",24126,"免疫球蛋白A（IgA）抗体试剂","在常规染色（如：HE染色）基础上进行免疫组织化学染色，为病理医师提供诊断的辅助信息，不得用于指导临床用药或伴随诊断。","Ⅰ"
1419,24,"仅提供辅助诊断信息的免疫组化用单一抗体试剂",24127,"免疫球蛋白D（IgD）抗体试剂","在常规染色（如：HE染色）基础上进行免疫组织化学染色，为病理医师提供诊断的辅助信息，不得用于指导临床用药或伴随诊断。","Ⅰ"
1420,24,"仅提供辅助诊断信息的免疫组化用单一抗体试剂",24128,"免疫球蛋白G1（IgG1）抗体试剂","在常规染色（如：HE染色）基础上进行免疫组织化学染色，为病理医师提供诊断的辅助信息，不得用于指导临床用药或伴随诊断。","Ⅰ"
1421,24,"仅提供辅助诊断信息的免疫组化用单一抗体试剂",24129,"免疫球蛋白G2（IgG2）抗体试剂","在常规染色（如：HE染色）基础上进行免疫组织化学染色，为病理医师提供诊断的辅助信息，不得用于指导临床用药或伴随诊断。","Ⅰ"
1422,24,"仅提供辅助诊断信息的免疫组化用单一抗体试剂",24130,"免疫球蛋白G3（IgG3）抗体试剂","在常规染色（如：HE染色）基础上进行免疫组织化学染色，为病理医师提供诊断的辅助信息，不得用于指导临床用药或伴随诊断。","Ⅰ"
1423,24,"仅提供辅助诊断信息的免疫组化用单一抗体试剂",24131,"免疫球蛋白G4（IgG4）抗体试剂","在常规染色（如：HE染色）基础上进行免疫组织化学染色，为病理医师提供诊断的辅助信息，不得用于指导临床用药或伴随诊断。","Ⅰ"
1424,24,"仅提供辅助诊断信息的免疫组化用单一抗体试剂",24132,"免疫球蛋白G（IgG）抗体试剂","在常规染色（如：HE染色）基础上进行免疫组织化学染色，为病理医师提供诊断的辅助信息，不得用于指导临床用药或伴随诊断。","Ⅰ"
1425,24,"仅提供辅助诊断信息的免疫组化用单一抗体试剂",24133,"免疫球蛋白M（IgM）抗体试剂","在常规染色（如：HE染色）基础上进行免疫组织化学染色，为病理医师提供诊断的辅助信息，不得用于指导临床用药或伴随诊断。","Ⅰ"
1426,24,"仅提供辅助诊断信息的免疫组化用单一抗体试剂",24134,"胰岛素样生长因子 Ⅱ mRNA 结合蛋白3（IMP3）抗体试剂","在常规染色（如：HE染色）基础上进行免疫组织化学染色，为病理医师提供诊断的辅助信息，不得用于指导临床用药或伴随诊断。","Ⅰ"
1427,24,"仅提供辅助诊断信息的免疫组化用单一抗体试剂",24135,"INI-1抗体试剂","在常规染色（如：HE染色）基础上进行免疫组织化学染色，为病理医师提供诊断的辅助信息，不得用于指导临床用药或伴随诊断。","Ⅰ"
1428,24,"仅提供辅助诊断信息的免疫组化用单一抗体试剂",24136,"胰岛素瘤相关蛋白1（INSM1）抗体试剂","在常规染色（如：HE染色）基础上进行免疫组织化学染色，为病理医师提供诊断的辅助信息，不得用于指导临床用药或伴随诊断。","Ⅰ"
1429,24,"仅提供辅助诊断信息的免疫组化用单一抗体试剂",24137,"IV型胶原（Collagen Type IV）抗体试剂","在常规染色（如：HE染色）基础上进行免疫组织化学染色，为病理医师提供诊断的辅助信息，不得用于指导临床用药或伴随诊断。","Ⅰ"
1430,24,"仅提供辅助诊断信息的免疫组化用单一抗体试剂",24138,"κ轻链（Kappa轻链）抗体试剂","在常规染色（如：HE染色）基础上进行免疫组织化学染色，为病理医师提供诊断的辅助信息，不得用于指导临床用药或伴随诊断。","Ⅰ"
1431,24,"仅提供辅助诊断信息的免疫组化用单一抗体试剂",24139,"λ轻链（Lambda轻链）抗体试剂","在常规染色（如：HE染色）基础上进行免疫组织化学染色，为病理医师提供诊断的辅助信息，不得用于指导临床用药或伴随诊断。","Ⅰ"
1432,24,"仅提供辅助诊断信息的免疫组化用单一抗体试剂",24140,"Ki-67抗体试剂","在常规染色（如：HE染色）基础上进行免疫组织化学染色，为病理医师提供诊断的辅助信息，不得用于指导临床用药或伴随诊断。","Ⅰ"
1433,24,"仅提供辅助诊断信息的免疫组化用单一抗体试剂",24141,"p16抗体试剂","在常规染色（如：HE染色）基础上进行免疫组织化学染色，为病理医师提供诊断的辅助信息，不得用于指导临床用药或伴随诊断。","Ⅰ"
1434,24,"仅提供辅助诊断信息的免疫组化用单一抗体试剂",24142,"L1细胞粘附因子（L1CAM）抗体试剂","在常规染色（如：HE染色）基础上进行免疫组织化学染色，为病理医师提供诊断的辅助信息，不得用于指导临床用药或伴随诊断。","Ⅰ"
1435,24,"仅提供辅助诊断信息的免疫组化用单一抗体试剂",24143,"LEF-1抗体试剂","在常规染色（如：HE染色）基础上进行免疫组织化学染色，为病理医师提供诊断的辅助信息，不得用于指导临床用药或伴随诊断。","Ⅰ"
1436,24,"仅提供辅助诊断信息的免疫组化用单一抗体试剂",24144,"LIN28抗体试剂","在常规染色（如：HE染色）基础上进行免疫组织化学染色，为病理医师提供诊断的辅助信息，不得用于指导临床用药或伴随诊断。","Ⅰ"
1437,24,"仅提供辅助诊断信息的免疫组化用单一抗体试剂",24145,"LMO2抗体试剂","在常规染色（如：HE染色）基础上进行免疫组织化学染色，为病理医师提供诊断的辅助信息，不得用于指导临床用药或伴随诊断。","Ⅰ"
1438,24,"仅提供辅助诊断信息的免疫组化用单一抗体试剂",24146,"LRP抗体试剂","在常规染色（如：HE染色）基础上进行免疫组织化学染色，为病理医师提供诊断的辅助信息，不得用于指导临床用药或伴随诊断。","Ⅰ"
1439,24,"仅提供辅助诊断信息的免疫组化用单一抗体试剂",24147,"MART-1/melanA抗体试剂","在常规染色（如：HE染色）基础上进行免疫组织化学染色，为病理医师提供诊断的辅助信息，不得用于指导临床用药或伴随诊断。","Ⅰ"
1440,24,"仅提供辅助诊断信息的免疫组化用单一抗体试剂",24148,"MASH1抗体试剂","在常规染色（如：HE染色）基础上进行免疫组织化学染色，为病理医师提供诊断的辅助信息，不得用于指导临床用药或伴随诊断。","Ⅰ"
1441,24,"仅提供辅助诊断信息的免疫组化用单一抗体试剂",24149,"MC抗体试剂","在常规染色（如：HE染色）基础上进行免疫组织化学染色，为病理医师提供诊断的辅助信息，不得用于指导临床用药或伴随诊断。","Ⅰ"
1442,24,"仅提供辅助诊断信息的免疫组化用单一抗体试剂",24150,"MDM2抗体试剂","在常规染色（如：HE染色）基础上进行免疫组织化学染色，为病理医师提供诊断的辅助信息，不得用于指导临床用药或伴随诊断。","Ⅰ"
1443,24,"仅提供辅助诊断信息的免疫组化用单一抗体试剂",24151,"MDR-1抗体试剂","在常规染色（如：HE染色）基础上进行免疫组织化学染色，为病理医师提供诊断的辅助信息，不得用于指导临床用药或伴随诊断。","Ⅰ"
1444,24,"仅提供辅助诊断信息的免疫组化用单一抗体试剂",24152,"错配修复蛋白（MLH1）抗体试剂","在常规染色（如：HE染色）基础上进行免疫组织化学染色，为病理医师提供诊断的辅助信息，不得用于指导临床用药或伴随诊断。","Ⅰ"
1445,24,"仅提供辅助诊断信息的免疫组化用单一抗体试剂",24153,"MOC-31抗体试剂","在常规染色（如：HE染色）基础上进行免疫组织化学染色，为病理医师提供诊断的辅助信息，不得用于指导临床用药或伴随诊断。","Ⅰ"
1446,24,"仅提供辅助诊断信息的免疫组化用单一抗体试剂",24154,"MRP3抗体试剂","在常规染色（如：HE染色）基础上进行免疫组织化学染色，为病理医师提供诊断的辅助信息，不得用于指导临床用药或伴随诊断。","Ⅰ"
1447,24,"仅提供辅助诊断信息的免疫组化用单一抗体试剂",24155,"MSH2抗体试剂","在常规染色（如：HE染色）基础上进行免疫组织化学染色，为病理医师提供诊断的辅助信息，不得用于指导临床用药或伴随诊断。","Ⅰ"
1448,24,"仅提供辅助诊断信息的免疫组化用单一抗体试剂",24156,"MSH6抗体试剂","在常规染色（如：HE染色）基础上进行免疫组织化学染色，为病理医师提供诊断的辅助信息，不得用于指导临床用药或伴随诊断。","Ⅰ"
1449,24,"仅提供辅助诊断信息的免疫组化用单一抗体试剂",24157,"黏蛋白1（MUC-1）抗体试剂","在常规染色（如：HE染色）基础上进行免疫组织化学染色，为病理医师提供诊断的辅助信息，不得用于指导临床用药或伴随诊断。","Ⅰ"
1450,24,"仅提供辅助诊断信息的免疫组化用单一抗体试剂",24158,"黏蛋白2（MUC-2）抗体试剂","在常规染色（如：HE染色）基础上进行免疫组织化学染色，为病理医师提供诊断的辅助信息，不得用于指导临床用药或伴随诊断。","Ⅰ"
1451,24,"仅提供辅助诊断信息的免疫组化用单一抗体试剂",24159,"黏蛋白4（MUC-4）抗体试剂","在常规染色（如：HE染色）基础上进行免疫组织化学染色，为病理医师提供诊断的辅助信息，不得用于指导临床用药或伴随诊断。","Ⅰ"
1452,24,"仅提供辅助诊断信息的免疫组化用单一抗体试剂",24160,"黏蛋白5AC（MUC-5AC）抗体试剂","在常规染色（如：HE染色）基础上进行免疫组织化学染色，为病理医师提供诊断的辅助信息，不得用于指导临床用药或伴随诊断。","Ⅰ"
1453,24,"仅提供辅助诊断信息的免疫组化用单一抗体试剂",24161,"黏蛋白6（MUC-6）抗体试剂","在常规染色（如：HE染色）基础上进行免疫组织化学染色，为病理医师提供诊断的辅助信息，不得用于指导临床用药或伴随诊断。","Ⅰ"
1454,24,"仅提供辅助诊断信息的免疫组化用单一抗体试剂",24162,"MUM1抗体试剂","在常规染色（如：HE染色）基础上进行免疫组织化学染色，为病理医师提供诊断的辅助信息，不得用于指导临床用药或伴随诊断。","Ⅰ"
1455,24,"仅提供辅助诊断信息的免疫组化用单一抗体试剂",24163,"Myo-D1抗体试剂","在常规染色（如：HE染色）基础上进行免疫组织化学染色，为病理医师提供诊断的辅助信息，不得用于指导临床用药或伴随诊断。","Ⅰ"
1456,24,"仅提供辅助诊断信息的免疫组化用单一抗体试剂",24164,"NKX2.2抗体试剂","在常规染色（如：HE染色）基础上进行免疫组织化学染色，为病理医师提供诊断的辅助信息，不得用于指导临床用药或伴随诊断。","Ⅰ"
1457,24,"仅提供辅助诊断信息的免疫组化用单一抗体试剂",24165,"NKX3.1抗体试剂","在常规染色（如：HE染色）基础上进行免疫组织化学染色，为病理医师提供诊断的辅助信息，不得用于指导临床用药或伴随诊断。","Ⅰ"
1458,24,"仅提供辅助诊断信息的免疫组化用单一抗体试剂",24166,"nm23抗体试剂","在常规染色（如：HE染色）基础上进行免疫组织化学染色，为病理医师提供诊断的辅助信息，不得用于指导临床用药或伴随诊断。","Ⅰ"
1459,24,"仅提供辅助诊断信息的免疫组化用单一抗体试剂",24167,"Oct2抗体试剂","在常规染色（如：HE染色）基础上进行免疫组织化学染色，为病理医师提供诊断的辅助信息，不得用于指导临床用药或伴随诊断。","Ⅰ"
1460,24,"仅提供辅助诊断信息的免疫组化用单一抗体试剂",24168,"Oct3/4抗体试剂","在常规染色（如：HE染色）基础上进行免疫组织化学染色，为病理医师提供诊断的辅助信息，不得用于指导临床用药或伴随诊断。","Ⅰ"
1461,24,"仅提供辅助诊断信息的免疫组化用单一抗体试剂",24169,"Oct4抗体试剂","在常规染色（如：HE染色）基础上进行免疫组织化学染色，为病理医师提供诊断的辅助信息，不得用于指导临床用药或伴随诊断。","Ⅰ"
1462,24,"仅提供辅助诊断信息的免疫组化用单一抗体试剂",24170,"Oligo-2抗体试剂","在常规染色（如：HE染色）基础上进行免疫组织化学染色，为病理医师提供诊断的辅助信息，不得用于指导临床用药或伴随诊断。","Ⅰ"
1463,24,"仅提供辅助诊断信息的免疫组化用单一抗体试剂",24171,"p120抗体试剂","在常规染色（如：HE染色）基础上进行免疫组织化学染色，为病理医师提供诊断的辅助信息，不得用于指导临床用药或伴随诊断。","Ⅰ"
1464,24,"仅提供辅助诊断信息的免疫组化用单一抗体试剂",24172,"p21/WAF1抗体试剂","在常规染色（如：HE染色）基础上进行免疫组织化学染色，为病理医师提供诊断的辅助信息，不得用于指导临床用药或伴随诊断。","Ⅰ"
1465,24,"仅提供辅助诊断信息的免疫组化用单一抗体试剂",24173,"p27抗体试剂","在常规染色（如：HE染色）基础上进行免疫组织化学染色，为病理医师提供诊断的辅助信息，不得用于指导临床用药或伴随诊断。","Ⅰ"
1466,24,"仅提供辅助诊断信息的免疫组化用单一抗体试剂",24174,"p40抗体试剂","在常规染色（如：HE染色）基础上进行免疫组织化学染色，为病理医师提供诊断的辅助信息，不得用于指导临床用药或伴随诊断。","Ⅰ"
1467,24,"仅提供辅助诊断信息的免疫组化用单一抗体试剂",24175,"p53抗体试剂","在常规染色（如：HE染色）基础上进行免疫组织化学染色，为病理医师提供诊断的辅助信息，不得用于指导临床用药或伴随诊断。","Ⅰ"
1468,24,"仅提供辅助诊断信息的免疫组化用单一抗体试剂",24176,"p57kip2抗体试剂","在常规染色（如：HE染色）基础上进行免疫组织化学染色，为病理医师提供诊断的辅助信息，不得用于指导临床用药或伴随诊断。","Ⅰ"
1469,24,"仅提供辅助诊断信息的免疫组化用单一抗体试剂",24177,"p57抗体试剂","在常规染色（如：HE染色）基础上进行免疫组织化学染色，为病理医师提供诊断的辅助信息，不得用于指导临床用药或伴随诊断。","Ⅰ"
1470,24,"仅提供辅助诊断信息的免疫组化用单一抗体试剂",24178,"p63抗体试剂","在常规染色（如：HE染色）基础上进行免疫组织化学染色，为病理医师提供诊断的辅助信息，不得用于指导临床用药或伴随诊断。","Ⅰ"
1471,24,"仅提供辅助诊断信息的免疫组化用单一抗体试剂",24179,"Pax-2抗体试剂","在常规染色（如：HE染色）基础上进行免疫组织化学染色，为病理医师提供诊断的辅助信息，不得用于指导临床用药或伴随诊断。","Ⅰ"
1472,24,"仅提供辅助诊断信息的免疫组化用单一抗体试剂",24180,"Pax-5抗体试剂","在常规染色（如：HE染色）基础上进行免疫组织化学染色，为病理医师提供诊断的辅助信息，不得用于指导临床用药或伴随诊断。","Ⅰ"
1473,24,"仅提供辅助诊断信息的免疫组化用单一抗体试剂",24181,"Pax-7抗体试剂","在常规染色（如：HE染色）基础上进行免疫组织化学染色，为病理医师提供诊断的辅助信息，不得用于指导临床用药或伴随诊断。","Ⅰ"
1474,24,"仅提供辅助诊断信息的免疫组化用单一抗体试剂",24182,"Pax-8抗体试剂","在常规染色（如：HE染色）基础上进行免疫组织化学染色，为病理医师提供诊断的辅助信息，不得用于指导临床用药或伴随诊断。","Ⅰ"
1475,24,"仅提供辅助诊断信息的免疫组化用单一抗体试剂",24183,"增殖细胞核抗原（PCNA）抗体试剂","在常规染色（如：HE染色）基础上进行免疫组织化学染色，为病理医师提供诊断的辅助信息，不得用于指导临床用药或伴随诊断。","Ⅰ"
1476,24,"仅提供辅助诊断信息的免疫组化用单一抗体试剂",24184,"PC抗体试剂","在常规染色（如：HE染色）基础上进行免疫组织化学染色，为病理医师提供诊断的辅助信息，不得用于指导临床用药或伴随诊断。","Ⅰ"
1477,24,"仅提供辅助诊断信息的免疫组化用单一抗体试剂",24185,"PD-1抗体试剂","在常规染色（如：HE染色）基础上进行免疫组织化学染色，为病理医师提供诊断的辅助信息，不得用于指导临床用药或伴随诊断。","Ⅰ"
1478,24,"仅提供辅助诊断信息的免疫组化用单一抗体试剂",24186,"PD-L2抗体试剂","在常规染色（如：HE染色）基础上进行免疫组织化学染色，为病理医师提供诊断的辅助信息，不得用于指导临床用药或伴随诊断。","Ⅰ"
1479,24,"仅提供辅助诊断信息的免疫组化用单一抗体试剂",24187,"PEG10抗体试剂","在常规染色（如：HE染色）基础上进行免疫组织化学染色，为病理医师提供诊断的辅助信息，不得用于指导临床用药或伴随诊断。","Ⅰ"
1480,24,"仅提供辅助诊断信息的免疫组化用单一抗体试剂",24188,"PHOX2B抗体试剂","在常规染色（如：HE染色）基础上进行免疫组织化学染色，为病理医师提供诊断的辅助信息，不得用于指导临床用药或伴随诊断。","Ⅰ"
1481,24,"仅提供辅助诊断信息的免疫组化用单一抗体试剂",24189,"胎盘碱性磷酸酶（PLAP）抗体试剂","在常规染色（如：HE染色）基础上进行免疫组织化学染色，为病理医师提供诊断的辅助信息，不得用于指导临床用药或伴随诊断。","Ⅰ"
1482,24,"仅提供辅助诊断信息的免疫组化用单一抗体试剂",24190,"PMS2抗体试剂","在常规染色（如：HE染色）基础上进行免疫组织化学染色，为病理医师提供诊断的辅助信息，不得用于指导临床用药或伴随诊断。","Ⅰ"
1483,24,"仅提供辅助诊断信息的免疫组化用单一抗体试剂",24191,"PNL2抗体试剂","在常规染色（如：HE染色）基础上进行免疫组织化学染色，为病理医师提供诊断的辅助信息，不得用于指导临床用药或伴随诊断。","Ⅰ"
1484,24,"仅提供辅助诊断信息的免疫组化用单一抗体试剂",24192,"Polo样激酶1（PLK-1）抗体试剂","在常规染色（如：HE染色）基础上进行免疫组织化学染色，为病理医师提供诊断的辅助信息，不得用于指导临床用药或伴随诊断。","Ⅰ"
1485,24,"仅提供辅助诊断信息的免疫组化用单一抗体试剂",24193,"pS2抗体试剂","在常规染色（如：HE染色）基础上进行免疫组织化学染色，为病理医师提供诊断的辅助信息，不得用于指导临床用药或伴随诊断。","Ⅰ"
1486,24,"仅提供辅助诊断信息的免疫组化用单一抗体试剂",24194,"PSAP抗体试剂","在常规染色（如：HE染色）基础上进行免疫组织化学染色，为病理医师提供诊断的辅助信息，不得用于指导临床用药或伴随诊断。","Ⅰ"
1487,24,"仅提供辅助诊断信息的免疫组化用单一抗体试剂",24195,"前列腺特异性抗原（PSA）抗体试剂","在常规染色（如：HE染色）基础上进行免疫组织化学染色，为病理医师提供诊断的辅助信息，不得用于指导临床用药或伴随诊断。","Ⅰ"
1488,24,"仅提供辅助诊断信息的免疫组化用单一抗体试剂",24196,"前列腺特异性膜抗原（PSMA）抗体试剂","在常规染色（如：HE染色）基础上进行免疫组织化学染色，为病理医师提供诊断的辅助信息，不得用于指导临床用药或伴随诊断。","Ⅰ"
1489,24,"仅提供辅助诊断信息的免疫组化用单一抗体试剂",24197,"PTEN抗体试剂","在常规染色（如：HE染色）基础上进行免疫组织化学染色，为病理医师提供诊断的辅助信息，不得用于指导临床用药或伴随诊断。","Ⅰ"
1490,24,"仅提供辅助诊断信息的免疫组化用单一抗体试剂",24198,"PU.1抗体试剂","在常规染色（如：HE染色）基础上进行免疫组织化学染色，为病理医师提供诊断的辅助信息，不得用于指导临床用药或伴随诊断。","Ⅰ"
1491,24,"仅提供辅助诊断信息的免疫组化用单一抗体试剂",24199,"Rb Gene Protein抗体试剂","在常规染色（如：HE染色）基础上进行免疫组织化学染色，为病理医师提供诊断的辅助信息，不得用于指导临床用药或伴随诊断。","Ⅰ"
1492,24,"仅提供辅助诊断信息的免疫组化用单一抗体试剂",24200,"RRM1抗体试剂","在常规染色（如：HE染色）基础上进行免疫组织化学染色，为病理医师提供诊断的辅助信息，不得用于指导临床用药或伴随诊断。","Ⅰ"
1493,24,"仅提供辅助诊断信息的免疫组化用单一抗体试剂",24201,"S100P抗体试剂","在常规染色（如：HE染色）基础上进行免疫组织化学染色，为病理医师提供诊断的辅助信息，不得用于指导临床用药或伴随诊断。","Ⅰ"
1494,24,"仅提供辅助诊断信息的免疫组化用单一抗体试剂",24202,"S100抗体试剂","在常规染色（如：HE染色）基础上进行免疫组织化学染色，为病理医师提供诊断的辅助信息，不得用于指导临床用药或伴随诊断。","Ⅰ"
1495,24,"仅提供辅助诊断信息的免疫组化用单一抗体试剂",24203,"婆罗双树样基因4（SALL4）抗体试剂","在常规染色（如：HE染色）基础上进行免疫组织化学染色，为病理医师提供诊断的辅助信息，不得用于指导临床用药或伴随诊断。","Ⅰ"
1496,24,"仅提供辅助诊断信息的免疫组化用单一抗体试剂",24204,"特异AT序列结合蛋白2（SATB2）抗体试剂","在常规染色（如：HE染色）基础上进行免疫组织化学染色，为病理医师提供诊断的辅助信息，不得用于指导临床用药或伴随诊断。","Ⅰ"
1497,24,"仅提供辅助诊断信息的免疫组化用单一抗体试剂",24205,"琥珀酸脱氢酶复合体B亚基（SDHB）抗体试剂","在常规染色（如：HE染色）基础上进行免疫组织化学染色，为病理医师提供诊断的辅助信息，不得用于指导临床用药或伴随诊断。","Ⅰ"
1498,24,"仅提供辅助诊断信息的免疫组化用单一抗体试剂",24206,"SMARCA4/Brg1抗体试剂","在常规染色（如：HE染色）基础上进行免疫组织化学染色，为病理医师提供诊断的辅助信息，不得用于指导临床用药或伴随诊断。","Ⅰ"
1499,24,"仅提供辅助诊断信息的免疫组化用单一抗体试剂",24207,"SOX-10抗体试剂","在常规染色（如：HE染色）基础上进行免疫组织化学染色，为病理医师提供诊断的辅助信息，不得用于指导临床用药或伴随诊断。","Ⅰ"
1500,24,"仅提供辅助诊断信息的免疫组化用单一抗体试剂",24208,"SOX-11抗体试剂","在常规染色（如：HE染色）基础上进行免疫组织化学染色，为病理医师提供诊断的辅助信息，不得用于指导临床用药或伴随诊断。","Ⅰ"
1501,24,"仅提供辅助诊断信息的免疫组化用单一抗体试剂",24209,"SOX-2抗体试剂","在常规染色（如：HE染色）基础上进行免疫组织化学染色，为病理医师提供诊断的辅助信息，不得用于指导临床用药或伴随诊断。","Ⅰ"
1502,24,"仅提供辅助诊断信息的免疫组化用单一抗体试剂",24210,"SOX-9抗体试剂","在常规染色（如：HE染色）基础上进行免疫组织化学染色，为病理医师提供诊断的辅助信息，不得用于指导临床用药或伴随诊断。","Ⅰ"
1503,24,"仅提供辅助诊断信息的免疫组化用单一抗体试剂",24211,"STAT3抗体试剂","在常规染色（如：HE染色）基础上进行免疫组织化学染色，为病理医师提供诊断的辅助信息，不得用于指导临床用药或伴随诊断。","Ⅰ"
1504,24,"仅提供辅助诊断信息的免疫组化用单一抗体试剂",24212,"STAT6抗体试剂","在常规染色（如：HE染色）基础上进行免疫组织化学染色，为病理医师提供诊断的辅助信息，不得用于指导临床用药或伴随诊断。","Ⅰ"
1505,24,"仅提供辅助诊断信息的免疫组化用单一抗体试剂",24213,"STING抗体试剂","在常规染色（如：HE染色）基础上进行免疫组织化学染色，为病理医师提供诊断的辅助信息，不得用于指导临床用药或伴随诊断。","Ⅰ"
1506,24,"仅提供辅助诊断信息的免疫组化用单一抗体试剂",24214,"SV-40抗体试剂","在常规染色（如：HE染色）基础上进行免疫组织化学染色，为病理医师提供诊断的辅助信息，不得用于指导临床用药或伴随诊断。","Ⅰ"
1507,24,"仅提供辅助诊断信息的免疫组化用单一抗体试剂",24215,"肿瘤相关钙信号转导子2（TACSTD2）抗体试剂","在常规染色（如：HE染色）基础上进行免疫组织化学染色，为病理医师提供诊断的辅助信息，不得用于指导临床用药或伴随诊断。","Ⅰ"
1508,24,"仅提供辅助诊断信息的免疫组化用单一抗体试剂",24216,"TAG-72抗体试剂","在常规染色（如：HE染色）基础上进行免疫组织化学染色，为病理医师提供诊断的辅助信息，不得用于指导临床用药或伴随诊断。","Ⅰ"
1509,24,"仅提供辅助诊断信息的免疫组化用单一抗体试剂",24217,"TCL1抗体试剂","在常规染色（如：HE染色）基础上进行免疫组织化学染色，为病理医师提供诊断的辅助信息，不得用于指导临床用药或伴随诊断。","Ⅰ"
1510,24,"仅提供辅助诊断信息的免疫组化用单一抗体试剂",24218,"TCRD抗体试剂","在常规染色（如：HE染色）基础上进行免疫组织化学染色，为病理医师提供诊断的辅助信息，不得用于指导临床用药或伴随诊断。","Ⅰ"
1511,24,"仅提供辅助诊断信息的免疫组化用单一抗体试剂",24219,"末端脱氧核苷酸转移酶（TdT）抗体试剂","在常规染色（如：HE染色）基础上进行免疫组织化学染色，为病理医师提供诊断的辅助信息，不得用于指导临床用药或伴随诊断。","Ⅰ"
1512,24,"仅提供辅助诊断信息的免疫组化用单一抗体试剂",24220,"转录因子E3（TFE3）抗体试剂","在常规染色（如：HE染色）基础上进行免疫组织化学染色，为病理医师提供诊断的辅助信息，不得用于指导临床用药或伴随诊断。","Ⅰ"
1513,24,"仅提供辅助诊断信息的免疫组化用单一抗体试剂",24221,"TGF-β1抗体试剂","在常规染色（如：HE染色）基础上进行免疫组织化学染色，为病理医师提供诊断的辅助信息，不得用于指导临床用药或伴随诊断。","Ⅰ"
1514,24,"仅提供辅助诊断信息的免疫组化用单一抗体试剂",24222,"THY抗体试剂","在常规染色（如：HE染色）基础上进行免疫组织化学染色，为病理医师提供诊断的辅助信息，不得用于指导临床用药或伴随诊断。","Ⅰ"
1515,24,"仅提供辅助诊断信息的免疫组化用单一抗体试剂",24223,"TIA-1抗体试剂","在常规染色（如：HE染色）基础上进行免疫组织化学染色，为病理医师提供诊断的辅助信息，不得用于指导临床用药或伴随诊断。","Ⅰ"
1516,24,"仅提供辅助诊断信息的免疫组化用单一抗体试剂",24224,"TIM3抗体试剂","在常规染色（如：HE染色）基础上进行免疫组织化学染色，为病理医师提供诊断的辅助信息，不得用于指导临床用药或伴随诊断。","Ⅰ"
1517,24,"仅提供辅助诊断信息的免疫组化用单一抗体试剂",24225,"分裂蛋白1转导蛋白样增强子（TLE1）抗体试剂","在常规染色（如：HE染色）基础上进行免疫组织化学染色，为病理医师提供诊断的辅助信息，不得用于指导临床用药或伴随诊断。","Ⅰ"
1518,24,"仅提供辅助诊断信息的免疫组化用单一抗体试剂",24226,"DNA拓扑异构酶Ⅱα（TOP2A）抗体试剂","在常规染色（如：HE染色）基础上进行免疫组织化学染色，为病理医师提供诊断的辅助信息，不得用于指导临床用药或伴随诊断。","Ⅰ"
1519,24,"仅提供辅助诊断信息的免疫组化用单一抗体试剂",24227,"T-PIT抗体试剂","在常规染色（如：HE染色）基础上进行免疫组织化学染色，为病理医师提供诊断的辅助信息，不得用于指导临床用药或伴随诊断。","Ⅰ"
1520,24,"仅提供辅助诊断信息的免疫组化用单一抗体试剂",24228,"TRIM29抗体试剂","在常规染色（如：HE染色）基础上进行免疫组织化学染色，为病理医师提供诊断的辅助信息，不得用于指导临床用药或伴随诊断。","Ⅰ"
1521,24,"仅提供辅助诊断信息的免疫组化用单一抗体试剂",24229,"uPAR抗体试剂","在常规染色（如：HE染色）基础上进行免疫组织化学染色，为病理医师提供诊断的辅助信息，不得用于指导临床用药或伴随诊断。","Ⅰ"
1522,24,"仅提供辅助诊断信息的免疫组化用单一抗体试剂",24230,"VHL抗体试剂","在常规染色（如：HE染色）基础上进行免疫组织化学染色，为病理医师提供诊断的辅助信息，不得用于指导临床用药或伴随诊断。","Ⅰ"
1523,24,"仅提供辅助诊断信息的免疫组化用单一抗体试剂",24231,"肾母细胞瘤基因（WT1）抗体试剂","在常规染色（如：HE染色）基础上进行免疫组织化学染色，为病理医师提供诊断的辅助信息，不得用于指导临床用药或伴随诊断。","Ⅰ"
1524,24,"仅提供辅助诊断信息的免疫组化用单一抗体试剂",24232,"ζ-相关蛋白70（ZAP-70）抗体试剂","在常规染色（如：HE染色）基础上进行免疫组织化学染色，为病理医师提供诊断的辅助信息，不得用于指导临床用药或伴随诊断。","Ⅰ"
1525,24,"仅提供辅助诊断信息的免疫组化用单一抗体试剂",24233,"β连环蛋白（Beta-catenin）抗体试剂","在常规染色（如：HE染色）基础上进行免疫组织化学染色，为病理医师提供诊断的辅助信息，不得用于指导临床用药或伴随诊断。","Ⅰ"
1526,24,"仅提供辅助诊断信息的免疫组化用单一抗体试剂",24234,"β-微管蛋白III（β-tubulin-III）抗体试剂","在常规染色（如：HE染色）基础上进行免疫组织化学染色，为病理医师提供诊断的辅助信息，不得用于指导临床用药或伴随诊断。","Ⅰ"
1527,24,"仅提供辅助诊断信息的免疫组化用单一抗体试剂",24235,"δ样蛋白3（DLL3）抗体试剂","在常规染色（如：HE染色）基础上进行免疫组织化学染色，为病理医师提供诊断的辅助信息，不得用于指导临床用药或伴随诊断。","Ⅰ"
1528,24,"仅提供辅助诊断信息的免疫组化用单一抗体试剂",24236,"氨甲酰磷酸合成酶1（CPS1）抗体试剂","在常规染色（如：HE染色）基础上进行免疫组织化学染色，为病理医师提供诊断的辅助信息，不得用于指导临床用药或伴随诊断。","Ⅰ"
1529,24,"仅提供辅助诊断信息的免疫组化用单一抗体试剂",24237,"半乳糖凝集素（Galectin-3）抗体试剂","在常规染色（如：HE染色）基础上进行免疫组织化学染色，为病理医师提供诊断的辅助信息，不得用于指导临床用药或伴随诊断。","Ⅰ"
1530,24,"仅提供辅助诊断信息的免疫组化用单一抗体试剂",24238,"表皮生长因子受体（EGFR）抗体试剂","在常规染色（如：HE染色）基础上进行免疫组织化学染色，为病理医师提供诊断的辅助信息，不得用于指导临床用药或伴随诊断。","Ⅰ"
1531,24,"仅提供辅助诊断信息的免疫组化用单一抗体试剂",24239,"波形蛋白（Vimentin）抗体试剂","在常规染色（如：HE染色）基础上进行免疫组织化学染色，为病理医师提供诊断的辅助信息，不得用于指导临床用药或伴随诊断。","Ⅰ"
1532,24,"仅提供辅助诊断信息的免疫组化用单一抗体试剂",24240,"层粘连蛋白（Laminin）抗体试剂","在常规染色（如：HE染色）基础上进行免疫组织化学染色，为病理医师提供诊断的辅助信息，不得用于指导临床用药或伴随诊断。","Ⅰ"
1533,24,"仅提供辅助诊断信息的免疫组化用单一抗体试剂",24241,"巢蛋白（Nestin）抗体试剂","在常规染色（如：HE染色）基础上进行免疫组织化学染色，为病理医师提供诊断的辅助信息，不得用于指导临床用药或伴随诊断。","Ⅰ"
1534,24,"仅提供辅助诊断信息的免疫组化用单一抗体试剂",24242,"成纤维细胞激活蛋白（FAP）抗体试剂","在常规染色（如：HE染色）基础上进行免疫组织化学染色，为病理医师提供诊断的辅助信息，不得用于指导临床用药或伴随诊断。","Ⅰ"
1535,24,"仅提供辅助诊断信息的免疫组化用单一抗体试剂",24243,"成纤维细胞生长因子受体3（FGFR3）抗体试剂","在常规染色（如：HE染色）基础上进行免疫组织化学染色，为病理医师提供诊断的辅助信息，不得用于指导临床用药或伴随诊断。","Ⅰ"
1536,24,"仅提供辅助诊断信息的免疫组化用单一抗体试剂",24244,"穿孔素（Perforin）抗体试剂","在常规染色（如：HE染色）基础上进行免疫组织化学染色，为病理医师提供诊断的辅助信息，不得用于指导临床用药或伴随诊断。","Ⅰ"
1537,24,"仅提供辅助诊断信息的免疫组化用单一抗体试剂",24245,"存活素（Survivin）抗体试剂","在常规染色（如：HE染色）基础上进行免疫组织化学染色，为病理医师提供诊断的辅助信息，不得用于指导临床用药或伴随诊断。","Ⅰ"
1538,24,"仅提供辅助诊断信息的免疫组化用单一抗体试剂",24246,"地高辛抗体试剂","在常规染色（如：HE染色）基础上进行免疫组织化学染色，为病理医师提供诊断的辅助信息，不得用于指导临床用药或伴随诊断。","Ⅰ"
1539,24,"仅提供辅助诊断信息的免疫组化用单一抗体试剂",24247,"淀粉样蛋白A抗体试剂","在常规染色（如：HE染色）基础上进行免疫组织化学染色，为病理医师提供诊断的辅助信息，不得用于指导临床用药或伴随诊断。","Ⅰ"
1540,24,"仅提供辅助诊断信息的免疫组化用单一抗体试剂",24248,"多药耐药相关蛋白（MRP）抗体试剂","在常规染色（如：HE染色）基础上进行免疫组织化学染色，为病理医师提供诊断的辅助信息，不得用于指导临床用药或伴随诊断。","Ⅰ"
1541,24,"仅提供辅助诊断信息的免疫组化用单一抗体试剂",24249,"肥大细胞类凝乳蛋白酶（MCC）抗体试剂","在常规染色（如：HE染色）基础上进行免疫组织化学染色，为病理医师提供诊断的辅助信息，不得用于指导临床用药或伴随诊断。","Ⅰ"
1542,24,"仅提供辅助诊断信息的免疫组化用单一抗体试剂",24250,"肥大细胞胰蛋白酶（MCT）抗体试剂","在常规染色（如：HE染色）基础上进行免疫组织化学染色，为病理医师提供诊断的辅助信息，不得用于指导临床用药或伴随诊断。","Ⅰ"
1543,24,"仅提供辅助诊断信息的免疫组化用单一抗体试剂",24251,"钙调节蛋白（Calponin）抗体试剂","在常规染色（如：HE染色）基础上进行免疫组织化学染色，为病理医师提供诊断的辅助信息，不得用于指导临床用药或伴随诊断。","Ⅰ"
1544,24,"仅提供辅助诊断信息的免疫组化用单一抗体试剂",24252,"钙网膜蛋白（Calretinin）抗体试剂","在常规染色（如：HE染色）基础上进行免疫组织化学染色，为病理医师提供诊断的辅助信息，不得用于指导临床用药或伴随诊断。","Ⅰ"
1545,24,"仅提供辅助诊断信息的免疫组化用单一抗体试剂",24253,"钙调素结合蛋白（Caldesmon）抗体试剂","在常规染色（如：HE染色）基础上进行免疫组织化学染色，为病理医师提供诊断的辅助信息，不得用于指导临床用药或伴随诊断。","Ⅰ"
1546,24,"仅提供辅助诊断信息的免疫组化用单一抗体试剂",24254,"E-钙黏附蛋白（E-Cadherin）抗体试剂","在常规染色（如：HE染色）基础上进行免疫组织化学染色，为病理医师提供诊断的辅助信息，不得用于指导临床用药或伴随诊断。","Ⅰ"
1547,24,"仅提供辅助诊断信息的免疫组化用单一抗体试剂",24255,"肾特异性钙黏附蛋白（Ksp-Cadherin）抗体试剂","在常规染色（如：HE染色）基础上进行免疫组织化学染色，为病理医师提供诊断的辅助信息，不得用于指导临床用药或伴随诊断。","Ⅰ"
1548,24,"仅提供辅助诊断信息的免疫组化用单一抗体试剂",24256,"N-钙黏附蛋白（N-cadherin）抗体试剂","在常规染色（如：HE染色）基础上进行免疫组织化学染色，为病理医师提供诊断的辅助信息，不得用于指导临床用药或伴随诊断。","Ⅰ"
1549,24,"仅提供辅助诊断信息的免疫组化用单一抗体试剂",24257,"肝细胞（Hepatocyte）抗体试剂","在常规染色（如：HE染色）基础上进行免疫组织化学染色，为病理医师提供诊断的辅助信息，不得用于指导临床用药或伴随诊断。","Ⅰ"
1550,24,"仅提供辅助诊断信息的免疫组化用单一抗体试剂",24258,"睾丸核蛋白（NUT）抗体试剂","在常规染色（如：HE染色）基础上进行免疫组织化学染色，为病理医师提供诊断的辅助信息，不得用于指导临床用药或伴随诊断。","Ⅰ"
1551,24,"仅提供辅助诊断信息的免疫组化用单一抗体试剂",24259,"谷氨酰胺合成酶（Glutamine Synthetase）抗体试剂","在常规染色（如：HE染色）基础上进行免疫组织化学染色，为病理医师提供诊断的辅助信息，不得用于指导临床用药或伴随诊断。","Ⅰ"
1552,24,"仅提供辅助诊断信息的免疫组化用单一抗体试剂",24260,"骨桥蛋白（Osteopontin）抗体试剂","在常规染色（如：HE染色）基础上进行免疫组织化学染色，为病理医师提供诊断的辅助信息，不得用于指导临床用药或伴随诊断。","Ⅰ"
1553,24,"仅提供辅助诊断信息的免疫组化用单一抗体试剂",24261,"黑素瘤（Melanoma）抗体试剂","在常规染色（如：HE染色）基础上进行免疫组织化学染色，为病理医师提供诊断的辅助信息，不得用于指导临床用药或伴随诊断。","Ⅰ"
1554,24,"仅提供辅助诊断信息的免疫组化用单一抗体试剂",24262,"琥珀酸脱氢酶A亚基（SDHA）抗体试剂","在常规染色（如：HE染色）基础上进行免疫组织化学染色，为病理医师提供诊断的辅助信息，不得用于指导临床用药或伴随诊断。","Ⅰ"
1555,24,"仅提供辅助诊断信息的免疫组化用单一抗体试剂",24263,"肌动蛋白（Actin）抗体试剂","在常规染色（如：HE染色）基础上进行免疫组织化学染色，为病理医师提供诊断的辅助信息，不得用于指导临床用药或伴随诊断。","Ⅰ"
1556,24,"仅提供辅助诊断信息的免疫组化用单一抗体试剂",24264,"α平滑肌肌动蛋白（Actin, Alpha Smooth Muscle）抗体试剂","在常规染色（如：HE染色）基础上进行免疫组织化学染色，为病理医师提供诊断的辅助信息，不得用于指导临床用药或伴随诊断。","Ⅰ"
1557,24,"仅提供辅助诊断信息的免疫组化用单一抗体试剂",24265,"肌动蛋白交联蛋白抗体试剂","在常规染色（如：HE染色）基础上进行免疫组织化学染色，为病理医师提供诊断的辅助信息，不得用于指导临床用药或伴随诊断。","Ⅰ"
1558,24,"仅提供辅助诊断信息的免疫组化用单一抗体试剂",24266,"肌红蛋白（Myoglobin）抗体试剂","在常规染色（如：HE染色）基础上进行免疫组织化学染色，为病理医师提供诊断的辅助信息，不得用于指导临床用药或伴随诊断。","Ⅰ"
1559,24,"仅提供辅助诊断信息的免疫组化用单一抗体试剂",24267,"肌浆蛋白（Myogenin）抗体试剂","在常规染色（如：HE染色）基础上进行免疫组织化学染色，为病理医师提供诊断的辅助信息，不得用于指导临床用药或伴随诊断。","Ⅰ"
1560,24,"仅提供辅助诊断信息的免疫组化用单一抗体试剂",24268,"肌营养不良蛋白1（DYS1）抗体试剂","在常规染色（如：HE染色）基础上进行免疫组织化学染色，为病理医师提供诊断的辅助信息，不得用于指导临床用药或伴随诊断。","Ⅰ"
1561,24,"仅提供辅助诊断信息的免疫组化用单一抗体试剂",24269,"肌营养不良蛋白2（DYS2）抗体试剂","在常规染色（如：HE染色）基础上进行免疫组织化学染色，为病理医师提供诊断的辅助信息，不得用于指导临床用药或伴随诊断。","Ⅰ"
1562,24,"仅提供辅助诊断信息的免疫组化用单一抗体试剂",24270,"肌营养不良蛋白3（DYS3）抗体试剂","在常规染色（如：HE染色）基础上进行免疫组织化学染色，为病理医师提供诊断的辅助信息，不得用于指导临床用药或伴随诊断。","Ⅰ"
1563,24,"仅提供辅助诊断信息的免疫组化用单一抗体试剂",24271,"肌营养不良蛋白α（DYSA）抗体试剂","在常规染色（如：HE染色）基础上进行免疫组织化学染色，为病理医师提供诊断的辅助信息，不得用于指导临床用药或伴随诊断。","Ⅰ"
1564,24,"仅提供辅助诊断信息的免疫组化用单一抗体试剂",24272,"肌营养不良蛋白β（DYSB）抗体试剂","在常规染色（如：HE染色）基础上进行免疫组织化学染色，为病理医师提供诊断的辅助信息，不得用于指导临床用药或伴随诊断。","Ⅰ"
1565,24,"仅提供辅助诊断信息的免疫组化用单一抗体试剂",24273,"甲胎蛋白（AFP）抗体试剂","在常规染色（如：HE染色）基础上进行免疫组织化学染色，为病理医师提供诊断的辅助信息，不得用于指导临床用药或伴随诊断。","Ⅰ"
1566,24,"仅提供辅助诊断信息的免疫组化用单一抗体试剂",24274,"甲状旁腺激素（PTH）抗体试剂","在常规染色（如：HE染色）基础上进行免疫组织化学染色，为病理医师提供诊断的辅助信息，不得用于指导临床用药或伴随诊断。","Ⅰ"
1567,24,"仅提供辅助诊断信息的免疫组化用单一抗体试剂",24275,"甲状腺过氧化物酶（TPO）抗体试剂","在常规染色（如：HE染色）基础上进行免疫组织化学染色，为病理医师提供诊断的辅助信息，不得用于指导临床用药或伴随诊断。","Ⅰ"
1568,24,"仅提供辅助诊断信息的免疫组化用单一抗体试剂",24276,"甲状腺球蛋白（Thyroglobulin，TG）抗体试剂","在常规染色（如：HE染色）基础上进行免疫组织化学染色，为病理医师提供诊断的辅助信息，不得用于指导临床用药或伴随诊断。","Ⅰ"
1569,24,"仅提供辅助诊断信息的免疫组化用单一抗体试剂",24277,"甲状腺转录因子-1（TTF-1）抗体试剂","在常规染色（如：HE染色）基础上进行免疫组织化学染色，为病理医师提供诊断的辅助信息，不得用于指导临床用药或伴随诊断。","Ⅰ"
1570,24,"仅提供辅助诊断信息的免疫组化用单一抗体试剂",24278,"间皮素蛋白（Mesothelin）抗体试剂","在常规染色（如：HE染色）基础上进行免疫组织化学染色，为病理医师提供诊断的辅助信息，不得用于指导临床用药或伴随诊断。","Ⅰ"
1571,24,"仅提供辅助诊断信息的免疫组化用单一抗体试剂",24279,"降钙素（Calcitonin）抗体试剂","在常规染色（如：HE染色）基础上进行免疫组织化学染色，为病理医师提供诊断的辅助信息，不得用于指导临床用药或伴随诊断。","Ⅰ"
1572,24,"仅提供辅助诊断信息的免疫组化用单一抗体试剂",24280,"胶质纤维酸性蛋白（GFAP）抗体试剂","在常规染色（如：HE染色）基础上进行免疫组织化学染色，为病理医师提供诊断的辅助信息，不得用于指导临床用药或伴随诊断。","Ⅰ"
1573,24,"仅提供辅助诊断信息的免疫组化用单一抗体试剂",24281,"窖蛋白-1（Caveolin-1）抗体试剂","在常规染色（如：HE染色）基础上进行免疫组织化学染色，为病理医师提供诊断的辅助信息，不得用于指导临床用药或伴随诊断。","Ⅰ"
1574,24,"仅提供辅助诊断信息的免疫组化用单一抗体试剂",24282,"结蛋白（Desmin）抗体试剂","在常规染色（如：HE染色）基础上进行免疫组织化学染色，为病理医师提供诊断的辅助信息，不得用于指导临床用药或伴随诊断。","Ⅰ"
1575,24,"仅提供辅助诊断信息的免疫组化用单一抗体试剂",24283,"紧密连接蛋白-1（Claudin-1）抗体试剂","在常规染色（如：HE染色）基础上进行免疫组织化学染色，为病理医师提供诊断的辅助信息，不得用于指导临床用药或伴随诊断。","Ⅰ"
1576,24,"仅提供辅助诊断信息的免疫组化用单一抗体试剂",24284,"紧密连接蛋白-18.2（Claudin-18.2）抗体试剂","在常规染色（如：HE染色）基础上进行免疫组织化学染色，为病理医师提供诊断的辅助信息，不得用于指导临床用药或伴随诊断。","Ⅰ"
1577,24,"仅提供辅助诊断信息的免疫组化用单一抗体试剂",24285,"紧密连接蛋白-3（Claudin-3）抗体试剂","在常规染色（如：HE染色）基础上进行免疫组织化学染色，为病理医师提供诊断的辅助信息，不得用于指导临床用药或伴随诊断。","Ⅰ"
1578,24,"仅提供辅助诊断信息的免疫组化用单一抗体试剂",24286,"紧密连接蛋白-4（Claudin-4）抗体试剂","在常规染色（如：HE染色）基础上进行免疫组织化学染色，为病理医师提供诊断的辅助信息，不得用于指导临床用药或伴随诊断。","Ⅰ"
1579,24,"仅提供辅助诊断信息的免疫组化用单一抗体试剂",24287,"紧密连接蛋白-7（Claudin-7）抗体试剂","在常规染色（如：HE染色）基础上进行免疫组织化学染色，为病理医师提供诊断的辅助信息，不得用于指导临床用药或伴随诊断。","Ⅰ"
1580,24,"仅提供辅助诊断信息的免疫组化用单一抗体试剂",24288,"精氨酸酶-1（Arginase-1）抗体试剂","在常规染色（如：HE染色）基础上进行免疫组织化学染色，为病理医师提供诊断的辅助信息，不得用于指导临床用药或伴随诊断。","Ⅰ"
1581,24,"仅提供辅助诊断信息的免疫组化用单一抗体试剂",24289,"巨噬细胞（Macrophage）抗体试剂","在常规染色（如：HE染色）基础上进行免疫组织化学染色，为病理医师提供诊断的辅助信息，不得用于指导临床用药或伴随诊断。","Ⅰ"
1582,24,"仅提供辅助诊断信息的免疫组化用单一抗体试剂",24290,"聚束蛋白（Fascin）抗体试剂","在常规染色（如：HE染色）基础上进行免疫组织化学染色，为病理医师提供诊断的辅助信息，不得用于指导临床用药或伴随诊断。","Ⅰ"
1583,24,"仅提供辅助诊断信息的免疫组化用单一抗体试剂",24291,"抗酒石酸酸性磷酸酶（TRACP）抗体试剂","在常规染色（如：HE染色）基础上进行免疫组织化学染色，为病理医师提供诊断的辅助信息，不得用于指导临床用药或伴随诊断。","Ⅰ"
1584,24,"仅提供辅助诊断信息的免疫组化用单一抗体试剂",24292,"抗平滑肌抗体（SMA）抗体试剂","在常规染色（如：HE染色）基础上进行免疫组织化学染色，为病理医师提供诊断的辅助信息，不得用于指导临床用药或伴随诊断。","Ⅰ"
1585,24,"仅提供辅助诊断信息的免疫组化用单一抗体试剂",24293,"平滑肌肌球蛋白（Smooth Muscle Myosin）抗体试剂","在常规染色（如：HE染色）基础上进行免疫组织化学染色，为病理医师提供诊断的辅助信息，不得用于指导临床用药或伴随诊断。","Ⅰ"
1586,24,"仅提供辅助诊断信息的免疫组化用单一抗体试剂",24294,"抗人端粒酶逆转录酶（h-TERT）蛋白抗体试剂","在常规染色（如：HE染色）基础上进行免疫组织化学染色，为病理医师提供诊断的辅助信息，不得用于指导临床用药或伴随诊断。","Ⅰ"
1587,24,"仅提供辅助诊断信息的免疫组化用单一抗体试剂",24295,"抗血栓调节蛋白抗体试剂","在常规染色（如：HE染色）基础上进行免疫组织化学染色，为病理医师提供诊断的辅助信息，不得用于指导临床用药或伴随诊断。","Ⅰ"
1588,24,"仅提供辅助诊断信息的免疫组化用单一抗体试剂",24296,"抗胰岛素样生长因子受体1抗体试剂","在常规染色（如：HE染色）基础上进行免疫组织化学染色，为病理医师提供诊断的辅助信息，不得用于指导临床用药或伴随诊断。","Ⅰ"
1589,24,"仅提供辅助诊断信息的免疫组化用单一抗体试剂",24297,"颗粒酶B（Granzyme B）抗体试剂","在常规染色（如：HE染色）基础上进行免疫组织化学染色，为病理医师提供诊断的辅助信息，不得用于指导临床用药或伴随诊断。","Ⅰ"
1590,24,"仅提供辅助诊断信息的免疫组化用单一抗体试剂",24298,"酪氨酸酶（Tyrosinase）抗体试剂","在常规染色（如：HE染色）基础上进行免疫组织化学染色，为病理医师提供诊断的辅助信息，不得用于指导临床用药或伴随诊断。","Ⅰ"
1591,24,"仅提供辅助诊断信息的免疫组化用单一抗体试剂",24299,"类固醇生成因子-1（SF-1）抗体试剂","在常规染色（如：HE染色）基础上进行免疫组织化学染色，为病理医师提供诊断的辅助信息，不得用于指导临床用药或伴随诊断。","Ⅰ"
1592,24,"仅提供辅助诊断信息的免疫组化用单一抗体试剂",24300,"类胰蛋白酶（Tryptase）抗体试剂","在常规染色（如：HE染色）基础上进行免疫组织化学染色，为病理医师提供诊断的辅助信息，不得用于指导临床用药或伴随诊断。","Ⅰ"
1593,24,"仅提供辅助诊断信息的免疫组化用单一抗体试剂",24301,"磷酸化组蛋白H3（PHH3）抗体试剂","在常规染色（如：HE染色）基础上进行免疫组织化学染色，为病理医师提供诊断的辅助信息，不得用于指导临床用药或伴随诊断。","Ⅰ"
1594,24,"仅提供辅助诊断信息的免疫组化用单一抗体试剂",24302,"膜联蛋白A1（Annexin A1）抗体试剂","在常规染色（如：HE染色）基础上进行免疫组织化学染色，为病理医师提供诊断的辅助信息，不得用于指导临床用药或伴随诊断。","Ⅰ"
1595,24,"仅提供辅助诊断信息的免疫组化用单一抗体试剂",24303,"凝血因子Ⅷ（FactorⅧ）受体抗体试剂","在常规染色（如：HE染色）基础上进行免疫组织化学染色，为病理医师提供诊断的辅助信息，不得用于指导临床用药或伴随诊断。","Ⅰ"
1596,24,"仅提供辅助诊断信息的免疫组化用单一抗体试剂",24304,"纽约食管鳞状细胞癌1（NY-ESO-1）抗体试剂","在常规染色（如：HE染色）基础上进行免疫组织化学染色，为病理医师提供诊断的辅助信息，不得用于指导临床用药或伴随诊断。","Ⅰ"
1597,24,"仅提供辅助诊断信息的免疫组化用单一抗体试剂",24305,"平足蛋白（Podoplanin）抗体试剂","在常规染色（如：HE染色）基础上进行免疫组织化学染色，为病理医师提供诊断的辅助信息，不得用于指导临床用药或伴随诊断。","Ⅰ"
1598,24,"仅提供辅助诊断信息的免疫组化用单一抗体试剂",24306,"前列腺癌相关蛋白P501S（P501S）抗体试剂","在常规染色（如：HE染色）基础上进行免疫组织化学染色，为病理医师提供诊断的辅助信息，不得用于指导临床用药或伴随诊断。","Ⅰ"
1599,24,"仅提供辅助诊断信息的免疫组化用单一抗体试剂",24307,"前列腺干细胞抗原（PSCA）抗体试剂","在常规染色（如：HE染色）基础上进行免疫组织化学染色，为病理医师提供诊断的辅助信息，不得用于指导临床用药或伴随诊断。","Ⅰ"
1600,24,"仅提供辅助诊断信息的免疫组化用单一抗体试剂",24308,"前列腺酸性磷酸酶（PAP）抗体试剂","在常规染色（如：HE染色）基础上进行免疫组织化学染色，为病理医师提供诊断的辅助信息，不得用于指导临床用药或伴随诊断。","Ⅰ"
1601,24,"仅提供辅助诊断信息的免疫组化用单一抗体试剂",24309,"桥粒芯蛋白3（DSG3）抗体试剂","在常规染色（如：HE染色）基础上进行免疫组织化学染色，为病理医师提供诊断的辅助信息，不得用于指导临床用药或伴随诊断。","Ⅰ"
1602,24,"仅提供辅助诊断信息的免疫组化用单一抗体试剂",24310,"热休克蛋白70（HSP70）抗体试剂","在常规染色（如：HE染色）基础上进行免疫组织化学染色，为病理医师提供诊断的辅助信息，不得用于指导临床用药或伴随诊断。","Ⅰ"
1603,24,"仅提供辅助诊断信息的免疫组化用单一抗体试剂",24311,"促黄体生成素（LH）抗体试剂","在常规染色（如：HE染色）基础上进行免疫组织化学染色，为病理医师提供诊断的辅助信息，不得用于指导临床用药或伴随诊断。","Ⅰ"
1604,24,"仅提供辅助诊断信息的免疫组化用单一抗体试剂",24312,"促黄体生成素β亚基（β-LH）抗体试剂","在常规染色（如：HE染色）基础上进行免疫组织化学染色，为病理医师提供诊断的辅助信息，不得用于指导临床用药或伴随诊断。","Ⅰ"
1605,24,"仅提供辅助诊断信息的免疫组化用单一抗体试剂",24313,"促卵泡生成素β亚基（β-FSH）抗体试剂","在常规染色（如：HE染色）基础上进行免疫组织化学染色，为病理医师提供诊断的辅助信息，不得用于指导临床用药或伴随诊断。","Ⅰ"
1606,24,"仅提供辅助诊断信息的免疫组化用单一抗体试剂",24314,"促卵泡生成素（FSH）抗体试剂","在常规染色（如：HE染色）基础上进行免疫组织化学染色，为病理医师提供诊断的辅助信息，不得用于指导临床用药或伴随诊断。","Ⅰ"
1607,24,"仅提供辅助诊断信息的免疫组化用单一抗体试剂",24315,"人胎盘泌乳素（Human Placental Lactogen，HPL）抗体试剂","在常规染色（如：HE染色）基础上进行免疫组织化学染色，为病理医师提供诊断的辅助信息，不得用于指导临床用药或伴随诊断。","Ⅰ"
1608,24,"仅提供辅助诊断信息的免疫组化用单一抗体试剂",24316,"FLI-1抗体试剂","在常规染色（如：HE染色）基础上进行免疫组织化学染色，为医师提供诊断的辅助信息，不得用于指导临床用药或伴随诊断。","Ⅰ"
1609,24,"仅提供辅助诊断信息的免疫组化用单一抗体试剂",24317,"人附睾蛋白4（HE4）抗体试剂","在常规染色（如：HE染色）基础上进行免疫组织化学染色，为病理医师提供诊断的辅助信息，不得用于指导临床用药或伴随诊断。","Ⅰ"
1610,24,"仅提供辅助诊断信息的免疫组化用单一抗体试剂",24318,"人疱疹病毒8型（HHV-8）抗体试剂","在常规染色（如：HE染色）基础上进行免疫组织化学染色，为病理医师提供诊断的辅助信息，不得用于指导临床用药或伴随诊断。","Ⅰ"
1611,24,"仅提供辅助诊断信息的免疫组化用单一抗体试剂",24319,"人绒毛膜促性腺激素（HCG）抗体试剂","在常规染色（如：HE染色）基础上进行免疫组织化学染色，为病理医师提供诊断的辅助信息，不得用于指导临床用药或伴随诊断。","Ⅰ"
1612,24,"仅提供辅助诊断信息的免疫组化用单一抗体试剂",24320,"人乳脂肪球膜蛋白（MFG1）抗体试剂","在常规染色（如：HE染色）基础上进行免疫组织化学染色，为病理医师提供诊断的辅助信息，不得用于指导临床用药或伴随诊断。","Ⅰ"
1613,24,"仅提供辅助诊断信息的免疫组化用单一抗体试剂",24321,"生长激素抗体试剂","在常规染色（如：HE染色）基础上进行免疫组织化学染色，为病理医师提供诊断的辅助信息，不得用于指导临床用药或伴随诊断。","Ⅰ"
1614,24,"仅提供辅助诊断信息的免疫组化用单一抗体试剂",24322,"生长抑素（Somatostatin）抗体试剂","在常规染色（如：HE染色）基础上进行免疫组织化学染色，为病理医师提供诊断的辅助信息，不得用于指导临床用药或伴随诊断。","Ⅰ"
1615,24,"仅提供辅助诊断信息的免疫组化用单一抗体试剂",24323,"人糖蛋白激素α亚基（hCG-α）抗体试剂","在常规染色（如：HE染色）基础上进行免疫组织化学染色，为病理医师提供诊断的辅助信息，不得用于指导临床用药或伴随诊断。","Ⅰ"
1616,24,"仅提供辅助诊断信息的免疫组化用单一抗体试剂",24324,"绒毛蛋白（Villin）抗体试剂","在常规染色（如：HE染色）基础上进行免疫组织化学染色，为病理医师提供诊断的辅助信息，不得用于指导临床用药或伴随诊断。","Ⅰ"
1617,24,"仅提供辅助诊断信息的免疫组化用单一抗体试剂",24325,"溶菌酶（Lysozyme）抗体试剂","在常规染色（如：HE染色）基础上进行免疫组织化学染色，为病理医师提供诊断的辅助信息，不得用于指导临床用药或伴随诊断。","Ⅰ"
1618,24,"仅提供辅助诊断信息的免疫组化用单一抗体试剂",24326,"乳腺珠蛋白（Mammaglobin）抗体试剂","在常规染色（如：HE染色）基础上进行免疫组织化学染色，为病理医师提供诊断的辅助信息，不得用于指导临床用药或伴随诊断。","Ⅰ"
1619,24,"仅提供辅助诊断信息的免疫组化用单一抗体试剂",24327,"神经核抗原（NeuN）抗体试剂","在常规染色（如：HE染色）基础上进行免疫组织化学染色，为病理医师提供诊断的辅助信息，不得用于指导临床用药或伴随诊断。","Ⅰ"
1620,24,"仅提供辅助诊断信息的免疫组化用单一抗体试剂",24328,"神经生长因子受体（NGFR）抗体试剂","在常规染色（如：HE染色）基础上进行免疫组织化学染色，为病理医师提供诊断的辅助信息，不得用于指导临床用药或伴随诊断。","Ⅰ"
1621,24,"仅提供辅助诊断信息的免疫组化用单一抗体试剂",24329,"神经丝蛋白（Neurofilament）抗体试剂","在常规染色（如：HE染色）基础上进行免疫组织化学染色，为病理医师提供诊断的辅助信息，不得用于指导临床用药或伴随诊断。","Ⅰ"
1622,24,"仅提供辅助诊断信息的免疫组化用单一抗体试剂",24330,"神经原烯醇化酶（NSE）抗体试剂","在常规染色（如：HE染色）基础上进行免疫组织化学染色，为病理医师提供诊断的辅助信息，不得用于指导临床用药或伴随诊断。","Ⅰ"
1623,24,"仅提供辅助诊断信息的免疫组化用单一抗体试剂",24331,"肾细胞癌标志物（Renal Cell Carcinoma Marker）抗体试剂","在常规染色（如：HE染色）基础上进行免疫组织化学染色，为病理医师提供诊断的辅助信息，不得用于指导临床用药或伴随诊断。","Ⅰ"
1624,24,"仅提供辅助诊断信息的免疫组化用单一抗体试剂",24332,"生长激素因子-1（PIT-1）抗体试剂","在常规染色（如：HE染色）基础上进行免疫组织化学染色，为病理医师提供诊断的辅助信息，不得用于指导临床用药或伴随诊断。","Ⅰ"
1625,24,"仅提供辅助诊断信息的免疫组化用单一抗体试剂",24333,"嗜铬粒蛋白A（Chromogranin A）抗体试剂","在常规染色（如：HE染色）基础上进行免疫组织化学染色，为病理医师提供诊断的辅助信息，不得用于指导临床用药或伴随诊断。","Ⅰ"
1626,24,"仅提供辅助诊断信息的免疫组化用单一抗体试剂",24334,"丝聚蛋白-1（Filaggrin-1）抗体试剂","在常规染色（如：HE染色）基础上进行免疫组织化学染色，为病理医师提供诊断的辅助信息，不得用于指导临床用药或伴随诊断。","Ⅰ"
1627,24,"仅提供辅助诊断信息的免疫组化用单一抗体试剂",24335,"髓过氧化物酶（MPO）抗体试剂","在常规染色（如：HE染色）基础上进行免疫组织化学染色，为病理医师提供诊断的辅助信息，不得用于指导临床用药或伴随诊断。","Ⅰ"
1628,24,"仅提供辅助诊断信息的免疫组化用单一抗体试剂",24336,"髓鞘碱性蛋白（MBP）抗体试剂","在常规染色（如：HE染色）基础上进行免疫组织化学染色，为病理医师提供诊断的辅助信息，不得用于指导临床用药或伴随诊断。","Ⅰ"
1629,24,"仅提供辅助诊断信息的免疫组化用单一抗体试剂",24337,"碳酸酐酶9（CA IX）抗体试剂","在常规染色（如：HE染色）基础上进行免疫组织化学染色，为病理医师提供诊断的辅助信息，不得用于指导临床用药或伴随诊断。","Ⅰ"
1630,24,"仅提供辅助诊断信息的免疫组化用单一抗体试剂",24338,"糖蛋白P（P-Glycoprotein）抗体试剂","在常规染色（如：HE染色）基础上进行免疫组织化学染色，为病理医师提供诊断的辅助信息，不得用于指导临床用药或伴随诊断。","Ⅰ"
1631,24,"仅提供辅助诊断信息的免疫组化用单一抗体试剂",24339,"天冬氨酸蛋白酶（Napsin A）抗体试剂","在常规染色（如：HE染色）基础上进行免疫组织化学染色，为病理医师提供诊断的辅助信息，不得用于指导临床用药或伴随诊断。","Ⅰ"
1632,24,"仅提供辅助诊断信息的免疫组化用单一抗体试剂",24340,"同种异体移植炎症因子1（AIF1）抗体试剂","在常规染色（如：HE染色）基础上进行免疫组织化学染色，为病理医师提供诊断的辅助信息，不得用于指导临床用药或伴随诊断。","Ⅰ"
1633,24,"仅提供辅助诊断信息的免疫组化用单一抗体试剂",24341,"突触素（Synaptophysin）抗体试剂","在常规染色（如：HE染色）基础上进行免疫组织化学染色，为病理医师提供诊断的辅助信息，不得用于指导临床用药或伴随诊断。","Ⅰ"
1634,24,"仅提供辅助诊断信息的免疫组化用单一抗体试剂",24342,"微管蛋白β（Tubulin-β）抗体试剂","在常规染色（如：HE染色）基础上进行免疫组织化学染色，为病理医师提供诊断的辅助信息，不得用于指导临床用药或伴随诊断。","Ⅰ"
1635,24,"仅提供辅助诊断信息的免疫组化用单一抗体试剂",24343,"微管解聚蛋白（Stathmin）抗体试剂","在常规染色（如：HE染色）基础上进行免疫组织化学染色，为病理医师提供诊断的辅助信息，不得用于指导临床用药或伴随诊断。","Ⅰ"
1636,24,"仅提供辅助诊断信息的免疫组化用单一抗体试剂",24344,"微小染色体维持蛋白2（MCM2）抗体试剂","在常规染色（如：HE染色）基础上进行免疫组织化学染色，为病理医师提供诊断的辅助信息，不得用于指导临床用药或伴随诊断。","Ⅰ"
1637,24,"仅提供辅助诊断信息的免疫组化用单一抗体试剂",24345,"胃泌素（Gastrin）抗体试剂","在常规染色（如：HE染色）基础上进行免疫组织化学染色，为病理医师提供诊断的辅助信息，不得用于指导临床用药或伴随诊断。","Ⅰ"
1638,24,"仅提供辅助诊断信息的免疫组化用单一抗体试剂",24346,"细胞角蛋白CK34Betaβ E（高分子量）抗体试剂","在常规染色（如：HE染色）基础上进行免疫组织化学染色，为病理医师提供诊断的辅助信息，不得用于指导临床用药或伴随诊断。","Ⅰ"
1639,24,"仅提供辅助诊断信息的免疫组化用单一抗体试剂",24347,"细胞角蛋白（低分子量）抗体试剂","在常规染色（如：HE染色）基础上进行免疫组织化学染色，为病理医师提供诊断的辅助信息，不得用于指导临床用药或伴随诊断。","Ⅰ"
1640,24,"仅提供辅助诊断信息的免疫组化用单一抗体试剂",24348,"细胞角蛋白（高分子量）抗体试剂","在常规染色（如：HE染色）基础上进行免疫组织化学染色，为病理医师提供诊断的辅助信息，不得用于指导临床用药或伴随诊断。","Ⅰ"
1641,24,"仅提供辅助诊断信息的免疫组化用单一抗体试剂",24349,"细胞角蛋白（广谱）抗体试剂","在常规染色（如：HE染色）基础上进行免疫组织化学染色，为病理医师提供诊断的辅助信息，不得用于指导临床用药或伴随诊断。","Ⅰ"
1642,24,"仅提供辅助诊断信息的免疫组化用单一抗体试剂",24350,"滋养层细胞表面抗原2（TROP2）抗体试剂","在常规染色（如：HE染色）基础上进行免疫组织化学染色，为病理医师提供诊断的辅助信息，不得用于指导临床用药或伴随诊断。","Ⅰ"
1643,24,"仅提供辅助诊断信息的免疫组化用单一抗体试剂",24351,"肌球蛋白轻链2（Myosin Light Chain2）抗体试剂","在常规染色（如：HE染色）基础上进行免疫组织化学染色，为病理医师提供诊断的辅助信息，不得用于指导临床用药或伴随诊断。","Ⅰ"
1644,24,"仅提供辅助诊断信息的免疫组化用单一抗体试剂",24352,"重链铁蛋白（Ferritin HC）抗体试剂","在常规染色（如：HE染色）基础上进行免疫组织化学染色，为病理医师提供诊断的辅助信息，不得用于指导临床用药或伴随诊断。","Ⅰ"
1645,24,"仅提供辅助诊断信息的免疫组化用单一抗体试剂",24353,"人疱疹病毒4型（EBV）抗体试剂","在常规染色（如：HE染色）基础上进行免疫组织化学染色，为病理医师提供诊断的辅助信息，不得用于指导临床用药或伴随诊断。","Ⅰ"
1646,24,"仅提供辅助诊断信息的免疫组化用单一抗体试剂",24354,"γ-肌聚糖蛋白（Gamma Sarcoglycan）抗体试剂","在常规染色（如：HE染色）基础上进行免疫组织化学染色，为病理医师提供诊断的辅助信息，不得用于指导临床用药或伴随诊断。","Ⅰ"
1647,24,"仅提供辅助诊断信息的免疫组化用单一抗体试剂",24355,"抗广谱原肌球蛋白受体激酶（TRK）抗体试剂","在常规染色（如：HE染色）基础上进行免疫组织化学染色，为病理医师提供诊断的辅助信息，不得用于指导临床用药或伴随诊断。","Ⅰ"
1648,24,"仅提供辅助诊断信息的免疫组化用单一抗体试剂",24356,"基质重塑相关蛋白8（Mxra8）抗体试剂","在常规染色（如：HE染色）基础上进行免疫组织化学染色，为病理医师提供诊断的辅助信息，不得用于指导临床用药或伴随诊断。","Ⅰ"
1649,24,"仅提供辅助诊断信息的免疫组化用单一抗体试剂",24357,"肺表面活性蛋白A（Surfactant Protein A）抗体试剂","在常规染色（如：HE染色）基础上进行免疫组织化学染色，为病理医师提供诊断的辅助信息，不得用于指导临床用药或伴随诊断。","Ⅰ"
1650,24,"仅提供辅助诊断信息的免疫组化用单一抗体试剂",24358,"Uroplakin Ⅱ抗体试剂","在常规染色（如：HE染色）基础上进行免疫组织化学染色，为病理医师提供诊断的辅助信息，不得用于指导临床用药或伴随诊断。","Ⅰ"
1651,24,"仅提供辅助诊断信息的免疫组化用单一抗体试剂",24359,"Uroplakin Ⅲ抗体试剂","在常规染色（如：HE染色）基础上进行免疫组织化学染色，为病理医师提供诊断的辅助信息，不得用于指导临床用药或伴随诊断。","Ⅰ"
1652,24,"仅提供辅助诊断信息的免疫组化用单一抗体试剂",24360,"髓样/组织细胞抗原（Myeloid/Histiocyte Antigen，MHA）抗体试剂","在常规染色（如：HE染色）基础上进行免疫组织化学染色，为病理医师提供诊断的辅助信息，不得用于指导临床用药或伴随诊断。","Ⅰ"
1653,24,"仅提供辅助诊断信息的免疫组化用单一抗体试剂",24361,"肌球蛋白重链（Myosin Heavy Chain）抗体试剂","在常规染色（如：HE染色）基础上进行免疫组织化学染色，为病理医师提供诊断的辅助信息，不得用于指导临床用药或伴随诊断。","Ⅰ"
1654,24,"仅提供辅助诊断信息的免疫组化用单一抗体试剂",24362,"生长抑素受体2（SSTR 2）抗体试剂","在常规染色（如：HE染色）基础上进行免疫组织化学染色，为病理医师提供诊断的辅助信息，不得用于指导临床用药或伴随诊断。","Ⅰ"
1655,24,"仅提供辅助诊断信息的免疫组化用单一抗体试剂",24363,"I型胶原（Collagen Type I）抗体试剂","在常规染色（如：HE染色）基础上进行免疫组织化学染色，为病理医师提供诊断的辅助信息，不得用于指导临床用药或伴随诊断。","Ⅰ"
1656,24,"仅提供辅助诊断信息的免疫组化用单一抗体试剂",24364,"连接蛋白43（Connexin 43，Cx43）抗体试剂","在常规染色（如：HE染色）基础上进行免疫组织化学染色，为病理医师提供诊断的辅助信息，不得用于指导临床用药或伴随诊断。","Ⅰ"
1657,24,"仅提供辅助诊断信息的免疫组化用单一抗体试剂",24365,"Factor XⅢ A抗体试剂","在常规染色（如：HE染色）基础上进行免疫组织化学染色，为病理医师提供诊断的辅助信息，不得用于指导临床用药或伴随诊断。","Ⅰ"
1658,24,"仅提供辅助诊断信息的免疫组化用单一抗体试剂",24366,"热休克蛋白27（HSP27）抗体试剂","在常规染色（如：HE染色）基础上进行免疫组织化学染色，为病理医师提供诊断的辅助信息，不得用于指导临床用药或伴随诊断。","Ⅰ"
1659,24,"仅提供辅助诊断信息的免疫组化用单一抗体试剂",24367,"骨骼肌肌球蛋白（Skeletal Myosin）抗体试剂","在常规染色（如：HE染色）基础上进行免疫组织化学染色，为病理医师提供诊断的辅助信息，不得用于指导临床用药或伴随诊断。","Ⅰ"
1660,24,"仅提供辅助诊断信息的免疫组化用单一抗体试剂",24368,"T细胞受体抗原β F1（TCRβ F1）抗体试剂","在常规染色（如：HE染色）基础上进行免疫组织化学染色，为病理医师提供诊断的辅助信息，不得用于指导临床用药或伴随诊断。","Ⅰ"
1661,24,"仅提供辅助诊断信息的免疫组化用单一抗体试剂",24369,"胸苷酸合成酶（Thymidylate Synthase，TS）抗体试剂","在常规染色（如：HE染色）基础上进行免疫组织化学染色，为病理医师提供诊断的辅助信息，不得用于指导临床用药或伴随诊断。","Ⅰ"
1662,24,"仅提供辅助诊断信息的免疫组化用单一抗体试剂",24370,"肌钙蛋白-T（Troponin T）抗体试剂","在常规染色（如：HE染色）基础上进行免疫组织化学染色，为病理医师提供诊断的辅助信息，不得用于指导临床用药或伴随诊断。","Ⅰ"
1663,24,"仅提供辅助诊断信息的免疫组化用单一抗体试剂",24371,"乙型肝炎病毒表面抗原（HBsAg） 抗体试剂","在常规染色（如：HE染色）基础上进行免疫组织化学染色，为病理医师提供诊断的辅助信息，不得用于指导临床用药或伴随诊断。","Ⅰ"
1664,24,"仅提供辅助诊断信息的免疫组化用单一抗体试剂",24372,"基质金属蛋白酶-9（MMP-9）抗体试剂","在常规染色（如：HE染色）基础上进行免疫组织化学染色，为病理医师提供诊断的辅助信息，不得用于指导临床用药或伴随诊断。","Ⅰ"
1665,24,"仅提供辅助诊断信息的免疫组化用单一抗体试剂",24373,"钙黏附蛋白17（Cadherin 17）抗体试剂","在常规染色（如：HE染色）基础上进行免疫组织化学染色，为病理医师提供诊断的辅助信息，不得用于指导临床用药或伴随诊断。","Ⅰ"
1666,24,"仅提供辅助诊断信息的免疫组化用单一抗体试剂",24374,"CD44v6抗体试剂","在常规染色（如：HE染色）基础上进行免疫组织化学染色，为病理医师提供诊断的辅助信息，不得用于指导临床用药或伴随诊断。","Ⅰ"
1667,24,"仅提供辅助诊断信息的免疫组化用单一抗体试剂",24375,"ARID1A抗体试剂","在常规染色（如：HE染色）基础上进行免疫组织化学染色，为病理医师提供诊断的辅助信息，不得用于指导临床用药或伴随诊断。","Ⅰ"
1668,24,"仅提供辅助诊断信息的免疫组化用单一抗体试剂",24376,"NKX6.1抗体试剂","在常规染色（如：HE染色）基础上进行免疫组织化学染色，为病理医师提供诊断的辅助信息，不得用于指导临床用药或伴随诊断。","Ⅰ"
1669,24,"仅提供辅助诊断信息的免疫组化用单一抗体试剂",24377,"ETV4抗体试剂","在常规染色（如：HE染色）基础上进行免疫组织化学染色，为病理医师提供诊断的辅助信息，不得用于指导临床用药或伴随诊断。","Ⅰ"
1670,24,"仅提供辅助诊断信息的免疫组化用单一抗体试剂",24378,"SMARCA2（BRM）抗体试剂","在常规染色（如：HE染色）基础上进行免疫组织化学染色，为病理医师提供诊断的辅助信息，不得用于指导临床用药或伴随诊断。","Ⅰ"
1671,24,"仅提供辅助诊断信息的免疫组化用单一抗体试剂",24379,"HSD3B1抗体试剂","在常规染色（如：HE染色）基础上进行免疫组织化学染色，为病理医师提供诊断的辅助信息，不得用于指导临床用药或伴随诊断。","Ⅰ"
1672,24,"仅提供辅助诊断信息的免疫组化用单一抗体试剂",24380,"PRDM10抗体试剂","在常规染色（如：HE染色）基础上进行免疫组织化学染色，为病理医师提供诊断的辅助信息，不得用于指导临床用药或伴随诊断。","Ⅰ"
1673,24,"仅提供辅助诊断信息的免疫组化用单一抗体试剂",24381,"细胞角蛋白4（CK4）抗体试剂","在常规染色（如：HE染色）基础上进行免疫组织化学染色，为病理医师提供诊断的辅助信息，不得用于指导临床用药或伴随诊断。","Ⅰ"
1674,24,"仅提供辅助诊断信息的免疫组化用单一抗体试剂",24382,"细胞角蛋白10（CK10）抗体试剂","在常规染色（如：HE染色）基础上进行免疫组织化学染色，为病理医师提供诊断的辅助信息，不得用于指导临床用药或伴随诊断。","Ⅰ"
1675,24,"仅提供辅助诊断信息的免疫组化用单一抗体试剂",24383,"细胞角蛋白13（CK13）抗体试剂","在常规染色（如：HE染色）基础上进行免疫组织化学染色，为病理医师提供诊断的辅助信息，不得用于指导临床用药或伴随诊断。","Ⅰ"
1676,24,"仅提供辅助诊断信息的免疫组化用单一抗体试剂",24384,"细胞角蛋白14（CK14）抗体试剂","在常规染色（如：HE染色）基础上进行免疫组织化学染色，为病理医师提供诊断的辅助信息，不得用于指导临床用药或伴随诊断。","Ⅰ"
1677,24,"仅提供辅助诊断信息的免疫组化用单一抗体试剂",24385,"细胞角蛋白16（CK16）抗体试剂","在常规染色（如：HE染色）基础上进行免疫组织化学染色，为病理医师提供诊断的辅助信息，不得用于指导临床用药或伴随诊断。","Ⅰ"
1678,24,"仅提供辅助诊断信息的免疫组化用单一抗体试剂",24386,"细胞角蛋白17（CK17）抗体试剂","在常规染色（如：HE染色）基础上进行免疫组织化学染色，为病理医师提供诊断的辅助信息，不得用于指导临床用药或伴随诊断。","Ⅰ"
1679,24,"仅提供辅助诊断信息的免疫组化用单一抗体试剂",24387,"细胞角蛋白18（CK18）抗体试剂","在常规染色（如：HE染色）基础上进行免疫组织化学染色，为病理医师提供诊断的辅助信息，不得用于指导临床用药或伴随诊断。","Ⅰ"
1680,24,"仅提供辅助诊断信息的免疫组化用单一抗体试剂",24388,"细胞角蛋白19（CK19）抗体试剂","在常规染色（如：HE染色）基础上进行免疫组织化学染色，为病理医师提供诊断的辅助信息，不得用于指导临床用药或伴随诊断。","Ⅰ"
1681,24,"仅提供辅助诊断信息的免疫组化用单一抗体试剂",24389,"细胞角蛋白20（CK20）抗体试剂","在常规染色（如：HE染色）基础上进行免疫组织化学染色，为病理医师提供诊断的辅助信息，不得用于指导临床用药或伴随诊断。","Ⅰ"
1682,24,"仅提供辅助诊断信息的免疫组化用单一抗体试剂",24390,"细胞角蛋白5/14抗体试剂","在常规染色（如：HE染色）基础上进行免疫组织化学染色，为病理医师提供诊断的辅助信息，不得用于指导临床用药或伴随诊断。","Ⅰ"
1683,24,"仅提供辅助诊断信息的免疫组化用单一抗体试剂",24391,"细胞角蛋白5/6抗体试剂","在常规染色（如：HE染色）基础上进行免疫组织化学染色，为病理医师提供诊断的辅助信息，不得用于指导临床用药或伴随诊断。","Ⅰ"
1684,24,"仅提供辅助诊断信息的免疫组化用单一抗体试剂",24392,"细胞角蛋白5（CK5）抗体试剂","在常规染色（如：HE染色）基础上进行免疫组织化学染色，为病理医师提供诊断的辅助信息，不得用于指导临床用药或伴随诊断。","Ⅰ"
1685,24,"仅提供辅助诊断信息的免疫组化用单一抗体试剂",24393,"细胞角蛋白6（CK6）抗体试剂","在常规染色（如：HE染色）基础上进行免疫组织化学染色，为病理医师提供诊断的辅助信息，不得用于指导临床用药或伴随诊断。","Ⅰ"
1686,24,"仅提供辅助诊断信息的免疫组化用单一抗体试剂",24394,"细胞角蛋白7（CK7）抗体试剂","在常规染色（如：HE染色）基础上进行免疫组织化学染色，为病理医师提供诊断的辅助信息，不得用于指导临床用药或伴随诊断。","Ⅰ"
1687,24,"仅提供辅助诊断信息的免疫组化用单一抗体试剂",24395,"细胞角蛋白8/18抗体试剂","在常规染色（如：HE染色）基础上进行免疫组织化学染色，为病理医师提供诊断的辅助信息，不得用于指导临床用药或伴随诊断。","Ⅰ"
1688,24,"仅提供辅助诊断信息的免疫组化用单一抗体试剂",24396,"细胞角蛋白8（CK8）抗体试剂","在常规染色（如：HE染色）基础上进行免疫组织化学染色，为病理医师提供诊断的辅助信息，不得用于指导临床用药或伴随诊断。","Ⅰ"
1689,24,"仅提供辅助诊断信息的免疫组化用单一抗体试剂",24397,"细胞角蛋白CAM5.2抗体试剂","在常规染色（如：HE染色）基础上进行免疫组织化学染色，为病理医师提供诊断的辅助信息，不得用于指导临床用药或伴随诊断。","Ⅰ"
1690,24,"仅提供辅助诊断信息的免疫组化用单一抗体试剂",24398,"细胞周期蛋白（Cyclin）D1蛋白抗体试剂","在常规染色（如：HE染色）基础上进行免疫组织化学染色，为病理医师提供诊断的辅助信息，不得用于指导临床用药或伴随诊断。","Ⅰ"
1691,24,"仅提供辅助诊断信息的免疫组化用单一抗体试剂",24399,"细胞周期蛋白E抗体试剂","在常规染色（如：HE染色）基础上进行免疫组织化学染色，为病理医师提供诊断的辅助信息，不得用于指导临床用药或伴随诊断。","Ⅰ"
1692,24,"仅提供辅助诊断信息的免疫组化用单一抗体试剂",24400,"细胞周期蛋白依赖性激酶4（CDK4）抗体试剂","在常规染色（如：HE染色）基础上进行免疫组织化学染色，为病理医师提供诊断的辅助信息，不得用于指导临床用药或伴随诊断。","Ⅰ"
1693,24,"仅提供辅助诊断信息的免疫组化用单一抗体试剂",24401,"纤维蛋白原（Fibrinogen）抗体试剂","在常规染色（如：HE染色）基础上进行免疫组织化学染色，为病理医师提供诊断的辅助信息，不得用于指导临床用药或伴随诊断。","Ⅰ"
1694,24,"仅提供辅助诊断信息的免疫组化用单一抗体试剂",24402,"纤维连接蛋白（Fibronectin）抗体试剂","在常规染色（如：HE染色）基础上进行免疫组织化学染色，为病理医师提供诊断的辅助信息，不得用于指导临床用药或伴随诊断。","Ⅰ"
1695,24,"仅提供辅助诊断信息的免疫组化用单一抗体试剂",24403,"腺病毒（Adenovirus）抗体试剂","在常规染色（如：HE染色）基础上进行免疫组织化学染色，为病理医师提供诊断的辅助信息，不得用于指导临床用药或伴随诊断。","Ⅰ"
1696,24,"仅提供辅助诊断信息的免疫组化用单一抗体试剂",24404,"小眼相关转录因子（MiTF）抗体试剂","在常规染色（如：HE染色）基础上进行免疫组织化学染色，为病理医师提供诊断的辅助信息，不得用于指导临床用药或伴随诊断。","Ⅰ"
1697,24,"仅提供辅助诊断信息的免疫组化用单一抗体试剂",24405,"胸苷激酶1抗体试剂","在常规染色（如：HE染色）基础上进行免疫组织化学染色，为病理医师提供诊断的辅助信息，不得用于指导临床用药或伴随诊断。","Ⅰ"
1698,24,"仅提供辅助诊断信息的免疫组化用单一抗体试剂",24406,"胸苷磷酸化酶（TP）抗体试剂","在常规染色（如：HE染色）基础上进行免疫组织化学染色，为病理医师提供诊断的辅助信息，不得用于指导临床用药或伴随诊断。","Ⅰ"
1699,24,"仅提供辅助诊断信息的免疫组化用单一抗体试剂",24407,"雄激素受体（AR）抗体试剂","在常规染色（如：HE染色）基础上进行免疫组织化学染色，为病理医师提供诊断的辅助信息，不得用于指导临床用药或伴随诊断。","Ⅰ"
1700,24,"仅提供辅助诊断信息的免疫组化用单一抗体试剂",24408,"雄激素受体剪切变异体7（AR-V7）抗体试剂","在常规染色（如：HE染色）基础上进行免疫组织化学染色，为病理医师提供诊断的辅助信息，不得用于指导临床用药或伴随诊断。","Ⅰ"
1701,24,"仅提供辅助诊断信息的免疫组化用单一抗体试剂",24409,"血管活性肠多肽（VIP）抗体试剂","在常规染色（如：HE染色）基础上进行免疫组织化学染色，为病理医师提供诊断的辅助信息，不得用于指导临床用药或伴随诊断。","Ⅰ"
1702,24,"仅提供辅助诊断信息的免疫组化用单一抗体试剂",24410,"血管内皮生长因子（VEGF）抗体试剂","在常规染色（如：HE染色）基础上进行免疫组织化学染色，为病理医师提供诊断的辅助信息，不得用于指导临床用药或伴随诊断。","Ⅰ"
1703,24,"仅提供辅助诊断信息的免疫组化用单一抗体试剂",24411,"血管内皮生长因子受体2（VEGFR2）抗体试剂","在常规染色（如：HE染色）基础上进行免疫组织化学染色，为病理医师提供诊断的辅助信息，不得用于指导临床用药或伴随诊断。","Ⅰ"
1704,24,"仅提供辅助诊断信息的免疫组化用单一抗体试剂",24412,"血管内皮生长因子受体3（VEGFR3）抗体试剂","在常规染色（如：HE染色）基础上进行免疫组织化学染色，为病理医师提供诊断的辅助信息，不得用于指导临床用药或伴随诊断。","Ⅰ"
1705,24,"仅提供辅助诊断信息的免疫组化用单一抗体试剂",24413,"血管性血友病因子（vWF）抗体试剂","在常规染色（如：HE染色）基础上进行免疫组织化学染色，为病理医师提供诊断的辅助信息，不得用于指导临床用药或伴随诊断。","Ⅰ"
1706,24,"仅提供辅助诊断信息的免疫组化用单一抗体试剂",24414,"血小板衍生生长因子受体α（PDGFRα）抗体试剂","在常规染色（如：HE染色）基础上进行免疫组织化学染色，为病理医师提供诊断的辅助信息，不得用于指导临床用药或伴随诊断。","Ⅰ"
1707,24,"仅提供辅助诊断信息的免疫组化用单一抗体试剂",24415,"血型糖蛋白A（Glycophorin A，CD235a）抗体试剂","在常规染色（如：HE染色）基础上进行免疫组织化学染色，为病理医师提供诊断的辅助信息，不得用于指导临床用药或伴随诊断。","Ⅰ"
1708,24,"仅提供辅助诊断信息的免疫组化用单一抗体试剂",24416,"叶酸受体α（FRα）抗体试剂","在常规染色（如：HE染色）基础上进行免疫组织化学染色，为病理医师提供诊断的辅助信息，不得用于指导临床用药或伴随诊断。","Ⅰ"
1709,24,"仅提供辅助诊断信息的免疫组化用单一抗体试剂",24417,"胰岛蛋白（Langerin）抗体试剂","在常规染色（如：HE染色）基础上进行免疫组织化学染色，为病理医师提供诊断的辅助信息，不得用于指导临床用药或伴随诊断。","Ⅰ"
1710,24,"仅提供辅助诊断信息的免疫组化用单一抗体试剂",24418,"胰岛素（Insulin）抗体试剂","在常规染色（如：HE染色）基础上进行免疫组织化学染色，为病理医师提供诊断的辅助信息，不得用于指导临床用药或伴随诊断。","Ⅰ"
1711,24,"仅提供辅助诊断信息的免疫组化用单一抗体试剂",24419,"胰高血糖素（Glucagon）抗体试剂","在常规染色（如：HE染色）基础上进行免疫组织化学染色，为病理医师提供诊断的辅助信息，不得用于指导临床用药或伴随诊断。","Ⅰ"
1712,24,"仅提供辅助诊断信息的免疫组化用单一抗体试剂",24420,"乙型肝炎核心抗原（HBcAg）抗体试剂","在常规染色（如：HE染色）基础上进行免疫组织化学染色，为病理医师提供诊断的辅助信息，不得用于指导临床用药或伴随诊断。","Ⅰ"
1713,24,"仅提供辅助诊断信息的免疫组化用单一抗体试剂",24421,"抑制素α（Inhibin,alpha）抗体试剂","在常规染色（如：HE染色）基础上进行免疫组织化学染色，为病理医师提供诊断的辅助信息，不得用于指导临床用药或伴随诊断。","Ⅰ"
1714,24,"仅提供辅助诊断信息的免疫组化用单一抗体试剂",24422,"易粘蛋白（MTDH）抗体试剂","在常规染色（如：HE染色）基础上进行免疫组织化学染色，为病理医师提供诊断的辅助信息，不得用于指导临床用药或伴随诊断。","Ⅰ"
1715,24,"仅提供辅助诊断信息的免疫组化用单一抗体试剂",24423,"隐伏膜蛋白（EBV,LMP-1）抗体试剂","在常规染色（如：HE染色）基础上进行免疫组织化学染色，为病理医师提供诊断的辅助信息，不得用于指导临床用药或伴随诊断。","Ⅰ"
1716,24,"仅提供辅助诊断信息的免疫组化用单一抗体试剂",24424,"组织蛋白酶D（Cathepsin D）抗体试剂","在常规染色（如：HE染色）基础上进行免疫组织化学染色，为病理医师提供诊断的辅助信息，不得用于指导临床用药或伴随诊断。","Ⅰ"
1717,24,"仅提供辅助诊断信息的免疫组化用单一抗体试剂",24425,"CLDN18抗体检测试剂","在常规染色（如：HE染色）基础上进行免疫组织化学染色，为病理医师提供诊断的辅助信息，不得用于指导临床用药或伴随诊断。","Ⅰ"
1718,24,"仅提供辅助诊断信息的免疫组化用单一抗体试剂",24426,"Ber-EP4抗体试剂","在常规染色（如：HE染色）基础上进行免疫组织化学染色，为病理医师提供诊断的辅助信息，不得用于指导临床用药或伴随诊断。","Ⅰ"
1719,24,"仅提供辅助诊断信息的免疫组化用单一抗体试剂",24427,"表面活性蛋白B抗体试剂","在常规染色（如：HE染色）基础上进行免疫组织化学染色，为病理医师提供诊断的辅助信息，不得用于指导临床用药或伴随诊断。","Ⅰ"
1720,24,"仅提供辅助诊断信息的免疫组化用单一抗体试剂",24428,"层粘连蛋白-5-γ-2链抗体试剂","在常规染色（如：HE染色）基础上进行免疫组织化学染色，为病理医师提供诊断的辅助信息，不得用于指导临床用药或伴随诊断。","Ⅰ"
1721,24,"仅提供辅助诊断信息的免疫组化用单一抗体试剂",24429,"蛋白基因产物9.5（Protein Gene Product9.5）抗体试剂","在常规染色（如：HE染色）基础上进行免疫组织化学染色，为病理医师提供诊断的辅助信息，不得用于指导临床用药或伴随诊断。","Ⅰ"
1722,24,"仅提供辅助诊断信息的免疫组化用单一抗体试剂",24430,"促甲状腺激素（TSH）抗体试剂","在常规染色（如：HE染色）基础上进行免疫组织化学染色，为病理医师提供诊断的辅助信息，不得用于指导临床用药或伴随诊断。","Ⅰ"
1723,24,"仅提供辅助诊断信息的免疫组化用单一抗体试剂",24431,"NR4A3（NOR-1）抗体试剂","在常规染色（如：HE染色）基础上进行免疫组织化学染色，为病理医师提供诊断的辅助信息，不得用于指导临床用药或伴随诊断。","Ⅰ"
1724,24,"仅提供辅助诊断信息的免疫组化用单一抗体试剂",24432,"NF-κB/p50抗体试剂","在常规染色（如：HE染色）基础上进行免疫组织化学染色，为病理医师提供诊断的辅助信息，不得用于指导临床用药或伴随诊断。","Ⅰ"
1725,24,"仅提供辅助诊断信息的免疫组化用单一抗体试剂",24433,"人乳头瘤病毒（HPV）E7蛋白抗体试剂","在常规染色（如：HE染色）基础上进行免疫组织化学染色，为病理医师提供诊断的辅助信息，不得用于指导临床用药或伴随诊断。","Ⅰ"
1726,24,"仅提供辅助诊断信息的免疫组化用单一抗体试剂",24434,"人乳头瘤病毒16型（HPV16）抗体试剂","在常规染色（如：HE染色）基础上进行免疫组织化学染色，为病理医师提供诊断的辅助信息，不得用于指导临床用药或伴随诊断。","Ⅰ"
1727,24,"仅提供辅助诊断信息的免疫组化用单一抗体试剂",24435,"人乳头瘤病毒16/18 E6蛋白（HPV16/18-E6）抗体试剂","在常规染色（如：HE染色）基础上进行免疫组织化学染色，为病理医师提供诊断的辅助信息，不得用于指导临床用药或伴随诊断。","Ⅰ"
1728,24,"仅提供辅助诊断信息的免疫组化用单一抗体试剂",24436,"巨细胞病毒（CMV）抗体试剂","在常规染色（如：HE染色）基础上进行免疫组织化学染色，为病理医师提供诊断的辅助信息，不得用于指导临床用药或伴随诊断。","Ⅰ"
1729,24,"仅提供辅助诊断信息的免疫组化用单一抗体试剂",24437,"幽门螺旋杆菌（Helicobacter pylori）抗体试剂","在常规染色（如：HE染色）基础上进行免疫组织化学染色，为病理医师提供诊断的辅助信息，不得用于指导临床用药或伴随诊断。","Ⅰ"
1730,24,"仅提供辅助诊断信息的免疫组化用单一抗体试剂",24438,"乳头瘤病毒（Papilloma Virus）抗体试剂","在常规染色（如：HE染色）基础上进行免疫组织化学染色，为病理医师提供诊断的辅助信息，不得用于指导临床用药或伴随诊断。","Ⅰ"
1731,25,"仅提供辅助诊断信息的原位杂交用单一探针试剂",25001,"11q22.2基因缺失探针试剂","在常规染色基础上进行原位杂交染色，为医师提供诊断的辅助信息，不得用于指导临床用药或伴随诊断。","Ⅰ"
1732,25,"仅提供辅助诊断信息的原位杂交用单一探针试剂",25002,"7号染色体着丝粒探针试剂","在常规染色基础上进行原位杂交染色，为医师提供诊断的辅助信息，不得用于指导临床用药或伴随诊断。","Ⅰ"
1733,25,"仅提供辅助诊断信息的原位杂交用单一探针试剂",25003,"8号染色体着丝粒探针试剂","在常规染色基础上进行原位杂交染色，为医师提供诊断的辅助信息，不得用于指导临床用药或伴随诊断。","Ⅰ"
1734,25,"仅提供辅助诊断信息的原位杂交用单一探针试剂",25004,"11号染色体着丝粒探针试剂","在常规染色基础上进行原位杂交染色，为医师提供诊断的辅助信息，不得用于指导临床用药或伴随诊断。","Ⅰ"
1735,25,"仅提供辅助诊断信息的原位杂交用单一探针试剂",25005,"17号染色体着丝粒探针试剂","在常规染色基础上进行原位杂交染色，为医师提供诊断的辅助信息，不得用于指导临床用药或伴随诊断。","Ⅰ"
1736,25,"仅提供辅助诊断信息的原位杂交用单一探针试剂",25006,"19p13.3基因缺失探针试剂","在常规染色基础上进行原位杂交染色，为医师提供诊断的辅助信息，不得用于指导临床用药或伴随诊断。","Ⅰ"
1737,25,"仅提供辅助诊断信息的原位杂交用单一探针试剂",25007,"19q13.42基因扩增探针试剂","在常规染色基础上进行原位杂交染色，为医师提供诊断的辅助信息，不得用于指导临床用药或伴随诊断。","Ⅰ"
1738,25,"仅提供辅助诊断信息的原位杂交用单一探针试剂",25008,"1q21基因扩增探针试剂","在常规染色基础上进行原位杂交染色，为医师提供诊断的辅助信息，不得用于指导临床用药或伴随诊断。","Ⅰ"
1739,25,"仅提供辅助诊断信息的原位杂交用单一探针试剂",25009,"1q基因扩增探针试剂","在常规染色基础上进行原位杂交染色，为医师提供诊断的辅助信息，不得用于指导临床用药或伴随诊断。","Ⅰ"
1740,25,"仅提供辅助诊断信息的原位杂交用单一探针试剂",25010,"20q11基因探针试剂","在常规染色基础上进行原位杂交染色，为医师提供诊断的辅助信息，不得用于指导临床用药或伴随诊断。","Ⅰ"
1741,25,"仅提供辅助诊断信息的原位杂交用单一探针试剂",25011,"2p基因缺失探针试剂","在常规染色基础上进行原位杂交染色，为医师提供诊断的辅助信息，不得用于指导临床用药或伴随诊断。","Ⅰ"
1742,25,"仅提供辅助诊断信息的原位杂交用单一探针试剂",25012,"5q33.3基因探针试剂","在常规染色基础上进行原位杂交染色，为医师提供诊断的辅助信息，不得用于指导临床用药或伴随诊断。","Ⅰ"
1743,25,"仅提供辅助诊断信息的原位杂交用单一探针试剂",25013,"6q27（MLLT4）基因缺失探针试剂","在常规染色基础上进行原位杂交染色，为医师提供诊断的辅助信息，不得用于指导临床用药或伴随诊断。","Ⅰ"
1744,25,"仅提供辅助诊断信息的原位杂交用单一探针试剂",25014,"ABL1（9q34）基因断裂探针试剂","在常规染色基础上进行原位杂交染色，为医师提供诊断的辅助信息，不得用于指导临床用药或伴随诊断。","Ⅰ"
1745,25,"仅提供辅助诊断信息的原位杂交用单一探针试剂",25015,"ABL2（1q25）基因断裂探针试剂","在常规染色基础上进行原位杂交染色，为医师提供诊断的辅助信息，不得用于指导临床用药或伴随诊断。","Ⅰ"
1746,25,"仅提供辅助诊断信息的原位杂交用单一探针试剂",25016,"ALK（2p23）基因扩增探针试剂","在常规染色基础上进行原位杂交染色，为医师提供诊断的辅助信息，不得用于指导临床用药或伴随诊断。不用于ALK基因融合或基因重排的检测。","Ⅰ"
1747,25,"仅提供辅助诊断信息的原位杂交用单一探针试剂",25017,"BCL2（18q21）基因断裂探针试剂","在常规染色基础上进行原位杂交染色，为医师提供诊断的辅助信息，不得用于指导临床用药或伴随诊断。","Ⅰ"
1748,25,"仅提供辅助诊断信息的原位杂交用单一探针试剂",25018,"BCL-2探针试剂","在常规染色基础上进行原位杂交染色，为医师提供诊断的辅助信息，不得用于指导临床用药或伴随诊断。","Ⅰ"
1749,25,"仅提供辅助诊断信息的原位杂交用单一探针试剂",25019,"BCOR（Xp11.4）基因断裂探针试剂","在常规染色基础上进行原位杂交染色，为医师提供诊断的辅助信息，不得用于指导临床用药或伴随诊断。","Ⅰ"
1750,25,"仅提供辅助诊断信息的原位杂交用单一探针试剂",25020,"BEND2（Xp22）基因断裂探针试剂","在常规染色基础上进行原位杂交染色，为医师提供诊断的辅助信息，不得用于指导临床用药或伴随诊断。","Ⅰ"
1751,25,"仅提供辅助诊断信息的原位杂交用单一探针试剂",25021,"BRAF（7q34）基因断裂探针试剂","在常规染色基础上进行原位杂交染色，为医师提供诊断的辅助信息，不得用于指导临床用药或伴随诊断。","Ⅰ"
1752,25,"仅提供辅助诊断信息的原位杂交用单一探针试剂",25022,"BRAF/KIAA1549融合基因t（7；7）探针试剂","在常规染色基础上进行原位杂交染色，为医师提供诊断的辅助信息，不得用于指导临床用药或伴随诊断。","Ⅰ"
1753,25,"仅提供辅助诊断信息的原位杂交用单一探针试剂",25023,"C11ORF95（11q13）基因断裂探针试剂","在常规染色基础上进行原位杂交染色，为医师提供诊断的辅助信息，不得用于指导临床用药或伴随诊断。","Ⅰ"
1754,25,"仅提供辅助诊断信息的原位杂交用单一探针试剂",25024,"C11ORF95/RELA融合基因t（11；11）探针试剂","在常规染色基础上进行原位杂交染色，为医师提供诊断的辅助信息，不得用于指导临床用药或伴随诊断。","Ⅰ"
1755,25,"仅提供辅助诊断信息的原位杂交用单一探针试剂",25025,"C19MC（19q13.42）基因扩增探针试剂","在常规染色基础上进行原位杂交染色，为医师提供诊断的辅助信息，不得用于指导临床用药或伴随诊断。","Ⅰ"
1756,25,"仅提供辅助诊断信息的原位杂交用单一探针试剂",25026,"CAMTA1（1p36）基因断裂探针试剂","在常规染色基础上进行原位杂交染色，为医师提供诊断的辅助信息，不得用于指导临床用药或伴随诊断。","Ⅰ"
1757,25,"仅提供辅助诊断信息的原位杂交用单一探针试剂",25027,"CCND2（12p13）基因断裂探针试剂","在常规染色基础上进行原位杂交染色，为医师提供诊断的辅助信息，不得用于指导临床用药或伴随诊断。","Ⅰ"
1758,25,"仅提供辅助诊断信息的原位杂交用单一探针试剂",25028,"CDH1（16q22）基因缺失探针试剂","在常规染色基础上进行原位杂交染色，为医师提供诊断的辅助信息，不得用于指导临床用药或伴随诊断。","Ⅰ"
1759,25,"仅提供辅助诊断信息的原位杂交用单一探针试剂",25029,"CDK6（7q21）基因扩增探针试剂","在常规染色基础上进行原位杂交染色，为医师提供诊断的辅助信息，不得用于指导临床用药或伴随诊断。","Ⅰ"
1760,25,"仅提供辅助诊断信息的原位杂交用单一探针试剂",25030,"CHD1（5q15-q21）基因缺失探针试剂","在常规染色基础上进行原位杂交染色，为医师提供诊断的辅助信息，不得用于指导临床用药或伴随诊断。","Ⅰ"
1761,25,"仅提供辅助诊断信息的原位杂交用单一探针试剂",25031,"CIC（19q13）基因断裂探针试剂","在常规染色基础上进行原位杂交染色，为医师提供诊断的辅助信息，不得用于指导临床用药或伴随诊断。","Ⅰ"
1762,25,"仅提供辅助诊断信息的原位杂交用单一探针试剂",25032,"环氧化酶2（COX-2）探针试剂","在常规染色基础上进行原位杂交染色，为医师提供诊断的辅助信息，不得用于指导临床用药或伴随诊断。","Ⅰ"
1763,25,"仅提供辅助诊断信息的原位杂交用单一探针试剂",25033,"CRTC1（19p13）基因断裂探针试剂","在常规染色基础上进行原位杂交染色，为医师提供诊断的辅助信息，不得用于指导临床用药或伴随诊断。","Ⅰ"
1764,25,"仅提供辅助诊断信息的原位杂交用单一探针试剂",25034,"CSF1（1p13）基因断裂探针试剂","在常规染色基础上进行原位杂交染色，为医师提供诊断的辅助信息，不得用于指导临床用药或伴随诊断。","Ⅰ"
1765,25,"仅提供辅助诊断信息的原位杂交用单一探针试剂",25035,"CSF1R（5q32）基因断裂探针试剂","在常规染色基础上进行原位杂交染色，为医师提供诊断的辅助信息，不得用于指导临床用药或伴随诊断。","Ⅰ"
1766,25,"仅提供辅助诊断信息的原位杂交用单一探针试剂",25036,"CTNNB1（3p22）基因缺失探针试剂","在常规染色基础上进行原位杂交染色，为医师提供诊断的辅助信息，不得用于指导临床用药或伴随诊断。","Ⅰ"
1767,25,"仅提供辅助诊断信息的原位杂交用单一探针试剂",25037,"D11S1037（11q25）基因缺失探针试剂","在常规染色基础上进行原位杂交染色，为医师提供诊断的辅助信息，不得用于指导临床用药或伴随诊断。","Ⅰ"
1768,25,"仅提供辅助诊断信息的原位杂交用单一探针试剂",25038,"D13S25（13q14）基因缺失探针试剂","在常规染色基础上进行原位杂交染色，为医师提供诊断的辅助信息，不得用于指导临床用药或伴随诊断。","Ⅰ"
1769,25,"仅提供辅助诊断信息的原位杂交用单一探针试剂",25039,"D13S319基因缺失探针试剂","在常规染色基础上进行原位杂交染色，为医师提供诊断的辅助信息，不得用于指导临床用药或伴随诊断。","Ⅰ"
1770,25,"仅提供辅助诊断信息的原位杂交用单一探针试剂",25040,"D16S2621（16q24.2）基因缺失探针试剂","在常规染色基础上进行原位杂交染色，为医师提供诊断的辅助信息，不得用于指导临床用药或伴随诊断。","Ⅰ"
1771,25,"仅提供辅助诊断信息的原位杂交用单一探针试剂",25041,"DDIT3（12q13）基因扩增探针试剂","在常规染色基础上进行原位杂交染色，为医师提供诊断的辅助信息，不得用于指导临床用药或伴随诊断。","Ⅰ"
1772,25,"仅提供辅助诊断信息的原位杂交用单一探针试剂",25042,"DUX4（4q35）基因断裂探针试剂","在常规染色基础上进行原位杂交染色，为医师提供诊断的辅助信息，不得用于指导临床用药或伴随诊断。","Ⅰ"
1773,25,"仅提供辅助诊断信息的原位杂交用单一探针试剂",25043,"EBER探针试剂","在常规染色基础上进行原位杂交染色，为医师提供诊断的辅助信息，不得用于指导临床用药或伴随诊断。","Ⅰ"
1774,25,"仅提供辅助诊断信息的原位杂交用单一探针试剂",25044,"EP400（12q24）基因断裂探针试剂","在常规染色基础上进行原位杂交染色，为医师提供诊断的辅助信息，不得用于指导临床用药或伴随诊断。","Ⅰ"
1775,25,"仅提供辅助诊断信息的原位杂交用单一探针试剂",25045,"EPOR（19p13）基因断裂探针试剂","在常规染色基础上进行原位杂交染色，为医师提供诊断的辅助信息，不得用于指导临床用药或伴随诊断。","Ⅰ"
1776,25,"仅提供辅助诊断信息的原位杂交用单一探针试剂",25046,"ERG（21q22）基因断裂探针试剂","在常规染色基础上进行原位杂交染色，为医师提供诊断的辅助信息，不得用于指导临床用药或伴随诊断。","Ⅰ"
1777,25,"仅提供辅助诊断信息的原位杂交用单一探针试剂",25047,"ESR1（6q25）基因扩增探针试剂","在常规染色基础上进行原位杂交染色，为医师提供诊断的辅助信息，不得用于指导临床用药或伴随诊断。","Ⅰ"
1778,25,"仅提供辅助诊断信息的原位杂交用单一探针试剂",25048,"ETV4（17q21）基因断裂探针试剂","在常规染色基础上进行原位杂交染色，为医师提供诊断的辅助信息，不得用于指导临床用药或伴随诊断。","Ⅰ"
1779,25,"仅提供辅助诊断信息的原位杂交用单一探针试剂",25049,"ETV6/NTRK3融合基因t（12；15）探针试剂","在常规染色基础上进行原位杂交染色，为医师提供诊断的辅助信息，不得用于指导临床用药或伴随诊断。","Ⅰ"
1780,25,"仅提供辅助诊断信息的原位杂交用单一探针试剂",25050,"EWSR1/ATF1融合基因t（12；22）探针试剂","在常规染色基础上进行原位杂交染色，为医师提供诊断的辅助信息，不得用于指导临床用药或伴随诊断。","Ⅰ"
1781,25,"仅提供辅助诊断信息的原位杂交用单一探针试剂",25051,"EWSR1/CREB1融合基因t（2；22）探针试剂","在常规染色基础上进行原位杂交染色，为医师提供诊断的辅助信息，不得用于指导临床用药或伴随诊断。","Ⅰ"
1782,25,"仅提供辅助诊断信息的原位杂交用单一探针试剂",25052,"EWSR1/FLI1融合基因t（11；22）探针试剂","在常规染色基础上进行原位杂交染色，为医师提供诊断的辅助信息，不得用于指导临床用药或伴随诊断。","Ⅰ"
1783,25,"仅提供辅助诊断信息的原位杂交用单一探针试剂",25053,"FGFR2（10q26）基因断裂探针试剂","在常规染色基础上进行原位杂交染色，为医师提供诊断的辅助信息，不得用于指导临床用药或伴随诊断。","Ⅰ"
1784,25,"仅提供辅助诊断信息的原位杂交用单一探针试剂",25054,"FOS（14q24）基因断裂探针试剂","在常规染色基础上进行原位杂交染色，为医师提供诊断的辅助信息，不得用于指导临床用药或伴随诊断。","Ⅰ"
1785,25,"仅提供辅助诊断信息的原位杂交用单一探针试剂",25055,"FOSB（19q13）基因断裂探针试剂","在常规染色基础上进行原位杂交染色，为医师提供诊断的辅助信息，不得用于指导临床用药或伴随诊断。","Ⅰ"
1786,25,"仅提供辅助诊断信息的原位杂交用单一探针试剂",25056,"FOXR2（Xp11）基因断裂探针试剂","在常规染色基础上进行原位杂交染色，为医师提供诊断的辅助信息，不得用于指导临床用药或伴随诊断。","Ⅰ"
1787,25,"仅提供辅助诊断信息的原位杂交用单一探针试剂",25057,"FRS2（12q15）基因扩增探针试剂","在常规染色基础上进行原位杂交染色，为医师提供诊断的辅助信息，不得用于指导临床用药或伴随诊断。","Ⅰ"
1788,25,"仅提供辅助诊断信息的原位杂交用单一探针试剂",25058,"GLI1（12q13）基因断裂探针试剂","在常规染色基础上进行原位杂交染色，为医师提供诊断的辅助信息，不得用于指导临床用药或伴随诊断。","Ⅰ"
1789,25,"仅提供辅助诊断信息的原位杂交用单一探针试剂",25059,"GLUT-1探针试剂","在常规染色基础上进行原位杂交染色，为医师提供诊断的辅助信息，不得用于指导临床用药或伴随诊断。","Ⅰ"
1790,25,"仅提供辅助诊断信息的原位杂交用单一探针试剂",25060,"GNAS印迹基因探针试剂","在常规染色基础上进行原位杂交染色，为医师提供诊断的辅助信息，不得用于指导临床用药或伴随诊断。","Ⅰ"
1791,25,"仅提供辅助诊断信息的原位杂交用单一探针试剂",25061,"Hepatocyte探针试剂","在常规染色基础上进行原位杂交染色，为医师提供诊断的辅助信息，不得用于指导临床用药或伴随诊断。","Ⅰ"
1792,25,"仅提供辅助诊断信息的原位杂交用单一探针试剂",25062,"HMGA2（12q14）基因断裂探针试剂","在常规染色基础上进行原位杂交染色，为医师提供诊断的辅助信息，不得用于指导临床用药或伴随诊断。","Ⅰ"
1793,25,"仅提供辅助诊断信息的原位杂交用单一探针试剂",25063,"hWAPL（10q23）基因扩增探针试剂","在常规染色基础上进行原位杂交染色，为医师提供诊断的辅助信息，不得用于指导临床用药或伴随诊断。","Ⅰ"
1794,25,"仅提供辅助诊断信息的原位杂交用单一探针试剂",25064,"i（17q）基因探针试剂","在常规染色基础上进行原位杂交染色，为医师提供诊断的辅助信息，不得用于指导临床用药或伴随诊断。","Ⅰ"
1795,25,"仅提供辅助诊断信息的原位杂交用单一探针试剂",25065,"IRF4（6p25）基因断裂探针试剂","在常规染色基础上进行原位杂交染色，为医师提供诊断的辅助信息，不得用于指导临床用药或伴随诊断。","Ⅰ"
1796,25,"仅提供辅助诊断信息的原位杂交用单一探针试剂",25066,"JAZF1（7p15）基因断裂探针试剂","在常规染色基础上进行原位杂交染色，为医师提供诊断的辅助信息，不得用于指导临床用药或伴随诊断。","Ⅰ"
1797,25,"仅提供辅助诊断信息的原位杂交用单一探针试剂",25067,"KMT2A（11q23）基因缺失探针试剂","在常规染色基础上进行原位杂交染色，为医师提供诊断的辅助信息，不得用于指导临床用药或伴随诊断。","Ⅰ"
1798,25,"仅提供辅助诊断信息的原位杂交用单一探针试剂",25068,"MALAT1（11q13）基因断裂探针试剂","在常规染色基础上进行原位杂交染色，为医师提供诊断的辅助信息，不得用于指导临床用药或伴随诊断。","Ⅰ"
1799,25,"仅提供辅助诊断信息的原位杂交用单一探针试剂",25069,"MAML2（11q21）基因断裂探针试剂","在常规染色基础上进行原位杂交染色，为医师提供诊断的辅助信息，不得用于指导临床用药或伴随诊断。","Ⅰ"
1800,25,"仅提供辅助诊断信息的原位杂交用单一探针试剂",25070,"MEF2D（1q22）基因断裂探针试剂","在常规染色基础上进行原位杂交染色，为医师提供诊断的辅助信息，不得用于指导临床用药或伴随诊断。","Ⅰ"
1801,25,"仅提供辅助诊断信息的原位杂交用单一探针试剂",25071,"MGEA5（10q24）基因断裂探针试剂","在常规染色基础上进行原位杂交染色，为医师提供诊断的辅助信息，不得用于指导临床用药或伴随诊断。","Ⅰ"
1802,25,"仅提供辅助诊断信息的原位杂交用单一探针试剂",25072,"MLAA-34（13q14）基因扩增探针试剂","在常规染色基础上进行原位杂交染色，为医师提供诊断的辅助信息，不得用于指导临床用药或伴随诊断。","Ⅰ"
1803,25,"仅提供辅助诊断信息的原位杂交用单一探针试剂",25073,"MN1（22q12）基因断裂探针试剂","在常规染色基础上进行原位杂交染色，为医师提供诊断的辅助信息，不得用于指导临床用药或伴随诊断。","Ⅰ"
1804,25,"仅提供辅助诊断信息的原位杂交用单一探针试剂",25074,"MYC（8q24）基因扩增探针试剂","在常规染色基础上进行原位杂交染色，为医师提供诊断的辅助信息，不得用于指导临床用药或伴随诊断。","Ⅰ"
1805,25,"仅提供辅助诊断信息的原位杂交用单一探针试剂",25075,"NCOA2（8q13）基因断裂探针试剂","在常规染色基础上进行原位杂交染色，为医师提供诊断的辅助信息，不得用于指导临床用药或伴随诊断。","Ⅰ"
1806,25,"仅提供辅助诊断信息的原位杂交用单一探针试剂",25076,"NCOA3（20q13）基因断裂探针试剂","在常规染色基础上进行原位杂交染色，为医师提供诊断的辅助信息，不得用于指导临床用药或伴随诊断。","Ⅰ"
1807,25,"仅提供辅助诊断信息的原位杂交用单一探针试剂",25077,"NFIB（9p23-p22.3）基因断裂探针试剂","在常规染色基础上进行原位杂交染色，为医师提供诊断的辅助信息，不得用于指导临床用药或伴随诊断。","Ⅰ"
1808,25,"仅提供辅助诊断信息的原位杂交用单一探针试剂",25078,"NONO/TFE3融合基因t（X；X）探针试剂","在常规染色基础上进行原位杂交染色，为医师提供诊断的辅助信息，不得用于指导临床用药或伴随诊断。","Ⅰ"
1809,25,"仅提供辅助诊断信息的原位杂交用单一探针试剂",25079,"NR4A3（9q22）基因断裂探针试剂","在常规染色基础上进行原位杂交染色，为医师提供诊断的辅助信息，不得用于指导临床用药或伴随诊断。","Ⅰ"
1810,25,"仅提供辅助诊断信息的原位杂交用单一探针试剂",25080,"NTRK3（15q25）基因断裂探针试剂","在常规染色基础上进行原位杂交染色，为医师提供诊断的辅助信息，不得用于指导临床用药或伴随诊断。","Ⅰ"
1811,25,"仅提供辅助诊断信息的原位杂交用单一探针试剂",25081,"NUP98（11p15）基因断裂探针试剂","在常规染色基础上进行原位杂交染色，为医师提供诊断的辅助信息，不得用于指导临床用药或伴随诊断。","Ⅰ"
1812,25,"仅提供辅助诊断信息的原位杂交用单一探针试剂",25082,"NUT（15q14）基因断裂探针试剂","在常规染色基础上进行原位杂交染色，为医师提供诊断的辅助信息，不得用于指导临床用药或伴随诊断。","Ⅰ"
1813,25,"仅提供辅助诊断信息的原位杂交用单一探针试剂",25083,"p16基因探针试剂","在常规染色基础上进行原位杂交染色，为医师提供诊断的辅助信息，不得用于指导临床用药或伴随诊断。","Ⅰ"
1814,25,"仅提供辅助诊断信息的原位杂交用单一探针试剂",25084,"PAX3（2q36）基因断裂探针试剂","在常规染色基础上进行原位杂交染色，为医师提供诊断的辅助信息，不得用于指导临床用药或伴随诊断。","Ⅰ"
1815,25,"仅提供辅助诊断信息的原位杂交用单一探针试剂",25085,"PAX5/IGH融合基因t（9；14）探针试剂","在常规染色基础上进行原位杂交染色，为医师提供诊断的辅助信息，不得用于指导临床用药或伴随诊断。","Ⅰ"
1816,25,"仅提供辅助诊断信息的原位杂交用单一探针试剂",25086,"PDGFB（22q13）基因断裂探针试剂","在常规染色基础上进行原位杂交染色，为医师提供诊断的辅助信息，不得用于指导临床用药或伴随诊断。","Ⅰ"
1817,25,"仅提供辅助诊断信息的原位杂交用单一探针试剂",25087,"PD-L1（9p24）基因断裂探针试剂","在常规染色基础上进行原位杂交染色，为医师提供诊断的辅助信息，不得用于指导临床用药或伴随诊断。","Ⅰ"
1818,25,"仅提供辅助诊断信息的原位杂交用单一探针试剂",25088,"PD-L2（9p24）基因扩增探针试剂","在常规染色基础上进行原位杂交染色，为医师提供诊断的辅助信息，不得用于指导临床用药或伴随诊断。","Ⅰ"
1819,25,"仅提供辅助诊断信息的原位杂交用单一探针试剂",25089,"PLAG1（8q12）基因断裂探针试剂","在常规染色基础上进行原位杂交染色，为医师提供诊断的辅助信息，不得用于指导临床用药或伴随诊断。","Ⅰ"
1820,25,"仅提供辅助诊断信息的原位杂交用单一探针试剂",25090,"PLXNA1基因异常检测试剂","在常规染色基础上进行原位杂交染色，为医师提供诊断的辅助信息，不得用于指导临床用药或伴随诊断。","Ⅰ"
1821,25,"仅提供辅助诊断信息的原位杂交用单一探针试剂",25091,"PPARγ（3p25）基因断裂探针试剂","在常规染色基础上进行原位杂交染色，为医师提供诊断的辅助信息，不得用于指导临床用药或伴随诊断。","Ⅰ"
1822,25,"仅提供辅助诊断信息的原位杂交用单一探针试剂",25092,"PRCC/TFE3融合基因t（X；1）探针试剂","在常规染色基础上进行原位杂交染色，为医师提供诊断的辅助信息，不得用于指导临床用药或伴随诊断。","Ⅰ"
1823,25,"仅提供辅助诊断信息的原位杂交用单一探针试剂",25093,"PRDM10（11q24）基因断裂探针试剂","在常规染色基础上进行原位杂交染色，为医师提供诊断的辅助信息，不得用于指导临床用药或伴随诊断。","Ⅰ"
1824,25,"仅提供辅助诊断信息的原位杂交用单一探针试剂",25094,"PRKACA（19p13）基因断裂探针试剂","在常规染色基础上进行原位杂交染色，为医师提供诊断的辅助信息，不得用于指导临床用药或伴随诊断。","Ⅰ"
1825,25,"仅提供辅助诊断信息的原位杂交用单一探针试剂",25095,"PTPRZ1/C-MET融合基因t（7；7）探针试剂","在常规染色基础上进行原位杂交染色，为医师提供诊断的辅助信息，不得用于指导临床用药或伴随诊断。","Ⅰ"
1826,25,"仅提供辅助诊断信息的原位杂交用单一探针试剂",25096,"RAD21（8q24）基因扩增探针试剂","在常规染色基础上进行原位杂交染色，为医师提供诊断的辅助信息，不得用于指导临床用药或伴随诊断。","Ⅰ"
1827,25,"仅提供辅助诊断信息的原位杂交用单一探针试剂",25097,"RB1（13q14）/ATM（11q22）基因缺失探针试剂","在常规染色基础上进行原位杂交染色，为医师提供诊断的辅助信息，不得用于指导临床用药或伴随诊断。","Ⅰ"
1828,25,"仅提供辅助诊断信息的原位杂交用单一探针试剂",25098,"RB1/1q21基因探针试剂","在常规染色基础上进行原位杂交染色，为医师提供诊断的辅助信息，不得用于指导临床用药或伴随诊断。","Ⅰ"
1829,25,"仅提供辅助诊断信息的原位杂交用单一探针试剂",25099,"RELA（11q13）基因断裂探针试剂","在常规染色基础上进行原位杂交染色，为医师提供诊断的辅助信息，不得用于指导临床用药或伴随诊断。","Ⅰ"
1830,25,"仅提供辅助诊断信息的原位杂交用单一探针试剂",25100,"SMARCB1（22q11）基因缺失探针试剂","在常规染色基础上进行原位杂交染色，为医师提供诊断的辅助信息，不得用于指导临床用药或伴随诊断。","Ⅰ"
1831,25,"仅提供辅助诊断信息的原位杂交用单一探针试剂",25101,"SOX2（3q26）基因扩增探针试剂","在常规染色基础上进行原位杂交染色，为医师提供诊断的辅助信息，不得用于指导临床用药或伴随诊断。","Ⅰ"
1832,25,"仅提供辅助诊断信息的原位杂交用单一探针试剂",25102,"SRD（1p36）基因缺失探针试剂","在常规染色基础上进行原位杂交染色，为医师提供诊断的辅助信息，不得用于指导临床用药或伴随诊断。","Ⅰ"
1833,25,"仅提供辅助诊断信息的原位杂交用单一探针试剂",25103,"STAT6（12q13）基因扩增探针试剂","在常规染色基础上进行原位杂交染色，为医师提供诊断的辅助信息，不得用于指导临床用药或伴随诊断。","Ⅰ"
1834,25,"仅提供辅助诊断信息的原位杂交用单一探针试剂",25104,"TERC基因扩增探针试剂","在常规染色基础上进行原位杂交染色，为医师提供诊断的辅助信息，不得用于指导临床用药或伴随诊断。","Ⅰ"
1835,25,"仅提供辅助诊断信息的原位杂交用单一探针试剂",25105,"TERT（5p15）基因断裂探针试剂","在常规染色基础上进行原位杂交染色，为医师提供诊断的辅助信息，不得用于指导临床用药或伴随诊断。","Ⅰ"
1836,25,"仅提供辅助诊断信息的原位杂交用单一探针试剂",25106,"TFEB（6p21）基因断裂探针试剂","在常规染色基础上进行原位杂交染色，为医师提供诊断的辅助信息，不得用于指导临床用药或伴随诊断。","Ⅰ"
1837,25,"仅提供辅助诊断信息的原位杂交用单一探针试剂",25107,"TLX1（10q24）基因断裂探针试剂","在常规染色基础上进行原位杂交染色，为医师提供诊断的辅助信息，不得用于指导临床用药或伴随诊断。","Ⅰ"
1838,25,"仅提供辅助诊断信息的原位杂交用单一探针试剂",25108,"TNFAIP3（6q23）基因缺失探针试剂","在常规染色基础上进行原位杂交染色，为医师提供诊断的辅助信息，不得用于指导临床用药或伴随诊断。","Ⅰ"
1839,25,"仅提供辅助诊断信息的原位杂交用单一探针试剂",25109,"TP63（3q28）基因断裂探针试剂","在常规染色基础上进行原位杂交染色，为医师提供诊断的辅助信息，不得用于指导临床用药或伴随诊断。","Ⅰ"
1840,25,"仅提供辅助诊断信息的原位杂交用单一探针试剂",25110,"TRA/TRD（14q11）基因断裂探针试剂","在常规染色基础上进行原位杂交染色，为医师提供诊断的辅助信息，不得用于指导临床用药或伴随诊断。","Ⅰ"
1841,25,"仅提供辅助诊断信息的原位杂交用单一探针试剂",25111,"Twist基因扩增探针试剂","在常规染色基础上进行原位杂交染色，为医师提供诊断的辅助信息，不得用于指导临床用药或伴随诊断。","Ⅰ"
1842,25,"仅提供辅助诊断信息的原位杂交用单一探针试剂",25112,"USP6（17p13）基因断裂探针试剂","在常规染色基础上进行原位杂交染色，为医师提供诊断的辅助信息，不得用于指导临床用药或伴随诊断。","Ⅰ"
1843,25,"仅提供辅助诊断信息的原位杂交用单一探针试剂",25113,"WT1（11p13）基因断裂探针试剂","在常规染色基础上进行原位杂交染色，为医师提供诊断的辅助信息，不得用于指导临床用药或伴随诊断。","Ⅰ"
1844,25,"仅提供辅助诊断信息的原位杂交用单一探针试剂",25114,"WWTR1（3q25）基因断裂探针试剂","在常规染色基础上进行原位杂交染色，为医师提供诊断的辅助信息，不得用于指导临床用药或伴随诊断。","Ⅰ"
1845,25,"仅提供辅助诊断信息的原位杂交用单一探针试剂",25115,"WWTR1/CAMTA1融合基因t （1；3）探针试剂","在常规染色基础上进行原位杂交染色，为医师提供诊断的辅助信息，不得用于指导临床用药或伴随诊断。","Ⅰ"
1846,25,"仅提供辅助诊断信息的原位杂交用单一探针试剂",25116,"YWHAE（17p13）基因断裂探针试剂","在常规染色基础上进行原位杂交染色，为医师提供诊断的辅助信息，不得用于指导临床用药或伴随诊断。","Ⅰ"
1847,25,"仅提供辅助诊断信息的原位杂交用单一探针试剂",25117,"ZNF384（12p13）基因断裂探针试剂","在常规染色基础上进行原位杂交染色，为医师提供诊断的辅助信息，不得用于指导临床用药或伴随诊断。","Ⅰ"
1848,25,"仅提供辅助诊断信息的原位杂交用单一探针试剂",25118,"TOP2A基因扩增探针试剂","在常规染色基础上进行原位杂交染色，为医师提供诊断的辅助信息，不得用于指导临床用药或伴随诊断。","Ⅰ"
1849,25,"仅提供辅助诊断信息的原位杂交用单一探针试剂",25119,"κ轻链（Kappa轻链）探针试剂","在常规染色基础上进行原位杂交染色，为医师提供诊断的辅助信息，不得用于指导临床用药或伴随诊断。","Ⅰ"
1850,25,"仅提供辅助诊断信息的原位杂交用单一探针试剂",25120,"λ轻链（Lambda轻链）探针试剂","在常规染色基础上进行原位杂交染色，为医师提供诊断的辅助信息，不得用于指导临床用药或伴随诊断。","Ⅰ"
1851,25,"仅提供辅助诊断信息的原位杂交用单一探针试剂",25121,"人乳头瘤病毒（HPV）探针试剂","在常规染色基础上进行原位杂交染色，为医师提供诊断的辅助信息，不得用于指导临床用药或伴随诊断。","Ⅰ"
1852,25,"仅提供辅助诊断信息的原位杂交用单一探针试剂",25122,"巨细胞病毒（CMV）DNA探针试剂","在常规染色基础上进行原位杂交染色，为医师提供诊断的辅助信息，不得用于指导临床用药或伴随诊断。","Ⅰ"
